frame_idx,ground_truth,action_score_propagated,is_retained_tier
0,0,0.4769361913204193,1
1,0,0.4769361913204193,0
2,0,0.4769361913204193,0
3,0,0.4769361913204193,0
4,0,0.4769361913204193,0
5,0,0.4769361913204193,0
6,0,0.4769361913204193,0
7,0,0.4769361913204193,0
8,0,0.4769361913204193,0
9,0,0.4769361913204193,0
10,0,0.4769361913204193,0
11,0,0.4769361913204193,0
12,0,0.4769361913204193,0
13,0,0.4769361913204193,0
14,0,0.4769361913204193,0
15,0,0.4769361913204193,0
16,0,0.4769361913204193,0
17,0,0.4769361913204193,0
18,0,0.4769361913204193,0
19,0,0.4769361913204193,0
20,0,0.4769361913204193,0
21,0,0.4769361913204193,0
22,0,0.4769361913204193,0
23,0,0.4769361913204193,0
24,0,0.4769361913204193,0
25,0,0.4769361913204193,0
26,0,0.3374367356300354,1
27,0,0.3374367356300354,0
28,0,0.3374367356300354,0
29,0,0.3374367356300354,0
30,0,0.3374367356300354,0
31,0,0.21819281578063965,1
32,0,0.21819281578063965,0
33,0,0.21819281578063965,0
34,0,0.21819281578063965,0
35,0,0.21819281578063965,0
36,0,0.21819281578063965,0
37,0,0.21819281578063965,0
38,0,0.21819281578063965,0
39,0,0.21819281578063965,0
40,0,0.21819281578063965,0
41,0,0.21819281578063965,0
42,0,0.21819281578063965,0
43,0,0.21819281578063965,0
44,0,0.21819281578063965,0
45,0,0.21819281578063965,0
46,0,0.18496891856193542,1
47,0,0.18496891856193542,0
48,0,0.18496891856193542,0
49,0,0.18496891856193542,0
50,0,0.18496891856193542,0
51,0,0.18496891856193542,0
52,0,0.18496891856193542,0
53,0,0.18496891856193542,0
54,0,0.18496891856193542,0
55,0,0.18496891856193542,0
56,0,0.3774263560771942,1
57,0,0.3774263560771942,0
58,0,0.3774263560771942,0
59,0,0.3774263560771942,0
60,0,0.3774263560771942,0
61,0,0.24872121214866638,1
62,0,0.24872121214866638,0
63,0,0.24872121214866638,0
64,0,0.24872121214866638,0
65,0,0.24872121214866638,0
66,0,0.24872121214866638,0
67,0,0.24872121214866638,0
68,0,0.24872121214866638,0
69,0,0.24872121214866638,0
70,0,0.24872121214866638,0
71,0,0.24872121214866638,0
72,0,0.24872121214866638,0
73,0,0.24872121214866638,0
74,0,0.24872121214866638,0
75,0,0.24872121214866638,0
76,0,0.2068808376789093,1
77,0,0.2068808376789093,0
78,0,0.2068808376789093,0
79,0,0.2068808376789093,0
80,0,0.2068808376789093,0
81,0,0.2068808376789093,0
82,0,0.2068808376789093,0
83,0,0.2068808376789093,0
84,0,0.2068808376789093,0
85,0,0.2068808376789093,0
86,0,0.37744322419166565,1
87,0,0.37744322419166565,0
88,0,0.37744322419166565,0
89,0,0.37744322419166565,0
90,0,0.37744322419166565,0
91,0,0.24812176823616028,1
92,0,0.24812176823616028,0
93,0,0.24812176823616028,0
94,0,0.24812176823616028,0
95,0,0.24812176823616028,0
96,0,0.24812176823616028,0
97,0,0.24812176823616028,0
98,0,0.24812176823616028,0
99,0,0.24812176823616028,0
100,0,0.24812176823616028,0
101,0,0.24812176823616028,0
102,0,0.24812176823616028,0
103,0,0.24812176823616028,0
104,0,0.24812176823616028,0
105,0,0.2137196958065033,1
106,0,0.2137196958065033,0
107,0,0.2137196958065033,0
108,0,0.2137196958065033,0
109,0,0.2137196958065033,0
110,0,0.2137196958065033,0
111,0,0.2137196958065033,0
112,0,0.2137196958065033,0
113,0,0.2137196958065033,0
114,0,0.2137196958065033,0
115,0,0.2137196958065033,0
116,0,0.3987172842025757,1
117,0,0.3987172842025757,0
118,0,0.3987172842025757,0
119,0,0.3987172842025757,0
120,0,0.3987172842025757,0
121,0,0.23196327686309814,1
122,0,0.23196327686309814,0
123,0,0.23196327686309814,0
124,0,0.23196327686309814,0
125,0,0.23196327686309814,0
126,0,0.23196327686309814,0
127,0,0.23196327686309814,0
128,0,0.23196327686309814,0
129,0,0.23196327686309814,0
130,0,0.23196327686309814,0
131,0,0.23196327686309814,0
132,0,0.23196327686309814,0
133,0,0.23196327686309814,0
134,0,0.23196327686309814,0
135,0,0.23196327686309814,0
136,0,0.23196327686309814,0
137,0,0.23196327686309814,0
138,0,0.23196327686309814,0
139,0,0.23196327686309814,0
140,0,0.23196327686309814,0
141,0,0.23196327686309814,0
142,0,0.23196327686309814,0
143,0,0.23196327686309814,0
144,0,0.23196327686309814,0
145,0,0.23196327686309814,0
146,0,0.23196327686309814,0
147,0,0.23196327686309814,0
148,0,0.23196327686309814,0
149,0,0.23196327686309814,0
150,0,0.5684738755226135,1
151,0,0.20742100477218628,1
152,0,0.20742100477218628,0
153,0,0.20742100477218628,0
154,0,0.20742100477218628,0
155,0,0.20742100477218628,0
156,0,0.20742100477218628,0
157,0,0.20742100477218628,0
158,0,0.20742100477218628,0
159,0,0.20742100477218628,0
160,0,0.20742100477218628,0
161,0,0.20742100477218628,0
162,0,0.20742100477218628,0
163,0,0.20742100477218628,0
164,0,0.20742100477218628,0
165,0,0.3741030693054199,1
166,0,0.3741030693054199,0
167,0,0.3741030693054199,0
168,0,0.3741030693054199,0
169,0,0.3741030693054199,0
170,0,0.3741030693054199,0
171,0,0.3741030693054199,0
172,0,0.3741030693054199,0
173,0,0.3741030693054199,0
174,0,0.3741030693054199,0
175,0,0.3741030693054199,0
176,0,0.45657843351364136,1
177,0,0.45657843351364136,0
178,0,0.45657843351364136,0
179,0,0.45657843351364136,0
180,0,0.2123224437236786,1
181,0,0.25433385372161865,1
182,0,0.25433385372161865,0
183,0,0.25433385372161865,0
184,0,0.25433385372161865,0
185,0,0.25433385372161865,0
186,0,0.25433385372161865,0
187,0,0.25433385372161865,0
188,0,0.25433385372161865,0
189,0,0.25433385372161865,0
190,0,0.25433385372161865,0
191,0,0.25433385372161865,0
192,0,0.25433385372161865,0
193,0,0.25433385372161865,0
194,0,0.25433385372161865,0
195,0,0.32836854457855225,1
196,0,0.32836854457855225,0
197,0,0.32836854457855225,0
198,0,0.32836854457855225,0
199,0,0.32836854457855225,0
200,0,0.32836854457855225,0
201,0,0.32836854457855225,0
202,0,0.32836854457855225,0
203,0,0.32836854457855225,0
204,0,0.32836854457855225,0
205,0,0.32836854457855225,0
206,0,0.35994863510131836,1
207,0,0.2124471366405487,1
208,0,0.2124471366405487,0
209,0,0.2124471366405487,0
210,0,0.2124471366405487,0
211,0,0.2783457040786743,1
212,0,0.2783457040786743,0
213,0,0.21182143688201904,1
214,0,0.21182143688201904,0
215,0,0.21182143688201904,0
216,0,0.21182143688201904,0
217,0,0.21182143688201904,0
218,0,0.21182143688201904,0
219,0,0.21182143688201904,0
220,0,0.21182143688201904,0
221,0,0.21182143688201904,0
222,0,0.21182143688201904,0
223,0,0.21182143688201904,0
224,0,0.228766530752182,1
225,0,0.228766530752182,0
226,0,0.228766530752182,0
227,0,0.228766530752182,0
228,0,0.228766530752182,0
229,0,0.228766530752182,0
230,0,0.228766530752182,0
231,0,0.228766530752182,0
232,0,0.228766530752182,0
233,0,0.228766530752182,0
234,0,0.228766530752182,0
235,0,0.228766530752182,0
236,0,0.31650128960609436,1
237,0,0.31650128960609436,0
238,0,0.31650128960609436,0
239,0,0.31650128960609436,0
240,0,0.31650128960609436,0
241,0,0.25950887799263,1
242,0,0.25950887799263,0
243,0,0.25950887799263,0
244,0,0.25950887799263,0
245,0,0.25950887799263,0
246,0,0.25950887799263,0
247,0,0.25950887799263,0
248,0,0.25950887799263,0
249,0,0.25950887799263,0
250,0,0.8946320414543152,1
251,0,0.8946320414543152,0
252,0,0.8946320414543152,0
253,0,0.8946320414543152,0
254,0,0.8946320414543152,0
255,0,0.8946320414543152,0
256,0,0.8946320414543152,0
257,0,0.8946320414543152,0
258,0,0.8946320414543152,0
259,0,0.8946320414543152,0
260,0,0.8946320414543152,0
261,0,0.8946320414543152,0
262,0,0.8946320414543152,0
263,0,0.8946320414543152,0
264,0,0.8946320414543152,0
265,0,0.195718452334404,1
266,0,0.2989944815635681,1
267,0,0.2989944815635681,0
268,0,0.2989944815635681,0
269,0,0.2989944815635681,0
270,0,0.2989944815635681,0
271,0,0.24550551176071167,1
272,0,0.24550551176071167,0
273,0,0.24550551176071167,0
274,0,0.24550551176071167,0
275,0,0.24550551176071167,0
276,0,0.24550551176071167,0
277,0,0.24550551176071167,0
278,0,0.24550551176071167,0
279,0,0.24550551176071167,0
280,0,0.24550551176071167,0
281,0,0.24550551176071167,0
282,0,0.24550551176071167,0
283,0,0.24550551176071167,0
284,0,0.24550551176071167,0
285,0,0.24550551176071167,0
286,0,0.24550551176071167,0
287,0,0.24550551176071167,0
288,0,0.24550551176071167,0
289,0,0.24550551176071167,0
290,0,0.24550551176071167,0
291,0,0.24550551176071167,0
292,0,0.24550551176071167,0
293,0,0.24550551176071167,0
294,0,0.24550551176071167,0
295,0,0.24550551176071167,0
296,0,0.2765383720397949,1
297,0,0.2765383720397949,0
298,0,0.2765383720397949,0
299,0,0.2765383720397949,0
300,0,0.5413180589675903,1
301,0,0.5413180589675903,0
302,0,0.21333934366703033,1
303,0,0.21333934366703033,0
304,0,0.21333934366703033,0
305,0,0.21333934366703033,0
306,0,0.21333934366703033,0
307,0,0.21333934366703033,0
308,0,0.21333934366703033,0
309,0,0.21333934366703033,0
310,0,0.21333934366703033,0
311,0,0.21333934366703033,0
312,0,0.21333934366703033,0
313,0,0.21333934366703033,0
314,0,0.21333934366703033,0
315,0,0.21333934366703033,0
316,0,0.20637938380241394,1
317,0,0.20637938380241394,0
318,0,0.20637938380241394,0
319,0,0.20637938380241394,0
320,0,0.20637938380241394,0
321,0,0.20637938380241394,0
322,0,0.20637938380241394,0
323,0,0.20637938380241394,0
324,0,0.20637938380241394,0
325,0,0.20637938380241394,0
326,0,0.44135767221450806,1
327,0,0.44135767221450806,0
328,0,0.44135767221450806,0
329,0,0.44135767221450806,0
330,0,0.44135767221450806,0
331,0,0.2393638789653778,1
332,0,0.2393638789653778,0
333,0,0.2393638789653778,0
334,0,0.2393638789653778,0
335,0,0.2393638789653778,0
336,0,0.2393638789653778,0
337,0,0.2393638789653778,0
338,0,0.2393638789653778,0
339,0,0.2393638789653778,0
340,0,0.2393638789653778,0
341,0,0.2393638789653778,0
342,0,0.2393638789653778,0
343,0,0.2393638789653778,0
344,0,0.2393638789653778,0
345,0,0.2393638789653778,0
346,0,0.21201224625110626,1
347,0,0.21201224625110626,0
348,0,0.21201224625110626,0
349,0,0.21201224625110626,0
350,0,0.21201224625110626,0
351,0,0.21201224625110626,0
352,0,0.21201224625110626,0
353,0,0.21201224625110626,0
354,0,0.21201224625110626,0
355,0,0.21201224625110626,0
356,0,0.40798574686050415,1
357,0,0.40798574686050415,0
358,0,0.40798574686050415,0
359,0,0.40798574686050415,0
360,0,0.40798574686050415,0
361,0,0.25113239884376526,1
362,0,0.25113239884376526,0
363,0,0.25113239884376526,0
364,0,0.25113239884376526,0
365,0,0.25113239884376526,0
366,0,0.25113239884376526,0
367,0,0.25113239884376526,0
368,0,0.25113239884376526,0
369,0,0.25113239884376526,0
370,0,0.25113239884376526,0
371,0,0.25113239884376526,0
372,0,0.25113239884376526,0
373,0,0.25113239884376526,0
374,0,0.25113239884376526,0
375,0,0.25113239884376526,0
376,0,0.19680452346801758,1
377,0,0.19680452346801758,0
378,0,0.19680452346801758,0
379,0,0.19680452346801758,0
380,0,0.19680452346801758,0
381,0,0.19680452346801758,0
382,0,0.19680452346801758,0
383,0,0.19680452346801758,0
384,0,0.19680452346801758,0
385,0,0.19680452346801758,0
386,0,0.3986746072769165,1
387,0,0.3986746072769165,0
388,0,0.3986746072769165,0
389,0,0.3986746072769165,0
390,0,0.3986746072769165,0
391,0,0.2480916976928711,1
392,0,0.2480916976928711,0
393,0,0.2480916976928711,0
394,0,0.2480916976928711,0
395,0,0.2480916976928711,0
396,0,0.2480916976928711,0
397,0,0.2480916976928711,0
398,0,0.2480916976928711,0
399,0,0.2480916976928711,0
400,0,0.2480916976928711,0
401,0,0.2480916976928711,0
402,0,0.2480916976928711,0
403,0,0.2480916976928711,0
404,0,0.2480916976928711,0
405,0,0.2480916976928711,0
406,0,0.2132488191127777,1
407,0,0.2132488191127777,0
408,0,0.2132488191127777,0
409,0,0.2132488191127777,0
410,0,0.2132488191127777,0
411,0,0.2132488191127777,0
412,0,0.2132488191127777,0
413,0,0.2132488191127777,0
414,0,0.2132488191127777,0
415,0,0.21733543276786804,1
416,0,0.28846341371536255,1
417,0,0.28846341371536255,0
418,0,0.28846341371536255,0
419,0,0.28846341371536255,0
420,0,0.28846341371536255,0
421,0,0.23751124739646912,1
422,0,0.23751124739646912,0
423,0,0.23751124739646912,0
424,0,0.23751124739646912,0
425,0,0.23751124739646912,0
426,0,0.23751124739646912,0
427,0,0.23751124739646912,0
428,0,0.23751124739646912,0
429,0,0.23751124739646912,0
430,0,0.23751124739646912,0
431,0,0.23751124739646912,0
432,0,0.23751124739646912,0
433,0,0.23751124739646912,0
434,0,0.23751124739646912,0
435,0,0.23751124739646912,0
436,0,0.23751124739646912,0
437,0,0.23751124739646912,0
438,0,0.23751124739646912,0
439,0,0.23751124739646912,0
440,0,0.23751124739646912,0
441,0,0.23751124739646912,0
442,0,0.23751124739646912,0
443,0,0.23751124739646912,0
444,0,0.23751124739646912,0
445,0,0.23751124739646912,0
446,0,0.19801536202430725,1
447,0,0.19801536202430725,0
448,0,0.19801536202430725,0
449,0,0.19801536202430725,0
450,0,0.553807258605957,1
451,0,0.553807258605957,0
452,0,0.553807258605957,0
453,0,0.553807258605957,0
454,0,0.553807258605957,0
455,0,0.553807258605957,0
456,0,0.553807258605957,0
457,0,0.553807258605957,0
458,0,0.553807258605957,0
459,0,0.553807258605957,0
460,0,0.553807258605957,0
461,0,0.553807258605957,0
462,0,0.553807258605957,0
463,0,0.553807258605957,0
464,0,0.21673503518104553,1
465,0,0.21673503518104553,0
466,0,0.21673503518104553,0
467,0,0.21673503518104553,0
468,0,0.21673503518104553,0
469,0,0.21673503518104553,0
470,0,0.21673503518104553,0
471,0,0.21673503518104553,0
472,0,0.21673503518104553,0
473,0,0.21673503518104553,0
474,0,0.21673503518104553,0
475,0,0.21673503518104553,0
476,0,0.344413697719574,1
477,0,0.344413697719574,0
478,0,0.344413697719574,0
479,0,0.2768687605857849,1
480,0,0.2768687605857849,0
481,0,0.2768687605857849,0
482,0,0.2768687605857849,0
483,0,0.2768687605857849,0
484,0,0.2768687605857849,0
485,0,0.2768687605857849,0
486,0,0.2768687605857849,0
487,0,0.2768687605857849,0
488,0,0.2768687605857849,0
489,0,0.2768687605857849,0
490,0,0.2768687605857849,0
491,0,0.2768687605857849,0
492,0,0.2768687605857849,0
493,0,0.2768687605857849,0
494,0,0.2768687605857849,0
495,0,0.2768687605857849,0
496,0,0.22149258852005005,1
497,0,0.22149258852005005,0
498,0,0.22149258852005005,0
499,0,0.22149258852005005,0
500,0,0.8942935466766357,1
501,0,0.8942935466766357,0
502,0,0.8942935466766357,0
503,0,0.8942935466766357,0
504,0,0.8942935466766357,0
505,0,0.8942935466766357,0
506,0,0.1978970170021057,1
507,0,0.3091078996658325,1
508,0,0.3091078996658325,0
509,0,0.3091078996658325,0
510,0,0.3091078996658325,0
511,0,0.3091078996658325,0
512,0,0.23857024312019348,1
513,0,0.23857024312019348,0
514,0,0.23857024312019348,0
515,0,0.23857024312019348,0
516,0,0.23857024312019348,0
517,0,0.23857024312019348,0
518,0,0.23857024312019348,0
519,0,0.23857024312019348,0
520,0,0.23857024312019348,0
521,0,0.23857024312019348,0
522,0,0.23857024312019348,0
523,0,0.23857024312019348,0
524,0,0.23857024312019348,0
525,0,0.23857024312019348,0
526,0,0.23857024312019348,0
527,0,0.23857024312019348,0
528,0,0.23857024312019348,0
529,0,0.23857024312019348,0
530,0,0.23857024312019348,0
531,0,0.23857024312019348,0
532,0,0.23857024312019348,0
533,0,0.23857024312019348,0
534,0,0.23857024312019348,0
535,0,0.23857024312019348,0
536,0,0.25602012872695923,1
537,0,0.39385169744491577,1
538,0,0.20768076181411743,1
539,0,0.20768076181411743,0
540,0,0.20805999636650085,1
541,0,0.20805999636650085,0
542,0,0.26078274846076965,1
543,0,0.26078274846076965,0
544,0,0.26078274846076965,0
545,0,0.26078274846076965,0
546,0,0.26078274846076965,0
547,0,0.26078274846076965,0
548,0,0.26078274846076965,0
549,0,0.26078274846076965,0
550,0,0.26078274846076965,0
551,0,0.26078274846076965,0
552,0,0.26078274846076965,0
553,0,0.26078274846076965,0
554,0,0.26078274846076965,0
555,0,0.2115800529718399,1
556,0,0.2115800529718399,0
557,0,0.2115800529718399,0
558,0,0.2115800529718399,0
559,0,0.2115800529718399,0
560,0,0.2115800529718399,0
561,0,0.2115800529718399,0
562,0,0.2115800529718399,0
563,0,0.2115800529718399,0
564,0,0.2115800529718399,0
565,0,0.2115800529718399,0
566,0,0.2115800529718399,0
567,0,0.3160214424133301,1
568,0,0.3160214424133301,0
569,0,0.3160214424133301,0
570,0,0.23750239610671997,1
571,0,0.23750239610671997,0
572,0,0.23750239610671997,0
573,0,0.23750239610671997,0
574,0,0.23750239610671997,0
575,0,0.23750239610671997,0
576,0,0.23750239610671997,0
577,0,0.23750239610671997,0
578,0,0.23750239610671997,0
579,0,0.23750239610671997,0
580,0,0.23750239610671997,0
581,0,0.23750239610671997,0
582,0,0.23750239610671997,0
583,0,0.23750239610671997,0
584,0,0.23750239610671997,0
585,0,0.23750239610671997,0
586,0,0.23750239610671997,0
587,0,0.23750239610671997,0
588,0,0.23750239610671997,0
589,0,0.23750239610671997,0
590,0,0.23750239610671997,0
591,0,0.23750239610671997,0
592,0,0.23750239610671997,0
593,0,0.23750239610671997,0
594,0,0.23750239610671997,0
595,0,0.23750239610671997,0
596,0,0.23750239610671997,0
597,0,0.21634745597839355,1
598,0,0.21634745597839355,0
599,0,0.21634745597839355,0
600,0,0.21634745597839355,0
601,0,0.5125834345817566,1
602,0,0.5125834345817566,0
603,0,0.5125834345817566,0
604,0,0.5125834345817566,0
605,0,0.5125834345817566,0
606,0,0.5125834345817566,0
607,0,0.5125834345817566,0
608,0,0.5125834345817566,0
609,0,0.5125834345817566,0
610,0,0.5125834345817566,0
611,0,0.5125834345817566,0
612,0,0.5125834345817566,0
613,0,0.5125834345817566,0
614,0,0.5125834345817566,0
615,0,0.5125834345817566,0
616,0,0.5125834345817566,0
617,0,0.5125834345817566,0
618,0,0.5125834345817566,0
619,0,0.5125834345817566,0
620,0,0.5125834345817566,0
621,0,0.5125834345817566,0
622,0,0.5125834345817566,0
623,0,0.5125834345817566,0
624,0,0.5125834345817566,0
625,0,0.5125834345817566,0
626,0,0.5125834345817566,0
627,0,0.3321903347969055,1
628,0,0.3321903347969055,0
629,0,0.3321903347969055,0
630,0,0.26207688450813293,1
631,0,0.23002290725708008,1
632,0,0.23002290725708008,0
633,0,0.23002290725708008,0
634,0,0.23002290725708008,0
635,0,0.23002290725708008,0
636,0,0.23002290725708008,0
637,0,0.23002290725708008,0
638,0,0.23002290725708008,0
639,0,0.23002290725708008,0
640,0,0.23002290725708008,0
641,0,0.23002290725708008,0
642,0,0.23002290725708008,0
643,0,0.23002290725708008,0
644,0,0.23002290725708008,0
645,0,0.23002290725708008,0
646,0,0.23002290725708008,0
647,0,0.23002290725708008,0
648,0,0.23002290725708008,0
649,0,0.23002290725708008,0
650,0,0.23002290725708008,0
651,0,0.23002290725708008,0
652,0,0.23002290725708008,0
653,0,0.23002290725708008,0
654,0,0.23002290725708008,0
655,0,0.23002290725708008,0
656,0,0.23002290725708008,0
657,0,0.31376513838768005,1
658,0,0.31376513838768005,0
659,0,0.31376513838768005,0
660,0,0.2467796504497528,1
661,0,0.2467796504497528,0
662,0,0.2467796504497528,0
663,0,0.2467796504497528,0
664,0,0.2467796504497528,0
665,0,0.2467796504497528,0
666,0,0.2467796504497528,0
667,0,0.2467796504497528,0
668,0,0.2467796504497528,0
669,0,0.2467796504497528,0
670,0,0.2467796504497528,0
671,0,0.2467796504497528,0
672,0,0.2467796504497528,0
673,0,0.2467796504497528,0
674,0,0.2467796504497528,0
675,0,0.2467796504497528,0
676,0,0.3059632480144501,1
677,0,0.3059632480144501,0
678,0,0.3059632480144501,0
679,0,0.3059632480144501,0
680,0,0.3059632480144501,0
681,0,0.3059632480144501,0
682,0,0.3059632480144501,0
683,0,0.3059632480144501,0
684,0,0.3059632480144501,0
685,0,0.3059632480144501,0
686,0,0.3059632480144501,0
687,0,0.33167627453804016,1
688,0,0.33167627453804016,0
689,0,0.33167627453804016,0
690,0,0.33167627453804016,0
691,0,0.30523547530174255,1
692,0,0.30523547530174255,0
693,0,0.30523547530174255,0
694,0,0.30523547530174255,0
695,0,0.30523547530174255,0
696,0,0.30523547530174255,0
697,0,0.30523547530174255,0
698,0,0.30523547530174255,0
699,0,0.30523547530174255,0
700,0,0.30523547530174255,0
701,0,0.30523547530174255,0
702,0,0.30523547530174255,0
703,0,0.30523547530174255,0
704,0,0.30523547530174255,0
705,0,0.30523547530174255,0
706,0,0.30523547530174255,0
707,0,0.30523547530174255,0
708,0,0.30523547530174255,0
709,0,0.30523547530174255,0
710,0,0.30523547530174255,0
711,0,0.30523547530174255,0
712,0,0.30523547530174255,0
713,0,0.30523547530174255,0
714,0,0.30523547530174255,0
715,0,0.30523547530174255,0
716,0,0.23933690786361694,1
717,0,0.3805415630340576,1
718,0,0.3805415630340576,0
719,0,0.3805415630340576,0
720,0,0.3805415630340576,0
721,0,0.3805415630340576,0
722,0,0.2246781885623932,1
723,0,0.2246781885623932,0
724,0,0.2246781885623932,0
725,0,0.2246781885623932,0
726,0,0.2246781885623932,0
727,0,0.2246781885623932,0
728,0,0.2246781885623932,0
729,0,0.2246781885623932,0
730,0,0.2246781885623932,0
731,0,0.2246781885623932,0
732,0,0.2246781885623932,0
733,0,0.2246781885623932,0
734,0,0.2246781885623932,0
735,0,0.2246781885623932,0
736,0,0.2246781885623932,0
737,0,0.2246781885623932,0
738,0,0.2246781885623932,0
739,0,0.2246781885623932,0
740,0,0.2246781885623932,0
741,0,0.2246781885623932,0
742,0,0.2246781885623932,0
743,0,0.2246781885623932,0
744,0,0.2246781885623932,0
745,0,0.2246781885623932,0
746,0,0.2246781885623932,0
747,0,0.21161794662475586,1
748,0,0.21161794662475586,0
749,0,0.21161794662475586,0
750,0,0.8968558311462402,1
751,0,0.4923160970211029,1
752,0,0.4923160970211029,0
753,0,0.4923160970211029,0
754,0,0.4923160970211029,0
755,0,0.4923160970211029,0
756,0,0.4923160970211029,0
757,0,0.4923160970211029,0
758,0,0.4923160970211029,0
759,0,0.4923160970211029,0
760,0,0.4923160970211029,0
761,0,0.4923160970211029,0
762,0,0.4923160970211029,0
763,0,0.4923160970211029,0
764,0,0.4923160970211029,0
765,0,0.4923160970211029,0
766,0,0.4923160970211029,0
767,0,0.18703949451446533,1
768,0,0.18703949451446533,0
769,0,0.18703949451446533,0
770,0,0.18703949451446533,0
771,0,0.18703949451446533,0
772,0,0.18703949451446533,0
773,0,0.18703949451446533,0
774,0,0.18703949451446533,0
775,0,0.18703949451446533,0
776,0,0.18703949451446533,0
777,0,0.3844243288040161,1
778,0,0.3844243288040161,0
779,0,0.3844243288040161,0
780,0,0.3844243288040161,0
781,0,0.3844243288040161,0
782,0,0.22682085633277893,1
783,0,0.22682085633277893,0
784,0,0.22682085633277893,0
785,0,0.22682085633277893,0
786,0,0.22682085633277893,0
787,0,0.22682085633277893,0
788,0,0.22682085633277893,0
789,0,0.22682085633277893,0
790,0,0.22682085633277893,0
791,0,0.22682085633277893,0
792,0,0.22682085633277893,0
793,0,0.22682085633277893,0
794,0,0.22682085633277893,0
795,0,0.22682085633277893,0
796,0,0.3090493381023407,1
797,0,0.3090493381023407,0
798,0,0.3090493381023407,0
799,0,0.3090493381023407,0
800,0,0.3090493381023407,0
801,0,0.3090493381023407,0
802,0,0.3090493381023407,0
803,0,0.3090493381023407,0
804,0,0.3090493381023407,0
805,0,0.3090493381023407,0
806,0,0.3090493381023407,0
807,0,0.3785691559314728,1
808,0,0.3785691559314728,0
809,0,0.3785691559314728,0
810,0,0.3785691559314728,0
811,0,0.3785691559314728,0
812,0,0.21917030215263367,1
813,0,0.21917030215263367,0
814,0,0.21917030215263367,0
815,0,0.21917030215263367,0
816,0,0.21917030215263367,0
817,0,0.21917030215263367,0
818,0,0.21917030215263367,0
819,0,0.21917030215263367,0
820,0,0.21917030215263367,0
821,0,0.21917030215263367,0
822,0,0.21917030215263367,0
823,0,0.21917030215263367,0
824,0,0.21917030215263367,0
825,0,0.21917030215263367,0
826,0,0.21917030215263367,0
827,0,0.21917030215263367,0
828,0,0.21917030215263367,0
829,0,0.21917030215263367,0
830,0,0.21917030215263367,0
831,0,0.21917030215263367,0
832,0,0.21917030215263367,0
833,0,0.21917030215263367,0
834,0,0.21917030215263367,0
835,0,0.21917030215263367,0
836,0,0.21917030215263367,0
837,0,0.25867122411727905,1
838,0,0.25867122411727905,0
839,0,0.25867122411727905,0
840,0,0.25867122411727905,0
841,0,0.25867122411727905,0
842,0,0.25867122411727905,0
843,0,0.25867122411727905,0
844,0,0.25867122411727905,0
845,0,0.25867122411727905,0
846,0,0.25867122411727905,0
847,0,0.25867122411727905,0
848,0,0.25867122411727905,0
849,0,0.2752039134502411,1
850,0,0.21098396182060242,1
851,0,0.21098396182060242,0
852,0,0.21098396182060242,0
853,0,0.21098396182060242,0
854,0,0.21098396182060242,0
855,0,0.21098396182060242,0
856,0,0.2907658815383911,1
857,0,0.2907658815383911,0
858,0,0.2907658815383911,0
859,0,0.2907658815383911,0
860,0,0.2907658815383911,0
861,0,0.2907658815383911,0
862,0,0.20836852490901947,1
863,0,0.20836852490901947,0
864,0,0.20836852490901947,0
865,0,0.20836852490901947,0
866,0,0.20836852490901947,0
867,0,0.46527954936027527,1
868,0,0.46527954936027527,0
869,0,0.46527954936027527,0
870,0,0.24545180797576904,1
871,0,0.24545180797576904,0
872,0,0.24545180797576904,0
873,0,0.24545180797576904,0
874,0,0.24545180797576904,0
875,0,0.24545180797576904,0
876,0,0.24545180797576904,0
877,0,0.24545180797576904,0
878,0,0.24545180797576904,0
879,0,0.24545180797576904,0
880,0,0.24545180797576904,0
881,0,0.24545180797576904,0
882,0,0.24545180797576904,0
883,0,0.24545180797576904,0
884,0,0.24545180797576904,0
885,0,0.24545180797576904,0
886,0,0.24545180797576904,0
887,0,0.24545180797576904,0
888,0,0.24545180797576904,0
889,0,0.24545180797576904,0
890,0,0.24545180797576904,0
891,0,0.24545180797576904,0
892,0,0.24545180797576904,0
893,0,0.24545180797576904,0
894,0,0.24545180797576904,0
895,0,0.24545180797576904,0
896,0,0.24545180797576904,0
897,0,0.2179594784975052,1
898,0,0.2179594784975052,0
899,0,0.2179594784975052,0
900,0,0.2179594784975052,0
901,0,0.5503690242767334,1
902,0,0.5503690242767334,0
903,0,0.5503690242767334,0
904,0,0.5503690242767334,0
905,0,0.5503690242767334,0
906,0,0.5503690242767334,0
907,0,0.5503690242767334,0
908,0,0.5503690242767334,0
909,0,0.5503690242767334,0
910,0,0.5503690242767334,0
911,0,0.5503690242767334,0
912,0,0.5503690242767334,0
913,0,0.5503690242767334,0
914,0,0.5503690242767334,0
915,0,0.21451790630817413,1
916,0,0.21451790630817413,0
917,0,0.21451790630817413,0
918,0,0.21451790630817413,0
919,0,0.21451790630817413,0
920,0,0.21451790630817413,0
921,0,0.21451790630817413,0
922,0,0.21451790630817413,0
923,0,0.21451790630817413,0
924,0,0.21451790630817413,0
925,0,0.21451790630817413,0
926,0,0.21451790630817413,0
927,0,0.32937759160995483,1
928,0,0.32937759160995483,0
929,0,0.32937759160995483,0
930,0,0.2649171054363251,1
931,0,0.2649171054363251,0
932,0,0.2649171054363251,0
933,0,0.2649171054363251,0
934,0,0.2649171054363251,0
935,0,0.2649171054363251,0
936,0,0.2649171054363251,0
937,0,0.2649171054363251,0
938,0,0.2649171054363251,0
939,0,0.2649171054363251,0
940,0,0.2649171054363251,0
941,0,0.2649171054363251,0
942,0,0.2649171054363251,0
943,0,0.2649171054363251,0
944,0,0.2649171054363251,0
945,0,0.2649171054363251,0
946,0,0.2649171054363251,0
947,0,0.2649171054363251,0
948,0,0.2649171054363251,0
949,0,0.2649171054363251,0
950,0,0.2649171054363251,0
951,0,0.2649171054363251,0
952,0,0.2649171054363251,0
953,0,0.2649171054363251,0
954,0,0.2649171054363251,0
955,0,0.2649171054363251,0
956,0,0.2649171054363251,0
957,0,0.2996333837509155,1
958,0,0.2996333837509155,0
959,0,0.2996333837509155,0
960,0,0.24813923239707947,1
961,0,0.24813923239707947,0
962,0,0.24813923239707947,0
963,0,0.24813923239707947,0
964,0,0.24813923239707947,0
965,0,0.24813923239707947,0
966,0,0.24813923239707947,0
967,0,0.24813923239707947,0
968,0,0.24813923239707947,0
969,0,0.24813923239707947,0
970,0,0.24813923239707947,0
971,0,0.24813923239707947,0
972,0,0.24813923239707947,0
973,0,0.24813923239707947,0
974,0,0.24813923239707947,0
975,0,0.24813923239707947,0
976,0,0.21949505805969238,1
977,0,0.21949505805969238,0
978,0,0.21949505805969238,0
979,0,0.21949505805969238,0
980,0,0.21949505805969238,0
981,0,0.21949505805969238,0
982,0,0.21949505805969238,0
983,0,0.21949505805969238,0
984,0,0.21949505805969238,0
985,0,0.21949505805969238,0
986,0,0.30286654829978943,1
987,0,0.30286654829978943,0
988,0,0.30286654829978943,0
989,0,0.30286654829978943,0
990,0,0.25663045048713684,1
991,0,0.25562307238578796,1
992,0,0.25562307238578796,0
993,0,0.25562307238578796,0
994,0,0.25562307238578796,0
995,0,0.25562307238578796,0
996,0,0.25562307238578796,0
997,0,0.25562307238578796,0
998,0,0.25562307238578796,0
999,0,0.25562307238578796,0
1000,0,0.8981724381446838,1
1001,0,0.8981724381446838,0
1002,0,0.8981724381446838,0
1003,0,0.8981724381446838,0
1004,0,0.8981724381446838,0
1005,0,0.8981724381446838,0
1006,0,0.1912878155708313,1
1007,0,0.1912878155708313,0
1008,0,0.1912878155708313,0
1009,0,0.1912878155708313,0
1010,0,0.1912878155708313,0
1011,0,0.1912878155708313,0
1012,0,0.1912878155708313,0
1013,0,0.1912878155708313,0
1014,0,0.1912878155708313,0
1015,0,0.21320542693138123,1
1016,0,0.3083828091621399,1
1017,0,0.3083828091621399,0
1018,0,0.3083828091621399,0
1019,0,0.3083828091621399,0
1020,0,0.3083828091621399,0
1021,0,0.23273548483848572,1
1022,0,0.23273548483848572,0
1023,0,0.23273548483848572,0
1024,0,0.23273548483848572,0
1025,0,0.23273548483848572,0
1026,0,0.23273548483848572,0
1027,0,0.23273548483848572,0
1028,0,0.23273548483848572,0
1029,0,0.23273548483848572,0
1030,0,0.23273548483848572,0
1031,0,0.23273548483848572,0
1032,0,0.23273548483848572,0
1033,0,0.23273548483848572,0
1034,0,0.23273548483848572,0
1035,0,0.23273548483848572,0
1036,0,0.23273548483848572,0
1037,0,0.23273548483848572,0
1038,0,0.23273548483848572,0
1039,0,0.23273548483848572,0
1040,0,0.23273548483848572,0
1041,0,0.23273548483848572,0
1042,0,0.23273548483848572,0
1043,0,0.23273548483848572,0
1044,0,0.23273548483848572,0
1045,0,0.23273548483848572,0
1046,0,0.17300698161125183,1
1047,0,0.17300698161125183,0
1048,0,0.17300698161125183,0
1049,0,0.17300698161125183,0
1050,0,0.17300698161125183,0
1051,0,0.4931030571460724,1
1052,0,0.4931030571460724,0
1053,0,0.4931030571460724,0
1054,0,0.4931030571460724,0
1055,0,0.4931030571460724,0
1056,0,0.4931030571460724,0
1057,0,0.4931030571460724,0
1058,0,0.4931030571460724,0
1059,0,0.4931030571460724,0
1060,0,0.4931030571460724,0
1061,0,0.4931030571460724,0
1062,0,0.4931030571460724,0
1063,0,0.4931030571460724,0
1064,0,0.4931030571460724,0
1065,0,0.4931030571460724,0
1066,0,0.4931030571460724,0
1067,0,0.4931030571460724,0
1068,0,0.4931030571460724,0
1069,0,0.4931030571460724,0
1070,0,0.4931030571460724,0
1071,0,0.4931030571460724,0
1072,0,0.4931030571460724,0
1073,0,0.4931030571460724,0
1074,0,0.4931030571460724,0
1075,0,0.4931030571460724,0
1076,0,0.3691083788871765,1
1077,0,0.3691083788871765,0
1078,0,0.3691083788871765,0
1079,0,0.3691083788871765,0
1080,0,0.23475082218647003,1
1081,0,0.247622549533844,1
1082,0,0.247622549533844,0
1083,0,0.247622549533844,0
1084,0,0.247622549533844,0
1085,0,0.247622549533844,0
1086,0,0.247622549533844,0
1087,0,0.247622549533844,0
1088,0,0.247622549533844,0
1089,0,0.247622549533844,0
1090,0,0.247622549533844,0
1091,0,0.247622549533844,0
1092,0,0.247622549533844,0
1093,0,0.247622549533844,0
1094,0,0.247622549533844,0
1095,0,0.247622549533844,0
1096,0,0.20210111141204834,1
1097,0,0.20210111141204834,0
1098,0,0.20210111141204834,0
1099,0,0.20210111141204834,0
1100,0,0.20210111141204834,0
1101,0,0.20210111141204834,0
1102,0,0.20210111141204834,0
1103,0,0.20210111141204834,0
1104,0,0.20210111141204834,0
1105,0,0.20210111141204834,0
1106,0,0.3658904433250427,1
1107,0,0.3658904433250427,0
1108,0,0.3658904433250427,0
1109,0,0.3658904433250427,0
1110,0,0.3658904433250427,0
1111,0,0.326534241437912,1
1112,0,0.326534241437912,0
1113,0,0.326534241437912,0
1114,0,0.326534241437912,0
1115,0,0.326534241437912,0
1116,0,0.326534241437912,0
1117,0,0.326534241437912,0
1118,0,0.326534241437912,0
1119,0,0.326534241437912,0
1120,0,0.326534241437912,0
1121,0,0.326534241437912,0
1122,0,0.326534241437912,0
1123,0,0.326534241437912,0
1124,0,0.326534241437912,0
1125,0,0.326534241437912,0
1126,0,0.22502532601356506,1
1127,0,0.22502532601356506,0
1128,0,0.22502532601356506,0
1129,0,0.22502532601356506,0
1130,0,0.22502532601356506,0
1131,0,0.22502532601356506,0
1132,0,0.22502532601356506,0
1133,0,0.22502532601356506,0
1134,0,0.22502532601356506,0
1135,0,0.22502532601356506,0
1136,0,0.3889104127883911,1
1137,0,0.3889104127883911,0
1138,0,0.3889104127883911,0
1139,0,0.3889104127883911,0
1140,0,0.3889104127883911,0
1141,0,0.3889104127883911,0
1142,0,0.21896964311599731,1
1143,0,0.21896964311599731,0
1144,0,0.21896964311599731,0
1145,0,0.21896964311599731,0
1146,0,0.21896964311599731,0
1147,0,0.21896964311599731,0
1148,0,0.21896964311599731,0
1149,0,0.21896964311599731,0
1150,0,0.21896964311599731,0
1151,0,0.21896964311599731,0
1152,0,0.21896964311599731,0
1153,0,0.21896964311599731,0
1154,0,0.21896964311599731,0
1155,0,0.21896964311599731,0
1156,0,0.21896964311599731,0
1157,0,0.18231217563152313,1
1158,0,0.18231217563152313,0
1159,0,0.18231217563152313,0
1160,0,0.18231217563152313,0
1161,0,0.18231217563152313,0
1162,0,0.18231217563152313,0
1163,0,0.18231217563152313,0
1164,0,0.18231217563152313,0
1165,0,0.18231217563152313,0
1166,0,0.38319605588912964,1
1167,0,0.38319605588912964,0
1168,0,0.38319605588912964,0
1169,0,0.38319605588912964,0
1170,0,0.38319605588912964,0
1171,0,0.38319605588912964,0
1172,0,0.21116113662719727,1
1173,0,0.21116113662719727,0
1174,0,0.21116113662719727,0
1175,0,0.21116113662719727,0
1176,0,0.21116113662719727,0
1177,0,0.21116113662719727,0
1178,0,0.21116113662719727,0
1179,0,0.21116113662719727,0
1180,0,0.21116113662719727,0
1181,0,0.21116113662719727,0
1182,0,0.21116113662719727,0
1183,0,0.21116113662719727,0
1184,0,0.21116113662719727,0
1185,0,0.21116113662719727,0
1186,0,0.21116113662719727,0
1187,0,0.21116113662719727,0
1188,0,0.21116113662719727,0
1189,0,0.21116113662719727,0
1190,0,0.21116113662719727,0
1191,0,0.21116113662719727,0
1192,0,0.21116113662719727,0
1193,0,0.21116113662719727,0
1194,0,0.21116113662719727,0
1195,0,0.21116113662719727,0
1196,0,0.2561521530151367,1
1197,0,0.2561521530151367,0
1198,0,0.2561521530151367,0
1199,0,0.2561521530151367,0
1200,0,0.2561521530151367,0
1201,0,0.5038295984268188,1
1202,0,0.5038295984268188,0
1203,0,0.5038295984268188,0
1204,0,0.5038295984268188,0
1205,0,0.5038295984268188,0
1206,0,0.5038295984268188,0
1207,0,0.5038295984268188,0
1208,0,0.5038295984268188,0
1209,0,0.5038295984268188,0
1210,0,0.5038295984268188,0
1211,0,0.5038295984268188,0
1212,0,0.5038295984268188,0
1213,0,0.5038295984268188,0
1214,0,0.5038295984268188,0
1215,0,0.5038295984268188,0
1216,0,0.28360918164253235,1
1217,0,0.28360918164253235,0
1218,0,0.28360918164253235,0
1219,0,0.28360918164253235,0
1220,0,0.28360918164253235,0
1221,0,0.28360918164253235,0
1222,0,0.28360918164253235,0
1223,0,0.28360918164253235,0
1224,0,0.28360918164253235,0
1225,0,0.28360918164253235,0
1226,0,0.4077264070510864,1
1227,0,0.4077264070510864,0
1228,0,0.4077264070510864,0
1229,0,0.4077264070510864,0
1230,0,0.4077264070510864,0
1231,0,0.1845608651638031,1
1232,0,0.21884353458881378,1
1233,0,0.21884353458881378,0
1234,0,0.21884353458881378,0
1235,0,0.21884353458881378,0
1236,0,0.21884353458881378,0
1237,0,0.21884353458881378,0
1238,0,0.21884353458881378,0
1239,0,0.21884353458881378,0
1240,0,0.21884353458881378,0
1241,0,0.21884353458881378,0
1242,0,0.21884353458881378,0
1243,0,0.21884353458881378,0
1244,0,0.21884353458881378,0
1245,0,0.21884353458881378,0
1246,0,0.27710267901420593,1
1247,0,0.27710267901420593,0
1248,0,0.27710267901420593,0
1249,0,0.27710267901420593,0
1250,0,0.8972101211547852,1
1251,0,0.8972101211547852,0
1252,0,0.8972101211547852,0
1253,0,0.8972101211547852,0
1254,0,0.8972101211547852,0
1255,0,0.8972101211547852,0
1256,0,0.3854556381702423,1
1257,0,0.3854556381702423,0
1258,0,0.3854556381702423,0
1259,0,0.3854556381702423,0
1260,0,0.3854556381702423,0
1261,0,0.3854556381702423,0
1262,0,0.22690054774284363,1
1263,0,0.22690054774284363,0
1264,0,0.22690054774284363,0
1265,0,0.22690054774284363,0
1266,0,0.22690054774284363,0
1267,0,0.22690054774284363,0
1268,0,0.22690054774284363,0
1269,0,0.22690054774284363,0
1270,0,0.22690054774284363,0
1271,0,0.22690054774284363,0
1272,0,0.22690054774284363,0
1273,0,0.22690054774284363,0
1274,0,0.22690054774284363,0
1275,0,0.22690054774284363,0
1276,0,0.2859160602092743,1
1277,0,0.2859160602092743,0
1278,0,0.2859160602092743,0
1279,0,0.2859160602092743,0
1280,0,0.2859160602092743,0
1281,0,0.2859160602092743,0
1282,0,0.2859160602092743,0
1283,0,0.2859160602092743,0
1284,0,0.2859160602092743,0
1285,0,0.2859160602092743,0
1286,0,0.39392533898353577,1
1287,0,0.39392533898353577,0
1288,0,0.39392533898353577,0
1289,0,0.39392533898353577,0
1290,0,0.39392533898353577,0
1291,0,0.39392533898353577,0
1292,0,0.2125704288482666,1
1293,0,0.2125704288482666,0
1294,0,0.2125704288482666,0
1295,0,0.2125704288482666,0
1296,0,0.2125704288482666,0
1297,0,0.2125704288482666,0
1298,0,0.2125704288482666,0
1299,0,0.2125704288482666,0
1300,0,0.2125704288482666,0
1301,0,0.2125704288482666,0
1302,0,0.2125704288482666,0
1303,0,0.2125704288482666,0
1304,0,0.2125704288482666,0
1305,0,0.2125704288482666,0
1306,0,0.2125704288482666,0
1307,0,0.18463954329490662,1
1308,0,0.18463954329490662,0
1309,0,0.18463954329490662,0
1310,0,0.18463954329490662,0
1311,0,0.18463954329490662,0
1312,0,0.18463954329490662,0
1313,0,0.18463954329490662,0
1314,0,0.18463954329490662,0
1315,0,0.18463954329490662,0
1316,0,0.38165003061294556,1
1317,0,0.38165003061294556,0
1318,0,0.38165003061294556,0
1319,0,0.38165003061294556,0
1320,0,0.38165003061294556,0
1321,0,0.38165003061294556,0
1322,0,0.21697932481765747,1
1323,0,0.21697932481765747,0
1324,0,0.21697932481765747,0
1325,0,0.21697932481765747,0
1326,0,0.21697932481765747,0
1327,0,0.21697932481765747,0
1328,0,0.21697932481765747,0
1329,0,0.21697932481765747,0
1330,0,0.21697932481765747,0
1331,0,0.21697932481765747,0
1332,0,0.21697932481765747,0
1333,0,0.21697932481765747,0
1334,0,0.21697932481765747,0
1335,0,0.21697932481765747,0
1336,0,0.21697932481765747,0
1337,0,0.21697932481765747,0
1338,0,0.21697932481765747,0
1339,0,0.21697932481765747,0
1340,0,0.21697932481765747,0
1341,0,0.21697932481765747,0
1342,0,0.21697932481765747,0
1343,0,0.21697932481765747,0
1344,0,0.21697932481765747,0
1345,0,0.21697932481765747,0
1346,0,0.25695356726646423,1
1347,0,0.25695356726646423,0
1348,0,0.25695356726646423,0
1349,0,0.25695356726646423,0
1350,0,0.25695356726646423,0
1351,0,0.5273693799972534,1
1352,0,0.5273693799972534,0
1353,0,0.5273693799972534,0
1354,0,0.5273693799972534,0
1355,0,0.5273693799972534,0
1356,0,0.5273693799972534,0
1357,0,0.5273693799972534,0
1358,0,0.5273693799972534,0
1359,0,0.5273693799972534,0
1360,0,0.5273693799972534,0
1361,0,0.5273693799972534,0
1362,0,0.5273693799972534,0
1363,0,0.5273693799972534,0
1364,0,0.5273693799972534,0
1365,0,0.5273693799972534,0
1366,0,0.5273693799972534,0
1367,0,0.19229452311992645,1
1368,0,0.19229452311992645,0
1369,0,0.19229452311992645,0
1370,0,0.19229452311992645,0
1371,0,0.19229452311992645,0
1372,0,0.19229452311992645,0
1373,0,0.19229452311992645,0
1374,0,0.19229452311992645,0
1375,0,0.19229452311992645,0
1376,0,0.33893850445747375,1
1377,0,0.33893850445747375,0
1378,0,0.33893850445747375,0
1379,0,0.33893850445747375,0
1380,0,0.33893850445747375,0
1381,0,0.20233453810214996,1
1382,0,0.23035076260566711,1
1383,0,0.23035076260566711,0
1384,0,0.23035076260566711,0
1385,0,0.23035076260566711,0
1386,0,0.23035076260566711,0
1387,0,0.23035076260566711,0
1388,0,0.23035076260566711,0
1389,0,0.23035076260566711,0
1390,0,0.23035076260566711,0
1391,0,0.23035076260566711,0
1392,0,0.23035076260566711,0
1393,0,0.23035076260566711,0
1394,0,0.23035076260566711,0
1395,0,0.23035076260566711,0
1396,0,0.23035076260566711,0
1397,0,0.192489892244339,1
1398,0,0.192489892244339,0
1399,0,0.192489892244339,0
1400,0,0.192489892244339,0
1401,0,0.192489892244339,0
1402,0,0.192489892244339,0
1403,0,0.192489892244339,0
1404,0,0.192489892244339,0
1405,0,0.192489892244339,0
1406,0,0.323138564825058,1
1407,0,0.179487407207489,1
1408,0,0.179487407207489,0
1409,0,0.179487407207489,0
1410,0,0.179487407207489,0
1411,0,0.179487407207489,0
1412,0,0.2307942509651184,1
1413,0,0.2307942509651184,0
1414,0,0.2307942509651184,0
1415,0,0.2307942509651184,0
1416,0,0.2307942509651184,0
1417,0,0.2307942509651184,0
1418,0,0.2307942509651184,0
1419,0,0.2307942509651184,0
1420,0,0.2307942509651184,0
1421,0,0.2307942509651184,0
1422,0,0.2307942509651184,0
1423,0,0.2307942509651184,0
1424,0,0.2307942509651184,0
1425,0,0.2307942509651184,0
1426,0,0.3210403025150299,1
1427,0,0.3210403025150299,0
1428,0,0.3210403025150299,0
1429,0,0.3210403025150299,0
1430,0,0.3210403025150299,0
1431,0,0.3210403025150299,0
1432,0,0.3210403025150299,0
1433,0,0.3210403025150299,0
1434,0,0.3210403025150299,0
1435,0,0.3210403025150299,0
1436,0,0.3951221704483032,1
1437,0,0.3951221704483032,0
1438,0,0.3951221704483032,0
1439,0,0.3951221704483032,0
1440,0,0.3951221704483032,0
1441,0,0.3951221704483032,0
1442,0,0.24127984046936035,1
1443,0,0.24127984046936035,0
1444,0,0.24127984046936035,0
1445,0,0.24127984046936035,0
1446,0,0.24127984046936035,0
1447,0,0.24127984046936035,0
1448,0,0.24127984046936035,0
1449,0,0.24127984046936035,0
1450,0,0.24127984046936035,0
1451,0,0.24127984046936035,0
1452,0,0.24127984046936035,0
1453,0,0.24127984046936035,0
1454,0,0.24127984046936035,0
1455,0,0.24127984046936035,0
1456,0,0.26487335562705994,1
1457,0,0.26487335562705994,0
1458,0,0.26487335562705994,0
1459,0,0.26487335562705994,0
1460,0,0.26487335562705994,0
1461,0,0.26487335562705994,0
1462,0,0.26487335562705994,0
1463,0,0.26487335562705994,0
1464,0,0.26487335562705994,0
1465,0,0.26487335562705994,0
1466,0,0.40731918811798096,1
1467,0,0.40731918811798096,0
1468,0,0.40731918811798096,0
1469,0,0.40731918811798096,0
1470,0,0.40731918811798096,0
1471,0,0.3389633595943451,1
1472,0,0.3389633595943451,0
1473,0,0.3389633595943451,0
1474,0,0.3389633595943451,0
1475,0,0.3389633595943451,0
1476,0,0.3389633595943451,0
1477,0,0.3389633595943451,0
1478,0,0.3389633595943451,0
1479,0,0.3389633595943451,0
1480,0,0.3389633595943451,0
1481,0,0.3389633595943451,0
1482,0,0.3389633595943451,0
1483,0,0.3389633595943451,0
1484,0,0.3389633595943451,0
1485,0,0.3389633595943451,0
1486,0,0.3389633595943451,0
1487,0,0.3389633595943451,0
1488,0,0.3389633595943451,0
1489,0,0.3389633595943451,0
1490,0,0.3389633595943451,0
1491,0,0.3389633595943451,0
1492,0,0.3389633595943451,0
1493,0,0.3389633595943451,0
1494,0,0.3389633595943451,0
1495,0,0.3389633595943451,0
1496,0,0.29411375522613525,1
1497,0,0.29411375522613525,0
1498,0,0.29411375522613525,0
1499,0,0.29411375522613525,0
1500,0,0.8978469371795654,1
1501,0,0.5168887972831726,1
1502,0,0.5168887972831726,0
1503,0,0.5168887972831726,0
1504,0,0.20066142082214355,1
1505,0,0.20066142082214355,0
1506,0,0.20066142082214355,0
1507,0,0.20066142082214355,0
1508,0,0.20066142082214355,0
1509,0,0.20066142082214355,0
1510,0,0.20066142082214355,0
1511,0,0.20066142082214355,0
1512,0,0.20066142082214355,0
1513,0,0.20066142082214355,0
1514,0,0.20066142082214355,0
1515,0,0.20066142082214355,0
1516,0,0.20066142082214355,0
1517,0,0.342578262090683,1
1518,0,0.342578262090683,0
1519,0,0.342578262090683,0
1520,0,0.342578262090683,0
1521,0,0.342578262090683,0
1522,0,0.342578262090683,0
1523,0,0.342578262090683,0
1524,0,0.342578262090683,0
1525,0,0.342578262090683,0
1526,0,0.342578262090683,0
1527,0,0.4499374032020569,1
1528,0,0.4499374032020569,0
1529,0,0.4499374032020569,0
1530,0,0.4499374032020569,0
1531,0,0.4499374032020569,0
1532,0,0.21581818163394928,1
1533,0,0.23378947377204895,1
1534,0,0.23378947377204895,0
1535,0,0.23378947377204895,0
1536,0,0.23378947377204895,0
1537,0,0.23378947377204895,0
1538,0,0.23378947377204895,0
1539,0,0.23378947377204895,0
1540,0,0.23378947377204895,0
1541,0,0.23378947377204895,0
1542,0,0.23378947377204895,0
1543,0,0.23378947377204895,0
1544,0,0.23378947377204895,0
1545,0,0.23378947377204895,0
1546,0,0.23378947377204895,0
1547,0,0.2155901938676834,1
1548,0,0.2155901938676834,0
1549,0,0.2155901938676834,0
1550,0,0.2155901938676834,0
1551,0,0.2155901938676834,0
1552,0,0.2155901938676834,0
1553,0,0.2155901938676834,0
1554,0,0.2155901938676834,0
1555,0,0.2155901938676834,0
1556,0,0.2155901938676834,0
1557,0,0.399699866771698,1
1558,0,0.399699866771698,0
1559,0,0.399699866771698,0
1560,0,0.399699866771698,0
1561,0,0.399699866771698,0
1562,0,0.34539276361465454,1
1563,0,0.34539276361465454,0
1564,0,0.34539276361465454,0
1565,0,0.34539276361465454,0
1566,0,0.34539276361465454,0
1567,0,0.34539276361465454,0
1568,0,0.34539276361465454,0
1569,0,0.34539276361465454,0
1570,0,0.34539276361465454,0
1571,0,0.34539276361465454,0
1572,0,0.34539276361465454,0
1573,0,0.34539276361465454,0
1574,0,0.34539276361465454,0
1575,0,0.34539276361465454,0
1576,0,0.34539276361465454,0
1577,0,0.34539276361465454,0
1578,0,0.34539276361465454,0
1579,0,0.34539276361465454,0
1580,0,0.34539276361465454,0
1581,0,0.34539276361465454,0
1582,0,0.34539276361465454,0
1583,0,0.34539276361465454,0
1584,0,0.34539276361465454,0
1585,0,0.34539276361465454,0
1586,0,0.34539276361465454,0
1587,0,0.4048755168914795,1
1588,0,0.4048755168914795,0
1589,0,0.4048755168914795,0
1590,0,0.4048755168914795,0
1591,0,0.4048755168914795,0
1592,0,0.34847742319107056,1
1593,0,0.34847742319107056,0
1594,0,0.34847742319107056,0
1595,0,0.34847742319107056,0
1596,0,0.34847742319107056,0
1597,0,0.34847742319107056,0
1598,0,0.34847742319107056,0
1599,0,0.34847742319107056,0
1600,0,0.34847742319107056,0
1601,0,0.34847742319107056,0
1602,0,0.34847742319107056,0
1603,0,0.34847742319107056,0
1604,0,0.34847742319107056,0
1605,0,0.34847742319107056,0
1606,0,0.34847742319107056,0
1607,0,0.34847742319107056,0
1608,0,0.34847742319107056,0
1609,0,0.34847742319107056,0
1610,0,0.34847742319107056,0
1611,0,0.34847742319107056,0
1612,0,0.34847742319107056,0
1613,0,0.34847742319107056,0
1614,0,0.34847742319107056,0
1615,0,0.34847742319107056,0
1616,0,0.34847742319107056,0
1617,0,0.28875136375427246,1
1618,0,0.28875136375427246,0
1619,0,0.28875136375427246,0
1620,0,0.28875136375427246,0
1621,0,0.25637200474739075,1
1622,0,0.25637200474739075,0
1623,0,0.25637200474739075,0
1624,0,0.25637200474739075,0
1625,0,0.25637200474739075,0
1626,0,0.25637200474739075,0
1627,0,0.25637200474739075,0
1628,0,0.25637200474739075,0
1629,0,0.25637200474739075,0
1630,0,0.25637200474739075,0
1631,0,0.25637200474739075,0
1632,0,0.25637200474739075,0
1633,0,0.25637200474739075,0
1634,0,0.25637200474739075,0
1635,0,0.25637200474739075,0
1636,0,0.25637200474739075,0
1637,0,0.25637200474739075,0
1638,0,0.25637200474739075,0
1639,0,0.25637200474739075,0
1640,0,0.25637200474739075,0
1641,0,0.25637200474739075,0
1642,0,0.25637200474739075,0
1643,0,0.25637200474739075,0
1644,0,0.25637200474739075,0
1645,0,0.25637200474739075,0
1646,0,0.25637200474739075,0
1647,0,0.263042151927948,1
1648,0,0.263042151927948,0
1649,0,0.263042151927948,0
1650,0,0.263042151927948,0
1651,0,0.263042151927948,0
1652,0,0.5396080613136292,1
1653,0,0.5396080613136292,0
1654,0,0.5396080613136292,0
1655,0,0.5396080613136292,0
1656,0,0.5396080613136292,0
1657,0,0.5396080613136292,0
1658,0,0.5396080613136292,0
1659,0,0.5396080613136292,0
1660,0,0.5396080613136292,0
1661,0,0.5396080613136292,0
1662,0,0.5396080613136292,0
1663,0,0.5396080613136292,0
1664,0,0.5396080613136292,0
1665,0,0.5396080613136292,0
1666,0,0.5396080613136292,0
1667,0,0.5396080613136292,0
1668,0,0.5396080613136292,0
1669,0,0.5396080613136292,0
1670,0,0.5396080613136292,0
1671,0,0.5396080613136292,0
1672,0,0.5396080613136292,0
1673,0,0.5396080613136292,0
1674,0,0.5396080613136292,0
1675,0,0.5396080613136292,0
1676,0,0.5396080613136292,0
1677,0,0.4397220015525818,1
1678,0,0.4397220015525818,0
1679,0,0.4397220015525818,0
1680,0,0.4397220015525818,0
1681,0,0.4397220015525818,0
1682,0,0.2051595151424408,1
1683,0,0.24391672015190125,1
1684,0,0.24391672015190125,0
1685,0,0.24391672015190125,0
1686,0,0.24391672015190125,0
1687,0,0.24391672015190125,0
1688,0,0.24391672015190125,0
1689,0,0.24391672015190125,0
1690,0,0.24391672015190125,0
1691,0,0.24391672015190125,0
1692,0,0.24391672015190125,0
1693,0,0.24391672015190125,0
1694,0,0.24391672015190125,0
1695,0,0.24391672015190125,0
1696,0,0.24391672015190125,0
1697,0,0.24391672015190125,0
1698,0,0.21219275891780853,1
1699,0,0.21219275891780853,0
1700,0,0.21219275891780853,0
1701,0,0.21219275891780853,0
1702,0,0.21219275891780853,0
1703,0,0.21219275891780853,0
1704,0,0.21219275891780853,0
1705,0,0.21219275891780853,0
1706,0,0.21219275891780853,0
1707,0,0.3748900294303894,1
1708,0,0.3748900294303894,0
1709,0,0.3748900294303894,0
1710,0,0.3748900294303894,0
1711,0,0.263776957988739,1
1712,0,0.21531450748443604,1
1713,0,0.21531450748443604,0
1714,0,0.21531450748443604,0
1715,0,0.21531450748443604,0
1716,0,0.21531450748443604,0
1717,0,0.21531450748443604,0
1718,0,0.21531450748443604,0
1719,0,0.21531450748443604,0
1720,0,0.21531450748443604,0
1721,0,0.21531450748443604,0
1722,0,0.21531450748443604,0
1723,0,0.21531450748443604,0
1724,0,0.21531450748443604,0
1725,0,0.21531450748443604,0
1726,0,0.21531450748443604,0
1727,0,0.21531450748443604,0
1728,0,0.209650456905365,1
1729,0,0.209650456905365,0
1730,0,0.209650456905365,0
1731,0,0.209650456905365,0
1732,0,0.209650456905365,0
1733,0,0.209650456905365,0
1734,0,0.209650456905365,0
1735,0,0.209650456905365,0
1736,0,0.209650456905365,0
1737,0,0.3312380313873291,1
1738,0,0.3312380313873291,0
1739,0,0.3312380313873291,0
1740,0,0.3312380313873291,0
1741,0,0.3312380313873291,0
1742,0,0.3312380313873291,0
1743,0,0.24755540490150452,1
1744,0,0.24755540490150452,0
1745,0,0.24755540490150452,0
1746,0,0.24755540490150452,0
1747,0,0.24755540490150452,0
1748,0,0.24755540490150452,0
1749,0,0.24755540490150452,0
1750,0,0.8970855474472046,1
1751,0,0.8970855474472046,0
1752,0,0.8970855474472046,0
1753,0,0.8970855474472046,0
1754,0,0.8970855474472046,0
1755,0,0.8970855474472046,0
1756,0,0.8970855474472046,0
1757,0,0.8970855474472046,0
1758,0,0.18859189748764038,1
1759,0,0.18859189748764038,0
1760,0,0.18859189748764038,0
1761,0,0.18859189748764038,0
1762,0,0.18859189748764038,0
1763,0,0.18859189748764038,0
1764,0,0.18859189748764038,0
1765,0,0.18859189748764038,0
1766,0,0.18859189748764038,0
1767,0,0.3984433114528656,1
1768,0,0.3984433114528656,0
1769,0,0.3984433114528656,0
1770,0,0.3984433114528656,0
1771,0,0.3984433114528656,0
1772,0,0.3984433114528656,0
1773,0,0.22941535711288452,1
1774,0,0.22941535711288452,0
1775,0,0.22941535711288452,0
1776,0,0.22941535711288452,0
1777,0,0.22941535711288452,0
1778,0,0.22941535711288452,0
1779,0,0.22941535711288452,0
1780,0,0.22941535711288452,0
1781,0,0.22941535711288452,0
1782,0,0.22941535711288452,0
1783,0,0.22941535711288452,0
1784,0,0.22941535711288452,0
1785,0,0.22941535711288452,0
1786,0,0.22941535711288452,0
1787,0,0.22941535711288452,0
1788,0,0.22941535711288452,0
1789,0,0.22941535711288452,0
1790,0,0.22941535711288452,0
1791,0,0.22941535711288452,0
1792,0,0.22941535711288452,0
1793,0,0.22941535711288452,0
1794,0,0.22941535711288452,0
1795,0,0.22941535711288452,0
1796,0,0.22941535711288452,0
1797,0,0.22941535711288452,0
1798,0,0.22941535711288452,0
1799,0,0.22941535711288452,0
1800,0,0.22941535711288452,0
1801,0,0.22941535711288452,0
1802,0,0.5364294648170471,1
1803,0,0.5364294648170471,0
1804,0,0.5364294648170471,0
1805,0,0.5364294648170471,0
1806,0,0.5364294648170471,0
1807,0,0.5364294648170471,0
1808,0,0.5364294648170471,0
1809,0,0.5364294648170471,0
1810,0,0.5364294648170471,0
1811,0,0.5364294648170471,0
1812,0,0.5364294648170471,0
1813,0,0.5364294648170471,0
1814,0,0.5364294648170471,0
1815,0,0.5364294648170471,0
1816,0,0.5364294648170471,0
1817,0,0.5364294648170471,0
1818,0,0.19356200098991394,1
1819,0,0.19356200098991394,0
1820,0,0.19356200098991394,0
1821,0,0.19356200098991394,0
1822,0,0.19356200098991394,0
1823,0,0.19356200098991394,0
1824,0,0.19356200098991394,0
1825,0,0.19356200098991394,0
1826,0,0.19356200098991394,0
1827,0,0.34638291597366333,1
1828,0,0.34638291597366333,0
1829,0,0.34638291597366333,0
1830,0,0.34638291597366333,0
1831,0,0.23278549313545227,1
1832,0,0.2522376477718353,1
1833,0,0.2522376477718353,0
1834,0,0.2522376477718353,0
1835,0,0.2522376477718353,0
1836,0,0.2522376477718353,0
1837,0,0.2522376477718353,0
1838,0,0.2522376477718353,0
1839,0,0.2522376477718353,0
1840,0,0.2522376477718353,0
1841,0,0.2522376477718353,0
1842,0,0.2522376477718353,0
1843,0,0.2522376477718353,0
1844,0,0.2522376477718353,0
1845,0,0.2522376477718353,0
1846,0,0.2522376477718353,0
1847,0,0.2522376477718353,0
1848,0,0.20619265735149384,1
1849,0,0.20619265735149384,0
1850,0,0.20619265735149384,0
1851,0,0.20619265735149384,0
1852,0,0.20619265735149384,0
1853,0,0.20619265735149384,0
1854,0,0.20619265735149384,0
1855,0,0.20619265735149384,0
1856,0,0.20619265735149384,0
1857,0,0.42031848430633545,1
1858,0,0.42031848430633545,0
1859,0,0.42031848430633545,0
1860,0,0.42031848430633545,0
1861,0,0.42031848430633545,0
1862,0,0.42031848430633545,0
1863,0,0.24169868230819702,1
1864,0,0.24169868230819702,0
1865,0,0.24169868230819702,0
1866,0,0.24169868230819702,0
1867,0,0.24169868230819702,0
1868,0,0.24169868230819702,0
1869,0,0.24169868230819702,0
1870,0,0.24169868230819702,0
1871,0,0.24169868230819702,0
1872,0,0.24169868230819702,0
1873,0,0.24169868230819702,0
1874,0,0.24169868230819702,0
1875,0,0.24169868230819702,0
1876,0,0.24169868230819702,0
1877,0,0.24169868230819702,0
1878,0,0.20776906609535217,1
1879,0,0.20776906609535217,0
1880,0,0.20776906609535217,0
1881,0,0.20776906609535217,0
1882,0,0.20776906609535217,0
1883,0,0.20776906609535217,0
1884,0,0.20776906609535217,0
1885,0,0.20776906609535217,0
1886,0,0.20776906609535217,0
1887,0,0.3161122798919678,1
1888,0,0.3161122798919678,0
1889,0,0.3161122798919678,0
1890,0,0.3161122798919678,0
1891,0,0.2613181471824646,1
1892,0,0.19288483262062073,1
1893,0,0.19288483262062073,0
1894,0,0.19288483262062073,0
1895,0,0.19288483262062073,0
1896,0,0.19288483262062073,0
1897,0,0.19288483262062073,0
1898,0,0.19288483262062073,0
1899,0,0.19288483262062073,0
1900,0,0.19288483262062073,0
1901,0,0.19288483262062073,0
1902,0,0.19288483262062073,0
1903,0,0.19288483262062073,0
1904,0,0.19288483262062073,0
1905,0,0.19288483262062073,0
1906,0,0.19288483262062073,0
1907,0,0.19288483262062073,0
1908,0,0.19729886949062347,1
1909,0,0.19729886949062347,0
1910,0,0.19729886949062347,0
1911,0,0.19729886949062347,0
1912,0,0.19729886949062347,0
1913,0,0.19729886949062347,0
1914,0,0.19729886949062347,0
1915,0,0.19729886949062347,0
1916,0,0.19729886949062347,0
1917,0,0.4135086238384247,1
1918,0,0.4135086238384247,0
1919,0,0.4135086238384247,0
1920,0,0.4135086238384247,0
1921,0,0.4135086238384247,0
1922,0,0.4135086238384247,0
1923,0,0.24054107069969177,1
1924,0,0.24054107069969177,0
1925,0,0.24054107069969177,0
1926,0,0.24054107069969177,0
1927,0,0.24054107069969177,0
1928,0,0.24054107069969177,0
1929,0,0.24054107069969177,0
1930,0,0.24054107069969177,0
1931,0,0.24054107069969177,0
1932,0,0.24054107069969177,0
1933,0,0.24054107069969177,0
1934,0,0.24054107069969177,0
1935,0,0.24054107069969177,0
1936,0,0.24054107069969177,0
1937,0,0.24116358160972595,1
1938,0,0.24116358160972595,0
1939,0,0.24116358160972595,0
1940,0,0.24116358160972595,0
1941,0,0.24116358160972595,0
1942,0,0.24116358160972595,0
1943,0,0.24116358160972595,0
1944,0,0.24116358160972595,0
1945,0,0.24116358160972595,0
1946,0,0.24116358160972595,0
1947,0,0.24116358160972595,0
1948,0,0.24116358160972595,0
1949,0,0.24116358160972595,0
1950,0,0.24116358160972595,0
1951,0,0.24116358160972595,0
1952,0,0.5410587787628174,1
1953,0,0.5410587787628174,0
1954,0,0.19678467512130737,1
1955,0,0.19678467512130737,0
1956,0,0.19678467512130737,0
1957,0,0.19678467512130737,0
1958,0,0.19678467512130737,0
1959,0,0.19678467512130737,0
1960,0,0.19678467512130737,0
1961,0,0.19678467512130737,0
1962,0,0.19678467512130737,0
1963,0,0.19678467512130737,0
1964,0,0.19678467512130737,0
1965,0,0.19678467512130737,0
1966,0,0.20261013507843018,1
1967,0,0.20261013507843018,0
1968,0,0.20261013507843018,0
1969,0,0.20261013507843018,0
1970,0,0.20261013507843018,0
1971,0,0.20261013507843018,0
1972,0,0.20261013507843018,0
1973,0,0.20261013507843018,0
1974,0,0.20261013507843018,0
1975,0,0.20261013507843018,0
1976,0,0.39158716797828674,1
1977,0,0.39158716797828674,0
1978,0,0.39158716797828674,0
1979,0,0.39158716797828674,0
1980,0,0.39158716797828674,0
1981,0,0.39158716797828674,0
1982,0,0.39158716797828674,0
1983,0,0.23815420269966125,1
1984,0,0.23815420269966125,0
1985,0,0.23815420269966125,0
1986,0,0.23815420269966125,0
1987,0,0.23815420269966125,0
1988,0,0.23815420269966125,0
1989,0,0.23815420269966125,0
1990,0,0.23815420269966125,0
1991,0,0.23815420269966125,0
1992,0,0.23815420269966125,0
1993,0,0.23815420269966125,0
1994,0,0.23815420269966125,0
1995,0,0.23815420269966125,0
1996,0,0.23815420269966125,0
1997,0,0.23815420269966125,0
1998,0,0.1919320821762085,1
1999,0,0.1919320821762085,0
2000,0,0.8974448442459106,1
2001,0,0.8974448442459106,0
2002,0,0.8974448442459106,0
2003,0,0.8974448442459106,0
2004,0,0.8974448442459106,0
2005,0,0.8974448442459106,0
2006,0,0.3395760953426361,1
2007,0,0.18770916759967804,1
2008,0,0.18770916759967804,0
2009,0,0.18770916759967804,0
2010,0,0.18770916759967804,0
2011,0,0.18770916759967804,0
2012,0,0.18770916759967804,0
2013,0,0.23708465695381165,1
2014,0,0.23708465695381165,0
2015,0,0.23708465695381165,0
2016,0,0.23708465695381165,0
2017,0,0.23708465695381165,0
2018,0,0.23708465695381165,0
2019,0,0.23708465695381165,0
2020,0,0.23708465695381165,0
2021,0,0.23708465695381165,0
2022,0,0.23708465695381165,0
2023,0,0.23708465695381165,0
2024,0,0.23708465695381165,0
2025,0,0.23708465695381165,0
2026,0,0.21107444167137146,1
2027,0,0.21107444167137146,0
2028,0,0.21107444167137146,0
2029,0,0.21107444167137146,0
2030,0,0.21107444167137146,0
2031,0,0.21107444167137146,0
2032,0,0.21107444167137146,0
2033,0,0.21107444167137146,0
2034,0,0.21107444167137146,0
2035,0,0.22725005447864532,1
2036,0,0.3292468786239624,1
2037,0,0.3292468786239624,0
2038,0,0.3292468786239624,0
2039,0,0.3292468786239624,0
2040,0,0.3292468786239624,0
2041,0,0.25422558188438416,1
2042,0,0.25422558188438416,0
2043,0,0.25422558188438416,0
2044,0,0.25422558188438416,0
2045,0,0.25422558188438416,0
2046,0,0.25422558188438416,0
2047,0,0.25422558188438416,0
2048,0,0.25422558188438416,0
2049,0,0.25422558188438416,0
2050,0,0.25422558188438416,0
2051,0,0.25422558188438416,0
2052,0,0.25422558188438416,0
2053,0,0.25422558188438416,0
2054,0,0.25422558188438416,0
2055,0,0.25422558188438416,0
2056,0,0.25422558188438416,0
2057,0,0.25422558188438416,0
2058,0,0.25422558188438416,0
2059,0,0.25422558188438416,0
2060,0,0.25422558188438416,0
2061,0,0.25422558188438416,0
2062,0,0.25422558188438416,0
2063,0,0.25422558188438416,0
2064,0,0.25422558188438416,0
2065,0,0.25422558188438416,0
2066,0,0.3283368945121765,1
2067,0,0.19971296191215515,1
2068,0,0.19971296191215515,0
2069,0,0.19971296191215515,0
2070,0,0.19971296191215515,0
2071,0,0.19971296191215515,0
2072,0,0.19971296191215515,0
2073,0,0.23651382327079773,1
2074,0,0.23651382327079773,0
2075,0,0.23651382327079773,0
2076,0,0.23651382327079773,0
2077,0,0.23651382327079773,0
2078,0,0.23651382327079773,0
2079,0,0.23651382327079773,0
2080,0,0.23651382327079773,0
2081,0,0.23651382327079773,0
2082,0,0.23651382327079773,0
2083,0,0.23651382327079773,0
2084,0,0.23651382327079773,0
2085,0,0.23651382327079773,0
2086,0,0.23651382327079773,0
2087,0,0.19907094538211823,1
2088,0,0.19907094538211823,0
2089,0,0.19907094538211823,0
2090,0,0.19907094538211823,0
2091,0,0.19907094538211823,0
2092,0,0.19907094538211823,0
2093,0,0.19907094538211823,0
2094,0,0.19907094538211823,0
2095,0,0.19907094538211823,0
2096,0,0.34646812081336975,1
2097,0,0.34646812081336975,0
2098,0,0.34646812081336975,0
2099,0,0.34646812081336975,0
2100,0,0.34646812081336975,0
2101,0,0.34646812081336975,0
2102,0,0.5269259810447693,1
2103,0,0.5269259810447693,0
2104,0,0.5269259810447693,0
2105,0,0.5269259810447693,0
2106,0,0.5269259810447693,0
2107,0,0.5269259810447693,0
2108,0,0.5269259810447693,0
2109,0,0.5269259810447693,0
2110,0,0.5269259810447693,0
2111,0,0.5269259810447693,0
2112,0,0.5269259810447693,0
2113,0,0.5269259810447693,0
2114,0,0.5269259810447693,0
2115,0,0.5269259810447693,0
2116,0,0.5269259810447693,0
2117,0,0.5269259810447693,0
2118,0,0.21139758825302124,1
2119,0,0.21139758825302124,0
2120,0,0.21139758825302124,0
2121,0,0.21139758825302124,0
2122,0,0.21139758825302124,0
2123,0,0.21139758825302124,0
2124,0,0.21139758825302124,0
2125,0,0.21139758825302124,0
2126,0,0.4147159457206726,1
2127,0,0.4147159457206726,0
2128,0,0.4147159457206726,0
2129,0,0.4147159457206726,0
2130,0,0.4147159457206726,0
2131,0,0.4147159457206726,0
2132,0,0.376128613948822,1
2133,0,0.376128613948822,0
2134,0,0.376128613948822,0
2135,0,0.376128613948822,0
2136,0,0.376128613948822,0
2137,0,0.376128613948822,0
2138,0,0.376128613948822,0
2139,0,0.376128613948822,0
2140,0,0.376128613948822,0
2141,0,0.376128613948822,0
2142,0,0.376128613948822,0
2143,0,0.376128613948822,0
2144,0,0.376128613948822,0
2145,0,0.376128613948822,0
2146,0,0.376128613948822,0
2147,0,0.376128613948822,0
2148,0,0.20124492049217224,1
2149,0,0.20124492049217224,0
2150,0,0.20124492049217224,0
2151,0,0.20124492049217224,0
2152,0,0.20124492049217224,0
2153,0,0.20124492049217224,0
2154,0,0.20124492049217224,0
2155,0,0.20124492049217224,0
2156,0,0.342542827129364,1
2157,0,0.342542827129364,0
2158,0,0.342542827129364,0
2159,0,0.342542827129364,0
2160,0,0.342542827129364,0
2161,0,0.342542827129364,0
2162,0,0.3695048987865448,1
2163,0,0.3695048987865448,0
2164,0,0.3695048987865448,0
2165,0,0.3695048987865448,0
2166,0,0.3695048987865448,0
2167,0,0.3695048987865448,0
2168,0,0.3695048987865448,0
2169,0,0.3695048987865448,0
2170,0,0.3695048987865448,0
2171,0,0.3695048987865448,0
2172,0,0.3695048987865448,0
2173,0,0.3695048987865448,0
2174,0,0.3695048987865448,0
2175,0,0.3695048987865448,0
2176,0,0.3695048987865448,0
2177,0,0.3695048987865448,0
2178,0,0.1930255889892578,1
2179,0,0.1930255889892578,0
2180,0,0.1930255889892578,0
2181,0,0.1930255889892578,0
2182,0,0.1930255889892578,0
2183,0,0.1930255889892578,0
2184,0,0.1930255889892578,0
2185,0,0.1930255889892578,0
2186,0,0.4061153531074524,1
2187,0,0.4061153531074524,0
2188,0,0.4061153531074524,0
2189,0,0.4061153531074524,0
2190,0,0.4061153531074524,0
2191,0,0.4061153531074524,0
2192,0,0.4061153531074524,0
2193,0,0.2361001968383789,1
2194,0,0.2361001968383789,0
2195,0,0.2361001968383789,0
2196,0,0.2361001968383789,0
2197,0,0.2361001968383789,0
2198,0,0.2361001968383789,0
2199,0,0.2361001968383789,0
2200,0,0.2361001968383789,0
2201,0,0.2361001968383789,0
2202,0,0.2361001968383789,0
2203,0,0.2361001968383789,0
2204,0,0.2361001968383789,0
2205,0,0.2361001968383789,0
2206,0,0.2361001968383789,0
2207,0,0.2889874577522278,1
2208,0,0.2889874577522278,0
2209,0,0.2889874577522278,0
2210,0,0.2889874577522278,0
2211,0,0.2889874577522278,0
2212,0,0.2889874577522278,0
2213,0,0.2889874577522278,0
2214,0,0.2889874577522278,0
2215,0,0.2889874577522278,0
2216,0,0.409736305475235,1
2217,0,0.409736305475235,0
2218,0,0.409736305475235,0
2219,0,0.409736305475235,0
2220,0,0.409736305475235,0
2221,0,0.409736305475235,0
2222,0,0.409736305475235,0
2223,0,0.22065113484859467,1
2224,0,0.22065113484859467,0
2225,0,0.22065113484859467,0
2226,0,0.22065113484859467,0
2227,0,0.22065113484859467,0
2228,0,0.22065113484859467,0
2229,0,0.22065113484859467,0
2230,0,0.22065113484859467,0
2231,0,0.22065113484859467,0
2232,0,0.22065113484859467,0
2233,0,0.22065113484859467,0
2234,0,0.22065113484859467,0
2235,0,0.22065113484859467,0
2236,0,0.22065113484859467,0
2237,0,0.22065113484859467,0
2238,0,0.22065113484859467,0
2239,0,0.22065113484859467,0
2240,0,0.22065113484859467,0
2241,0,0.22065113484859467,0
2242,0,0.22065113484859467,0
2243,0,0.22065113484859467,0
2244,0,0.22065113484859467,0
2245,0,0.22065113484859467,0
2246,0,0.22065113484859467,0
2247,0,0.22065113484859467,0
2248,0,0.22065113484859467,0
2249,0,0.22065113484859467,0
2250,0,0.8986306190490723,1
2251,0,0.8986306190490723,0
2252,0,0.5126956105232239,1
2253,0,0.5126956105232239,0
2254,0,0.5126956105232239,0
2255,0,0.5126956105232239,0
2256,0,0.5126956105232239,0
2257,0,0.5126956105232239,0
2258,0,0.5126956105232239,0
2259,0,0.5126956105232239,0
2260,0,0.5126956105232239,0
2261,0,0.5126956105232239,0
2262,0,0.5126956105232239,0
2263,0,0.5126956105232239,0
2264,0,0.5126956105232239,0
2265,0,0.5126956105232239,0
2266,0,0.20124593377113342,1
2267,0,0.20124593377113342,0
2268,0,0.20124593377113342,0
2269,0,0.20124593377113342,0
2270,0,0.20124593377113342,0
2271,0,0.20124593377113342,0
2272,0,0.20124593377113342,0
2273,0,0.20124593377113342,0
2274,0,0.20124593377113342,0
2275,0,0.20124593377113342,0
2276,0,0.40407052636146545,1
2277,0,0.40407052636146545,0
2278,0,0.40407052636146545,0
2279,0,0.40407052636146545,0
2280,0,0.40407052636146545,0
2281,0,0.2349729835987091,1
2282,0,0.24780884385108948,1
2283,0,0.24780884385108948,0
2284,0,0.24780884385108948,0
2285,0,0.24780884385108948,0
2286,0,0.24780884385108948,0
2287,0,0.24780884385108948,0
2288,0,0.24780884385108948,0
2289,0,0.24780884385108948,0
2290,0,0.24780884385108948,0
2291,0,0.24780884385108948,0
2292,0,0.24780884385108948,0
2293,0,0.24780884385108948,0
2294,0,0.24780884385108948,0
2295,0,0.24780884385108948,0
2296,0,0.24780884385108948,0
2297,0,0.24780884385108948,0
2298,0,0.20478709042072296,1
2299,0,0.20478709042072296,0
2300,0,0.20478709042072296,0
2301,0,0.20478709042072296,0
2302,0,0.20478709042072296,0
2303,0,0.20478709042072296,0
2304,0,0.20478709042072296,0
2305,0,0.20478709042072296,0
2306,0,0.3508026599884033,1
2307,0,0.3508026599884033,0
2308,0,0.3508026599884033,0
2309,0,0.3508026599884033,0
2310,0,0.3508026599884033,0
2311,0,0.3508026599884033,0
2312,0,0.3508026599884033,0
2313,0,0.25712069869041443,1
2314,0,0.25712069869041443,0
2315,0,0.25712069869041443,0
2316,0,0.25712069869041443,0
2317,0,0.25712069869041443,0
2318,0,0.25712069869041443,0
2319,0,0.25712069869041443,0
2320,0,0.25712069869041443,0
2321,0,0.25712069869041443,0
2322,0,0.25712069869041443,0
2323,0,0.25712069869041443,0
2324,0,0.25712069869041443,0
2325,0,0.25712069869041443,0
2326,0,0.25712069869041443,0
2327,0,0.2256094217300415,1
2328,0,0.2256094217300415,0
2329,0,0.2256094217300415,0
2330,0,0.2256094217300415,0
2331,0,0.2256094217300415,0
2332,0,0.2256094217300415,0
2333,0,0.2256094217300415,0
2334,0,0.2256094217300415,0
2335,0,0.2256094217300415,0
2336,0,0.33821552991867065,1
2337,0,0.33821552991867065,0
2338,0,0.33821552991867065,0
2339,0,0.33821552991867065,0
2340,0,0.33821552991867065,0
2341,0,0.33821552991867065,0
2342,0,0.33821552991867065,0
2343,0,0.23835289478302002,1
2344,0,0.23835289478302002,0
2345,0,0.23835289478302002,0
2346,0,0.23835289478302002,0
2347,0,0.23835289478302002,0
2348,0,0.23835289478302002,0
2349,0,0.23835289478302002,0
2350,0,0.23835289478302002,0
2351,0,0.23835289478302002,0
2352,0,0.23835289478302002,0
2353,0,0.23835289478302002,0
2354,0,0.23835289478302002,0
2355,0,0.23835289478302002,0
2356,0,0.23835289478302002,0
2357,0,0.2599136233329773,1
2358,0,0.2599136233329773,0
2359,0,0.2599136233329773,0
2360,0,0.2599136233329773,0
2361,0,0.2599136233329773,0
2362,0,0.2599136233329773,0
2363,0,0.2599136233329773,0
2364,0,0.2599136233329773,0
2365,0,0.2599136233329773,0
2366,0,0.2876814007759094,1
2367,0,0.19910860061645508,1
2368,0,0.19910860061645508,0
2369,0,0.19910860061645508,0
2370,0,0.19910860061645508,0
2371,0,0.19910860061645508,0
2372,0,0.19910860061645508,0
2373,0,0.22847309708595276,1
2374,0,0.22847309708595276,0
2375,0,0.22847309708595276,0
2376,0,0.22847309708595276,0
2377,0,0.22847309708595276,0
2378,0,0.22847309708595276,0
2379,0,0.22847309708595276,0
2380,0,0.22847309708595276,0
2381,0,0.22847309708595276,0
2382,0,0.22847309708595276,0
2383,0,0.22847309708595276,0
2384,0,0.22847309708595276,0
2385,0,0.22847309708595276,0
2386,0,0.22847309708595276,0
2387,0,0.22847309708595276,0
2388,0,0.22847309708595276,0
2389,0,0.22847309708595276,0
2390,0,0.22847309708595276,0
2391,0,0.22847309708595276,0
2392,0,0.22847309708595276,0
2393,0,0.22847309708595276,0
2394,0,0.22847309708595276,0
2395,0,0.22847309708595276,0
2396,0,0.22847309708595276,0
2397,0,0.22847309708595276,0
2398,0,0.22847309708595276,0
2399,0,0.22847309708595276,0
2400,0,0.22847309708595276,0
2401,0,0.22847309708595276,0
2402,0,0.5261742472648621,1
2403,0,0.5261742472648621,0
2404,0,0.5261742472648621,0
2405,0,0.5261742472648621,0
2406,0,0.5261742472648621,0
2407,0,0.5261742472648621,0
2408,0,0.5261742472648621,0
2409,0,0.5261742472648621,0
2410,0,0.5261742472648621,0
2411,0,0.5261742472648621,0
2412,0,0.5261742472648621,0
2413,0,0.5261742472648621,0
2414,0,0.5261742472648621,0
2415,0,0.5261742472648621,0
2416,0,0.5261742472648621,0
2417,0,0.5261742472648621,0
2418,0,0.20005576312541962,1
2419,0,0.20005576312541962,0
2420,0,0.20005576312541962,0
2421,0,0.20005576312541962,0
2422,0,0.20005576312541962,0
2423,0,0.20005576312541962,0
2424,0,0.20005576312541962,0
2425,0,0.20005576312541962,0
2426,0,0.4259055256843567,1
2427,0,0.4259055256843567,0
2428,0,0.4259055256843567,0
2429,0,0.4259055256843567,0
2430,0,0.4259055256843567,0
2431,0,0.4259055256843567,0
2432,0,0.2140684872865677,1
2433,0,0.23093050718307495,1
2434,0,0.23093050718307495,0
2435,0,0.23093050718307495,0
2436,0,0.23093050718307495,0
2437,0,0.23093050718307495,0
2438,0,0.23093050718307495,0
2439,0,0.23093050718307495,0
2440,0,0.23093050718307495,0
2441,0,0.23093050718307495,0
2442,0,0.23093050718307495,0
2443,0,0.23093050718307495,0
2444,0,0.23093050718307495,0
2445,0,0.23093050718307495,0
2446,0,0.23093050718307495,0
2447,0,0.23093050718307495,0
2448,0,0.23093050718307495,0
2449,0,0.23093050718307495,0
2450,0,0.23093050718307495,0
2451,0,0.23093050718307495,0
2452,0,0.23093050718307495,0
2453,0,0.23093050718307495,0
2454,0,0.23093050718307495,0
2455,0,0.23093050718307495,0
2456,0,0.38524705171585083,1
2457,0,0.38524705171585083,0
2458,0,0.38524705171585083,0
2459,0,0.38524705171585083,0
2460,0,0.38524705171585083,0
2461,0,0.38524705171585083,0
2462,0,0.38524705171585083,0
2463,0,0.24036788940429688,1
2464,0,0.24036788940429688,0
2465,0,0.24036788940429688,0
2466,0,0.24036788940429688,0
2467,0,0.24036788940429688,0
2468,0,0.24036788940429688,0
2469,0,0.24036788940429688,0
2470,0,0.24036788940429688,0
2471,0,0.24036788940429688,0
2472,0,0.24036788940429688,0
2473,0,0.24036788940429688,0
2474,0,0.24036788940429688,0
2475,0,0.24036788940429688,0
2476,0,0.24036788940429688,0
2477,0,0.2991604804992676,1
2478,0,0.2991604804992676,0
2479,0,0.2991604804992676,0
2480,0,0.2991604804992676,0
2481,0,0.2991604804992676,0
2482,0,0.2991604804992676,0
2483,0,0.2991604804992676,0
2484,0,0.2991604804992676,0
2485,0,0.2991604804992676,0
2486,0,0.3266269266605377,1
2487,0,0.3266269266605377,0
2488,0,0.3266269266605377,0
2489,0,0.3266269266605377,0
2490,0,0.3266269266605377,0
2491,0,0.3266269266605377,0
2492,0,0.3266269266605377,0
2493,0,0.24690967798233032,1
2494,0,0.24690967798233032,0
2495,0,0.24690967798233032,0
2496,0,0.24690967798233032,0
2497,0,0.24690967798233032,0
2498,0,0.24690967798233032,0
2499,0,0.24690967798233032,0
2500,0,0.8999497890472412,1
2501,0,0.8999497890472412,0
2502,0,0.8999497890472412,0
2503,0,0.8999497890472412,0
2504,0,0.8999497890472412,0
2505,0,0.8999497890472412,0
2506,0,0.8999497890472412,0
2507,0,0.8999497890472412,0
2508,0,0.8999497890472412,0
2509,0,0.19318273663520813,1
2510,0,0.19318273663520813,0
2511,0,0.19318273663520813,0
2512,0,0.19318273663520813,0
2513,0,0.19318273663520813,0
2514,0,0.19318273663520813,0
2515,0,0.19318273663520813,0
2516,0,0.19318273663520813,0
2517,0,0.2954190969467163,1
2518,0,0.2954190969467163,0
2519,0,0.2954190969467163,0
2520,0,0.2954190969467163,0
2521,0,0.2954190969467163,0
2522,0,0.2954190969467163,0
2523,0,0.2954190969467163,0
2524,0,0.22117413580417633,1
2525,0,0.22117413580417633,0
2526,0,0.22117413580417633,0
2527,0,0.22117413580417633,0
2528,0,0.22117413580417633,0
2529,0,0.22117413580417633,0
2530,0,0.22117413580417633,0
2531,0,0.22117413580417633,0
2532,0,0.22117413580417633,0
2533,0,0.22117413580417633,0
2534,0,0.22117413580417633,0
2535,0,0.22117413580417633,0
2536,0,0.22117413580417633,0
2537,0,0.22117413580417633,0
2538,0,0.22117413580417633,0
2539,0,0.22117413580417633,0
2540,0,0.22117413580417633,0
2541,0,0.22117413580417633,0
2542,0,0.22117413580417633,0
2543,0,0.22117413580417633,0
2544,0,0.22117413580417633,0
2545,0,0.22117413580417633,0
2546,0,0.22117413580417633,0
2547,0,0.22117413580417633,0
2548,0,0.22117413580417633,0
2549,0,0.22117413580417633,0
2550,0,0.22117413580417633,0
2551,0,0.22117413580417633,0
2552,0,0.22117413580417633,0
2553,0,0.529401957988739,1
2554,0,0.529401957988739,0
2555,0,0.529401957988739,0
2556,0,0.529401957988739,0
2557,0,0.529401957988739,0
2558,0,0.529401957988739,0
2559,0,0.529401957988739,0
2560,0,0.529401957988739,0
2561,0,0.529401957988739,0
2562,0,0.529401957988739,0
2563,0,0.529401957988739,0
2564,0,0.529401957988739,0
2565,0,0.529401957988739,0
2566,0,0.529401957988739,0
2567,0,0.529401957988739,0
2568,0,0.33215129375457764,1
2569,0,0.33215129375457764,0
2570,0,0.33215129375457764,0
2571,0,0.33215129375457764,0
2572,0,0.33215129375457764,0
2573,0,0.33215129375457764,0
2574,0,0.33215129375457764,0
2575,0,0.33215129375457764,0
2576,0,0.33215129375457764,0
2577,0,0.41194212436676025,1
2578,0,0.41194212436676025,0
2579,0,0.41194212436676025,0
2580,0,0.41194212436676025,0
2581,0,0.41194212436676025,0
2582,0,0.41194212436676025,0
2583,0,0.41194212436676025,0
2584,0,0.23044419288635254,1
2585,0,0.23044419288635254,0
2586,0,0.23044419288635254,0
2587,0,0.23044419288635254,0
2588,0,0.23044419288635254,0
2589,0,0.23044419288635254,0
2590,0,0.23044419288635254,0
2591,0,0.23044419288635254,0
2592,0,0.23044419288635254,0
2593,0,0.23044419288635254,0
2594,0,0.23044419288635254,0
2595,0,0.23044419288635254,0
2596,0,0.23044419288635254,0
2597,0,0.23044419288635254,0
2598,0,0.23044419288635254,0
2599,0,0.22328749299049377,1
2600,0,0.22328749299049377,0
2601,0,0.22328749299049377,0
2602,0,0.22328749299049377,0
2603,0,0.22328749299049377,0
2604,0,0.22328749299049377,0
2605,0,0.22328749299049377,0
2606,0,0.1849524974822998,1
2607,0,0.3259386420249939,1
2608,0,0.3259386420249939,0
2609,0,0.3259386420249939,0
2610,0,0.3259386420249939,0
2611,0,0.3259386420249939,0
2612,0,0.2468000203371048,1
2613,0,0.21096867322921753,1
2614,0,0.21096867322921753,0
2615,0,0.21096867322921753,0
2616,0,0.21096867322921753,0
2617,0,0.21096867322921753,0
2618,0,0.21096867322921753,0
2619,0,0.21096867322921753,0
2620,0,0.21096867322921753,0
2621,0,0.21096867322921753,0
2622,0,0.21096867322921753,0
2623,0,0.21096867322921753,0
2624,0,0.21096867322921753,0
2625,0,0.21096867322921753,0
2626,0,0.21096867322921753,0
2627,0,0.21096867322921753,0
2628,0,0.21096867322921753,0
2629,0,0.1922927349805832,1
2630,0,0.1922927349805832,0
2631,0,0.1922927349805832,0
2632,0,0.1922927349805832,0
2633,0,0.1922927349805832,0
2634,0,0.1922927349805832,0
2635,0,0.1922927349805832,0
2636,0,0.1922927349805832,0
2637,0,0.3897433876991272,1
2638,0,0.3897433876991272,0
2639,0,0.3897433876991272,0
2640,0,0.3897433876991272,0
2641,0,0.3897433876991272,0
2642,0,0.3897433876991272,0
2643,0,0.3897433876991272,0
2644,0,0.24635210633277893,1
2645,0,0.24635210633277893,0
2646,0,0.24635210633277893,0
2647,0,0.24635210633277893,0
2648,0,0.24635210633277893,0
2649,0,0.24635210633277893,0
2650,0,0.24635210633277893,0
2651,0,0.24635210633277893,0
2652,0,0.24635210633277893,0
2653,0,0.24635210633277893,0
2654,0,0.24635210633277893,0
2655,0,0.24635210633277893,0
2656,0,0.24635210633277893,0
2657,0,0.24635210633277893,0
2658,0,0.3176577091217041,1
2659,0,0.3176577091217041,0
2660,0,0.3176577091217041,0
2661,0,0.3176577091217041,0
2662,0,0.3176577091217041,0
2663,0,0.3176577091217041,0
2664,0,0.3176577091217041,0
2665,0,0.3176577091217041,0
2666,0,0.3176577091217041,0
2667,0,0.3052758574485779,1
2668,0,0.3052758574485779,0
2669,0,0.3052758574485779,0
2670,0,0.3052758574485779,0
2671,0,0.3052758574485779,0
2672,0,0.3052758574485779,0
2673,0,0.3563372492790222,1
2674,0,0.3563372492790222,0
2675,0,0.3563372492790222,0
2676,0,0.3563372492790222,0
2677,0,0.3563372492790222,0
2678,0,0.3563372492790222,0
2679,0,0.3563372492790222,0
2680,0,0.3563372492790222,0
2681,0,0.3563372492790222,0
2682,0,0.3563372492790222,0
2683,0,0.3563372492790222,0
2684,0,0.3563372492790222,0
2685,0,0.3563372492790222,0
2686,0,0.3563372492790222,0
2687,0,0.3563372492790222,0
2688,0,0.3563372492790222,0
2689,0,0.3563372492790222,0
2690,0,0.3563372492790222,0
2691,0,0.3563372492790222,0
2692,0,0.3563372492790222,0
2693,0,0.3563372492790222,0
2694,0,0.3563372492790222,0
2695,0,0.3563372492790222,0
2696,0,0.3563372492790222,0
2697,0,0.1844368875026703,1
2698,0,0.1844368875026703,0
2699,0,0.1844368875026703,0
2700,0,0.1844368875026703,0
2701,0,0.1844368875026703,0
2702,0,0.1844368875026703,0
2703,0,0.5363928079605103,1
2704,0,0.5363928079605103,0
2705,0,0.5363928079605103,0
2706,0,0.5363928079605103,0
2707,0,0.5363928079605103,0
2708,0,0.5363928079605103,0
2709,0,0.5363928079605103,0
2710,0,0.5363928079605103,0
2711,0,0.5363928079605103,0
2712,0,0.5363928079605103,0
2713,0,0.5363928079605103,0
2714,0,0.5363928079605103,0
2715,0,0.5363928079605103,0
2716,0,0.5363928079605103,0
2717,0,0.5363928079605103,0
2718,0,0.5363928079605103,0
2719,0,0.19611573219299316,1
2720,0,0.19611573219299316,0
2721,0,0.19611573219299316,0
2722,0,0.19611573219299316,0
2723,0,0.19611573219299316,0
2724,0,0.19611573219299316,0
2725,0,0.19611573219299316,0
2726,0,0.19611573219299316,0
2727,0,0.4501740038394928,1
2728,0,0.4501740038394928,0
2729,0,0.4501740038394928,0
2730,0,0.4501740038394928,0
2731,0,0.4501740038394928,0
2732,0,0.4501740038394928,0
2733,0,0.2291048914194107,1
2734,0,0.23787683248519897,1
2735,0,0.23787683248519897,0
2736,0,0.23787683248519897,0
2737,0,0.23787683248519897,0
2738,0,0.23787683248519897,0
2739,0,0.23787683248519897,0
2740,0,0.23787683248519897,0
2741,0,0.23787683248519897,0
2742,0,0.23787683248519897,0
2743,0,0.23787683248519897,0
2744,0,0.23787683248519897,0
2745,0,0.23787683248519897,0
2746,0,0.23787683248519897,0
2747,0,0.23787683248519897,0
2748,0,0.23787683248519897,0
2749,0,0.2236127406358719,1
2750,0,0.8994598984718323,1
2751,0,0.8994598984718323,0
2752,0,0.8994598984718323,0
2753,0,0.8994598984718323,0
2754,0,0.8994598984718323,0
2755,0,0.8994598984718323,0
2756,0,0.8994598984718323,0
2757,0,0.35352376103401184,1
2758,0,0.35352376103401184,0
2759,0,0.35352376103401184,0
2760,0,0.35352376103401184,0
2761,0,0.35352376103401184,0
2762,0,0.35352376103401184,0
2763,0,0.35352376103401184,0
2764,0,0.2382456362247467,1
2765,0,0.2382456362247467,0
2766,0,0.2382456362247467,0
2767,0,0.2382456362247467,0
2768,0,0.2382456362247467,0
2769,0,0.2382456362247467,0
2770,0,0.2382456362247467,0
2771,0,0.2382456362247467,0
2772,0,0.2382456362247467,0
2773,0,0.2382456362247467,0
2774,0,0.2382456362247467,0
2775,0,0.2382456362247467,0
2776,0,0.2382456362247467,0
2777,0,0.2382456362247467,0
2778,0,0.2382456362247467,0
2779,0,0.21775396168231964,1
2780,0,0.21775396168231964,0
2781,0,0.21775396168231964,0
2782,0,0.21775396168231964,0
2783,0,0.21775396168231964,0
2784,0,0.21775396168231964,0
2785,0,0.21775396168231964,0
2786,0,0.21775396168231964,0
2787,0,0.3080972135066986,1
2788,0,0.3080972135066986,0
2789,0,0.3080972135066986,0
2790,0,0.3080972135066986,0
2791,0,0.3080972135066986,0
2792,0,0.3080972135066986,0
2793,0,0.3080972135066986,0
2794,0,0.24536918103694916,1
2795,0,0.24536918103694916,0
2796,0,0.24536918103694916,0
2797,0,0.24536918103694916,0
2798,0,0.24536918103694916,0
2799,0,0.24536918103694916,0
2800,0,0.24536918103694916,0
2801,0,0.24536918103694916,0
2802,0,0.24536918103694916,0
2803,0,0.24536918103694916,0
2804,0,0.24536918103694916,0
2805,0,0.24536918103694916,0
2806,0,0.24536918103694916,0
2807,0,0.24536918103694916,0
2808,0,0.24536918103694916,0
2809,0,0.1908348798751831,1
2810,0,0.1908348798751831,0
2811,0,0.1908348798751831,0
2812,0,0.1908348798751831,0
2813,0,0.1908348798751831,0
2814,0,0.1908348798751831,0
2815,0,0.1908348798751831,0
2816,0,0.1908348798751831,0
2817,0,0.3023637533187866,1
2818,0,0.3023637533187866,0
2819,0,0.3023637533187866,0
2820,0,0.3023637533187866,0
2821,0,0.3023637533187866,0
2822,0,0.3023637533187866,0
2823,0,0.3023637533187866,0
2824,0,0.2301751673221588,1
2825,0,0.2301751673221588,0
2826,0,0.2301751673221588,0
2827,0,0.2301751673221588,0
2828,0,0.2301751673221588,0
2829,0,0.2301751673221588,0
2830,0,0.2301751673221588,0
2831,0,0.2301751673221588,0
2832,0,0.2301751673221588,0
2833,0,0.2301751673221588,0
2834,0,0.2301751673221588,0
2835,0,0.2301751673221588,0
2836,0,0.2301751673221588,0
2837,0,0.2301751673221588,0
2838,0,0.23753517866134644,1
2839,0,0.23753517866134644,0
2840,0,0.23753517866134644,0
2841,0,0.23753517866134644,0
2842,0,0.23753517866134644,0
2843,0,0.23753517866134644,0
2844,0,0.23753517866134644,0
2845,0,0.23753517866134644,0
2846,0,0.23753517866134644,0
2847,0,0.23753517866134644,0
2848,0,0.23753517866134644,0
2849,0,0.23753517866134644,0
2850,0,0.23753517866134644,0
2851,0,0.23753517866134644,0
2852,0,0.23753517866134644,0
2853,0,0.525233268737793,1
2854,0,0.525233268737793,0
2855,0,0.20053613185882568,1
2856,0,0.20053613185882568,0
2857,0,0.20053613185882568,0
2858,0,0.20053613185882568,0
2859,0,0.20053613185882568,0
2860,0,0.20053613185882568,0
2861,0,0.20053613185882568,0
2862,0,0.20053613185882568,0
2863,0,0.20053613185882568,0
2864,0,0.20053613185882568,0
2865,0,0.20053613185882568,0
2866,0,0.20053613185882568,0
2867,0,0.20053613185882568,0
2868,0,0.20053613185882568,0
2869,0,0.20485138893127441,1
2870,0,0.20485138893127441,0
2871,0,0.20485138893127441,0
2872,0,0.20485138893127441,0
2873,0,0.20485138893127441,0
2874,0,0.20485138893127441,0
2875,0,0.20485138893127441,0
2876,0,0.20485138893127441,0
2877,0,0.42673155665397644,1
2878,0,0.42673155665397644,0
2879,0,0.42673155665397644,0
2880,0,0.42673155665397644,0
2881,0,0.42673155665397644,0
2882,0,0.42673155665397644,0
2883,0,0.214033305644989,1
2884,0,0.23253324627876282,1
2885,0,0.23253324627876282,0
2886,0,0.23253324627876282,0
2887,0,0.23253324627876282,0
2888,0,0.23253324627876282,0
2889,0,0.23253324627876282,0
2890,0,0.23253324627876282,0
2891,0,0.23253324627876282,0
2892,0,0.23253324627876282,0
2893,0,0.23253324627876282,0
2894,0,0.23253324627876282,0
2895,0,0.23253324627876282,0
2896,0,0.23253324627876282,0
2897,0,0.23253324627876282,0
2898,0,0.23253324627876282,0
2899,0,0.1955198049545288,1
2900,0,0.1955198049545288,0
2901,0,0.1955198049545288,0
2902,0,0.1955198049545288,0
2903,0,0.1955198049545288,0
2904,0,0.1955198049545288,0
2905,0,0.1955198049545288,0
2906,0,0.1955198049545288,0
2907,0,0.36659693717956543,1
2908,0,0.36659693717956543,0
2909,0,0.36659693717956543,0
2910,0,0.36659693717956543,0
2911,0,0.36659693717956543,0
2912,0,0.36659693717956543,0
2913,0,0.36659693717956543,0
2914,0,0.24694043397903442,1
2915,0,0.24694043397903442,0
2916,0,0.24694043397903442,0
2917,0,0.24694043397903442,0
2918,0,0.24694043397903442,0
2919,0,0.24694043397903442,0
2920,0,0.24694043397903442,0
2921,0,0.24694043397903442,0
2922,0,0.24694043397903442,0
2923,0,0.24694043397903442,0
2924,0,0.24694043397903442,0
2925,0,0.24694043397903442,0
2926,0,0.24694043397903442,0
2927,0,0.24694043397903442,0
2928,0,0.32015544176101685,1
2929,0,0.32015544176101685,0
2930,0,0.32015544176101685,0
2931,0,0.32015544176101685,0
2932,0,0.32015544176101685,0
2933,0,0.32015544176101685,0
2934,0,0.32015544176101685,0
2935,0,0.32015544176101685,0
2936,0,0.32015544176101685,0
2937,0,0.34434619545936584,1
2938,0,0.34434619545936584,0
2939,0,0.34434619545936584,0
2940,0,0.34434619545936584,0
2941,0,0.34434619545936584,0
2942,0,0.34434619545936584,0
2943,0,0.34434619545936584,0
2944,0,0.23948609828948975,1
2945,0,0.23948609828948975,0
2946,0,0.23948609828948975,0
2947,0,0.23948609828948975,0
2948,0,0.23948609828948975,0
2949,0,0.23948609828948975,0
2950,0,0.23948609828948975,0
2951,0,0.23948609828948975,0
2952,0,0.23948609828948975,0
2953,0,0.23948609828948975,0
2954,0,0.23948609828948975,0
2955,0,0.23948609828948975,0
2956,0,0.23948609828948975,0
2957,0,0.23948609828948975,0
2958,0,0.2865038812160492,1
2959,0,0.2865038812160492,0
2960,0,0.2865038812160492,0
2961,0,0.2865038812160492,0
2962,0,0.2865038812160492,0
2963,0,0.2865038812160492,0
2964,0,0.2865038812160492,0
2965,0,0.2865038812160492,0
2966,0,0.4161891043186188,1
2967,0,0.4161891043186188,0
2968,0,0.4161891043186188,0
2969,0,0.4161891043186188,0
2970,0,0.4161891043186188,0
2971,0,0.4161891043186188,0
2972,0,0.4161891043186188,0
2973,0,0.4161891043186188,0
2974,0,0.23706799745559692,1
2975,0,0.23706799745559692,0
2976,0,0.23706799745559692,0
2977,0,0.23706799745559692,0
2978,0,0.23706799745559692,0
2979,0,0.23706799745559692,0
2980,0,0.23706799745559692,0
2981,0,0.23706799745559692,0
2982,0,0.23706799745559692,0
2983,0,0.23706799745559692,0
2984,0,0.23706799745559692,0
2985,0,0.23706799745559692,0
2986,0,0.23706799745559692,0
2987,0,0.23706799745559692,0
2988,0,0.23706799745559692,0
2989,0,0.23706799745559692,0
2990,0,0.23706799745559692,0
2991,0,0.23706799745559692,0
2992,0,0.23706799745559692,0
2993,0,0.23706799745559692,0
2994,0,0.23706799745559692,0
2995,0,0.23706799745559692,0
2996,0,0.308942049741745,1
2997,0,0.308942049741745,0
2998,0,0.308942049741745,0
2999,0,0.308942049741745,0
3000,0,0.8996138572692871,1
3001,0,0.8996138572692871,0
3002,0,0.8996138572692871,0
3003,0,0.5142128467559814,1
3004,0,0.5142128467559814,0
3005,0,0.5142128467559814,0
3006,0,0.5142128467559814,0
3007,0,0.5142128467559814,0
3008,0,0.5142128467559814,0
3009,0,0.5142128467559814,0
3010,0,0.5142128467559814,0
3011,0,0.5142128467559814,0
3012,0,0.5142128467559814,0
3013,0,0.5142128467559814,0
3014,0,0.5142128467559814,0
3015,0,0.5142128467559814,0
3016,0,0.5142128467559814,0
3017,0,0.5142128467559814,0
3018,0,0.5142128467559814,0
3019,0,0.2018664926290512,1
3020,0,0.2018664926290512,0
3021,0,0.2018664926290512,0
3022,0,0.2018664926290512,0
3023,0,0.2018664926290512,0
3024,0,0.2018664926290512,0
3025,0,0.2018664926290512,0
3026,0,0.40850967168807983,1
3027,0,0.40850967168807983,0
3028,0,0.40850967168807983,0
3029,0,0.40850967168807983,0
3030,0,0.40850967168807983,0
3031,0,0.40850967168807983,0
3032,0,0.40850967168807983,0
3033,0,0.40850967168807983,0
3034,0,0.24012959003448486,1
3035,0,0.24012959003448486,0
3036,0,0.24012959003448486,0
3037,0,0.24012959003448486,0
3038,0,0.24012959003448486,0
3039,0,0.24012959003448486,0
3040,0,0.24012959003448486,0
3041,0,0.24012959003448486,0
3042,0,0.24012959003448486,0
3043,0,0.24012959003448486,0
3044,0,0.24012959003448486,0
3045,0,0.24012959003448486,0
3046,0,0.24012959003448486,0
3047,0,0.24012959003448486,0
3048,0,0.293506383895874,1
3049,0,0.293506383895874,0
3050,0,0.293506383895874,0
3051,0,0.293506383895874,0
3052,0,0.293506383895874,0
3053,0,0.293506383895874,0
3054,0,0.293506383895874,0
3055,0,0.293506383895874,0
3056,0,0.394536554813385,1
3057,0,0.394536554813385,0
3058,0,0.394536554813385,0
3059,0,0.394536554813385,0
3060,0,0.394536554813385,0
3061,0,0.394536554813385,0
3062,0,0.394536554813385,0
3063,0,0.394536554813385,0
3064,0,0.24036741256713867,1
3065,0,0.24036741256713867,0
3066,0,0.24036741256713867,0
3067,0,0.24036741256713867,0
3068,0,0.24036741256713867,0
3069,0,0.24036741256713867,0
3070,0,0.24036741256713867,0
3071,0,0.24036741256713867,0
3072,0,0.24036741256713867,0
3073,0,0.24036741256713867,0
3074,0,0.24036741256713867,0
3075,0,0.24036741256713867,0
3076,0,0.24036741256713867,0
3077,0,0.24036741256713867,0
3078,0,0.24036741256713867,0
3079,0,0.24036741256713867,0
3080,0,0.24036741256713867,0
3081,0,0.24036741256713867,0
3082,0,0.24036741256713867,0
3083,0,0.24036741256713867,0
3084,0,0.24036741256713867,0
3085,0,0.24036741256713867,0
3086,0,0.42919057607650757,1
3087,0,0.42919057607650757,0
3088,0,0.42919057607650757,0
3089,0,0.42919057607650757,0
3090,0,0.42919057607650757,0
3091,0,0.42919057607650757,0
3092,0,0.42919057607650757,0
3093,0,0.42919057607650757,0
3094,0,0.26032382249832153,1
3095,0,0.26032382249832153,0
3096,0,0.26032382249832153,0
3097,0,0.26032382249832153,0
3098,0,0.26032382249832153,0
3099,0,0.26032382249832153,0
3100,0,0.26032382249832153,0
3101,0,0.26032382249832153,0
3102,0,0.26032382249832153,0
3103,0,0.26032382249832153,0
3104,0,0.26032382249832153,0
3105,0,0.26032382249832153,0
3106,0,0.26032382249832153,0
3107,0,0.21511025726795197,1
3108,0,0.21511025726795197,0
3109,0,0.21511025726795197,0
3110,0,0.21511025726795197,0
3111,0,0.21511025726795197,0
3112,0,0.21511025726795197,0
3113,0,0.21511025726795197,0
3114,0,0.21511025726795197,0
3115,0,0.21511025726795197,0
3116,0,0.3551117181777954,1
3117,0,0.2506900429725647,1
3118,0,0.2506900429725647,0
3119,0,0.2506900429725647,0
3120,0,0.2506900429725647,0
3121,0,0.2506900429725647,0
3122,0,0.2506900429725647,0
3123,0,0.2762509882450104,1
3124,0,0.2762509882450104,0
3125,0,0.2762509882450104,0
3126,0,0.2762509882450104,0
3127,0,0.2762509882450104,0
3128,0,0.2762509882450104,0
3129,0,0.2762509882450104,0
3130,0,0.2762509882450104,0
3131,0,0.2762509882450104,0
3132,0,0.2762509882450104,0
3133,0,0.2762509882450104,0
3134,0,0.2762509882450104,0
3135,0,0.2762509882450104,0
3136,0,0.2762509882450104,0
3137,0,0.2762509882450104,0
3138,0,0.2762509882450104,0
3139,0,0.2762509882450104,0
3140,0,0.2762509882450104,0
3141,0,0.2762509882450104,0
3142,0,0.2762509882450104,0
3143,0,0.2762509882450104,0
3144,0,0.2762509882450104,0
3145,0,0.2762509882450104,0
3146,0,0.24469774961471558,1
3147,0,0.24469774961471558,0
3148,0,0.24469774961471558,0
3149,0,0.24469774961471558,0
3150,0,0.24469774961471558,0
3151,0,0.24469774961471558,0
3152,0,0.24469774961471558,0
3153,0,0.5404226183891296,1
3154,0,0.5404226183891296,0
3155,0,0.5404226183891296,0
3156,0,0.5404226183891296,0
3157,0,0.5404226183891296,0
3158,0,0.5404226183891296,0
3159,0,0.5404226183891296,0
3160,0,0.5404226183891296,0
3161,0,0.5404226183891296,0
3162,0,0.5404226183891296,0
3163,0,0.5404226183891296,0
3164,0,0.5404226183891296,0
3165,0,0.5404226183891296,0
3166,0,0.5404226183891296,0
3167,0,0.5404226183891296,0
3168,0,0.5404226183891296,0
3169,0,0.5404226183891296,0
3170,0,0.5404226183891296,0
3171,0,0.5404226183891296,0
3172,0,0.5404226183891296,0
3173,0,0.5404226183891296,0
3174,0,0.5404226183891296,0
3175,0,0.5404226183891296,0
3176,0,0.39077797532081604,1
3177,0,0.39077797532081604,0
3178,0,0.39077797532081604,0
3179,0,0.39077797532081604,0
3180,0,0.39077797532081604,0
3181,0,0.39077797532081604,0
3182,0,0.39077797532081604,0
3183,0,0.39077797532081604,0
3184,0,0.2413223832845688,1
3185,0,0.2413223832845688,0
3186,0,0.2413223832845688,0
3187,0,0.2413223832845688,0
3188,0,0.2413223832845688,0
3189,0,0.2413223832845688,0
3190,0,0.2413223832845688,0
3191,0,0.2413223832845688,0
3192,0,0.2413223832845688,0
3193,0,0.2413223832845688,0
3194,0,0.2413223832845688,0
3195,0,0.2413223832845688,0
3196,0,0.2413223832845688,0
3197,0,0.21861006319522858,1
3198,0,0.21861006319522858,0
3199,0,0.21861006319522858,0
3200,0,0.21861006319522858,0
3201,0,0.21861006319522858,0
3202,0,0.21861006319522858,0
3203,0,0.21861006319522858,0
3204,0,0.21861006319522858,0
3205,0,0.21861006319522858,0
3206,0,0.32182908058166504,1
3207,0,0.32182908058166504,0
3208,0,0.32182908058166504,0
3209,0,0.32182908058166504,0
3210,0,0.32182908058166504,0
3211,0,0.32182908058166504,0
3212,0,0.32182908058166504,0
3213,0,0.20463281869888306,1
3214,0,0.2443404197692871,1
3215,0,0.2443404197692871,0
3216,0,0.2443404197692871,0
3217,0,0.2443404197692871,0
3218,0,0.2443404197692871,0
3219,0,0.2443404197692871,0
3220,0,0.2443404197692871,0
3221,0,0.2443404197692871,0
3222,0,0.2443404197692871,0
3223,0,0.2443404197692871,0
3224,0,0.2443404197692871,0
3225,0,0.2443404197692871,0
3226,0,0.2443404197692871,0
3227,0,0.2443404197692871,0
3228,0,0.2443404197692871,0
3229,0,0.1971988081932068,1
3230,0,0.1971988081932068,0
3231,0,0.1971988081932068,0
3232,0,0.1971988081932068,0
3233,0,0.1971988081932068,0
3234,0,0.1971988081932068,0
3235,0,0.20447275042533875,1
3236,0,0.3248591721057892,1
3237,0,0.3248591721057892,0
3238,0,0.3248591721057892,0
3239,0,0.3248591721057892,0
3240,0,0.3248591721057892,0
3241,0,0.3248591721057892,0
3242,0,0.3248591721057892,0
3243,0,0.3248591721057892,0
3244,0,0.2504543960094452,1
3245,0,0.2504543960094452,0
3246,0,0.2504543960094452,0
3247,0,0.2504543960094452,0
3248,0,0.2504543960094452,0
3249,0,0.2504543960094452,0
3250,0,0.8982042074203491,1
3251,0,0.8982042074203491,0
3252,0,0.8982042074203491,0
3253,0,0.8982042074203491,0
3254,0,0.8982042074203491,0
3255,0,0.8982042074203491,0
3256,0,0.8982042074203491,0
3257,0,0.19876474142074585,1
3258,0,0.19876474142074585,0
3259,0,0.19876474142074585,0
3260,0,0.19876474142074585,0
3261,0,0.19876474142074585,0
3262,0,0.19876474142074585,0
3263,0,0.19876474142074585,0
3264,0,0.19876474142074585,0
3265,0,0.19876474142074585,0
3266,0,0.3196231424808502,1
3267,0,0.18240772187709808,1
3268,0,0.18240772187709808,0
3269,0,0.18240772187709808,0
3270,0,0.18240772187709808,0
3271,0,0.18240772187709808,0
3272,0,0.18240772187709808,0
3273,0,0.18240772187709808,0
3274,0,0.235521137714386,1
3275,0,0.235521137714386,0
3276,0,0.235521137714386,0
3277,0,0.235521137714386,0
3278,0,0.235521137714386,0
3279,0,0.235521137714386,0
3280,0,0.235521137714386,0
3281,0,0.235521137714386,0
3282,0,0.235521137714386,0
3283,0,0.235521137714386,0
3284,0,0.235521137714386,0
3285,0,0.235521137714386,0
3286,0,0.235521137714386,0
3287,0,0.235521137714386,0
3288,0,0.235521137714386,0
3289,0,0.235521137714386,0
3290,0,0.235521137714386,0
3291,0,0.235521137714386,0
3292,0,0.235521137714386,0
3293,0,0.235521137714386,0
3294,0,0.235521137714386,0
3295,0,0.235521137714386,0
3296,0,0.3380158841609955,1
3297,0,0.3380158841609955,0
3298,0,0.3380158841609955,0
3299,0,0.3380158841609955,0
3300,0,0.3380158841609955,0
3301,0,0.3380158841609955,0
3302,0,0.3380158841609955,0
3303,0,0.5286847949028015,1
3304,0,0.5286847949028015,0
3305,0,0.5286847949028015,0
3306,0,0.5286847949028015,0
3307,0,0.5286847949028015,0
3308,0,0.5286847949028015,0
3309,0,0.5286847949028015,0
3310,0,0.5286847949028015,0
3311,0,0.5286847949028015,0
3312,0,0.5286847949028015,0
3313,0,0.5286847949028015,0
3314,0,0.5286847949028015,0
3315,0,0.5286847949028015,0
3316,0,0.5286847949028015,0
3317,0,0.5286847949028015,0
3318,0,0.32163524627685547,1
3319,0,0.32163524627685547,0
3320,0,0.32163524627685547,0
3321,0,0.32163524627685547,0
3322,0,0.32163524627685547,0
3323,0,0.32163524627685547,0
3324,0,0.32163524627685547,0
3325,0,0.32163524627685547,0
3326,0,0.44092899560928345,1
3327,0,0.44092899560928345,0
3328,0,0.44092899560928345,0
3329,0,0.44092899560928345,0
3330,0,0.44092899560928345,0
3331,0,0.44092899560928345,0
3332,0,0.44092899560928345,0
3333,0,0.20940333604812622,1
3334,0,0.2312776744365692,1
3335,0,0.2312776744365692,0
3336,0,0.2312776744365692,0
3337,0,0.2312776744365692,0
3338,0,0.2312776744365692,0
3339,0,0.2312776744365692,0
3340,0,0.2312776744365692,0
3341,0,0.2312776744365692,0
3342,0,0.2312776744365692,0
3343,0,0.2312776744365692,0
3344,0,0.2312776744365692,0
3345,0,0.2312776744365692,0
3346,0,0.2312776744365692,0
3347,0,0.2312776744365692,0
3348,0,0.2312776744365692,0
3349,0,0.19035105407238007,1
3350,0,0.19035105407238007,0
3351,0,0.19035105407238007,0
3352,0,0.19035105407238007,0
3353,0,0.19035105407238007,0
3354,0,0.19035105407238007,0
3355,0,0.19035105407238007,0
3356,0,0.42482513189315796,1
3357,0,0.42482513189315796,0
3358,0,0.42482513189315796,0
3359,0,0.42482513189315796,0
3360,0,0.42482513189315796,0
3361,0,0.42482513189315796,0
3362,0,0.42482513189315796,0
3363,0,0.42482513189315796,0
3364,0,0.24573630094528198,1
3365,0,0.24573630094528198,0
3366,0,0.24573630094528198,0
3367,0,0.24573630094528198,0
3368,0,0.24573630094528198,0
3369,0,0.24573630094528198,0
3370,0,0.24573630094528198,0
3371,0,0.24573630094528198,0
3372,0,0.24573630094528198,0
3373,0,0.24573630094528198,0
3374,0,0.24573630094528198,0
3375,0,0.24573630094528198,0
3376,0,0.24573630094528198,0
3377,0,0.24573630094528198,0
3378,0,0.24573630094528198,0
3379,0,0.19832007586956024,1
3380,0,0.19832007586956024,0
3381,0,0.19832007586956024,0
3382,0,0.19832007586956024,0
3383,0,0.19832007586956024,0
3384,0,0.19832007586956024,0
3385,0,0.19832007586956024,0
3386,0,0.4111124873161316,1
3387,0,0.4111124873161316,0
3388,0,0.4111124873161316,0
3389,0,0.4111124873161316,0
3390,0,0.4111124873161316,0
3391,0,0.4111124873161316,0
3392,0,0.4111124873161316,0
3393,0,0.4111124873161316,0
3394,0,0.24632880091667175,1
3395,0,0.24632880091667175,0
3396,0,0.24632880091667175,0
3397,0,0.24632880091667175,0
3398,0,0.24632880091667175,0
3399,0,0.24632880091667175,0
3400,0,0.24632880091667175,0
3401,0,0.24632880091667175,0
3402,0,0.24632880091667175,0
3403,0,0.24632880091667175,0
3404,0,0.24632880091667175,0
3405,0,0.24632880091667175,0
3406,0,0.24632880091667175,0
3407,0,0.24632880091667175,0
3408,0,0.24632880091667175,0
3409,0,0.20472556352615356,1
3410,0,0.20472556352615356,0
3411,0,0.20472556352615356,0
3412,0,0.20472556352615356,0
3413,0,0.20472556352615356,0
3414,0,0.20472556352615356,0
3415,0,0.20472556352615356,0
3416,0,0.39381155371665955,1
3417,0,0.39381155371665955,0
3418,0,0.39381155371665955,0
3419,0,0.39381155371665955,0
3420,0,0.39381155371665955,0
3421,0,0.39381155371665955,0
3422,0,0.39381155371665955,0
3423,0,0.39381155371665955,0
3424,0,0.23673805594444275,1
3425,0,0.23673805594444275,0
3426,0,0.23673805594444275,0
3427,0,0.23673805594444275,0
3428,0,0.23673805594444275,0
3429,0,0.23673805594444275,0
3430,0,0.23673805594444275,0
3431,0,0.23673805594444275,0
3432,0,0.23673805594444275,0
3433,0,0.23673805594444275,0
3434,0,0.23673805594444275,0
3435,0,0.23673805594444275,0
3436,0,0.23673805594444275,0
3437,0,0.23673805594444275,0
3438,0,0.23673805594444275,0
3439,0,0.23673805594444275,0
3440,0,0.23673805594444275,0
3441,0,0.23673805594444275,0
3442,0,0.23673805594444275,0
3443,0,0.23673805594444275,0
3444,0,0.23673805594444275,0
3445,0,0.23673805594444275,0
3446,0,0.3194803297519684,1
3447,0,0.3194803297519684,0
3448,0,0.3194803297519684,0
3449,0,0.3194803297519684,0
3450,0,0.3194803297519684,0
3451,0,0.3194803297519684,0
3452,0,0.3194803297519684,0
3453,0,0.5313239097595215,1
3454,0,0.5313239097595215,0
3455,0,0.5313239097595215,0
3456,0,0.5313239097595215,0
3457,0,0.5313239097595215,0
3458,0,0.5313239097595215,0
3459,0,0.5313239097595215,0
3460,0,0.5313239097595215,0
3461,0,0.5313239097595215,0
3462,0,0.5313239097595215,0
3463,0,0.5313239097595215,0
3464,0,0.5313239097595215,0
3465,0,0.5313239097595215,0
3466,0,0.5313239097595215,0
3467,0,0.5313239097595215,0
3468,0,0.5313239097595215,0
3469,0,0.18493565917015076,1
3470,0,0.18493565917015076,0
3471,0,0.18493565917015076,0
3472,0,0.18493565917015076,0
3473,0,0.18493565917015076,0
3474,0,0.18493565917015076,0
3475,0,0.18493565917015076,0
3476,0,0.4479043483734131,1
3477,0,0.4479043483734131,0
3478,0,0.4479043483734131,0
3479,0,0.4479043483734131,0
3480,0,0.4479043483734131,0
3481,0,0.4479043483734131,0
3482,0,0.4479043483734131,0
3483,0,0.4479043483734131,0
3484,0,0.2427426129579544,1
3485,0,0.2427426129579544,0
3486,0,0.2427426129579544,0
3487,0,0.2427426129579544,0
3488,0,0.2427426129579544,0
3489,0,0.2427426129579544,0
3490,0,0.2427426129579544,0
3491,0,0.2427426129579544,0
3492,0,0.2427426129579544,0
3493,0,0.2427426129579544,0
3494,0,0.2427426129579544,0
3495,0,0.2427426129579544,0
3496,0,0.2427426129579544,0
3497,0,0.2427426129579544,0
3498,0,0.2852752208709717,1
3499,0,0.2852752208709717,0
3500,1,0.8979119062423706,1
3501,1,0.8979119062423706,0
3502,1,0.8979119062423706,0
3503,1,0.8979119062423706,0
3504,1,0.8979119062423706,0
3505,1,0.8979119062423706,0
3506,1,0.8979119062423706,0
3507,1,0.4020702838897705,1
3508,1,0.4020702838897705,0
3509,1,0.4020702838897705,0
3510,1,0.4020702838897705,0
3511,1,0.4020702838897705,0
3512,1,0.4020702838897705,0
3513,1,0.4020702838897705,0
3514,1,0.4020702838897705,0
3515,1,0.2502562999725342,1
3516,1,0.2502562999725342,0
3517,1,0.2502562999725342,0
3518,1,0.2502562999725342,0
3519,1,0.2502562999725342,0
3520,1,0.2502562999725342,0
3521,1,0.2502562999725342,0
3522,1,0.2502562999725342,0
3523,1,0.2502562999725342,0
3524,1,0.2502562999725342,0
3525,1,0.2502562999725342,0
3526,1,0.2502562999725342,0
3527,1,0.2502562999725342,0
3528,1,0.2502562999725342,0
3529,1,0.2502562999725342,0
3530,1,0.2502562999725342,0
3531,1,0.2502562999725342,0
3532,1,0.2502562999725342,0
3533,1,0.2502562999725342,0
3534,1,0.2502562999725342,0
3535,1,0.2502562999725342,0
3536,1,0.2502562999725342,0
3537,1,0.4036852717399597,1
3538,1,0.4036852717399597,0
3539,1,0.4036852717399597,0
3540,1,0.4036852717399597,0
3541,1,0.4036852717399597,0
3542,1,0.4036852717399597,0
3543,1,0.4036852717399597,0
3544,1,0.4036852717399597,0
3545,1,0.23355472087860107,1
3546,1,0.23355472087860107,0
3547,1,0.23355472087860107,0
3548,1,0.23355472087860107,0
3549,1,0.23355472087860107,0
3550,1,0.23355472087860107,0
3551,1,0.23355472087860107,0
3552,1,0.23355472087860107,0
3553,1,0.23355472087860107,0
3554,1,0.23355472087860107,0
3555,1,0.23355472087860107,0
3556,1,0.23355472087860107,0
3557,1,0.23355472087860107,0
3558,1,0.23355472087860107,0
3559,1,0.25506195425987244,1
3560,1,0.25506195425987244,0
3561,1,0.25506195425987244,0
3562,1,0.25506195425987244,0
3563,1,0.25506195425987244,0
3564,1,0.25506195425987244,0
3565,1,0.25506195425987244,0
3566,1,0.25506195425987244,0
3567,1,0.4109337627887726,1
3568,1,0.4109337627887726,0
3569,1,0.4109337627887726,0
3570,1,0.4109337627887726,0
3571,1,0.4109337627887726,0
3572,1,0.4109337627887726,0
3573,1,0.4109337627887726,0
3574,1,0.24921351671218872,1
3575,1,0.24921351671218872,0
3576,1,0.24921351671218872,0
3577,1,0.24921351671218872,0
3578,1,0.24921351671218872,0
3579,1,0.24921351671218872,0
3580,1,0.24921351671218872,0
3581,1,0.24921351671218872,0
3582,1,0.24921351671218872,0
3583,1,0.24921351671218872,0
3584,1,0.24921351671218872,0
3585,1,0.24921351671218872,0
3586,1,0.24921351671218872,0
3587,1,0.24921351671218872,0
3588,1,0.24921351671218872,0
3589,1,0.24921351671218872,0
3590,1,0.24921351671218872,0
3591,1,0.24921351671218872,0
3592,1,0.24921351671218872,0
3593,1,0.24921351671218872,0
3594,1,0.24921351671218872,0
3595,1,0.24921351671218872,0
3596,1,0.24921351671218872,0
3597,1,0.33180129528045654,1
3598,1,0.33180129528045654,0
3599,1,0.33180129528045654,0
3600,1,0.33180129528045654,0
3601,1,0.33180129528045654,0
3602,1,0.33180129528045654,0
3603,1,0.33180129528045654,0
3604,1,0.5285096764564514,1
3605,1,0.5285096764564514,0
3606,1,0.5285096764564514,0
3607,1,0.5285096764564514,0
3608,1,0.5285096764564514,0
3609,1,0.5285096764564514,0
3610,1,0.5285096764564514,0
3611,1,0.5285096764564514,0
3612,1,0.5285096764564514,0
3613,1,0.5285096764564514,0
3614,1,0.5285096764564514,0
3615,1,0.5285096764564514,0
3616,1,0.5285096764564514,0
3617,1,0.5285096764564514,0
3618,1,0.5285096764564514,0
3619,1,0.2124214768409729,1
3620,1,0.2124214768409729,0
3621,1,0.2124214768409729,0
3622,1,0.2124214768409729,0
3623,1,0.2124214768409729,0
3624,1,0.2124214768409729,0
3625,1,0.2124214768409729,0
3626,1,0.2124214768409729,0
3627,1,0.439636766910553,1
3628,1,0.439636766910553,0
3629,1,0.439636766910553,0
3630,1,0.439636766910553,0
3631,1,0.439636766910553,0
3632,1,0.439636766910553,0
3633,1,0.439636766910553,0
3634,1,0.439636766910553,0
3635,1,0.24088835716247559,1
3636,1,0.24088835716247559,0
3637,1,0.24088835716247559,0
3638,1,0.24088835716247559,0
3639,1,0.24088835716247559,0
3640,1,0.24088835716247559,0
3641,1,0.24088835716247559,0
3642,1,0.24088835716247559,0
3643,1,0.24088835716247559,0
3644,1,0.24088835716247559,0
3645,1,0.24088835716247559,0
3646,1,0.24088835716247559,0
3647,1,0.24088835716247559,0
3648,1,0.24088835716247559,0
3649,1,0.24088835716247559,0
3650,1,0.24088835716247559,0
3651,1,0.24088835716247559,0
3652,1,0.24088835716247559,0
3653,1,0.24088835716247559,0
3654,1,0.24088835716247559,0
3655,1,0.24088835716247559,0
3656,1,0.24088835716247559,0
3657,1,0.4327373504638672,1
3658,1,0.4327373504638672,0
3659,1,0.4327373504638672,0
3660,1,0.4327373504638672,0
3661,1,0.4327373504638672,0
3662,1,0.4327373504638672,0
3663,1,0.4327373504638672,0
3664,1,0.4327373504638672,0
3665,1,0.22530801594257355,1
3666,1,0.22530801594257355,0
3667,1,0.22530801594257355,0
3668,1,0.22530801594257355,0
3669,1,0.22530801594257355,0
3670,1,0.22530801594257355,0
3671,1,0.22530801594257355,0
3672,1,0.22530801594257355,0
3673,1,0.22530801594257355,0
3674,1,0.22530801594257355,0
3675,1,0.22530801594257355,0
3676,1,0.22530801594257355,0
3677,1,0.22530801594257355,0
3678,1,0.20542554557323456,1
3679,1,0.20542554557323456,0
3680,1,0.20542554557323456,0
3681,1,0.20542554557323456,0
3682,1,0.20542554557323456,0
3683,1,0.20542554557323456,0
3684,1,0.20542554557323456,0
3685,1,0.20542554557323456,0
3686,1,0.20542554557323456,0
3687,1,0.29496675729751587,1
3688,1,0.29496675729751587,0
3689,1,0.29496675729751587,0
3690,1,0.29496675729751587,0
3691,1,0.29496675729751587,0
3692,1,0.29496675729751587,0
3693,1,0.29496675729751587,0
3694,1,0.29496675729751587,0
3695,1,0.241050586104393,1
3696,1,0.241050586104393,0
3697,1,0.241050586104393,0
3698,1,0.241050586104393,0
3699,1,0.241050586104393,0
3700,1,0.241050586104393,0
3701,1,0.241050586104393,0
3702,1,0.241050586104393,0
3703,1,0.241050586104393,0
3704,1,0.241050586104393,0
3705,1,0.241050586104393,0
3706,1,0.241050586104393,0
3707,1,0.241050586104393,0
3708,1,0.25336775183677673,1
3709,1,0.25336775183677673,0
3710,1,0.25336775183677673,0
3711,1,0.25336775183677673,0
3712,1,0.25336775183677673,0
3713,1,0.25336775183677673,0
3714,1,0.25336775183677673,0
3715,1,0.20608291029930115,1
3716,1,0.2311561107635498,1
3717,1,0.45089834928512573,1
3718,1,0.22313426434993744,1
3719,1,0.22313426434993744,0
3720,1,0.22313426434993744,0
3721,1,0.22313426434993744,0
3722,1,0.22313426434993744,0
3723,1,0.22313426434993744,0
3724,1,0.22265921533107758,1
3725,1,0.22265921533107758,0
3726,1,0.22265921533107758,0
3727,1,0.22265921533107758,0
3728,1,0.22265921533107758,0
3729,1,0.22265921533107758,0
3730,1,0.22265921533107758,0
3731,1,0.22265921533107758,0
3732,1,0.22265921533107758,0
3733,1,0.22265921533107758,0
3734,1,0.22265921533107758,0
3735,1,0.22265921533107758,0
3736,1,0.22265921533107758,0
3737,1,0.22265921533107758,0
3738,1,0.22265921533107758,0
3739,1,0.22265921533107758,0
3740,1,0.22265921533107758,0
3741,1,0.22265921533107758,0
3742,1,0.22265921533107758,0
3743,1,0.22265921533107758,0
3744,1,0.22265921533107758,0
3745,1,0.22265921533107758,0
3746,1,0.22265921533107758,0
3747,1,0.3074292242527008,1
3748,1,0.22216123342514038,1
3749,1,0.22216123342514038,0
3750,1,0.8936558961868286,1
3751,1,0.8936558961868286,0
3752,1,0.8936558961868286,0
3753,1,0.8936558961868286,0
3754,1,0.5211238265037537,1
3755,1,0.5211238265037537,0
3756,1,0.5211238265037537,0
3757,1,0.5211238265037537,0
3758,1,0.5211238265037537,0
3759,1,0.5211238265037537,0
3760,1,0.5211238265037537,0
3761,1,0.5211238265037537,0
3762,1,0.5211238265037537,0
3763,1,0.5211238265037537,0
3764,1,0.5211238265037537,0
3765,1,0.5211238265037537,0
3766,1,0.5211238265037537,0
3767,1,0.5211238265037537,0
3768,1,0.5211238265037537,0
3769,1,0.5211238265037537,0
3770,1,0.5211238265037537,0
3771,1,0.5211238265037537,0
3772,1,0.5211238265037537,0
3773,1,0.5211238265037537,0
3774,1,0.5211238265037537,0
3775,1,0.5211238265037537,0
3776,1,0.5211238265037537,0
3777,1,0.3634580969810486,1
3778,1,0.3634580969810486,0
3779,1,0.3634580969810486,0
3780,1,0.3634580969810486,0
3781,1,0.3634580969810486,0
3782,1,0.3634580969810486,0
3783,1,0.2751505970954895,1
3784,1,0.2751505970954895,0
3785,1,0.2751505970954895,0
3786,1,0.2751505970954895,0
3787,1,0.2751505970954895,0
3788,1,0.2751505970954895,0
3789,1,0.2751505970954895,0
3790,1,0.2751505970954895,0
3791,1,0.2751505970954895,0
3792,1,0.2751505970954895,0
3793,1,0.2751505970954895,0
3794,1,0.2751505970954895,0
3795,1,0.2751505970954895,0
3796,1,0.2751505970954895,0
3797,1,0.2751505970954895,0
3798,1,0.2751505970954895,0
3799,1,0.2597121000289917,1
3800,1,0.2597121000289917,0
3801,1,0.2658572494983673,1
3802,1,0.2658572494983673,0
3803,1,0.2658572494983673,0
3804,1,0.2658572494983673,0
3805,1,0.2658572494983673,0
3806,1,0.2658572494983673,0
3807,1,0.4021686017513275,1
3808,1,0.24912795424461365,1
3809,1,0.24912795424461365,0
3810,1,0.24912795424461365,0
3811,1,0.24912795424461365,0
3812,1,0.24912795424461365,0
3813,1,0.24912795424461365,0
3814,1,0.24912795424461365,0
3815,1,0.269915908575058,1
3816,1,0.269915908575058,0
3817,1,0.269915908575058,0
3818,1,0.269915908575058,0
3819,1,0.269915908575058,0
3820,1,0.269915908575058,0
3821,1,0.269915908575058,0
3822,1,0.269915908575058,0
3823,1,0.269915908575058,0
3824,1,0.269915908575058,0
3825,1,0.269915908575058,0
3826,1,0.269915908575058,0
3827,1,0.269915908575058,0
3828,1,0.269915908575058,0
3829,1,0.269915908575058,0
3830,1,0.269915908575058,0
3831,1,0.269915908575058,0
3832,1,0.269915908575058,0
3833,1,0.269915908575058,0
3834,1,0.269915908575058,0
3835,1,0.269915908575058,0
3836,1,0.269915908575058,0
3837,1,0.27118998765945435,1
3838,1,0.27118998765945435,0
3839,1,0.27118998765945435,0
3840,1,0.27118998765945435,0
3841,1,0.27118998765945435,0
3842,1,0.27118998765945435,0
3843,1,0.27118998765945435,0
3844,1,0.23767372965812683,1
3845,1,0.23767372965812683,0
3846,1,0.23767372965812683,0
3847,1,0.23767372965812683,0
3848,1,0.23767372965812683,0
3849,1,0.23767372965812683,0
3850,1,0.23767372965812683,0
3851,1,0.23767372965812683,0
3852,1,0.23767372965812683,0
3853,1,0.23767372965812683,0
3854,1,0.23767372965812683,0
3855,1,0.23767372965812683,0
3856,1,0.23767372965812683,0
3857,1,0.23767372965812683,0
3858,1,0.23767372965812683,0
3859,1,0.23767372965812683,0
3860,1,0.24172911047935486,1
3861,1,0.24172911047935486,0
3862,1,0.24172911047935486,0
3863,1,0.24172911047935486,0
3864,1,0.24172911047935486,0
3865,1,0.24172911047935486,0
3866,1,0.24172911047935486,0
3867,1,0.36981531977653503,1
3868,1,0.36981531977653503,0
3869,1,0.36981531977653503,0
3870,1,0.36981531977653503,0
3871,1,0.36981531977653503,0
3872,1,0.36981531977653503,0
3873,1,0.36981531977653503,0
3874,1,0.36981531977653503,0
3875,1,0.36981531977653503,0
3876,1,0.36981531977653503,0
3877,1,0.36981531977653503,0
3878,1,0.36981531977653503,0
3879,1,0.2509095370769501,1
3880,1,0.2360510230064392,1
3881,1,0.26483309268951416,1
3882,1,0.26483309268951416,0
3883,1,0.26483309268951416,0
3884,1,0.26483309268951416,0
3885,1,0.26483309268951416,0
3886,1,0.26483309268951416,0
3887,1,0.26483309268951416,0
3888,1,0.26483309268951416,0
3889,1,0.26483309268951416,0
3890,1,0.26483309268951416,0
3891,1,0.26483309268951416,0
3892,1,0.26483309268951416,0
3893,1,0.26483309268951416,0
3894,1,0.26483309268951416,0
3895,1,0.26483309268951416,0
3896,1,0.26483309268951416,0
3897,1,0.23802021145820618,1
3898,1,0.23802021145820618,0
3899,1,0.23802021145820618,0
3900,1,0.23802021145820618,0
3901,1,0.23802021145820618,0
3902,1,0.23802021145820618,0
3903,1,0.23802021145820618,0
3904,1,0.48385119438171387,1
3905,1,0.48385119438171387,0
3906,1,0.48385119438171387,0
3907,1,0.48385119438171387,0
3908,1,0.48385119438171387,0
3909,1,0.48385119438171387,0
3910,1,0.48385119438171387,0
3911,1,0.2416071891784668,1
3912,1,0.2416071891784668,0
3913,1,0.2416071891784668,0
3914,1,0.2416071891784668,0
3915,1,0.2416071891784668,0
3916,1,0.2416071891784668,0
3917,1,0.2416071891784668,0
3918,1,0.2416071891784668,0
3919,1,0.26842573285102844,1
3920,1,0.26842573285102844,0
3921,1,0.26842573285102844,0
3922,1,0.26842573285102844,0
3923,1,0.26842573285102844,0
3924,1,0.26842573285102844,0
3925,1,0.26842573285102844,0
3926,1,0.26842573285102844,0
3927,1,0.38079410791397095,1
3928,1,0.38079410791397095,0
3929,1,0.38079410791397095,0
3930,1,0.38079410791397095,0
3931,1,0.38079410791397095,0
3932,1,0.24284449219703674,1
3933,1,0.24284449219703674,0
3934,1,0.24284449219703674,0
3935,1,0.23450523614883423,1
3936,1,0.23450523614883423,0
3937,1,0.23450523614883423,0
3938,1,0.23450523614883423,0
3939,1,0.23450523614883423,0
3940,1,0.23450523614883423,0
3941,1,0.23450523614883423,0
3942,1,0.23450523614883423,0
3943,1,0.23450523614883423,0
3944,1,0.23450523614883423,0
3945,1,0.23450523614883423,0
3946,1,0.23450523614883423,0
3947,1,0.23450523614883423,0
3948,1,0.23450523614883423,0
3949,1,0.23450523614883423,0
3950,1,0.23450523614883423,0
3951,1,0.23450523614883423,0
3952,1,0.23450523614883423,0
3953,1,0.23450523614883423,0
3954,1,0.23450523614883423,0
3955,1,0.23450523614883423,0
3956,1,0.2670259475708008,1
3957,1,0.2670259475708008,0
3958,1,0.2670259475708008,0
3959,1,0.2670259475708008,0
3960,1,0.2670259475708008,0
3961,1,0.2670259475708008,0
3962,1,0.2670259475708008,0
3963,1,0.2670259475708008,0
3964,1,0.2670259475708008,0
3965,1,0.2670259475708008,0
3966,1,0.2670259475708008,0
3967,1,0.2670259475708008,0
3968,1,0.2670259475708008,0
3969,1,0.2670259475708008,0
3970,1,0.2670259475708008,0
3971,1,0.2670259475708008,0
3972,1,0.2670259475708008,0
3973,1,0.2670259475708008,0
3974,1,0.2670259475708008,0
3975,1,0.2670259475708008,0
3976,1,0.2670259475708008,0
3977,1,0.2670259475708008,0
3978,1,0.2670259475708008,0
3979,1,0.2670259475708008,0
3980,1,0.2670259475708008,0
3981,1,0.2670259475708008,0
3982,1,0.2670259475708008,0
3983,1,0.2670259475708008,0
3984,1,0.2670259475708008,0
3985,1,0.2670259475708008,0
3986,1,0.323711633682251,1
3987,1,0.323711633682251,0
3988,1,0.323711633682251,0
3989,1,0.323711633682251,0
3990,1,0.323711633682251,0
3991,1,0.323711633682251,0
3992,1,0.323711633682251,0
3993,1,0.323711633682251,0
3994,1,0.24833092093467712,1
3995,1,0.24833092093467712,0
3996,1,0.24833092093467712,0
3997,1,0.24833092093467712,0
3998,1,0.24833092093467712,0
3999,1,0.24833092093467712,0
4000,1,0.8810666799545288,1
4001,0,0.8810666799545288,0
4002,0,0.8810666799545288,0
4003,0,0.8810666799545288,0
4004,0,0.8810666799545288,0
4005,0,0.8810666799545288,0
4006,0,0.8810666799545288,0
4007,0,0.8810666799545288,0
4008,0,0.8810666799545288,0
4009,0,0.8810666799545288,0
4010,0,0.8810666799545288,0
4011,0,0.8810666799545288,0
4012,0,0.8810666799545288,0
4013,0,0.8810666799545288,0
4014,0,0.8810666799545288,0
4015,0,0.8810666799545288,0
4016,0,0.43740084767341614,1
4017,0,0.43740084767341614,0
4018,0,0.43740084767341614,0
4019,0,0.43740084767341614,0
4020,0,0.43740084767341614,0
4021,0,0.24148383736610413,1
4022,0,0.24148383736610413,0
4023,0,0.24148383736610413,0
4024,0,0.24148383736610413,0
4025,0,0.24148383736610413,0
4026,0,0.24148383736610413,0
4027,0,0.24148383736610413,0
4028,0,0.24148383736610413,0
4029,0,0.24148383736610413,0
4030,0,0.24148383736610413,0
4031,0,0.24148383736610413,0
4032,0,0.24148383736610413,0
4033,0,0.24148383736610413,0
4034,0,0.24148383736610413,0
4035,0,0.24148383736610413,0
4036,0,0.24148383736610413,0
4037,0,0.24148383736610413,0
4038,0,0.24148383736610413,0
4039,0,0.24148383736610413,0
4040,0,0.24148383736610413,0
4041,0,0.24148383736610413,0
4042,0,0.24148383736610413,0
4043,0,0.24148383736610413,0
4044,0,0.24148383736610413,0
4045,0,0.24148383736610413,0
4046,0,0.24148383736610413,0
4047,0,0.24148383736610413,0
4048,0,0.24148383736610413,0
4049,0,0.290918231010437,1
4050,0,0.290918231010437,0
4051,0,0.290918231010437,0
4052,0,0.290918231010437,0
4053,0,0.290918231010437,0
4054,0,0.52835613489151,1
4055,0,0.52835613489151,0
4056,0,0.52835613489151,0
4057,0,0.52835613489151,0
4058,0,0.52835613489151,0
4059,0,0.52835613489151,0
4060,0,0.34083446860313416,1
4061,0,0.34083446860313416,0
4062,0,0.34083446860313416,0
4063,0,0.34083446860313416,0
4064,0,0.34083446860313416,0
4065,0,0.34083446860313416,0
4066,0,0.34083446860313416,0
4067,0,0.34083446860313416,0
4068,0,0.34083446860313416,0
4069,0,0.2543714642524719,1
4070,0,0.2543714642524719,0
4071,0,0.2543714642524719,0
4072,0,0.2543714642524719,0
4073,0,0.2543714642524719,0
4074,0,0.2543714642524719,0
4075,0,0.2543714642524719,0
4076,0,0.2873023748397827,1
4077,0,0.2873023748397827,0
4078,0,0.2873023748397827,0
4079,0,0.2873023748397827,0
4080,0,0.2873023748397827,0
4081,0,0.1919524371623993,1
4082,0,0.1919524371623993,0
4083,0,0.33492231369018555,1
4084,0,0.33492231369018555,0
4085,0,0.33492231369018555,0
4086,0,0.33492231369018555,0
4087,0,0.33492231369018555,0
4088,0,0.33492231369018555,0
4089,0,0.33492231369018555,0
4090,0,0.33492231369018555,0
4091,0,0.33492231369018555,0
4092,0,0.33492231369018555,0
4093,0,0.33492231369018555,0
4094,0,0.33492231369018555,0
4095,0,0.33492231369018555,0
4096,0,0.33492231369018555,0
4097,0,0.33492231369018555,0
4098,0,0.33492231369018555,0
4099,0,0.33492231369018555,0
4100,0,0.33492231369018555,0
4101,0,0.33492231369018555,0
4102,0,0.33492231369018555,0
4103,0,0.33492231369018555,0
4104,0,0.33492231369018555,0
4105,0,0.33492231369018555,0
4106,0,0.24711668491363525,1
4107,0,0.24711668491363525,0
4108,0,0.24711668491363525,0
4109,0,0.24711668491363525,0
4110,0,0.24711668491363525,0
4111,0,0.24711668491363525,0
4112,0,0.24711668491363525,0
4113,0,0.24711668491363525,0
4114,0,0.24711668491363525,0
4115,0,0.24711668491363525,0
4116,0,0.24711668491363525,0
4117,0,0.24711668491363525,0
4118,0,0.24711668491363525,0
4119,0,0.24711668491363525,0
4120,0,0.24711668491363525,0
4121,0,0.24711668491363525,0
4122,0,0.24711668491363525,0
4123,0,0.24711668491363525,0
4124,0,0.24711668491363525,0
4125,0,0.24711668491363525,0
4126,0,0.24711668491363525,0
4127,0,0.24711668491363525,0
4128,0,0.24711668491363525,0
4129,0,0.24711668491363525,0
4130,0,0.24711668491363525,0
4131,0,0.24711668491363525,0
4132,0,0.21113091707229614,1
4133,0,0.21113091707229614,0
4134,0,0.21113091707229614,0
4135,0,0.22930790483951569,1
4136,0,0.43244123458862305,1
4137,0,0.43244123458862305,0
4138,0,0.31067949533462524,1
4139,0,0.31067949533462524,0
4140,0,0.31067949533462524,0
4141,0,0.31067949533462524,0
4142,0,0.31067949533462524,0
4143,0,0.31067949533462524,0
4144,0,0.2668159604072571,1
4145,0,0.2668159604072571,0
4146,0,0.2668159604072571,0
4147,0,0.2668159604072571,0
4148,0,0.2668159604072571,0
4149,0,0.2005661278963089,1
4150,0,0.2005661278963089,0
4151,0,0.2005661278963089,0
4152,0,0.2005661278963089,0
4153,0,0.2005661278963089,0
4154,0,0.2005661278963089,0
4155,0,0.2005661278963089,0
4156,0,0.2005661278963089,0
4157,0,0.2005661278963089,0
4158,0,0.2005661278963089,0
4159,0,0.2005661278963089,0
4160,0,0.2005661278963089,0
4161,0,0.2005661278963089,0
4162,0,0.2005661278963089,0
4163,0,0.2005661278963089,0
4164,0,0.2005661278963089,0
4165,0,0.3268032670021057,1
4166,0,0.42300790548324585,1
4167,0,0.42300790548324585,0
4168,0,0.40337634086608887,1
4169,0,0.21550798416137695,1
4170,0,0.21550798416137695,0
4171,0,0.21550798416137695,0
4172,0,0.21550798416137695,0
4173,0,0.17585811018943787,1
4174,0,0.17585811018943787,0
4175,0,0.17585811018943787,0
4176,0,0.17585811018943787,0
4177,0,0.17585811018943787,0
4178,0,0.17585811018943787,0
4179,0,0.17585811018943787,0
4180,0,0.17585811018943787,0
4181,0,0.17585811018943787,0
4182,0,0.17585811018943787,0
4183,0,0.17585811018943787,0
4184,0,0.17585811018943787,0
4185,0,0.17585811018943787,0
4186,0,0.17585811018943787,0
4187,0,0.17585811018943787,0
4188,0,0.17585811018943787,0
4189,0,0.17585811018943787,0
4190,0,0.17585811018943787,0
4191,0,0.17585811018943787,0
4192,0,0.17585811018943787,0
4193,0,0.17585811018943787,0
4194,0,0.17585811018943787,0
4195,0,0.17585811018943787,0
4196,0,0.23304712772369385,1
4197,0,0.23304712772369385,0
4198,0,0.23304712772369385,0
4199,0,0.23304712772369385,0
4200,0,0.23304712772369385,0
4201,0,0.23304712772369385,0
4202,0,0.23304712772369385,0
4203,0,0.23304712772369385,0
4204,0,0.49409711360931396,1
4205,0,0.49409711360931396,0
4206,0,0.49409711360931396,0
4207,0,0.49409711360931396,0
4208,0,0.49409711360931396,0
4209,0,0.49409711360931396,0
4210,0,0.49409711360931396,0
4211,0,0.49409711360931396,0
4212,0,0.49409711360931396,0
4213,0,0.49409711360931396,0
4214,0,0.49409711360931396,0
4215,0,0.49409711360931396,0
4216,0,0.49409711360931396,0
4217,0,0.49409711360931396,0
4218,0,0.49409711360931396,0
4219,0,0.49409711360931396,0
4220,0,0.49409711360931396,0
4221,0,0.49409711360931396,0
4222,0,0.49409711360931396,0
4223,0,0.49409711360931396,0
4224,0,0.49409711360931396,0
4225,0,0.49409711360931396,0
4226,0,0.35221484303474426,1
4227,0,0.35221484303474426,0
4228,0,0.35221484303474426,0
4229,0,0.35221484303474426,0
4230,0,0.35221484303474426,0
4231,0,0.35221484303474426,0
4232,0,0.35221484303474426,0
4233,0,0.35221484303474426,0
4234,0,0.2718009352684021,1
4235,0,0.2718009352684021,0
4236,0,0.2718009352684021,0
4237,0,0.2718009352684021,0
4238,0,0.2718009352684021,0
4239,0,0.2718009352684021,0
4240,0,0.2718009352684021,0
4241,0,0.2718009352684021,0
4242,0,0.2718009352684021,0
4243,0,0.2718009352684021,0
4244,0,0.2718009352684021,0
4245,0,0.2718009352684021,0
4246,0,0.2718009352684021,0
4247,0,0.2718009352684021,0
4248,0,0.2718009352684021,0
4249,0,0.2718009352684021,0
4250,0,0.8821717500686646,1
4251,0,0.8821717500686646,0
4252,0,0.8821717500686646,0
4253,0,0.8821717500686646,0
4254,0,0.8821717500686646,0
4255,0,0.8821717500686646,0
4256,0,0.20019465684890747,1
4257,0,0.20019465684890747,0
4258,0,0.20019465684890747,0
4259,0,0.20019465684890747,0
4260,0,0.20019465684890747,0
4261,0,0.20019465684890747,0
4262,0,0.20019465684890747,0
4263,0,0.20019465684890747,0
4264,0,0.2221285104751587,1
4265,0,0.2221285104751587,0
4266,0,0.2221285104751587,0
4267,0,0.2221285104751587,0
4268,0,0.2221285104751587,0
4269,0,0.23630291223526,1
4270,0,0.23630291223526,0
4271,0,0.23630291223526,0
4272,0,0.1967843472957611,1
4273,0,0.1967843472957611,0
4274,0,0.1967843472957611,0
4275,0,0.1967843472957611,0
4276,0,0.1967843472957611,0
4277,0,0.1967843472957611,0
4278,0,0.1967843472957611,0
4279,0,0.1967843472957611,0
4280,0,0.1967843472957611,0
4281,0,0.1967843472957611,0
4282,0,0.1967843472957611,0
4283,0,0.1967843472957611,0
4284,0,0.1967843472957611,0
4285,0,0.1967843472957611,0
4286,0,0.3052220940589905,1
4287,0,0.3052220940589905,0
4288,0,0.3052220940589905,0
4289,0,0.3052220940589905,0
4290,0,0.3052220940589905,0
4291,0,0.3052220940589905,0
4292,0,0.3052220940589905,0
4293,0,0.20606355369091034,1
4294,0,0.20606355369091034,0
4295,0,0.20606355369091034,0
4296,0,0.29637598991394043,1
4297,0,0.29637598991394043,0
4298,0,0.29637598991394043,0
4299,0,0.29637598991394043,0
4300,0,0.29637598991394043,0
4301,0,0.29637598991394043,0
4302,0,0.29637598991394043,0
4303,0,0.29637598991394043,0
4304,0,0.29637598991394043,0
4305,0,0.29637598991394043,0
4306,0,0.21414947509765625,1
4307,0,0.21414947509765625,0
4308,0,0.21414947509765625,0
4309,0,0.24834735691547394,1
4310,0,0.24834735691547394,0
4311,0,0.24834735691547394,0
4312,0,0.24834735691547394,0
4313,0,0.24834735691547394,0
4314,0,0.24834735691547394,0
4315,0,0.24834735691547394,0
4316,0,0.2520565986633301,1
4317,0,0.2520565986633301,0
4318,0,0.2520565986633301,0
4319,0,0.2520565986633301,0
4320,0,0.2192736566066742,1
4321,0,0.2710868716239929,1
4322,0,0.2710868716239929,0
4323,0,0.2710868716239929,0
4324,0,0.2710868716239929,0
4325,0,0.2710868716239929,0
4326,0,0.2710868716239929,0
4327,0,0.2710868716239929,0
4328,0,0.2710868716239929,0
4329,0,0.2710868716239929,0
4330,0,0.2710868716239929,0
4331,0,0.2710868716239929,0
4332,0,0.2710868716239929,0
4333,0,0.2710868716239929,0
4334,0,0.2710868716239929,0
4335,0,0.2710868716239929,0
4336,0,0.2710868716239929,0
4337,0,0.2710868716239929,0
4338,0,0.2710868716239929,0
4339,0,0.2710868716239929,0
4340,0,0.2710868716239929,0
4341,0,0.2710868716239929,0
4342,0,0.2710868716239929,0
4343,0,0.2710868716239929,0
4344,0,0.2710868716239929,0
4345,0,0.2710868716239929,0
4346,0,0.2710868716239929,0
4347,0,0.2710868716239929,0
4348,0,0.2710868716239929,0
4349,0,0.2710868716239929,0
4350,0,0.2710868716239929,0
4351,0,0.2710868716239929,0
4352,0,0.2710868716239929,0
4353,0,0.2710868716239929,0
4354,0,0.4391154944896698,1
4355,0,0.4391154944896698,0
4356,0,0.4391154944896698,0
4357,0,0.4391154944896698,0
4358,0,0.4391154944896698,0
4359,0,0.4391154944896698,0
4360,0,0.4391154944896698,0
4361,0,0.4391154944896698,0
4362,0,0.4391154944896698,0
4363,0,0.4391154944896698,0
4364,0,0.4391154944896698,0
4365,0,0.4391154944896698,0
4366,0,0.4391154944896698,0
4367,0,0.4391154944896698,0
4368,0,0.4391154944896698,0
4369,0,0.2110535204410553,1
4370,0,0.2110535204410553,0
4371,0,0.2110535204410553,0
4372,0,0.2110535204410553,0
4373,0,0.2110535204410553,0
4374,0,0.2110535204410553,0
4375,0,0.2110535204410553,0
4376,0,0.28622347116470337,1
4377,0,0.28622347116470337,0
4378,0,0.28622347116470337,0
4379,0,0.28622347116470337,0
4380,0,0.28622347116470337,0
4381,0,0.28622347116470337,0
4382,0,0.28622347116470337,0
4383,0,0.28622347116470337,0
4384,0,0.183872252702713,1
4385,0,0.183872252702713,0
4386,0,0.183872252702713,0
4387,0,0.183872252702713,0
4388,0,0.183872252702713,0
4389,0,0.183872252702713,0
4390,0,0.183872252702713,0
4391,0,0.183872252702713,0
4392,0,0.183872252702713,0
4393,0,0.183872252702713,0
4394,0,0.183872252702713,0
4395,0,0.183872252702713,0
4396,0,0.183872252702713,0
4397,0,0.183872252702713,0
4398,0,0.183872252702713,0
4399,0,0.18763422966003418,1
4400,0,0.18763422966003418,0
4401,0,0.18763422966003418,0
4402,0,0.18763422966003418,0
4403,0,0.18763422966003418,0
4404,0,0.18763422966003418,0
4405,0,0.18763422966003418,0
4406,0,0.31515994668006897,1
4407,0,0.31515994668006897,0
4408,0,0.31515994668006897,0
4409,0,0.23163577914237976,1
4410,0,0.20778901875019073,1
4411,0,0.20778901875019073,0
4412,0,0.20778901875019073,0
4413,0,0.20778901875019073,0
4414,0,0.20778901875019073,0
4415,0,0.20778901875019073,0
4416,0,0.20778901875019073,0
4417,0,0.20778901875019073,0
4418,0,0.20778901875019073,0
4419,0,0.20778901875019073,0
4420,0,0.20778901875019073,0
4421,0,0.20778901875019073,0
4422,0,0.20778901875019073,0
4423,0,0.20778901875019073,0
4424,0,0.20778901875019073,0
4425,0,0.20778901875019073,0
4426,0,0.20778901875019073,0
4427,0,0.20778901875019073,0
4428,0,0.20778901875019073,0
4429,0,0.20778901875019073,0
4430,0,0.20778901875019073,0
4431,0,0.20778901875019073,0
4432,0,0.20778901875019073,0
4433,0,0.20778901875019073,0
4434,0,0.20778901875019073,0
4435,0,0.20778901875019073,0
4436,0,0.29834651947021484,1
4437,0,0.29834651947021484,0
4438,0,0.29834651947021484,0
4439,0,0.29834651947021484,0
4440,0,0.29834651947021484,0
4441,0,0.29834651947021484,0
4442,0,0.29834651947021484,0
4443,0,0.29834651947021484,0
4444,0,0.29834651947021484,0
4445,0,0.29834651947021484,0
4446,0,0.29834651947021484,0
4447,0,0.29834651947021484,0
4448,0,0.29834651947021484,0
4449,0,0.29834651947021484,0
4450,0,0.29834651947021484,0
4451,0,0.29834651947021484,0
4452,0,0.29834651947021484,0
4453,0,0.29834651947021484,0
4454,0,0.29834651947021484,0
4455,0,0.29834651947021484,0
4456,0,0.29834651947021484,0
4457,0,0.29834651947021484,0
4458,0,0.29834651947021484,0
4459,0,0.24118110537528992,1
4460,0,0.24118110537528992,0
4461,0,0.24118110537528992,0
4462,0,0.24118110537528992,0
4463,0,0.24118110537528992,0
4464,0,0.24118110537528992,0
4465,0,0.24118110537528992,0
4466,0,0.3167394995689392,1
4467,0,0.3167394995689392,0
4468,0,0.33688047528266907,1
4469,0,0.33688047528266907,0
4470,0,0.33688047528266907,0
4471,0,0.33688047528266907,0
4472,0,0.33688047528266907,0
4473,0,0.33688047528266907,0
4474,0,0.33688047528266907,0
4475,0,0.33688047528266907,0
4476,0,0.33688047528266907,0
4477,0,0.33688047528266907,0
4478,0,0.33688047528266907,0
4479,0,0.33688047528266907,0
4480,0,0.33688047528266907,0
4481,0,0.33688047528266907,0
4482,0,0.33688047528266907,0
4483,0,0.33688047528266907,0
4484,0,0.33688047528266907,0
4485,0,0.33688047528266907,0
4486,0,0.33688047528266907,0
4487,0,0.33688047528266907,0
4488,0,0.33688047528266907,0
4489,0,0.33688047528266907,0
4490,0,0.33688047528266907,0
4491,0,0.33688047528266907,0
4492,0,0.33688047528266907,0
4493,0,0.33688047528266907,0
4494,0,0.33688047528266907,0
4495,0,0.33688047528266907,0
4496,0,0.21421846747398376,1
4497,0,0.21421846747398376,0
4498,0,0.21421846747398376,0
4499,0,0.21421846747398376,0
4500,0,0.8727715611457825,1
4501,0,0.8727715611457825,0
4502,0,0.8727715611457825,0
4503,0,0.8727715611457825,0
4504,0,0.39456647634506226,1
4505,0,0.39456647634506226,0
4506,0,0.39456647634506226,0
4507,0,0.39456647634506226,0
4508,0,0.39456647634506226,0
4509,0,0.39456647634506226,0
4510,0,0.39456647634506226,0
4511,0,0.39456647634506226,0
4512,0,0.39456647634506226,0
4513,0,0.39456647634506226,0
4514,0,0.39456647634506226,0
4515,0,0.39456647634506226,0
4516,0,0.39456647634506226,0
4517,0,0.39456647634506226,0
4518,0,0.39456647634506226,0
4519,0,0.39456647634506226,0
4520,0,0.39456647634506226,0
4521,0,0.39456647634506226,0
4522,0,0.39456647634506226,0
4523,0,0.39456647634506226,0
4524,0,0.39456647634506226,0
4525,0,0.39456647634506226,0
4526,0,0.39456647634506226,0
4527,0,0.26804742217063904,1
4528,0,0.26804742217063904,0
4529,0,0.26804742217063904,0
4530,0,0.26804742217063904,0
4531,0,0.26804742217063904,0
4532,0,0.26804742217063904,0
4533,0,0.2614143192768097,1
4534,0,0.2614143192768097,0
4535,0,0.187734916806221,1
4536,0,0.187734916806221,0
4537,0,0.187734916806221,0
4538,0,0.187734916806221,0
4539,0,0.187734916806221,0
4540,0,0.187734916806221,0
4541,0,0.187734916806221,0
4542,0,0.187734916806221,0
4543,0,0.187734916806221,0
4544,0,0.187734916806221,0
4545,0,0.187734916806221,0
4546,0,0.187734916806221,0
4547,0,0.187734916806221,0
4548,0,0.187734916806221,0
4549,0,0.187734916806221,0
4550,0,0.187734916806221,0
4551,0,0.187734916806221,0
4552,0,0.187734916806221,0
4553,0,0.187734916806221,0
4554,0,0.187734916806221,0
4555,0,0.187734916806221,0
4556,0,0.187734916806221,0
4557,0,0.29654380679130554,1
4558,0,0.29654380679130554,0
4559,0,0.29654380679130554,0
4560,0,0.29654380679130554,0
4561,0,0.29654380679130554,0
4562,0,0.29654380679130554,0
4563,0,0.29654380679130554,0
4564,0,0.29654380679130554,0
4565,0,0.29654380679130554,0
4566,0,0.29654380679130554,0
4567,0,0.29654380679130554,0
4568,0,0.29654380679130554,0
4569,0,0.29654380679130554,0
4570,0,0.29654380679130554,0
4571,0,0.29654380679130554,0
4572,0,0.29654380679130554,0
4573,0,0.29654380679130554,0
4574,0,0.29654380679130554,0
4575,0,0.29654380679130554,0
4576,0,0.29654380679130554,0
4577,0,0.29654380679130554,0
4578,0,0.29654380679130554,0
4579,0,0.17523503303527832,1
4580,0,0.17523503303527832,0
4581,0,0.17523503303527832,0
4582,0,0.17523503303527832,0
4583,0,0.17523503303527832,0
4584,0,0.17523503303527832,0
4585,0,0.17523503303527832,0
4586,0,0.17523503303527832,0
4587,0,0.36922788619995117,1
4588,0,0.36922788619995117,0
4589,0,0.36922788619995117,0
4590,0,0.36922788619995117,0
4591,0,0.36922788619995117,0
4592,0,0.36922788619995117,0
4593,0,0.36922788619995117,0
4594,0,0.36922788619995117,0
4595,0,0.27594587206840515,1
4596,0,0.27594587206840515,0
4597,0,0.27594587206840515,0
4598,0,0.27594587206840515,0
4599,0,0.27594587206840515,0
4600,0,0.27594587206840515,0
4601,0,0.27594587206840515,0
4602,0,0.27594587206840515,0
4603,0,0.27594587206840515,0
4604,0,0.27594587206840515,0
4605,0,0.27594587206840515,0
4606,0,0.27594587206840515,0
4607,0,0.27594587206840515,0
4608,0,0.27594587206840515,0
4609,0,0.27594587206840515,0
4610,0,0.27594587206840515,0
4611,0,0.27594587206840515,0
4612,0,0.27594587206840515,0
4613,0,0.27594587206840515,0
4614,0,0.27594587206840515,0
4615,0,0.27594587206840515,0
4616,0,0.27594587206840515,0
4617,0,0.22983640432357788,1
4618,0,0.22983640432357788,0
4619,0,0.22983640432357788,0
4620,0,0.22983640432357788,0
4621,0,0.22983640432357788,0
4622,0,0.22983640432357788,0
4623,0,0.22983640432357788,0
4624,0,0.22983640432357788,0
4625,0,0.23369117081165314,1
4626,0,0.23369117081165314,0
4627,0,0.23369117081165314,0
4628,0,0.23369117081165314,0
4629,0,0.23369117081165314,0
4630,0,0.23369117081165314,0
4631,0,0.23369117081165314,0
4632,0,0.23369117081165314,0
4633,0,0.23369117081165314,0
4634,0,0.23369117081165314,0
4635,0,0.23369117081165314,0
4636,0,0.23369117081165314,0
4637,0,0.23369117081165314,0
4638,0,0.23369117081165314,0
4639,0,0.23369117081165314,0
4640,0,0.23369117081165314,0
4641,0,0.23369117081165314,0
4642,0,0.23369117081165314,0
4643,0,0.23369117081165314,0
4644,0,0.23369117081165314,0
4645,0,0.23369117081165314,0
4646,0,0.23369117081165314,0
4647,0,0.17837989330291748,1
4648,0,0.17837989330291748,0
4649,0,0.17837989330291748,0
4650,0,0.17837989330291748,0
4651,0,0.17837989330291748,0
4652,0,0.17837989330291748,0
4653,0,0.17837989330291748,0
4654,0,0.17837989330291748,0
4655,0,0.3834030032157898,1
4656,0,0.3834030032157898,0
4657,0,0.18797096610069275,1
4658,0,0.18797096610069275,0
4659,0,0.18797096610069275,0
4660,0,0.18797096610069275,0
4661,0,0.18797096610069275,0
4662,0,0.18797096610069275,0
4663,0,0.18797096610069275,0
4664,0,0.18797096610069275,0
4665,0,0.18797096610069275,0
4666,0,0.18797096610069275,0
4667,0,0.18797096610069275,0
4668,0,0.18797096610069275,0
4669,0,0.18797096610069275,0
4670,0,0.22966283559799194,1
4671,0,0.22966283559799194,0
4672,0,0.22966283559799194,0
4673,0,0.22966283559799194,0
4674,0,0.22966283559799194,0
4675,0,0.22966283559799194,0
4676,0,0.22966283559799194,0
4677,0,0.22041356563568115,1
4678,0,0.22041356563568115,0
4679,0,0.22041356563568115,0
4680,0,0.22041356563568115,0
4681,0,0.22041356563568115,0
4682,0,0.22041356563568115,0
4683,0,0.22041356563568115,0
4684,0,0.22041356563568115,0
4685,0,0.27911001443862915,1
4686,0,0.27911001443862915,0
4687,0,0.27911001443862915,0
4688,0,0.27911001443862915,0
4689,0,0.27911001443862915,0
4690,0,0.27911001443862915,0
4691,0,0.27911001443862915,0
4692,0,0.27911001443862915,0
4693,0,0.27911001443862915,0
4694,0,0.27911001443862915,0
4695,0,0.27911001443862915,0
4696,0,0.27911001443862915,0
4697,0,0.27911001443862915,0
4698,0,0.27911001443862915,0
4699,0,0.27911001443862915,0
4700,0,0.16805042326450348,1
4701,0,0.185402512550354,1
4702,0,0.185402512550354,0
4703,0,0.185402512550354,0
4704,0,0.185402512550354,0
4705,0,0.185402512550354,0
4706,0,0.185402512550354,0
4707,0,0.20411112904548645,1
4708,0,0.20411112904548645,0
4709,0,0.20411112904548645,0
4710,0,0.2920345067977905,1
4711,0,0.2920345067977905,0
4712,0,0.2920345067977905,0
4713,0,0.2920345067977905,0
4714,0,0.2920345067977905,0
4715,0,0.27725058794021606,1
4716,0,0.27725058794021606,0
4717,0,0.27725058794021606,0
4718,0,0.27725058794021606,0
4719,0,0.27725058794021606,0
4720,0,0.27725058794021606,0
4721,0,0.27725058794021606,0
4722,0,0.27725058794021606,0
4723,0,0.27725058794021606,0
4724,0,0.27725058794021606,0
4725,0,0.27725058794021606,0
4726,0,0.27725058794021606,0
4727,0,0.27725058794021606,0
4728,0,0.27725058794021606,0
4729,0,0.27725058794021606,0
4730,0,0.27725058794021606,0
4731,0,0.27725058794021606,0
4732,0,0.27725058794021606,0
4733,0,0.27725058794021606,0
4734,0,0.27725058794021606,0
4735,0,0.27725058794021606,0
4736,0,0.27725058794021606,0
4737,0,0.2798972725868225,1
4738,0,0.2798972725868225,0
4739,0,0.2798972725868225,0
4740,0,0.2798972725868225,0
4741,0,0.2798972725868225,0
4742,0,0.2381705939769745,1
4743,0,0.2381705939769745,0
4744,0,0.19457831978797913,1
4745,0,0.21763399243354797,1
4746,0,0.21763399243354797,0
4747,0,0.21763399243354797,0
4748,0,0.21763399243354797,0
4749,0,0.21763399243354797,0
4750,0,0.8723559379577637,1
4751,0,0.8723559379577637,0
4752,0,0.8723559379577637,0
4753,0,0.8723559379577637,0
4754,0,0.8723559379577637,0
4755,0,0.8723559379577637,0
4756,0,0.8723559379577637,0
4757,0,0.8723559379577637,0
4758,0,0.8723559379577637,0
4759,0,0.8723559379577637,0
4760,0,0.1574893295764923,1
4761,0,0.1574893295764923,0
4762,0,0.1574893295764923,0
4763,0,0.1574893295764923,0
4764,0,0.1574893295764923,0
4765,0,0.1574893295764923,0
4766,0,0.1574893295764923,0
4767,0,0.16666196286678314,1
4768,0,0.16666196286678314,0
4769,0,0.16666196286678314,0
4770,0,0.16666196286678314,0
4771,0,0.16666196286678314,0
4772,0,0.16666196286678314,0
4773,0,0.16666196286678314,0
4774,0,0.16666196286678314,0
4775,0,0.16666196286678314,0
4776,0,0.16666196286678314,0
4777,0,0.16666196286678314,0
4778,0,0.16666196286678314,0
4779,0,0.16666196286678314,0
4780,0,0.16666196286678314,0
4781,0,0.16666196286678314,0
4782,0,0.16666196286678314,0
4783,0,0.16666196286678314,0
4784,0,0.21723391115665436,1
4785,0,0.21723391115665436,0
4786,0,0.21723391115665436,0
4787,0,0.21723391115665436,0
4788,0,0.21723391115665436,0
4789,0,0.21723391115665436,0
4790,0,0.17387926578521729,1
4791,0,0.17387926578521729,0
4792,0,0.17387926578521729,0
4793,0,0.17387926578521729,0
4794,0,0.17387926578521729,0
4795,0,0.17387926578521729,0
4796,0,0.17387926578521729,0
4797,0,0.17387926578521729,0
4798,0,0.17387926578521729,0
4799,0,0.17387926578521729,0
4800,0,0.17387926578521729,0
4801,0,0.17387926578521729,0
4802,0,0.17387926578521729,0
4803,0,0.17387926578521729,0
4804,0,0.17387926578521729,0
4805,0,0.39064493775367737,1
4806,0,0.39064493775367737,0
4807,0,0.39064493775367737,0
4808,0,0.39064493775367737,0
4809,0,0.39064493775367737,0
4810,0,0.39064493775367737,0
4811,0,0.1848270297050476,1
4812,0,0.1848270297050476,0
4813,0,0.1848270297050476,0
4814,0,0.1848270297050476,0
4815,0,0.1848270297050476,0
4816,0,0.1848270297050476,0
4817,0,0.1848270297050476,0
4818,0,0.1848270297050476,0
4819,0,0.1848270297050476,0
4820,0,0.1883174180984497,1
4821,0,0.1883174180984497,0
4822,0,0.1883174180984497,0
4823,0,0.1883174180984497,0
4824,0,0.1883174180984497,0
4825,0,0.1883174180984497,0
4826,0,0.1883174180984497,0
4827,0,0.3109489679336548,1
4828,0,0.3109489679336548,0
4829,0,0.3109489679336548,0
4830,0,0.3109489679336548,0
4831,0,0.3109489679336548,0
4832,0,0.3109489679336548,0
4833,0,0.3109489679336548,0
4834,0,0.3109489679336548,0
4835,0,0.3109489679336548,0
4836,0,0.14581462740898132,1
4837,0,0.14581462740898132,0
4838,0,0.14581462740898132,0
4839,0,0.14581462740898132,0
4840,0,0.14581462740898132,0
4841,0,0.14581462740898132,0
4842,0,0.14581462740898132,0
4843,0,0.14581462740898132,0
4844,0,0.14581462740898132,0
4845,0,0.14581462740898132,0
4846,0,0.14581462740898132,0
4847,0,0.14581462740898132,0
4848,0,0.14581462740898132,0
4849,0,0.14581462740898132,0
4850,0,0.14581462740898132,0
4851,0,0.14581462740898132,0
4852,0,0.14581462740898132,0
4853,0,0.14581462740898132,0
4854,0,0.14581462740898132,0
4855,0,0.14581462740898132,0
4856,0,0.14581462740898132,0
4857,0,0.2783445119857788,1
4858,0,0.2783445119857788,0
4859,0,0.2783445119857788,0
4860,0,0.2783445119857788,0
4861,0,0.2783445119857788,0
4862,0,0.2783445119857788,0
4863,0,0.2783445119857788,0
4864,0,0.2783445119857788,0
4865,0,0.18547727167606354,1
4866,0,0.18547727167606354,0
4867,0,0.18547727167606354,0
4868,0,0.18547727167606354,0
4869,0,0.18547727167606354,0
4870,0,0.18547727167606354,0
4871,0,0.18547727167606354,0
4872,0,0.18547727167606354,0
4873,0,0.18547727167606354,0
4874,0,0.18547727167606354,0
4875,0,0.18547727167606354,0
4876,0,0.18547727167606354,0
4877,0,0.18547727167606354,0
4878,0,0.18547727167606354,0
4879,0,0.18547727167606354,0
4880,0,0.18547727167606354,0
4881,0,0.18547727167606354,0
4882,0,0.18547727167606354,0
4883,0,0.18547727167606354,0
4884,0,0.18547727167606354,0
4885,0,0.18547727167606354,0
4886,0,0.21645686030387878,1
4887,0,0.3594934940338135,1
4888,0,0.3594934940338135,0
4889,0,0.3594934940338135,0
4890,0,0.3594934940338135,0
4891,0,0.3594934940338135,0
4892,0,0.3594934940338135,0
4893,0,0.3594934940338135,0
4894,0,0.17359046638011932,1
4895,0,0.17359046638011932,0
4896,0,0.17065981030464172,1
4897,0,0.17065981030464172,0
4898,0,0.17065981030464172,0
4899,0,0.17065981030464172,0
4900,0,0.17065981030464172,0
4901,0,0.17065981030464172,0
4902,0,0.17065981030464172,0
4903,0,0.17065981030464172,0
4904,0,0.17065981030464172,0
4905,0,0.17065981030464172,0
4906,0,0.17065981030464172,0
4907,0,0.17065981030464172,0
4908,0,0.17065981030464172,0
4909,0,0.17065981030464172,0
4910,0,0.17065981030464172,0
4911,0,0.17065981030464172,0
4912,0,0.17065981030464172,0
4913,0,0.17065981030464172,0
4914,0,0.17065981030464172,0
4915,0,0.17065981030464172,0
4916,0,0.151207834482193,1
4917,0,0.21899932622909546,1
4918,0,0.21899932622909546,0
4919,0,0.21899932622909546,0
4920,0,0.21899932622909546,0
4921,0,0.21899932622909546,0
4922,0,0.21899932622909546,0
4923,0,0.21899932622909546,0
4924,0,0.21899932622909546,0
4925,0,0.21899932622909546,0
4926,0,0.151088148355484,1
4927,0,0.151088148355484,0
4928,0,0.151088148355484,0
4929,0,0.151088148355484,0
4930,0,0.151088148355484,0
4931,0,0.151088148355484,0
4932,0,0.151088148355484,0
4933,0,0.151088148355484,0
4934,0,0.151088148355484,0
4935,0,0.151088148355484,0
4936,0,0.151088148355484,0
4937,0,0.151088148355484,0
4938,0,0.151088148355484,0
4939,0,0.151088148355484,0
4940,0,0.1839725375175476,1
4941,0,0.1839725375175476,0
4942,0,0.1839725375175476,0
4943,0,0.1839725375175476,0
4944,0,0.1839725375175476,0
4945,0,0.1839725375175476,0
4946,0,0.21169741451740265,1
4947,0,0.21169741451740265,0
4948,0,0.21169741451740265,0
4949,0,0.21169741451740265,0
4950,0,0.21169741451740265,0
4951,0,0.21169741451740265,0
4952,0,0.21169741451740265,0
4953,0,0.21169741451740265,0
4954,0,0.21169741451740265,0
4955,0,0.3819563686847687,1
4956,0,0.3819563686847687,0
4957,0,0.3819563686847687,0
4958,0,0.3819563686847687,0
4959,0,0.16502468287944794,1
4960,0,0.16502468287944794,0
4961,0,0.16502468287944794,0
4962,0,0.16502468287944794,0
4963,0,0.16502468287944794,0
4964,0,0.16502468287944794,0
4965,0,0.16502468287944794,0
4966,0,0.16502468287944794,0
4967,0,0.16502468287944794,0
4968,0,0.16502468287944794,0
4969,0,0.16502468287944794,0
4970,0,0.24572435021400452,1
4971,0,0.24572435021400452,0
4972,0,0.24572435021400452,0
4973,0,0.24572435021400452,0
4974,0,0.24572435021400452,0
4975,0,0.24572435021400452,0
4976,0,0.3280474841594696,1
4977,0,0.3280474841594696,0
4978,0,0.3280474841594696,0
4979,0,0.3280474841594696,0
4980,0,0.3280474841594696,0
4981,0,0.3280474841594696,0
4982,0,0.3280474841594696,0
4983,0,0.3280474841594696,0
4984,0,0.3280474841594696,0
4985,0,0.3280474841594696,0
4986,0,0.1402227282524109,1
4987,0,0.1402227282524109,0
4988,0,0.1402227282524109,0
4989,0,0.1402227282524109,0
4990,0,0.1402227282524109,0
4991,0,0.1402227282524109,0
4992,0,0.1402227282524109,0
4993,0,0.1402227282524109,0
4994,0,0.1402227282524109,0
4995,0,0.1402227282524109,0
4996,0,0.1402227282524109,0
4997,0,0.1402227282524109,0
4998,0,0.1402227282524109,0
4999,0,0.1402227282524109,0
5000,0,0.8375474214553833,1
5001,0,0.8375474214553833,0
5002,0,0.8375474214553833,0
5003,0,0.8375474214553833,0
5004,0,0.8375474214553833,0
5005,0,0.8375474214553833,0
5006,0,0.21207894384860992,1
5007,0,0.21207894384860992,0
5008,0,0.21207894384860992,0
5009,0,0.21207894384860992,0
5010,0,0.21207894384860992,0
5011,0,0.21207894384860992,0
5012,0,0.21207894384860992,0
5013,0,0.21207894384860992,0
5014,0,0.21207894384860992,0
5015,0,0.17270132899284363,1
5016,0,0.17270132899284363,0
5017,0,0.20283547043800354,1
5018,0,0.20283547043800354,0
5019,0,0.20283547043800354,0
5020,0,0.20283547043800354,0
5021,0,0.20283547043800354,0
5022,0,0.20283547043800354,0
5023,0,0.20283547043800354,0
5024,0,0.20283547043800354,0
5025,0,0.20283547043800354,0
5026,0,0.20283547043800354,0
5027,0,0.20283547043800354,0
5028,0,0.20283547043800354,0
5029,0,0.20283547043800354,0
5030,0,0.20283547043800354,0
5031,0,0.20283547043800354,0
5032,0,0.20283547043800354,0
5033,0,0.20283547043800354,0
5034,0,0.20283547043800354,0
5035,0,0.20283547043800354,0
5036,0,0.3144857585430145,1
5037,0,0.3144857585430145,0
5038,0,0.3144857585430145,0
5039,0,0.3144857585430145,0
5040,0,0.3144857585430145,0
5041,0,0.3144857585430145,0
5042,0,0.3144857585430145,0
5043,0,0.3144857585430145,0
5044,0,0.3144857585430145,0
5045,0,0.3144857585430145,0
5046,0,0.15756401419639587,1
5047,0,0.15756401419639587,0
5048,0,0.15756401419639587,0
5049,0,0.15756401419639587,0
5050,0,0.15756401419639587,0
5051,0,0.15756401419639587,0
5052,0,0.15756401419639587,0
5053,0,0.15756401419639587,0
5054,0,0.15756401419639587,0
5055,0,0.15756401419639587,0
5056,0,0.15756401419639587,0
5057,0,0.15756401419639587,0
5058,0,0.15756401419639587,0
5059,0,0.15756401419639587,0
5060,0,0.15756401419639587,0
5061,0,0.15756401419639587,0
5062,0,0.15756401419639587,0
5063,0,0.15756401419639587,0
5064,0,0.15756401419639587,0
5065,0,0.15756401419639587,0
5066,0,0.2194647192955017,1
5067,0,0.2194647192955017,0
5068,0,0.2194647192955017,0
5069,0,0.2194647192955017,0
5070,0,0.2194647192955017,0
5071,0,0.2194647192955017,0
5072,0,0.2194647192955017,0
5073,0,0.2194647192955017,0
5074,0,0.2194647192955017,0
5075,0,0.2194647192955017,0
5076,0,0.2194647192955017,0
5077,0,0.2194647192955017,0
5078,0,0.2194647192955017,0
5079,0,0.2194647192955017,0
5080,0,0.2194647192955017,0
5081,0,0.2194647192955017,0
5082,0,0.2194647192955017,0
5083,0,0.2194647192955017,0
5084,0,0.2194647192955017,0
5085,0,0.2194647192955017,0
5086,0,0.2194647192955017,0
5087,0,0.2194647192955017,0
5088,0,0.2194647192955017,0
5089,0,0.2194647192955017,0
5090,0,0.2194647192955017,0
5091,0,0.2194647192955017,0
5092,0,0.2194647192955017,0
5093,0,0.2194647192955017,0
5094,0,0.2194647192955017,0
5095,0,0.2194647192955017,0
5096,0,0.1525997519493103,1
5097,0,0.1525997519493103,0
5098,0,0.1525997519493103,0
5099,0,0.1525997519493103,0
5100,0,0.1525997519493103,0
5101,0,0.1525997519493103,0
5102,0,0.1525997519493103,0
5103,0,0.1525997519493103,0
5104,0,0.1525997519493103,0
5105,0,0.3451324999332428,1
5106,0,0.3451324999332428,0
5107,0,0.22370314598083496,1
5108,0,0.22370314598083496,0
5109,0,0.17371904850006104,1
5110,0,0.17371904850006104,0
5111,0,0.17371904850006104,0
5112,0,0.17371904850006104,0
5113,0,0.17371904850006104,0
5114,0,0.17371904850006104,0
5115,0,0.17371904850006104,0
5116,0,0.17371904850006104,0
5117,0,0.17371904850006104,0
5118,0,0.17371904850006104,0
5119,0,0.17371904850006104,0
5120,0,0.16560271382331848,1
5121,0,0.16560271382331848,0
5122,0,0.16560271382331848,0
5123,0,0.16560271382331848,0
5124,0,0.16560271382331848,0
5125,0,0.16560271382331848,0
5126,0,0.27606603503227234,1
5127,0,0.27606603503227234,0
5128,0,0.27606603503227234,0
5129,0,0.2367851436138153,1
5130,0,0.2367851436138153,0
5131,0,0.2367851436138153,0
5132,0,0.2367851436138153,0
5133,0,0.2367851436138153,0
5134,0,0.1758987307548523,1
5135,0,0.1758987307548523,0
5136,0,0.1758987307548523,0
5137,0,0.2229626178741455,1
5138,0,0.2229626178741455,0
5139,0,0.2229626178741455,0
5140,0,0.2229626178741455,0
5141,0,0.2229626178741455,0
5142,0,0.19169899821281433,1
5143,0,0.19169899821281433,0
5144,0,0.19169899821281433,0
5145,0,0.19169899821281433,0
5146,0,0.19169899821281433,0
5147,0,0.19169899821281433,0
5148,0,0.19169899821281433,0
5149,0,0.19169899821281433,0
5150,0,0.1654648780822754,1
5151,0,0.1654648780822754,0
5152,0,0.1654648780822754,0
5153,0,0.1654648780822754,0
5154,0,0.1654648780822754,0
5155,0,0.1654648780822754,0
5156,0,0.22746995091438293,1
5157,0,0.22746995091438293,0
5158,0,0.22746995091438293,0
5159,0,0.22746995091438293,0
5160,0,0.19457785785198212,1
5161,0,0.19457785785198212,0
5162,0,0.18977856636047363,1
5163,0,0.18977856636047363,0
5164,0,0.18977856636047363,0
5165,0,0.26536768674850464,1
5166,0,0.26536768674850464,0
5167,0,0.26536768674850464,0
5168,0,0.26536768674850464,0
5169,0,0.26536768674850464,0
5170,0,0.26536768674850464,0
5171,0,0.26536768674850464,0
5172,0,0.26536768674850464,0
5173,0,0.26536768674850464,0
5174,0,0.26536768674850464,0
5175,0,0.26536768674850464,0
5176,0,0.26536768674850464,0
5177,0,0.26536768674850464,0
5178,0,0.26536768674850464,0
5179,0,0.26536768674850464,0
5180,0,0.26536768674850464,0
5181,0,0.26536768674850464,0
5182,0,0.26536768674850464,0
5183,0,0.26536768674850464,0
5184,0,0.26536768674850464,0
5185,0,0.26536768674850464,0
5186,0,0.1861971914768219,1
5187,0,0.1861971914768219,0
5188,0,0.1861971914768219,0
5189,0,0.1861971914768219,0
5190,0,0.1861971914768219,0
5191,0,0.1861971914768219,0
5192,0,0.1861971914768219,0
5193,0,0.1861971914768219,0
5194,0,0.1861971914768219,0
5195,0,0.1861971914768219,0
5196,0,0.1861971914768219,0
5197,0,0.1861971914768219,0
5198,0,0.1861971914768219,0
5199,0,0.1861971914768219,0
5200,0,0.1861971914768219,0
5201,0,0.1861971914768219,0
5202,0,0.1861971914768219,0
5203,0,0.1861971914768219,0
5204,0,0.1861971914768219,0
5205,0,0.1861971914768219,0
5206,0,0.1861971914768219,0
5207,0,0.1861971914768219,0
5208,0,0.1861971914768219,0
5209,0,0.1861971914768219,0
5210,0,0.1861971914768219,0
5211,0,0.1861971914768219,0
5212,0,0.1861971914768219,0
5213,0,0.1861971914768219,0
5214,0,0.1861971914768219,0
5215,0,0.1861971914768219,0
5216,0,0.1861971914768219,0
5217,0,0.1861971914768219,0
5218,0,0.1861971914768219,0
5219,0,0.1861971914768219,0
5220,0,0.1861971914768219,0
5221,0,0.1861971914768219,0
5222,0,0.1861971914768219,0
5223,0,0.14876914024353027,1
5224,0,0.14876914024353027,0
5225,0,0.27301228046417236,1
5226,0,0.27301228046417236,0
5227,0,0.27301228046417236,0
5228,0,0.27301228046417236,0
5229,0,0.27301228046417236,0
5230,0,0.27301228046417236,0
5231,0,0.27301228046417236,0
5232,0,0.27301228046417236,0
5233,0,0.27301228046417236,0
5234,0,0.27301228046417236,0
5235,0,0.27301228046417236,0
5236,0,0.27301228046417236,0
5237,0,0.27301228046417236,0
5238,0,0.27301228046417236,0
5239,0,0.27301228046417236,0
5240,0,0.27301228046417236,0
5241,0,0.27301228046417236,0
5242,0,0.27301228046417236,0
5243,0,0.27301228046417236,0
5244,0,0.27301228046417236,0
5245,0,0.27301228046417236,0
5246,0,0.2458321899175644,1
5247,0,0.2458321899175644,0
5248,0,0.2458321899175644,0
5249,0,0.2458321899175644,0
5250,0,0.7623578310012817,1
5251,0,0.7623578310012817,0
5252,0,0.7623578310012817,0
5253,0,0.7623578310012817,0
5254,0,0.7623578310012817,0
5255,0,0.286236971616745,1
5256,0,0.286236971616745,0
5257,0,0.159519761800766,1
5258,0,0.159519761800766,0
5259,0,0.159519761800766,0
5260,0,0.159519761800766,0
5261,0,0.159519761800766,0
5262,0,0.159519761800766,0
5263,0,0.159519761800766,0
5264,0,0.159519761800766,0
5265,0,0.159519761800766,0
5266,0,0.159519761800766,0
5267,0,0.159519761800766,0
5268,0,0.159519761800766,0
5269,0,0.159519761800766,0
5270,0,0.159519761800766,0
5271,0,0.16944041848182678,1
5272,0,0.16944041848182678,0
5273,0,0.2123076170682907,1
5274,0,0.2123076170682907,0
5275,0,0.2123076170682907,0
5276,0,0.3805174231529236,1
5277,0,0.3805174231529236,0
5278,0,0.3805174231529236,0
5279,0,0.3805174231529236,0
5280,0,0.3805174231529236,0
5281,0,0.3805174231529236,0
5282,0,0.3805174231529236,0
5283,0,0.15862782299518585,1
5284,0,0.15862782299518585,0
5285,0,0.15862782299518585,0
5286,0,0.15862782299518585,0
5287,0,0.15862782299518585,0
5288,0,0.15862782299518585,0
5289,0,0.15862782299518585,0
5290,0,0.15862782299518585,0
5291,0,0.15862782299518585,0
5292,0,0.15862782299518585,0
5293,0,0.15862782299518585,0
5294,0,0.15862782299518585,0
5295,0,0.15862782299518585,0
5296,0,0.15862782299518585,0
5297,0,0.15862782299518585,0
5298,0,0.15862782299518585,0
5299,0,0.15862782299518585,0
5300,0,0.15862782299518585,0
5301,0,0.15862782299518585,0
5302,0,0.15862782299518585,0
5303,0,0.15862782299518585,0
5304,0,0.15862782299518585,0
5305,0,0.15862782299518585,0
5306,0,0.2799530029296875,1
5307,0,0.2799530029296875,0
5308,0,0.2799530029296875,0
5309,0,0.2799530029296875,0
5310,0,0.2799530029296875,0
5311,0,0.2799530029296875,0
5312,0,0.2799530029296875,0
5313,0,0.2799530029296875,0
5314,0,0.2799530029296875,0
5315,0,0.2799530029296875,0
5316,0,0.2799530029296875,0
5317,0,0.2799530029296875,0
5318,0,0.2799530029296875,0
5319,0,0.2799530029296875,0
5320,0,0.2799530029296875,0
5321,0,0.2799530029296875,0
5322,0,0.2799530029296875,0
5323,0,0.2799530029296875,0
5324,0,0.2799530029296875,0
5325,0,0.2799530029296875,0
5326,0,0.2799530029296875,0
5327,0,0.2799530029296875,0
5328,0,0.2799530029296875,0
5329,0,0.2799530029296875,0
5330,0,0.2799530029296875,0
5331,0,0.2799530029296875,0
5332,0,0.2799530029296875,0
5333,0,0.2799530029296875,0
5334,0,0.2799530029296875,0
5335,0,0.2799530029296875,0
5336,0,0.23760418593883514,1
5337,0,0.23760418593883514,0
5338,0,0.23760418593883514,0
5339,0,0.23760418593883514,0
5340,0,0.23760418593883514,0
5341,0,0.23760418593883514,0
5342,0,0.23760418593883514,0
5343,0,0.23760418593883514,0
5344,0,0.23760418593883514,0
5345,0,0.17257064580917358,1
5346,0,0.17257064580917358,0
5347,0,0.17257064580917358,0
5348,0,0.17257064580917358,0
5349,0,0.17257064580917358,0
5350,0,0.17257064580917358,0
5351,0,0.17257064580917358,0
5352,0,0.17257064580917358,0
5353,0,0.17257064580917358,0
5354,0,0.17257064580917358,0
5355,0,0.17257064580917358,0
5356,0,0.17257064580917358,0
5357,0,0.17257064580917358,0
5358,0,0.17257064580917358,0
5359,0,0.17257064580917358,0
5360,0,0.17257064580917358,0
5361,0,0.17257064580917358,0
5362,0,0.17257064580917358,0
5363,0,0.17257064580917358,0
5364,0,0.17257064580917358,0
5365,0,0.17257064580917358,0
5366,0,0.17257064580917358,0
5367,0,0.16022942960262299,1
5368,0,0.144567608833313,1
5369,0,0.144567608833313,0
5370,0,0.144567608833313,0
5371,0,0.144567608833313,0
5372,0,0.144567608833313,0
5373,0,0.144567608833313,0
5374,0,0.144567608833313,0
5375,0,0.144567608833313,0
5376,0,0.16206392645835876,1
5377,0,0.16206392645835876,0
5378,0,0.16206392645835876,0
5379,0,0.16206392645835876,0
5380,0,0.16206392645835876,0
5381,0,0.16206392645835876,0
5382,0,0.16206392645835876,0
5383,0,0.16206392645835876,0
5384,0,0.16206392645835876,0
5385,0,0.16206392645835876,0
5386,0,0.16206392645835876,0
5387,0,0.16206392645835876,0
5388,0,0.16206392645835876,0
5389,0,0.16206392645835876,0
5390,0,0.16206392645835876,0
5391,0,0.16206392645835876,0
5392,0,0.16206392645835876,0
5393,0,0.16206392645835876,0
5394,0,0.16206392645835876,0
5395,0,0.16206392645835876,0
5396,0,0.3223976194858551,1
5397,0,0.3223976194858551,0
5398,0,0.3223976194858551,0
5399,0,0.3223976194858551,0
5400,0,0.3223976194858551,0
5401,0,0.3223976194858551,0
5402,0,0.3223976194858551,0
5403,0,0.3223976194858551,0
5404,0,0.3223976194858551,0
5405,0,0.32301148772239685,1
5406,0,0.32301148772239685,0
5407,0,0.32301148772239685,0
5408,0,0.32301148772239685,0
5409,0,0.32301148772239685,0
5410,0,0.32301148772239685,0
5411,0,0.32301148772239685,0
5412,0,0.32301148772239685,0
5413,0,0.32301148772239685,0
5414,0,0.32301148772239685,0
5415,0,0.2400819957256317,1
5416,0,0.2400819957256317,0
5417,0,0.2400819957256317,0
5418,0,0.2400819957256317,0
5419,0,0.2400819957256317,0
5420,0,0.1879880726337433,1
5421,0,0.1879880726337433,0
5422,0,0.1879880726337433,0
5423,0,0.1879880726337433,0
5424,0,0.1879880726337433,0
5425,0,0.1879880726337433,0
5426,0,0.2907314598560333,1
5427,0,0.2907314598560333,0
5428,0,0.2907314598560333,0
5429,0,0.2907314598560333,0
5430,0,0.2907314598560333,0
5431,0,0.2907314598560333,0
5432,0,0.2907314598560333,0
5433,0,0.2907314598560333,0
5434,0,0.2702990174293518,1
5435,0,0.212763249874115,1
5436,0,0.212763249874115,0
5437,0,0.212763249874115,0
5438,0,0.212763249874115,0
5439,0,0.212763249874115,0
5440,0,0.212763249874115,0
5441,0,0.212763249874115,0
5442,0,0.212763249874115,0
5443,0,0.212763249874115,0
5444,0,0.212763249874115,0
5445,0,0.212763249874115,0
5446,0,0.212763249874115,0
5447,0,0.212763249874115,0
5448,0,0.212763249874115,0
5449,0,0.212763249874115,0
5450,0,0.212763249874115,0
5451,0,0.212763249874115,0
5452,0,0.212763249874115,0
5453,0,0.212763249874115,0
5454,0,0.212763249874115,0
5455,0,0.212763249874115,0
5456,0,0.26393362879753113,1
5457,0,0.26393362879753113,0
5458,0,0.26393362879753113,0
5459,0,0.26393362879753113,0
5460,0,0.26393362879753113,0
5461,0,0.26393362879753113,0
5462,0,0.1727757602930069,1
5463,0,0.1727757602930069,0
5464,0,0.1727757602930069,0
5465,0,0.23240835964679718,1
5466,0,0.23240835964679718,0
5467,0,0.23240835964679718,0
5468,0,0.23240835964679718,0
5469,0,0.23240835964679718,0
5470,0,0.23240835964679718,0
5471,0,0.23240835964679718,0
5472,0,0.23240835964679718,0
5473,0,0.23240835964679718,0
5474,0,0.23240835964679718,0
5475,0,0.23240835964679718,0
5476,0,0.23240835964679718,0
5477,0,0.23240835964679718,0
5478,0,0.23240835964679718,0
5479,0,0.23240835964679718,0
5480,0,0.23240835964679718,0
5481,0,0.23240835964679718,0
5482,0,0.23240835964679718,0
5483,0,0.23240835964679718,0
5484,0,0.19309626519680023,1
5485,0,0.19309626519680023,0
5486,0,0.2718152105808258,1
5487,0,0.2718152105808258,0
5488,0,0.2718152105808258,0
5489,0,0.2718152105808258,0
5490,0,0.2718152105808258,0
5491,0,0.2718152105808258,0
5492,0,0.2718152105808258,0
5493,0,0.2718152105808258,0
5494,0,0.2718152105808258,0
5495,0,0.2718152105808258,0
5496,0,0.13719747960567474,1
5497,0,0.13719747960567474,0
5498,0,0.13719747960567474,0
5499,0,0.13719747960567474,0
5500,0,0.7291038632392883,1
5501,0,0.7291038632392883,0
5502,0,0.7291038632392883,0
5503,0,0.7291038632392883,0
5504,0,0.7291038632392883,0
5505,0,0.7291038632392883,0
5506,0,0.7291038632392883,0
5507,0,0.7291038632392883,0
5508,0,0.7291038632392883,0
5509,0,0.7291038632392883,0
5510,0,0.7291038632392883,0
5511,0,0.7291038632392883,0
5512,0,0.7291038632392883,0
5513,0,0.7291038632392883,0
5514,0,0.7291038632392883,0
5515,0,0.7291038632392883,0
5516,0,0.7291038632392883,0
5517,0,0.15004883706569672,1
5518,0,0.15004883706569672,0
5519,0,0.15004883706569672,0
5520,0,0.15004883706569672,0
5521,0,0.15004883706569672,0
5522,0,0.15004883706569672,0
5523,0,0.15004883706569672,0
5524,0,0.15004883706569672,0
5525,0,0.15004883706569672,0
5526,0,0.15823166072368622,1
5527,0,0.14952778816223145,1
5528,0,0.14952778816223145,0
5529,0,0.14952778816223145,0
5530,0,0.14952778816223145,0
5531,0,0.14952778816223145,0
5532,0,0.14952778816223145,0
5533,0,0.14952778816223145,0
5534,0,0.14952778816223145,0
5535,0,0.14952778816223145,0
5536,0,0.14952778816223145,0
5537,0,0.14952778816223145,0
5538,0,0.14952778816223145,0
5539,0,0.14952778816223145,0
5540,0,0.14952778816223145,0
5541,0,0.14952778816223145,0
5542,0,0.14952778816223145,0
5543,0,0.14952778816223145,0
5544,0,0.14952778816223145,0
5545,0,0.14952778816223145,0
5546,0,0.14952778816223145,0
5547,0,0.15103933215141296,1
5548,0,0.15103933215141296,0
5549,0,0.15103933215141296,0
5550,0,0.15103933215141296,0
5551,0,0.15103933215141296,0
5552,0,0.15103933215141296,0
5553,0,0.15103933215141296,0
5554,0,0.15103933215141296,0
5555,0,0.15103933215141296,0
5556,0,0.3201596736907959,1
5557,0,0.3201596736907959,0
5558,0,0.3201596736907959,0
5559,0,0.3201596736907959,0
5560,0,0.3201596736907959,0
5561,0,0.3201596736907959,0
5562,0,0.3201596736907959,0
5563,0,0.3201596736907959,0
5564,0,0.3201596736907959,0
5565,0,0.3201596736907959,0
5566,0,0.3201596736907959,0
5567,0,0.3201596736907959,0
5568,0,0.3201596736907959,0
5569,0,0.3201596736907959,0
5570,0,0.3201596736907959,0
5571,0,0.3201596736907959,0
5572,0,0.3201596736907959,0
5573,0,0.3201596736907959,0
5574,0,0.3201596736907959,0
5575,0,0.3201596736907959,0
5576,0,0.3201596736907959,0
5577,0,0.2438976764678955,1
5578,0,0.2438976764678955,0
5579,0,0.2438976764678955,0
5580,0,0.2438976764678955,0
5581,0,0.2438976764678955,0
5582,0,0.2438976764678955,0
5583,0,0.2438976764678955,0
5584,0,0.2438976764678955,0
5585,0,0.2438976764678955,0
5586,0,0.17066797614097595,1
5587,0,0.17066797614097595,0
5588,0,0.17066797614097595,0
5589,0,0.17066797614097595,0
5590,0,0.17066797614097595,0
5591,0,0.17066797614097595,0
5592,0,0.17066797614097595,0
5593,0,0.17066797614097595,0
5594,0,0.17066797614097595,0
5595,0,0.17066797614097595,0
5596,0,0.17066797614097595,0
5597,0,0.17066797614097595,0
5598,0,0.17066797614097595,0
5599,0,0.17066797614097595,0
5600,0,0.17066797614097595,0
5601,0,0.17066797614097595,0
5602,0,0.17066797614097595,0
5603,0,0.17066797614097595,0
5604,0,0.17066797614097595,0
5605,0,0.17066797614097595,0
5606,0,0.17066797614097595,0
5607,0,0.17013396322727203,1
5608,0,0.17013396322727203,0
5609,0,0.17013396322727203,0
5610,0,0.17013396322727203,0
5611,0,0.17013396322727203,0
5612,0,0.17013396322727203,0
5613,0,0.17013396322727203,0
5614,0,0.17013396322727203,0
5615,0,0.17013396322727203,0
5616,0,0.17013396322727203,0
5617,0,0.138473242521286,1
5618,0,0.18440361320972443,1
5619,0,0.18440361320972443,0
5620,0,0.18440361320972443,0
5621,0,0.18440361320972443,0
5622,0,0.18440361320972443,0
5623,0,0.18440361320972443,0
5624,0,0.18440361320972443,0
5625,0,0.18440361320972443,0
5626,0,0.18440361320972443,0
5627,0,0.18440361320972443,0
5628,0,0.18440361320972443,0
5629,0,0.18440361320972443,0
5630,0,0.18440361320972443,0
5631,0,0.18440361320972443,0
5632,0,0.18440361320972443,0
5633,0,0.18440361320972443,0
5634,0,0.18440361320972443,0
5635,0,0.18440361320972443,0
5636,0,0.18440361320972443,0
5637,0,0.17096003890037537,1
5638,0,0.17096003890037537,0
5639,0,0.17096003890037537,0
5640,0,0.17096003890037537,0
5641,0,0.17096003890037537,0
5642,0,0.17096003890037537,0
5643,0,0.17096003890037537,0
5644,0,0.17096003890037537,0
5645,0,0.13635315001010895,1
5646,0,0.13635315001010895,0
5647,0,0.13417260348796844,1
5648,0,0.13417260348796844,0
5649,0,0.13417260348796844,0
5650,0,0.13417260348796844,0
5651,0,0.13417260348796844,0
5652,0,0.13417260348796844,0
5653,0,0.13417260348796844,0
5654,0,0.13417260348796844,0
5655,0,0.13417260348796844,0
5656,0,0.13417260348796844,0
5657,0,0.13417260348796844,0
5658,0,0.13417260348796844,0
5659,0,0.1905081570148468,1
5660,0,0.1905081570148468,0
5661,0,0.358998566865921,1
5662,0,0.358998566865921,0
5663,0,0.358998566865921,0
5664,0,0.358998566865921,0
5665,0,0.358998566865921,0
5666,0,0.358998566865921,0
5667,0,0.28316763043403625,1
5668,0,0.28316763043403625,0
5669,0,0.28316763043403625,0
5670,0,0.28316763043403625,0
5671,0,0.28316763043403625,0
5672,0,0.28316763043403625,0
5673,0,0.28316763043403625,0
5674,0,0.28316763043403625,0
5675,0,0.28316763043403625,0
5676,0,0.28316763043403625,0
5677,0,0.13376925885677338,1
5678,0,0.13376925885677338,0
5679,0,0.13376925885677338,0
5680,0,0.13376925885677338,0
5681,0,0.13376925885677338,0
5682,0,0.13376925885677338,0
5683,0,0.13376925885677338,0
5684,0,0.13376925885677338,0
5685,0,0.13376925885677338,0
5686,0,0.13376925885677338,0
5687,0,0.13376925885677338,0
5688,0,0.13376925885677338,0
5689,0,0.13376925885677338,0
5690,0,0.13376925885677338,0
5691,0,0.13376925885677338,0
5692,0,0.15762454271316528,1
5693,0,0.15762454271316528,0
5694,0,0.15762454271316528,0
5695,0,0.15762454271316528,0
5696,0,0.15762454271316528,0
5697,0,0.16818293929100037,1
5698,0,0.16818293929100037,0
5699,0,0.16818293929100037,0
5700,0,0.16818293929100037,0
5701,0,0.16818293929100037,0
5702,0,0.16818293929100037,0
5703,0,0.16818293929100037,0
5704,0,0.16818293929100037,0
5705,0,0.16818293929100037,0
5706,0,0.31328409910202026,1
5707,0,0.31328409910202026,0
5708,0,0.31328409910202026,0
5709,0,0.31328409910202026,0
5710,0,0.31328409910202026,0
5711,0,0.31328409910202026,0
5712,0,0.31328409910202026,0
5713,0,0.31328409910202026,0
5714,0,0.31328409910202026,0
5715,0,0.31328409910202026,0
5716,0,0.31328409910202026,0
5717,0,0.31328409910202026,0
5718,0,0.31328409910202026,0
5719,0,0.31328409910202026,0
5720,0,0.14526239037513733,1
5721,0,0.14526239037513733,0
5722,0,0.14526239037513733,0
5723,0,0.14526239037513733,0
5724,0,0.14526239037513733,0
5725,0,0.14526239037513733,0
5726,0,0.14526239037513733,0
5727,0,0.2605941891670227,1
5728,0,0.2605941891670227,0
5729,0,0.2605941891670227,0
5730,0,0.2605941891670227,0
5731,0,0.2605941891670227,0
5732,0,0.2605941891670227,0
5733,0,0.2605941891670227,0
5734,0,0.2605941891670227,0
5735,0,0.2605941891670227,0
5736,0,0.2605941891670227,0
5737,0,0.2605941891670227,0
5738,0,0.2612036466598511,1
5739,0,0.2612036466598511,0
5740,0,0.19628509879112244,1
5741,0,0.19628509879112244,0
5742,0,0.19628509879112244,0
5743,0,0.19628509879112244,0
5744,0,0.19628509879112244,0
5745,0,0.1903894543647766,1
5746,0,0.1903894543647766,0
5747,0,0.1903894543647766,0
5748,0,0.1903894543647766,0
5749,0,0.1903894543647766,0
5750,0,0.6816908717155457,1
5751,0,0.6816908717155457,0
5752,0,0.6816908717155457,0
5753,0,0.6816908717155457,0
5754,0,0.6816908717155457,0
5755,0,0.6816908717155457,0
5756,0,0.6816908717155457,0
5757,0,0.24253174662590027,1
5758,0,0.24253174662590027,0
5759,0,0.24253174662590027,0
5760,0,0.24253174662590027,0
5761,0,0.24253174662590027,0
5762,0,0.24253174662590027,0
5763,0,0.24253174662590027,0
5764,0,0.24253174662590027,0
5765,0,0.18267345428466797,1
5766,0,0.1475381851196289,1
5767,0,0.1475381851196289,0
5768,0,0.1475381851196289,0
5769,0,0.1475381851196289,0
5770,0,0.1475381851196289,0
5771,0,0.18540218472480774,1
5772,0,0.16014906764030457,1
5773,0,0.16014906764030457,0
5774,0,0.19917471706867218,1
5775,0,0.19917471706867218,0
5776,0,0.20021280646324158,1
5777,0,0.20021280646324158,0
5778,0,0.20021280646324158,0
5779,0,0.20021280646324158,0
5780,0,0.20021280646324158,0
5781,0,0.20021280646324158,0
5782,0,0.20021280646324158,0
5783,0,0.20021280646324158,0
5784,0,0.20021280646324158,0
5785,0,0.20021280646324158,0
5786,0,0.20021280646324158,0
5787,0,0.25264641642570496,1
5788,0,0.25264641642570496,0
5789,0,0.25264641642570496,0
5790,0,0.25264641642570496,0
5791,0,0.25264641642570496,0
5792,0,0.25264641642570496,0
5793,0,0.25264641642570496,0
5794,0,0.25264641642570496,0
5795,0,0.25264641642570496,0
5796,0,0.25264641642570496,0
5797,0,0.24797910451889038,1
5798,0,0.24797910451889038,0
5799,0,0.24797910451889038,0
5800,0,0.24797910451889038,0
5801,0,0.24797910451889038,0
5802,0,0.24797910451889038,0
5803,0,0.24797910451889038,0
5804,0,0.24797910451889038,0
5805,0,0.24797910451889038,0
5806,0,0.24797910451889038,0
5807,0,0.24797910451889038,0
5808,0,0.24797910451889038,0
5809,0,0.24797910451889038,0
5810,0,0.24797910451889038,0
5811,0,0.24797910451889038,0
5812,0,0.24797910451889038,0
5813,0,0.24797910451889038,0
5814,0,0.24797910451889038,0
5815,0,0.24797910451889038,0
5816,0,0.24797910451889038,0
5817,0,0.23349331319332123,1
5818,0,0.23349331319332123,0
5819,0,0.23349331319332123,0
5820,0,0.23349331319332123,0
5821,0,0.23349331319332123,0
5822,0,0.23349331319332123,0
5823,0,0.23349331319332123,0
5824,0,0.23349331319332123,0
5825,0,0.23349331319332123,0
5826,0,0.23349331319332123,0
5827,0,0.23349331319332123,0
5828,0,0.23349331319332123,0
5829,0,0.23349331319332123,0
5830,0,0.23349331319332123,0
5831,0,0.23349331319332123,0
5832,0,0.23349331319332123,0
5833,0,0.23349331319332123,0
5834,0,0.23349331319332123,0
5835,0,0.23349331319332123,0
5836,0,0.23349331319332123,0
5837,0,0.23349331319332123,0
5838,0,0.23349331319332123,0
5839,0,0.23349331319332123,0
5840,0,0.23349331319332123,0
5841,0,0.23349331319332123,0
5842,0,0.18644700944423676,1
5843,0,0.18644700944423676,0
5844,0,0.18644700944423676,0
5845,0,0.18644700944423676,0
5846,0,0.18644700944423676,0
5847,0,0.18644700944423676,0
5848,0,0.18644700944423676,0
5849,0,0.18644700944423676,0
5850,0,0.36278465390205383,1
5851,0,0.2173244208097458,1
5852,0,0.2173244208097458,0
5853,0,0.2173244208097458,0
5854,0,0.2173244208097458,0
5855,0,0.2173244208097458,0
5856,0,0.31175729632377625,1
5857,0,0.31175729632377625,0
5858,0,0.31175729632377625,0
5859,0,0.31175729632377625,0
5860,0,0.31175729632377625,0
5861,0,0.31175729632377625,0
5862,0,0.31175729632377625,0
5863,0,0.31175729632377625,0
5864,0,0.31175729632377625,0
5865,0,0.31175729632377625,0
5866,0,0.31175729632377625,0
5867,0,0.31175729632377625,0
5868,0,0.31175729632377625,0
5869,0,0.31175729632377625,0
5870,0,0.15644408762454987,1
5871,0,0.15644408762454987,0
5872,0,0.2806023955345154,1
5873,0,0.2806023955345154,0
5874,0,0.2806023955345154,0
5875,0,0.2806023955345154,0
5876,0,0.2806023955345154,0
5877,0,0.2550477087497711,1
5878,0,0.2550477087497711,0
5879,0,0.2550477087497711,0
5880,0,0.2550477087497711,0
5881,0,0.2550477087497711,0
5882,0,0.2550477087497711,0
5883,0,0.2550477087497711,0
5884,0,0.2550477087497711,0
5885,0,0.18160951137542725,1
5886,0,0.18160951137542725,0
5887,0,0.18160951137542725,0
5888,0,0.18160951137542725,0
5889,0,0.18160951137542725,0
5890,0,0.18160951137542725,0
5891,0,0.18160951137542725,0
5892,0,0.18160951137542725,0
5893,0,0.18160951137542725,0
5894,0,0.18160951137542725,0
5895,0,0.18160951137542725,0
5896,0,0.18160951137542725,0
5897,0,0.18160951137542725,0
5898,0,0.18160951137542725,0
5899,0,0.18160951137542725,0
5900,0,0.18160951137542725,0
5901,0,0.18160951137542725,0
5902,0,0.18160951137542725,0
5903,0,0.18160951137542725,0
5904,0,0.18160951137542725,0
5905,0,0.18160951137542725,0
5906,0,0.18160951137542725,0
5907,0,0.1580953598022461,1
5908,0,0.1580953598022461,0
5909,0,0.1580953598022461,0
5910,0,0.1580953598022461,0
5911,0,0.1580953598022461,0
5912,0,0.1580953598022461,0
5913,0,0.1580953598022461,0
5914,0,0.1580953598022461,0
5915,0,0.1580953598022461,0
5916,0,0.1580953598022461,0
5917,0,0.18421341478824615,1
5918,0,0.18421341478824615,0
5919,0,0.18421341478824615,0
5920,0,0.18421341478824615,0
5921,0,0.18421341478824615,0
5922,0,0.18421341478824615,0
5923,0,0.18421341478824615,0
5924,0,0.18421341478824615,0
5925,0,0.18421341478824615,0
5926,0,0.18421341478824615,0
5927,0,0.18421341478824615,0
5928,0,0.18421341478824615,0
5929,0,0.18421341478824615,0
5930,0,0.18421341478824615,0
5931,0,0.18421341478824615,0
5932,0,0.18421341478824615,0
5933,0,0.18421341478824615,0
5934,0,0.18421341478824615,0
5935,0,0.18421341478824615,0
5936,0,0.16500680148601532,1
5937,0,0.16500680148601532,0
5938,0,0.16500680148601532,0
5939,0,0.16500680148601532,0
5940,0,0.16500680148601532,0
5941,0,0.16500680148601532,0
5942,0,0.16500680148601532,0
5943,0,0.16500680148601532,0
5944,0,0.16500680148601532,0
5945,0,0.16500680148601532,0
5946,0,0.14033351838588715,1
5947,0,0.14033351838588715,0
5948,0,0.14033351838588715,0
5949,0,0.14033351838588715,0
5950,0,0.14033351838588715,0
5951,0,0.14033351838588715,0
5952,0,0.14033351838588715,0
5953,0,0.14033351838588715,0
5954,0,0.14033351838588715,0
5955,0,0.14033351838588715,0
5956,0,0.14033351838588715,0
5957,0,0.14033351838588715,0
5958,0,0.14033351838588715,0
5959,0,0.14033351838588715,0
5960,0,0.14033351838588715,0
5961,0,0.14033351838588715,0
5962,0,0.14033351838588715,0
5963,0,0.14033351838588715,0
5964,0,0.14033351838588715,0
5965,0,0.14033351838588715,0
5966,0,0.15335334837436676,1
5967,0,0.15335334837436676,0
5968,0,0.15335334837436676,0
5969,0,0.15335334837436676,0
5970,0,0.15335334837436676,0
5971,0,0.15335334837436676,0
5972,0,0.15335334837436676,0
5973,0,0.1606093794107437,1
5974,0,0.1606093794107437,0
5975,0,0.1606093794107437,0
5976,0,0.1606093794107437,0
5977,0,0.1606093794107437,0
5978,0,0.1606093794107437,0
5979,0,0.1606093794107437,0
5980,0,0.1606093794107437,0
5981,0,0.1606093794107437,0
5982,0,0.1606093794107437,0
5983,0,0.1606093794107437,0
5984,0,0.1606093794107437,0
5985,0,0.1606093794107437,0
5986,0,0.1606093794107437,0
5987,0,0.1606093794107437,0
5988,0,0.1606093794107437,0
5989,0,0.1606093794107437,0
5990,0,0.1606093794107437,0
5991,0,0.1606093794107437,0
5992,0,0.1606093794107437,0
5993,0,0.1606093794107437,0
5994,0,0.1606093794107437,0
5995,0,0.1606093794107437,0
5996,0,0.3624706268310547,1
5997,0,0.3624706268310547,0
5998,0,0.3624706268310547,0
5999,0,0.3624706268310547,0
6000,0,0.7027085423469543,1
6001,0,0.7027085423469543,0
6002,0,0.7027085423469543,0
6003,0,0.7027085423469543,0
6004,0,0.7027085423469543,0
6005,0,0.7027085423469543,0
6006,0,0.3014448285102844,1
6007,0,0.3014448285102844,0
6008,0,0.3014448285102844,0
6009,0,0.3014448285102844,0
6010,0,0.3014448285102844,0
6011,0,0.3014448285102844,0
6012,0,0.3014448285102844,0
6013,0,0.3014448285102844,0
6014,0,0.3014448285102844,0
6015,0,0.3014448285102844,0
6016,0,0.3014448285102844,0
6017,0,0.3014448285102844,0
6018,0,0.3014448285102844,0
6019,0,0.3014448285102844,0
6020,0,0.3014448285102844,0
6021,0,0.3014448285102844,0
6022,0,0.3014448285102844,0
6023,0,0.3014448285102844,0
6024,0,0.3014448285102844,0
6025,0,0.3014448285102844,0
6026,0,0.2511175572872162,1
6027,0,0.2511175572872162,0
6028,0,0.2511175572872162,0
6029,0,0.1673605889081955,1
6030,0,0.1673605889081955,0
6031,0,0.1673605889081955,0
6032,0,0.13345251977443695,1
6033,0,0.13345251977443695,0
6034,0,0.13345251977443695,0
6035,0,0.13345251977443695,0
6036,0,0.155377596616745,1
6037,0,0.155377596616745,0
6038,0,0.155377596616745,0
6039,0,0.155377596616745,0
6040,0,0.155377596616745,0
6041,0,0.15711557865142822,1
6042,0,0.15711557865142822,0
6043,0,0.15711557865142822,0
6044,0,0.15711557865142822,0
6045,0,0.15711557865142822,0
6046,0,0.15711557865142822,0
6047,0,0.15711557865142822,0
6048,0,0.15711557865142822,0
6049,0,0.15711557865142822,0
6050,0,0.15711557865142822,0
6051,0,0.15711557865142822,0
6052,0,0.15711557865142822,0
6053,0,0.15711557865142822,0
6054,0,0.15711557865142822,0
6055,0,0.15711557865142822,0
6056,0,0.16027146577835083,1
6057,0,0.16027146577835083,0
6058,0,0.16027146577835083,0
6059,0,0.16027146577835083,0
6060,0,0.16027146577835083,0
6061,0,0.16027146577835083,0
6062,0,0.16027146577835083,0
6063,0,0.16027146577835083,0
6064,0,0.16027146577835083,0
6065,0,0.16027146577835083,0
6066,0,0.1636166274547577,1
6067,0,0.1636166274547577,0
6068,0,0.1636166274547577,0
6069,0,0.1636166274547577,0
6070,0,0.1636166274547577,0
6071,0,0.1636166274547577,0
6072,0,0.1636166274547577,0
6073,0,0.1636166274547577,0
6074,0,0.1454024314880371,1
6075,0,0.1454024314880371,0
6076,0,0.1454024314880371,0
6077,0,0.1454024314880371,0
6078,0,0.1454024314880371,0
6079,0,0.1454024314880371,0
6080,0,0.1454024314880371,0
6081,0,0.1454024314880371,0
6082,0,0.1454024314880371,0
6083,0,0.1454024314880371,0
6084,0,0.1454024314880371,0
6085,0,0.1454024314880371,0
6086,0,0.24909918010234833,1
6087,0,0.24909918010234833,0
6088,0,0.24909918010234833,0
6089,0,0.24909918010234833,0
6090,0,0.24909918010234833,0
6091,0,0.11808886379003525,1
6092,0,0.11808886379003525,0
6093,0,0.11808886379003525,0
6094,0,0.11808886379003525,0
6095,0,0.11808886379003525,0
6096,0,0.11808886379003525,0
6097,0,0.18642614781856537,1
6098,0,0.18642614781856537,0
6099,0,0.18642614781856537,0
6100,0,0.18642614781856537,0
6101,0,0.18642614781856537,0
6102,0,0.18642614781856537,0
6103,0,0.18642614781856537,0
6104,0,0.18642614781856537,0
6105,0,0.18642614781856537,0
6106,0,0.18642614781856537,0
6107,0,0.18642614781856537,0
6108,0,0.18642614781856537,0
6109,0,0.18642614781856537,0
6110,0,0.18642614781856537,0
6111,0,0.1696120649576187,1
6112,0,0.1696120649576187,0
6113,0,0.1696120649576187,0
6114,0,0.1696120649576187,0
6115,0,0.1696120649576187,0
6116,0,0.21402312815189362,1
6117,0,0.21402312815189362,0
6118,0,0.21402312815189362,0
6119,0,0.21402312815189362,0
6120,0,0.21402312815189362,0
6121,0,0.21402312815189362,0
6122,0,0.21402312815189362,0
6123,0,0.21402312815189362,0
6124,0,0.21402312815189362,0
6125,0,0.21402312815189362,0
6126,0,0.21402312815189362,0
6127,0,0.21402312815189362,0
6128,0,0.21402312815189362,0
6129,0,0.21402312815189362,0
6130,0,0.21402312815189362,0
6131,0,0.21402312815189362,0
6132,0,0.21402312815189362,0
6133,0,0.21402312815189362,0
6134,0,0.21402312815189362,0
6135,0,0.21402312815189362,0
6136,0,0.21402312815189362,0
6137,0,0.21402312815189362,0
6138,0,0.1350579857826233,1
6139,0,0.1350579857826233,0
6140,0,0.1350579857826233,0
6141,0,0.1350579857826233,0
6142,0,0.1350579857826233,0
6143,0,0.1350579857826233,0
6144,0,0.1350579857826233,0
6145,0,0.1350579857826233,0
6146,0,0.19945493340492249,1
6147,0,0.19945493340492249,0
6148,0,0.19945493340492249,0
6149,0,0.19945493340492249,0
6150,0,0.19945493340492249,0
6151,0,0.19945493340492249,0
6152,0,0.19945493340492249,0
6153,0,0.19945493340492249,0
6154,0,0.19945493340492249,0
6155,0,0.19945493340492249,0
6156,0,0.2919352352619171,1
6157,0,0.2919352352619171,0
6158,0,0.2919352352619171,0
6159,0,0.2919352352619171,0
6160,0,0.2919352352619171,0
6161,0,0.2919352352619171,0
6162,0,0.2919352352619171,0
6163,0,0.2919352352619171,0
6164,0,0.2919352352619171,0
6165,0,0.2919352352619171,0
6166,0,0.2919352352619171,0
6167,0,0.2919352352619171,0
6168,0,0.2919352352619171,0
6169,0,0.2919352352619171,0
6170,0,0.2919352352619171,0
6171,0,0.2919352352619171,0
6172,0,0.2919352352619171,0
6173,0,0.2919352352619171,0
6174,0,0.2919352352619171,0
6175,0,0.2919352352619171,0
6176,0,0.21536073088645935,1
6177,0,0.21536073088645935,0
6178,0,0.21536073088645935,0
6179,0,0.21536073088645935,0
6180,0,0.21536073088645935,0
6181,0,0.21536073088645935,0
6182,0,0.21536073088645935,0
6183,0,0.21536073088645935,0
6184,0,0.21536073088645935,0
6185,0,0.21536073088645935,0
6186,0,0.16243290901184082,1
6187,0,0.16243290901184082,0
6188,0,0.16243290901184082,0
6189,0,0.16243290901184082,0
6190,0,0.16243290901184082,0
6191,0,0.16243290901184082,0
6192,0,0.16243290901184082,0
6193,0,0.16243290901184082,0
6194,0,0.16243290901184082,0
6195,0,0.16243290901184082,0
6196,0,0.16243290901184082,0
6197,0,0.16243290901184082,0
6198,0,0.16243290901184082,0
6199,0,0.16243290901184082,0
6200,0,0.16243290901184082,0
6201,0,0.1964438259601593,1
6202,0,0.1964438259601593,0
6203,0,0.1964438259601593,0
6204,0,0.1964438259601593,0
6205,0,0.1964438259601593,0
6206,0,0.1581893414258957,1
6207,0,0.1581893414258957,0
6208,0,0.1581893414258957,0
6209,0,0.1581893414258957,0
6210,0,0.11331049352884293,1
6211,0,0.11331049352884293,0
6212,0,0.11331049352884293,0
6213,0,0.11331049352884293,0
6214,0,0.11331049352884293,0
6215,0,0.11331049352884293,0
6216,0,0.11331049352884293,0
6217,0,0.1163102313876152,1
6218,0,0.1163102313876152,0
6219,0,0.1163102313876152,0
6220,0,0.1163102313876152,0
6221,0,0.1163102313876152,0
6222,0,0.1163102313876152,0
6223,0,0.1163102313876152,0
6224,0,0.1163102313876152,0
6225,0,0.1163102313876152,0
6226,0,0.1163102313876152,0
6227,0,0.1163102313876152,0
6228,0,0.1163102313876152,0
6229,0,0.1163102313876152,0
6230,0,0.1163102313876152,0
6231,0,0.1163102313876152,0
6232,0,0.1163102313876152,0
6233,0,0.1163102313876152,0
6234,0,0.1163102313876152,0
6235,0,0.1163102313876152,0
6236,0,0.25088071823120117,1
6237,0,0.25088071823120117,0
6238,0,0.25088071823120117,0
6239,0,0.25088071823120117,0
6240,0,0.25088071823120117,0
6241,0,0.25088071823120117,0
6242,0,0.25088071823120117,0
6243,0,0.25088071823120117,0
6244,0,0.25088071823120117,0
6245,0,0.25088071823120117,0
6246,0,0.16900216042995453,1
6247,0,0.16900216042995453,0
6248,0,0.16900216042995453,0
6249,0,0.16900216042995453,0
6250,0,0.6629835963249207,1
6251,0,0.6629835963249207,0
6252,0,0.6629835963249207,0
6253,0,0.6629835963249207,0
6254,0,0.6629835963249207,0
6255,0,0.6629835963249207,0
6256,0,0.6629835963249207,0
6257,0,0.6629835963249207,0
6258,0,0.6629835963249207,0
6259,0,0.6629835963249207,0
6260,0,0.6629835963249207,0
6261,0,0.6629835963249207,0
6262,0,0.6629835963249207,0
6263,0,0.6629835963249207,0
6264,0,0.6629835963249207,0
6265,0,0.6629835963249207,0
6266,0,0.11656907200813293,1
6267,0,0.11656907200813293,0
6268,0,0.11656907200813293,0
6269,0,0.11656907200813293,0
6270,0,0.11656907200813293,0
6271,0,0.11656907200813293,0
6272,0,0.11656907200813293,0
6273,0,0.11656907200813293,0
6274,0,0.11656907200813293,0
6275,0,0.11656907200813293,0
6276,0,0.11656907200813293,0
6277,0,0.11656907200813293,0
6278,0,0.11656907200813293,0
6279,0,0.11656907200813293,0
6280,0,0.11656907200813293,0
6281,0,0.11656907200813293,0
6282,0,0.11656907200813293,0
6283,0,0.11656907200813293,0
6284,0,0.11656907200813293,0
6285,0,0.11656907200813293,0
6286,0,0.11656907200813293,0
6287,0,0.11656907200813293,0
6288,0,0.11656907200813293,0
6289,0,0.11656907200813293,0
6290,0,0.11656907200813293,0
6291,0,0.11656907200813293,0
6292,0,0.11656907200813293,0
6293,0,0.13727010786533356,1
6294,0,0.13727010786533356,0
6295,0,0.13727010786533356,0
6296,0,0.1532454788684845,1
6297,0,0.1532454788684845,0
6298,0,0.1532454788684845,0
6299,0,0.1532454788684845,0
6300,0,0.1532454788684845,0
6301,0,0.1532454788684845,0
6302,0,0.1532454788684845,0
6303,0,0.1532454788684845,0
6304,0,0.1532454788684845,0
6305,0,0.1532454788684845,0
6306,0,0.322733610868454,1
6307,0,0.322733610868454,0
6308,0,0.322733610868454,0
6309,0,0.322733610868454,0
6310,0,0.322733610868454,0
6311,0,0.322733610868454,0
6312,0,0.322733610868454,0
6313,0,0.322733610868454,0
6314,0,0.322733610868454,0
6315,0,0.322733610868454,0
6316,0,0.322733610868454,0
6317,0,0.322733610868454,0
6318,0,0.322733610868454,0
6319,0,0.322733610868454,0
6320,0,0.322733610868454,0
6321,0,0.322733610868454,0
6322,0,0.322733610868454,0
6323,0,0.322733610868454,0
6324,0,0.322733610868454,0
6325,0,0.322733610868454,0
6326,0,0.19396570324897766,1
6327,0,0.19396570324897766,0
6328,0,0.19396570324897766,0
6329,0,0.19396570324897766,0
6330,0,0.19396570324897766,0
6331,0,0.19396570324897766,0
6332,0,0.14276368916034698,1
6333,0,0.14276368916034698,0
6334,0,0.14276368916034698,0
6335,0,0.12868763506412506,1
6336,0,0.12868763506412506,0
6337,0,0.12868763506412506,0
6338,0,0.12868763506412506,0
6339,0,0.12868763506412506,0
6340,0,0.12868763506412506,0
6341,0,0.12868763506412506,0
6342,0,0.12868763506412506,0
6343,0,0.12868763506412506,0
6344,0,0.12868763506412506,0
6345,0,0.12868763506412506,0
6346,0,0.12868763506412506,0
6347,0,0.12868763506412506,0
6348,0,0.12868763506412506,0
6349,0,0.12868763506412506,0
6350,0,0.12868763506412506,0
6351,0,0.12868763506412506,0
6352,0,0.12868763506412506,0
6353,0,0.12868763506412506,0
6354,0,0.12868763506412506,0
6355,0,0.12868763506412506,0
6356,0,0.1400950700044632,1
6357,0,0.1400950700044632,0
6358,0,0.1400950700044632,0
6359,0,0.1400950700044632,0
6360,0,0.1400950700044632,0
6361,0,0.1400950700044632,0
6362,0,0.1400950700044632,0
6363,0,0.1400950700044632,0
6364,0,0.1400950700044632,0
6365,0,0.1998165249824524,1
6366,0,0.1998165249824524,0
6367,0,0.1998165249824524,0
6368,0,0.1315920501947403,1
6369,0,0.1315920501947403,0
6370,0,0.1315920501947403,0
6371,0,0.1315920501947403,0
6372,0,0.1315920501947403,0
6373,0,0.1315920501947403,0
6374,0,0.1315920501947403,0
6375,0,0.1315920501947403,0
6376,0,0.1315920501947403,0
6377,0,0.1315920501947403,0
6378,0,0.1315920501947403,0
6379,0,0.1315920501947403,0
6380,0,0.1315920501947403,0
6381,0,0.159765362739563,1
6382,0,0.159765362739563,0
6383,0,0.159765362739563,0
6384,0,0.159765362739563,0
6385,0,0.159765362739563,0
6386,0,0.1673259139060974,1
6387,0,0.1673259139060974,0
6388,0,0.1673259139060974,0
6389,0,0.1673259139060974,0
6390,0,0.1673259139060974,0
6391,0,0.1673259139060974,0
6392,0,0.1673259139060974,0
6393,0,0.1673259139060974,0
6394,0,0.1673259139060974,0
6395,0,0.1673259139060974,0
6396,0,0.1395975649356842,1
6397,0,0.11993534117937088,1
6398,0,0.11993534117937088,0
6399,0,0.11993534117937088,0
6400,0,0.11993534117937088,0
6401,0,0.11993534117937088,0
6402,0,0.11993534117937088,0
6403,0,0.11993534117937088,0
6404,0,0.11993534117937088,0
6405,0,0.11993534117937088,0
6406,0,0.11993534117937088,0
6407,0,0.11993534117937088,0
6408,0,0.11993534117937088,0
6409,0,0.11993534117937088,0
6410,0,0.11993534117937088,0
6411,0,0.11993534117937088,0
6412,0,0.11993534117937088,0
6413,0,0.11993534117937088,0
6414,0,0.19693194329738617,1
6415,0,0.19693194329738617,0
6416,0,0.23431453108787537,1
6417,0,0.23431453108787537,0
6418,0,0.23431453108787537,0
6419,0,0.23431453108787537,0
6420,0,0.23431453108787537,0
6421,0,0.23431453108787537,0
6422,0,0.23431453108787537,0
6423,0,0.23431453108787537,0
6424,0,0.16096901893615723,1
6425,0,0.16096901893615723,0
6426,0,0.16096901893615723,0
6427,0,0.1363832950592041,1
6428,0,0.1363832950592041,0
6429,0,0.1363832950592041,0
6430,0,0.1363832950592041,0
6431,0,0.1363832950592041,0
6432,0,0.1503446400165558,1
6433,0,0.1503446400165558,0
6434,0,0.1503446400165558,0
6435,0,0.23185166716575623,1
6436,0,0.23185166716575623,0
6437,0,0.23185166716575623,0
6438,0,0.23185166716575623,0
6439,0,0.23185166716575623,0
6440,0,0.23185166716575623,0
6441,0,0.23185166716575623,0
6442,0,0.23185166716575623,0
6443,0,0.23185166716575623,0
6444,0,0.23185166716575623,0
6445,0,0.23185166716575623,0
6446,0,0.15908700227737427,1
6447,0,0.15908700227737427,0
6448,0,0.20239846408367157,1
6449,0,0.20239846408367157,0
6450,0,0.20239846408367157,0
6451,0,0.20239846408367157,0
6452,0,0.20239846408367157,0
6453,0,0.20239846408367157,0
6454,0,0.20239846408367157,0
6455,0,0.20239846408367157,0
6456,0,0.28547951579093933,1
6457,0,0.28547951579093933,0
6458,0,0.28547951579093933,0
6459,0,0.28547951579093933,0
6460,0,0.28547951579093933,0
6461,0,0.28547951579093933,0
6462,0,0.28547951579093933,0
6463,0,0.28547951579093933,0
6464,0,0.28547951579093933,0
6465,0,0.28547951579093933,0
6466,0,0.28547951579093933,0
6467,0,0.28547951579093933,0
6468,0,0.28547951579093933,0
6469,0,0.28547951579093933,0
6470,0,0.28547951579093933,0
6471,0,0.28547951579093933,0
6472,0,0.28547951579093933,0
6473,0,0.28547951579093933,0
6474,0,0.28547951579093933,0
6475,0,0.28547951579093933,0
6476,0,0.20573268830776215,1
6477,0,0.20573268830776215,0
6478,0,0.20573268830776215,0
6479,0,0.20573268830776215,0
6480,0,0.20573268830776215,0
6481,0,0.20573268830776215,0
6482,0,0.20573268830776215,0
6483,0,0.20573268830776215,0
6484,0,0.20573268830776215,0
6485,0,0.20573268830776215,0
6486,0,0.2862433195114136,1
6487,0,0.2862433195114136,0
6488,0,0.2862433195114136,0
6489,0,0.2862433195114136,0
6490,0,0.2862433195114136,0
6491,0,0.2862433195114136,0
6492,0,0.2862433195114136,0
6493,0,0.2862433195114136,0
6494,0,0.2862433195114136,0
6495,0,0.2862433195114136,0
6496,0,0.2862433195114136,0
6497,0,0.2862433195114136,0
6498,0,0.2862433195114136,0
6499,0,0.2862433195114136,0
6500,0,0.6251404285430908,1
6501,0,0.6251404285430908,0
6502,0,0.6251404285430908,0
6503,0,0.6251404285430908,0
6504,0,0.6251404285430908,0
6505,0,0.6251404285430908,0
6506,0,0.14678548276424408,1
6507,0,0.14678548276424408,0
6508,0,0.14678548276424408,0
6509,0,0.14678548276424408,0
6510,0,0.14678548276424408,0
6511,0,0.14678548276424408,0
6512,0,0.14678548276424408,0
6513,0,0.14678548276424408,0
6514,0,0.14678548276424408,0
6515,0,0.14678548276424408,0
6516,0,0.14678548276424408,0
6517,0,0.14678548276424408,0
6518,0,0.14678548276424408,0
6519,0,0.14678548276424408,0
6520,0,0.14678548276424408,0
6521,0,0.14678548276424408,0
6522,0,0.14678548276424408,0
6523,0,0.14678548276424408,0
6524,0,0.14678548276424408,0
6525,0,0.14678548276424408,0
6526,0,0.14678548276424408,0
6527,0,0.14678548276424408,0
6528,0,0.14678548276424408,0
6529,0,0.14678548276424408,0
6530,0,0.14678548276424408,0
6531,0,0.14678548276424408,0
6532,0,0.14678548276424408,0
6533,0,0.14678548276424408,0
6534,0,0.14678548276424408,0
6535,0,0.14678548276424408,0
6536,0,0.14678548276424408,0
6537,0,0.20427870750427246,1
6538,0,0.20427870750427246,0
6539,0,0.20427870750427246,0
6540,0,0.20427870750427246,0
6541,0,0.20427870750427246,0
6542,0,0.20427870750427246,0
6543,0,0.20427870750427246,0
6544,0,0.20427870750427246,0
6545,0,0.20427870750427246,0
6546,0,0.20427870750427246,0
6547,0,0.20427870750427246,0
6548,0,0.20427870750427246,0
6549,0,0.20427870750427246,0
6550,0,0.20427870750427246,0
6551,0,0.20427870750427246,0
6552,0,0.20427870750427246,0
6553,0,0.24242955446243286,1
6554,0,0.24242955446243286,0
6555,0,0.24242955446243286,0
6556,0,0.20575997233390808,1
6557,0,0.20575997233390808,0
6558,0,0.20575997233390808,0
6559,0,0.20575997233390808,0
6560,0,0.20575997233390808,0
6561,0,0.20575997233390808,0
6562,0,0.20575997233390808,0
6563,0,0.20575997233390808,0
6564,0,0.20575997233390808,0
6565,0,0.20575997233390808,0
6566,0,0.20575997233390808,0
6567,0,0.20575997233390808,0
6568,0,0.20575997233390808,0
6569,0,0.20575997233390808,0
6570,0,0.20575997233390808,0
6571,0,0.20575997233390808,0
6572,0,0.20575997233390808,0
6573,0,0.20575997233390808,0
6574,0,0.20575997233390808,0
6575,0,0.20575997233390808,0
6576,0,0.20575997233390808,0
6577,0,0.1515030860900879,1
6578,0,0.1515030860900879,0
6579,0,0.1515030860900879,0
6580,0,0.1515030860900879,0
6581,0,0.1515030860900879,0
6582,0,0.1515030860900879,0
6583,0,0.17027433216571808,1
6584,0,0.17027433216571808,0
6585,0,0.17027433216571808,0
6586,0,0.17027433216571808,0
6587,0,0.17027433216571808,0
6588,0,0.17027433216571808,0
6589,0,0.17027433216571808,0
6590,0,0.17027433216571808,0
6591,0,0.17027433216571808,0
6592,0,0.17027433216571808,0
6593,0,0.17027433216571808,0
6594,0,0.17027433216571808,0
6595,0,0.17027433216571808,0
6596,0,0.17027433216571808,0
6597,0,0.17619821429252625,1
6598,0,0.17619821429252625,0
6599,0,0.17619821429252625,0
6600,0,0.15773937106132507,1
6601,0,0.15773937106132507,0
6602,0,0.15773937106132507,0
6603,0,0.15773937106132507,0
6604,0,0.15773937106132507,0
6605,0,0.15773937106132507,0
6606,0,0.15773937106132507,0
6607,0,0.26309195160865784,1
6608,0,0.26309195160865784,0
6609,0,0.26309195160865784,0
6610,0,0.1624777764081955,1
6611,0,0.1624777764081955,0
6612,0,0.1624777764081955,0
6613,0,0.18287144601345062,1
6614,0,0.18287144601345062,0
6615,0,0.18287144601345062,0
6616,0,0.18287144601345062,0
6617,0,0.18287144601345062,0
6618,0,0.18343257904052734,1
6619,0,0.18343257904052734,0
6620,0,0.18343257904052734,0
6621,0,0.18343257904052734,0
6622,0,0.18343257904052734,0
6623,0,0.18343257904052734,0
6624,0,0.18343257904052734,0
6625,0,0.18180100619792938,1
6626,0,0.18180100619792938,0
6627,0,0.2490471452474594,1
6628,0,0.2490471452474594,0
6629,0,0.2490471452474594,0
6630,0,0.2490471452474594,0
6631,0,0.2490471452474594,0
6632,0,0.2490471452474594,0
6633,0,0.2490471452474594,0
6634,0,0.2258147895336151,1
6635,0,0.2258147895336151,0
6636,0,0.2258147895336151,0
6637,0,0.2258147895336151,0
6638,0,0.2258147895336151,0
6639,0,0.2258147895336151,0
6640,0,0.2258147895336151,0
6641,0,0.2258147895336151,0
6642,0,0.2258147895336151,0
6643,0,0.2258147895336151,0
6644,0,0.2258147895336151,0
6645,0,0.2258147895336151,0
6646,0,0.2258147895336151,0
6647,0,0.2258147895336151,0
6648,0,0.2258147895336151,0
6649,0,0.2258147895336151,0
6650,0,0.2258147895336151,0
6651,0,0.2258147895336151,0
6652,0,0.2258147895336151,0
6653,0,0.2258147895336151,0
6654,0,0.2258147895336151,0
6655,0,0.2258147895336151,0
6656,0,0.2258147895336151,0
6657,0,0.18292132019996643,1
6658,0,0.18292132019996643,0
6659,0,0.18292132019996643,0
6660,0,0.18292132019996643,0
6661,0,0.18292132019996643,0
6662,0,0.18292132019996643,0
6663,0,0.18292132019996643,0
6664,0,0.18292132019996643,0
6665,0,0.18292132019996643,0
6666,0,0.18292132019996643,0
6667,0,0.1833803355693817,1
6668,0,0.1833803355693817,0
6669,0,0.1833803355693817,0
6670,0,0.1833803355693817,0
6671,0,0.1833803355693817,0
6672,0,0.1833803355693817,0
6673,0,0.1833803355693817,0
6674,0,0.1833803355693817,0
6675,0,0.1833803355693817,0
6676,0,0.1833803355693817,0
6677,0,0.1833803355693817,0
6678,0,0.1833803355693817,0
6679,0,0.1833803355693817,0
6680,0,0.1833803355693817,0
6681,0,0.1833803355693817,0
6682,0,0.15804830193519592,1
6683,0,0.15804830193519592,0
6684,0,0.15804830193519592,0
6685,0,0.15804830193519592,0
6686,0,0.15804830193519592,0
6687,0,0.31579023599624634,1
6688,0,0.31579023599624634,0
6689,0,0.31579023599624634,0
6690,0,0.22854016721248627,1
6691,0,0.22854016721248627,0
6692,0,0.22854016721248627,0
6693,0,0.22854016721248627,0
6694,0,0.17029371857643127,1
6695,0,0.17029371857643127,0
6696,0,0.17029371857643127,0
6697,0,0.17029371857643127,0
6698,0,0.17029371857643127,0
6699,0,0.17029371857643127,0
6700,0,0.17029371857643127,0
6701,0,0.17029371857643127,0
6702,0,0.17029371857643127,0
6703,0,0.17029371857643127,0
6704,0,0.17029371857643127,0
6705,0,0.17029371857643127,0
6706,0,0.17029371857643127,0
6707,0,0.17029371857643127,0
6708,0,0.17029371857643127,0
6709,0,0.17029371857643127,0
6710,0,0.17029371857643127,0
6711,0,0.17029371857643127,0
6712,0,0.17029371857643127,0
6713,0,0.17029371857643127,0
6714,0,0.17029371857643127,0
6715,0,0.17029371857643127,0
6716,0,0.17029371857643127,0
6717,0,0.16116055846214294,1
6718,0,0.16116055846214294,0
6719,0,0.16116055846214294,0
6720,0,0.16116055846214294,0
6721,0,0.16116055846214294,0
6722,0,0.16116055846214294,0
6723,0,0.16116055846214294,0
6724,0,0.16116055846214294,0
6725,0,0.2156660258769989,1
6726,0,0.2156660258769989,0
6727,0,0.2156660258769989,0
6728,0,0.24282576143741608,1
6729,0,0.24282576143741608,0
6730,0,0.24282576143741608,0
6731,0,0.24282576143741608,0
6732,0,0.24282576143741608,0
6733,0,0.24282576143741608,0
6734,0,0.24282576143741608,0
6735,0,0.24282576143741608,0
6736,0,0.24282576143741608,0
6737,0,0.24282576143741608,0
6738,0,0.24282576143741608,0
6739,0,0.24282576143741608,0
6740,0,0.24282576143741608,0
6741,0,0.24282576143741608,0
6742,0,0.24282576143741608,0
6743,0,0.24282576143741608,0
6744,0,0.24282576143741608,0
6745,0,0.24282576143741608,0
6746,0,0.24282576143741608,0
6747,0,0.1656379997730255,1
6748,0,0.1656379997730255,0
6749,0,0.1656379997730255,0
6750,0,0.6127433776855469,1
6751,0,0.6127433776855469,0
6752,0,0.6127433776855469,0
6753,0,0.6127433776855469,0
6754,0,0.6127433776855469,0
6755,0,0.6127433776855469,0
6756,0,0.6127433776855469,0
6757,0,0.29554662108421326,1
6758,0,0.29554662108421326,0
6759,0,0.29554662108421326,0
6760,0,0.29554662108421326,0
6761,0,0.29554662108421326,0
6762,0,0.29554662108421326,0
6763,0,0.29554662108421326,0
6764,0,0.29554662108421326,0
6765,0,0.29554662108421326,0
6766,0,0.29554662108421326,0
6767,0,0.29554662108421326,0
6768,0,0.29554662108421326,0
6769,0,0.29554662108421326,0
6770,0,0.29554662108421326,0
6771,0,0.29554662108421326,0
6772,0,0.29554662108421326,0
6773,0,0.29554662108421326,0
6774,0,0.25005534291267395,1
6775,0,0.25005534291267395,0
6776,0,0.25005534291267395,0
6777,0,0.23729127645492554,1
6778,0,0.23729127645492554,0
6779,0,0.23729127645492554,0
6780,0,0.23729127645492554,0
6781,0,0.23729127645492554,0
6782,0,0.23729127645492554,0
6783,0,0.23729127645492554,0
6784,0,0.23729127645492554,0
6785,0,0.23729127645492554,0
6786,0,0.23729127645492554,0
6787,0,0.23729127645492554,0
6788,0,0.23729127645492554,0
6789,0,0.23729127645492554,0
6790,0,0.23729127645492554,0
6791,0,0.23729127645492554,0
6792,0,0.23729127645492554,0
6793,0,0.23729127645492554,0
6794,0,0.24440310895442963,1
6795,0,0.24440310895442963,0
6796,0,0.24440310895442963,0
6797,0,0.24440310895442963,0
6798,0,0.24440310895442963,0
6799,0,0.37676551938056946,1
6800,0,0.37676551938056946,0
6801,0,0.37676551938056946,0
6802,0,0.37676551938056946,0
6803,0,0.37676551938056946,0
6804,0,0.37676551938056946,0
6805,0,0.37676551938056946,0
6806,0,0.37676551938056946,0
6807,0,0.17769885063171387,1
6808,0,0.19169503450393677,1
6809,0,0.19169503450393677,0
6810,0,0.19169503450393677,0
6811,0,0.24397438764572144,1
6812,0,0.24397438764572144,0
6813,0,0.24397438764572144,0
6814,0,0.24397438764572144,0
6815,0,0.24397438764572144,0
6816,0,0.24397438764572144,0
6817,0,0.25246861577033997,1
6818,0,0.25246861577033997,0
6819,0,0.25246861577033997,0
6820,0,0.25246861577033997,0
6821,0,0.25246861577033997,0
6822,0,0.25246861577033997,0
6823,0,0.25246861577033997,0
6824,0,0.25246861577033997,0
6825,0,0.25246861577033997,0
6826,0,0.25246861577033997,0
6827,0,0.25246861577033997,0
6828,0,0.25246861577033997,0
6829,0,0.25246861577033997,0
6830,0,0.25246861577033997,0
6831,0,0.25246861577033997,0
6832,0,0.25246861577033997,0
6833,0,0.25246861577033997,0
6834,0,0.25246861577033997,0
6835,0,0.25246861577033997,0
6836,0,0.25246861577033997,0
6837,0,0.16702470183372498,1
6838,0,0.16702470183372498,0
6839,0,0.16702470183372498,0
6840,0,0.16702470183372498,0
6841,0,0.16702470183372498,0
6842,0,0.16702470183372498,0
6843,0,0.16702470183372498,0
6844,0,0.16702470183372498,0
6845,0,0.16702470183372498,0
6846,0,0.16702470183372498,0
6847,0,0.16702470183372498,0
6848,0,0.16702470183372498,0
6849,0,0.16702470183372498,0
6850,0,0.16702470183372498,0
6851,0,0.16702470183372498,0
6852,0,0.16702470183372498,0
6853,0,0.16702470183372498,0
6854,0,0.16702470183372498,0
6855,0,0.16702470183372498,0
6856,0,0.16702470183372498,0
6857,0,0.16702470183372498,0
6858,0,0.16702470183372498,0
6859,0,0.16702470183372498,0
6860,0,0.16702470183372498,0
6861,0,0.16702470183372498,0
6862,0,0.16702470183372498,0
6863,0,0.16702470183372498,0
6864,0,0.16702470183372498,0
6865,0,0.16702470183372498,0
6866,0,0.16702470183372498,0
6867,0,0.16702470183372498,0
6868,0,0.23358222842216492,1
6869,0,0.23358222842216492,0
6870,0,0.23358222842216492,0
6871,0,0.23358222842216492,0
6872,0,0.23358222842216492,0
6873,0,0.23358222842216492,0
6874,0,0.23358222842216492,0
6875,0,0.23358222842216492,0
6876,0,0.23358222842216492,0
6877,0,0.23358222842216492,0
6878,0,0.23358222842216492,0
6879,0,0.23358222842216492,0
6880,0,0.23358222842216492,0
6881,0,0.23358222842216492,0
6882,0,0.23358222842216492,0
6883,0,0.23358222842216492,0
6884,0,0.23358222842216492,0
6885,0,0.23358222842216492,0
6886,0,0.23358222842216492,0
6887,0,0.196869358420372,1
6888,0,0.196869358420372,0
6889,0,0.196869358420372,0
6890,0,0.196869358420372,0
6891,0,0.196869358420372,0
6892,0,0.196869358420372,0
6893,0,0.196869358420372,0
6894,0,0.196869358420372,0
6895,0,0.196869358420372,0
6896,0,0.196869358420372,0
6897,0,0.17599913477897644,1
6898,0,0.17599913477897644,0
6899,0,0.17599913477897644,0
6900,0,0.17599913477897644,0
6901,0,0.17599913477897644,0
6902,0,0.17599913477897644,0
6903,0,0.17599913477897644,0
6904,0,0.17599913477897644,0
6905,0,0.17599913477897644,0
6906,0,0.17599913477897644,0
6907,0,0.2800824046134949,1
6908,0,0.2800824046134949,0
6909,0,0.2800824046134949,0
6910,0,0.2800824046134949,0
6911,0,0.2748510539531708,1
6912,0,0.2694169580936432,1
6913,0,0.21926237642765045,1
6914,0,0.21926237642765045,0
6915,0,0.21926237642765045,0
6916,0,0.21926237642765045,0
6917,0,0.21926237642765045,0
6918,0,0.21926237642765045,0
6919,0,0.21926237642765045,0
6920,0,0.21926237642765045,0
6921,0,0.21926237642765045,0
6922,0,0.21926237642765045,0
6923,0,0.21926237642765045,0
6924,0,0.21926237642765045,0
6925,0,0.21926237642765045,0
6926,0,0.21926237642765045,0
6927,0,0.21926237642765045,0
6928,0,0.21926237642765045,0
6929,0,0.22468653321266174,1
6930,0,0.22468653321266174,0
6931,0,0.22468653321266174,0
6932,0,0.29744458198547363,1
6933,0,0.29744458198547363,0
6934,0,0.29744458198547363,0
6935,0,0.29744458198547363,0
6936,0,0.29744458198547363,0
6937,0,0.29744458198547363,0
6938,0,0.29744458198547363,0
6939,0,0.29744458198547363,0
6940,0,0.29744458198547363,0
6941,0,0.29744458198547363,0
6942,0,0.21856774389743805,1
6943,0,0.21856774389743805,0
6944,0,0.2861994504928589,1
6945,0,0.2861994504928589,0
6946,0,0.2861994504928589,0
6947,0,0.2861994504928589,0
6948,0,0.2861994504928589,0
6949,0,0.2861994504928589,0
6950,0,0.2861994504928589,0
6951,0,0.2861994504928589,0
6952,0,0.2861994504928589,0
6953,0,0.2861994504928589,0
6954,0,0.2861994504928589,0
6955,0,0.2861994504928589,0
6956,0,0.2055344581604004,1
6957,0,0.2055344581604004,0
6958,0,0.2055344581604004,0
6959,0,0.2055344581604004,0
6960,0,0.2055344581604004,0
6961,0,0.2055344581604004,0
6962,0,0.2055344581604004,0
6963,0,0.19703391194343567,1
6964,0,0.19703391194343567,0
6965,0,0.19703391194343567,0
6966,0,0.19703391194343567,0
6967,0,0.2076358050107956,1
6968,0,0.3094784915447235,1
6969,0,0.3094784915447235,0
6970,0,0.3094784915447235,0
6971,0,0.3094784915447235,0
6972,0,0.3094784915447235,0
6973,0,0.3094784915447235,0
6974,0,0.3094784915447235,0
6975,0,0.3094784915447235,0
6976,0,0.3094784915447235,0
6977,0,0.3094784915447235,0
6978,0,0.3094784915447235,0
6979,0,0.3094784915447235,0
6980,0,0.3094784915447235,0
6981,0,0.3094784915447235,0
6982,0,0.3094784915447235,0
6983,0,0.3094784915447235,0
6984,0,0.3094784915447235,0
6985,0,0.3094784915447235,0
6986,0,0.3094784915447235,0
6987,0,0.3094784915447235,0
6988,0,0.3094784915447235,0
6989,0,0.3094784915447235,0
6990,0,0.3094784915447235,0
6991,0,0.3094784915447235,0
6992,0,0.3094784915447235,0
6993,0,0.3094784915447235,0
6994,0,0.3094784915447235,0
6995,0,0.3094784915447235,0
6996,0,0.3094784915447235,0
6997,0,0.3094784915447235,0
6998,0,0.3094784915447235,0
6999,0,0.3094784915447235,0
7000,0,0.5672407746315002,1
7001,0,0.5672407746315002,0
7002,0,0.5672407746315002,0
7003,0,0.5672407746315002,0
7004,0,0.5672407746315002,0
7005,0,0.5672407746315002,0
7006,0,0.5672407746315002,0
7007,0,0.5672407746315002,0
7008,0,0.5672407746315002,0
7009,0,0.5672407746315002,0
7010,0,0.5672407746315002,0
7011,0,0.5672407746315002,0
7012,0,0.5672407746315002,0
7013,0,0.5672407746315002,0
7014,0,0.5672407746315002,0
7015,0,0.5672407746315002,0
7016,0,0.2325587421655655,1
7017,0,0.2325587421655655,0
7018,0,0.2325587421655655,0
7019,0,0.38068845868110657,1
7020,0,0.38068845868110657,0
7021,0,0.38068845868110657,0
7022,0,0.38068845868110657,0
7023,0,0.38068845868110657,0
7024,0,0.23330402374267578,1
7025,0,0.23330402374267578,0
7026,0,0.23330402374267578,0
7027,0,0.23330402374267578,0
7028,0,0.23330402374267578,0
7029,0,0.23330402374267578,0
7030,0,0.23330402374267578,0
7031,0,0.23330402374267578,0
7032,0,0.23330402374267578,0
7033,0,0.23330402374267578,0
7034,0,0.23330402374267578,0
7035,0,0.23330402374267578,0
7036,0,0.23330402374267578,0
7037,0,0.22785653173923492,1
7038,0,0.22785653173923492,0
7039,0,0.22785653173923492,0
7040,0,0.22785653173923492,0
7041,0,0.22785653173923492,0
7042,0,0.22785653173923492,0
7043,0,0.1856607347726822,1
7044,0,0.1856607347726822,0
7045,0,0.1856607347726822,0
7046,0,0.1924171894788742,1
7047,0,0.1924171894788742,0
7048,0,0.1924171894788742,0
7049,0,0.1924171894788742,0
7050,0,0.1924171894788742,0
7051,0,0.1924171894788742,0
7052,0,0.1924171894788742,0
7053,0,0.1924171894788742,0
7054,0,0.1924171894788742,0
7055,0,0.1924171894788742,0
7056,0,0.1924171894788742,0
7057,0,0.2408020794391632,1
7058,0,0.2408020794391632,0
7059,0,0.2408020794391632,0
7060,0,0.2408020794391632,0
7061,0,0.2408020794391632,0
7062,0,0.2408020794391632,0
7063,0,0.2408020794391632,0
7064,0,0.2513998746871948,1
7065,0,0.2513998746871948,0
7066,0,0.2513998746871948,0
7067,0,0.2513998746871948,0
7068,0,0.2513998746871948,0
7069,0,0.2513998746871948,0
7070,0,0.2513998746871948,0
7071,0,0.2513998746871948,0
7072,0,0.21408063173294067,1
7073,0,0.21408063173294067,0
7074,0,0.21408063173294067,0
7075,0,0.21408063173294067,0
7076,0,0.1659308224916458,1
7077,0,0.1659308224916458,0
7078,0,0.1659308224916458,0
7079,0,0.1659308224916458,0
7080,0,0.1659308224916458,0
7081,0,0.1659308224916458,0
7082,0,0.1659308224916458,0
7083,0,0.1659308224916458,0
7084,0,0.1659308224916458,0
7085,0,0.1659308224916458,0
7086,0,0.1659308224916458,0
7087,0,0.1659308224916458,0
7088,0,0.1659308224916458,0
7089,0,0.3064422011375427,1
7090,0,0.3064422011375427,0
7091,0,0.3064422011375427,0
7092,0,0.3064422011375427,0
7093,0,0.3064422011375427,0
7094,0,0.3064422011375427,0
7095,0,0.3064422011375427,0
7096,0,0.25747591257095337,1
7097,0,0.25747591257095337,0
7098,0,0.23345310986042023,1
7099,0,0.26710793375968933,1
7100,0,0.26710793375968933,0
7101,0,0.26710793375968933,0
7102,0,0.26710793375968933,0
7103,0,0.26710793375968933,0
7104,0,0.26710793375968933,0
7105,0,0.26710793375968933,0
7106,0,0.19080613553524017,1
7107,0,0.19080613553524017,0
7108,0,0.19080613553524017,0
7109,0,0.19080613553524017,0
7110,0,0.19080613553524017,0
7111,0,0.19080613553524017,0
7112,0,0.19080613553524017,0
7113,0,0.19080613553524017,0
7114,0,0.19080613553524017,0
7115,0,0.19080613553524017,0
7116,0,0.19080613553524017,0
7117,0,0.19080613553524017,0
7118,0,0.18624284863471985,1
7119,0,0.18624284863471985,0
7120,0,0.18624284863471985,0
7121,0,0.18624284863471985,0
7122,0,0.18624284863471985,0
7123,0,0.18624284863471985,0
7124,0,0.18624284863471985,0
7125,0,0.18624284863471985,0
7126,0,0.18624284863471985,0
7127,0,0.18624284863471985,0
7128,0,0.18624284863471985,0
7129,0,0.18624284863471985,0
7130,0,0.18624284863471985,0
7131,0,0.18624284863471985,0
7132,0,0.18624284863471985,0
7133,0,0.18624284863471985,0
7134,0,0.18624284863471985,0
7135,0,0.18624284863471985,0
7136,0,0.18624284863471985,0
7137,0,0.18624284863471985,0
7138,0,0.18624284863471985,0
7139,0,0.18624284863471985,0
7140,0,0.18624284863471985,0
7141,0,0.18624284863471985,0
7142,0,0.18624284863471985,0
7143,0,0.18624284863471985,0
7144,0,0.18624284863471985,0
7145,0,0.18624284863471985,0
7146,0,0.18624284863471985,0
7147,0,0.18624284863471985,0
7148,0,0.18624284863471985,0
7149,0,0.18624284863471985,0
7150,0,0.18624284863471985,0
7151,0,0.18624284863471985,0
7152,0,0.18624284863471985,0
7153,0,0.18624284863471985,0
7154,0,0.18624284863471985,0
7155,0,0.18624284863471985,0
7156,0,0.18624284863471985,0
7157,0,0.18624284863471985,0
7158,0,0.18624284863471985,0
7159,0,0.18624284863471985,0
7160,0,0.18624284863471985,0
7161,0,0.18624284863471985,0
7162,0,0.18624284863471985,0
7163,0,0.18624284863471985,0
7164,0,0.18624284863471985,0
7165,0,0.18624284863471985,0
7166,0,0.18624284863471985,0
7167,0,0.18624284863471985,0
7168,0,0.23491548001766205,1
7169,0,0.23491548001766205,0
7170,0,0.23491548001766205,0
7171,0,0.2456585168838501,1
7172,0,0.2456585168838501,0
7173,0,0.2456585168838501,0
7174,0,0.2456585168838501,0
7175,0,0.2456585168838501,0
7176,0,0.2456585168838501,0
7177,0,0.2456585168838501,0
7178,0,0.18798139691352844,1
7179,0,0.18798139691352844,0
7180,0,0.18798139691352844,0
7181,0,0.24182844161987305,1
7182,0,0.24182844161987305,0
7183,0,0.24182844161987305,0
7184,0,0.24182844161987305,0
7185,0,0.24182844161987305,0
7186,0,0.24182844161987305,0
7187,0,0.24182844161987305,0
7188,0,0.24182844161987305,0
7189,0,0.24182844161987305,0
7190,0,0.24182844161987305,0
7191,0,0.24182844161987305,0
7192,0,0.24182844161987305,0
7193,0,0.24182844161987305,0
7194,0,0.24182844161987305,0
7195,0,0.24182844161987305,0
7196,0,0.24012790620326996,1
7197,0,0.24012790620326996,0
7198,0,0.24012790620326996,0
7199,0,0.24012790620326996,0
7200,0,0.24012790620326996,0
7201,0,0.24012790620326996,0
7202,0,0.24012790620326996,0
7203,0,0.24012790620326996,0
7204,0,0.24012790620326996,0
7205,0,0.24012790620326996,0
7206,0,0.24012790620326996,0
7207,0,0.20560550689697266,1
7208,0,0.20560550689697266,0
7209,0,0.20560550689697266,0
7210,0,0.24619044363498688,1
7211,0,0.24619044363498688,0
7212,0,0.24619044363498688,0
7213,0,0.24619044363498688,0
7214,0,0.24619044363498688,0
7215,0,0.24619044363498688,0
7216,0,0.24619044363498688,0
7217,0,0.24619044363498688,0
7218,0,0.24619044363498688,0
7219,0,0.24619044363498688,0
7220,0,0.24619044363498688,0
7221,0,0.24619044363498688,0
7222,0,0.24619044363498688,0
7223,0,0.24619044363498688,0
7224,0,0.24619044363498688,0
7225,0,0.24619044363498688,0
7226,0,0.24552103877067566,1
7227,0,0.24552103877067566,0
7228,0,0.24552103877067566,0
7229,0,0.24552103877067566,0
7230,0,0.24552103877067566,0
7231,0,0.24552103877067566,0
7232,0,0.24552103877067566,0
7233,0,0.17649313807487488,1
7234,0,0.17649313807487488,0
7235,0,0.17649313807487488,0
7236,0,0.17649313807487488,0
7237,0,0.17649313807487488,0
7238,0,0.17649313807487488,0
7239,0,0.17649313807487488,0
7240,0,0.17649313807487488,0
7241,0,0.17649313807487488,0
7242,0,0.17649313807487488,0
7243,0,0.17649313807487488,0
7244,0,0.17649313807487488,0
7245,0,0.17649313807487488,0
7246,0,0.17649313807487488,0
7247,0,0.17649313807487488,0
7248,0,0.17649313807487488,0
7249,0,0.17649313807487488,0
7250,0,0.5395851135253906,1
7251,0,0.16919362545013428,1
7252,0,0.16919362545013428,0
7253,0,0.16919362545013428,0
7254,0,0.16919362545013428,0
7255,0,0.16919362545013428,0
7256,0,0.26516109704971313,1
7257,0,0.26516109704971313,0
7258,0,0.26516109704971313,0
7259,0,0.26516109704971313,0
7260,0,0.26516109704971313,0
7261,0,0.26516109704971313,0
7262,0,0.14401130378246307,1
7263,0,0.14401130378246307,0
7264,0,0.14401130378246307,0
7265,0,0.14401130378246307,0
7266,0,0.14401130378246307,0
7267,0,0.14401130378246307,0
7268,0,0.14401130378246307,0
7269,0,0.14401130378246307,0
7270,0,0.14401130378246307,0
7271,0,0.14401130378246307,0
7272,0,0.14401130378246307,0
7273,0,0.14401130378246307,0
7274,0,0.14401130378246307,0
7275,0,0.14401130378246307,0
7276,0,0.14401130378246307,0
7277,0,0.14401130378246307,0
7278,0,0.14401130378246307,0
7279,0,0.14401130378246307,0
7280,0,0.18014554679393768,1
7281,0,0.18014554679393768,0
7282,0,0.18014554679393768,0
7283,0,0.18014554679393768,0
7284,0,0.18014554679393768,0
7285,0,0.18014554679393768,0
7286,0,0.14913879334926605,1
7287,0,0.14913879334926605,0
7288,0,0.14913879334926605,0
7289,0,0.14913879334926605,0
7290,0,0.23943063616752625,1
7291,0,0.23943063616752625,0
7292,0,0.23943063616752625,0
7293,0,0.19911712408065796,1
7294,0,0.19911712408065796,0
7295,0,0.19911712408065796,0
7296,0,0.19911712408065796,0
7297,0,0.19911712408065796,0
7298,0,0.21509869396686554,1
7299,0,0.21509869396686554,0
7300,0,0.21509869396686554,0
7301,0,0.22832989692687988,1
7302,0,0.22832989692687988,0
7303,0,0.22832989692687988,0
7304,0,0.22832989692687988,0
7305,0,0.22832989692687988,0
7306,0,0.22832989692687988,0
7307,0,0.22832989692687988,0
7308,0,0.22832989692687988,0
7309,0,0.22832989692687988,0
7310,0,0.22832989692687988,0
7311,0,0.22832989692687988,0
7312,0,0.22832989692687988,0
7313,0,0.22832989692687988,0
7314,0,0.22832989692687988,0
7315,0,0.22832989692687988,0
7316,0,0.2722243070602417,1
7317,0,0.2722243070602417,0
7318,0,0.2722243070602417,0
7319,0,0.2722243070602417,0
7320,0,0.2722243070602417,0
7321,0,0.2722243070602417,0
7322,0,0.2722243070602417,0
7323,0,0.2722243070602417,0
7324,0,0.2722243070602417,0
7325,0,0.2722243070602417,0
7326,0,0.2722243070602417,0
7327,0,0.1954984962940216,1
7328,0,0.1954984962940216,0
7329,0,0.1954984962940216,0
7330,0,0.1954984962940216,0
7331,0,0.1954984962940216,0
7332,0,0.1954984962940216,0
7333,0,0.1954984962940216,0
7334,0,0.1954984962940216,0
7335,0,0.1954984962940216,0
7336,0,0.1954984962940216,0
7337,0,0.1954984962940216,0
7338,0,0.1954984962940216,0
7339,0,0.1954984962940216,0
7340,0,0.1954984962940216,0
7341,0,0.1954984962940216,0
7342,0,0.1954984962940216,0
7343,0,0.1954984962940216,0
7344,0,0.1954984962940216,0
7345,0,0.1954984962940216,0
7346,0,0.1954984962940216,0
7347,0,0.1954984962940216,0
7348,0,0.18429987132549286,1
7349,0,0.18429987132549286,0
7350,0,0.18429987132549286,0
7351,0,0.18429987132549286,0
7352,0,0.18429987132549286,0
7353,0,0.18429987132549286,0
7354,0,0.18429987132549286,0
7355,0,0.18429987132549286,0
7356,0,0.18429987132549286,0
7357,0,0.24985115230083466,1
7358,0,0.24985115230083466,0
7359,0,0.24985115230083466,0
7360,0,0.24985115230083466,0
7361,0,0.24985115230083466,0
7362,0,0.24985115230083466,0
7363,0,0.24985115230083466,0
7364,0,0.24985115230083466,0
7365,0,0.24985115230083466,0
7366,0,0.24985115230083466,0
7367,0,0.24985115230083466,0
7368,0,0.24985115230083466,0
7369,0,0.19280584156513214,1
7370,0,0.19280584156513214,0
7371,0,0.19280584156513214,0
7372,0,0.19280584156513214,0
7373,0,0.19280584156513214,0
7374,0,0.19280584156513214,0
7375,0,0.19280584156513214,0
7376,0,0.25425028800964355,1
7377,0,0.25425028800964355,0
7378,0,0.25425028800964355,0
7379,0,0.25425028800964355,0
7380,0,0.25425028800964355,0
7381,0,0.25425028800964355,0
7382,0,0.15193286538124084,1
7383,0,0.15193286538124084,0
7384,0,0.15193286538124084,0
7385,0,0.15193286538124084,0
7386,0,0.15193286538124084,0
7387,0,0.16400493681430817,1
7388,0,0.16400493681430817,0
7389,0,0.16400493681430817,0
7390,0,0.16400493681430817,0
7391,0,0.23480349779129028,1
7392,0,0.23480349779129028,0
7393,0,0.23480349779129028,0
7394,0,0.23480349779129028,0
7395,0,0.23480349779129028,0
7396,0,0.23480349779129028,0
7397,0,0.23480349779129028,0
7398,0,0.23480349779129028,0
7399,0,0.23480349779129028,0
7400,0,0.23480349779129028,0
7401,0,0.23480349779129028,0
7402,0,0.23480349779129028,0
7403,0,0.23480349779129028,0
7404,0,0.23480349779129028,0
7405,0,0.23480349779129028,0
7406,0,0.20648570358753204,1
7407,0,0.20648570358753204,0
7408,0,0.20648570358753204,0
7409,0,0.20648570358753204,0
7410,0,0.20648570358753204,0
7411,0,0.20648570358753204,0
7412,0,0.20648570358753204,0
7413,0,0.17679467797279358,1
7414,0,0.17679467797279358,0
7415,0,0.17679467797279358,0
7416,0,0.17679467797279358,0
7417,0,0.17679467797279358,0
7418,0,0.17679467797279358,0
7419,0,0.29403436183929443,1
7420,0,0.29403436183929443,0
7421,0,0.29403436183929443,0
7422,0,0.29403436183929443,0
7423,0,0.29403436183929443,0
7424,0,0.29403436183929443,0
7425,0,0.29403436183929443,0
7426,0,0.29403436183929443,0
7427,0,0.29403436183929443,0
7428,0,0.29403436183929443,0
7429,0,0.29403436183929443,0
7430,0,0.29403436183929443,0
7431,0,0.29403436183929443,0
7432,0,0.29403436183929443,0
7433,0,0.29403436183929443,0
7434,0,0.29403436183929443,0
7435,0,0.29403436183929443,0
7436,0,0.15179969370365143,1
7437,0,0.15179969370365143,0
7438,0,0.15179969370365143,0
7439,0,0.15179969370365143,0
7440,0,0.15179969370365143,0
7441,0,0.15179969370365143,0
7442,0,0.15179969370365143,0
7443,0,0.15179969370365143,0
7444,0,0.15179969370365143,0
7445,0,0.15179969370365143,0
7446,0,0.15179969370365143,0
7447,0,0.15179969370365143,0
7448,0,0.15179969370365143,0
7449,0,0.15179969370365143,0
7450,0,0.15179969370365143,0
7451,0,0.15179969370365143,0
7452,0,0.15179969370365143,0
7453,0,0.15179969370365143,0
7454,0,0.15179969370365143,0
7455,0,0.15179969370365143,0
7456,0,0.15179969370365143,0
7457,0,0.15179969370365143,0
7458,0,0.15179969370365143,0
7459,0,0.15179969370365143,0
7460,0,0.15179969370365143,0
7461,0,0.15179969370365143,0
7462,0,0.26823556423187256,1
7463,0,0.2451174557209015,1
7464,0,0.24108605086803436,1
7465,0,0.20878997445106506,1
7466,0,0.27865099906921387,1
7467,0,0.27865099906921387,0
7468,0,0.27865099906921387,0
7469,0,0.1924445480108261,1
7470,0,0.1924445480108261,0
7471,0,0.1924445480108261,0
7472,0,0.12709254026412964,1
7473,0,0.12709254026412964,0
7474,0,0.12709254026412964,0
7475,0,0.13236521184444427,1
7476,0,0.13236521184444427,0
7477,0,0.13236521184444427,0
7478,0,0.13236521184444427,0
7479,0,0.13236521184444427,0
7480,0,0.13236521184444427,0
7481,0,0.13236521184444427,0
7482,0,0.13236521184444427,0
7483,0,0.13236521184444427,0
7484,0,0.2109207659959793,1
7485,0,0.2109207659959793,0
7486,0,0.1727251410484314,1
7487,0,0.19378270208835602,1
7488,0,0.19378270208835602,0
7489,0,0.19378270208835602,0
7490,0,0.16371607780456543,1
7491,0,0.16371607780456543,0
7492,0,0.16371607780456543,0
7493,0,0.16371607780456543,0
7494,0,0.16371607780456543,0
7495,0,0.16371607780456543,0
7496,0,0.08637909591197968,1
7497,0,0.08637909591197968,0
7498,0,0.08637909591197968,0
7499,0,0.15402865409851074,1
7500,0,0.15402865409851074,0
7501,0,0.15402865409851074,0
7502,0,0.15402865409851074,0
7503,0,0.15402865409851074,0
7504,0,0.15402865409851074,0
7505,0,0.15402865409851074,0
7506,0,0.15402865409851074,0
7507,0,0.16467063128948212,1
7508,0,0.16467063128948212,0
7509,0,0.16467063128948212,0
7510,0,0.16467063128948212,0
7511,0,0.16467063128948212,0
7512,0,0.16467063128948212,0
7513,0,0.16467063128948212,0
7514,0,0.16467063128948212,0
7515,0,0.16467063128948212,0
7516,0,0.16467063128948212,0
7517,0,0.16467063128948212,0
7518,0,0.16467063128948212,0
7519,0,0.16467063128948212,0
7520,0,0.16467063128948212,0
7521,0,0.16467063128948212,0
7522,0,0.16467063128948212,0
7523,0,0.16467063128948212,0
7524,0,0.16467063128948212,0
7525,0,0.16467063128948212,0
7526,0,0.16467063128948212,0
7527,0,0.12021622061729431,1
7528,0,0.12021622061729431,0
7529,0,0.12021622061729431,0
7530,0,0.12021622061729431,0
7531,0,0.12021622061729431,0
7532,0,0.12021622061729431,0
7533,0,0.12021622061729431,0
7534,0,0.12021622061729431,0
7535,0,0.12021622061729431,0
7536,0,0.12021622061729431,0
7537,0,0.12021622061729431,0
7538,0,0.12021622061729431,0
7539,0,0.12021622061729431,0
7540,0,0.12021622061729431,0
7541,0,0.12021622061729431,0
7542,0,0.12021622061729431,0
7543,0,0.12021622061729431,0
7544,0,0.12021622061729431,0
7545,0,0.12021622061729431,0
7546,0,0.12021622061729431,0
7547,0,0.12021622061729431,0
7548,0,0.12021622061729431,0
7549,0,0.13413670659065247,1
7550,0,0.13413670659065247,0
7551,0,0.13413670659065247,0
7552,0,0.13413670659065247,0
7553,0,0.13413670659065247,0
7554,0,0.13413670659065247,0
7555,0,0.13413670659065247,0
7556,0,0.13413670659065247,0
7557,0,0.12662860751152039,1
7558,0,0.12662860751152039,0
7559,0,0.12662860751152039,0
7560,0,0.12662860751152039,0
7561,0,0.12662860751152039,0
7562,0,0.09602715075016022,1
7563,0,0.09602715075016022,0
7564,0,0.09602715075016022,0
7565,0,0.09602715075016022,0
7566,0,0.09602715075016022,0
7567,0,0.09602715075016022,0
7568,0,0.09602715075016022,0
7569,0,0.09602715075016022,0
7570,0,0.09602715075016022,0
7571,0,0.09602715075016022,0
7572,0,0.09602715075016022,0
7573,0,0.09602715075016022,0
7574,0,0.09602715075016022,0
7575,0,0.09602715075016022,0
7576,0,0.09602715075016022,0
7577,0,0.09602715075016022,0
7578,0,0.09602715075016022,0
7579,0,0.09602715075016022,0
7580,0,0.09602715075016022,0
7581,0,0.09602715075016022,0
7582,0,0.09602715075016022,0
7583,0,0.09602715075016022,0
7584,0,0.09602715075016022,0
7585,0,0.09602715075016022,0
7586,0,0.09602715075016022,0
7587,0,0.09602715075016022,0
7588,0,0.09602715075016022,0
7589,0,0.09602715075016022,0
7590,0,0.09602715075016022,0
7591,0,0.09602715075016022,0
7592,0,0.09602715075016022,0
7593,0,0.09602715075016022,0
7594,0,0.09602715075016022,0
7595,0,0.09602715075016022,0
7596,0,0.09602715075016022,0
7597,0,0.09602715075016022,0
7598,0,0.09602715075016022,0
7599,0,0.09602715075016022,0
7600,0,0.09602715075016022,0
7601,0,0.13244637846946716,1
7602,0,0.13244637846946716,0
7603,0,0.13244637846946716,0
7604,0,0.13244637846946716,0
7605,0,0.13244637846946716,0
7606,0,0.13244637846946716,0
7607,0,0.13244637846946716,0
7608,0,0.13244637846946716,0
7609,0,0.13244637846946716,0
7610,0,0.13244637846946716,0
7611,0,0.13244637846946716,0
7612,0,0.13244637846946716,0
7613,0,0.13244637846946716,0
7614,0,0.13244637846946716,0
7615,0,0.13244637846946716,0
7616,0,0.13244637846946716,0
7617,0,0.13244637846946716,0
7618,0,0.13244637846946716,0
7619,0,0.13244637846946716,0
7620,0,0.13244637846946716,0
7621,0,0.13244637846946716,0
7622,0,0.13244637846946716,0
7623,0,0.13244637846946716,0
7624,0,0.13244637846946716,0
7625,0,0.13244637846946716,0
7626,0,0.13244637846946716,0
7627,0,0.13244637846946716,0
7628,0,0.13244637846946716,0
7629,0,0.13244637846946716,0
7630,0,0.13244637846946716,0
7631,0,0.13244637846946716,0
7632,0,0.13244637846946716,0
7633,0,0.13244637846946716,0
7634,0,0.13244637846946716,0
7635,0,0.13244637846946716,0
7636,0,0.13244637846946716,0
7637,0,0.13244637846946716,0
7638,0,0.13244637846946716,0
7639,0,0.13244637846946716,0
7640,0,0.13244637846946716,0
7641,0,0.13244637846946716,0
7642,0,0.13244637846946716,0
7643,0,0.13244637846946716,0
7644,0,0.13244637846946716,0
7645,0,0.13244637846946716,0
7646,0,0.13244637846946716,0
7647,0,0.08229643106460571,1
7648,0,0.08229643106460571,0
7649,0,0.08229643106460571,0
7650,0,0.08229643106460571,0
7651,0,0.08229643106460571,0
7652,0,0.08229643106460571,0
7653,0,0.08229643106460571,0
7654,0,0.08229643106460571,0
7655,0,0.08229643106460571,0
7656,0,0.08229643106460571,0
7657,0,0.08229643106460571,0
7658,0,0.14108237624168396,1
7659,0,0.14108237624168396,0
7660,0,0.14108237624168396,0
7661,0,0.14108237624168396,0
7662,0,0.14108237624168396,0
7663,0,0.14108237624168396,0
7664,0,0.14108237624168396,0
7665,0,0.14108237624168396,0
7666,0,0.14108237624168396,0
7667,0,0.14108237624168396,0
7668,0,0.14108237624168396,0
7669,0,0.14108237624168396,0
7670,0,0.14108237624168396,0
7671,0,0.14108237624168396,0
7672,0,0.14108237624168396,0
7673,0,0.09625308960676193,1
7674,0,0.09625308960676193,0
7675,0,0.09625308960676193,0
7676,0,0.09625308960676193,0
7677,0,0.1133057102560997,1
7678,0,0.1133057102560997,0
7679,0,0.1133057102560997,0
7680,0,0.1133057102560997,0
7681,0,0.1133057102560997,0
7682,0,0.1133057102560997,0
7683,0,0.1133057102560997,0
7684,0,0.1133057102560997,0
7685,0,0.1133057102560997,0
7686,0,0.1133057102560997,0
7687,0,0.1133057102560997,0
7688,0,0.07926099747419357,1
7689,0,0.07926099747419357,0
7690,0,0.07926099747419357,0
7691,0,0.07926099747419357,0
7692,0,0.07926099747419357,0
7693,0,0.07926099747419357,0
7694,0,0.07926099747419357,0
7695,0,0.07926099747419357,0
7696,0,0.07926099747419357,0
7697,0,0.07926099747419357,0
7698,0,0.07926099747419357,0
7699,0,0.07926099747419357,0
7700,0,0.07926099747419357,0
7701,0,0.07926099747419357,0
7702,0,0.07926099747419357,0
7703,0,0.07926099747419357,0
7704,0,0.07926099747419357,0
7705,0,0.07926099747419357,0
7706,0,0.07926099747419357,0
7707,0,0.11225774139165878,1
7708,0,0.11225774139165878,0
7709,0,0.11225774139165878,0
7710,0,0.11225774139165878,0
7711,0,0.11225774139165878,0
7712,0,0.29636451601982117,1
7713,0,0.29636451601982117,0
7714,0,0.29636451601982117,0
7715,0,0.29636451601982117,0
7716,0,0.29636451601982117,0
7717,0,0.29636451601982117,0
7718,0,0.0455218106508255,1
7719,0,0.0455218106508255,0
7720,0,0.0455218106508255,0
7721,0,0.0455218106508255,0
7722,0,0.0455218106508255,0
7723,0,0.0455218106508255,0
7724,0,0.0455218106508255,0
7725,0,0.0455218106508255,0
7726,0,0.0455218106508255,0
7727,0,0.0455218106508255,0
7728,0,0.0455218106508255,0
7729,0,0.0455218106508255,0
7730,0,0.0455218106508255,0
7731,0,0.0455218106508255,0
7732,0,0.0455218106508255,0
7733,0,0.06277000904083252,1
7734,0,0.06277000904083252,0
7735,0,0.06277000904083252,0
7736,0,0.07077226042747498,1
7737,0,0.09137315303087234,1
7738,0,0.09137315303087234,0
7739,0,0.09137315303087234,0
7740,0,0.09137315303087234,0
7741,0,0.09137315303087234,0
7742,0,0.09137315303087234,0
7743,0,0.09137315303087234,0
7744,0,0.09137315303087234,0
7745,0,0.09137315303087234,0
7746,0,0.09137315303087234,0
7747,0,0.09137315303087234,0
7748,0,0.09137315303087234,0
7749,0,0.09137315303087234,0
7750,0,0.09137315303087234,0
7751,0,0.09137315303087234,0
7752,0,0.09137315303087234,0
7753,0,0.09137315303087234,0
7754,0,0.09137315303087234,0
7755,0,0.09137315303087234,0
7756,0,0.09137315303087234,0
7757,0,0.09137315303087234,0
7758,0,0.09137315303087234,0
7759,0,0.09137315303087234,0
7760,0,0.09137315303087234,0
7761,0,0.09137315303087234,0
7762,0,0.09137315303087234,0
7763,0,0.09137315303087234,0
7764,0,0.04178314656019211,1
7765,0,0.04178314656019211,0
7766,0,0.04178314656019211,0
7767,0,0.14098654687404633,1
7768,0,0.14098654687404633,0
7769,0,0.14098654687404633,0
7770,0,0.14098654687404633,0
7771,0,0.14098654687404633,0
7772,0,0.14098654687404633,0
7773,0,0.14098654687404633,0
7774,0,0.14098654687404633,0
7775,0,0.14098654687404633,0
7776,0,0.14098654687404633,0
7777,0,0.14098654687404633,0
7778,0,0.14098654687404633,0
7779,0,0.14098654687404633,0
7780,0,0.14098654687404633,0
7781,0,0.14098654687404633,0
7782,0,0.14098654687404633,0
7783,0,0.14098654687404633,0
7784,0,0.14098654687404633,0
7785,0,0.14098654687404633,0
7786,0,0.14098654687404633,0
7787,0,0.14098654687404633,0
7788,0,0.14098654687404633,0
7789,0,0.14098654687404633,0
7790,0,0.14098654687404633,0
7791,0,0.14098654687404633,0
7792,0,0.14098654687404633,0
7793,0,0.05638527497649193,1
7794,0,0.05638527497649193,0
7795,0,0.05638527497649193,0
7796,0,0.06133078783750534,1
7797,0,0.16863635182380676,1
7798,0,0.16863635182380676,0
7799,0,0.16863635182380676,0
7800,0,0.16863635182380676,0
7801,0,0.16863635182380676,0
7802,0,0.16863635182380676,0
7803,0,0.16863635182380676,0
7804,0,0.16863635182380676,0
7805,0,0.16863635182380676,0
7806,0,0.16863635182380676,0
7807,0,0.16863635182380676,0
7808,0,0.12537723779678345,1
7809,0,0.12537723779678345,0
7810,0,0.12537723779678345,0
7811,0,0.12537723779678345,0
7812,0,0.12537723779678345,0
7813,0,0.12537723779678345,0
7814,0,0.12537723779678345,0
7815,0,0.12537723779678345,0
7816,0,0.12537723779678345,0
7817,0,0.12537723779678345,0
7818,0,0.12537723779678345,0
7819,0,0.12537723779678345,0
7820,0,0.12537723779678345,0
7821,0,0.12537723779678345,0
7822,0,0.12537723779678345,0
7823,0,0.07515131682157516,1
7824,0,0.07515131682157516,0
7825,0,0.07515131682157516,0
7826,0,0.07515131682157516,0
7827,0,0.11138801276683807,1
7828,0,0.11138801276683807,0
7829,0,0.11138801276683807,0
7830,0,0.11138801276683807,0
7831,0,0.11138801276683807,0
7832,0,0.08002759516239166,1
7833,0,0.08002759516239166,0
7834,0,0.08002759516239166,0
7835,0,0.08002759516239166,0
7836,0,0.08002759516239166,0
7837,0,0.08002759516239166,0
7838,0,0.07839632779359818,1
7839,0,0.07839632779359818,0
7840,0,0.07839632779359818,0
7841,0,0.07839632779359818,0
7842,0,0.07839632779359818,0
7843,0,0.07839632779359818,0
7844,0,0.07839632779359818,0
7845,0,0.07839632779359818,0
7846,0,0.07839632779359818,0
7847,0,0.07839632779359818,0
7848,0,0.07839632779359818,0
7849,0,0.07839632779359818,0
7850,0,0.07839632779359818,0
7851,0,0.07839632779359818,0
7852,0,0.07839632779359818,0
7853,0,0.07839632779359818,0
7854,0,0.07839632779359818,0
7855,0,0.07839632779359818,0
7856,0,0.07839632779359818,0
7857,0,0.1540951430797577,1
7858,0,0.1540951430797577,0
7859,0,0.1540951430797577,0
7860,0,0.1540951430797577,0
7861,0,0.07567115128040314,1
7862,0,0.07567115128040314,0
7863,0,0.07567115128040314,0
7864,0,0.07567115128040314,0
7865,0,0.07567115128040314,0
7866,0,0.07567115128040314,0
7867,0,0.07567115128040314,0
7868,0,0.07567115128040314,0
7869,0,0.07567115128040314,0
7870,0,0.07567115128040314,0
7871,0,0.05333605036139488,1
7872,0,0.05333605036139488,0
7873,0,0.05333605036139488,0
7874,0,0.05333605036139488,0
7875,0,0.05333605036139488,0
7876,0,0.05333605036139488,0
7877,0,0.05333605036139488,0
7878,0,0.05333605036139488,0
7879,0,0.05333605036139488,0
7880,0,0.05333605036139488,0
7881,0,0.06266123056411743,1
7882,0,0.06266123056411743,0
7883,0,0.06266123056411743,0
7884,0,0.06266123056411743,0
7885,0,0.06266123056411743,0
7886,0,0.06266123056411743,0
7887,0,0.1026126816868782,1
7888,0,0.1026126816868782,0
7889,0,0.1026126816868782,0
7890,0,0.1026126816868782,0
7891,0,0.1026126816868782,0
7892,0,0.1026126816868782,0
7893,0,0.1026126816868782,0
7894,0,0.1026126816868782,0
7895,0,0.04899166151881218,1
7896,0,0.04899166151881218,0
7897,0,0.04899166151881218,0
7898,0,0.07043550163507462,1
7899,0,0.07043550163507462,0
7900,0,0.07043550163507462,0
7901,0,0.07043550163507462,0
7902,0,0.07043550163507462,0
7903,0,0.07043550163507462,0
7904,0,0.07043550163507462,0
7905,0,0.07043550163507462,0
7906,0,0.07043550163507462,0
7907,0,0.07043550163507462,0
7908,0,0.07043550163507462,0
7909,0,0.07043550163507462,0
7910,0,0.07043550163507462,0
7911,0,0.07043550163507462,0
7912,0,0.07043550163507462,0
7913,0,0.12832456827163696,1
7914,0,0.12832456827163696,0
7915,0,0.12832456827163696,0
7916,0,0.13400544226169586,1
7917,0,0.13400544226169586,0
7918,0,0.13400544226169586,0
7919,0,0.13400544226169586,0
7920,0,0.13400544226169586,0
7921,0,0.13400544226169586,0
7922,0,0.13400544226169586,0
7923,0,0.13400544226169586,0
7924,0,0.13400544226169586,0
7925,0,0.13400544226169586,0
7926,0,0.13400544226169586,0
7927,0,0.13400544226169586,0
7928,0,0.13400544226169586,0
7929,0,0.13400544226169586,0
7930,0,0.13400544226169586,0
7931,0,0.13400544226169586,0
7932,0,0.13400544226169586,0
7933,0,0.13400544226169586,0
7934,0,0.13400544226169586,0
7935,0,0.13400544226169586,0
7936,0,0.13400544226169586,0
7937,0,0.13400544226169586,0
7938,0,0.13400544226169586,0
7939,0,0.13400544226169586,0
7940,0,0.13400544226169586,0
7941,0,0.13400544226169586,0
7942,0,0.13400544226169586,0
7943,0,0.13400544226169586,0
7944,0,0.13400544226169586,0
7945,0,0.13400544226169586,0
7946,0,0.08811195939779282,1
7947,0,0.08811195939779282,0
7948,0,0.08811195939779282,0
7949,0,0.08811195939779282,0
7950,0,0.08811195939779282,0
7951,0,0.08811195939779282,0
7952,0,0.08811195939779282,0
7953,0,0.08811195939779282,0
7954,0,0.08811195939779282,0
7955,0,0.08811195939779282,0
7956,0,0.08811195939779282,0
7957,0,0.08811195939779282,0
7958,0,0.11820659041404724,1
7959,0,0.11820659041404724,0
7960,0,0.11820659041404724,0
7961,0,0.11820659041404724,0
7962,0,0.2416219413280487,1
7963,0,0.2416219413280487,0
7964,0,0.2416219413280487,0
7965,0,0.2416219413280487,0
7966,0,0.2416219413280487,0
7967,0,0.2416219413280487,0
7968,0,0.06213907152414322,1
7969,0,0.06213907152414322,0
7970,0,0.06213907152414322,0
7971,0,0.06213907152414322,0
7972,0,0.06213907152414322,0
7973,0,0.05290059745311737,1
7974,0,0.05290059745311737,0
7975,0,0.05290059745311737,0
7976,0,0.08075203001499176,1
7977,0,0.08075203001499176,0
7978,0,0.08075203001499176,0
7979,0,0.08394201099872589,1
7980,0,0.06966906040906906,1
7981,0,0.06966906040906906,0
7982,0,0.06966906040906906,0
7983,0,0.06966906040906906,0
7984,0,0.06966906040906906,0
7985,0,0.137529194355011,1
7986,0,0.06661120057106018,1
7987,0,0.06661120057106018,0
7988,0,0.03772804141044617,1
7989,0,0.08248766511678696,1
7990,0,0.08248766511678696,0
7991,0,0.08248766511678696,0
7992,0,0.08248766511678696,0
7993,0,0.08248766511678696,0
7994,0,0.08248766511678696,0
7995,0,0.08248766511678696,0
7996,0,0.08248766511678696,0
7997,0,0.08248766511678696,0
7998,0,0.08248766511678696,0
7999,0,0.08248766511678696,0
8000,0,0.08248766511678696,0
8001,0,0.08248766511678696,0
8002,0,0.08248766511678696,0
8003,0,0.08248766511678696,0
8004,0,0.08248766511678696,0
8005,0,0.08248766511678696,0
8006,0,0.07558193057775497,1
8007,0,0.07558193057775497,0
8008,0,0.07558193057775497,0
8009,0,0.07558193057775497,0
8010,0,0.07558193057775497,0
8011,0,0.07558193057775497,0
8012,0,0.07558193057775497,0
8013,0,0.07558193057775497,0
8014,0,0.07558193057775497,0
8015,0,0.07558193057775497,0
8016,0,0.07558193057775497,0
8017,0,0.07558193057775497,0
8018,0,0.07558193057775497,0
8019,0,0.07558193057775497,0
8020,0,0.07558193057775497,0
8021,0,0.07558193057775497,0
8022,0,0.07558193057775497,0
8023,0,0.07558193057775497,0
8024,0,0.07558193057775497,0
8025,0,0.07558193057775497,0
8026,0,0.07558193057775497,0
8027,0,0.11662860214710236,1
8028,0,0.14717260003089905,1
8029,0,0.14717260003089905,0
8030,0,0.14717260003089905,0
8031,0,0.14717260003089905,0
8032,0,0.14717260003089905,0
8033,0,0.14717260003089905,0
8034,0,0.14717260003089905,0
8035,0,0.14717260003089905,0
8036,0,0.14717260003089905,0
8037,0,0.14717260003089905,0
8038,0,0.14717260003089905,0
8039,0,0.14717260003089905,0
8040,0,0.14717260003089905,0
8041,0,0.14717260003089905,0
8042,0,0.14717260003089905,0
8043,0,0.14717260003089905,0
8044,0,0.14717260003089905,0
8045,0,0.14717260003089905,0
8046,0,0.14717260003089905,0
8047,0,0.14717260003089905,0
8048,0,0.14717260003089905,0
8049,0,0.14717260003089905,0
8050,0,0.14717260003089905,0
8051,0,0.12310108542442322,1
8052,0,0.1192283034324646,1
8053,0,0.1192283034324646,0
8054,0,0.1192283034324646,0
8055,0,0.1192283034324646,0
8056,0,0.1192283034324646,0
8057,0,0.1192283034324646,0
8058,0,0.1192283034324646,0
8059,0,0.1192283034324646,0
8060,0,0.1192283034324646,0
8061,0,0.1192283034324646,0
8062,0,0.1192283034324646,0
8063,0,0.1192283034324646,0
8064,0,0.1192283034324646,0
8065,0,0.1192283034324646,0
8066,0,0.1192283034324646,0
8067,0,0.1192283034324646,0
8068,0,0.1192283034324646,0
8069,0,0.1192283034324646,0
8070,0,0.1192283034324646,0
8071,0,0.1192283034324646,0
8072,0,0.1192283034324646,0
8073,0,0.1192283034324646,0
8074,0,0.1192283034324646,0
8075,0,0.1192283034324646,0
8076,0,0.1192283034324646,0
8077,0,0.1192283034324646,0
8078,0,0.1192283034324646,0
8079,0,0.1192283034324646,0
8080,0,0.1192283034324646,0
8081,0,0.1192283034324646,0
8082,0,0.1192283034324646,0
8083,0,0.1192283034324646,0
8084,0,0.1192283034324646,0
8085,0,0.1192283034324646,0
8086,0,0.1192283034324646,0
8087,0,0.1192283034324646,0
8088,0,0.1192283034324646,0
8089,0,0.1192283034324646,0
8090,0,0.1192283034324646,0
8091,0,0.1192283034324646,0
8092,0,0.1192283034324646,0
8093,0,0.1192283034324646,0
8094,0,0.1192283034324646,0
8095,0,0.1192283034324646,0
8096,0,0.040085598826408386,1
8097,0,0.040085598826408386,0
8098,0,0.040085598826408386,0
8099,0,0.040085598826408386,0
8100,0,0.040085598826408386,0
8101,0,0.040085598826408386,0
8102,0,0.040085598826408386,0
8103,0,0.040085598826408386,0
8104,0,0.040085598826408386,0
8105,0,0.040085598826408386,0
8106,0,0.040085598826408386,0
8107,0,0.040085598826408386,0
8108,0,0.1030113697052002,1
8109,0,0.1030113697052002,0
8110,0,0.1030113697052002,0
8111,0,0.1030113697052002,0
8112,0,0.1030113697052002,0
8113,0,0.1030113697052002,0
8114,0,0.1030113697052002,0
8115,0,0.1030113697052002,0
8116,0,0.1030113697052002,0
8117,0,0.08924701809883118,1
8118,0,0.08924701809883118,0
8119,0,0.08924701809883118,0
8120,0,0.08924701809883118,0
8121,0,0.08924701809883118,0
8122,0,0.08924701809883118,0
8123,0,0.08899886161088943,1
8124,0,0.08899886161088943,0
8125,0,0.08899886161088943,0
8126,0,0.08105795830488205,1
8127,0,0.08105795830488205,0
8128,0,0.08105795830488205,0
8129,0,0.08105795830488205,0
8130,0,0.08105795830488205,0
8131,0,0.08105795830488205,0
8132,0,0.08105795830488205,0
8133,0,0.08105795830488205,0
8134,0,0.08105795830488205,0
8135,0,0.08105795830488205,0
8136,0,0.08105795830488205,0
8137,0,0.08105795830488205,0
8138,0,0.12433743476867676,1
8139,0,0.12433743476867676,0
8140,0,0.12433743476867676,0
8141,0,0.12433743476867676,0
8142,0,0.12433743476867676,0
8143,0,0.12433743476867676,0
8144,0,0.12433743476867676,0
8145,0,0.12433743476867676,0
8146,0,0.12433743476867676,0
8147,0,0.12433743476867676,0
8148,0,0.12433743476867676,0
8149,0,0.12433743476867676,0
8150,0,0.12433743476867676,0
8151,0,0.12433743476867676,0
8152,0,0.12433743476867676,0
8153,0,0.12433743476867676,0
8154,0,0.12433743476867676,0
8155,0,0.12433743476867676,0
8156,0,0.10834144055843353,1
8157,0,0.10834144055843353,0
8158,0,0.10834144055843353,0
8159,0,0.10834144055843353,0
8160,0,0.10834144055843353,0
8161,0,0.10834144055843353,0
8162,0,0.10834144055843353,0
8163,0,0.10834144055843353,0
8164,0,0.10834144055843353,0
8165,0,0.10834144055843353,0
8166,0,0.10834144055843353,0
8167,0,0.10834144055843353,0
8168,0,0.10834144055843353,0
8169,0,0.10834144055843353,0
8170,0,0.10834144055843353,0
8171,0,0.10834144055843353,0
8172,0,0.10834144055843353,0
8173,0,0.10834144055843353,0
8174,0,0.10834144055843353,0
8175,0,0.10834144055843353,0
8176,0,0.10834144055843353,0
8177,0,0.10834144055843353,0
8178,0,0.10834144055843353,0
8179,0,0.10834144055843353,0
8180,0,0.10834144055843353,0
8181,0,0.10834144055843353,0
8182,0,0.10834144055843353,0
8183,0,0.09027805924415588,1
8184,0,0.09027805924415588,0
8185,0,0.09027805924415588,0
8186,0,0.08667261898517609,1
8187,0,0.08667261898517609,0
8188,0,0.08667261898517609,0
8189,0,0.08667261898517609,0
8190,0,0.08667261898517609,0
8191,0,0.08667261898517609,0
8192,0,0.08667261898517609,0
8193,0,0.08667261898517609,0
8194,0,0.08667261898517609,0
8195,0,0.0718555897474289,1
8196,0,0.0718555897474289,0
8197,0,0.0718555897474289,0
8198,0,0.05084490031003952,1
8199,0,0.05084490031003952,0
8200,0,0.05084490031003952,0
8201,0,0.05084490031003952,0
8202,0,0.05084490031003952,0
8203,0,0.05084490031003952,0
8204,0,0.05084490031003952,0
8205,0,0.05084490031003952,0
8206,0,0.05084490031003952,0
8207,0,0.05084490031003952,0
8208,0,0.05084490031003952,0
8209,0,0.05084490031003952,0
8210,0,0.05084490031003952,0
8211,0,0.05084490031003952,0
8212,0,0.26478520035743713,1
8213,0,0.26478520035743713,0
8214,0,0.26478520035743713,0
8215,0,0.26478520035743713,0
8216,0,0.06733023375272751,1
8217,0,0.06733023375272751,0
8218,0,0.06733023375272751,0
8219,0,0.06733023375272751,0
8220,0,0.06733023375272751,0
8221,0,0.06733023375272751,0
8222,0,0.06733023375272751,0
8223,0,0.06733023375272751,0
8224,0,0.06733023375272751,0
8225,0,0.06733023375272751,0
8226,0,0.06733023375272751,0
8227,0,0.06733023375272751,0
8228,0,0.06733023375272751,0
8229,0,0.06733023375272751,0
8230,0,0.06733023375272751,0
8231,0,0.06733023375272751,0
8232,0,0.06733023375272751,0
8233,0,0.06733023375272751,0
8234,0,0.06733023375272751,0
8235,0,0.06733023375272751,0
8236,0,0.06733023375272751,0
8237,0,0.06733023375272751,0
8238,0,0.06733023375272751,0
8239,0,0.06733023375272751,0
8240,0,0.06733023375272751,0
8241,0,0.06733023375272751,0
8242,0,0.06733023375272751,0
8243,0,0.06733023375272751,0
8244,0,0.06733023375272751,0
8245,0,0.06733023375272751,0
8246,0,0.08066731691360474,1
8247,0,0.08066731691360474,0
8248,0,0.08066731691360474,0
8249,0,0.08066731691360474,0
8250,0,0.08066731691360474,0
8251,0,0.08066731691360474,0
8252,0,0.08066731691360474,0
8253,0,0.08066731691360474,0
8254,0,0.08066731691360474,0
8255,0,0.08066731691360474,0
8256,0,0.08066731691360474,0
8257,0,0.08066731691360474,0
8258,0,0.10044901072978973,1
8259,0,0.10044901072978973,0
8260,0,0.10044901072978973,0
8261,0,0.10044901072978973,0
8262,0,0.10044901072978973,0
8263,0,0.10044901072978973,0
8264,0,0.10044901072978973,0
8265,0,0.10044901072978973,0
8266,0,0.10044901072978973,0
8267,0,0.10044901072978973,0
8268,0,0.10044901072978973,0
8269,0,0.10044901072978973,0
8270,0,0.10044901072978973,0
8271,0,0.10044901072978973,0
8272,0,0.10044901072978973,0
8273,0,0.0765455812215805,1
8274,0,0.0765455812215805,0
8275,0,0.0765455812215805,0
8276,0,0.08489476144313812,1
8277,0,0.08489476144313812,0
8278,0,0.08489476144313812,0
8279,0,0.08489476144313812,0
8280,0,0.08489476144313812,0
8281,0,0.08489476144313812,0
8282,0,0.08489476144313812,0
8283,0,0.08489476144313812,0
8284,0,0.08489476144313812,0
8285,0,0.08947774022817612,1
8286,0,0.10304562002420425,1
8287,0,0.09935000538825989,1
8288,0,0.09935000538825989,0
8289,0,0.09935000538825989,0
8290,0,0.09935000538825989,0
8291,0,0.09935000538825989,0
8292,0,0.09935000538825989,0
8293,0,0.09935000538825989,0
8294,0,0.09935000538825989,0
8295,0,0.09935000538825989,0
8296,0,0.09935000538825989,0
8297,0,0.09935000538825989,0
8298,0,0.09935000538825989,0
8299,0,0.09935000538825989,0
8300,0,0.09935000538825989,0
8301,0,0.09935000538825989,0
8302,0,0.09935000538825989,0
8303,0,0.10507547110319138,1
8304,0,0.10507547110319138,0
8305,0,0.10507547110319138,0
8306,0,0.10507547110319138,0
8307,0,0.10507547110319138,0
8308,0,0.10507547110319138,0
8309,0,0.10507547110319138,0
8310,0,0.10507547110319138,0
8311,0,0.10507547110319138,0
8312,0,0.10507547110319138,0
8313,0,0.10507547110319138,0
8314,0,0.10507547110319138,0
8315,0,0.09834127128124237,1
8316,0,0.09834127128124237,0
8317,0,0.09834127128124237,0
8318,0,0.054347824305295944,1
8319,0,0.054347824305295944,0
8320,0,0.054347824305295944,0
8321,0,0.054347824305295944,0
8322,0,0.054347824305295944,0
8323,0,0.054347824305295944,0
8324,0,0.054347824305295944,0
8325,0,0.054347824305295944,0
8326,0,0.054347824305295944,0
8327,0,0.054347824305295944,0
8328,0,0.054347824305295944,0
8329,0,0.11104854941368103,1
8330,0,0.14585065841674805,1
8331,0,0.14585065841674805,0
8332,0,0.14585065841674805,0
8333,0,0.14585065841674805,0
8334,0,0.14585065841674805,0
8335,0,0.14585065841674805,0
8336,0,0.14585065841674805,0
8337,0,0.14585065841674805,0
8338,0,0.14585065841674805,0
8339,0,0.14585065841674805,0
8340,0,0.14585065841674805,0
8341,0,0.14585065841674805,0
8342,0,0.14585065841674805,0
8343,0,0.14585065841674805,0
8344,0,0.14585065841674805,0
8345,0,0.14585065841674805,0
8346,0,0.14585065841674805,0
8347,0,0.14585065841674805,0
8348,0,0.14585065841674805,0
8349,0,0.14585065841674805,0
8350,0,0.14585065841674805,0
8351,0,0.14585065841674805,0
8352,0,0.14585065841674805,0
8353,0,0.14585065841674805,0
8354,0,0.14585065841674805,0
8355,0,0.14585065841674805,0
8356,0,0.09891492128372192,1
8357,0,0.09687357395887375,1
8358,0,0.09687357395887375,0
8359,0,0.09687357395887375,0
8360,0,0.09687357395887375,0
8361,0,0.09687357395887375,0
8362,0,0.09687357395887375,0
8363,0,0.09687357395887375,0
8364,0,0.09687357395887375,0
8365,0,0.09687357395887375,0
8366,0,0.08996754139661789,1
8367,0,0.08996754139661789,0
8368,0,0.08996754139661789,0
8369,0,0.08996754139661789,0
8370,0,0.08996754139661789,0
8371,0,0.08996754139661789,0
8372,0,0.08996754139661789,0
8373,0,0.08996754139661789,0
8374,0,0.08996754139661789,0
8375,0,0.08996754139661789,0
8376,0,0.08996754139661789,0
8377,0,0.08996754139661789,0
8378,0,0.1582449972629547,1
8379,0,0.1582449972629547,0
8380,0,0.1582449972629547,0
8381,0,0.1582449972629547,0
8382,0,0.1582449972629547,0
8383,0,0.1582449972629547,0
8384,0,0.1582449972629547,0
8385,0,0.1582449972629547,0
8386,0,0.1582449972629547,0
8387,0,0.1582449972629547,0
8388,0,0.1582449972629547,0
8389,0,0.1582449972629547,0
8390,0,0.11295058578252792,1
8391,0,0.11295058578252792,0
8392,0,0.11295058578252792,0
8393,0,0.11295058578252792,0
8394,0,0.11295058578252792,0
8395,0,0.11295058578252792,0
8396,0,0.10621660202741623,1
8397,0,0.10621660202741623,0
8398,0,0.10621660202741623,0
8399,0,0.10621660202741623,0
8400,0,0.10621660202741623,0
8401,0,0.10621660202741623,0
8402,0,0.10621660202741623,0
8403,0,0.10621660202741623,0
8404,0,0.10621660202741623,0
8405,0,0.10621660202741623,0
8406,0,0.10621660202741623,0
8407,0,0.10621660202741623,0
8408,0,0.13687238097190857,1
8409,0,0.13687238097190857,0
8410,0,0.13687238097190857,0
8411,0,0.13687238097190857,0
8412,0,0.13687238097190857,0
8413,0,0.13687238097190857,0
8414,0,0.130956768989563,1
8415,0,0.130956768989563,0
8416,0,0.130956768989563,0
8417,0,0.130956768989563,0
8418,0,0.130956768989563,0
8419,0,0.130956768989563,0
8420,0,0.130956768989563,0
8421,0,0.130956768989563,0
8422,0,0.130956768989563,0
8423,0,0.06621500849723816,1
8424,0,0.06621500849723816,0
8425,0,0.06621500849723816,0
8426,0,0.08014722168445587,1
8427,0,0.08014722168445587,0
8428,0,0.08014722168445587,0
8429,0,0.08014722168445587,0
8430,0,0.08014722168445587,0
8431,0,0.08014722168445587,0
8432,0,0.08014722168445587,0
8433,0,0.08014722168445587,0
8434,0,0.08014722168445587,0
8435,0,0.08014722168445587,0
8436,0,0.08014722168445587,0
8437,0,0.08014722168445587,0
8438,0,0.08014722168445587,0
8439,0,0.08014722168445587,0
8440,0,0.08014722168445587,0
8441,0,0.08014722168445587,0
8442,0,0.08014722168445587,0
8443,0,0.08014722168445587,0
8444,0,0.08014722168445587,0
8445,0,0.08014722168445587,0
8446,0,0.08014722168445587,0
8447,0,0.08014722168445587,0
8448,0,0.08014722168445587,0
8449,0,0.08014722168445587,0
8450,0,0.08014722168445587,0
8451,0,0.08014722168445587,0
8452,0,0.11899913102388382,1
8453,0,0.11899913102388382,0
8454,0,0.11899913102388382,0
8455,0,0.11899913102388382,0
8456,0,0.08430192619562149,1
8457,0,0.08430192619562149,0
8458,0,0.08430192619562149,0
8459,0,0.08430192619562149,0
8460,0,0.08430192619562149,0
8461,0,0.08430192619562149,0
8462,0,0.21739743649959564,1
8463,0,0.21739743649959564,0
8464,0,0.21739743649959564,0
8465,0,0.21739743649959564,0
8466,0,0.21739743649959564,0
8467,0,0.21739743649959564,0
8468,0,0.21739743649959564,0
8469,0,0.21739743649959564,0
8470,0,0.21739743649959564,0
8471,0,0.21739743649959564,0
8472,0,0.21739743649959564,0
8473,0,0.21739743649959564,0
8474,0,0.21739743649959564,0
8475,0,0.21739743649959564,0
8476,0,0.21739743649959564,0
8477,0,0.21739743649959564,0
8478,0,0.21739743649959564,0
8479,0,0.21739743649959564,0
8480,0,0.21739743649959564,0
8481,0,0.21739743649959564,0
8482,0,0.21739743649959564,0
8483,0,0.10665850341320038,1
8484,0,0.10665850341320038,0
8485,0,0.10665850341320038,0
8486,0,0.10565702617168427,1
8487,0,0.10565702617168427,0
8488,0,0.10565702617168427,0
8489,0,0.10565702617168427,0
8490,0,0.10565702617168427,0
8491,0,0.07133618742227554,1
8492,0,0.07133618742227554,0
8493,0,0.07133618742227554,0
8494,0,0.07133618742227554,0
8495,0,0.07133618742227554,0
8496,0,0.07133618742227554,0
8497,0,0.07133618742227554,0
8498,0,0.07541786134243011,1
8499,0,0.07541786134243011,0
8500,0,0.07541786134243011,0
8501,0,0.07541786134243011,0
8502,0,0.07541786134243011,0
8503,0,0.07541786134243011,0
8504,0,0.07541786134243011,0
8505,0,0.07541786134243011,0
8506,0,0.07541786134243011,0
8507,0,0.08368536084890366,1
8508,0,0.03951966390013695,1
8509,0,0.03951966390013695,0
8510,0,0.03951966390013695,0
8511,0,0.03951966390013695,0
8512,0,0.03951966390013695,0
8513,0,0.03951966390013695,0
8514,0,0.03951966390013695,0
8515,0,0.03951966390013695,0
8516,0,0.03951966390013695,0
8517,0,0.04182903468608856,1
8518,0,0.04182903468608856,0
8519,0,0.04182903468608856,0
8520,0,0.04182903468608856,0
8521,0,0.04182903468608856,0
8522,0,0.04182903468608856,0
8523,0,0.04182903468608856,0
8524,0,0.04182903468608856,0
8525,0,0.04182903468608856,0
8526,0,0.04182903468608856,0
8527,0,0.04182903468608856,0
8528,0,0.04182903468608856,0
8529,0,0.04182903468608856,0
8530,0,0.04182903468608856,0
8531,0,0.04182903468608856,0
8532,0,0.04182903468608856,0
8533,0,0.04182903468608856,0
8534,0,0.04182903468608856,0
8535,0,0.04182903468608856,0
8536,0,0.04182903468608856,0
8537,0,0.04182903468608856,0
8538,0,0.04182903468608856,0
8539,0,0.04182903468608856,0
8540,0,0.04182903468608856,0
8541,0,0.04182903468608856,0
8542,0,0.04182903468608856,0
8543,0,0.04182903468608856,0
8544,0,0.10235411673784256,1
8545,0,0.10235411673784256,0
8546,0,0.10235411673784256,0
8547,0,0.10235411673784256,0
8548,0,0.10235411673784256,0
8549,0,0.12454836815595627,1
8550,0,0.12848185002803802,1
8551,0,0.12848185002803802,0
8552,0,0.12848185002803802,0
8553,0,0.12848185002803802,0
8554,0,0.12848185002803802,0
8555,0,0.12848185002803802,0
8556,0,0.12848185002803802,0
8557,0,0.12848185002803802,0
8558,0,0.12848185002803802,0
8559,0,0.10622882843017578,1
8560,0,0.10622882843017578,0
8561,0,0.10622882843017578,0
8562,0,0.10622882843017578,0
8563,0,0.10622882843017578,0
8564,0,0.10622882843017578,0
8565,0,0.10622882843017578,0
8566,0,0.10622882843017578,0
8567,0,0.10622882843017578,0
8568,0,0.10622882843017578,0
8569,0,0.10622882843017578,0
8570,0,0.10622882843017578,0
8571,0,0.10622882843017578,0
8572,0,0.10622882843017578,0
8573,0,0.10000000149011612,1
8574,0,0.10000000149011612,1
8575,0,0.10000000149011612,0
8576,0,0.10000000149011612,0
8577,0,0.1473725587129593,1
8578,0,0.12104593217372894,1
8579,0,0.10000000149011612,1
8580,0,0.10000000149011612,0
8581,0,0.10000000149011612,0
8582,0,0.10000000149011612,0
8583,0,0.10000000149011612,0
8584,0,0.10000000149011612,0
8585,0,0.10000000149011612,0
8586,0,0.10000000149011612,0
8587,0,0.10000000149011612,0
8588,0,0.10000000149011612,0
8589,0,0.05331739783287048,1
8590,0,0.05331739783287048,0
8591,0,0.05331739783287048,0
8592,0,0.05331739783287048,0
8593,0,0.05331739783287048,0
8594,0,0.05331739783287048,0
8595,0,0.05331739783287048,0
8596,0,0.05331739783287048,0
8597,0,0.05331739783287048,0
8598,0,0.05331739783287048,0
8599,0,0.05331739783287048,0
8600,0,0.05331739783287048,0
8601,0,0.05331739783287048,0
8602,0,0.05331739783287048,0
8603,0,0.05331739783287048,0
8604,0,0.05331739783287048,0
8605,0,0.05331739783287048,0
8606,0,0.05331739783287048,0
8607,0,0.08904410898685455,1
8608,0,0.08904410898685455,0
8609,0,0.08904410898685455,0
8610,0,0.08904410898685455,0
8611,0,0.08904410898685455,0
8612,0,0.08904410898685455,0
8613,0,0.08904410898685455,0
8614,0,0.08904410898685455,0
8615,0,0.08904410898685455,0
8616,0,0.08904410898685455,0
8617,0,0.08904410898685455,0
8618,0,0.08904410898685455,0
8619,0,0.08904410898685455,0
8620,0,0.08904410898685455,0
8621,0,0.08904410898685455,0
8622,0,0.08904410898685455,0
8623,0,0.08904410898685455,0
8624,0,0.08904410898685455,0
8625,0,0.08904410898685455,0
8626,0,0.08904410898685455,0
8627,0,0.08904410898685455,0
8628,0,0.08904410898685455,0
8629,0,0.08904410898685455,0
8630,0,0.08904410898685455,0
8631,0,0.08904410898685455,0
8632,0,0.08904410898685455,0
8633,0,0.08904410898685455,0
8634,0,0.08904410898685455,0
8635,0,0.08904410898685455,0
8636,0,0.08904410898685455,0
8637,0,0.08904410898685455,0
8638,0,0.08904410898685455,0
8639,0,0.08904410898685455,0
