frame_idx,ground_truth,action_score_propagated,is_retained_tier
0,0,0.2846950590610504,1
1,0,0.2846950590610504,0
2,0,0.2846950590610504,0
3,0,0.2846950590610504,0
4,0,0.2846950590610504,0
5,0,0.2846950590610504,0
6,0,0.2846950590610504,0
7,0,0.2846950590610504,0
8,0,0.2846950590610504,0
9,0,0.2846950590610504,0
10,0,0.2846950590610504,0
11,0,0.2846950590610504,0
12,0,0.2846950590610504,0
13,0,0.2846950590610504,0
14,0,0.2846950590610504,0
15,0,0.2846950590610504,0
16,0,0.2846950590610504,0
17,0,0.2846950590610504,0
18,0,0.2846950590610504,0
19,0,0.2846950590610504,0
20,0,0.2846950590610504,0
21,0,0.2846950590610504,0
22,0,0.2846950590610504,0
23,0,0.2846950590610504,0
24,0,0.15567199885845184,1
25,0,0.15567199885845184,0
26,0,0.15567199885845184,0
27,0,0.15567199885845184,0
28,0,0.15567199885845184,0
29,0,0.15567199885845184,0
30,0,0.2379637062549591,1
31,0,0.2379637062549591,0
32,0,0.2379637062549591,0
33,0,0.2379637062549591,0
34,0,0.2379637062549591,0
35,0,0.2379637062549591,0
36,0,0.14382752776145935,1
37,0,0.14382752776145935,0
38,0,0.14382752776145935,0
39,0,0.14382752776145935,0
40,0,0.14382752776145935,0
41,0,0.14382752776145935,0
42,0,0.14382752776145935,0
43,0,0.14382752776145935,0
44,0,0.14382752776145935,0
45,0,0.14382752776145935,0
46,0,0.14382752776145935,0
47,0,0.14382752776145935,0
48,0,0.18081869184970856,1
49,0,0.18081869184970856,0
50,0,0.18081869184970856,0
51,0,0.18081869184970856,0
52,0,0.18081869184970856,0
53,0,0.18081869184970856,0
54,0,0.18081869184970856,0
55,0,0.18081869184970856,0
56,0,0.18081869184970856,0
57,0,0.18081869184970856,0
58,0,0.18081869184970856,0
59,0,0.18081869184970856,0
60,0,0.44247132539749146,1
61,0,0.44247132539749146,0
62,0,0.44247132539749146,0
63,0,0.44247132539749146,0
64,0,0.44247132539749146,0
65,0,0.44247132539749146,0
66,0,0.44247132539749146,0
67,0,0.44247132539749146,0
68,0,0.44247132539749146,0
69,0,0.44247132539749146,0
70,0,0.44247132539749146,0
71,0,0.44247132539749146,0
72,0,0.18006634712219238,1
73,0,0.18006634712219238,0
74,0,0.18006634712219238,0
75,0,0.18006634712219238,0
76,0,0.18006634712219238,0
77,0,0.18006634712219238,0
78,0,0.18006634712219238,0
79,0,0.18006634712219238,0
80,0,0.18006634712219238,0
81,0,0.18006634712219238,0
82,0,0.18006634712219238,0
83,0,0.18006634712219238,0
84,0,0.18282607197761536,1
85,0,0.18282607197761536,0
86,0,0.18282607197761536,0
87,0,0.18282607197761536,0
88,0,0.18282607197761536,0
89,0,0.18282607197761536,0
90,0,0.25936317443847656,1
91,0,0.25936317443847656,0
92,0,0.25936317443847656,0
93,0,0.25936317443847656,0
94,0,0.25936317443847656,0
95,0,0.25936317443847656,0
96,0,0.2141965925693512,1
97,0,0.2141965925693512,0
98,0,0.2141965925693512,0
99,0,0.2141965925693512,0
100,0,0.2141965925693512,0
101,0,0.2141965925693512,0
102,0,0.2141965925693512,0
103,0,0.2141965925693512,0
104,0,0.2141965925693512,0
105,0,0.2141965925693512,0
106,0,0.2141965925693512,0
107,0,0.2141965925693512,0
108,0,0.15375490486621857,1
109,0,0.15375490486621857,0
110,0,0.15375490486621857,0
111,0,0.15375490486621857,0
112,0,0.15375490486621857,0
113,0,0.15375490486621857,0
114,0,0.15375490486621857,0
115,0,0.15375490486621857,0
116,0,0.15375490486621857,0
117,0,0.15375490486621857,0
118,0,0.15375490486621857,0
119,0,0.15375490486621857,0
120,0,0.42422720789909363,1
121,0,0.42422720789909363,0
122,0,0.42422720789909363,0
123,0,0.42422720789909363,0
124,0,0.42422720789909363,0
125,0,0.42422720789909363,0
126,0,0.42422720789909363,0
127,0,0.42422720789909363,0
128,0,0.14326217770576477,1
129,0,0.14326217770576477,0
130,0,0.14326217770576477,0
131,0,0.14326217770576477,0
132,0,0.21299763023853302,1
133,0,0.21299763023853302,0
134,0,0.21299763023853302,0
135,0,0.21299763023853302,0
136,0,0.21299763023853302,0
137,0,0.21299763023853302,0
138,0,0.21299763023853302,0
139,0,0.21299763023853302,0
140,0,0.21299763023853302,0
141,0,0.21299763023853302,0
142,0,0.21299763023853302,0
143,0,0.21299763023853302,0
144,0,0.23005199432373047,1
145,0,0.23005199432373047,0
146,0,0.23005199432373047,0
147,0,0.23005199432373047,0
148,0,0.23005199432373047,0
149,0,0.23005199432373047,0
150,0,0.2609971761703491,1
151,0,0.2609971761703491,0
152,0,0.2609971761703491,0
153,0,0.2609971761703491,0
154,0,0.2609971761703491,0
155,0,0.2609971761703491,0
156,0,0.1715773046016693,1
157,0,0.1715773046016693,0
158,0,0.1715773046016693,0
159,0,0.1715773046016693,0
160,0,0.1715773046016693,0
161,0,0.1715773046016693,0
162,0,0.1715773046016693,0
163,0,0.1715773046016693,0
164,0,0.1715773046016693,0
165,0,0.1715773046016693,0
166,0,0.1715773046016693,0
167,0,0.1715773046016693,0
168,0,0.1623137891292572,1
169,0,0.1623137891292572,0
170,0,0.1623137891292572,0
171,0,0.1623137891292572,0
172,0,0.1623137891292572,0
173,0,0.1623137891292572,0
174,0,0.1623137891292572,0
175,0,0.1623137891292572,0
176,0,0.1623137891292572,0
177,0,0.1623137891292572,0
178,0,0.1623137891292572,0
179,0,0.1623137891292572,0
180,0,0.4443129599094391,1
181,0,0.4443129599094391,0
182,0,0.4443129599094391,0
183,0,0.4443129599094391,0
184,0,0.4443129599094391,0
185,0,0.4443129599094391,0
186,0,0.4443129599094391,0
187,0,0.4443129599094391,0
188,0,0.4443129599094391,0
189,0,0.4443129599094391,0
190,0,0.4443129599094391,0
191,0,0.4443129599094391,0
192,0,0.2470276951789856,1
193,0,0.2470276951789856,0
194,0,0.2470276951789856,0
195,0,0.2470276951789856,0
196,0,0.2470276951789856,0
197,0,0.2470276951789856,0
198,0,0.2470276951789856,0
199,0,0.2470276951789856,0
200,0,0.2470276951789856,0
201,0,0.2470276951789856,0
202,0,0.2470276951789856,0
203,0,0.2470276951789856,0
204,0,0.18653357028961182,1
205,0,0.18653357028961182,0
206,0,0.18653357028961182,0
207,0,0.18653357028961182,0
208,0,0.18653357028961182,0
209,0,0.18653357028961182,0
210,0,0.265977680683136,1
211,0,0.265977680683136,0
212,0,0.265977680683136,0
213,0,0.265977680683136,0
214,0,0.265977680683136,0
215,0,0.265977680683136,0
216,0,0.18068964779376984,1
217,0,0.18068964779376984,0
218,0,0.18068964779376984,0
219,0,0.18068964779376984,0
220,0,0.18068964779376984,0
221,0,0.18068964779376984,0
222,0,0.18068964779376984,0
223,0,0.18068964779376984,0
224,0,0.18068964779376984,0
225,0,0.18068964779376984,0
226,0,0.18068964779376984,0
227,0,0.18068964779376984,0
228,0,0.18988856673240662,1
229,0,0.18988856673240662,0
230,0,0.18988856673240662,0
231,0,0.18988856673240662,0
232,0,0.18988856673240662,0
233,0,0.18988856673240662,0
234,0,0.18988856673240662,0
235,0,0.18988856673240662,0
236,0,0.18988856673240662,0
237,0,0.18988856673240662,0
238,0,0.18988856673240662,0
239,0,0.18988856673240662,0
240,0,0.45602232217788696,1
241,0,0.45602232217788696,0
242,0,0.45602232217788696,0
243,0,0.45602232217788696,0
244,0,0.45602232217788696,0
245,0,0.13911288976669312,1
246,0,0.13911288976669312,0
247,0,0.13911288976669312,0
248,0,0.13911288976669312,0
249,0,0.13911288976669312,0
250,0,0.7361630797386169,1
251,0,0.7361630797386169,0
252,0,0.16895319521427155,1
253,0,0.16895319521427155,0
254,0,0.16895319521427155,0
255,0,0.16895319521427155,0
256,0,0.16895319521427155,0
257,0,0.16895319521427155,0
258,0,0.16895319521427155,0
259,0,0.16895319521427155,0
260,0,0.16895319521427155,0
261,0,0.16895319521427155,0
262,0,0.16895319521427155,0
263,0,0.16895319521427155,0
264,0,0.16519512236118317,1
265,0,0.16519512236118317,0
266,0,0.16519512236118317,0
267,0,0.16519512236118317,0
268,0,0.16519512236118317,0
269,0,0.16519512236118317,0
270,0,0.2637738883495331,1
271,0,0.2637738883495331,0
272,0,0.2637738883495331,0
273,0,0.2637738883495331,0
274,0,0.2637738883495331,0
275,0,0.2637738883495331,0
276,0,0.20373272895812988,1
277,0,0.20373272895812988,0
278,0,0.20373272895812988,0
279,0,0.20373272895812988,0
280,0,0.20373272895812988,0
281,0,0.20373272895812988,0
282,0,0.20373272895812988,0
283,0,0.20373272895812988,0
284,0,0.20373272895812988,0
285,0,0.20373272895812988,0
286,0,0.20373272895812988,0
287,0,0.20373272895812988,0
288,0,0.23254987597465515,1
289,0,0.23254987597465515,0
290,0,0.23254987597465515,0
291,0,0.23254987597465515,0
292,0,0.23254987597465515,0
293,0,0.23254987597465515,0
294,0,0.23254987597465515,0
295,0,0.23254987597465515,0
296,0,0.23254987597465515,0
297,0,0.23254987597465515,0
298,0,0.23254987597465515,0
299,0,0.23254987597465515,0
300,0,0.44420504570007324,1
301,0,0.44420504570007324,0
302,0,0.44420504570007324,0
303,0,0.44420504570007324,0
304,0,0.44420504570007324,0
305,0,0.44420504570007324,0
306,0,0.44420504570007324,0
307,0,0.44420504570007324,0
308,0,0.44420504570007324,0
309,0,0.44420504570007324,0
310,0,0.44420504570007324,0
311,0,0.44420504570007324,0
312,0,0.16492192447185516,1
313,0,0.16492192447185516,0
314,0,0.16492192447185516,0
315,0,0.16492192447185516,0
316,0,0.16492192447185516,0
317,0,0.16492192447185516,0
318,0,0.16492192447185516,0
319,0,0.16492192447185516,0
320,0,0.16492192447185516,0
321,0,0.16492192447185516,0
322,0,0.16492192447185516,0
323,0,0.16492192447185516,0
324,0,0.16435959935188293,1
325,0,0.16435959935188293,0
326,0,0.16435959935188293,0
327,0,0.16435959935188293,0
328,0,0.16435959935188293,0
329,0,0.16435959935188293,0
330,0,0.26772642135620117,1
331,0,0.26772642135620117,0
332,0,0.26772642135620117,0
333,0,0.26772642135620117,0
334,0,0.26772642135620117,0
335,0,0.26772642135620117,0
336,0,0.25545239448547363,1
337,0,0.25545239448547363,0
338,0,0.25545239448547363,0
339,0,0.25545239448547363,0
340,0,0.25545239448547363,0
341,0,0.25545239448547363,0
342,0,0.25545239448547363,0
343,0,0.25545239448547363,0
344,0,0.25545239448547363,0
345,0,0.25545239448547363,0
346,0,0.25545239448547363,0
347,0,0.25545239448547363,0
348,0,0.18868234753608704,1
349,0,0.18868234753608704,0
350,0,0.18868234753608704,0
351,0,0.18868234753608704,0
352,0,0.18868234753608704,0
353,0,0.18868234753608704,0
354,0,0.18868234753608704,0
355,0,0.18868234753608704,0
356,0,0.18868234753608704,0
357,0,0.18868234753608704,0
358,0,0.18868234753608704,0
359,0,0.18868234753608704,0
360,0,0.44534793496131897,1
361,0,0.44534793496131897,0
362,0,0.44534793496131897,0
363,0,0.44534793496131897,0
364,0,0.44534793496131897,0
365,0,0.44534793496131897,0
366,0,0.44534793496131897,0
367,0,0.44534793496131897,0
368,0,0.44534793496131897,0
369,0,0.44534793496131897,0
370,0,0.44534793496131897,0
371,0,0.44534793496131897,0
372,0,0.1776723861694336,1
373,0,0.1776723861694336,0
374,0,0.1776723861694336,0
375,0,0.1776723861694336,0
376,0,0.1776723861694336,0
377,0,0.1776723861694336,0
378,0,0.1776723861694336,0
379,0,0.1776723861694336,0
380,0,0.1776723861694336,0
381,0,0.1776723861694336,0
382,0,0.1776723861694336,0
383,0,0.1776723861694336,0
384,0,0.20581218600273132,1
385,0,0.20581218600273132,0
386,0,0.20581218600273132,0
387,0,0.20581218600273132,0
388,0,0.20581218600273132,0
389,0,0.20581218600273132,0
390,0,0.2641417384147644,1
391,0,0.2641417384147644,0
392,0,0.2641417384147644,0
393,0,0.2641417384147644,0
394,0,0.2641417384147644,0
395,0,0.2641417384147644,0
396,0,0.20969738066196442,1
397,0,0.20969738066196442,0
398,0,0.20969738066196442,0
399,0,0.20969738066196442,0
400,0,0.20969738066196442,0
401,0,0.20969738066196442,0
402,0,0.20969738066196442,0
403,0,0.20969738066196442,0
404,0,0.20969738066196442,0
405,0,0.20969738066196442,0
406,0,0.20969738066196442,0
407,0,0.20969738066196442,0
408,0,0.19086289405822754,1
409,0,0.19086289405822754,0
410,0,0.19086289405822754,0
411,0,0.19086289405822754,0
412,0,0.19086289405822754,0
413,0,0.19086289405822754,0
414,0,0.19086289405822754,0
415,0,0.19086289405822754,0
416,0,0.19086289405822754,0
417,0,0.19086289405822754,0
418,0,0.19086289405822754,0
419,0,0.19086289405822754,0
420,0,0.4463091194629669,1
421,0,0.4463091194629669,0
422,0,0.4463091194629669,0
423,0,0.4463091194629669,0
424,0,0.4463091194629669,0
425,0,0.4463091194629669,0
426,0,0.4463091194629669,0
427,0,0.4463091194629669,0
428,0,0.4463091194629669,0
429,0,0.4463091194629669,0
430,0,0.4463091194629669,0
431,0,0.4463091194629669,0
432,0,0.20717990398406982,1
433,0,0.20717990398406982,0
434,0,0.20717990398406982,0
435,0,0.20717990398406982,0
436,0,0.20717990398406982,0
437,0,0.20717990398406982,0
438,0,0.20717990398406982,0
439,0,0.20717990398406982,0
440,0,0.20717990398406982,0
441,0,0.20717990398406982,0
442,0,0.20717990398406982,0
443,0,0.20717990398406982,0
444,0,0.20717990398406982,0
445,0,0.20717990398406982,0
446,0,0.20717990398406982,0
447,0,0.20717990398406982,0
448,0,0.20717990398406982,0
449,0,0.20717990398406982,0
450,0,0.24628594517707825,1
451,0,0.24628594517707825,0
452,0,0.24628594517707825,0
453,0,0.24628594517707825,0
454,0,0.24628594517707825,0
455,0,0.24628594517707825,0
456,0,0.24628594517707825,0
457,0,0.24628594517707825,0
458,0,0.24628594517707825,0
459,0,0.24628594517707825,0
460,0,0.24628594517707825,0
461,0,0.24628594517707825,0
462,0,0.24628594517707825,0
463,0,0.40829306840896606,1
464,0,0.40829306840896606,0
465,0,0.40829306840896606,0
466,0,0.40829306840896606,0
467,0,0.40829306840896606,0
468,0,0.23040375113487244,1
469,0,0.23040375113487244,0
470,0,0.23040375113487244,0
471,0,0.23040375113487244,0
472,0,0.23040375113487244,0
473,0,0.23040375113487244,0
474,0,0.23040375113487244,0
475,0,0.23040375113487244,0
476,0,0.23040375113487244,0
477,0,0.23040375113487244,0
478,0,0.23040375113487244,0
479,0,0.23040375113487244,0
480,0,0.3953411877155304,1
481,0,0.3953411877155304,0
482,0,0.3953411877155304,0
483,0,0.15644317865371704,1
484,0,0.15644317865371704,0
485,0,0.15644317865371704,0
486,0,0.15644317865371704,0
487,0,0.15644317865371704,0
488,0,0.15644317865371704,0
489,0,0.15644317865371704,0
490,0,0.15644317865371704,0
491,0,0.15644317865371704,0
492,0,0.2014537751674652,1
493,0,0.2014537751674652,0
494,0,0.2014537751674652,0
495,0,0.2014537751674652,0
496,0,0.2014537751674652,0
497,0,0.2014537751674652,0
498,0,0.2014537751674652,0
499,0,0.2014537751674652,0
500,0,0.7412752509117126,1
501,0,0.7412752509117126,0
502,0,0.7412752509117126,0
503,0,0.7412752509117126,0
504,0,0.7412752509117126,0
505,0,0.7412752509117126,0
506,0,0.7412752509117126,0
507,0,0.7412752509117126,0
508,0,0.7412752509117126,0
509,0,0.7412752509117126,0
510,0,0.2652052342891693,1
511,0,0.2652052342891693,0
512,0,0.2652052342891693,0
513,0,0.2652052342891693,0
514,0,0.2652052342891693,0
515,0,0.2652052342891693,0
516,0,0.2132057547569275,1
517,0,0.2132057547569275,0
518,0,0.2132057547569275,0
519,0,0.2132057547569275,0
520,0,0.2132057547569275,0
521,0,0.2132057547569275,0
522,0,0.2132057547569275,0
523,0,0.2132057547569275,0
524,0,0.3671749532222748,1
525,0,0.3671749532222748,0
526,0,0.3671749532222748,0
527,0,0.3671749532222748,0
528,0,0.23976129293441772,1
529,0,0.23976129293441772,0
530,0,0.23976129293441772,0
531,0,0.23976129293441772,0
532,0,0.23976129293441772,0
533,0,0.23976129293441772,0
534,0,0.23976129293441772,0
535,0,0.23976129293441772,0
536,0,0.23976129293441772,0
537,0,0.23976129293441772,0
538,0,0.23976129293441772,0
539,0,0.23976129293441772,0
540,0,0.34448710083961487,1
541,0,0.34448710083961487,0
542,0,0.34448710083961487,0
543,0,0.34448710083961487,0
544,0,0.34448710083961487,0
545,0,0.34448710083961487,0
546,0,0.34448710083961487,0
547,0,0.34448710083961487,0
548,0,0.34448710083961487,0
549,0,0.34448710083961487,0
550,0,0.34448710083961487,0
551,0,0.34448710083961487,0
552,0,0.17669454216957092,1
553,0,0.17669454216957092,0
554,0,0.17669454216957092,0
555,0,0.17669454216957092,0
556,0,0.17669454216957092,0
557,0,0.17669454216957092,0
558,0,0.17669454216957092,0
559,0,0.17669454216957092,0
560,0,0.17669454216957092,0
561,0,0.17669454216957092,0
562,0,0.17669454216957092,0
563,0,0.17669454216957092,0
564,0,0.17669454216957092,0
565,0,0.17669454216957092,0
566,0,0.17669454216957092,0
567,0,0.17669454216957092,0
568,0,0.17669454216957092,0
569,0,0.17669454216957092,0
570,0,0.2665573060512543,1
571,0,0.2665573060512543,0
572,0,0.2665573060512543,0
573,0,0.2665573060512543,0
574,0,0.2665573060512543,0
575,0,0.2665573060512543,0
576,0,0.25636914372444153,1
577,0,0.25636914372444153,0
578,0,0.25636914372444153,0
579,0,0.25636914372444153,0
580,0,0.25636914372444153,0
581,0,0.25636914372444153,0
582,0,0.25636914372444153,0
583,0,0.25636914372444153,0
584,0,0.35678160190582275,1
585,0,0.35678160190582275,0
586,0,0.35678160190582275,0
587,0,0.35678160190582275,0
588,0,0.19872796535491943,1
589,0,0.19872796535491943,0
590,0,0.19872796535491943,0
591,0,0.19872796535491943,0
592,0,0.19872796535491943,0
593,0,0.19872796535491943,0
594,0,0.19872796535491943,0
595,0,0.19872796535491943,0
596,0,0.19872796535491943,0
597,0,0.19872796535491943,0
598,0,0.19872796535491943,0
599,0,0.19872796535491943,0
600,0,0.3463994860649109,1
601,0,0.3463994860649109,0
602,0,0.3463994860649109,0
603,0,0.3463994860649109,0
604,0,0.3463994860649109,0
605,0,0.3463994860649109,0
606,0,0.3463994860649109,0
607,0,0.3463994860649109,0
608,0,0.3463994860649109,0
609,0,0.3463994860649109,0
610,0,0.3463994860649109,0
611,0,0.3463994860649109,0
612,0,0.3463994860649109,0
613,0,0.3463994860649109,0
614,0,0.3463994860649109,0
615,0,0.3463994860649109,0
616,0,0.3463994860649109,0
617,0,0.3463994860649109,0
618,0,0.3463994860649109,0
619,0,0.3463994860649109,0
620,0,0.3463994860649109,0
621,0,0.3463994860649109,0
622,0,0.3463994860649109,0
623,0,0.3463994860649109,0
624,0,0.19990341365337372,1
625,0,0.19990341365337372,0
626,0,0.19990341365337372,0
627,0,0.19990341365337372,0
628,0,0.19990341365337372,0
629,0,0.19990341365337372,0
630,0,0.2696942389011383,1
631,0,0.2696942389011383,0
632,0,0.2696942389011383,0
633,0,0.2696942389011383,0
634,0,0.2696942389011383,0
635,0,0.2696942389011383,0
636,0,0.19877730309963226,1
637,0,0.19877730309963226,0
638,0,0.19877730309963226,0
639,0,0.19877730309963226,0
640,0,0.19877730309963226,0
641,0,0.19877730309963226,0
642,0,0.19877730309963226,0
643,0,0.19877730309963226,0
644,0,0.35840439796447754,1
645,0,0.35840439796447754,0
646,0,0.35840439796447754,0
647,0,0.35840439796447754,0
648,0,0.19647766649723053,1
649,0,0.19647766649723053,0
650,0,0.19647766649723053,0
651,0,0.19647766649723053,0
652,0,0.19647766649723053,0
653,0,0.19647766649723053,0
654,0,0.19647766649723053,0
655,0,0.19647766649723053,0
656,0,0.19647766649723053,0
657,0,0.19647766649723053,0
658,0,0.19647766649723053,0
659,0,0.19647766649723053,0
660,0,0.35277438163757324,1
661,0,0.35277438163757324,0
662,0,0.35277438163757324,0
663,0,0.35277438163757324,0
664,0,0.35277438163757324,0
665,0,0.35277438163757324,0
666,0,0.35277438163757324,0
667,0,0.35277438163757324,0
668,0,0.35277438163757324,0
669,0,0.35277438163757324,0
670,0,0.35277438163757324,0
671,0,0.35277438163757324,0
672,0,0.21836456656455994,1
673,0,0.21836456656455994,0
674,0,0.21836456656455994,0
675,0,0.21836456656455994,0
676,0,0.21836456656455994,0
677,0,0.21836456656455994,0
678,0,0.21836456656455994,0
679,0,0.21836456656455994,0
680,0,0.21836456656455994,0
681,0,0.21836456656455994,0
682,0,0.21836456656455994,0
683,0,0.21836456656455994,0
684,0,0.21836456656455994,0
685,0,0.21836456656455994,0
686,0,0.21836456656455994,0
687,0,0.21836456656455994,0
688,0,0.21836456656455994,0
689,0,0.21836456656455994,0
690,0,0.2751586437225342,1
691,0,0.2751586437225342,0
692,0,0.2751586437225342,0
693,0,0.2751586437225342,0
694,0,0.2751586437225342,0
695,0,0.2751586437225342,0
696,0,0.2149123102426529,1
697,0,0.2149123102426529,0
698,0,0.2149123102426529,0
699,0,0.2149123102426529,0
700,0,0.2149123102426529,0
701,0,0.2149123102426529,0
702,0,0.2149123102426529,0
703,0,0.2149123102426529,0
704,0,0.3697912395000458,1
705,0,0.3697912395000458,0
706,0,0.3697912395000458,0
707,0,0.3697912395000458,0
708,0,0.218494713306427,1
709,0,0.218494713306427,0
710,0,0.218494713306427,0
711,0,0.218494713306427,0
712,0,0.218494713306427,0
713,0,0.218494713306427,0
714,0,0.218494713306427,0
715,0,0.218494713306427,0
716,0,0.218494713306427,0
717,0,0.218494713306427,0
718,0,0.218494713306427,0
719,0,0.218494713306427,0
720,0,0.3809123933315277,1
721,0,0.3809123933315277,0
722,0,0.3809123933315277,0
723,0,0.3809123933315277,0
724,0,0.3809123933315277,0
725,0,0.3809123933315277,0
726,0,0.3809123933315277,0
727,0,0.3809123933315277,0
728,0,0.3809123933315277,0
729,0,0.3809123933315277,0
730,0,0.3809123933315277,0
731,0,0.3809123933315277,0
732,0,0.17945565283298492,1
733,0,0.17945565283298492,0
734,0,0.17945565283298492,0
735,0,0.17945565283298492,0
736,0,0.17945565283298492,0
737,0,0.17945565283298492,0
738,0,0.17945565283298492,0
739,0,0.17945565283298492,0
740,0,0.17945565283298492,0
741,0,0.17945565283298492,0
742,0,0.17945565283298492,0
743,0,0.17945565283298492,0
744,0,0.17279087007045746,1
745,0,0.17279087007045746,0
746,0,0.17279087007045746,0
747,0,0.17279087007045746,0
748,0,0.17279087007045746,0
749,0,0.17279087007045746,0
750,0,0.7425819635391235,1
751,0,0.7425819635391235,0
752,0,0.7425819635391235,0
753,0,0.7425819635391235,0
754,0,0.7425819635391235,0
755,0,0.7425819635391235,0
756,0,0.18776242434978485,1
757,0,0.18776242434978485,0
758,0,0.18776242434978485,0
759,0,0.18776242434978485,0
760,0,0.18776242434978485,0
761,0,0.18776242434978485,0
762,0,0.18776242434978485,0
763,0,0.18776242434978485,0
764,0,0.3647529184818268,1
765,0,0.3647529184818268,0
766,0,0.3647529184818268,0
767,0,0.3647529184818268,0
768,0,0.24416068196296692,1
769,0,0.24416068196296692,0
770,0,0.24416068196296692,0
771,0,0.24416068196296692,0
772,0,0.24416068196296692,0
773,0,0.24416068196296692,0
774,0,0.24416068196296692,0
775,0,0.24416068196296692,0
776,0,0.24416068196296692,0
777,0,0.24416068196296692,0
778,0,0.24416068196296692,0
779,0,0.24416068196296692,0
780,0,0.34388819336891174,1
781,0,0.34388819336891174,0
782,0,0.34388819336891174,0
783,0,0.34388819336891174,0
784,0,0.34388819336891174,0
785,0,0.34388819336891174,0
786,0,0.34388819336891174,0
787,0,0.34388819336891174,0
788,0,0.34388819336891174,0
789,0,0.34388819336891174,0
790,0,0.34388819336891174,0
791,0,0.34388819336891174,0
792,0,0.34388819336891174,0
793,0,0.34388819336891174,0
794,0,0.34388819336891174,0
795,0,0.34388819336891174,0
796,0,0.34388819336891174,0
797,0,0.34388819336891174,0
798,0,0.34388819336891174,0
799,0,0.34388819336891174,0
800,0,0.34388819336891174,0
801,0,0.34388819336891174,0
802,0,0.34388819336891174,0
803,0,0.34388819336891174,0
804,0,0.18757644295692444,1
805,0,0.18757644295692444,0
806,0,0.18757644295692444,0
807,0,0.18757644295692444,0
808,0,0.18757644295692444,0
809,0,0.18757644295692444,0
810,0,0.2599300742149353,1
811,0,0.2599300742149353,0
812,0,0.2599300742149353,0
813,0,0.2599300742149353,0
814,0,0.2599300742149353,0
815,0,0.2599300742149353,0
816,0,0.20537470281124115,1
817,0,0.20537470281124115,0
818,0,0.20537470281124115,0
819,0,0.20537470281124115,0
820,0,0.20537470281124115,0
821,0,0.20537470281124115,0
822,0,0.20537470281124115,0
823,0,0.20537470281124115,0
824,0,0.3320671319961548,1
825,0,0.3320671319961548,0
826,0,0.3320671319961548,0
827,0,0.3320671319961548,0
828,0,0.3320671319961548,0
829,0,0.3320671319961548,0
830,0,0.3320671319961548,0
831,0,0.8558631539344788,1
832,0,0.8558631539344788,0
833,0,0.8558631539344788,0
834,0,0.8558631539344788,0
835,0,0.8558631539344788,0
836,0,0.8558631539344788,0
837,0,0.8558631539344788,0
838,0,0.8558631539344788,0
839,0,0.8558631539344788,0
840,0,0.28129497170448303,1
841,0,0.28129497170448303,0
842,0,0.28129497170448303,0
843,0,0.28129497170448303,0
844,0,0.28129497170448303,0
845,0,0.28129497170448303,0
846,0,0.28129497170448303,0
847,0,0.28129497170448303,0
848,0,0.28129497170448303,0
849,0,0.28129497170448303,0
850,0,0.28129497170448303,0
851,0,0.28129497170448303,0
852,0,0.28129497170448303,0
853,0,0.28129497170448303,0
854,0,0.28129497170448303,0
855,0,0.28129497170448303,0
856,0,0.28129497170448303,0
857,0,0.28129497170448303,0
858,0,0.28129497170448303,0
859,0,0.28129497170448303,0
860,0,0.28129497170448303,0
861,0,0.28129497170448303,0
862,0,0.28129497170448303,0
863,0,0.28129497170448303,0
864,0,0.1396600753068924,1
865,0,0.1396600753068924,0
866,0,0.1396600753068924,0
867,0,0.1396600753068924,0
868,0,0.1396600753068924,0
869,0,0.1396600753068924,0
870,0,0.19058912992477417,1
871,0,0.19058912992477417,0
872,0,0.19058912992477417,0
873,0,0.19058912992477417,0
874,0,0.19058912992477417,0
875,0,0.19058912992477417,0
876,0,0.1524728238582611,1
877,0,0.1524728238582611,0
878,0,0.1524728238582611,0
879,0,0.1524728238582611,0
880,0,0.1524728238582611,0
881,0,0.1524728238582611,0
882,0,0.1524728238582611,0
883,0,0.1524728238582611,0
884,0,0.3100000321865082,1
885,0,0.3100000321865082,0
886,0,0.3100000321865082,0
887,0,0.3100000321865082,0
888,0,0.3100000321865082,0
889,0,0.3100000321865082,0
890,0,0.3100000321865082,0
891,0,0.3100000321865082,0
892,0,0.3100000321865082,0
893,0,0.3100000321865082,0
894,0,0.3100000321865082,0
895,0,0.3100000321865082,0
896,0,0.3100000321865082,0
897,0,0.3100000321865082,0
898,0,0.3100000321865082,0
899,0,0.3100000321865082,0
900,0,0.2753646969795227,1
901,0,0.2753646969795227,0
902,0,0.2753646969795227,0
903,0,0.2753646969795227,0
904,0,0.2753646969795227,0
905,0,0.2753646969795227,0
906,0,0.2753646969795227,0
907,0,0.2753646969795227,0
908,0,0.2753646969795227,0
909,0,0.2753646969795227,0
910,0,0.2753646969795227,0
911,0,0.2753646969795227,0
912,0,0.12707987427711487,1
913,0,0.12707987427711487,0
914,0,0.12707987427711487,0
915,0,0.12707987427711487,0
916,0,0.12707987427711487,0
917,0,0.12707987427711487,0
918,0,0.12707987427711487,0
919,0,0.12707987427711487,0
920,0,0.12707987427711487,0
921,0,0.12707987427711487,0
922,0,0.12707987427711487,0
923,0,0.12707987427711487,0
924,0,0.12707987427711487,0
925,0,0.12707987427711487,0
926,0,0.12707987427711487,0
927,0,0.3601188361644745,1
928,0,0.3601188361644745,0
929,0,0.3601188361644745,0
930,0,0.20501908659934998,1
931,0,0.20501908659934998,0
932,0,0.20501908659934998,0
933,0,0.20501908659934998,0
934,0,0.20501908659934998,0
935,0,0.20501908659934998,0
936,0,0.17971079051494598,1
937,0,0.17971079051494598,0
938,0,0.17971079051494598,0
939,0,0.17971079051494598,0
940,0,0.17971079051494598,0
941,0,0.17971079051494598,0
942,0,0.17971079051494598,0
943,0,0.17971079051494598,0
944,0,0.17971079051494598,0
945,0,0.17971079051494598,0
946,0,0.17971079051494598,0
947,0,0.17971079051494598,0
948,0,0.14217868447303772,1
949,0,0.14217868447303772,0
950,0,0.14217868447303772,0
951,0,0.14217868447303772,0
952,0,0.14217868447303772,0
953,0,0.14217868447303772,0
954,0,0.14217868447303772,0
955,0,0.14217868447303772,0
956,0,0.14217868447303772,0
957,0,0.14217868447303772,0
958,0,0.14217868447303772,0
959,0,0.14217868447303772,0
960,0,0.33877646923065186,1
961,0,0.33877646923065186,0
962,0,0.33877646923065186,0
963,0,0.33877646923065186,0
964,0,0.33877646923065186,0
965,0,0.33877646923065186,0
966,0,0.33877646923065186,0
967,0,0.33877646923065186,0
968,0,0.33877646923065186,0
969,0,0.33877646923065186,0
970,0,0.33877646923065186,0
971,0,0.33877646923065186,0
972,0,0.1480877846479416,1
973,0,0.1480877846479416,0
974,0,0.1480877846479416,0
975,0,0.1480877846479416,0
976,0,0.1480877846479416,0
977,0,0.1480877846479416,0
978,0,0.1480877846479416,0
979,0,0.1480877846479416,0
980,0,0.1480877846479416,0
981,0,0.1480877846479416,0
982,0,0.1480877846479416,0
983,0,0.1480877846479416,0
984,0,0.1315179467201233,1
985,0,0.1315179467201233,0
986,0,0.1315179467201233,0
987,0,0.1315179467201233,0
988,0,0.3004285395145416,1
989,0,0.3004285395145416,0
990,0,0.2113257348537445,1
991,0,0.2113257348537445,0
992,0,0.2113257348537445,0
993,0,0.2113257348537445,0
994,0,0.2113257348537445,0
995,0,0.2113257348537445,0
996,0,0.18170511722564697,1
997,0,0.18170511722564697,0
998,0,0.18170511722564697,0
999,0,0.18170511722564697,0
1000,0,0.18170511722564697,0
1001,0,0.18170511722564697,0
1002,0,0.18170511722564697,0
1003,0,0.18170511722564697,0
1004,0,0.18170511722564697,0
1005,0,0.18170511722564697,0
1006,0,0.18170511722564697,0
1007,0,0.18170511722564697,0
1008,0,0.1854802668094635,1
1009,0,0.1854802668094635,0
1010,0,0.1854802668094635,0
1011,0,0.1854802668094635,0
1012,0,0.1854802668094635,0
1013,0,0.1854802668094635,0
1014,0,0.1854802668094635,0
1015,0,0.1854802668094635,0
1016,0,0.1854802668094635,0
1017,0,0.1854802668094635,0
1018,0,0.1854802668094635,0
1019,0,0.1854802668094635,0
1020,0,0.29462194442749023,1
1021,0,0.29462194442749023,0
1022,0,0.29462194442749023,0
1023,0,0.29462194442749023,0
1024,0,0.29462194442749023,0
1025,0,0.29462194442749023,0
1026,0,0.29462194442749023,0
1027,0,0.29462194442749023,0
1028,0,0.29462194442749023,0
1029,0,0.29462194442749023,0
1030,0,0.29462194442749023,0
1031,0,0.29462194442749023,0
1032,0,0.14985904097557068,1
1033,0,0.14985904097557068,0
1034,0,0.14985904097557068,0
1035,0,0.14985904097557068,0
1036,0,0.14985904097557068,0
1037,0,0.14985904097557068,0
1038,0,0.14985904097557068,0
1039,0,0.14985904097557068,0
1040,0,0.14985904097557068,0
1041,0,0.14985904097557068,0
1042,0,0.14985904097557068,0
1043,0,0.14985904097557068,0
1044,0,0.14985904097557068,0
1045,0,0.14985904097557068,0
1046,0,0.14985904097557068,0
1047,0,0.14985904097557068,0
1048,0,0.3050472140312195,1
1049,0,0.3050472140312195,0
1050,0,0.19600486755371094,1
1051,0,0.19600486755371094,0
1052,0,0.19600486755371094,0
1053,0,0.19600486755371094,0
1054,0,0.19600486755371094,0
1055,0,0.19600486755371094,0
1056,0,0.22639265656471252,1
1057,0,0.22639265656471252,0
1058,0,0.22639265656471252,0
1059,0,0.22639265656471252,0
1060,0,0.22639265656471252,0
1061,0,0.22639265656471252,0
1062,0,0.22639265656471252,0
1063,0,0.22639265656471252,0
1064,0,0.22639265656471252,0
1065,0,0.22639265656471252,0
1066,0,0.22639265656471252,0
1067,0,0.22639265656471252,0
1068,0,0.12619242072105408,1
1069,0,0.12619242072105408,0
1070,0,0.12619242072105408,0
1071,0,0.12619242072105408,0
1072,0,0.12619242072105408,0
1073,0,0.12619242072105408,0
1074,0,0.12619242072105408,0
1075,0,0.12619242072105408,0
1076,0,0.12619242072105408,0
1077,0,0.12619242072105408,0
1078,0,0.12619242072105408,0
1079,0,0.12619242072105408,0
1080,0,0.29217520356178284,1
1081,0,0.8561981320381165,1
1082,0,0.8561981320381165,0
1083,0,0.8561981320381165,0
1084,0,0.8561981320381165,0
1085,0,0.8561981320381165,0
1086,0,0.8561981320381165,0
1087,0,0.8561981320381165,0
1088,0,0.8561981320381165,0
1089,0,0.8561981320381165,0
1090,0,0.8561981320381165,0
1091,0,0.8561981320381165,0
1092,0,0.1399882286787033,1
1093,0,0.1399882286787033,0
1094,0,0.1399882286787033,0
1095,0,0.1399882286787033,0
1096,0,0.1399882286787033,0
1097,0,0.1399882286787033,0
1098,0,0.1399882286787033,0
1099,0,0.1399882286787033,0
1100,0,0.1399882286787033,0
1101,0,0.1399882286787033,0
1102,0,0.1399882286787033,0
1103,0,0.1399882286787033,0
1104,0,0.16165509819984436,1
1105,0,0.16165509819984436,0
1106,0,0.16165509819984436,0
1107,0,0.16165509819984436,0
1108,0,0.30138394236564636,1
1109,0,0.30138394236564636,0
1110,0,0.21192783117294312,1
1111,0,0.21192783117294312,0
1112,0,0.21192783117294312,0
1113,0,0.21192783117294312,0
1114,0,0.21192783117294312,0
1115,0,0.21192783117294312,0
1116,0,0.17748016119003296,1
1117,0,0.17748016119003296,0
1118,0,0.17748016119003296,0
1119,0,0.17748016119003296,0
1120,0,0.17748016119003296,0
1121,0,0.17748016119003296,0
1122,0,0.17748016119003296,0
1123,0,0.17748016119003296,0
1124,0,0.17748016119003296,0
1125,0,0.17748016119003296,0
1126,0,0.17748016119003296,0
1127,0,0.17748016119003296,0
1128,0,0.14727453887462616,1
1129,0,0.14727453887462616,0
1130,0,0.14727453887462616,0
1131,0,0.14727453887462616,0
1132,0,0.14727453887462616,0
1133,0,0.14727453887462616,0
1134,0,0.14727453887462616,0
1135,0,0.14727453887462616,0
1136,0,0.14727453887462616,0
1137,0,0.14727453887462616,0
1138,0,0.14727453887462616,0
1139,0,0.14727453887462616,0
1140,0,0.29381296038627625,1
1141,0,0.29381296038627625,0
1142,0,0.29381296038627625,0
1143,0,0.29381296038627625,0
1144,0,0.29381296038627625,0
1145,0,0.29381296038627625,0
1146,0,0.29381296038627625,0
1147,0,0.29381296038627625,0
1148,0,0.29381296038627625,0
1149,0,0.29381296038627625,0
1150,0,0.29381296038627625,0
1151,0,0.29381296038627625,0
1152,0,0.18346041440963745,1
1153,0,0.18346041440963745,0
1154,0,0.18346041440963745,0
1155,0,0.18346041440963745,0
1156,0,0.18346041440963745,0
1157,0,0.18346041440963745,0
1158,0,0.18346041440963745,0
1159,0,0.18346041440963745,0
1160,0,0.18346041440963745,0
1161,0,0.18346041440963745,0
1162,0,0.18346041440963745,0
1163,0,0.18346041440963745,0
1164,0,0.18346041440963745,0
1165,0,0.18346041440963745,0
1166,0,0.18346041440963745,0
1167,0,0.18346041440963745,0
1168,0,0.30558428168296814,1
1169,0,0.30558428168296814,0
1170,0,0.1947306990623474,1
1171,0,0.1947306990623474,0
1172,0,0.1947306990623474,0
1173,0,0.1947306990623474,0
1174,0,0.1947306990623474,0
1175,0,0.1947306990623474,0
1176,0,0.17134210467338562,1
1177,0,0.17134210467338562,0
1178,0,0.17134210467338562,0
1179,0,0.17134210467338562,0
1180,0,0.17134210467338562,0
1181,0,0.17134210467338562,0
1182,0,0.17134210467338562,0
1183,0,0.17134210467338562,0
1184,0,0.17134210467338562,0
1185,0,0.17134210467338562,0
1186,0,0.17134210467338562,0
1187,0,0.17134210467338562,0
1188,0,0.12441807985305786,1
1189,0,0.12441807985305786,0
1190,0,0.12441807985305786,0
1191,0,0.12441807985305786,0
1192,0,0.12441807985305786,0
1193,0,0.12441807985305786,0
1194,0,0.12441807985305786,0
1195,0,0.12441807985305786,0
1196,0,0.12441807985305786,0
1197,0,0.12441807985305786,0
1198,0,0.12441807985305786,0
1199,0,0.12441807985305786,0
1200,0,0.30851268768310547,1
1201,0,0.30851268768310547,0
1202,0,0.30851268768310547,0
1203,0,0.30851268768310547,0
1204,0,0.30851268768310547,0
1205,0,0.30851268768310547,0
1206,0,0.30851268768310547,0
1207,0,0.30851268768310547,0
1208,0,0.30851268768310547,0
1209,0,0.30851268768310547,0
1210,0,0.30851268768310547,0
1211,0,0.30851268768310547,0
1212,0,0.12396420538425446,1
1213,0,0.12396420538425446,0
1214,0,0.12396420538425446,0
1215,0,0.12396420538425446,0
1216,0,0.12396420538425446,0
1217,0,0.12396420538425446,0
1218,0,0.12396420538425446,0
1219,0,0.12396420538425446,0
1220,0,0.12396420538425446,0
1221,0,0.12396420538425446,0
1222,0,0.12396420538425446,0
1223,0,0.12396420538425446,0
1224,0,0.12396420538425446,0
1225,0,0.12396420538425446,0
1226,0,0.12396420538425446,0
1227,0,0.12396420538425446,0
1228,0,0.2999788820743561,1
1229,0,0.2999788820743561,0
1230,0,0.18410621583461761,1
1231,0,0.18410621583461761,0
1232,0,0.18410621583461761,0
1233,0,0.18410621583461761,0
1234,0,0.18410621583461761,0
1235,0,0.18410621583461761,0
1236,0,0.1682472676038742,1
1237,0,0.1682472676038742,0
1238,0,0.1682472676038742,0
1239,0,0.1682472676038742,0
1240,0,0.1682472676038742,0
1241,0,0.1682472676038742,0
1242,0,0.1682472676038742,0
1243,0,0.1682472676038742,0
1244,0,0.1682472676038742,0
1245,0,0.1682472676038742,0
1246,0,0.1682472676038742,0
1247,0,0.1682472676038742,0
1248,0,0.15981554985046387,1
1249,0,0.15981554985046387,0
1250,0,0.15981554985046387,0
1251,0,0.15981554985046387,0
1252,0,0.15981554985046387,0
1253,0,0.15981554985046387,0
1254,0,0.15981554985046387,0
1255,0,0.15981554985046387,0
1256,0,0.15981554985046387,0
1257,0,0.15981554985046387,0
1258,0,0.15981554985046387,0
1259,0,0.15981554985046387,0
1260,0,0.2778264880180359,1
1261,0,0.2778264880180359,0
1262,0,0.2778264880180359,0
1263,0,0.2778264880180359,0
1264,0,0.2778264880180359,0
1265,0,0.2778264880180359,0
1266,0,0.2778264880180359,0
1267,0,0.2778264880180359,0
1268,0,0.2778264880180359,0
1269,0,0.2778264880180359,0
1270,0,0.2778264880180359,0
1271,0,0.2778264880180359,0
1272,0,0.1257239133119583,1
1273,0,0.1257239133119583,0
1274,0,0.1257239133119583,0
1275,0,0.1257239133119583,0
1276,0,0.1257239133119583,0
1277,0,0.1257239133119583,0
1278,0,0.1257239133119583,0
1279,0,0.1257239133119583,0
1280,0,0.1257239133119583,0
1281,0,0.1257239133119583,0
1282,0,0.1257239133119583,0
1283,0,0.1257239133119583,0
1284,0,0.1257239133119583,0
1285,0,0.1257239133119583,0
1286,0,0.1257239133119583,0
1287,0,0.1257239133119583,0
1288,0,0.29933714866638184,1
1289,0,0.29933714866638184,0
1290,0,0.18620364367961884,1
1291,0,0.18620364367961884,0
1292,0,0.18620364367961884,0
1293,0,0.18620364367961884,0
1294,0,0.18620364367961884,0
1295,0,0.18620364367961884,0
1296,0,0.22183097898960114,1
1297,0,0.22183097898960114,0
1298,0,0.22183097898960114,0
1299,0,0.22183097898960114,0
1300,0,0.22183097898960114,0
1301,0,0.22183097898960114,0
1302,0,0.22183097898960114,0
1303,0,0.22183097898960114,0
1304,0,0.22183097898960114,0
1305,0,0.22183097898960114,0
1306,0,0.22183097898960114,0
1307,0,0.22183097898960114,0
1308,0,0.13715562224388123,1
1309,0,0.13715562224388123,0
1310,0,0.13715562224388123,0
1311,0,0.13715562224388123,0
1312,0,0.13715562224388123,0
1313,0,0.13715562224388123,0
1314,0,0.13715562224388123,0
1315,0,0.13715562224388123,0
1316,0,0.13715562224388123,0
1317,0,0.13715562224388123,0
1318,0,0.13715562224388123,0
1319,0,0.13715562224388123,0
1320,0,0.2940985858440399,1
1321,0,0.2940985858440399,0
1322,0,0.2940985858440399,0
1323,0,0.2940985858440399,0
1324,0,0.2940985858440399,0
1325,0,0.2940985858440399,0
1326,0,0.2940985858440399,0
1327,0,0.2940985858440399,0
1328,0,0.2940985858440399,0
1329,0,0.2940985858440399,0
1330,0,0.2940985858440399,0
1331,0,0.8644759654998779,1
1332,0,0.11695025116205215,1
1333,0,0.11695025116205215,0
1334,0,0.11695025116205215,0
1335,0,0.11695025116205215,0
1336,0,0.11695025116205215,0
1337,0,0.11695025116205215,0
1338,0,0.11695025116205215,0
1339,0,0.11695025116205215,0
1340,0,0.11695025116205215,0
1341,0,0.11695025116205215,0
1342,0,0.11695025116205215,0
1343,0,0.11695025116205215,0
1344,0,0.1692255735397339,1
1345,0,0.1692255735397339,0
1346,0,0.1692255735397339,0
1347,0,0.1692255735397339,0
1348,0,0.30127912759780884,1
1349,0,0.30127912759780884,0
1350,0,0.18933001160621643,1
1351,0,0.18933001160621643,0
1352,0,0.18933001160621643,0
1353,0,0.18933001160621643,0
1354,0,0.18933001160621643,0
1355,0,0.18933001160621643,0
1356,0,0.16669714450836182,1
1357,0,0.16669714450836182,0
1358,0,0.16669714450836182,0
1359,0,0.16669714450836182,0
1360,0,0.16669714450836182,0
1361,0,0.16669714450836182,0
1362,0,0.16669714450836182,0
1363,0,0.16669714450836182,0
1364,0,0.16669714450836182,0
1365,0,0.16669714450836182,0
1366,0,0.16669714450836182,0
1367,0,0.16669714450836182,0
1368,0,0.16669714450836182,0
1369,0,0.16669714450836182,0
1370,0,0.16669714450836182,0
1371,0,0.16669714450836182,0
1372,0,0.16669714450836182,0
1373,0,0.16669714450836182,0
1374,0,0.16669714450836182,0
1375,0,0.16669714450836182,0
1376,0,0.16669714450836182,0
1377,0,0.16669714450836182,0
1378,0,0.16669714450836182,0
1379,0,0.16669714450836182,0
1380,0,0.22487898170948029,1
1381,0,0.22487898170948029,0
1382,0,0.22487898170948029,0
1383,0,0.22487898170948029,0
1384,0,0.22487898170948029,0
1385,0,0.22487898170948029,0
1386,0,0.22487898170948029,0
1387,0,0.22487898170948029,0
1388,0,0.22487898170948029,0
1389,0,0.22487898170948029,0
1390,0,0.22487898170948029,0
1391,0,0.3866228759288788,1
1392,0,0.3866228759288788,0
1393,0,0.3866228759288788,0
1394,0,0.3866228759288788,0
1395,0,0.3866228759288788,0
1396,0,0.3866228759288788,0
1397,0,0.3866228759288788,0
1398,0,0.3866228759288788,0
1399,0,0.3866228759288788,0
1400,0,0.3866228759288788,0
1401,0,0.3866228759288788,0
1402,0,0.3866228759288788,0
1403,0,0.3866228759288788,0
1404,0,0.13502001762390137,1
1405,0,0.13502001762390137,0
1406,0,0.13502001762390137,0
1407,0,0.13502001762390137,0
1408,0,0.13502001762390137,0
1409,0,0.13502001762390137,0
1410,0,0.21510455012321472,1
1411,0,0.21510455012321472,0
1412,0,0.21510455012321472,0
1413,0,0.21510455012321472,0
1414,0,0.21510455012321472,0
1415,0,0.21510455012321472,0
1416,0,0.18568088114261627,1
1417,0,0.18568088114261627,0
1418,0,0.18568088114261627,0
1419,0,0.18568088114261627,0
1420,0,0.18568088114261627,0
1421,0,0.18568088114261627,0
1422,0,0.18568088114261627,0
1423,0,0.18568088114261627,0
1424,0,0.18568088114261627,0
1425,0,0.18568088114261627,0
1426,0,0.18568088114261627,0
1427,0,0.18568088114261627,0
1428,0,0.14401228725910187,1
1429,0,0.14401228725910187,0
1430,0,0.14401228725910187,0
1431,0,0.14401228725910187,0
1432,0,0.14401228725910187,0
1433,0,0.14401228725910187,0
1434,0,0.14401228725910187,0
1435,0,0.14401228725910187,0
1436,0,0.14401228725910187,0
1437,0,0.14401228725910187,0
1438,0,0.14401228725910187,0
1439,0,0.14401228725910187,0
1440,0,0.32689040899276733,1
1441,0,0.32689040899276733,0
1442,0,0.32689040899276733,0
1443,0,0.32689040899276733,0
1444,0,0.32689040899276733,0
1445,0,0.32689040899276733,0
1446,0,0.32689040899276733,0
1447,0,0.32689040899276733,0
1448,0,0.32689040899276733,0
1449,0,0.32689040899276733,0
1450,0,0.32689040899276733,0
1451,0,0.32689040899276733,0
1452,0,0.3271198272705078,1
1453,0,0.3271198272705078,0
1454,0,0.3271198272705078,0
1455,0,0.3271198272705078,0
1456,0,0.3271198272705078,0
1457,0,0.3271198272705078,0
1458,0,0.3271198272705078,0
1459,0,0.3271198272705078,0
1460,0,0.3271198272705078,0
1461,0,0.3271198272705078,0
1462,0,0.3271198272705078,0
1463,0,0.3271198272705078,0
1464,0,0.13004711270332336,1
1465,0,0.13004711270332336,0
1466,0,0.13004711270332336,0
1467,0,0.13004711270332336,0
1468,0,0.13004711270332336,0
1469,0,0.13004711270332336,0
1470,0,0.21118342876434326,1
1471,0,0.21118342876434326,0
1472,0,0.21118342876434326,0
1473,0,0.21118342876434326,0
1474,0,0.21118342876434326,0
1475,0,0.21118342876434326,0
1476,0,0.16892604529857635,1
1477,0,0.16892604529857635,0
1478,0,0.16892604529857635,0
1479,0,0.16892604529857635,0
1480,0,0.16892604529857635,0
1481,0,0.16892604529857635,0
1482,0,0.16892604529857635,0
1483,0,0.16892604529857635,0
1484,0,0.16892604529857635,0
1485,0,0.16892604529857635,0
1486,0,0.16892604529857635,0
1487,0,0.16892604529857635,0
1488,0,0.17863911390304565,1
1489,0,0.17863911390304565,0
1490,0,0.17863911390304565,0
1491,0,0.17863911390304565,0
1492,0,0.17863911390304565,0
1493,0,0.17863911390304565,0
1494,0,0.17863911390304565,0
1495,0,0.17863911390304565,0
1496,0,0.17863911390304565,0
1497,0,0.17863911390304565,0
1498,0,0.17863911390304565,0
1499,0,0.17863911390304565,0
1500,0,0.289029061794281,1
1501,0,0.289029061794281,0
1502,0,0.289029061794281,0
1503,0,0.289029061794281,0
1504,0,0.289029061794281,0
1505,0,0.289029061794281,0
1506,0,0.289029061794281,0
1507,0,0.289029061794281,0
1508,0,0.289029061794281,0
1509,0,0.289029061794281,0
1510,0,0.289029061794281,0
1511,0,0.289029061794281,0
1512,0,0.3293803334236145,1
1513,0,0.3293803334236145,0
1514,0,0.3293803334236145,0
1515,0,0.3293803334236145,0
1516,0,0.3293803334236145,0
1517,0,0.3293803334236145,0
1518,0,0.3293803334236145,0
1519,0,0.3293803334236145,0
1520,0,0.3293803334236145,0
1521,0,0.3293803334236145,0
1522,0,0.3293803334236145,0
1523,0,0.3293803334236145,0
1524,0,0.11827149242162704,1
1525,0,0.11827149242162704,0
1526,0,0.11827149242162704,0
1527,0,0.11827149242162704,0
1528,0,0.11827149242162704,0
1529,0,0.11827149242162704,0
1530,0,0.20890308916568756,1
1531,0,0.20890308916568756,0
1532,0,0.20890308916568756,0
1533,0,0.20890308916568756,0
1534,0,0.20890308916568756,0
1535,0,0.20890308916568756,0
1536,0,0.21732982993125916,1
1537,0,0.21732982993125916,0
1538,0,0.21732982993125916,0
1539,0,0.21732982993125916,0
1540,0,0.21732982993125916,0
1541,0,0.21732982993125916,0
1542,0,0.21732982993125916,0
1543,0,0.21732982993125916,0
1544,0,0.21732982993125916,0
1545,0,0.21732982993125916,0
1546,0,0.21732982993125916,0
1547,0,0.21732982993125916,0
1548,0,0.12677115201950073,1
1549,0,0.12677115201950073,0
1550,0,0.12677115201950073,0
1551,0,0.12677115201950073,0
1552,0,0.12677115201950073,0
1553,0,0.12677115201950073,0
1554,0,0.12677115201950073,0
1555,0,0.12677115201950073,0
1556,0,0.12677115201950073,0
1557,0,0.12677115201950073,0
1558,0,0.12677115201950073,0
1559,0,0.12677115201950073,0
1560,0,0.28701090812683105,1
1561,0,0.28701090812683105,0
1562,0,0.28701090812683105,0
1563,0,0.28701090812683105,0
1564,0,0.28701090812683105,0
1565,0,0.28701090812683105,0
1566,0,0.28701090812683105,0
1567,0,0.28701090812683105,0
1568,0,0.28701090812683105,0
1569,0,0.28701090812683105,0
1570,0,0.28701090812683105,0
1571,0,0.28701090812683105,0
1572,0,0.3326694369316101,1
1573,0,0.3326694369316101,0
1574,0,0.3326694369316101,0
1575,0,0.3326694369316101,0
1576,0,0.3326694369316101,0
1577,0,0.3326694369316101,0
1578,0,0.3326694369316101,0
1579,0,0.3326694369316101,0
1580,0,0.3326694369316101,0
1581,0,0.8685856461524963,1
1582,0,0.8685856461524963,0
1583,0,0.8685856461524963,0
1584,0,0.14225582778453827,1
1585,0,0.14225582778453827,0
1586,0,0.14225582778453827,0
1587,0,0.14225582778453827,0
1588,0,0.14225582778453827,0
1589,0,0.14225582778453827,0
1590,0,0.20202524960041046,1
1591,0,0.20202524960041046,0
1592,0,0.20202524960041046,0
1593,0,0.20202524960041046,0
1594,0,0.20202524960041046,0
1595,0,0.20202524960041046,0
1596,0,0.16414812207221985,1
1597,0,0.16414812207221985,0
1598,0,0.16414812207221985,0
1599,0,0.16414812207221985,0
1600,0,0.16414812207221985,0
1601,0,0.16414812207221985,0
1602,0,0.16414812207221985,0
1603,0,0.16414812207221985,0
1604,0,0.16414812207221985,0
1605,0,0.16414812207221985,0
1606,0,0.16414812207221985,0
1607,0,0.16414812207221985,0
1608,0,0.16414812207221985,0
1609,0,0.16414812207221985,0
1610,0,0.16414812207221985,0
1611,0,0.16414812207221985,0
1612,0,0.16414812207221985,0
1613,0,0.16414812207221985,0
1614,0,0.16414812207221985,0
1615,0,0.16414812207221985,0
1616,0,0.16414812207221985,0
1617,0,0.16414812207221985,0
1618,0,0.16414812207221985,0
1619,0,0.16414812207221985,0
1620,0,0.3026137351989746,1
1621,0,0.3026137351989746,0
1622,0,0.3026137351989746,0
1623,0,0.3026137351989746,0
1624,0,0.3026137351989746,0
1625,0,0.3026137351989746,0
1626,0,0.3026137351989746,0
1627,0,0.3026137351989746,0
1628,0,0.3026137351989746,0
1629,0,0.3026137351989746,0
1630,0,0.3026137351989746,0
1631,0,0.3026137351989746,0
1632,0,0.34986162185668945,1
1633,0,0.34986162185668945,0
1634,0,0.34986162185668945,0
1635,0,0.34986162185668945,0
1636,0,0.34986162185668945,0
1637,0,0.34986162185668945,0
1638,0,0.34986162185668945,0
1639,0,0.34986162185668945,0
1640,0,0.34986162185668945,0
1641,0,0.34986162185668945,0
1642,0,0.34986162185668945,0
1643,0,0.34986162185668945,0
1644,0,0.12854662537574768,1
1645,0,0.12854662537574768,0
1646,0,0.12854662537574768,0
1647,0,0.12854662537574768,0
1648,0,0.12854662537574768,0
1649,0,0.12854662537574768,0
1650,0,0.22103038430213928,1
1651,0,0.22103038430213928,0
1652,0,0.22103038430213928,0
1653,0,0.22103038430213928,0
1654,0,0.22103038430213928,0
1655,0,0.22103038430213928,0
1656,0,0.17655998468399048,1
1657,0,0.17655998468399048,0
1658,0,0.17655998468399048,0
1659,0,0.17655998468399048,0
1660,0,0.17655998468399048,0
1661,0,0.17655998468399048,0
1662,0,0.17655998468399048,0
1663,0,0.17655998468399048,0
1664,0,0.17655998468399048,0
1665,0,0.17655998468399048,0
1666,0,0.17655998468399048,0
1667,0,0.17655998468399048,0
1668,0,0.1279977262020111,1
1669,0,0.1279977262020111,0
1670,0,0.1279977262020111,0
1671,0,0.1279977262020111,0
1672,0,0.1279977262020111,0
1673,0,0.1279977262020111,0
1674,0,0.1279977262020111,0
1675,0,0.1279977262020111,0
1676,0,0.1279977262020111,0
1677,0,0.1279977262020111,0
1678,0,0.1279977262020111,0
1679,0,0.1279977262020111,0
1680,0,0.3313600420951843,1
1681,0,0.3313600420951843,0
1682,0,0.3313600420951843,0
1683,0,0.3313600420951843,0
1684,0,0.3313600420951843,0
1685,0,0.3313600420951843,0
1686,0,0.3313600420951843,0
1687,0,0.3313600420951843,0
1688,0,0.3313600420951843,0
1689,0,0.3313600420951843,0
1690,0,0.3313600420951843,0
1691,0,0.3313600420951843,0
1692,0,0.3315582871437073,1
1693,0,0.3315582871437073,0
1694,0,0.3315582871437073,0
1695,0,0.3315582871437073,0
1696,0,0.3315582871437073,0
1697,0,0.3315582871437073,0
1698,0,0.3315582871437073,0
1699,0,0.3315582871437073,0
1700,0,0.3315582871437073,0
1701,0,0.3315582871437073,0
1702,0,0.3315582871437073,0
1703,0,0.3315582871437073,0
1704,0,0.11128454655408859,1
1705,0,0.11128454655408859,0
1706,0,0.11128454655408859,0
1707,0,0.11128454655408859,0
1708,0,0.11128454655408859,0
1709,0,0.11128454655408859,0
1710,0,0.19675259292125702,1
1711,0,0.19675259292125702,0
1712,0,0.19675259292125702,0
1713,0,0.19675259292125702,0
1714,0,0.19675259292125702,0
1715,0,0.19675259292125702,0
1716,0,0.18047475814819336,1
1717,0,0.18047475814819336,0
1718,0,0.18047475814819336,0
1719,0,0.18047475814819336,0
1720,0,0.18047475814819336,0
1721,0,0.18047475814819336,0
1722,0,0.18047475814819336,0
1723,0,0.18047475814819336,0
1724,0,0.18047475814819336,0
1725,0,0.18047475814819336,0
1726,0,0.18047475814819336,0
1727,0,0.18047475814819336,0
1728,0,0.16410300135612488,1
1729,0,0.16410300135612488,0
1730,0,0.16410300135612488,0
1731,0,0.16410300135612488,0
1732,0,0.16410300135612488,0
1733,0,0.16410300135612488,0
1734,0,0.16410300135612488,0
1735,0,0.16410300135612488,0
1736,0,0.16410300135612488,0
1737,0,0.16410300135612488,0
1738,0,0.16410300135612488,0
1739,0,0.16410300135612488,0
1740,0,0.30459970235824585,1
1741,0,0.30459970235824585,0
1742,0,0.30459970235824585,0
1743,0,0.30459970235824585,0
1744,0,0.30459970235824585,0
1745,0,0.30459970235824585,0
1746,0,0.30459970235824585,0
1747,0,0.30459970235824585,0
1748,0,0.30459970235824585,0
1749,0,0.30459970235824585,0
1750,0,0.30459970235824585,0
1751,0,0.30459970235824585,0
1752,0,0.33397409319877625,1
1753,0,0.33397409319877625,0
1754,0,0.33397409319877625,0
1755,0,0.33397409319877625,0
1756,0,0.33397409319877625,0
1757,0,0.33397409319877625,0
1758,0,0.33397409319877625,0
1759,0,0.33397409319877625,0
1760,0,0.33397409319877625,0
1761,0,0.33397409319877625,0
1762,0,0.33397409319877625,0
1763,0,0.33397409319877625,0
1764,0,0.12379442155361176,1
1765,0,0.12379442155361176,0
1766,0,0.12379442155361176,0
1767,0,0.12379442155361176,0
1768,0,0.12379442155361176,0
1769,0,0.12379442155361176,0
1770,0,0.20805592834949493,1
1771,0,0.20805592834949493,0
1772,0,0.20805592834949493,0
1773,0,0.20805592834949493,0
1774,0,0.20805592834949493,0
1775,0,0.20805592834949493,0
1776,0,0.21873384714126587,1
1777,0,0.21873384714126587,0
1778,0,0.21873384714126587,0
1779,0,0.21873384714126587,0
1780,0,0.21873384714126587,0
1781,0,0.21873384714126587,0
1782,0,0.21873384714126587,0
1783,0,0.21873384714126587,0
1784,0,0.21873384714126587,0
1785,0,0.21873384714126587,0
1786,0,0.21873384714126587,0
1787,0,0.21873384714126587,0
1788,0,0.13205713033676147,1
1789,0,0.13205713033676147,0
1790,0,0.13205713033676147,0
1791,0,0.13205713033676147,0
1792,0,0.13205713033676147,0
1793,0,0.13205713033676147,0
1794,0,0.13205713033676147,0
1795,0,0.13205713033676147,0
1796,0,0.13205713033676147,0
1797,0,0.13205713033676147,0
1798,0,0.13205713033676147,0
1799,0,0.13205713033676147,0
1800,0,0.288573682308197,1
1801,0,0.288573682308197,0
1802,0,0.288573682308197,0
1803,0,0.288573682308197,0
1804,0,0.288573682308197,0
1805,0,0.288573682308197,0
1806,0,0.288573682308197,0
1807,0,0.288573682308197,0
1808,0,0.288573682308197,0
1809,0,0.288573682308197,0
1810,0,0.288573682308197,0
1811,0,0.288573682308197,0
1812,0,0.3381894528865814,1
1813,0,0.3381894528865814,0
1814,0,0.3381894528865814,0
1815,0,0.3381894528865814,0
1816,0,0.3381894528865814,0
1817,0,0.3381894528865814,0
1818,0,0.3381894528865814,0
1819,0,0.3381894528865814,0
1820,0,0.3381894528865814,0
1821,0,0.3381894528865814,0
1822,0,0.3381894528865814,0
1823,0,0.3381894528865814,0
1824,0,0.1433679461479187,1
1825,0,0.1433679461479187,0
1826,0,0.1433679461479187,0
1827,0,0.1433679461479187,0
1828,0,0.1433679461479187,0
1829,0,0.1433679461479187,0
1830,0,0.20533430576324463,1
1831,0,0.8651764392852783,1
1832,0,0.8651764392852783,0
1833,0,0.8651764392852783,0
1834,0,0.8651764392852783,0
1835,0,0.8651764392852783,0
1836,0,0.8651764392852783,0
1837,0,0.8651764392852783,0
1838,0,0.8651764392852783,0
1839,0,0.8651764392852783,0
1840,0,0.8651764392852783,0
1841,0,0.8651764392852783,0
1842,0,0.8651764392852783,0
1843,0,0.8651764392852783,0
1844,0,0.8651764392852783,0
1845,0,0.8651764392852783,0
1846,0,0.8651764392852783,0
1847,0,0.8651764392852783,0
1848,0,0.8651764392852783,0
1849,0,0.8651764392852783,0
1850,0,0.8651764392852783,0
1851,0,0.8651764392852783,0
1852,0,0.8651764392852783,0
1853,0,0.8651764392852783,0
1854,0,0.8651764392852783,0
1855,0,0.34923404455184937,1
1856,0,0.34923404455184937,0
1857,0,0.34923404455184937,0
1858,0,0.34923404455184937,0
1859,0,0.34923404455184937,0
1860,0,0.29540199041366577,1
1861,0,0.29540199041366577,0
1862,0,0.29540199041366577,0
1863,0,0.29540199041366577,0
1864,0,0.29540199041366577,0
1865,0,0.29540199041366577,0
1866,0,0.29540199041366577,0
1867,0,0.29540199041366577,0
1868,0,0.29540199041366577,0
1869,0,0.29540199041366577,0
1870,0,0.29540199041366577,0
1871,0,0.29540199041366577,0
1872,0,0.20177921652793884,1
1873,0,0.20177921652793884,0
1874,0,0.20177921652793884,0
1875,0,0.20177921652793884,0
1876,0,0.20177921652793884,0
1877,0,0.20177921652793884,0
1878,0,0.20177921652793884,0
1879,0,0.20177921652793884,0
1880,0,0.20177921652793884,0
1881,0,0.20177921652793884,0
1882,0,0.20177921652793884,0
1883,0,0.20177921652793884,0
1884,0,0.1274663209915161,1
1885,0,0.1274663209915161,0
1886,0,0.1274663209915161,0
1887,0,0.1274663209915161,0
1888,0,0.1274663209915161,0
1889,0,0.1274663209915161,0
1890,0,0.21367767453193665,1
1891,0,0.21367767453193665,0
1892,0,0.21367767453193665,0
1893,0,0.21367767453193665,0
1894,0,0.21367767453193665,0
1895,0,0.21367767453193665,0
1896,0,0.17487870156764984,1
1897,0,0.17487870156764984,0
1898,0,0.17487870156764984,0
1899,0,0.17487870156764984,0
1900,0,0.17487870156764984,0
1901,0,0.17487870156764984,0
1902,0,0.17487870156764984,0
1903,0,0.17487870156764984,0
1904,0,0.17487870156764984,0
1905,0,0.17487870156764984,0
1906,0,0.17487870156764984,0
1907,0,0.17487870156764984,0
1908,0,0.1373572200536728,1
1909,0,0.1373572200536728,0
1910,0,0.1373572200536728,0
1911,0,0.1373572200536728,0
1912,0,0.1373572200536728,0
1913,0,0.1373572200536728,0
1914,0,0.1373572200536728,0
1915,0,0.1373572200536728,0
1916,0,0.29028236865997314,1
1917,0,0.29028236865997314,0
1918,0,0.29028236865997314,0
1919,0,0.29028236865997314,0
1920,0,0.3256669342517853,1
1921,0,0.3256669342517853,0
1922,0,0.3256669342517853,0
1923,0,0.3256669342517853,0
1924,0,0.3256669342517853,0
1925,0,0.3256669342517853,0
1926,0,0.3256669342517853,0
1927,0,0.3256669342517853,0
1928,0,0.3256669342517853,0
1929,0,0.3256669342517853,0
1930,0,0.3256669342517853,0
1931,0,0.3256669342517853,0
1932,0,0.15298840403556824,1
1933,0,0.15298840403556824,0
1934,0,0.15298840403556824,0
1935,0,0.15298840403556824,0
1936,0,0.15298840403556824,0
1937,0,0.15298840403556824,0
1938,0,0.15298840403556824,0
1939,0,0.15298840403556824,0
1940,0,0.15298840403556824,0
1941,0,0.15298840403556824,0
1942,0,0.15298840403556824,0
1943,0,0.15298840403556824,0
1944,0,0.15298840403556824,0
1945,0,0.15298840403556824,0
1946,0,0.15298840403556824,0
1947,0,0.15298840403556824,0
1948,0,0.15298840403556824,0
1949,0,0.15298840403556824,0
1950,0,0.20993928611278534,1
1951,0,0.20993928611278534,0
1952,0,0.20993928611278534,0
1953,0,0.20993928611278534,0
1954,0,0.20993928611278534,0
1955,0,0.20993928611278534,0
1956,0,0.16515517234802246,1
1957,0,0.16515517234802246,0
1958,0,0.16515517234802246,0
1959,0,0.16515517234802246,0
1960,0,0.16515517234802246,0
1961,0,0.16515517234802246,0
1962,0,0.16515517234802246,0
1963,0,0.16515517234802246,0
1964,0,0.16515517234802246,0
1965,0,0.16515517234802246,0
1966,0,0.16515517234802246,0
1967,0,0.16515517234802246,0
1968,0,0.17260873317718506,1
1969,0,0.17260873317718506,0
1970,0,0.17260873317718506,0
1971,0,0.17260873317718506,0
1972,0,0.17260873317718506,0
1973,0,0.17260873317718506,0
1974,0,0.17260873317718506,0
1975,0,0.17260873317718506,0
1976,0,0.2921881377696991,1
1977,0,0.2921881377696991,0
1978,0,0.2921881377696991,0
1979,0,0.2921881377696991,0
1980,0,0.2924693822860718,1
1981,0,0.2924693822860718,0
1982,0,0.2924693822860718,0
1983,0,0.2924693822860718,0
1984,0,0.2924693822860718,0
1985,0,0.2924693822860718,0
1986,0,0.2924693822860718,0
1987,0,0.2924693822860718,0
1988,0,0.2924693822860718,0
1989,0,0.2924693822860718,0
1990,0,0.2924693822860718,0
1991,0,0.2924693822860718,0
1992,0,0.14694920182228088,1
1993,0,0.14694920182228088,0
1994,0,0.14694920182228088,0
1995,0,0.14694920182228088,0
1996,0,0.14694920182228088,0
1997,0,0.14694920182228088,0
1998,0,0.14694920182228088,0
1999,0,0.14694920182228088,0
2000,0,0.14694920182228088,0
2001,0,0.14694920182228088,0
2002,0,0.14694920182228088,0
2003,0,0.14694920182228088,0
2004,0,0.14694920182228088,0
2005,0,0.14694920182228088,0
2006,0,0.14694920182228088,0
2007,0,0.14694920182228088,0
2008,0,0.14694920182228088,0
2009,0,0.14694920182228088,0
2010,0,0.22949549555778503,1
2011,0,0.22949549555778503,0
2012,0,0.22949549555778503,0
2013,0,0.22949549555778503,0
2014,0,0.22949549555778503,0
2015,0,0.22949549555778503,0
2016,0,0.2066696137189865,1
2017,0,0.2066696137189865,0
2018,0,0.2066696137189865,0
2019,0,0.2066696137189865,0
2020,0,0.2066696137189865,0
2021,0,0.2066696137189865,0
2022,0,0.2066696137189865,0
2023,0,0.2066696137189865,0
2024,0,0.2066696137189865,0
2025,0,0.2066696137189865,0
2026,0,0.2066696137189865,0
2027,0,0.2066696137189865,0
2028,0,0.15111860632896423,1
2029,0,0.15111860632896423,0
2030,0,0.15111860632896423,0
2031,0,0.15111860632896423,0
2032,0,0.15111860632896423,0
2033,0,0.15111860632896423,0
2034,0,0.15111860632896423,0
2035,0,0.15111860632896423,0
2036,0,0.30582544207572937,1
2037,0,0.30582544207572937,0
2038,0,0.30582544207572937,0
2039,0,0.30582544207572937,0
2040,0,0.3159729540348053,1
2041,0,0.3159729540348053,0
2042,0,0.3159729540348053,0
2043,0,0.3159729540348053,0
2044,0,0.3159729540348053,0
2045,0,0.3159729540348053,0
2046,0,0.3159729540348053,0
2047,0,0.3159729540348053,0
2048,0,0.3159729540348053,0
2049,0,0.3159729540348053,0
2050,0,0.3159729540348053,0
2051,0,0.3159729540348053,0
2052,0,0.15745341777801514,1
2053,0,0.15745341777801514,0
2054,0,0.15745341777801514,0
2055,0,0.15745341777801514,0
2056,0,0.15745341777801514,0
2057,0,0.15745341777801514,0
2058,0,0.15745341777801514,0
2059,0,0.15745341777801514,0
2060,0,0.15745341777801514,0
2061,0,0.15745341777801514,0
2062,0,0.15745341777801514,0
2063,0,0.15745341777801514,0
2064,0,0.16645032167434692,1
2065,0,0.16645032167434692,0
2066,0,0.16645032167434692,0
2067,0,0.16645032167434692,0
2068,0,0.16645032167434692,0
2069,0,0.16645032167434692,0
2070,0,0.22003138065338135,1
2071,0,0.22003138065338135,0
2072,0,0.22003138065338135,0
2073,0,0.22003138065338135,0
2074,0,0.22003138065338135,0
2075,0,0.22003138065338135,0
2076,0,0.16721129417419434,1
2077,0,0.16721129417419434,0
2078,0,0.16721129417419434,0
2079,0,0.16721129417419434,0
2080,0,0.16721129417419434,0
2081,0,0.8633795976638794,1
2082,0,0.8633795976638794,0
2083,0,0.8633795976638794,0
2084,0,0.8633795976638794,0
2085,0,0.8633795976638794,0
2086,0,0.8633795976638794,0
2087,0,0.8633795976638794,0
2088,0,0.8633795976638794,0
2089,0,0.8633795976638794,0
2090,0,0.8633795976638794,0
2091,0,0.8633795976638794,0
2092,0,0.8633795976638794,0
2093,0,0.8633795976638794,0
2094,0,0.8633795976638794,0
2095,0,0.8633795976638794,0
2096,0,0.3032047748565674,1
2097,0,0.3032047748565674,0
2098,0,0.3032047748565674,0
2099,0,0.3032047748565674,0
2100,0,0.29052600264549255,1
2101,0,0.29052600264549255,0
2102,0,0.29052600264549255,0
2103,0,0.29052600264549255,0
2104,0,0.29052600264549255,0
2105,0,0.29052600264549255,0
2106,0,0.29052600264549255,0
2107,0,0.29052600264549255,0
2108,0,0.29052600264549255,0
2109,0,0.29052600264549255,0
2110,0,0.29052600264549255,0
2111,0,0.29052600264549255,0
2112,0,0.19802924990653992,1
2113,0,0.19802924990653992,0
2114,0,0.19802924990653992,0
2115,0,0.19802924990653992,0
2116,0,0.19802924990653992,0
2117,0,0.19802924990653992,0
2118,0,0.19802924990653992,0
2119,0,0.19802924990653992,0
2120,0,0.19802924990653992,0
2121,0,0.19802924990653992,0
2122,0,0.19802924990653992,0
2123,0,0.19802924990653992,0
2124,0,0.19802924990653992,0
2125,0,0.19802924990653992,0
2126,0,0.19802924990653992,0
2127,0,0.19802924990653992,0
2128,0,0.19802924990653992,0
2129,0,0.19802924990653992,0
2130,0,0.19529609382152557,1
2131,0,0.19529609382152557,0
2132,0,0.19529609382152557,0
2133,0,0.19529609382152557,0
2134,0,0.19529609382152557,0
2135,0,0.19529609382152557,0
2136,0,0.17022155225276947,1
2137,0,0.17022155225276947,0
2138,0,0.17022155225276947,0
2139,0,0.17022155225276947,0
2140,0,0.17022155225276947,0
2141,0,0.17022155225276947,0
2142,0,0.17022155225276947,0
2143,0,0.17022155225276947,0
2144,0,0.17022155225276947,0
2145,0,0.17022155225276947,0
2146,0,0.17022155225276947,0
2147,0,0.17022155225276947,0
2148,0,0.1318410038948059,1
2149,0,0.1318410038948059,0
2150,0,0.1318410038948059,0
2151,0,0.1318410038948059,0
2152,0,0.1318410038948059,0
2153,0,0.1318410038948059,0
2154,0,0.1318410038948059,0
2155,0,0.1318410038948059,0
2156,0,0.29980239272117615,1
2157,0,0.29980239272117615,0
2158,0,0.29980239272117615,0
2159,0,0.29980239272117615,0
2160,0,0.321570485830307,1
2161,0,0.321570485830307,0
2162,0,0.321570485830307,0
2163,0,0.321570485830307,0
2164,0,0.321570485830307,0
2165,0,0.321570485830307,0
2166,0,0.321570485830307,0
2167,0,0.321570485830307,0
2168,0,0.321570485830307,0
2169,0,0.321570485830307,0
2170,0,0.321570485830307,0
2171,0,0.321570485830307,0
2172,0,0.14629268646240234,1
2173,0,0.14629268646240234,0
2174,0,0.14629268646240234,0
2175,0,0.14629268646240234,0
2176,0,0.14629268646240234,0
2177,0,0.14629268646240234,0
2178,0,0.14629268646240234,0
2179,0,0.14629268646240234,0
2180,0,0.14629268646240234,0
2181,0,0.14629268646240234,0
2182,0,0.14629268646240234,0
2183,0,0.14629268646240234,0
2184,0,0.14629268646240234,0
2185,0,0.14629268646240234,0
2186,0,0.14629268646240234,0
2187,0,0.14629268646240234,0
2188,0,0.14629268646240234,0
2189,0,0.14629268646240234,0
2190,0,0.20325981080532074,1
2191,0,0.20325981080532074,0
2192,0,0.20325981080532074,0
2193,0,0.20325981080532074,0
2194,0,0.20325981080532074,0
2195,0,0.20325981080532074,0
2196,0,0.16475507616996765,1
2197,0,0.16475507616996765,0
2198,0,0.16475507616996765,0
2199,0,0.16475507616996765,0
2200,0,0.16475507616996765,0
2201,0,0.16475507616996765,0
2202,0,0.16475507616996765,0
2203,0,0.16475507616996765,0
2204,0,0.16475507616996765,0
2205,0,0.16475507616996765,0
2206,0,0.16475507616996765,0
2207,0,0.16475507616996765,0
2208,0,0.17022909224033356,1
2209,0,0.17022909224033356,0
2210,0,0.17022909224033356,0
2211,0,0.17022909224033356,0
2212,0,0.17022909224033356,0
2213,0,0.17022909224033356,0
2214,0,0.17022909224033356,0
2215,0,0.17022909224033356,0
2216,0,0.3084138035774231,1
2217,0,0.3084138035774231,0
2218,0,0.3084138035774231,0
2219,0,0.3084138035774231,0
2220,0,0.290447473526001,1
2221,0,0.290447473526001,0
2222,0,0.290447473526001,0
2223,0,0.290447473526001,0
2224,0,0.290447473526001,0
2225,0,0.290447473526001,0
2226,0,0.290447473526001,0
2227,0,0.290447473526001,0
2228,0,0.290447473526001,0
2229,0,0.290447473526001,0
2230,0,0.290447473526001,0
2231,0,0.290447473526001,0
2232,0,0.1588599979877472,1
2233,0,0.1588599979877472,0
2234,0,0.1588599979877472,0
2235,0,0.1588599979877472,0
2236,0,0.1588599979877472,0
2237,0,0.1588599979877472,0
2238,0,0.1588599979877472,0
2239,0,0.1588599979877472,0
2240,0,0.1588599979877472,0
2241,0,0.1588599979877472,0
2242,0,0.1588599979877472,0
2243,0,0.1588599979877472,0
2244,0,0.1356465220451355,1
2245,0,0.1356465220451355,0
2246,0,0.1356465220451355,0
2247,0,0.1356465220451355,0
2248,0,0.1356465220451355,0
2249,0,0.1356465220451355,0
2250,1,0.21756288409233093,1
2251,1,0.21756288409233093,0
2252,1,0.21756288409233093,0
2253,1,0.21756288409233093,0
2254,1,0.21756288409233093,0
2255,1,0.21756288409233093,0
2256,1,0.23015610873699188,1
2257,1,0.23015610873699188,0
2258,1,0.23015610873699188,0
2259,1,0.23015610873699188,0
2260,1,0.23015610873699188,0
2261,1,0.23015610873699188,0
2262,1,0.23015610873699188,0
2263,1,0.23015610873699188,0
2264,1,0.23015610873699188,0
2265,1,0.23015610873699188,0
2266,1,0.23015610873699188,0
2267,1,0.23015610873699188,0
2268,1,0.1427728831768036,1
2269,1,0.1427728831768036,0
2270,1,0.1427728831768036,0
2271,1,0.1427728831768036,0
2272,1,0.1427728831768036,0
2273,1,0.1427728831768036,0
2274,1,0.1427728831768036,0
2275,1,0.1427728831768036,0
2276,1,0.31201088428497314,1
2277,1,0.31201088428497314,0
2278,1,0.31201088428497314,0
2279,1,0.31201088428497314,0
2280,1,0.30217164754867554,1
2281,1,0.30217164754867554,0
2282,1,0.30217164754867554,0
2283,1,0.30217164754867554,0
2284,1,0.30217164754867554,0
2285,1,0.30217164754867554,0
2286,1,0.30217164754867554,0
2287,1,0.30217164754867554,0
2288,1,0.30217164754867554,0
2289,1,0.30217164754867554,0
2290,1,0.30217164754867554,0
2291,1,0.30217164754867554,0
2292,1,0.13854461908340454,1
2293,1,0.13854461908340454,0
2294,1,0.13854461908340454,0
2295,1,0.13854461908340454,0
2296,1,0.13854461908340454,0
2297,1,0.13854461908340454,0
2298,1,0.13854461908340454,0
2299,1,0.13854461908340454,0
2300,1,0.13854461908340454,0
2301,1,0.13854461908340454,0
2302,1,0.13854461908340454,0
2303,1,0.13854461908340454,0
2304,1,0.13854461908340454,0
2305,1,0.13854461908340454,0
2306,1,0.13854461908340454,0
2307,1,0.13854461908340454,0
2308,1,0.13854461908340454,0
2309,1,0.13854461908340454,0
2310,1,0.13055846095085144,1
2311,1,0.13055846095085144,0
2312,1,0.13055846095085144,0
2313,1,0.13055846095085144,0
2314,1,0.13055846095085144,0
2315,1,0.13055846095085144,0
2316,1,0.13055846095085144,0
2317,1,0.13055846095085144,0
2318,1,0.13055846095085144,0
2319,1,0.40062564611434937,1
2320,1,0.40062564611434937,0
2321,1,0.40062564611434937,0
2322,1,0.40062564611434937,0
2323,1,0.40062564611434937,0
2324,1,0.40062564611434937,0
2325,1,0.40062564611434937,0
2326,1,0.40062564611434937,0
2327,1,0.40062564611434937,0
2328,1,0.17098423838615417,1
2329,1,0.17098423838615417,0
2330,1,0.17098423838615417,0
2331,1,0.8804464340209961,1
2332,1,0.8804464340209961,0
2333,1,0.8804464340209961,0
2334,1,0.8804464340209961,0
2335,1,0.8804464340209961,0
2336,1,0.8804464340209961,0
2337,1,0.8804464340209961,0
2338,1,0.8804464340209961,0
2339,1,0.8804464340209961,0
2340,1,0.3196166753768921,1
2341,1,0.3196166753768921,0
2342,1,0.3196166753768921,0
2343,1,0.3196166753768921,0
2344,1,0.3196166753768921,0
2345,1,0.3196166753768921,0
2346,1,0.3196166753768921,0
2347,1,0.3196166753768921,0
2348,1,0.3196166753768921,0
2349,1,0.3196166753768921,0
2350,1,0.3196166753768921,0
2351,1,0.3196166753768921,0
2352,1,0.21895670890808105,1
2353,1,0.21895670890808105,0
2354,1,0.21895670890808105,0
2355,1,0.21895670890808105,0
2356,1,0.21895670890808105,0
2357,1,0.21895670890808105,0
2358,1,0.21895670890808105,0
2359,1,0.21895670890808105,0
2360,1,0.21895670890808105,0
2361,1,0.21895670890808105,0
2362,1,0.21895670890808105,0
2363,1,0.21895670890808105,0
2364,1,0.17290925979614258,1
2365,1,0.17290925979614258,0
2366,1,0.17290925979614258,0
2367,1,0.17290925979614258,0
2368,1,0.17290925979614258,0
2369,1,0.17290925979614258,0
2370,1,0.24841782450675964,1
2371,1,0.24841782450675964,0
2372,1,0.24841782450675964,0
2373,1,0.24841782450675964,0
2374,1,0.24841782450675964,0
2375,1,0.24841782450675964,0
2376,1,0.18926677107810974,1
2377,1,0.18926677107810974,0
2378,1,0.18926677107810974,0
2379,1,0.18926677107810974,0
2380,1,0.31177473068237305,1
2381,1,0.31177473068237305,0
2382,1,0.31177473068237305,0
2383,1,0.31177473068237305,0
2384,1,0.31177473068237305,0
2385,1,0.31177473068237305,0
2386,1,0.31177473068237305,0
2387,1,0.31177473068237305,0
2388,1,0.15819400548934937,1
2389,1,0.15819400548934937,0
2390,1,0.15819400548934937,0
2391,1,0.15819400548934937,0
2392,1,0.15819400548934937,0
2393,1,0.15819400548934937,0
2394,1,0.15819400548934937,0
2395,1,0.15819400548934937,0
2396,1,0.15819400548934937,0
2397,1,0.15819400548934937,0
2398,1,0.15819400548934937,0
2399,1,0.15819400548934937,0
2400,1,0.36018410325050354,1
2401,1,0.36018410325050354,0
2402,1,0.36018410325050354,0
2403,1,0.36018410325050354,0
2404,1,0.36018410325050354,0
2405,1,0.36018410325050354,0
2406,1,0.36018410325050354,0
2407,1,0.36018410325050354,0
2408,1,0.36018410325050354,0
2409,1,0.36018410325050354,0
2410,1,0.36018410325050354,0
2411,1,0.36018410325050354,0
2412,1,0.17157450318336487,1
2413,1,0.17157450318336487,0
2414,1,0.17157450318336487,0
2415,1,0.17157450318336487,0
2416,1,0.17157450318336487,0
2417,1,0.17157450318336487,0
2418,1,0.17157450318336487,0
2419,1,0.17157450318336487,0
2420,1,0.17157450318336487,0
2421,1,0.17157450318336487,0
2422,1,0.17157450318336487,0
2423,1,0.17157450318336487,0
2424,1,0.17157450318336487,0
2425,1,0.17157450318336487,0
2426,1,0.17157450318336487,0
2427,1,0.17157450318336487,0
2428,1,0.17157450318336487,0
2429,1,0.17157450318336487,0
2430,1,0.23004528880119324,1
2431,1,0.23004528880119324,0
2432,1,0.23004528880119324,0
2433,1,0.23004528880119324,0
2434,1,0.23004528880119324,0
2435,1,0.23004528880119324,0
2436,1,0.19295984506607056,1
2437,1,0.19295984506607056,0
2438,1,0.19295984506607056,0
2439,1,0.19295984506607056,0
2440,1,0.3028428554534912,1
2441,1,0.3028428554534912,0
2442,1,0.3028428554534912,0
2443,1,0.3028428554534912,0
2444,1,0.3028428554534912,0
2445,1,0.3028428554534912,0
2446,1,0.3028428554534912,0
2447,1,0.3028428554534912,0
2448,1,0.17796097695827484,1
2449,1,0.17796097695827484,0
2450,1,0.17796097695827484,0
2451,1,0.17796097695827484,0
2452,1,0.17796097695827484,0
2453,1,0.17796097695827484,0
2454,1,0.17796097695827484,0
2455,1,0.17796097695827484,0
2456,1,0.17796097695827484,0
2457,1,0.17796097695827484,0
2458,1,0.17796097695827484,0
2459,1,0.17796097695827484,0
2460,1,0.305408239364624,1
2461,1,0.305408239364624,0
2462,1,0.305408239364624,0
2463,1,0.305408239364624,0
2464,1,0.305408239364624,0
2465,1,0.305408239364624,0
2466,1,0.305408239364624,0
2467,1,0.305408239364624,0
2468,1,0.305408239364624,0
2469,1,0.305408239364624,0
2470,1,0.305408239364624,0
2471,1,0.305408239364624,0
2472,1,0.15221334993839264,1
2473,1,0.15221334993839264,0
2474,1,0.15221334993839264,0
2475,1,0.15221334993839264,0
2476,1,0.15221334993839264,0
2477,1,0.15221334993839264,0
2478,1,0.15221334993839264,0
2479,1,0.15221334993839264,0
2480,1,0.15221334993839264,0
2481,1,0.15221334993839264,0
2482,1,0.15221334993839264,0
2483,1,0.15221334993839264,0
2484,1,0.15221334993839264,0
2485,1,0.15221334993839264,0
2486,1,0.15221334993839264,0
2487,1,0.15221334993839264,0
2488,1,0.15221334993839264,0
2489,1,0.15221334993839264,0
2490,1,0.21993829309940338,1
2491,1,0.21993829309940338,0
2492,1,0.21993829309940338,0
2493,1,0.21993829309940338,0
2494,1,0.21993829309940338,0
2495,1,0.21993829309940338,0
2496,1,0.23753546178340912,1
2497,1,0.23753546178340912,0
2498,1,0.23753546178340912,0
2499,1,0.23753546178340912,0
2500,1,0.3055758476257324,1
2501,1,0.3055758476257324,0
2502,1,0.3055758476257324,0
2503,1,0.3055758476257324,0
2504,1,0.3055758476257324,0
2505,1,0.3055758476257324,0
2506,1,0.3055758476257324,0
2507,1,0.3055758476257324,0
2508,1,0.3055758476257324,0
2509,1,0.3055758476257324,0
2510,1,0.3055758476257324,0
2511,1,0.3055758476257324,0
2512,1,0.3055758476257324,0
2513,1,0.3055758476257324,0
2514,1,0.3055758476257324,0
2515,1,0.3055758476257324,0
2516,1,0.3055758476257324,0
2517,1,0.3055758476257324,0
2518,1,0.3055758476257324,0
2519,1,0.3055758476257324,0
2520,1,0.30129602551460266,1
2521,1,0.30129602551460266,0
2522,1,0.30129602551460266,0
2523,1,0.30129602551460266,0
2524,1,0.30129602551460266,0
2525,1,0.30129602551460266,0
2526,1,0.30129602551460266,0
2527,1,0.30129602551460266,0
2528,1,0.30129602551460266,0
2529,1,0.30129602551460266,0
2530,1,0.30129602551460266,0
2531,1,0.30129602551460266,0
2532,1,0.1514970362186432,1
2533,1,0.1514970362186432,0
2534,1,0.1514970362186432,0
2535,1,0.1514970362186432,0
2536,1,0.1514970362186432,0
2537,1,0.1514970362186432,0
2538,1,0.1514970362186432,0
2539,1,0.1514970362186432,0
2540,1,0.1514970362186432,0
2541,1,0.1514970362186432,0
2542,1,0.1514970362186432,0
2543,1,0.1514970362186432,0
2544,1,0.17514824867248535,1
2545,1,0.17514824867248535,0
2546,1,0.17514824867248535,0
2547,1,0.17514824867248535,0
2548,1,0.17514824867248535,0
2549,1,0.17514824867248535,0
2550,1,0.22020208835601807,1
2551,1,0.22020208835601807,0
2552,1,0.22020208835601807,0
2553,1,0.22020208835601807,0
2554,1,0.22020208835601807,0
2555,1,0.22020208835601807,0
2556,1,0.18364347517490387,1
2557,1,0.18364347517490387,0
2558,1,0.18364347517490387,0
2559,1,0.18364347517490387,0
2560,1,0.32000255584716797,1
2561,1,0.32000255584716797,0
2562,1,0.32000255584716797,0
2563,1,0.32000255584716797,0
2564,1,0.32000255584716797,0
2565,1,0.32000255584716797,0
2566,1,0.32000255584716797,0
2567,1,0.32000255584716797,0
2568,1,0.32000255584716797,0
2569,1,0.32000255584716797,0
2570,1,0.32000255584716797,0
2571,1,0.32000255584716797,0
2572,1,0.32000255584716797,0
2573,1,0.32000255584716797,0
2574,1,0.32000255584716797,0
2575,1,0.32000255584716797,0
2576,1,0.32000255584716797,0
2577,1,0.32000255584716797,0
2578,1,0.32000255584716797,0
2579,1,0.32000255584716797,0
2580,1,0.32243698835372925,1
2581,1,0.8885310888290405,1
2582,1,0.8885310888290405,0
2583,1,0.8885310888290405,0
2584,1,0.8885310888290405,0
2585,1,0.8885310888290405,0
2586,1,0.8885310888290405,0
2587,1,0.8885310888290405,0
2588,1,0.8885310888290405,0
2589,1,0.8885310888290405,0
2590,1,0.8885310888290405,0
2591,1,0.8885310888290405,0
2592,1,0.20906862616539001,1
2593,1,0.20906862616539001,0
2594,1,0.20906862616539001,0
2595,1,0.20906862616539001,0
2596,1,0.20906862616539001,0
2597,1,0.20906862616539001,0
2598,1,0.20906862616539001,0
2599,1,0.20906862616539001,0
2600,1,0.20906862616539001,0
2601,1,0.20906862616539001,0
2602,1,0.20906862616539001,0
2603,1,0.20906862616539001,0
2604,1,0.15291815996170044,1
2605,1,0.15291815996170044,0
2606,1,0.15291815996170044,0
2607,1,0.15291815996170044,0
2608,1,0.15291815996170044,0
2609,1,0.15291815996170044,0
2610,1,0.25429433584213257,1
2611,1,0.25429433584213257,0
2612,1,0.25429433584213257,0
2613,1,0.25429433584213257,0
2614,1,0.25429433584213257,0
2615,1,0.25429433584213257,0
2616,1,0.2107236385345459,1
2617,1,0.2107236385345459,0
2618,1,0.2107236385345459,0
2619,1,0.2107236385345459,0
2620,1,0.30703020095825195,1
2621,1,0.30703020095825195,0
2622,1,0.30703020095825195,0
2623,1,0.30703020095825195,0
2624,1,0.30703020095825195,0
2625,1,0.30703020095825195,0
2626,1,0.30703020095825195,0
2627,1,0.30703020095825195,0
2628,1,0.15681952238082886,1
2629,1,0.15681952238082886,0
2630,1,0.15681952238082886,0
2631,1,0.15681952238082886,0
2632,1,0.15681952238082886,0
2633,1,0.15681952238082886,0
2634,1,0.15681952238082886,0
2635,1,0.15681952238082886,0
2636,1,0.15681952238082886,0
2637,1,0.15681952238082886,0
2638,1,0.15681952238082886,0
2639,1,0.15681952238082886,0
2640,1,0.3808281719684601,1
2641,1,0.3808281719684601,0
2642,1,0.3808281719684601,0
2643,1,0.3808281719684601,0
2644,1,0.3808281719684601,0
2645,1,0.3808281719684601,0
2646,1,0.3808281719684601,0
2647,1,0.3808281719684601,0
2648,1,0.3808281719684601,0
2649,1,0.3808281719684601,0
2650,1,0.3808281719684601,0
2651,1,0.3808281719684601,0
2652,1,0.16101792454719543,1
2653,1,0.16101792454719543,0
2654,1,0.16101792454719543,0
2655,1,0.16101792454719543,0
2656,1,0.16101792454719543,0
2657,1,0.16101792454719543,0
2658,1,0.16101792454719543,0
2659,1,0.16101792454719543,0
2660,1,0.16101792454719543,0
2661,1,0.16101792454719543,0
2662,1,0.16101792454719543,0
2663,1,0.16101792454719543,0
2664,1,0.16101792454719543,0
2665,1,0.16101792454719543,0
2666,1,0.16101792454719543,0
2667,1,0.16101792454719543,0
2668,1,0.16101792454719543,0
2669,1,0.16101792454719543,0
2670,1,0.22262907028198242,1
2671,1,0.22262907028198242,0
2672,1,0.22262907028198242,0
2673,1,0.22262907028198242,0
2674,1,0.22262907028198242,0
2675,1,0.22262907028198242,0
2676,1,0.19146831333637238,1
2677,1,0.19146831333637238,0
2678,1,0.19146831333637238,0
2679,1,0.19146831333637238,0
2680,1,0.3069854974746704,1
2681,1,0.3069854974746704,0
2682,1,0.3069854974746704,0
2683,1,0.3069854974746704,0
2684,1,0.3069854974746704,0
2685,1,0.3069854974746704,0
2686,1,0.3069854974746704,0
2687,1,0.3069854974746704,0
2688,1,0.18811213970184326,1
2689,1,0.18811213970184326,0
2690,1,0.18811213970184326,0
2691,1,0.18811213970184326,0
2692,1,0.18811213970184326,0
2693,1,0.18811213970184326,0
2694,1,0.18811213970184326,0
2695,1,0.18811213970184326,0
2696,1,0.18811213970184326,0
2697,1,0.18811213970184326,0
2698,1,0.18811213970184326,0
2699,1,0.18811213970184326,0
2700,1,0.2972119152545929,1
2701,1,0.2972119152545929,0
2702,1,0.2972119152545929,0
2703,1,0.2972119152545929,0
2704,1,0.2972119152545929,0
2705,1,0.2972119152545929,0
2706,1,0.2972119152545929,0
2707,1,0.2972119152545929,0
2708,1,0.2972119152545929,0
2709,1,0.2972119152545929,0
2710,1,0.2972119152545929,0
2711,1,0.2972119152545929,0
2712,1,0.14477132260799408,1
2713,1,0.14477132260799408,0
2714,1,0.14477132260799408,0
2715,1,0.14477132260799408,0
2716,1,0.14477132260799408,0
2717,1,0.14477132260799408,0
2718,1,0.14477132260799408,0
2719,1,0.14477132260799408,0
2720,1,0.14477132260799408,0
2721,1,0.14477132260799408,0
2722,1,0.14477132260799408,0
2723,1,0.14477132260799408,0
2724,1,0.14477132260799408,0
2725,1,0.14477132260799408,0
2726,1,0.14477132260799408,0
2727,1,0.14477132260799408,0
2728,1,0.14477132260799408,0
2729,1,0.14477132260799408,0
2730,1,0.249907448887825,1
2731,1,0.249907448887825,0
2732,1,0.249907448887825,0
2733,1,0.249907448887825,0
2734,1,0.249907448887825,0
2735,1,0.249907448887825,0
2736,1,0.2317633032798767,1
2737,1,0.2317633032798767,0
2738,1,0.2317633032798767,0
2739,1,0.2317633032798767,0
2740,1,0.30604177713394165,1
2741,1,0.30604177713394165,0
2742,1,0.30604177713394165,0
2743,1,0.30604177713394165,0
2744,1,0.30604177713394165,0
2745,1,0.30604177713394165,0
2746,1,0.30604177713394165,0
2747,1,0.30604177713394165,0
2748,1,0.20862191915512085,1
2749,1,0.20862191915512085,0
2750,1,0.20862191915512085,0
2751,1,0.20862191915512085,0
2752,1,0.20862191915512085,0
2753,1,0.20862191915512085,0
2754,1,0.20862191915512085,0
2755,1,0.20862191915512085,0
2756,1,0.20862191915512085,0
2757,1,0.20862191915512085,0
2758,1,0.20862191915512085,0
2759,1,0.20862191915512085,0
2760,1,0.31762275099754333,1
2761,1,0.31762275099754333,0
2762,1,0.31762275099754333,0
2763,1,0.31762275099754333,0
2764,1,0.31762275099754333,0
2765,1,0.31762275099754333,0
2766,1,0.31762275099754333,0
2767,1,0.31762275099754333,0
2768,1,0.31762275099754333,0
2769,1,0.31762275099754333,0
2770,1,0.31762275099754333,0
2771,1,0.31762275099754333,0
2772,1,0.31762275099754333,0
2773,1,0.31762275099754333,0
2774,1,0.31762275099754333,0
2775,1,0.31762275099754333,0
2776,1,0.31762275099754333,0
2777,1,0.31762275099754333,0
2778,1,0.31762275099754333,0
2779,1,0.31762275099754333,0
2780,1,0.31762275099754333,0
2781,1,0.31762275099754333,0
2782,1,0.31762275099754333,0
2783,1,0.38761013746261597,1
2784,1,0.38761013746261597,0
2785,1,0.38761013746261597,0
2786,1,0.38761013746261597,0
2787,1,0.38761013746261597,0
2788,1,0.38761013746261597,0
2789,1,0.38761013746261597,0
2790,1,0.26228272914886475,1
2791,1,0.26228272914886475,0
2792,1,0.26228272914886475,0
2793,1,0.26228272914886475,0
2794,1,0.26228272914886475,0
2795,1,0.26228272914886475,0
2796,1,0.20424863696098328,1
2797,1,0.20424863696098328,0
2798,1,0.20424863696098328,0
2799,1,0.20424863696098328,0
2800,1,0.20424863696098328,0
2801,1,0.20424863696098328,0
2802,1,0.20424863696098328,0
2803,1,0.20424863696098328,0
2804,1,0.20424863696098328,0
2805,1,0.20424863696098328,0
2806,1,0.20424863696098328,0
2807,1,0.20424863696098328,0
2808,1,0.16732458770275116,1
2809,1,0.16732458770275116,0
2810,1,0.16732458770275116,0
2811,1,0.16732458770275116,0
2812,1,0.16732458770275116,0
2813,1,0.16732458770275116,0
2814,1,0.16732458770275116,0
2815,1,0.16732458770275116,0
2816,1,0.16732458770275116,0
2817,1,0.16732458770275116,0
2818,1,0.16732458770275116,0
2819,1,0.16732458770275116,0
2820,1,0.3213009834289551,1
2821,1,0.3213009834289551,0
2822,1,0.3213009834289551,0
2823,1,0.3213009834289551,0
2824,1,0.3213009834289551,0
2825,1,0.1601472645998001,1
2826,1,0.1601472645998001,0
2827,1,0.1601472645998001,0
2828,1,0.1601472645998001,0
2829,1,0.1601472645998001,0
2830,1,0.1601472645998001,0
2831,1,0.8800547122955322,1
2832,1,0.19576922059059143,1
2833,1,0.19576922059059143,0
2834,1,0.19576922059059143,0
2835,1,0.19576922059059143,0
2836,1,0.19576922059059143,0
2837,1,0.19576922059059143,0
2838,1,0.19576922059059143,0
2839,1,0.19576922059059143,0
2840,1,0.19576922059059143,0
2841,1,0.19576922059059143,0
2842,1,0.19576922059059143,0
2843,1,0.19576922059059143,0
2844,1,0.34776169061660767,1
2845,1,0.34776169061660767,0
2846,1,0.34776169061660767,0
2847,1,0.34776169061660767,0
2848,1,0.34776169061660767,0
2849,1,0.34776169061660767,0
2850,1,0.24233773350715637,1
2851,1,0.24233773350715637,0
2852,1,0.24233773350715637,0
2853,1,0.24233773350715637,0
2854,1,0.24233773350715637,0
2855,1,0.24233773350715637,0
2856,1,0.21124479174613953,1
2857,1,0.21124479174613953,0
2858,1,0.21124479174613953,0
2859,1,0.21124479174613953,0
2860,1,0.21124479174613953,0
2861,1,0.21124479174613953,0
2862,1,0.21124479174613953,0
2863,1,0.21124479174613953,0
2864,1,0.21124479174613953,0
2865,1,0.21124479174613953,0
2866,1,0.21124479174613953,0
2867,1,0.21124479174613953,0
2868,1,0.16780579090118408,1
2869,1,0.16780579090118408,0
2870,1,0.16780579090118408,0
2871,1,0.16780579090118408,0
2872,1,0.16780579090118408,0
2873,1,0.16780579090118408,0
2874,1,0.16780579090118408,0
2875,1,0.16780579090118408,0
2876,1,0.16780579090118408,0
2877,1,0.16780579090118408,0
2878,1,0.16780579090118408,0
2879,1,0.16780579090118408,0
2880,1,0.35123440623283386,1
2881,1,0.35123440623283386,0
2882,1,0.35123440623283386,0
2883,1,0.35123440623283386,0
2884,1,0.35123440623283386,0
2885,1,0.35123440623283386,0
2886,1,0.35123440623283386,0
2887,1,0.35123440623283386,0
2888,1,0.35123440623283386,0
2889,1,0.35123440623283386,0
2890,1,0.35123440623283386,0
2891,1,0.35123440623283386,0
2892,1,0.16791537404060364,1
2893,1,0.16791537404060364,0
2894,1,0.16791537404060364,0
2895,1,0.16791537404060364,0
2896,1,0.16791537404060364,0
2897,1,0.16791537404060364,0
2898,1,0.16791537404060364,0
2899,1,0.16791537404060364,0
2900,1,0.16791537404060364,0
2901,1,0.16791537404060364,0
2902,1,0.16791537404060364,0
2903,1,0.16791537404060364,0
2904,1,0.3397607207298279,1
2905,1,0.3397607207298279,0
2906,1,0.3397607207298279,0
2907,1,0.3397607207298279,0
2908,1,0.3397607207298279,0
2909,1,0.3397607207298279,0
2910,1,0.24071305990219116,1
2911,1,0.24071305990219116,0
2912,1,0.24071305990219116,0
2913,1,0.24071305990219116,0
2914,1,0.24071305990219116,0
2915,1,0.24071305990219116,0
2916,1,0.19162476062774658,1
2917,1,0.19162476062774658,0
2918,1,0.19162476062774658,0
2919,1,0.19162476062774658,0
2920,1,0.19162476062774658,0
2921,1,0.19162476062774658,0
2922,1,0.19162476062774658,0
2923,1,0.19162476062774658,0
2924,1,0.19162476062774658,0
2925,1,0.19162476062774658,0
2926,1,0.19162476062774658,0
2927,1,0.19162476062774658,0
2928,1,0.21808916330337524,1
2929,1,0.21808916330337524,0
2930,1,0.21808916330337524,0
2931,1,0.21808916330337524,0
2932,1,0.21808916330337524,0
2933,1,0.21808916330337524,0
2934,1,0.21808916330337524,0
2935,1,0.21808916330337524,0
2936,1,0.21808916330337524,0
2937,1,0.21808916330337524,0
2938,1,0.21808916330337524,0
2939,1,0.21808916330337524,0
2940,1,0.3160014748573303,1
2941,1,0.3160014748573303,0
2942,1,0.3160014748573303,0
2943,1,0.3160014748573303,0
2944,1,0.3160014748573303,0
2945,1,0.3160014748573303,0
2946,1,0.3160014748573303,0
2947,1,0.3160014748573303,0
2948,1,0.3160014748573303,0
2949,1,0.3160014748573303,0
2950,1,0.3160014748573303,0
2951,1,0.3160014748573303,0
2952,1,0.1814899742603302,1
2953,1,0.1814899742603302,0
2954,1,0.1814899742603302,0
2955,1,0.1814899742603302,0
2956,1,0.1814899742603302,0
2957,1,0.1814899742603302,0
2958,1,0.1814899742603302,0
2959,1,0.1814899742603302,0
2960,1,0.1814899742603302,0
2961,1,0.1814899742603302,0
2962,1,0.1814899742603302,0
2963,1,0.1814899742603302,0
2964,1,0.36024391651153564,1
2965,1,0.36024391651153564,0
2966,1,0.36024391651153564,0
2967,1,0.36024391651153564,0
2968,1,0.36024391651153564,0
2969,1,0.36024391651153564,0
2970,1,0.25753459334373474,1
2971,1,0.25753459334373474,0
2972,1,0.25753459334373474,0
2973,1,0.25753459334373474,0
2974,1,0.25753459334373474,0
2975,1,0.25753459334373474,0
2976,1,0.24201056361198425,1
2977,1,0.24201056361198425,0
2978,1,0.24201056361198425,0
2979,1,0.24201056361198425,0
2980,1,0.24201056361198425,0
2981,1,0.24201056361198425,0
2982,1,0.24201056361198425,0
2983,1,0.24201056361198425,0
2984,1,0.24201056361198425,0
2985,1,0.24201056361198425,0
2986,1,0.24201056361198425,0
2987,1,0.24201056361198425,0
2988,1,0.1568116843700409,1
2989,1,0.1568116843700409,0
2990,1,0.1568116843700409,0
2991,1,0.1568116843700409,0
2992,1,0.1568116843700409,0
2993,1,0.1568116843700409,0
2994,1,0.1568116843700409,0
2995,1,0.1568116843700409,0
2996,1,0.1568116843700409,0
2997,1,0.1568116843700409,0
2998,1,0.1568116843700409,0
2999,1,0.1568116843700409,0
3000,1,0.31694015860557556,1
3001,1,0.31694015860557556,0
3002,1,0.31694015860557556,0
3003,1,0.31694015860557556,0
3004,1,0.31694015860557556,0
3005,1,0.31694015860557556,0
3006,1,0.31694015860557556,0
3007,1,0.31694015860557556,0
3008,1,0.31694015860557556,0
3009,1,0.31694015860557556,0
3010,1,0.31694015860557556,0
3011,1,0.31694015860557556,0
3012,1,0.1503450870513916,1
3013,1,0.1503450870513916,0
3014,1,0.1503450870513916,0
3015,1,0.1503450870513916,0
3016,1,0.1503450870513916,0
3017,1,0.1503450870513916,0
3018,1,0.1503450870513916,0
3019,1,0.1503450870513916,0
3020,1,0.1503450870513916,0
3021,1,0.1503450870513916,0
3022,1,0.1503450870513916,0
3023,1,0.1503450870513916,0
3024,1,0.36757081747055054,1
3025,1,0.36757081747055054,0
3026,1,0.36757081747055054,0
3027,1,0.36757081747055054,0
3028,1,0.36757081747055054,0
3029,1,0.36757081747055054,0
3030,1,0.28801608085632324,1
3031,1,0.28801608085632324,0
3032,1,0.28801608085632324,0
3033,1,0.28801608085632324,0
3034,1,0.28801608085632324,0
3035,1,0.28801608085632324,0
3036,1,0.20602452754974365,1
3037,1,0.20602452754974365,0
3038,1,0.20602452754974365,0
3039,1,0.20602452754974365,0
3040,1,0.20602452754974365,0
3041,1,0.20602452754974365,0
3042,1,0.20602452754974365,0
3043,1,0.20602452754974365,0
3044,1,0.20602452754974365,0
3045,1,0.20602452754974365,0
3046,1,0.20602452754974365,0
3047,1,0.20602452754974365,0
3048,1,0.14310041069984436,1
3049,1,0.14310041069984436,0
3050,1,0.14310041069984436,0
3051,1,0.14310041069984436,0
3052,1,0.14310041069984436,0
3053,1,0.14310041069984436,0
3054,1,0.14310041069984436,0
3055,1,0.14310041069984436,0
3056,1,0.14310041069984436,0
3057,1,0.14310041069984436,0
3058,1,0.14310041069984436,0
3059,1,0.14310041069984436,0
3060,1,0.30888283252716064,1
3061,1,0.30888283252716064,0
3062,1,0.30888283252716064,0
3063,1,0.30888283252716064,0
3064,1,0.30888283252716064,0
3065,1,0.30888283252716064,0
3066,1,0.30888283252716064,0
3067,1,0.30888283252716064,0
3068,1,0.30888283252716064,0
3069,1,0.30888283252716064,0
3070,1,0.30888283252716064,0
3071,1,0.30888283252716064,0
3072,1,0.1794871687889099,1
3073,1,0.1794871687889099,0
3074,1,0.1794871687889099,0
3075,1,0.1794871687889099,0
3076,1,0.1794871687889099,0
3077,1,0.1794871687889099,0
3078,1,0.1794871687889099,0
3079,1,0.1794871687889099,0
3080,1,0.1794871687889099,0
3081,1,0.8804972767829895,1
3082,1,0.8804972767829895,0
3083,1,0.8804972767829895,0
3084,1,0.3477456867694855,1
3085,1,0.3477456867694855,0
3086,1,0.3477456867694855,0
3087,1,0.3477456867694855,0
3088,1,0.3477456867694855,0
3089,1,0.3477456867694855,0
3090,1,0.24226316809654236,1
3091,1,0.24226316809654236,0
3092,1,0.24226316809654236,0
3093,1,0.24226316809654236,0
3094,1,0.24226316809654236,0
3095,1,0.24226316809654236,0
3096,1,0.24226316809654236,0
3097,1,0.24226316809654236,0
3098,1,0.24226316809654236,0
3099,1,0.24226316809654236,0
3100,1,0.24226316809654236,0
3101,1,0.24226316809654236,0
3102,1,0.24226316809654236,0
3103,1,0.24226316809654236,0
3104,1,0.24226316809654236,0
3105,1,0.24226316809654236,0
3106,1,0.24226316809654236,0
3107,1,0.24226316809654236,0
3108,1,0.24226316809654236,0
3109,1,0.24226316809654236,0
3110,1,0.24226316809654236,0
3111,1,0.24226316809654236,0
3112,1,0.24226316809654236,0
3113,1,0.24226316809654236,0
3114,1,0.24226316809654236,0
3115,1,0.24226316809654236,0
3116,1,0.24226316809654236,0
3117,1,0.24226316809654236,0
3118,1,0.24226316809654236,0
3119,1,0.24226316809654236,0
3120,1,0.35802921652793884,1
3121,1,0.35802921652793884,0
3122,1,0.35802921652793884,0
3123,1,0.35802921652793884,0
3124,1,0.35802921652793884,0
3125,1,0.35802921652793884,0
3126,1,0.35802921652793884,0
3127,1,0.35802921652793884,0
3128,1,0.35802921652793884,0
3129,1,0.35802921652793884,0
3130,1,0.35802921652793884,0
3131,1,0.35802921652793884,0
3132,1,0.35802921652793884,0
3133,1,0.35802921652793884,0
3134,1,0.35802921652793884,0
3135,1,0.35802921652793884,0
3136,1,0.35802921652793884,0
3137,1,0.35802921652793884,0
3138,1,0.35802921652793884,0
3139,1,0.35802921652793884,0
3140,1,0.35802921652793884,0
3141,1,0.35802921652793884,0
3142,1,0.35802921652793884,0
3143,1,0.35802921652793884,0
3144,1,0.3571506142616272,1
3145,1,0.3571506142616272,0
3146,1,0.3571506142616272,0
3147,1,0.3571506142616272,0
3148,1,0.3571506142616272,0
3149,1,0.3571506142616272,0
3150,1,0.2807292640209198,1
3151,1,0.2807292640209198,0
3152,1,0.2807292640209198,0
3153,1,0.2807292640209198,0
3154,1,0.2807292640209198,0
3155,1,0.2807292640209198,0
3156,1,0.22118410468101501,1
3157,1,0.22118410468101501,0
3158,1,0.22118410468101501,0
3159,1,0.22118410468101501,0
3160,1,0.22118410468101501,0
3161,1,0.22118410468101501,0
3162,1,0.23770281672477722,1
3163,1,0.28800228238105774,1
3164,1,0.28800228238105774,0
3165,1,0.2706400752067566,1
3166,1,0.23279505968093872,1
3167,1,0.23279505968093872,0
3168,1,0.2798413038253784,1
3169,1,0.2798413038253784,0
3170,1,0.2798413038253784,0
3171,1,0.2798413038253784,0
3172,1,0.2798413038253784,0
3173,1,0.2798413038253784,0
3174,1,0.2798413038253784,0
3175,1,0.2798413038253784,0
3176,1,0.2798413038253784,0
3177,1,0.2798413038253784,0
3178,1,0.2798413038253784,0
3179,1,0.2798413038253784,0
3180,1,0.4531061351299286,1
3181,1,0.4531061351299286,0
3182,1,0.4531061351299286,0
3183,1,0.4531061351299286,0
3184,1,0.4531061351299286,0
3185,1,0.4531061351299286,0
3186,1,0.4531061351299286,0
3187,1,0.4531061351299286,0
3188,1,0.4531061351299286,0
3189,1,0.4531061351299286,0
3190,1,0.4531061351299286,0
3191,1,0.4531061351299286,0
3192,1,0.2235647737979889,1
3193,1,0.2235647737979889,0
3194,1,0.2235647737979889,0
3195,1,0.2235647737979889,0
3196,1,0.2235647737979889,0
3197,1,0.2235647737979889,0
3198,1,0.2235647737979889,0
3199,1,0.2235647737979889,0
3200,1,0.2235647737979889,0
3201,1,0.2235647737979889,0
3202,1,0.2235647737979889,0
3203,1,0.2235647737979889,0
3204,1,0.3692570924758911,1
3205,1,0.3692570924758911,0
3206,1,0.3692570924758911,0
3207,1,0.3692570924758911,0
3208,1,0.3692570924758911,0
3209,1,0.3692570924758911,0
3210,1,0.3154291808605194,1
3211,1,0.3154291808605194,0
3212,1,0.3154291808605194,0
3213,1,0.3154291808605194,0
3214,1,0.3154291808605194,0
3215,1,0.3154291808605194,0
3216,1,0.2825576364994049,1
3217,1,0.2825576364994049,0
3218,1,0.2825576364994049,0
3219,1,0.2825576364994049,0
3220,1,0.2825576364994049,0
3221,1,0.2825576364994049,0
3222,1,0.2825576364994049,0
3223,1,0.2825576364994049,0
3224,1,0.2825576364994049,0
3225,1,0.2825576364994049,0
3226,1,0.2825576364994049,0
3227,1,0.2825576364994049,0
3228,1,0.2825576364994049,0
3229,1,0.2825576364994049,0
3230,1,0.2825576364994049,0
3231,1,0.2825576364994049,0
3232,1,0.2825576364994049,0
3233,1,0.2825576364994049,0
3234,1,0.2825576364994049,0
3235,1,0.2825576364994049,0
3236,1,0.2825576364994049,0
3237,1,0.2825576364994049,0
3238,1,0.2825576364994049,0
3239,1,0.2825576364994049,0
3240,1,0.2803534269332886,1
3241,1,0.2803534269332886,0
3242,1,0.2803534269332886,0
3243,1,0.2803534269332886,0
3244,1,0.2803534269332886,0
3245,1,0.2803534269332886,0
3246,1,0.2803534269332886,0
3247,1,0.4050847589969635,1
3248,1,0.4050847589969635,0
3249,1,0.4050847589969635,0
3250,1,0.4050847589969635,0
3251,1,0.4050847589969635,0
3252,1,0.4050847589969635,0
3253,1,0.4050847589969635,0
3254,1,0.4050847589969635,0
3255,1,0.4050847589969635,0
3256,1,0.4050847589969635,0
3257,1,0.4050847589969635,0
3258,1,0.4050847589969635,0
3259,1,0.4050847589969635,0
3260,1,0.4050847589969635,0
3261,1,0.4050847589969635,0
3262,1,0.4050847589969635,0
3263,1,0.4050847589969635,0
3264,1,0.223825141787529,1
3265,1,0.223825141787529,0
3266,1,0.223825141787529,0
3267,1,0.223825141787529,0
3268,1,0.223825141787529,0
3269,1,0.223825141787529,0
3270,1,0.3247816562652588,1
3271,1,0.3247816562652588,0
3272,1,0.3247816562652588,0
3273,1,0.3247816562652588,0
3274,1,0.3247816562652588,0
3275,1,0.3247816562652588,0
3276,1,0.24459019303321838,1
3277,1,0.24459019303321838,0
3278,1,0.24459019303321838,0
3279,1,0.24459019303321838,0
3280,1,0.24459019303321838,0
3281,1,0.24459019303321838,0
3282,1,0.24459019303321838,0
3283,1,0.24459019303321838,0
3284,1,0.24459019303321838,0
3285,1,0.24459019303321838,0
3286,1,0.24459019303321838,0
3287,1,0.24459019303321838,0
3288,1,0.24459019303321838,0
3289,1,0.24459019303321838,0
3290,1,0.24459019303321838,0
3291,1,0.24459019303321838,0
3292,1,0.24459019303321838,0
3293,1,0.24459019303321838,0
3294,1,0.24459019303321838,0
3295,1,0.24459019303321838,0
3296,1,0.24459019303321838,0
3297,1,0.24459019303321838,0
3298,1,0.24459019303321838,0
3299,1,0.24459019303321838,0
3300,1,0.35648688673973083,1
3301,1,0.35648688673973083,0
3302,1,0.35648688673973083,0
3303,1,0.35648688673973083,0
3304,1,0.35648688673973083,0
3305,1,0.35648688673973083,0
3306,1,0.35648688673973083,0
3307,1,0.35648688673973083,0
3308,1,0.3834781050682068,1
3309,1,0.3834781050682068,0
3310,1,0.3834781050682068,0
3311,1,0.3834781050682068,0
3312,1,0.23087778687477112,1
3313,1,0.23087778687477112,0
3314,1,0.23087778687477112,0
3315,1,0.23087778687477112,0
3316,1,0.23087778687477112,0
3317,1,0.23087778687477112,0
3318,1,0.23087778687477112,0
3319,1,0.23087778687477112,0
3320,1,0.23087778687477112,0
3321,1,0.23087778687477112,0
3322,1,0.23087778687477112,0
3323,1,0.23087778687477112,0
3324,1,0.23087778687477112,0
3325,1,0.23087778687477112,0
3326,1,0.23087778687477112,0
3327,1,0.23087778687477112,0
3328,1,0.23087778687477112,0
3329,1,0.23087778687477112,0
3330,1,0.27846771478652954,1
3331,1,0.8831620812416077,1
3332,1,0.8831620812416077,0
3333,1,0.8831620812416077,0
3334,1,0.8831620812416077,0
3335,1,0.8831620812416077,0
3336,1,0.8831620812416077,0
3337,1,0.8831620812416077,0
3338,1,0.8831620812416077,0
3339,1,0.8831620812416077,0
3340,1,0.8831620812416077,0
3341,1,0.8831620812416077,0
3342,1,0.8831620812416077,0
3343,1,0.8831620812416077,0
3344,1,0.8831620812416077,0
3345,1,0.8831620812416077,0
3346,1,0.8831620812416077,0
3347,1,0.8831620812416077,0
3348,1,0.8831620812416077,0
3349,1,0.8831620812416077,0
3350,1,0.8831620812416077,0
3351,1,0.8831620812416077,0
3352,1,0.8831620812416077,0
3353,1,0.8831620812416077,0
3354,1,0.8831620812416077,0
3355,1,0.8831620812416077,0
3356,1,0.8831620812416077,0
3357,1,0.8831620812416077,0
3358,1,0.8831620812416077,0
3359,1,0.8831620812416077,0
3360,1,0.36636215448379517,1
3361,1,0.36636215448379517,0
3362,1,0.36636215448379517,0
3363,1,0.36636215448379517,0
3364,1,0.36636215448379517,0
3365,1,0.36636215448379517,0
3366,1,0.36636215448379517,0
3367,1,0.36636215448379517,0
3368,1,0.3569040298461914,1
3369,1,0.3569040298461914,0
3370,1,0.3569040298461914,0
3371,1,0.3569040298461914,0
3372,1,0.3569040298461914,0
3373,1,0.3569040298461914,0
3374,1,0.3569040298461914,0
3375,1,0.3569040298461914,0
3376,1,0.3569040298461914,0
3377,1,0.3569040298461914,0
3378,1,0.3569040298461914,0
3379,1,0.3569040298461914,0
3380,1,0.3569040298461914,0
3381,1,0.3569040298461914,0
3382,1,0.3569040298461914,0
3383,1,0.3569040298461914,0
3384,1,0.3569040298461914,0
3385,1,0.3569040298461914,0
3386,1,0.3569040298461914,0
3387,1,0.3569040298461914,0
3388,1,0.3569040298461914,0
3389,1,0.3569040298461914,0
3390,1,0.39565855264663696,1
3391,1,0.39565855264663696,0
3392,1,0.39565855264663696,0
3393,1,0.39565855264663696,0
3394,1,0.26908960938453674,1
3395,1,0.26908960938453674,0
3396,1,0.3574213683605194,1
3397,1,0.3574213683605194,0
3398,1,0.3574213683605194,0
3399,1,0.3574213683605194,0
3400,1,0.3574213683605194,0
3401,1,0.3574213683605194,0
3402,1,0.3574213683605194,0
3403,1,0.3574213683605194,0
3404,1,0.3574213683605194,0
3405,1,0.3574213683605194,0
3406,1,0.3574213683605194,0
3407,1,0.3574213683605194,0
3408,1,0.2988707423210144,1
3409,1,0.2988707423210144,0
3410,1,0.2988707423210144,0
3411,1,0.2988707423210144,0
3412,1,0.2988707423210144,0
3413,1,0.2988707423210144,0
3414,1,0.2988707423210144,0
3415,1,0.2988707423210144,0
3416,1,0.2988707423210144,0
3417,1,0.2988707423210144,0
3418,1,0.2988707423210144,0
3419,1,0.2988707423210144,0
3420,1,0.4331994652748108,1
3421,1,0.4331994652748108,0
3422,1,0.4331994652748108,0
3423,1,0.4331994652748108,0
3424,1,0.4331994652748108,0
3425,1,0.4331994652748108,0
3426,1,0.4331994652748108,0
3427,1,0.4331994652748108,0
3428,1,0.3319338858127594,1
3429,1,0.3319338858127594,0
3430,1,0.3319338858127594,0
3431,1,0.3319338858127594,0
3432,1,0.3319338858127594,0
3433,1,0.3319338858127594,0
3434,1,0.3319338858127594,0
3435,1,0.3319338858127594,0
3436,1,0.3319338858127594,0
3437,1,0.3319338858127594,0
3438,1,0.3319338858127594,0
3439,1,0.3319338858127594,0
3440,1,0.3319338858127594,0
3441,1,0.3319338858127594,0
3442,1,0.3319338858127594,0
3443,1,0.3319338858127594,0
3444,1,0.3319338858127594,0
3445,1,0.3319338858127594,0
3446,1,0.3319338858127594,0
3447,1,0.3319338858127594,0
3448,1,0.3319338858127594,0
3449,1,0.3319338858127594,0
3450,1,0.23707237839698792,1
3451,1,0.23707237839698792,0
3452,1,0.23707237839698792,0
3453,1,0.23707237839698792,0
3454,1,0.23707237839698792,0
3455,1,0.23707237839698792,0
3456,1,0.22881759703159332,1
3457,1,0.22881759703159332,0
3458,1,0.22881759703159332,0
3459,1,0.22881759703159332,0
3460,1,0.22881759703159332,0
3461,1,0.22881759703159332,0
3462,1,0.22881759703159332,0
3463,1,0.22881759703159332,0
3464,1,0.22881759703159332,0
3465,1,0.22881759703159332,0
3466,1,0.22881759703159332,0
3467,1,0.22881759703159332,0
3468,1,0.22881759703159332,0
3469,1,0.22881759703159332,0
3470,1,0.22881759703159332,0
3471,1,0.22881759703159332,0
3472,1,0.22881759703159332,0
3473,1,0.22881759703159332,0
3474,1,0.22881759703159332,0
3475,1,0.22881759703159332,0
3476,1,0.22881759703159332,0
3477,1,0.22881759703159332,0
3478,1,0.22881759703159332,0
3479,1,0.22881759703159332,0
3480,1,0.394745409488678,1
3481,1,0.394745409488678,0
3482,1,0.394745409488678,0
3483,1,0.394745409488678,0
3484,1,0.394745409488678,0
3485,1,0.394745409488678,0
3486,1,0.394745409488678,0
3487,1,0.394745409488678,0
3488,1,0.3464418947696686,1
3489,1,0.3464418947696686,0
3490,1,0.3464418947696686,0
3491,1,0.3464418947696686,0
3492,1,0.30255571007728577,1
3493,1,0.239181786775589,1
3494,1,0.239181786775589,0
3495,1,0.2901768684387207,1
3496,1,0.2763195037841797,1
3497,1,0.2763195037841797,0
3498,1,0.2763195037841797,0
3499,1,0.2763195037841797,0
3500,1,0.2763195037841797,0
3501,1,0.2763195037841797,0
3502,1,0.2763195037841797,0
3503,1,0.2763195037841797,0
3504,1,0.22692826390266418,1
3505,1,0.22692826390266418,0
3506,1,0.22692826390266418,0
3507,1,0.22692826390266418,0
3508,1,0.22692826390266418,0
3509,1,0.22692826390266418,0
3510,1,0.2946019768714905,1
3511,1,0.2946019768714905,0
3512,1,0.2946019768714905,0
3513,1,0.2946019768714905,0
3514,1,0.2946019768714905,0
3515,1,0.2946019768714905,0
3516,1,0.2946019768714905,0
3517,1,0.2946019768714905,0
3518,1,0.2946019768714905,0
3519,1,0.2946019768714905,0
3520,1,0.2946019768714905,0
3521,1,0.2946019768714905,0
3522,1,0.2946019768714905,0
3523,1,0.2946019768714905,0
3524,1,0.2946019768714905,0
3525,1,0.2946019768714905,0
3526,1,0.2946019768714905,0
3527,1,0.2946019768714905,0
3528,1,0.2946019768714905,0
3529,1,0.2946019768714905,0
3530,1,0.2946019768714905,0
3531,1,0.2946019768714905,0
3532,1,0.2946019768714905,0
3533,1,0.2946019768714905,0
3534,1,0.2946019768714905,0
3535,1,0.2946019768714905,0
3536,1,0.2946019768714905,0
3537,1,0.2946019768714905,0
3538,1,0.2946019768714905,0
3539,1,0.2946019768714905,0
3540,1,0.3874991536140442,1
3541,1,0.3874991536140442,0
3542,1,0.3874991536140442,0
3543,1,0.3874991536140442,0
3544,1,0.3874991536140442,0
3545,1,0.3874991536140442,0
3546,1,0.3874991536140442,0
3547,1,0.3874991536140442,0
3548,1,0.4199081063270569,1
3549,1,0.4199081063270569,0
3550,1,0.4199081063270569,0
3551,1,0.4199081063270569,0
3552,1,0.248674213886261,1
3553,1,0.248674213886261,0
3554,1,0.248674213886261,0
3555,1,0.248674213886261,0
3556,1,0.248674213886261,0
3557,1,0.248674213886261,0
3558,1,0.248674213886261,0
3559,1,0.248674213886261,0
3560,1,0.248674213886261,0
3561,1,0.248674213886261,0
3562,1,0.248674213886261,0
3563,1,0.248674213886261,0
3564,1,0.2227790653705597,1
3565,1,0.2227790653705597,0
3566,1,0.2227790653705597,0
3567,1,0.2227790653705597,0
3568,1,0.2227790653705597,0
3569,1,0.2233876883983612,1
3570,1,0.40157797932624817,1
3571,1,0.40157797932624817,0
3572,1,0.40157797932624817,0
3573,1,0.40157797932624817,0
3574,1,0.40157797932624817,0
3575,1,0.40157797932624817,0
3576,1,0.27988243103027344,1
3577,1,0.27988243103027344,0
3578,1,0.27988243103027344,0
3579,1,0.27988243103027344,0
3580,1,0.27988243103027344,0
3581,1,0.8563576340675354,1
3582,1,0.8563576340675354,0
3583,1,0.8563576340675354,0
3584,1,0.8563576340675354,0
3585,1,0.8563576340675354,0
3586,1,0.8563576340675354,0
3587,1,0.8563576340675354,0
3588,1,0.8563576340675354,0
3589,1,0.8563576340675354,0
3590,1,0.8563576340675354,0
3591,1,0.8563576340675354,0
3592,1,0.8563576340675354,0
3593,1,0.8563576340675354,0
3594,1,0.8563576340675354,0
3595,1,0.8563576340675354,0
3596,1,0.8563576340675354,0
3597,1,0.8563576340675354,0
3598,1,0.8563576340675354,0
3599,1,0.8563576340675354,0
3600,1,0.8563576340675354,0
3601,1,0.8563576340675354,0
3602,1,0.8563576340675354,0
3603,1,0.8563576340675354,0
3604,1,0.8563576340675354,0
3605,1,0.8563576340675354,0
3606,1,0.8563576340675354,0
3607,1,0.8563576340675354,0
3608,1,0.8563576340675354,0
3609,1,0.8563576340675354,0
3610,1,0.8563576340675354,0
3611,1,0.8563576340675354,0
3612,1,0.8563576340675354,0
3613,1,0.8563576340675354,0
3614,1,0.8563576340675354,0
3615,1,0.8563576340675354,0
3616,1,0.8563576340675354,0
3617,1,0.8563576340675354,0
3618,1,0.8563576340675354,0
3619,1,0.8563576340675354,0
3620,1,0.8563576340675354,0
3621,1,0.8563576340675354,0
3622,1,0.8563576340675354,0
3623,1,0.8563576340675354,0
3624,1,0.8563576340675354,0
3625,1,0.8563576340675354,0
3626,1,0.8563576340675354,0
3627,1,0.8563576340675354,0
3628,1,0.8563576340675354,0
3629,1,0.8563576340675354,0
3630,1,0.8563576340675354,0
3631,1,0.8563576340675354,0
3632,1,0.8563576340675354,0
3633,1,0.8563576340675354,0
3634,1,0.8563576340675354,0
3635,1,0.8563576340675354,0
3636,1,0.8563576340675354,0
3637,1,0.8563576340675354,0
3638,1,0.8563576340675354,0
3639,1,0.8563576340675354,0
3640,1,0.8563576340675354,0
3641,1,0.8563576340675354,0
3642,1,0.8563576340675354,0
3643,1,0.8563576340675354,0
3644,1,0.8563576340675354,0
3645,1,0.8563576340675354,0
3646,1,0.8563576340675354,0
3647,1,0.8563576340675354,0
3648,1,0.8563576340675354,0
3649,1,0.8563576340675354,0
3650,1,0.8563576340675354,0
3651,1,0.8563576340675354,0
3652,1,0.8563576340675354,0
3653,1,0.8563576340675354,0
3654,1,0.8563576340675354,0
3655,1,0.8563576340675354,0
3656,1,0.8563576340675354,0
3657,1,0.8563576340675354,0
3658,1,0.8563576340675354,0
3659,1,0.8563576340675354,0
3660,1,0.8563576340675354,0
3661,1,0.8563576340675354,0
3662,1,0.8563576340675354,0
3663,1,0.8563576340675354,0
3664,1,0.8563576340675354,0
3665,1,0.8563576340675354,0
3666,1,0.8563576340675354,0
3667,1,0.8563576340675354,0
3668,1,0.8563576340675354,0
3669,1,0.8563576340675354,0
3670,1,0.8563576340675354,0
3671,1,0.8563576340675354,0
3672,1,0.8563576340675354,0
3673,1,0.8563576340675354,0
3674,1,0.8563576340675354,0
3675,1,0.8563576340675354,0
3676,1,0.8563576340675354,0
3677,1,0.8563576340675354,0
3678,1,0.8563576340675354,0
3679,1,0.8563576340675354,0
3680,1,0.8563576340675354,0
3681,1,0.8563576340675354,0
3682,1,0.8563576340675354,0
3683,1,0.8563576340675354,0
3684,1,0.8563576340675354,0
3685,1,0.8563576340675354,0
3686,1,0.8563576340675354,0
3687,1,0.8563576340675354,0
3688,1,0.8563576340675354,0
3689,1,0.8563576340675354,0
3690,1,0.8563576340675354,0
3691,1,0.8563576340675354,0
3692,1,0.8563576340675354,0
3693,1,0.8563576340675354,0
3694,1,0.8563576340675354,0
3695,1,0.8563576340675354,0
3696,1,0.8563576340675354,0
3697,1,0.8563576340675354,0
3698,1,0.7748070359230042,1
3699,1,0.6873466372489929,1
3700,1,0.6873466372489929,0
3701,1,0.6873466372489929,0
3702,1,0.5171770453453064,1
3703,1,0.9390662312507629,1
3704,1,0.9502679705619812,1
3705,1,0.9502679705619812,0
3706,1,0.6459940075874329,1
3707,1,0.6459940075874329,0
3708,1,0.6459940075874329,0
3709,1,0.609522819519043,1
3710,1,0.609522819519043,0
3711,1,0.87395840883255,1
3712,1,0.87395840883255,0
3713,1,0.87395840883255,0
3714,1,0.87395840883255,0
3715,1,0.87395840883255,0
3716,1,0.612229585647583,1
3717,1,0.9385672807693481,1
3718,1,0.9570305943489075,1
3719,1,0.9570305943489075,0
3720,1,0.8603522777557373,1
3721,1,0.9256957769393921,1
3722,1,0.9256957769393921,0
3723,1,0.6210771203041077,1
3724,1,0.6210771203041077,0
3725,1,0.6210771203041077,0
3726,1,0.6210771203041077,0
3727,1,0.6210771203041077,0
3728,1,0.6210771203041077,0
3729,1,0.6210771203041077,0
3730,1,0.668989360332489,1
3731,1,0.668989360332489,0
3732,1,0.640675961971283,1
3733,1,0.640675961971283,0
3734,1,0.640675961971283,0
3735,1,0.5712495446205139,1
3736,1,0.5712495446205139,0
3737,1,0.5712495446205139,0
3738,1,0.5712495446205139,0
3739,1,0.5712495446205139,0
3740,1,0.5712495446205139,0
3741,1,0.5712495446205139,0
3742,1,0.5712495446205139,0
3743,1,0.5712495446205139,0
3744,1,0.7305809855461121,1
3745,1,0.7305809855461121,0
3746,1,0.7305809855461121,0
3747,1,0.7305809855461121,0
3748,1,0.7305809855461121,0
3749,1,0.7305809855461121,0
3750,1,0.668016254901886,1
3751,1,0.668016254901886,0
3752,1,0.668016254901886,0
3753,1,0.668016254901886,0
3754,1,0.668016254901886,0
3755,1,0.668016254901886,0
3756,1,0.668016254901886,0
3757,1,0.668016254901886,0
3758,1,0.668016254901886,0
3759,1,0.668016254901886,0
3760,1,0.668016254901886,0
3761,1,0.668016254901886,0
3762,1,0.668016254901886,0
3763,1,0.668016254901886,0
3764,1,0.668016254901886,0
3765,1,0.668016254901886,0
3766,1,0.668016254901886,0
3767,1,0.668016254901886,0
3768,1,0.668016254901886,0
3769,1,0.668016254901886,0
3770,1,0.668016254901886,0
3771,1,0.668016254901886,0
3772,1,0.6283053159713745,1
3773,1,0.6283053159713745,0
3774,1,0.6283053159713745,0
3775,1,0.6283053159713745,0
3776,1,0.6283053159713745,0
3777,1,0.6283053159713745,0
3778,1,0.6283053159713745,0
3779,1,0.6283053159713745,0
3780,1,0.7602766752243042,1
3781,1,0.7602766752243042,0
3782,1,0.7602766752243042,0
3783,1,0.7602766752243042,0
3784,1,0.7602766752243042,0
3785,1,0.7602766752243042,0
3786,1,0.7602766752243042,0
3787,1,0.7602766752243042,0
3788,1,0.7602766752243042,0
3789,1,0.7602766752243042,0
3790,1,0.7602766752243042,0
3791,1,0.7602766752243042,0
3792,1,0.7602766752243042,0
3793,1,0.7602766752243042,0
3794,1,0.7602766752243042,0
3795,1,0.7602766752243042,0
3796,1,0.7602766752243042,0
3797,1,0.7602766752243042,0
3798,1,0.7602766752243042,0
3799,1,0.7602766752243042,0
3800,1,0.7602766752243042,0
3801,1,0.6032620668411255,1
3802,1,0.6032620668411255,0
3803,1,0.6032620668411255,0
3804,1,0.6522217988967896,1
3805,1,0.6522217988967896,0
3806,1,0.6522217988967896,0
3807,1,0.6522217988967896,0
3808,1,0.6522217988967896,0
3809,1,0.6522217988967896,0
3810,1,0.7576542496681213,1
3811,1,0.7576542496681213,0
3812,1,0.7576542496681213,0
3813,1,0.7576542496681213,0
3814,1,0.7576542496681213,0
3815,1,0.7576542496681213,0
3816,1,0.7576542496681213,0
3817,1,0.7576542496681213,0
3818,1,0.7576542496681213,0
3819,1,0.7576542496681213,0
3820,1,0.7576542496681213,0
3821,1,0.7576542496681213,0
3822,1,0.7576542496681213,0
3823,1,0.7576542496681213,0
3824,1,0.7576542496681213,0
3825,1,0.7576542496681213,0
3826,1,0.7576542496681213,0
3827,1,0.7576542496681213,0
3828,1,0.6199274063110352,1
3829,1,0.6199274063110352,0
3830,1,0.6199274063110352,0
3831,1,0.9000000357627869,1
3832,1,0.6691603660583496,1
3833,1,0.6691603660583496,0
3834,1,0.6691603660583496,0
3835,1,0.6691603660583496,0
3836,1,0.6691603660583496,0
3837,1,0.6691603660583496,0
3838,1,0.6691603660583496,0
3839,1,0.6691603660583496,0
3840,1,0.7668678760528564,1
3841,1,0.7668678760528564,0
3842,1,0.7668678760528564,0
3843,1,0.7668678760528564,0
3844,1,0.7668678760528564,0
3845,1,0.7668678760528564,0
3846,1,0.7668678760528564,0
3847,1,0.7668678760528564,0
3848,1,0.7668678760528564,0
3849,1,0.7668678760528564,0
3850,1,0.7668678760528564,0
3851,1,0.7668678760528564,0
3852,1,0.7668678760528564,0
3853,1,0.7668678760528564,0
3854,1,0.7668678760528564,0
3855,1,0.7668678760528564,0
3856,1,0.7668678760528564,0
3857,1,0.7668678760528564,0
3858,1,0.7668678760528564,0
3859,1,0.7668678760528564,0
3860,1,0.7668678760528564,0
3861,1,0.7668678760528564,0
3862,1,0.7668678760528564,0
3863,1,0.6690723299980164,1
3864,1,0.6690723299980164,0
3865,1,0.6690723299980164,0
3866,1,0.6690723299980164,0
3867,1,0.6690723299980164,0
3868,1,0.6690723299980164,0
3869,1,0.6690723299980164,0
3870,1,0.7206940054893494,1
3871,1,0.7206940054893494,0
3872,1,0.7206940054893494,0
3873,1,0.7206940054893494,0
3874,1,0.7206940054893494,0
3875,1,0.7206940054893494,0
3876,1,0.7206940054893494,0
3877,1,0.7206940054893494,0
3878,1,0.7206940054893494,0
3879,1,0.7206940054893494,0
3880,1,0.7206940054893494,0
3881,1,0.7206940054893494,0
3882,1,0.7206940054893494,0
3883,1,0.7206940054893494,0
3884,1,0.7206940054893494,0
3885,1,0.7206940054893494,0
3886,1,0.7206940054893494,0
3887,1,0.7206940054893494,0
3888,1,0.6471123695373535,1
3889,1,0.6471123695373535,0
3890,1,0.6471123695373535,0
3891,1,0.6471123695373535,0
3892,1,0.7185692191123962,1
3893,1,0.7185692191123962,0
3894,1,0.7185692191123962,0
3895,1,0.7185692191123962,0
3896,1,0.7185692191123962,0
3897,1,0.7185692191123962,0
3898,1,0.7185692191123962,0
3899,1,0.7185692191123962,0
3900,1,0.750919759273529,1
3901,1,0.750919759273529,0
3902,1,0.750919759273529,0
3903,1,0.750919759273529,0
3904,1,0.750919759273529,0
3905,1,0.750919759273529,0
3906,1,0.750919759273529,0
3907,1,0.750919759273529,0
3908,1,0.750919759273529,0
3909,1,0.750919759273529,0
3910,1,0.750919759273529,0
3911,1,0.730863630771637,1
3912,1,0.730863630771637,0
3913,1,0.730863630771637,0
3914,1,0.730863630771637,0
3915,1,0.730863630771637,0
3916,1,0.730863630771637,0
3917,1,0.730863630771637,0
3918,1,0.730863630771637,0
3919,1,0.730863630771637,0
3920,1,0.730863630771637,0
3921,1,0.730863630771637,0
3922,1,0.730863630771637,0
3923,1,0.730863630771637,0
3924,1,0.730863630771637,0
3925,1,0.730863630771637,0
3926,1,0.730863630771637,0
3927,1,0.730863630771637,0
3928,1,0.730863630771637,0
3929,1,0.730863630771637,0
3930,1,0.730863630771637,0
3931,1,0.730863630771637,0
3932,1,0.7773439884185791,1
3933,1,0.7773439884185791,0
3934,1,0.6510461568832397,1
3935,1,0.6510461568832397,0
3936,1,0.6510461568832397,0
3937,1,0.6510461568832397,0
3938,1,0.6510461568832397,0
3939,1,0.6510461568832397,0
3940,1,0.6510461568832397,0
3941,1,0.6510461568832397,0
3942,1,0.6390770077705383,1
3943,1,0.6390770077705383,0
3944,1,0.6390770077705383,0
3945,1,0.6390770077705383,0
3946,1,0.6390770077705383,0
3947,1,0.6390770077705383,0
3948,1,0.6390770077705383,0
3949,1,0.6390770077705383,0
3950,1,0.6390770077705383,0
3951,1,0.6390770077705383,0
3952,1,0.7147942781448364,1
3953,1,0.6462388634681702,1
3954,1,0.6462388634681702,0
3955,1,0.6462388634681702,0
3956,1,0.6411203742027283,1
3957,1,0.6411203742027283,0
3958,1,0.6411203742027283,0
3959,1,0.6411203742027283,0
3960,1,0.8134449124336243,1
3961,1,0.8134449124336243,0
3962,1,0.8134449124336243,0
3963,1,0.8134449124336243,0
3964,1,0.6869158148765564,1
3965,1,0.6869158148765564,0
3966,1,0.6869158148765564,0
3967,1,0.6869158148765564,0
3968,1,0.6869158148765564,0
3969,1,0.6869158148765564,0
3970,1,0.6869158148765564,0
3971,1,0.6869158148765564,0
3972,1,0.6869158148765564,0
3973,1,0.6869158148765564,0
3974,1,0.6869158148765564,0
3975,1,0.6869158148765564,0
3976,1,0.6869158148765564,0
3977,1,0.6869158148765564,0
3978,1,0.6869158148765564,0
3979,1,0.6869158148765564,0
3980,1,0.6869158148765564,0
3981,1,0.6869158148765564,0
3982,1,0.6869158148765564,0
3983,1,0.6869158148765564,0
3984,1,0.6869158148765564,0
3985,1,0.6869158148765564,0
3986,1,0.6869158148765564,0
3987,1,0.6869158148765564,0
3988,1,0.6869158148765564,0
3989,1,0.6869158148765564,0
3990,1,0.6103807091712952,1
3991,1,0.6103807091712952,0
3992,1,0.6103807091712952,0
3993,1,0.6103807091712952,0
3994,1,0.6103807091712952,0
3995,1,0.6103807091712952,0
3996,1,0.6103807091712952,0
3997,1,0.6103807091712952,0
3998,1,0.6103807091712952,0
3999,1,0.6103807091712952,0
4000,1,0.6103807091712952,0
4001,1,0.6103807091712952,0
4002,1,0.6103807091712952,0
4003,1,0.6103807091712952,0
4004,1,0.6604695320129395,1
4005,1,0.6604695320129395,0
4006,1,0.6604695320129395,0
4007,1,0.6604695320129395,0
4008,1,0.6604695320129395,0
4009,1,0.6604695320129395,0
4010,1,0.6604695320129395,0
4011,1,0.6604695320129395,0
4012,1,0.7752003073692322,1
4013,1,0.7752003073692322,0
4014,1,0.7752003073692322,0
4015,1,0.7752003073692322,0
4016,1,0.7752003073692322,0
4017,1,0.7752003073692322,0
4018,1,0.7752003073692322,0
4019,1,0.7752003073692322,0
4020,1,0.7018141746520996,1
4021,1,0.7018141746520996,0
4022,1,0.7018141746520996,0
4023,1,0.7018141746520996,0
4024,1,0.7018141746520996,0
4025,1,0.7018141746520996,0
4026,1,0.7018141746520996,0
4027,1,0.6130961775779724,1
4028,1,0.6130961775779724,0
4029,1,0.6130961775779724,0
4030,1,0.6130961775779724,0
4031,1,0.6130961775779724,0
4032,1,0.6130961775779724,0
4033,1,0.6130961775779724,0
4034,1,0.6130961775779724,0
4035,1,0.6130961775779724,0
4036,1,0.6130961775779724,0
4037,1,0.6130961775779724,0
4038,1,0.665256917476654,1
4039,1,0.665256917476654,0
4040,1,0.665256917476654,0
4041,1,0.665256917476654,0
4042,1,0.665256917476654,0
4043,1,0.665256917476654,0
4044,1,0.665256917476654,0
4045,1,0.665256917476654,0
4046,1,0.665256917476654,0
4047,1,0.665256917476654,0
4048,1,0.665256917476654,0
4049,1,0.665256917476654,0
4050,1,0.640640377998352,1
4051,1,0.640640377998352,0
4052,1,0.640640377998352,0
4053,1,0.640640377998352,0
4054,1,0.640640377998352,0
4055,1,0.640640377998352,0
4056,1,0.640640377998352,0
4057,1,0.640640377998352,0
4058,1,0.640640377998352,0
4059,1,0.640640377998352,0
4060,1,0.640640377998352,0
4061,1,0.640640377998352,0
4062,1,0.640640377998352,0
4063,1,0.640640377998352,0
4064,1,0.640640377998352,0
4065,1,0.640640377998352,0
4066,1,0.640640377998352,0
4067,1,0.640640377998352,0
4068,1,0.640640377998352,0
4069,1,0.640640377998352,0
4070,1,0.640640377998352,0
4071,1,0.640640377998352,0
4072,1,0.7579967379570007,1
4073,1,0.7579967379570007,0
4074,1,0.7579967379570007,0
4075,1,0.7579967379570007,0
4076,1,0.7579967379570007,0
4077,1,0.7579967379570007,0
4078,1,0.7579967379570007,0
4079,1,0.7579967379570007,0
4080,1,0.7496075630187988,1
4081,1,0.8758122324943542,1
4082,1,0.8758122324943542,0
4083,1,0.8758122324943542,0
4084,1,0.8758122324943542,0
4085,1,0.8758122324943542,0
4086,1,0.8758122324943542,0
4087,1,0.8758122324943542,0
4088,1,0.8758122324943542,0
4089,1,0.8758122324943542,0
4090,1,0.6660579442977905,1
4091,1,0.6660579442977905,0
4092,1,0.6660579442977905,0
4093,1,0.6660579442977905,0
4094,1,0.6660579442977905,0
4095,1,0.6660579442977905,0
4096,1,0.6660579442977905,0
4097,1,0.6660579442977905,0
4098,1,0.6660579442977905,0
4099,1,0.6660579442977905,0
4100,1,0.6660579442977905,0
4101,1,0.6660579442977905,0
4102,1,0.6660579442977905,0
4103,1,0.6660579442977905,0
4104,1,0.6660579442977905,0
4105,1,0.6660579442977905,0
4106,1,0.6660579442977905,0
4107,1,0.6660579442977905,0
4108,1,0.6660579442977905,0
4109,1,0.6660579442977905,0
4110,1,0.695232093334198,1
4111,1,0.695232093334198,0
4112,1,0.695232093334198,0
4113,1,0.695232093334198,0
4114,1,0.695232093334198,0
4115,1,0.695232093334198,0
4116,1,0.695232093334198,0
4117,1,0.695232093334198,0
4118,1,0.695232093334198,0
4119,1,0.695232093334198,0
4120,1,0.695232093334198,0
4121,1,0.695232093334198,0
4122,1,0.695232093334198,0
4123,1,0.695232093334198,0
4124,1,0.695232093334198,0
4125,1,0.695232093334198,0
4126,1,0.695232093334198,0
4127,1,0.695232093334198,0
4128,1,0.695232093334198,0
4129,1,0.695232093334198,0
4130,1,0.5822697281837463,1
4131,1,0.5822697281837463,0
4132,1,0.7020466923713684,1
4133,1,0.7020466923713684,0
4134,1,0.7020466923713684,0
4135,1,0.7020466923713684,0
4136,1,0.7020466923713684,0
4137,1,0.642592191696167,1
4138,1,0.642592191696167,0
4139,1,0.642592191696167,0
4140,1,0.7366503477096558,1
4141,1,0.7366503477096558,0
4142,1,0.7366503477096558,0
4143,1,0.7366503477096558,0
4144,1,0.7366503477096558,0
4145,1,0.7366503477096558,0
4146,1,0.7366503477096558,0
4147,1,0.7366503477096558,0
4148,1,0.7366503477096558,0
4149,1,0.7366503477096558,0
4150,1,0.7366503477096558,0
4151,1,0.7366503477096558,0
4152,1,0.7366503477096558,0
4153,1,0.6828468441963196,1
4154,1,0.6828468441963196,0
4155,1,0.6828468441963196,0
4156,1,0.6828468441963196,0
4157,1,0.6828468441963196,0
4158,1,0.6828468441963196,0
4159,1,0.6828468441963196,0
4160,1,0.6828468441963196,0
4161,1,0.6828468441963196,0
4162,1,0.6828468441963196,0
4163,1,0.6828468441963196,0
4164,1,0.6828468441963196,0
4165,1,0.6828468441963196,0
4166,1,0.6828468441963196,0
4167,1,0.6828468441963196,0
4168,1,0.6828468441963196,0
4169,1,0.6828468441963196,0
4170,1,0.5972993969917297,1
4171,1,0.5972993969917297,0
4172,1,0.5972993969917297,0
4173,1,0.5972993969917297,0
4174,1,0.5972993969917297,0
4175,1,0.8164907097816467,1
4176,1,0.8164907097816467,0
4177,1,0.8164907097816467,0
4178,1,0.8164907097816467,0
4179,1,0.7537261843681335,1
4180,1,0.5953382849693298,1
4181,1,0.5953382849693298,0
4182,1,0.5953382849693298,0
4183,1,0.5953382849693298,0
4184,1,0.5953382849693298,0
4185,1,0.5953382849693298,0
4186,1,0.5953382849693298,0
4187,1,0.5953382849693298,0
4188,1,0.5953382849693298,0
4189,1,0.5953382849693298,0
4190,1,0.5953382849693298,0
4191,1,0.5953382849693298,0
4192,1,0.5595496892929077,1
4193,1,0.5595496892929077,0
4194,1,0.5595496892929077,0
4195,1,0.5595496892929077,0
4196,1,0.5595496892929077,0
4197,1,0.5595496892929077,0
4198,1,0.5595496892929077,0
4199,1,0.5595496892929077,0
4200,1,0.7104736566543579,1
4201,1,0.7104736566543579,0
4202,1,0.7104736566543579,0
4203,1,0.7104736566543579,0
4204,1,0.7104736566543579,0
4205,1,0.7104736566543579,0
4206,1,0.7104736566543579,0
4207,1,0.7104736566543579,0
4208,1,0.7104736566543579,0
4209,1,0.7104736566543579,0
4210,1,0.7104736566543579,0
4211,1,0.7104736566543579,0
4212,1,0.5932151079177856,1
4213,1,0.5932151079177856,0
4214,1,0.5932151079177856,0
4215,1,0.5932151079177856,0
4216,1,0.5932151079177856,0
4217,1,0.5932151079177856,0
4218,1,0.5932151079177856,0
4219,1,0.5932151079177856,0
4220,1,0.5932151079177856,0
4221,1,0.5932151079177856,0
4222,1,0.5932151079177856,0
4223,1,0.5932151079177856,0
4224,1,0.6618838310241699,1
4225,1,0.6618838310241699,0
4226,1,0.6618838310241699,0
4227,1,0.6618838310241699,0
4228,1,0.6618838310241699,0
4229,1,0.6618838310241699,0
4230,1,0.6671633124351501,1
4231,1,0.6671633124351501,0
4232,1,0.6671633124351501,0
4233,1,0.6671633124351501,0
4234,1,0.6671633124351501,0
4235,1,0.6671633124351501,0
4236,1,0.7041963338851929,1
4237,1,0.7041963338851929,0
4238,1,0.7041963338851929,0
4239,1,0.7041963338851929,0
4240,1,0.7041963338851929,0
4241,1,0.7041963338851929,0
4242,1,0.7041963338851929,0
4243,1,0.7041963338851929,0
4244,1,0.7041963338851929,0
4245,1,0.7041963338851929,0
4246,1,0.7041963338851929,0
4247,1,0.7041963338851929,0
4248,1,0.7041963338851929,0
4249,1,0.7041963338851929,0
4250,1,0.7041963338851929,0
4251,1,0.7041963338851929,0
4252,1,0.7041963338851929,0
4253,1,0.7041963338851929,0
4254,1,0.7041963338851929,0
4255,1,0.7041963338851929,0
4256,1,0.7041963338851929,0
4257,1,0.7041963338851929,0
4258,1,0.7041963338851929,0
4259,1,0.7041963338851929,0
4260,1,0.7409458160400391,1
4261,1,0.7409458160400391,0
4262,1,0.7409458160400391,0
4263,1,0.7409458160400391,0
4264,1,0.7409458160400391,0
4265,1,0.7409458160400391,0
4266,1,0.7409458160400391,0
4267,1,0.7409458160400391,0
4268,1,0.7409458160400391,0
4269,1,0.7409458160400391,0
4270,1,0.7409458160400391,0
4271,1,0.7409458160400391,0
4272,1,0.554457426071167,1
4273,1,0.619889497756958,1
4274,1,0.619889497756958,0
4275,1,0.619889497756958,0
4276,1,0.619889497756958,0
4277,1,0.619889497756958,0
4278,1,0.619889497756958,0
4279,1,0.619889497756958,0
4280,1,0.619889497756958,0
4281,1,0.619889497756958,0
4282,1,0.619889497756958,0
4283,1,0.619889497756958,0
4284,1,0.619889497756958,0
4285,1,0.619889497756958,0
4286,1,0.619889497756958,0
4287,1,0.619889497756958,0
4288,1,0.619889497756958,0
4289,1,0.619889497756958,0
4290,1,0.7024390697479248,1
4291,1,0.7024390697479248,0
4292,1,0.7024390697479248,0
4293,1,0.7024390697479248,0
4294,1,0.7024390697479248,0
4295,1,0.7024390697479248,0
4296,1,0.7014707922935486,1
4297,1,0.7014707922935486,0
4298,1,0.7014707922935486,0
4299,1,0.7014707922935486,0
4300,1,0.7014707922935486,0
4301,1,0.7014707922935486,0
4302,1,0.7014707922935486,0
4303,1,0.7014707922935486,0
4304,1,0.7014707922935486,0
4305,1,0.7014707922935486,0
4306,1,0.5787895917892456,1
4307,1,0.5787895917892456,0
4308,1,0.5787895917892456,0
4309,1,0.5787895917892456,0
4310,1,0.5787895917892456,0
4311,1,0.5787895917892456,0
4312,1,0.5787895917892456,0
4313,1,0.5787895917892456,0
4314,1,0.5787895917892456,0
4315,1,0.5787895917892456,0
4316,1,0.5787895917892456,0
4317,1,0.5787895917892456,0
4318,1,0.5787895917892456,0
4319,1,0.5787895917892456,0
4320,1,0.8718734383583069,1
4321,1,0.8718734383583069,0
4322,1,0.8718734383583069,0
4323,1,0.8718734383583069,0
4324,1,0.8718734383583069,0
4325,1,0.8718734383583069,0
4326,1,0.8718734383583069,0
4327,1,0.8718734383583069,0
4328,1,0.8718734383583069,0
4329,1,0.7021245360374451,1
4330,1,0.7021245360374451,0
4331,1,0.8803573846817017,1
4332,1,0.8803573846817017,0
4333,1,0.8803573846817017,0
4334,1,0.8803573846817017,0
4335,1,0.8803573846817017,0
4336,1,0.8803573846817017,0
4337,1,0.8803573846817017,0
4338,1,0.8803573846817017,0
4339,1,0.8803573846817017,0
4340,1,0.8803573846817017,0
4341,1,0.8803573846817017,0
4342,1,0.8803573846817017,0
4343,1,0.6175620555877686,1
4344,1,0.6175620555877686,0
4345,1,0.6175620555877686,0
4346,1,0.6175620555877686,0
4347,1,0.7373807430267334,1
4348,1,0.7373807430267334,0
4349,1,0.7373807430267334,0
4350,1,0.6385402083396912,1
4351,1,0.6385402083396912,0
4352,1,0.6385402083396912,0
4353,1,0.6385402083396912,0
4354,1,0.6385402083396912,0
4355,1,0.6385402083396912,0
4356,1,0.6839593648910522,1
4357,1,0.6839593648910522,0
4358,1,0.6839593648910522,0
4359,1,0.6839593648910522,0
4360,1,0.6839593648910522,0
4361,1,0.6839593648910522,0
4362,1,0.6839593648910522,0
4363,1,0.6839593648910522,0
4364,1,0.6839593648910522,0
4365,1,0.6839593648910522,0
4366,1,0.6839593648910522,0
4367,1,0.6839593648910522,0
4368,1,0.6839593648910522,0
4369,1,0.6839593648910522,0
4370,1,0.6839593648910522,0
4371,1,0.6839593648910522,0
4372,1,0.63667231798172,1
4373,1,0.63667231798172,0
4374,1,0.63667231798172,0
4375,1,0.63667231798172,0
4376,1,0.63667231798172,0
4377,1,0.63667231798172,0
4378,1,0.63667231798172,0
4379,1,0.63667231798172,0
4380,1,0.7200338244438171,1
4381,1,0.7200338244438171,0
4382,1,0.7200338244438171,0
4383,1,0.7200338244438171,0
4384,1,0.7200338244438171,0
4385,1,0.7200338244438171,0
4386,1,0.7200338244438171,0
4387,1,0.6419847011566162,1
4388,1,0.6419847011566162,0
4389,1,0.6419847011566162,0
4390,1,0.6419847011566162,0
4391,1,0.6419847011566162,0
4392,1,0.6419847011566162,0
4393,1,0.6419847011566162,0
4394,1,0.6419847011566162,0
4395,1,0.6419847011566162,0
4396,1,0.6419847011566162,0
4397,1,0.6419847011566162,0
4398,1,0.6419847011566162,0
4399,1,0.6419847011566162,0
4400,1,0.6419847011566162,0
4401,1,0.6419847011566162,0
4402,1,0.6419847011566162,0
4403,1,0.6419847011566162,0
4404,1,0.6419847011566162,0
4405,1,0.6419847011566162,0
4406,1,0.6419847011566162,0
4407,1,0.6419847011566162,0
4408,1,0.6419847011566162,0
4409,1,0.6419847011566162,0
4410,1,0.6381169557571411,1
4411,1,0.6381169557571411,0
4412,1,0.6381169557571411,0
4413,1,0.6381169557571411,0
4414,1,0.6381169557571411,0
4415,1,0.6381169557571411,0
4416,1,0.7528173923492432,1
4417,1,0.7528173923492432,0
4418,1,0.6909738183021545,1
4419,1,0.6909738183021545,0
4420,1,0.6909738183021545,0
4421,1,0.6909738183021545,0
4422,1,0.6909738183021545,0
4423,1,0.6909738183021545,0
4424,1,0.6909738183021545,0
4425,1,0.6909738183021545,0
4426,1,0.6909738183021545,0
4427,1,0.6909738183021545,0
4428,1,0.6909738183021545,0
4429,1,0.6909738183021545,0
4430,1,0.6909738183021545,0
4431,1,0.6909738183021545,0
4432,1,0.6909738183021545,0
4433,1,0.6909738183021545,0
4434,1,0.6909738183021545,0
4435,1,0.721778929233551,1
4436,1,0.721778929233551,0
4437,1,0.721778929233551,0
4438,1,0.721778929233551,0
4439,1,0.721778929233551,0
4440,1,0.7551673650741577,1
4441,1,0.7551673650741577,0
4442,1,0.7551673650741577,0
4443,1,0.7551673650741577,0
4444,1,0.7551673650741577,0
4445,1,0.7551673650741577,0
4446,1,0.7551673650741577,0
4447,1,0.7551673650741577,0
4448,1,0.7551673650741577,0
4449,1,0.7551673650741577,0
4450,1,0.7551673650741577,0
4451,1,0.7551673650741577,0
4452,1,0.7551673650741577,0
4453,1,0.7551673650741577,0
4454,1,0.7551673650741577,0
4455,1,0.7551673650741577,0
4456,1,0.7551673650741577,0
4457,1,0.7551673650741577,0
4458,1,0.7551673650741577,0
4459,1,0.7551673650741577,0
4460,1,0.7551673650741577,0
4461,1,0.7551673650741577,0
4462,1,0.7551673650741577,0
4463,1,0.7551673650741577,0
4464,1,0.7551673650741577,0
4465,1,0.7551673650741577,0
4466,1,0.7551673650741577,0
4467,1,0.7551673650741577,0
4468,1,0.7551673650741577,0
4469,1,0.7551673650741577,0
4470,1,0.6710618138313293,1
4471,1,0.6710618138313293,0
4472,1,0.6710618138313293,0
4473,1,0.6710618138313293,0
4474,1,0.6710618138313293,0
4475,1,0.6710618138313293,0
4476,1,0.6626810431480408,1
4477,1,0.6626810431480408,0
4478,1,0.6626810431480408,0
4479,1,0.6626810431480408,0
4480,1,0.6626810431480408,0
4481,1,0.6626810431480408,0
4482,1,0.6626810431480408,0
4483,1,0.6626810431480408,0
4484,1,0.6626810431480408,0
4485,1,0.6626810431480408,0
4486,1,0.6626810431480408,0
4487,1,0.6626810431480408,0
4488,1,0.7274638414382935,1
4489,1,0.7274638414382935,0
4490,1,0.7274638414382935,0
4491,1,0.7274638414382935,0
4492,1,0.7274638414382935,0
4493,1,0.7274638414382935,0
4494,1,0.619544506072998,1
4495,1,0.619544506072998,0
4496,1,0.619544506072998,0
4497,1,0.619544506072998,0
4498,1,0.619544506072998,0
4499,1,0.619544506072998,0
4500,1,0.720902144908905,1
4501,1,0.720902144908905,0
4502,1,0.720902144908905,0
4503,1,0.720902144908905,0
4504,1,0.720902144908905,0
4505,1,0.720902144908905,0
4506,1,0.720902144908905,0
4507,1,0.720902144908905,0
4508,1,0.720902144908905,0
4509,1,0.720902144908905,0
4510,1,0.720902144908905,0
4511,1,0.720902144908905,0
4512,1,0.6330323815345764,1
4513,1,0.6330323815345764,0
4514,1,0.6330323815345764,0
4515,1,0.6330323815345764,0
4516,1,0.6330323815345764,0
4517,1,0.6330323815345764,0
4518,1,0.6509606242179871,1
4519,1,0.6509606242179871,0
4520,1,0.6509606242179871,0
4521,1,0.6509606242179871,0
4522,1,0.6509606242179871,0
4523,1,0.6509606242179871,0
4524,1,0.6509606242179871,0
4525,1,0.6509606242179871,0
4526,1,0.6509606242179871,0
4527,1,0.6509606242179871,0
4528,1,0.6509606242179871,0
4529,1,0.6509606242179871,0
4530,1,0.6509606242179871,0
4531,1,0.6509606242179871,0
4532,1,0.6509606242179871,0
4533,1,0.6509606242179871,0
4534,1,0.6509606242179871,0
4535,1,0.6509606242179871,0
4536,1,0.7039686441421509,1
4537,1,0.7039686441421509,0
4538,1,0.7039686441421509,0
4539,1,0.7039686441421509,0
4540,1,0.7039686441421509,0
4541,1,0.7039686441421509,0
4542,1,0.7039686441421509,0
4543,1,0.7039686441421509,0
4544,1,0.7039686441421509,0
4545,1,0.7039686441421509,0
4546,1,0.7039686441421509,0
4547,1,0.7039686441421509,0
4548,1,0.7039686441421509,0
4549,1,0.7607187032699585,1
4550,1,0.7607187032699585,0
4551,1,0.7607187032699585,0
4552,1,0.7607187032699585,0
4553,1,0.7607187032699585,0
4554,1,0.7607187032699585,0
4555,1,0.7607187032699585,0
4556,1,0.7607187032699585,0
4557,1,0.7607187032699585,0
4558,1,0.7607187032699585,0
4559,1,0.7607187032699585,0
4560,1,0.8359007239341736,1
4561,1,0.8359007239341736,0
4562,1,0.6996617317199707,1
4563,1,0.6996617317199707,0
4564,1,0.6996617317199707,0
4565,1,0.6996617317199707,0
4566,1,0.6996617317199707,0
4567,1,0.6996617317199707,0
4568,1,0.6996617317199707,0
4569,1,0.6996617317199707,0
4570,1,0.6996617317199707,0
4571,1,0.6996617317199707,0
4572,1,0.6996617317199707,0
4573,1,0.6996617317199707,0
4574,1,0.6453255414962769,1
4575,1,0.7651567459106445,1
4576,1,0.7651567459106445,0
4577,1,0.7651567459106445,0
4578,1,0.7651567459106445,0
4579,1,0.7651567459106445,0
4580,1,0.7651567459106445,0
4581,1,0.8776315450668335,1
4582,1,0.8776315450668335,0
4583,1,0.8776315450668335,0
4584,1,0.8776315450668335,0
4585,1,0.8776315450668335,0
4586,1,0.8776315450668335,0
4587,1,0.8776315450668335,0
4588,1,0.8776315450668335,0
4589,1,0.8776315450668335,0
4590,1,0.5606565475463867,1
4591,1,0.5606565475463867,0
4592,1,0.5606565475463867,0
4593,1,0.5606565475463867,0
4594,1,0.5606565475463867,0
4595,1,0.5606565475463867,0
4596,1,0.6534198522567749,1
4597,1,0.6534198522567749,0
4598,1,0.6534198522567749,0
4599,1,0.6534198522567749,0
4600,1,0.6534198522567749,0
4601,1,0.6534198522567749,0
4602,1,0.6534198522567749,0
4603,1,0.6534198522567749,0
4604,1,0.6534198522567749,0
4605,1,0.6050354838371277,1
4606,1,0.6050354838371277,0
4607,1,0.6050354838371277,0
4608,1,0.6050354838371277,0
4609,1,0.6050354838371277,0
4610,1,0.6050354838371277,0
4611,1,0.6050354838371277,0
4612,1,0.6050354838371277,0
4613,1,0.6050354838371277,0
4614,1,0.6050354838371277,0
4615,1,0.6050354838371277,0
4616,1,0.6050354838371277,0
4617,1,0.6050354838371277,0
4618,1,0.6050354838371277,0
4619,1,0.6050354838371277,0
4620,1,0.6928520202636719,1
4621,1,0.6928520202636719,0
4622,1,0.6928520202636719,0
4623,1,0.6928520202636719,0
4624,1,0.6928520202636719,0
4625,1,0.6928520202636719,0
4626,1,0.6928520202636719,0
4627,1,0.6928520202636719,0
4628,1,0.6928520202636719,0
4629,1,0.6928520202636719,0
4630,1,0.6928520202636719,0
4631,1,0.6928520202636719,0
4632,1,0.6928520202636719,0
4633,1,0.6928520202636719,0
4634,1,0.6928520202636719,0
4635,1,0.6928520202636719,0
4636,1,0.6928520202636719,0
4637,1,0.6147942543029785,1
4638,1,0.6147942543029785,0
4639,1,0.8115594983100891,1
4640,1,0.8115594983100891,0
4641,1,0.8115594983100891,0
4642,1,0.8115594983100891,0
4643,1,0.8115594983100891,0
4644,1,0.841021716594696,1
4645,1,0.841021716594696,0
4646,1,0.841021716594696,0
4647,1,0.841021716594696,0
4648,1,0.841021716594696,0
4649,1,0.841021716594696,0
4650,1,0.5856489539146423,1
4651,1,0.5856489539146423,0
4652,1,0.5856489539146423,0
4653,1,0.5856489539146423,0
4654,1,0.5856489539146423,0
4655,1,0.5856489539146423,0
4656,1,0.5856489539146423,0
4657,1,0.5856489539146423,0
4658,1,0.5856489539146423,0
4659,1,0.5856489539146423,0
4660,1,0.5856489539146423,0
4661,1,0.5856489539146423,0
4662,1,0.5856489539146423,0
4663,1,0.5856489539146423,0
4664,1,0.5856489539146423,0
4665,1,0.7694797515869141,1
4666,1,0.7694797515869141,0
4667,1,0.7694797515869141,0
4668,1,0.7694797515869141,0
4669,1,0.7694797515869141,0
4670,1,0.7694797515869141,0
4671,1,0.7694797515869141,0
4672,1,0.7694797515869141,0
4673,1,0.7694797515869141,0
4674,1,0.7694797515869141,0
4675,1,0.7694797515869141,0
4676,1,0.7694797515869141,0
4677,1,0.7694797515869141,0
4678,1,0.7694797515869141,0
4679,1,0.7694797515869141,0
4680,1,0.8609735369682312,1
4681,1,0.8609735369682312,0
4682,1,0.8609735369682312,0
4683,1,0.8609735369682312,0
4684,1,0.8609735369682312,0
4685,1,0.8609735369682312,0
4686,1,0.8609735369682312,0
4687,1,0.5842627286911011,1
4688,1,0.5842627286911011,0
4689,1,0.5842627286911011,0
4690,1,0.5842627286911011,0
4691,1,0.5842627286911011,0
4692,1,0.5842627286911011,0
4693,1,0.5842627286911011,0
4694,1,0.5842627286911011,0
4695,1,0.5842627286911011,0
4696,1,0.5842627286911011,0
4697,1,0.5842627286911011,0
4698,1,0.5842627286911011,0
4699,1,0.5842627286911011,0
4700,1,0.59499192237854,1
4701,1,0.59499192237854,0
4702,1,0.6364490985870361,1
4703,1,0.6364490985870361,0
4704,1,0.6364490985870361,0
4705,1,0.5928348302841187,1
4706,1,0.6488339304924011,1
4707,1,0.6488339304924011,0
4708,1,0.6488339304924011,0
4709,1,0.6488339304924011,0
4710,1,0.7058742046356201,1
4711,1,0.7058742046356201,0
4712,1,0.7058742046356201,0
4713,1,0.7058742046356201,0
4714,1,0.7058742046356201,0
4715,1,0.7058742046356201,0
4716,1,0.7058742046356201,0
4717,1,0.7058742046356201,0
4718,1,0.7058742046356201,0
4719,1,0.7058742046356201,0
4720,1,0.7058742046356201,0
4721,1,0.7058742046356201,0
4722,1,0.7058742046356201,0
4723,1,0.7058742046356201,0
4724,1,0.7058742046356201,0
4725,1,0.7058742046356201,0
4726,1,0.7058742046356201,0
4727,1,0.7058742046356201,0
4728,1,0.6216221451759338,1
4729,1,0.6216221451759338,0
4730,1,0.6216221451759338,0
4731,1,0.6216221451759338,0
4732,1,0.6216221451759338,0
4733,1,0.5969998836517334,1
4734,1,0.5969998836517334,0
4735,1,0.5969998836517334,0
4736,1,0.5969998836517334,0
4737,1,0.5969998836517334,0
4738,1,0.5937076807022095,1
4739,1,0.5937076807022095,0
4740,1,0.699424147605896,1
4741,1,0.699424147605896,0
4742,1,0.699424147605896,0
4743,1,0.699424147605896,0
4744,1,0.699424147605896,0
4745,1,0.699424147605896,0
4746,1,0.699424147605896,0
4747,1,0.699424147605896,0
4748,1,0.699424147605896,0
4749,1,0.699424147605896,0
4750,1,0.699424147605896,0
4751,1,0.699424147605896,0
4752,1,0.699424147605896,0
4753,1,0.699424147605896,0
4754,1,0.699424147605896,0
4755,1,0.699424147605896,0
4756,1,0.699424147605896,0
4757,1,0.699424147605896,0
4758,1,0.6334731578826904,1
4759,1,0.6334731578826904,0
4760,1,0.6591022610664368,1
4761,1,0.6591022610664368,0
4762,1,0.6591022610664368,0
4763,1,0.6591022610664368,0
4764,1,0.6591022610664368,0
4765,1,0.6591022610664368,0
4766,1,0.6591022610664368,0
4767,1,0.6591022610664368,0
4768,1,0.6591022610664368,0
4769,1,0.6591022610664368,0
4770,1,0.6591022610664368,0
4771,1,0.6591022610664368,0
4772,1,0.6591022610664368,0
4773,1,0.6591022610664368,0
4774,1,0.6591022610664368,0
4775,1,0.6591022610664368,0
4776,1,0.6591022610664368,0
4777,1,0.6591022610664368,0
4778,1,0.6591022610664368,0
4779,1,0.6591022610664368,0
4780,1,0.6591022610664368,0
4781,1,0.6591022610664368,0
4782,1,0.6591022610664368,0
4783,1,0.6591022610664368,0
4784,1,0.6591022610664368,0
4785,1,0.6591022610664368,0
4786,1,0.6591022610664368,0
4787,1,0.6591022610664368,0
4788,1,0.6591022610664368,0
4789,1,0.6591022610664368,0
4790,1,0.6591022610664368,0
4791,1,0.6591022610664368,0
4792,1,0.6591022610664368,0
4793,1,0.6591022610664368,0
4794,1,0.6591022610664368,0
4795,1,0.6591022610664368,0
4796,1,0.6591022610664368,0
4797,1,0.6591022610664368,0
4798,1,0.6591022610664368,0
4799,1,0.6591022610664368,0
4800,1,0.6877197623252869,1
4801,1,0.6877197623252869,0
4802,1,0.6877197623252869,0
4803,1,0.6877197623252869,0
4804,1,0.6877197623252869,0
4805,1,0.6877197623252869,0
4806,1,0.6877197623252869,0
4807,1,0.6877197623252869,0
4808,1,0.6877197623252869,0
4809,1,0.6877197623252869,0
4810,1,0.6877197623252869,0
4811,1,0.6877197623252869,0
4812,1,0.6877197623252869,0
4813,1,0.6877197623252869,0
4814,1,0.6877197623252869,0
4815,1,0.6877197623252869,0
4816,1,0.6877197623252869,0
4817,1,0.6877197623252869,0
4818,1,0.6877197623252869,0
4819,1,0.6877197623252869,0
4820,1,0.7247500419616699,1
4821,1,0.7247500419616699,0
4822,1,0.7247500419616699,0
4823,1,0.7247500419616699,0
4824,1,0.7247500419616699,0
4825,1,0.7247500419616699,0
4826,1,0.7247500419616699,0
4827,1,0.7247500419616699,0
4828,1,0.7247500419616699,0
4829,1,0.7247500419616699,0
4830,1,0.569444477558136,1
4831,1,0.8892666101455688,1
4832,1,0.8892666101455688,0
4833,1,0.8892666101455688,0
4834,1,0.8892666101455688,0
4835,1,0.8892666101455688,0
4836,1,0.8892666101455688,0
4837,1,0.8892666101455688,0
4838,1,0.8892666101455688,0
4839,1,0.8892666101455688,0
4840,1,0.8892666101455688,0
4841,1,0.5363458395004272,1
4842,1,0.5363458395004272,0
4843,1,0.5363458395004272,0
4844,1,0.5363458395004272,0
4845,1,0.5363458395004272,0
4846,1,0.5363458395004272,0
4847,1,0.5363458395004272,0
4848,1,0.5407968759536743,1
4849,1,0.5407968759536743,0
4850,1,0.5407968759536743,0
4851,1,0.5407968759536743,0
4852,1,0.47168198227882385,1
4853,1,0.47168198227882385,0
4854,1,0.47168198227882385,0
4855,1,0.47168198227882385,0
4856,1,0.47168198227882385,0
4857,1,0.47168198227882385,0
4858,1,0.47168198227882385,0
4859,1,0.47168198227882385,0
4860,1,0.6038135886192322,1
4861,1,0.6038135886192322,0
4862,1,0.6038135886192322,0
4863,1,0.6038135886192322,0
4864,1,0.6038135886192322,0
4865,1,0.6038135886192322,0
4866,1,0.6038135886192322,0
4867,1,0.6038135886192322,0
4868,1,0.6038135886192322,0
4869,1,0.497433066368103,1
4870,1,0.497433066368103,0
4871,1,0.497433066368103,0
4872,1,0.6204742789268494,1
4873,1,0.6204742789268494,0
4874,1,0.6204742789268494,0
4875,1,0.6204742789268494,0
4876,1,0.6204742789268494,0
4877,1,0.6204742789268494,0
4878,1,0.4802447557449341,1
4879,1,0.4802447557449341,0
4880,1,0.5836138725280762,1
4881,1,0.5836138725280762,0
4882,1,0.5836138725280762,0
4883,1,0.5836138725280762,0
4884,1,0.6521267890930176,1
4885,1,0.6521267890930176,0
4886,1,0.6521267890930176,0
4887,1,0.6521267890930176,0
4888,1,0.6521267890930176,0
4889,1,0.6521267890930176,0
4890,1,0.5648618340492249,1
4891,1,0.5648618340492249,0
4892,1,0.5648618340492249,0
4893,1,0.5648618340492249,0
4894,1,0.5648618340492249,0
4895,1,0.5648618340492249,0
4896,1,0.5648618340492249,0
4897,1,0.5648618340492249,0
4898,1,0.5648618340492249,0
4899,1,0.5648618340492249,0
4900,1,0.5648618340492249,0
4901,1,0.5648618340492249,0
4902,1,0.5648618340492249,0
4903,1,0.5648618340492249,0
4904,1,0.5648618340492249,0
4905,1,0.5648618340492249,0
4906,1,0.5648618340492249,0
4907,1,0.5648618340492249,0
4908,1,0.5648618340492249,0
4909,1,0.5648618340492249,0
4910,1,0.5648618340492249,0
4911,1,0.5648618340492249,0
4912,1,0.4881572723388672,1
4913,1,0.4881572723388672,0
4914,1,0.4881572723388672,0
4915,1,0.4881572723388672,0
4916,1,0.4881572723388672,0
4917,1,0.4881572723388672,0
4918,1,0.4881572723388672,0
4919,1,0.4881572723388672,0
4920,1,0.5930183529853821,1
4921,1,0.5930183529853821,0
4922,1,0.5930183529853821,0
4923,1,0.5930183529853821,0
4924,1,0.5930183529853821,0
4925,1,0.5930183529853821,0
4926,1,0.5930183529853821,0
4927,1,0.5930183529853821,0
4928,1,0.5604017972946167,1
4929,1,0.5604017972946167,0
4930,1,0.5604017972946167,0
4931,1,0.5604017972946167,0
4932,1,0.5604017972946167,0
4933,1,0.5604017972946167,0
4934,1,0.5270766019821167,1
4935,1,0.5270766019821167,0
4936,1,0.5270766019821167,0
4937,1,0.5270766019821167,0
4938,1,0.5270766019821167,0
4939,1,0.5270766019821167,0
4940,1,0.589506983757019,1
4941,1,0.589506983757019,0
4942,1,0.589506983757019,0
4943,1,0.589506983757019,0
4944,1,0.4929722249507904,1
4945,1,0.4929722249507904,0
4946,1,0.4929722249507904,0
4947,1,0.4929722249507904,0
4948,1,0.4929722249507904,0
4949,1,0.4929722249507904,0
4950,1,0.6267708539962769,1
4951,1,0.6267708539962769,0
4952,1,0.6267708539962769,0
4953,1,0.6267708539962769,0
4954,1,0.6267708539962769,0
4955,1,0.6267708539962769,0
4956,1,0.5011346936225891,1
4957,1,0.5011346936225891,0
4958,1,0.5011346936225891,0
4959,1,0.5011346936225891,0
4960,1,0.5011346936225891,0
4961,1,0.5011346936225891,0
4962,1,0.5011346936225891,0
4963,1,0.5011346936225891,0
4964,1,0.5011346936225891,0
4965,1,0.5011346936225891,0
4966,1,0.5011346936225891,0
4967,1,0.5011346936225891,0
4968,1,0.5011346936225891,0
4969,1,0.5011346936225891,0
4970,1,0.5011346936225891,0
4971,1,0.5011346936225891,0
4972,1,0.5011346936225891,0
4973,1,0.5011346936225891,0
4974,1,0.5011346936225891,0
4975,1,0.5011346936225891,0
4976,1,0.5011346936225891,0
4977,1,0.5011346936225891,0
4978,1,0.5011346936225891,0
4979,1,0.5011346936225891,0
4980,1,0.6205117106437683,1
4981,1,0.6205117106437683,0
4982,1,0.6205117106437683,0
4983,1,0.6205117106437683,0
4984,1,0.6205117106437683,0
4985,1,0.6205117106437683,0
4986,1,0.6205117106437683,0
4987,1,0.6205117106437683,0
4988,1,0.6205117106437683,0
4989,1,0.6205117106437683,0
4990,1,0.6205117106437683,0
4991,1,0.6205117106437683,0
4992,1,0.6205117106437683,0
4993,1,0.6205117106437683,0
4994,1,0.6205117106437683,0
4995,1,0.6205117106437683,0
4996,1,0.6205117106437683,0
4997,1,0.6205117106437683,0
4998,1,0.6205117106437683,0
4999,1,0.6205117106437683,0
5000,1,0.5200641751289368,1
5001,1,0.5200641751289368,0
5002,1,0.5200641751289368,0
5003,1,0.5200641751289368,0
5004,1,0.5200641751289368,0
5005,1,0.5200641751289368,0
5006,1,0.5200641751289368,0
5007,1,0.5200641751289368,0
5008,1,0.5200641751289368,0
5009,1,0.5200641751289368,0
5010,1,0.5872381925582886,1
5011,1,0.5872381925582886,0
5012,1,0.5872381925582886,0
5013,1,0.5872381925582886,0
5014,1,0.5872381925582886,0
5015,1,0.5872381925582886,0
5016,1,0.5872381925582886,0
5017,1,0.5872381925582886,0
5018,1,0.515504002571106,1
5019,1,0.515504002571106,0
5020,1,0.515504002571106,0
5021,1,0.515504002571106,0
5022,1,0.515504002571106,0
5023,1,0.515504002571106,0
5024,1,0.515504002571106,0
5025,1,0.515504002571106,0
5026,1,0.515504002571106,0
5027,1,0.515504002571106,0
5028,1,0.515504002571106,0
5029,1,0.515504002571106,0
5030,1,0.515504002571106,0
5031,1,0.515504002571106,0
5032,1,0.515504002571106,0
5033,1,0.515504002571106,0
5034,1,0.515504002571106,0
5035,1,0.515504002571106,0
5036,1,0.515504002571106,0
5037,1,0.515504002571106,0
5038,1,0.515504002571106,0
5039,1,0.515504002571106,0
5040,1,0.751079261302948,1
5041,1,0.751079261302948,0
5042,1,0.751079261302948,0
5043,1,0.751079261302948,0
5044,1,0.751079261302948,0
5045,1,0.751079261302948,0
5046,1,0.751079261302948,0
5047,1,0.751079261302948,0
5048,1,0.751079261302948,0
5049,1,0.751079261302948,0
5050,1,0.751079261302948,0
5051,1,0.751079261302948,0
5052,1,0.751079261302948,0
5053,1,0.751079261302948,0
5054,1,0.751079261302948,0
5055,1,0.751079261302948,0
5056,1,0.751079261302948,0
5057,1,0.751079261302948,0
5058,1,0.751079261302948,0
5059,1,0.751079261302948,0
5060,1,0.4597087502479553,1
5061,1,0.4597087502479553,0
5062,1,0.4597087502479553,0
5063,1,0.4597087502479553,0
5064,1,0.4597087502479553,0
5065,1,0.4597087502479553,0
5066,1,0.4597087502479553,0
5067,1,0.4597087502479553,0
5068,1,0.4597087502479553,0
5069,1,0.4597087502479553,0
5070,1,0.6052608489990234,1
5071,1,0.6052608489990234,0
5072,1,0.6052608489990234,0
5073,1,0.6052608489990234,0
5074,1,0.6052608489990234,0
5075,1,0.6052608489990234,0
5076,1,0.6052608489990234,0
5077,1,0.6052608489990234,0
5078,1,0.6052608489990234,0
5079,1,0.6052608489990234,0
5080,1,0.6052608489990234,0
5081,1,0.894699215888977,1
5082,1,0.894699215888977,0
5083,1,0.894699215888977,0
5084,1,0.5023089647293091,1
5085,1,0.5023089647293091,0
5086,1,0.5023089647293091,0
5087,1,0.5023089647293091,0
5088,1,0.5023089647293091,0
5089,1,0.5023089647293091,0
5090,1,0.5023089647293091,0
5091,1,0.5023089647293091,0
5092,1,0.5023089647293091,0
5093,1,0.5023089647293091,0
5094,1,0.5023089647293091,0
5095,1,0.5023089647293091,0
5096,1,0.5023089647293091,0
5097,1,0.5023089647293091,0
5098,1,0.5023089647293091,0
5099,1,0.5023089647293091,0
5100,1,0.48409217596054077,1
5101,1,0.48409217596054077,0
5102,1,0.48409217596054077,0
5103,1,0.6351715922355652,1
5104,1,0.6351715922355652,0
5105,1,0.6351715922355652,0
5106,1,0.6351715922355652,0
5107,1,0.6351715922355652,0
5108,1,0.6351715922355652,0
5109,1,0.6351715922355652,0
5110,1,0.6351715922355652,0
5111,1,0.6351715922355652,0
5112,1,0.41116514801979065,1
5113,1,0.41116514801979065,0
5114,1,0.41116514801979065,0
5115,1,0.41116514801979065,0
5116,1,0.41116514801979065,0
5117,1,0.41116514801979065,0
5118,1,0.41116514801979065,0
5119,1,0.41116514801979065,0
5120,1,0.41116514801979065,0
5121,1,0.41116514801979065,0
5122,1,0.38456153869628906,1
5123,1,0.38456153869628906,0
5124,1,0.38456153869628906,0
5125,1,0.38456153869628906,0
5126,1,0.38456153869628906,0
5127,1,0.38456153869628906,0
5128,1,0.38456153869628906,0
5129,1,0.38456153869628906,0
5130,1,0.458540141582489,1
5131,1,0.458540141582489,0
5132,1,0.34668898582458496,1
5133,1,0.34668898582458496,0
5134,1,0.34668898582458496,0
5135,1,0.34668898582458496,0
5136,1,0.34668898582458496,0
5137,1,0.34668898582458496,0
5138,1,0.34668898582458496,0
5139,1,0.34668898582458496,0
5140,1,0.34668898582458496,0
5141,1,0.34668898582458496,0
5142,1,0.34668898582458496,0
5143,1,0.34668898582458496,0
5144,1,0.34668898582458496,0
5145,1,0.34668898582458496,0
5146,1,0.34668898582458496,0
5147,1,0.34668898582458496,0
5148,1,0.4113924503326416,1
5149,1,0.4113924503326416,0
5150,1,0.4113924503326416,0
5151,1,0.34798264503479004,1
5152,1,0.34798264503479004,0
5153,1,0.34798264503479004,0
5154,1,0.34798264503479004,0
5155,1,0.34798264503479004,0
5156,1,0.34798264503479004,0
5157,1,0.34798264503479004,0
5158,1,0.34798264503479004,0
5159,1,0.34798264503479004,0
5160,1,0.5170519351959229,1
5161,1,0.5170519351959229,0
5162,1,0.5170519351959229,0
5163,1,0.5170519351959229,0
5164,1,0.5189759135246277,1
5165,1,0.5189759135246277,0
5166,1,0.5189759135246277,0
5167,1,0.5189759135246277,0
5168,1,0.5189759135246277,0
5169,1,0.5189759135246277,0
5170,1,0.5189759135246277,0
5171,1,0.5189759135246277,0
5172,1,0.5189759135246277,0
5173,1,0.5189759135246277,0
5174,1,0.5189759135246277,0
5175,1,0.5189759135246277,0
5176,1,0.5189759135246277,0
5177,1,0.5189759135246277,0
5178,1,0.3629816174507141,1
5179,1,0.3629816174507141,0
5180,1,0.3629816174507141,0
5181,1,0.3629816174507141,0
5182,1,0.3629816174507141,0
5183,1,0.3629816174507141,0
5184,1,0.42964351177215576,1
5185,1,0.42964351177215576,0
5186,1,0.42964351177215576,0
5187,1,0.42964351177215576,0
5188,1,0.42964351177215576,0
5189,1,0.42964351177215576,0
5190,1,0.5635799169540405,1
5191,1,0.5635799169540405,0
5192,1,0.5635799169540405,0
5193,1,0.5635799169540405,0
5194,1,0.5635799169540405,0
5195,1,0.5635799169540405,0
5196,1,0.5635799169540405,0
5197,1,0.5635799169540405,0
5198,1,0.5635799169540405,0
5199,1,0.5635799169540405,0
5200,1,0.5635799169540405,0
5201,1,0.5635799169540405,0
5202,1,0.5635799169540405,0
5203,1,0.5635799169540405,0
5204,1,0.5635799169540405,0
5205,1,0.5635799169540405,0
5206,1,0.4491247832775116,1
5207,1,0.4491247832775116,0
5208,1,0.4491247832775116,0
5209,1,0.4491247832775116,0
5210,1,0.4491247832775116,0
5211,1,0.4491247832775116,0
5212,1,0.4491247832775116,0
5213,1,0.4491247832775116,0
5214,1,0.4491247832775116,0
5215,1,0.4491247832775116,0
5216,1,0.4491247832775116,0
5217,1,0.4491247832775116,0
5218,1,0.4491247832775116,0
5219,1,0.4491247832775116,0
5220,1,0.5088100433349609,1
5221,1,0.5088100433349609,0
5222,1,0.5088100433349609,0
5223,1,0.49092695116996765,1
5224,1,0.43590936064720154,1
5225,1,0.43590936064720154,0
5226,1,0.43590936064720154,0
5227,1,0.43590936064720154,0
5228,1,0.43590936064720154,0
5229,1,0.43590936064720154,0
5230,1,0.43590936064720154,0
5231,1,0.3967139720916748,1
5232,1,0.3967139720916748,0
5233,1,0.3967139720916748,0
5234,1,0.3967139720916748,0
5235,1,0.3967139720916748,0
5236,1,0.3967139720916748,0
5237,1,0.3967139720916748,0
5238,1,0.3967139720916748,0
5239,1,0.3967139720916748,0
5240,1,0.3967139720916748,0
5241,1,0.3967139720916748,0
5242,1,0.3967139720916748,0
5243,1,0.3967139720916748,0
5244,1,0.3967139720916748,0
5245,1,0.3967139720916748,0
5246,1,0.3967139720916748,0
5247,1,0.3967139720916748,0
5248,1,0.3967139720916748,0
5249,1,0.3967139720916748,0
5250,1,0.48158663511276245,1
5251,1,0.48158663511276245,0
5252,1,0.48158663511276245,0
5253,1,0.48158663511276245,0
5254,1,0.48158663511276245,0
5255,1,0.48158663511276245,0
5256,1,0.48158663511276245,0
5257,1,0.48158663511276245,0
5258,1,0.48158663511276245,0
5259,1,0.48158663511276245,0
5260,1,0.48158663511276245,0
5261,1,0.48158663511276245,0
5262,1,0.48158663511276245,0
5263,1,0.5024442076683044,1
5264,1,0.5024442076683044,0
5265,1,0.5024442076683044,0
5266,1,0.5024442076683044,0
5267,1,0.5024442076683044,0
5268,1,0.5024442076683044,0
5269,1,0.5024442076683044,0
5270,1,0.5024442076683044,0
5271,1,0.5024442076683044,0
5272,1,0.5024442076683044,0
5273,1,0.5024442076683044,0
5274,1,0.5024442076683044,0
5275,1,0.5024442076683044,0
5276,1,0.5024442076683044,0
5277,1,0.5024442076683044,0
5278,1,0.5024442076683044,0
5279,1,0.5024442076683044,0
5280,1,0.5544731020927429,1
5281,1,0.5544731020927429,0
5282,1,0.5544731020927429,0
5283,1,0.347173810005188,1
5284,1,0.42875173687934875,1
5285,1,0.42875173687934875,0
5286,1,0.42875173687934875,0
5287,1,0.42875173687934875,0
5288,1,0.42875173687934875,0
5289,1,0.42875173687934875,0
5290,1,0.42875173687934875,0
5291,1,0.42875173687934875,0
5292,1,0.42875173687934875,0
5293,1,0.42875173687934875,0
5294,1,0.42875173687934875,0
5295,1,0.42875173687934875,0
5296,1,0.42875173687934875,0
5297,1,0.42875173687934875,0
5298,1,0.42875173687934875,0
5299,1,0.42875173687934875,0
5300,1,0.42875173687934875,0
5301,1,0.42875173687934875,0
5302,1,0.42875173687934875,0
5303,1,0.42875173687934875,0
5304,1,0.42875173687934875,0
5305,1,0.42875173687934875,0
5306,1,0.42875173687934875,0
5307,1,0.42875173687934875,0
5308,1,0.42875173687934875,0
5309,1,0.42875173687934875,0
5310,1,0.4921591281890869,1
5311,1,0.4921591281890869,0
5312,1,0.4921591281890869,0
5313,1,0.4921591281890869,0
5314,1,0.4921591281890869,0
5315,1,0.4921591281890869,0
5316,1,0.4921591281890869,0
5317,1,0.4921591281890869,0
5318,1,0.4921591281890869,0
5319,1,0.4921591281890869,0
5320,1,0.4921591281890869,0
5321,1,0.4921591281890869,0
5322,1,0.4921591281890869,0
5323,1,0.4921591281890869,0
5324,1,0.4921591281890869,0
5325,1,0.4921591281890869,0
5326,1,0.4921591281890869,0
5327,1,0.4921591281890869,0
5328,1,0.4921591281890869,0
5329,1,0.4921591281890869,0
5330,1,0.4921591281890869,0
5331,1,0.8954060673713684,1
5332,1,0.8954060673713684,0
5333,1,0.8954060673713684,0
5334,1,0.8954060673713684,0
5335,1,0.8954060673713684,0
5336,1,0.8954060673713684,0
5337,1,0.8954060673713684,0
5338,1,0.8954060673713684,0
5339,1,0.8954060673713684,0
5340,1,0.5099681615829468,1
5341,1,0.5099681615829468,0
5342,1,0.3467598259449005,1
5343,1,0.35840633511543274,1
5344,1,0.4447493851184845,1
5345,1,0.30860215425491333,1
5346,1,0.30860215425491333,0
5347,1,0.30860215425491333,0
5348,1,0.30860215425491333,0
5349,1,0.30860215425491333,0
5350,1,0.30860215425491333,0
5351,1,0.30860215425491333,0
5352,1,0.30860215425491333,0
5353,1,0.30860215425491333,0
5354,1,0.30860215425491333,0
5355,1,0.30860215425491333,0
5356,1,0.30860215425491333,0
5357,1,0.30860215425491333,0
5358,1,0.2815890312194824,1
5359,1,0.2815890312194824,0
5360,1,0.2815890312194824,0
5361,1,0.2815890312194824,0
5362,1,0.2815890312194824,0
5363,1,0.2815890312194824,0
5364,1,0.2815890312194824,0
5365,1,0.2815890312194824,0
5366,1,0.2815890312194824,0
5367,1,0.2815890312194824,0
5368,1,0.2815890312194824,0
5369,1,0.2815890312194824,0
5370,1,0.5083097815513611,1
5371,1,0.5083097815513611,0
5372,1,0.5083097815513611,0
5373,1,0.5083097815513611,0
5374,1,0.5083097815513611,0
5375,1,0.5083097815513611,0
5376,1,0.3233911395072937,1
5377,1,0.3233911395072937,0
5378,1,0.3233911395072937,0
5379,1,0.3233911395072937,0
5380,1,0.3233911395072937,0
5381,1,0.3233911395072937,0
5382,1,0.3233911395072937,0
5383,1,0.3233911395072937,0
5384,1,0.3233911395072937,0
5385,1,0.3233911395072937,0
5386,1,0.3233911395072937,0
5387,1,0.3233911395072937,0
5388,1,0.3233911395072937,0
5389,1,0.3233911395072937,0
5390,1,0.3233911395072937,0
5391,1,0.3233911395072937,0
5392,1,0.3233911395072937,0
5393,1,0.3233911395072937,0
5394,1,0.3233911395072937,0
5395,1,0.3233911395072937,0
5396,1,0.3233911395072937,0
5397,1,0.3233911395072937,0
5398,1,0.3233911395072937,0
5399,1,0.3233911395072937,0
5400,1,0.5466734170913696,1
5401,1,0.5466734170913696,0
5402,1,0.5466734170913696,0
5403,1,0.5466734170913696,0
5404,1,0.410360723733902,1
5405,1,0.410360723733902,0
5406,1,0.410360723733902,0
5407,1,0.410360723733902,0
5408,1,0.410360723733902,0
5409,1,0.410360723733902,0
5410,1,0.410360723733902,0
5411,1,0.410360723733902,0
5412,1,0.31061750650405884,1
5413,1,0.31061750650405884,0
5414,1,0.31061750650405884,0
5415,1,0.31061750650405884,0
5416,1,0.31061750650405884,0
5417,1,0.31061750650405884,0
5418,1,0.31061750650405884,0
5419,1,0.31061750650405884,0
5420,1,0.31061750650405884,0
5421,1,0.31061750650405884,0
5422,1,0.31061750650405884,0
5423,1,0.31061750650405884,0
5424,1,0.31061750650405884,0
5425,1,0.31061750650405884,0
5426,1,0.31061750650405884,0
5427,1,0.31061750650405884,0
5428,1,0.31061750650405884,0
5429,1,0.31061750650405884,0
5430,1,0.49437522888183594,1
5431,1,0.49437522888183594,0
5432,1,0.49437522888183594,0
5433,1,0.49437522888183594,0
5434,1,0.2984783351421356,1
5435,1,0.2984783351421356,0
5436,1,0.2986052930355072,1
5437,1,0.2986052930355072,0
5438,1,0.2986052930355072,0
5439,1,0.2986052930355072,0
5440,1,0.2986052930355072,0
5441,1,0.2986052930355072,0
5442,1,0.2986052930355072,0
5443,1,0.2986052930355072,0
5444,1,0.2986052930355072,0
5445,1,0.2986052930355072,0
5446,1,0.2986052930355072,0
5447,1,0.2986052930355072,0
5448,1,0.2986052930355072,0
5449,1,0.2986052930355072,0
5450,1,0.2986052930355072,0
5451,1,0.2986052930355072,0
5452,1,0.2986052930355072,0
5453,1,0.2986052930355072,0
5454,1,0.2986052930355072,0
5455,1,0.2986052930355072,0
5456,1,0.2986052930355072,0
5457,1,0.2986052930355072,0
5458,1,0.2986052930355072,0
5459,1,0.2986052930355072,0
5460,1,0.48780882358551025,1
5461,1,0.48780882358551025,0
5462,1,0.48780882358551025,0
5463,1,0.48780882358551025,0
5464,1,0.43730464577674866,1
5465,1,0.43730464577674866,0
5466,1,0.43730464577674866,0
5467,1,0.43730464577674866,0
5468,1,0.43730464577674866,0
5469,1,0.43730464577674866,0
5470,1,0.43730464577674866,0
5471,1,0.43730464577674866,0
5472,1,0.29345449805259705,1
5473,1,0.29345449805259705,0
5474,1,0.29345449805259705,0
5475,1,0.29345449805259705,0
5476,1,0.29345449805259705,0
5477,1,0.29345449805259705,0
5478,1,0.29345449805259705,0
5479,1,0.29345449805259705,0
5480,1,0.29345449805259705,0
5481,1,0.29345449805259705,0
5482,1,0.29345449805259705,0
5483,1,0.29345449805259705,0
5484,1,0.29345449805259705,0
5485,1,0.29345449805259705,0
5486,1,0.29345449805259705,0
5487,1,0.29345449805259705,0
5488,1,0.29345449805259705,0
5489,1,0.29345449805259705,0
5490,1,0.41228359937667847,1
5491,1,0.41228359937667847,0
5492,1,0.41228359937667847,0
5493,1,0.41228359937667847,0
5494,1,0.41228359937667847,0
5495,1,0.41228359937667847,0
5496,1,0.28400173783302307,1
5497,1,0.28400173783302307,0
5498,1,0.28400173783302307,0
5499,1,0.28400173783302307,0
5500,1,0.28400173783302307,0
5501,1,0.28400173783302307,0
5502,1,0.28400173783302307,0
5503,1,0.28400173783302307,0
5504,1,0.28400173783302307,0
5505,1,0.28400173783302307,0
5506,1,0.28400173783302307,0
5507,1,0.28400173783302307,0
5508,1,0.30478864908218384,1
5509,1,0.30478864908218384,0
5510,1,0.30478864908218384,0
5511,1,0.30478864908218384,0
5512,1,0.30478864908218384,0
5513,1,0.30478864908218384,0
5514,1,0.30478864908218384,0
5515,1,0.30478864908218384,0
5516,1,0.30478864908218384,0
5517,1,0.30478864908218384,0
5518,1,0.30478864908218384,0
5519,1,0.30478864908218384,0
5520,1,0.5703372359275818,1
5521,1,0.5703372359275818,0
5522,1,0.5703372359275818,0
5523,1,0.5703372359275818,0
5524,1,0.4180668592453003,1
5525,1,0.4180668592453003,0
5526,1,0.4180668592453003,0
5527,1,0.4180668592453003,0
5528,1,0.4180668592453003,0
5529,1,0.4180668592453003,0
5530,1,0.4180668592453003,0
5531,1,0.4180668592453003,0
5532,1,0.4180668592453003,0
5533,1,0.4180668592453003,0
5534,1,0.4180668592453003,0
5535,1,0.4180668592453003,0
5536,1,0.4180668592453003,0
5537,1,0.4180668592453003,0
5538,1,0.4180668592453003,0
5539,1,0.4180668592453003,0
5540,1,0.4180668592453003,0
5541,1,0.4180668592453003,0
5542,1,0.4180668592453003,0
5543,1,0.4180668592453003,0
5544,1,0.4180668592453003,0
5545,1,0.4180668592453003,0
5546,1,0.4180668592453003,0
5547,1,0.4180668592453003,0
5548,1,0.4180668592453003,0
5549,1,0.4180668592453003,0
5550,1,0.39486628770828247,1
5551,1,0.39486628770828247,0
5552,1,0.39486628770828247,0
5553,1,0.39486628770828247,0
5554,1,0.39486628770828247,0
5555,1,0.39486628770828247,0
5556,1,0.39486628770828247,0
5557,1,0.39486628770828247,0
5558,1,0.39486628770828247,0
5559,1,0.39486628770828247,0
5560,1,0.39486628770828247,0
5561,1,0.39486628770828247,0
5562,1,0.39486628770828247,0
5563,1,0.39486628770828247,0
5564,1,0.39486628770828247,0
5565,1,0.39486628770828247,0
5566,1,0.39486628770828247,0
5567,1,0.545914888381958,1
5568,1,0.545914888381958,0
5569,1,0.545914888381958,0
5570,1,0.545914888381958,0
5571,1,0.545914888381958,0
5572,1,0.545914888381958,0
5573,1,0.545914888381958,0
5574,1,0.545914888381958,0
5575,1,0.545914888381958,0
5576,1,0.545914888381958,0
5577,1,0.545914888381958,0
5578,1,0.545914888381958,0
5579,1,0.545914888381958,0
5580,1,0.4462089538574219,1
5581,1,0.8963679075241089,1
5582,1,0.8963679075241089,0
5583,1,0.8963679075241089,0
5584,1,0.8963679075241089,0
5585,1,0.8963679075241089,0
5586,1,0.8963679075241089,0
5587,1,0.8963679075241089,0
5588,1,0.8963679075241089,0
5589,1,0.8963679075241089,0
5590,1,0.8963679075241089,0
5591,1,0.8963679075241089,0
5592,1,0.8963679075241089,0
5593,1,0.8963679075241089,0
5594,1,0.8963679075241089,0
5595,1,0.28760090470314026,1
5596,1,0.28760090470314026,0
5597,1,0.28760090470314026,0
5598,1,0.28760090470314026,0
5599,1,0.28760090470314026,0
5600,1,0.28760090470314026,0
5601,1,0.28760090470314026,0
5602,1,0.28760090470314026,0
5603,1,0.28760090470314026,0
5604,1,0.29798126220703125,1
5605,1,0.29798126220703125,0
5606,1,0.29798126220703125,0
5607,1,0.29798126220703125,0
5608,1,0.29798126220703125,0
5609,1,0.29798126220703125,0
5610,1,0.38922178745269775,1
5611,1,0.38922178745269775,0
5612,1,0.38922178745269775,0
5613,1,0.38922178745269775,0
5614,1,0.38922178745269775,0
5615,1,0.38922178745269775,0
5616,1,0.2991347908973694,1
5617,1,0.2991347908973694,0
5618,1,0.2991347908973694,0
5619,1,0.2991347908973694,0
5620,1,0.2991347908973694,0
5621,1,0.2991347908973694,0
5622,1,0.2991347908973694,0
5623,1,0.2991347908973694,0
5624,1,0.2991347908973694,0
5625,1,0.2991347908973694,0
5626,1,0.2991347908973694,0
5627,1,0.2991347908973694,0
5628,1,0.41378897428512573,1
5629,1,0.41378897428512573,0
5630,1,0.41378897428512573,0
5631,1,0.41378897428512573,0
5632,1,0.41378897428512573,0
5633,1,0.41378897428512573,0
5634,1,0.41378897428512573,0
5635,1,0.41378897428512573,0
5636,1,0.41378897428512573,0
5637,1,0.41378897428512573,0
5638,1,0.41378897428512573,0
5639,1,0.41378897428512573,0
5640,1,0.46264228224754333,1
5641,1,0.46264228224754333,0
5642,1,0.46264228224754333,0
5643,1,0.46264228224754333,0
5644,1,0.46264228224754333,0
5645,1,0.46264228224754333,0
5646,1,0.46264228224754333,0
5647,1,0.46264228224754333,0
5648,1,0.46264228224754333,0
5649,1,0.46264228224754333,0
5650,1,0.46264228224754333,0
5651,1,0.46264228224754333,0
5652,1,0.21764838695526123,1
5653,1,0.21764838695526123,0
5654,1,0.21764838695526123,0
5655,1,0.21764838695526123,0
5656,1,0.21764838695526123,0
5657,1,0.21764838695526123,0
5658,1,0.21764838695526123,0
5659,1,0.21764838695526123,0
5660,1,0.21764838695526123,0
5661,1,0.21764838695526123,0
5662,1,0.21764838695526123,0
5663,1,0.21764838695526123,0
5664,1,0.2599810063838959,1
5665,1,0.2599810063838959,0
5666,1,0.2599810063838959,0
5667,1,0.2599810063838959,0
5668,1,0.2599810063838959,0
5669,1,0.2599810063838959,0
5670,1,0.3860307037830353,1
5671,1,0.3860307037830353,0
5672,1,0.3860307037830353,0
5673,1,0.3860307037830353,0
5674,1,0.3860307037830353,0
5675,1,0.3860307037830353,0
5676,1,0.217378631234169,1
5677,1,0.217378631234169,0
5678,1,0.217378631234169,0
5679,1,0.217378631234169,0
5680,1,0.217378631234169,0
5681,1,0.217378631234169,0
5682,1,0.217378631234169,0
5683,1,0.217378631234169,0
5684,1,0.217378631234169,0
5685,1,0.2780784070491791,1
5686,1,0.2780784070491791,0
5687,1,0.2780784070491791,0
5688,1,0.45952126383781433,1
5689,1,0.45952126383781433,0
5690,1,0.45952126383781433,0
5691,1,0.45952126383781433,0
5692,1,0.45952126383781433,0
5693,1,0.45952126383781433,0
5694,1,0.45952126383781433,0
5695,1,0.45952126383781433,0
5696,1,0.45952126383781433,0
5697,1,0.45952126383781433,0
5698,1,0.45952126383781433,0
5699,1,0.45952126383781433,0
5700,1,0.42369508743286133,1
5701,0,0.42369508743286133,0
5702,0,0.27040594816207886,1
5703,0,0.27040594816207886,0
5704,0,0.27040594816207886,0
5705,0,0.27040594816207886,0
5706,0,0.27040594816207886,0
5707,0,0.23033921420574188,1
5708,0,0.23033921420574188,0
5709,0,0.23033921420574188,0
5710,0,0.23033921420574188,0
5711,0,0.23033921420574188,0
5712,0,0.28641048073768616,1
5713,0,0.28641048073768616,0
5714,0,0.28641048073768616,0
5715,0,0.28641048073768616,0
5716,0,0.28641048073768616,0
5717,0,0.28641048073768616,0
5718,0,0.28641048073768616,0
5719,0,0.28641048073768616,0
5720,0,0.28641048073768616,0
5721,0,0.28641048073768616,0
5722,0,0.28641048073768616,0
5723,0,0.28641048073768616,0
5724,0,0.28641048073768616,0
5725,0,0.28641048073768616,0
5726,0,0.28641048073768616,0
5727,0,0.28641048073768616,0
5728,0,0.28641048073768616,0
5729,0,0.28641048073768616,0
5730,0,0.366414874792099,1
5731,0,0.366414874792099,0
5732,0,0.366414874792099,0
5733,0,0.366414874792099,0
5734,0,0.366414874792099,0
5735,0,0.366414874792099,0
5736,0,0.366414874792099,0
5737,0,0.366414874792099,0
5738,0,0.366414874792099,0
5739,0,0.366414874792099,0
5740,0,0.366414874792099,0
5741,0,0.366414874792099,0
5742,0,0.366414874792099,0
5743,0,0.366414874792099,0
5744,0,0.366414874792099,0
5745,0,0.366414874792099,0
5746,0,0.366414874792099,0
5747,0,0.366414874792099,0
5748,0,0.411323606967926,1
5749,0,0.411323606967926,0
5750,0,0.411323606967926,0
5751,0,0.411323606967926,0
5752,0,0.411323606967926,0
5753,0,0.411323606967926,0
5754,0,0.411323606967926,0
5755,0,0.411323606967926,0
5756,0,0.411323606967926,0
5757,0,0.411323606967926,0
5758,0,0.411323606967926,0
5759,0,0.411323606967926,0
5760,0,0.4676021337509155,1
5761,0,0.4676021337509155,0
5762,0,0.4676021337509155,0
5763,0,0.4676021337509155,0
5764,0,0.4676021337509155,0
5765,0,0.4676021337509155,0
5766,0,0.4676021337509155,0
5767,0,0.4676021337509155,0
5768,0,0.4676021337509155,0
5769,0,0.4676021337509155,0
5770,0,0.4676021337509155,0
5771,0,0.4676021337509155,0
5772,0,0.26136916875839233,1
5773,0,0.26136916875839233,0
5774,0,0.26136916875839233,0
5775,0,0.26136916875839233,0
5776,0,0.26136916875839233,0
5777,0,0.26136916875839233,0
5778,0,0.26136916875839233,0
5779,0,0.26136916875839233,0
5780,0,0.26136916875839233,0
5781,0,0.26136916875839233,0
5782,0,0.26136916875839233,0
5783,0,0.26136916875839233,0
5784,0,0.26136916875839233,0
5785,0,0.26136916875839233,0
5786,0,0.26136916875839233,0
5787,0,0.26136916875839233,0
5788,0,0.26136916875839233,0
5789,0,0.26136916875839233,0
5790,0,0.4444647431373596,1
5791,0,0.4444647431373596,0
5792,0,0.4444647431373596,0
5793,0,0.2666938900947571,1
5794,0,0.2666938900947571,0
5795,0,0.2666938900947571,0
5796,0,0.2666938900947571,0
5797,0,0.2666938900947571,0
5798,0,0.2666938900947571,0
5799,0,0.2666938900947571,0
5800,0,0.2666938900947571,0
5801,0,0.2666938900947571,0
5802,0,0.2666938900947571,0
5803,0,0.2666938900947571,0
5804,0,0.2666938900947571,0
5805,0,0.2666938900947571,0
5806,0,0.2666938900947571,0
5807,0,0.2666938900947571,0
5808,0,0.42873209714889526,1
5809,0,0.42873209714889526,0
5810,0,0.42873209714889526,0
5811,0,0.42873209714889526,0
5812,0,0.42873209714889526,0
5813,0,0.42873209714889526,0
5814,0,0.42873209714889526,0
5815,0,0.42873209714889526,0
5816,0,0.42873209714889526,0
5817,0,0.42873209714889526,0
5818,0,0.42873209714889526,0
5819,0,0.42873209714889526,0
5820,0,0.5123111605644226,1
5821,0,0.5123111605644226,0
5822,0,0.2757377624511719,1
5823,0,0.2757377624511719,0
5824,0,0.2757377624511719,0
5825,0,0.2757377624511719,0
5826,0,0.2757377624511719,0
5827,0,0.2757377624511719,0
5828,0,0.2757377624511719,0
5829,0,0.2757377624511719,0
5830,0,0.2757377624511719,0
5831,0,0.8968945145606995,1
5832,0,0.8968945145606995,0
5833,0,0.8968945145606995,0
5834,0,0.8968945145606995,0
5835,0,0.8968945145606995,0
5836,0,0.8968945145606995,0
5837,0,0.8968945145606995,0
5838,0,0.8968945145606995,0
5839,0,0.8968945145606995,0
5840,0,0.8968945145606995,0
5841,0,0.8968945145606995,0
5842,0,0.8968945145606995,0
5843,0,0.8968945145606995,0
5844,0,0.2367163449525833,1
5845,0,0.2367163449525833,0
5846,0,0.2367163449525833,0
5847,0,0.2367163449525833,0
5848,0,0.2367163449525833,0
5849,0,0.2367163449525833,0
5850,0,0.3582870066165924,1
5851,0,0.3582870066165924,0
5852,0,0.2223496288061142,1
5853,0,0.2223496288061142,0
5854,0,0.2223496288061142,0
5855,0,0.2223496288061142,0
5856,0,0.24526357650756836,1
5857,0,0.24526357650756836,0
5858,0,0.24526357650756836,0
5859,0,0.24526357650756836,0
5860,0,0.24526357650756836,0
5861,0,0.2164335697889328,1
5862,0,0.2164335697889328,0
5863,0,0.2164335697889328,0
5864,0,0.2164335697889328,0
5865,0,0.2164335697889328,0
5866,0,0.2164335697889328,0
5867,0,0.2164335697889328,0
5868,0,0.3788509964942932,1
5869,0,0.3788509964942932,0
5870,0,0.3788509964942932,0
5871,0,0.3788509964942932,0
5872,0,0.3788509964942932,0
5873,0,0.3788509964942932,0
5874,0,0.3788509964942932,0
5875,0,0.3788509964942932,0
5876,0,0.3788509964942932,0
5877,0,0.3788509964942932,0
5878,0,0.3788509964942932,0
5879,0,0.3788509964942932,0
5880,0,0.42823177576065063,1
5881,0,0.42823177576065063,0
5882,0,0.42823177576065063,0
5883,0,0.42823177576065063,0
5884,0,0.42823177576065063,0
5885,0,0.42823177576065063,0
5886,0,0.42823177576065063,0
5887,0,0.42823177576065063,0
5888,0,0.42823177576065063,0
5889,0,0.42823177576065063,0
5890,0,0.42823177576065063,0
5891,0,0.42823177576065063,0
5892,0,0.2139778584241867,1
5893,0,0.2139778584241867,0
5894,0,0.2139778584241867,0
5895,0,0.2139778584241867,0
5896,0,0.2139778584241867,0
5897,0,0.2139778584241867,0
5898,0,0.2139778584241867,0
5899,0,0.2139778584241867,0
5900,0,0.2139778584241867,0
5901,0,0.2139778584241867,0
5902,0,0.2139778584241867,0
5903,0,0.2139778584241867,0
5904,0,0.2139778584241867,0
5905,0,0.2139778584241867,0
5906,0,0.2139778584241867,0
5907,0,0.2139778584241867,0
5908,0,0.2139778584241867,0
5909,0,0.2139778584241867,0
5910,0,0.2743668258190155,1
5911,0,0.2743668258190155,0
5912,0,0.2743668258190155,0
5913,0,0.2743668258190155,0
5914,0,0.2743668258190155,0
5915,0,0.2743668258190155,0
5916,0,0.2743668258190155,0
5917,0,0.2743668258190155,0
5918,0,0.2743668258190155,0
5919,0,0.2743668258190155,0
5920,0,0.2743668258190155,0
5921,0,0.2743668258190155,0
5922,0,0.24725089967250824,1
5923,0,0.24725089967250824,0
5924,0,0.24725089967250824,0
5925,0,0.24725089967250824,0
5926,0,0.24725089967250824,0
5927,0,0.24725089967250824,0
5928,0,0.24725089967250824,0
5929,0,0.24725089967250824,0
5930,0,0.24725089967250824,0
5931,0,0.24725089967250824,0
5932,0,0.24725089967250824,0
5933,0,0.24725089967250824,0
5934,0,0.24725089967250824,0
5935,0,0.062044356018304825,1
5936,0,0.062044356018304825,0
5937,0,0.062044356018304825,0
5938,0,0.062044356018304825,0
5939,0,0.062044356018304825,0
5940,0,0.062044356018304825,0
5941,0,0.062044356018304825,0
5942,0,0.062044356018304825,0
5943,0,0.062044356018304825,0
5944,0,0.062044356018304825,0
5945,0,0.062044356018304825,0
5946,0,0.062044356018304825,0
5947,0,0.062044356018304825,0
5948,0,0.062044356018304825,0
5949,0,0.062044356018304825,0
5950,0,0.062044356018304825,0
5951,0,0.11318237334489822,1
5952,0,0.08950167149305344,1
5953,0,0.11991464346647263,1
5954,0,0.08233505487442017,1
5955,0,0.08233505487442017,0
5956,0,0.08233505487442017,0
5957,0,0.08233505487442017,0
5958,0,0.08233505487442017,0
5959,0,0.08233505487442017,0
5960,0,0.08233505487442017,0
5961,0,0.08233505487442017,0
5962,0,0.08233505487442017,0
5963,0,0.08233505487442017,0
5964,0,0.08233505487442017,0
5965,0,0.07700224220752716,1
5966,0,0.07700224220752716,0
5967,0,0.07700224220752716,0
5968,0,0.07700224220752716,0
5969,0,0.07700224220752716,0
5970,0,0.07700224220752716,0
5971,0,0.07700224220752716,0
5972,0,0.07700224220752716,0
5973,0,0.07700224220752716,0
5974,0,0.07700224220752716,0
5975,0,0.07700224220752716,0
5976,0,0.07700224220752716,0
5977,0,0.07700224220752716,0
5978,0,0.07700224220752716,0
5979,0,0.07700224220752716,0
5980,0,0.07700224220752716,0
5981,0,0.07700224220752716,0
5982,0,0.13980922102928162,1
5983,0,0.13980922102928162,0
5984,0,0.13980922102928162,0
5985,0,0.1074085384607315,1
5986,0,0.1074085384607315,0
5987,0,0.1074085384607315,0
5988,0,0.1074085384607315,0
5989,0,0.1074085384607315,0
5990,0,0.1074085384607315,0
5991,0,0.1074085384607315,0
5992,0,0.1074085384607315,0
5993,0,0.1074085384607315,0
5994,0,0.1074085384607315,0
5995,0,0.1284875124692917,1
5996,0,0.1284875124692917,0
5997,0,0.1284875124692917,0
5998,0,0.1284875124692917,0
5999,0,0.1284875124692917,0
6000,0,0.06019426882266998,1
6001,0,0.06019426882266998,0
6002,0,0.09017451852560043,1
6003,0,0.13757772743701935,1
6004,0,0.1289089024066925,1
6005,0,0.1289089024066925,0
6006,0,0.1289089024066925,0
6007,0,0.1289089024066925,0
6008,0,0.1289089024066925,0
6009,0,0.1289089024066925,0
6010,0,0.1289089024066925,0
6011,0,0.1289089024066925,0
6012,0,0.1289089024066925,0
6013,0,0.1289089024066925,0
6014,0,0.1289089024066925,0
6015,0,0.1289089024066925,0
6016,0,0.1289089024066925,0
6017,0,0.1289089024066925,0
6018,0,0.1289089024066925,0
6019,0,0.1289089024066925,0
6020,0,0.1289089024066925,0
6021,0,0.1289089024066925,0
6022,0,0.1289089024066925,0
6023,0,0.1289089024066925,0
6024,0,0.1289089024066925,0
6025,0,0.10436046868562698,1
6026,0,0.10436046868562698,0
6027,0,0.10436046868562698,0
6028,0,0.10436046868562698,0
6029,0,0.10000000149011612,1
6030,0,0.10000000149011612,0
6031,0,0.19884774088859558,1
6032,0,0.19884774088859558,0
6033,0,0.1335245817899704,1
6034,0,0.12420423328876495,1
6035,0,0.12420423328876495,0
6036,0,0.12420423328876495,0
6037,0,0.12420423328876495,0
6038,0,0.12420423328876495,0
6039,0,0.12420423328876495,0
6040,0,0.12420423328876495,0
6041,0,0.12420423328876495,0
6042,0,0.12420423328876495,0
6043,0,0.12420423328876495,0
6044,0,0.12420423328876495,0
6045,0,0.12420423328876495,0
6046,0,0.12420423328876495,0
6047,0,0.12420423328876495,0
6048,0,0.12420423328876495,0
6049,0,0.12420423328876495,0
6050,0,0.12420423328876495,0
6051,0,0.12420423328876495,0
6052,0,0.12420423328876495,0
6053,0,0.12420423328876495,0
6054,0,0.12420423328876495,0
6055,0,0.10749804228544235,1
6056,0,0.12538793683052063,1
6057,0,0.14079515635967255,1
6058,0,0.15649273991584778,1
6059,0,0.08549603074789047,1
6060,0,0.08549603074789047,0
6061,0,0.08549603074789047,0
6062,0,0.08549603074789047,0
6063,0,0.08549603074789047,0
6064,0,0.08549603074789047,0
6065,0,0.08549603074789047,0
6066,0,0.08549603074789047,0
6067,0,0.08549603074789047,0
6068,0,0.08549603074789047,0
6069,0,0.08549603074789047,0
6070,0,0.08549603074789047,0
6071,0,0.08549603074789047,0
6072,0,0.08549603074789047,0
6073,0,0.08549603074789047,0
6074,0,0.08549603074789047,0
6075,0,0.08549603074789047,0
6076,0,0.08549603074789047,0
6077,0,0.08549603074789047,0
6078,0,0.08549603074789047,0
6079,0,0.08549603074789047,0
6080,0,0.08549603074789047,0
6081,0,0.08549603074789047,0
6082,0,0.08549603074789047,0
6083,0,0.08549603074789047,0
6084,0,0.08549603074789047,0
6085,0,0.08549603074789047,0
6086,0,0.08549603074789047,0
6087,0,0.08549603074789047,0
6088,0,0.08549603074789047,0
6089,0,0.08549603074789047,0
6090,0,0.08549603074789047,0
6091,0,0.08549603074789047,0
6092,0,0.07418421655893326,1
6093,0,0.07418421655893326,0
6094,0,0.07418421655893326,0
6095,0,0.07418421655893326,0
6096,0,0.07418421655893326,0
6097,0,0.07418421655893326,0
6098,0,0.07418421655893326,0
6099,0,0.07418421655893326,0
6100,0,0.07418421655893326,0
6101,0,0.07418421655893326,0
6102,0,0.07418421655893326,0
6103,0,0.07418421655893326,0
6104,0,0.07418421655893326,0
6105,0,0.07418421655893326,0
6106,0,0.07418421655893326,0
6107,0,0.07418421655893326,0
6108,0,0.07418421655893326,0
6109,0,0.07418421655893326,0
6110,0,0.07418421655893326,0
6111,0,0.07418421655893326,0
6112,0,0.07418421655893326,0
6113,0,0.07418421655893326,0
6114,0,0.07418421655893326,0
6115,0,0.07418421655893326,0
6116,0,0.07418421655893326,0
6117,0,0.07418421655893326,0
6118,0,0.07418421655893326,0
6119,0,0.07418421655893326,0
6120,0,0.07418421655893326,0
6121,0,0.07418421655893326,0
6122,0,0.07418421655893326,0
6123,0,0.07418421655893326,0
6124,0,0.07418421655893326,0
6125,0,0.07418421655893326,0
6126,0,0.07418421655893326,0
6127,0,0.07418421655893326,0
6128,0,0.07418421655893326,0
6129,0,0.07418421655893326,0
6130,0,0.07418421655893326,0
6131,0,0.07418421655893326,0
6132,0,0.07418421655893326,0
6133,0,0.07418421655893326,0
6134,0,0.07418421655893326,0
6135,0,0.07418421655893326,0
6136,0,0.07418421655893326,0
6137,0,0.07418421655893326,0
6138,0,0.07418421655893326,0
6139,0,0.07418421655893326,0
6140,0,0.07418421655893326,0
6141,0,0.07418421655893326,0
6142,0,0.07418421655893326,0
6143,0,0.07418421655893326,0
6144,0,0.07418421655893326,0
6145,0,0.07418421655893326,0
6146,0,0.07418421655893326,0
6147,0,0.07418421655893326,0
6148,0,0.07418421655893326,0
6149,0,0.07418421655893326,0
6150,0,0.07418421655893326,0
6151,0,0.07418421655893326,0
6152,0,0.08302193880081177,1
6153,0,0.08302193880081177,0
6154,0,0.08302193880081177,0
6155,0,0.08302193880081177,0
6156,0,0.08302193880081177,0
6157,0,0.08302193880081177,0
6158,0,0.08302193880081177,0
6159,0,0.08302193880081177,0
6160,0,0.08302193880081177,0
6161,0,0.08302193880081177,0
6162,0,0.08302193880081177,0
6163,0,0.08302193880081177,0
6164,0,0.08302193880081177,0
6165,0,0.08302193880081177,0
6166,0,0.08302193880081177,0
6167,0,0.08302193880081177,0
6168,0,0.08302193880081177,0
6169,0,0.08302193880081177,0
6170,0,0.08302193880081177,0
6171,0,0.08302193880081177,0
6172,0,0.21857957541942596,1
6173,0,0.21857957541942596,0
6174,0,0.21857957541942596,0
6175,0,0.05653594806790352,1
6176,0,0.05653594806790352,0
6177,0,0.05653594806790352,0
6178,0,0.05653594806790352,0
6179,0,0.05653594806790352,0
6180,0,0.041060250252485275,1
6181,0,0.041060250252485275,0
6182,0,0.041060250252485275,0
6183,0,0.041060250252485275,0
6184,0,0.041060250252485275,0
6185,0,0.041060250252485275,0
6186,0,0.041060250252485275,0
6187,0,0.041060250252485275,0
6188,0,0.041060250252485275,0
6189,0,0.041060250252485275,0
6190,0,0.041060250252485275,0
6191,0,0.041060250252485275,0
6192,0,0.041060250252485275,0
6193,0,0.041060250252485275,0
6194,0,0.041060250252485275,0
6195,0,0.041060250252485275,0
6196,0,0.041060250252485275,0
6197,0,0.041060250252485275,0
6198,0,0.041060250252485275,0
6199,0,0.041060250252485275,0
6200,0,0.041060250252485275,0
6201,0,0.041060250252485275,0
6202,0,0.041060250252485275,0
6203,0,0.041060250252485275,0
6204,0,0.041060250252485275,0
6205,0,0.06778880208730698,1
6206,0,0.06778880208730698,0
6207,0,0.06778880208730698,0
6208,0,0.06778880208730698,0
6209,0,0.06778880208730698,0
6210,0,0.06778880208730698,0
6211,0,0.06778880208730698,0
6212,0,0.07359391450881958,1
6213,0,0.07359391450881958,0
6214,0,0.07359391450881958,0
6215,0,0.07359391450881958,0
6216,0,0.07359391450881958,0
6217,0,0.07359391450881958,0
6218,0,0.07359391450881958,0
6219,0,0.04795185849070549,1
6220,0,0.04795185849070549,0
6221,0,0.04795185849070549,0
6222,0,0.04795185849070549,0
6223,0,0.04795185849070549,0
6224,0,0.04795185849070549,0
6225,0,0.04795185849070549,0
6226,0,0.04795185849070549,0
6227,0,0.04795185849070549,0
6228,0,0.04795185849070549,0
6229,0,0.04795185849070549,0
6230,0,0.04795185849070549,0
6231,0,0.04795185849070549,0
6232,0,0.04795185849070549,0
6233,0,0.04795185849070549,0
6234,0,0.04795185849070549,0
6235,0,0.05560724809765816,1
6236,0,0.05560724809765816,0
6237,0,0.05560724809765816,0
6238,0,0.05560724809765816,0
6239,0,0.046646978706121445,1
6240,0,0.0472562275826931,1
6241,0,0.0472562275826931,0
6242,0,0.0472562275826931,0
6243,0,0.0472562275826931,0
6244,0,0.0472562275826931,0
6245,0,0.0472562275826931,0
6246,0,0.0472562275826931,0
6247,0,0.0472562275826931,0
6248,0,0.0472562275826931,0
6249,0,0.0472562275826931,0
6250,0,0.0472562275826931,0
6251,0,0.0472562275826931,0
