frame_idx,ground_truth,action_score_propagated,is_retained_tier
0,0,0.4434262812137604,1
1,0,0.4434262812137604,0
2,0,0.4434262812137604,0
3,0,0.4434262812137604,0
4,0,0.4434262812137604,0
5,0,0.4434262812137604,0
6,0,0.4434262812137604,0
7,0,0.4434262812137604,0
8,0,0.4434262812137604,0
9,0,0.4434262812137604,0
10,0,0.4434262812137604,0
11,0,0.4434262812137604,0
12,0,0.4434262812137604,0
13,0,0.4434262812137604,0
14,0,0.4434262812137604,0
15,0,0.4434262812137604,0
16,0,0.4434262812137604,0
17,0,0.4434262812137604,0
18,0,0.4434262812137604,0
19,0,0.4434262812137604,0
20,0,0.4434262812137604,0
21,0,0.4434262812137604,0
22,0,0.4434262812137604,0
23,0,0.4434262812137604,0
24,0,0.4434262812137604,0
25,0,0.4434262812137604,0
26,0,0.4434262812137604,0
27,0,0.4434262812137604,0
28,0,0.4434262812137604,0
29,0,0.1418292224407196,1
30,0,0.26261764764785767,1
31,0,0.26261764764785767,0
32,0,0.26261764764785767,0
33,0,0.26261764764785767,0
34,0,0.26261764764785767,0
35,0,0.26261764764785767,0
36,0,0.26261764764785767,0
37,0,0.26261764764785767,0
38,0,0.26261764764785767,0
39,0,0.26261764764785767,0
40,0,0.26261764764785767,0
41,0,0.26261764764785767,0
42,0,0.26261764764785767,0
43,0,0.26261764764785767,0
44,0,0.26261764764785767,0
45,0,0.1519448459148407,1
46,0,0.1519448459148407,0
47,0,0.1519448459148407,0
48,0,0.1519448459148407,0
49,0,0.1519448459148407,0
50,0,0.1519448459148407,0
51,0,0.1519448459148407,0
52,0,0.1519448459148407,0
53,0,0.1519448459148407,0
54,0,0.1519448459148407,0
55,0,0.1519448459148407,0
56,0,0.1519448459148407,0
57,0,0.1519448459148407,0
58,0,0.1519448459148407,0
59,0,0.1079815924167633,1
60,0,0.2453480064868927,1
61,0,0.2453480064868927,0
62,0,0.2453480064868927,0
63,0,0.2453480064868927,0
64,0,0.2453480064868927,0
65,0,0.2453480064868927,0
66,0,0.2453480064868927,0
67,0,0.2453480064868927,0
68,0,0.2453480064868927,0
69,0,0.2453480064868927,0
70,0,0.2453480064868927,0
71,0,0.2453480064868927,0
72,0,0.2453480064868927,0
73,0,0.2453480064868927,0
74,0,0.2453480064868927,0
75,0,0.14186863601207733,1
76,0,0.14186863601207733,0
77,0,0.14186863601207733,0
78,0,0.14186863601207733,0
79,0,0.14186863601207733,0
80,0,0.14186863601207733,0
81,0,0.14186863601207733,0
82,0,0.14186863601207733,0
83,0,0.14186863601207733,0
84,0,0.14186863601207733,0
85,0,0.14186863601207733,0
86,0,0.14186863601207733,0
87,0,0.14186863601207733,0
88,0,0.14186863601207733,0
89,0,0.09337000548839569,1
90,0,0.24529513716697693,1
91,0,0.24529513716697693,0
92,0,0.24529513716697693,0
93,0,0.24529513716697693,0
94,0,0.24529513716697693,0
95,0,0.24529513716697693,0
96,0,0.24529513716697693,0
97,0,0.24529513716697693,0
98,0,0.24529513716697693,0
99,0,0.24529513716697693,0
100,0,0.24529513716697693,0
101,0,0.24529513716697693,0
102,0,0.24529513716697693,0
103,0,0.24529513716697693,0
104,0,0.24529513716697693,0
105,0,0.17577728629112244,1
106,0,0.17577728629112244,0
107,0,0.17577728629112244,0
108,0,0.17577728629112244,0
109,0,0.17577728629112244,0
110,0,0.17577728629112244,0
111,0,0.17577728629112244,0
112,0,0.17577728629112244,0
113,0,0.17577728629112244,0
114,0,0.17577728629112244,0
115,0,0.17577728629112244,0
116,0,0.17577728629112244,0
117,0,0.17577728629112244,0
118,0,0.17577728629112244,0
119,0,0.1462133526802063,1
120,0,0.3180330693721771,1
121,0,0.3180330693721771,0
122,0,0.3180330693721771,0
123,0,0.3180330693721771,0
124,0,0.3180330693721771,0
125,0,0.3180330693721771,0
126,0,0.3180330693721771,0
127,0,0.3180330693721771,0
128,0,0.3180330693721771,0
129,0,0.3180330693721771,0
130,0,0.3180330693721771,0
131,0,0.3180330693721771,0
132,0,0.3180330693721771,0
133,0,0.3180330693721771,0
134,0,0.3180330693721771,0
135,0,0.13699299097061157,1
136,0,0.13699299097061157,0
137,0,0.13699299097061157,0
138,0,0.13699299097061157,0
139,0,0.13699299097061157,0
140,0,0.13699299097061157,0
141,0,0.13699299097061157,0
142,0,0.13699299097061157,0
143,0,0.13699299097061157,0
144,0,0.13699299097061157,0
145,0,0.13699299097061157,0
146,0,0.13699299097061157,0
147,0,0.13699299097061157,0
148,0,0.13699299097061157,0
149,0,0.13699299097061157,0
150,0,0.45183277130126953,1
151,0,0.45183277130126953,0
152,0,0.45183277130126953,0
153,0,0.45183277130126953,0
154,0,0.45183277130126953,0
155,0,0.45183277130126953,0
156,0,0.45183277130126953,0
157,0,0.45183277130126953,0
158,0,0.45183277130126953,0
159,0,0.45183277130126953,0
160,0,0.45183277130126953,0
161,0,0.45183277130126953,0
162,0,0.45183277130126953,0
163,0,0.45183277130126953,0
164,0,0.45183277130126953,0
165,0,0.17000871896743774,1
166,0,0.17000871896743774,0
167,0,0.17000871896743774,0
168,0,0.17000871896743774,0
169,0,0.17000871896743774,0
170,0,0.17000871896743774,0
171,0,0.17000871896743774,0
172,0,0.17000871896743774,0
173,0,0.17000871896743774,0
174,0,0.17000871896743774,0
175,0,0.17000871896743774,0
176,0,0.17000871896743774,0
177,0,0.17000871896743774,0
178,0,0.17000871896743774,0
179,0,0.1404687762260437,1
180,0,0.29504474997520447,1
181,0,0.29504474997520447,0
182,0,0.13476230204105377,1
183,0,0.13476230204105377,0
184,0,0.10003446042537689,1
185,0,0.10003446042537689,0
186,0,0.10003446042537689,0
187,0,0.10003446042537689,0
188,0,0.09413516521453857,1
189,0,0.09413516521453857,0
190,0,0.09413516521453857,0
191,0,0.09413516521453857,0
192,0,0.09413516521453857,0
193,0,0.09413516521453857,0
194,0,0.09413516521453857,0
195,0,0.20568475127220154,1
196,0,0.20568475127220154,0
197,0,0.20568475127220154,0
198,0,0.20568475127220154,0
199,0,0.20568475127220154,0
200,0,0.20568475127220154,0
201,0,0.20568475127220154,0
202,0,0.20568475127220154,0
203,0,0.20568475127220154,0
204,0,0.20568475127220154,0
205,0,0.20568475127220154,0
206,0,0.20568475127220154,0
207,0,0.20568475127220154,0
208,0,0.20568475127220154,0
209,0,0.11918625980615616,1
210,0,0.2737492620944977,1
211,0,0.2737492620944977,0
212,0,0.2737492620944977,0
213,0,0.2737492620944977,0
214,0,0.2737492620944977,0
215,0,0.2737492620944977,0
216,0,0.2737492620944977,0
217,0,0.2737492620944977,0
218,0,0.2737492620944977,0
219,0,0.2737492620944977,0
220,0,0.2737492620944977,0
221,0,0.2737492620944977,0
222,0,0.2737492620944977,0
223,0,0.2737492620944977,0
224,0,0.2737492620944977,0
225,0,0.16688939929008484,1
226,0,0.16688939929008484,0
227,0,0.16688939929008484,0
228,0,0.16688939929008484,0
229,0,0.16688939929008484,0
230,0,0.16688939929008484,0
231,0,0.16688939929008484,0
232,0,0.16688939929008484,0
233,0,0.16688939929008484,0
234,0,0.16688939929008484,0
235,0,0.16688939929008484,0
236,0,0.16688939929008484,0
237,0,0.16688939929008484,0
238,0,0.16688939929008484,0
239,0,0.1352144181728363,1
240,0,0.2772984802722931,1
241,0,0.2772984802722931,0
242,0,0.2772984802722931,0
243,0,0.2772984802722931,0
244,0,0.2772984802722931,0
245,0,0.2772984802722931,0
246,0,0.2772984802722931,0
247,0,0.2772984802722931,0
248,0,0.2772984802722931,0
249,0,0.2772984802722931,0
250,0,0.8077563047409058,1
251,0,0.8077563047409058,0
252,0,0.8077563047409058,0
253,0,0.8077563047409058,0
254,0,0.8077563047409058,0
255,0,0.10245028883218765,1
256,0,0.10245028883218765,0
257,0,0.10245028883218765,0
258,0,0.10245028883218765,0
259,0,0.10245028883218765,0
260,0,0.10245028883218765,0
261,0,0.10245028883218765,0
262,0,0.13126882910728455,1
263,0,0.15077458322048187,1
264,0,0.15077458322048187,0
265,0,0.1991455852985382,1
266,0,0.1506349742412567,1
267,0,0.1506349742412567,0
268,0,0.15030363202095032,1
269,0,0.23067247867584229,1
270,0,0.388166606426239,1
271,0,0.388166606426239,0
272,0,0.388166606426239,0
273,0,0.388166606426239,0
274,0,0.388166606426239,0
275,0,0.388166606426239,0
276,0,0.388166606426239,0
277,0,0.388166606426239,0
278,0,0.388166606426239,0
279,0,0.388166606426239,0
280,0,0.388166606426239,0
281,0,0.388166606426239,0
282,0,0.388166606426239,0
283,0,0.388166606426239,0
284,0,0.388166606426239,0
285,0,0.1919708251953125,1
286,0,0.1919708251953125,0
287,0,0.1919708251953125,0
288,0,0.1919708251953125,0
289,0,0.1919708251953125,0
290,0,0.1919708251953125,0
291,0,0.1919708251953125,0
292,0,0.1919708251953125,0
293,0,0.1919708251953125,0
294,0,0.1919708251953125,0
295,0,0.1919708251953125,0
296,0,0.1919708251953125,0
297,0,0.1919708251953125,0
298,0,0.1919708251953125,0
299,0,0.1919708251953125,0
300,0,0.4488622844219208,1
301,0,0.4488622844219208,0
302,0,0.4488622844219208,0
303,0,0.4488622844219208,0
304,0,0.4488622844219208,0
305,0,0.4488622844219208,0
306,0,0.4488622844219208,0
307,0,0.4488622844219208,0
308,0,0.4488622844219208,0
309,0,0.4488622844219208,0
310,0,0.4488622844219208,0
311,0,0.4488622844219208,0
312,0,0.4488622844219208,0
313,0,0.4488622844219208,0
314,0,0.4488622844219208,0
315,0,0.16787007451057434,1
316,0,0.16787007451057434,0
317,0,0.16787007451057434,0
318,0,0.16787007451057434,0
319,0,0.16787007451057434,0
320,0,0.16787007451057434,0
321,0,0.16787007451057434,0
322,0,0.16787007451057434,0
323,0,0.16787007451057434,0
324,0,0.16787007451057434,0
325,0,0.16787007451057434,0
326,0,0.16787007451057434,0
327,0,0.16787007451057434,0
328,0,0.16787007451057434,0
329,0,0.11802732944488525,1
330,0,0.263202428817749,1
331,0,0.263202428817749,0
332,0,0.263202428817749,0
333,0,0.263202428817749,0
334,0,0.263202428817749,0
335,0,0.263202428817749,0
336,0,0.263202428817749,0
337,0,0.263202428817749,0
338,0,0.263202428817749,0
339,0,0.263202428817749,0
340,0,0.263202428817749,0
341,0,0.263202428817749,0
342,0,0.263202428817749,0
343,0,0.263202428817749,0
344,0,0.263202428817749,0
345,0,0.20050224661827087,1
346,0,0.20050224661827087,0
347,0,0.20050224661827087,0
348,0,0.20050224661827087,0
349,0,0.20050224661827087,0
350,0,0.20050224661827087,0
351,0,0.20050224661827087,0
352,0,0.20050224661827087,0
353,0,0.20050224661827087,0
354,0,0.20050224661827087,0
355,0,0.20050224661827087,0
356,0,0.20050224661827087,0
357,0,0.20050224661827087,0
358,0,0.20050224661827087,0
359,0,0.12438574433326721,1
360,0,0.2750166356563568,1
361,0,0.2750166356563568,0
362,0,0.2750166356563568,0
363,0,0.2750166356563568,0
364,0,0.2750166356563568,0
365,0,0.2750166356563568,0
366,0,0.2750166356563568,0
367,0,0.2750166356563568,0
368,0,0.2750166356563568,0
369,0,0.2750166356563568,0
370,0,0.2750166356563568,0
371,0,0.2750166356563568,0
372,0,0.2750166356563568,0
373,0,0.2750166356563568,0
374,0,0.2750166356563568,0
375,0,0.13616593182086945,1
376,0,0.13616593182086945,0
377,0,0.13616593182086945,0
378,0,0.13616593182086945,0
379,0,0.13616593182086945,0
380,0,0.13616593182086945,0
381,0,0.13616593182086945,0
382,0,0.13616593182086945,0
383,0,0.13616593182086945,0
384,0,0.13616593182086945,0
385,0,0.13616593182086945,0
386,0,0.13616593182086945,0
387,0,0.13616593182086945,0
388,0,0.13616593182086945,0
389,0,0.13616593182086945,0
390,0,0.2585363984107971,1
391,0,0.2585363984107971,0
392,0,0.2585363984107971,0
393,0,0.2585363984107971,0
394,0,0.2585363984107971,0
395,0,0.2585363984107971,0
396,0,0.2585363984107971,0
397,0,0.2585363984107971,0
398,0,0.2585363984107971,0
399,0,0.2585363984107971,0
400,0,0.2585363984107971,0
401,0,0.2585363984107971,0
402,0,0.2585363984107971,0
403,0,0.2585363984107971,0
404,0,0.2585363984107971,0
405,0,0.15131543576717377,1
406,0,0.15131543576717377,0
407,0,0.15131543576717377,0
408,0,0.15131543576717377,0
409,0,0.15131543576717377,0
410,0,0.15131543576717377,0
411,0,0.15131543576717377,0
412,0,0.15131543576717377,0
413,0,0.15131543576717377,0
414,0,0.15131543576717377,0
415,0,0.15131543576717377,0
416,0,0.15131543576717377,0
417,0,0.15131543576717377,0
418,0,0.15131543576717377,0
419,0,0.15131543576717377,0
420,0,0.2414058893918991,1
421,0,0.2414058893918991,0
422,0,0.2414058893918991,0
423,0,0.2414058893918991,0
424,0,0.2414058893918991,0
425,0,0.2414058893918991,0
426,0,0.2414058893918991,0
427,0,0.2414058893918991,0
428,0,0.2414058893918991,0
429,0,0.2414058893918991,0
430,0,0.2414058893918991,0
431,0,0.2414058893918991,0
432,0,0.2414058893918991,0
433,0,0.2414058893918991,0
434,0,0.2414058893918991,0
435,0,0.2414058893918991,0
436,0,0.2414058893918991,0
437,0,0.2414058893918991,0
438,0,0.2414058893918991,0
439,0,0.2414058893918991,0
440,0,0.2414058893918991,0
441,0,0.2414058893918991,0
442,0,0.2414058893918991,0
443,0,0.2414058893918991,0
444,0,0.2414058893918991,0
445,0,0.2414058893918991,0
446,0,0.2414058893918991,0
447,0,0.2414058893918991,0
448,0,0.2414058893918991,0
449,0,0.2414058893918991,0
450,0,0.4226147532463074,1
451,0,0.4226147532463074,0
452,0,0.4226147532463074,0
453,0,0.4226147532463074,0
454,0,0.4226147532463074,0
455,0,0.4226147532463074,0
456,0,0.4226147532463074,0
457,0,0.4226147532463074,0
458,0,0.4226147532463074,0
459,0,0.4226147532463074,0
460,0,0.4226147532463074,0
461,0,0.4226147532463074,0
462,0,0.4226147532463074,0
463,0,0.4226147532463074,0
464,0,0.4226147532463074,0
465,0,0.11799439042806625,1
466,0,0.11799439042806625,0
467,0,0.11799439042806625,0
468,0,0.11799439042806625,0
469,0,0.11799439042806625,0
470,0,0.11799439042806625,0
471,0,0.11799439042806625,0
472,0,0.11799439042806625,0
473,0,0.11799439042806625,0
474,0,0.11799439042806625,0
475,0,0.11799439042806625,0
476,0,0.11799439042806625,0
477,0,0.11799439042806625,0
478,0,0.11799439042806625,0
479,0,0.11799439042806625,0
480,0,0.2310270071029663,1
481,0,0.2310270071029663,0
482,0,0.11262217164039612,1
483,0,0.11262217164039612,0
484,0,0.11262217164039612,0
485,0,0.11262217164039612,0
486,0,0.11262217164039612,0
487,0,0.11262217164039612,0
488,0,0.11262217164039612,0
489,0,0.11262217164039612,0
490,0,0.11262217164039612,0
491,0,0.11262217164039612,0
492,0,0.11262217164039612,0
493,0,0.11262217164039612,0
494,0,0.11262217164039612,0
495,0,0.1508025825023651,1
496,0,0.1508025825023651,0
497,0,0.1508025825023651,0
498,0,0.1508025825023651,0
499,0,0.1508025825023651,0
500,0,0.8632307052612305,1
501,0,0.8632307052612305,0
502,0,0.8632307052612305,0
503,0,0.8632307052612305,0
504,0,0.8632307052612305,0
505,0,0.8632307052612305,0
506,0,0.8632307052612305,0
507,0,0.8632307052612305,0
508,0,0.8632307052612305,0
509,0,0.8632307052612305,0
510,0,0.25311964750289917,1
511,0,0.25311964750289917,0
512,0,0.25311964750289917,0
513,0,0.25311964750289917,0
514,0,0.25311964750289917,0
515,0,0.25311964750289917,0
516,0,0.25311964750289917,0
517,0,0.25311964750289917,0
518,0,0.25311964750289917,0
519,0,0.25311964750289917,0
520,0,0.25311964750289917,0
521,0,0.25311964750289917,0
522,0,0.25311964750289917,0
523,0,0.25311964750289917,0
524,0,0.25311964750289917,0
525,0,0.13703465461730957,1
526,0,0.13703465461730957,0
527,0,0.13703465461730957,0
528,0,0.13703465461730957,0
529,0,0.13703465461730957,0
530,0,0.13703465461730957,0
531,0,0.13703465461730957,0
532,0,0.13703465461730957,0
533,0,0.13703465461730957,0
534,0,0.13703465461730957,0
535,0,0.13703465461730957,0
536,0,0.13703465461730957,0
537,0,0.13703465461730957,0
538,0,0.13703465461730957,0
539,0,0.13703465461730957,0
540,0,0.25178778171539307,1
541,0,0.25178778171539307,0
542,0,0.25178778171539307,0
543,0,0.25178778171539307,0
544,0,0.25178778171539307,0
545,0,0.25178778171539307,0
546,0,0.25178778171539307,0
547,0,0.25178778171539307,0
548,0,0.25178778171539307,0
549,0,0.25178778171539307,0
550,0,0.25178778171539307,0
551,0,0.25178778171539307,0
552,0,0.25178778171539307,0
553,0,0.25178778171539307,0
554,0,0.25178778171539307,0
555,0,0.1512865424156189,1
556,0,0.1512865424156189,0
557,0,0.1512865424156189,0
558,0,0.1512865424156189,0
559,0,0.1512865424156189,0
560,0,0.1512865424156189,0
561,0,0.1512865424156189,0
562,0,0.1512865424156189,0
563,0,0.1512865424156189,0
564,0,0.1512865424156189,0
565,0,0.1512865424156189,0
566,0,0.1512865424156189,0
567,0,0.1512865424156189,0
568,0,0.1512865424156189,0
569,0,0.1512865424156189,0
570,0,0.282863974571228,1
571,0,0.282863974571228,0
572,0,0.282863974571228,0
573,0,0.282863974571228,0
574,0,0.282863974571228,0
575,0,0.282863974571228,0
576,0,0.282863974571228,0
577,0,0.282863974571228,0
578,0,0.282863974571228,0
579,0,0.282863974571228,0
580,0,0.282863974571228,0
581,0,0.282863974571228,0
582,0,0.282863974571228,0
583,0,0.282863974571228,0
584,0,0.282863974571228,0
585,0,0.13937073945999146,1
586,0,0.13937073945999146,0
587,0,0.13937073945999146,0
588,0,0.13937073945999146,0
589,0,0.13937073945999146,0
590,0,0.13937073945999146,0
591,0,0.13937073945999146,0
592,0,0.13937073945999146,0
593,0,0.13937073945999146,0
594,0,0.13937073945999146,0
595,0,0.13937073945999146,0
596,0,0.13937073945999146,0
597,0,0.13937073945999146,0
598,0,0.13937073945999146,0
599,0,0.13937073945999146,0
600,0,0.4912269115447998,1
601,0,0.4912269115447998,0
602,0,0.4912269115447998,0
603,0,0.4912269115447998,0
604,0,0.4912269115447998,0
605,0,0.4912269115447998,0
606,0,0.4912269115447998,0
607,0,0.4912269115447998,0
608,0,0.4912269115447998,0
609,0,0.4912269115447998,0
610,0,0.4912269115447998,0
611,0,0.4912269115447998,0
612,0,0.4912269115447998,0
613,0,0.4912269115447998,0
614,0,0.4912269115447998,0
615,0,0.2222721427679062,1
616,0,0.2222721427679062,0
617,0,0.2222721427679062,0
618,0,0.2222721427679062,0
619,0,0.2222721427679062,0
620,0,0.2222721427679062,0
621,0,0.2222721427679062,0
622,0,0.2222721427679062,0
623,0,0.2222721427679062,0
624,0,0.2222721427679062,0
625,0,0.2222721427679062,0
626,0,0.2222721427679062,0
627,0,0.2222721427679062,0
628,0,0.2222721427679062,0
629,0,0.2222721427679062,0
630,0,0.41751083731651306,1
631,0,0.41751083731651306,0
632,0,0.41751083731651306,0
633,0,0.41751083731651306,0
634,0,0.41751083731651306,0
635,0,0.41751083731651306,0
636,0,0.41751083731651306,0
637,0,0.41751083731651306,0
638,0,0.41751083731651306,0
639,0,0.41751083731651306,0
640,0,0.18080899119377136,1
641,0,0.18080899119377136,0
642,0,0.18080899119377136,0
643,0,0.18080899119377136,0
644,0,0.18080899119377136,0
645,0,0.2702581286430359,1
646,0,0.2702581286430359,0
647,0,0.2702581286430359,0
648,0,0.2702581286430359,0
649,0,0.2702581286430359,0
650,0,0.2702581286430359,0
651,0,0.2702581286430359,0
652,0,0.2702581286430359,0
653,0,0.2702581286430359,0
654,0,0.2702581286430359,0
655,0,0.2702581286430359,0
656,0,0.2702581286430359,0
657,0,0.2702581286430359,0
658,0,0.2702581286430359,0
659,0,0.2702581286430359,0
660,0,0.4182589054107666,1
661,0,0.4182589054107666,0
662,0,0.4182589054107666,0
663,0,0.4182589054107666,0
664,0,0.4182589054107666,0
665,0,0.4182589054107666,0
666,0,0.4182589054107666,0
667,0,0.4182589054107666,0
668,0,0.4182589054107666,0
669,0,0.4182589054107666,0
670,0,0.4182589054107666,0
671,0,0.1969287246465683,1
672,0,0.1969287246465683,0
673,0,0.1969287246465683,0
674,0,0.1969287246465683,0
675,0,0.28940868377685547,1
676,0,0.28940868377685547,0
677,0,0.28940868377685547,0
678,0,0.28940868377685547,0
679,0,0.28940868377685547,0
680,0,0.28940868377685547,0
681,0,0.28940868377685547,0
682,0,0.28940868377685547,0
683,0,0.28940868377685547,0
684,0,0.28940868377685547,0
685,0,0.28940868377685547,0
686,0,0.28940868377685547,0
687,0,0.28940868377685547,0
688,0,0.28940868377685547,0
689,0,0.24909088015556335,1
690,0,0.40825775265693665,1
691,0,0.40825775265693665,0
692,0,0.40825775265693665,0
693,0,0.40825775265693665,0
694,0,0.40825775265693665,0
695,0,0.40825775265693665,0
696,0,0.40825775265693665,0
697,0,0.40825775265693665,0
698,0,0.40825775265693665,0
699,0,0.40825775265693665,0
700,0,0.18211519718170166,1
701,0,0.18211519718170166,0
702,0,0.18211519718170166,0
703,0,0.18211519718170166,0
704,0,0.18211519718170166,0
705,0,0.25571221113204956,1
706,0,0.25571221113204956,0
707,0,0.25571221113204956,0
708,0,0.25571221113204956,0
709,0,0.25571221113204956,0
710,0,0.25571221113204956,0
711,0,0.25571221113204956,0
712,0,0.25571221113204956,0
713,0,0.25571221113204956,0
714,0,0.17782041430473328,1
715,0,0.27671197056770325,1
716,0,0.2175414264202118,1
717,0,0.2175414264202118,0
718,0,0.3210766315460205,1
719,0,0.2661474049091339,1
720,0,0.47356390953063965,1
721,0,0.47356390953063965,0
722,0,0.47356390953063965,0
723,0,0.47356390953063965,0
724,0,0.47356390953063965,0
725,0,0.47356390953063965,0
726,0,0.47356390953063965,0
727,0,0.47356390953063965,0
728,0,0.47356390953063965,0
729,0,0.47356390953063965,0
730,0,0.47356390953063965,0
731,0,0.47356390953063965,0
732,0,0.47356390953063965,0
733,0,0.47356390953063965,0
734,0,0.47356390953063965,0
735,0,0.23150688409805298,1
736,0,0.23150688409805298,0
737,0,0.23150688409805298,0
738,0,0.23150688409805298,0
739,0,0.23150688409805298,0
740,0,0.23150688409805298,0
741,0,0.23150688409805298,0
742,0,0.23150688409805298,0
743,0,0.23150688409805298,0
744,0,0.23150688409805298,0
745,0,0.23150688409805298,0
746,0,0.23150688409805298,0
747,0,0.23150688409805298,0
748,0,0.23150688409805298,0
749,0,0.23150688409805298,0
750,0,0.8933830857276917,1
751,0,0.8933830857276917,0
752,0,0.8933830857276917,0
753,0,0.8933830857276917,0
754,0,0.8933830857276917,0
755,0,0.8933830857276917,0
756,0,0.8933830857276917,0
757,0,0.8933830857276917,0
758,0,0.8933830857276917,0
759,0,0.8933830857276917,0
760,0,0.8933830857276917,0
761,0,0.8933830857276917,0
762,0,0.8933830857276917,0
763,0,0.8933830857276917,0
764,0,0.8933830857276917,0
765,0,0.25008130073547363,1
766,0,0.25008130073547363,0
767,0,0.25008130073547363,0
768,0,0.25008130073547363,0
769,0,0.25008130073547363,0
770,0,0.25008130073547363,0
771,0,0.25008130073547363,0
772,0,0.25008130073547363,0
773,0,0.25008130073547363,0
774,0,0.25008130073547363,0
775,0,0.25008130073547363,0
776,0,0.25008130073547363,0
777,0,0.25008130073547363,0
778,0,0.25008130073547363,0
779,0,0.1737968921661377,1
780,0,0.3476858139038086,1
781,0,0.3476858139038086,0
782,0,0.1459863781929016,1
783,0,0.1459863781929016,0
784,0,0.1459863781929016,0
785,0,0.1459863781929016,0
786,0,0.1459863781929016,0
787,0,0.1459863781929016,0
788,0,0.1459863781929016,0
789,0,0.1459863781929016,0
790,0,0.1459863781929016,0
791,0,0.1459863781929016,0
792,0,0.1459863781929016,0
793,0,0.1459863781929016,0
794,0,0.1459863781929016,0
795,0,0.206780344247818,1
796,0,0.206780344247818,0
797,0,0.206780344247818,0
798,0,0.206780344247818,0
799,0,0.206780344247818,0
800,0,0.206780344247818,0
801,0,0.206780344247818,0
802,0,0.206780344247818,0
803,0,0.206780344247818,0
804,0,0.206780344247818,0
805,0,0.206780344247818,0
806,0,0.206780344247818,0
807,0,0.206780344247818,0
808,0,0.206780344247818,0
809,0,0.24505415558815002,1
810,0,0.36817920207977295,1
811,0,0.36817920207977295,0
812,0,0.36817920207977295,0
813,0,0.36817920207977295,0
814,0,0.36817920207977295,0
815,0,0.36817920207977295,0
816,0,0.36817920207977295,0
817,0,0.36817920207977295,0
818,0,0.36817920207977295,0
819,0,0.18669113516807556,1
820,0,0.18669113516807556,0
821,0,0.18669113516807556,0
822,0,0.18669113516807556,0
823,0,0.18669113516807556,0
824,0,0.18669113516807556,0
825,0,0.27163001894950867,1
826,0,0.27163001894950867,0
827,0,0.27163001894950867,0
828,0,0.27163001894950867,0
829,0,0.27163001894950867,0
830,0,0.27163001894950867,0
831,0,0.27163001894950867,0
832,0,0.27163001894950867,0
833,0,0.27163001894950867,0
834,0,0.27163001894950867,0
835,0,0.27163001894950867,0
836,0,0.27163001894950867,0
837,0,0.27163001894950867,0
838,0,0.27163001894950867,0
839,0,0.22546082735061646,1
840,0,0.39008986949920654,1
841,0,0.39008986949920654,0
842,0,0.39008986949920654,0
843,0,0.39008986949920654,0
844,0,0.39008986949920654,0
845,0,0.39008986949920654,0
846,0,0.39008986949920654,0
847,0,0.39008986949920654,0
848,0,0.39008986949920654,0
849,0,0.19494691491127014,1
850,0,0.19494691491127014,0
851,0,0.19494691491127014,0
852,0,0.19494691491127014,0
853,0,0.1914975345134735,1
854,0,0.1914975345134735,0
855,0,0.27044108510017395,1
856,0,0.27044108510017395,0
857,0,0.27044108510017395,0
858,0,0.27044108510017395,0
859,0,0.27044108510017395,0
860,0,0.27044108510017395,0
861,0,0.27044108510017395,0
862,0,0.27044108510017395,0
863,0,0.27044108510017395,0
864,0,0.27044108510017395,0
865,0,0.27044108510017395,0
866,0,0.27044108510017395,0
867,0,0.27044108510017395,0
868,0,0.27044108510017395,0
869,0,0.27044108510017395,0
870,0,0.4259999096393585,1
871,0,0.4259999096393585,0
872,0,0.4259999096393585,0
873,0,0.4259999096393585,0
874,0,0.4259999096393585,0
875,0,0.4259999096393585,0
876,0,0.4259999096393585,0
877,0,0.4259999096393585,0
878,0,0.4259999096393585,0
879,0,0.4259999096393585,0
880,0,0.4259999096393585,0
881,0,0.4259999096393585,0
882,0,0.4259999096393585,0
883,0,0.4259999096393585,0
884,0,0.4259999096393585,0
885,0,0.22619092464447021,1
886,0,0.22619092464447021,0
887,0,0.22619092464447021,0
888,0,0.22619092464447021,0
889,0,0.22619092464447021,0
890,0,0.22619092464447021,0
891,0,0.22619092464447021,0
892,0,0.22619092464447021,0
893,0,0.22619092464447021,0
894,0,0.22619092464447021,0
895,0,0.22619092464447021,0
896,0,0.22619092464447021,0
897,0,0.22619092464447021,0
898,0,0.22619092464447021,0
899,0,0.22619092464447021,0
900,0,0.4980489909648895,1
901,0,0.4980489909648895,0
902,0,0.4980489909648895,0
903,0,0.4980489909648895,0
904,0,0.4980489909648895,0
905,0,0.4980489909648895,0
906,0,0.4980489909648895,0
907,0,0.4980489909648895,0
908,0,0.4980489909648895,0
909,0,0.4980489909648895,0
910,0,0.4980489909648895,0
911,0,0.4980489909648895,0
912,0,0.4980489909648895,0
913,0,0.4980489909648895,0
914,0,0.4980489909648895,0
915,0,0.17811131477355957,1
916,0,0.17811131477355957,0
917,0,0.17811131477355957,0
918,0,0.17811131477355957,0
919,0,0.17811131477355957,0
920,0,0.17811131477355957,0
921,0,0.17811131477355957,0
922,0,0.17811131477355957,0
923,0,0.17811131477355957,0
924,0,0.17811131477355957,0
925,0,0.17811131477355957,0
926,0,0.17811131477355957,0
927,0,0.17811131477355957,0
928,0,0.17811131477355957,0
929,0,0.10895098745822906,1
930,0,0.25316932797431946,1
931,0,0.25316932797431946,0
932,0,0.07613055408000946,1
933,0,0.07613055408000946,0
934,0,0.07613055408000946,0
935,0,0.07613055408000946,0
936,0,0.07613055408000946,0
937,0,0.07613055408000946,0
938,0,0.07613055408000946,0
939,0,0.07613055408000946,0
940,0,0.07613055408000946,0
941,0,0.07613055408000946,0
942,0,0.07613055408000946,0
943,0,0.07613055408000946,0
944,0,0.07613055408000946,0
945,0,0.14658313989639282,1
946,0,0.14658313989639282,0
947,0,0.14658313989639282,0
948,0,0.14658313989639282,0
949,0,0.14658313989639282,0
950,0,0.14658313989639282,0
951,0,0.14658313989639282,0
952,0,0.14658313989639282,0
953,0,0.14658313989639282,0
954,0,0.14658313989639282,0
955,0,0.14658313989639282,0
956,0,0.14658313989639282,0
957,0,0.14658313989639282,0
958,0,0.14658313989639282,0
959,0,0.14658313989639282,0
960,0,0.27400538325309753,1
961,0,0.27400538325309753,0
962,0,0.27400538325309753,0
963,0,0.27400538325309753,0
964,0,0.27400538325309753,0
965,0,0.27400538325309753,0
966,0,0.27400538325309753,0
967,0,0.27400538325309753,0
968,0,0.27400538325309753,0
969,0,0.27400538325309753,0
970,0,0.27400538325309753,0
971,0,0.27400538325309753,0
972,0,0.27400538325309753,0
973,0,0.27400538325309753,0
974,0,0.27400538325309753,0
975,0,0.12573888897895813,1
976,0,0.12573888897895813,0
977,0,0.12573888897895813,0
978,0,0.12573888897895813,0
979,0,0.12573888897895813,0
980,0,0.12573888897895813,0
981,0,0.12573888897895813,0
982,0,0.12573888897895813,0
983,0,0.12573888897895813,0
984,0,0.12573888897895813,0
985,0,0.12573888897895813,0
986,0,0.12573888897895813,0
987,0,0.12573888897895813,0
988,0,0.12573888897895813,0
989,0,0.12573888897895813,0
990,0,0.248712420463562,1
991,0,0.248712420463562,0
992,0,0.248712420463562,0
993,0,0.248712420463562,0
994,0,0.248712420463562,0
995,0,0.248712420463562,0
996,0,0.248712420463562,0
997,0,0.248712420463562,0
998,0,0.248712420463562,0
999,0,0.248712420463562,0
1000,0,0.836309015750885,1
1001,0,0.836309015750885,0
1002,0,0.836309015750885,0
1003,0,0.836309015750885,0
1004,0,0.836309015750885,0
1005,0,0.10123788565397263,1
1006,0,0.10123788565397263,0
1007,0,0.10123788565397263,0
1008,0,0.10123788565397263,0
1009,0,0.10123788565397263,0
1010,0,0.10123788565397263,0
1011,0,0.10123788565397263,0
1012,0,0.10123788565397263,0
1013,0,0.10123788565397263,0
1014,0,0.10123788565397263,0
1015,0,0.10123788565397263,0
1016,0,0.10123788565397263,0
1017,0,0.10123788565397263,0
1018,0,0.10123788565397263,0
1019,0,0.04562967270612717,1
1020,0,0.2049282193183899,1
1021,0,0.2049282193183899,0
1022,0,0.2049282193183899,0
1023,0,0.2049282193183899,0
1024,0,0.2049282193183899,0
1025,0,0.2049282193183899,0
1026,0,0.2049282193183899,0
1027,0,0.2049282193183899,0
1028,0,0.2049282193183899,0
1029,0,0.2049282193183899,0
1030,0,0.2049282193183899,0
1031,0,0.2049282193183899,0
1032,0,0.2049282193183899,0
1033,0,0.2049282193183899,0
1034,0,0.2049282193183899,0
1035,0,0.046393897384405136,1
1036,0,0.046393897384405136,0
1037,0,0.046393897384405136,0
1038,0,0.046393897384405136,0
1039,0,0.046393897384405136,0
1040,0,0.046393897384405136,0
1041,0,0.046393897384405136,0
1042,0,0.046393897384405136,0
1043,0,0.046393897384405136,0
1044,0,0.046393897384405136,0
1045,0,0.046393897384405136,0
1046,0,0.046393897384405136,0
1047,0,0.046393897384405136,0
1048,0,0.046393897384405136,0
1049,0,0.046393897384405136,0
1050,0,0.3885616064071655,1
1051,0,0.3885616064071655,0
1052,0,0.3885616064071655,0
1053,0,0.3885616064071655,0
1054,0,0.3885616064071655,0
1055,0,0.3885616064071655,0
1056,0,0.3885616064071655,0
1057,0,0.3885616064071655,0
1058,0,0.3885616064071655,0
1059,0,0.3885616064071655,0
1060,0,0.3885616064071655,0
1061,0,0.3885616064071655,0
1062,0,0.3885616064071655,0
1063,0,0.3885616064071655,0
1064,0,0.3885616064071655,0
1065,0,0.09418964385986328,1
1066,0,0.09418964385986328,0
1067,0,0.09418964385986328,0
1068,0,0.09418964385986328,0
1069,0,0.09418964385986328,0
1070,0,0.09418964385986328,0
1071,0,0.09418964385986328,0
1072,0,0.09418964385986328,0
1073,0,0.09418964385986328,0
1074,0,0.09418964385986328,0
1075,0,0.09418964385986328,0
1076,0,0.09418964385986328,0
1077,0,0.09418964385986328,0
1078,0,0.09418964385986328,0
1079,0,0.09418964385986328,0
1080,0,0.1930864006280899,1
1081,0,0.1930864006280899,0
1082,0,0.09024558216333389,1
1083,0,0.09024558216333389,0
1084,0,0.09024558216333389,0
1085,0,0.09024558216333389,0
1086,0,0.09024558216333389,0
1087,0,0.09024558216333389,0
1088,0,0.09024558216333389,0
1089,0,0.09024558216333389,0
1090,0,0.09024558216333389,0
1091,0,0.09024558216333389,0
1092,0,0.09024558216333389,0
1093,0,0.09024558216333389,0
1094,0,0.09024558216333389,0
1095,0,0.10650081187486649,1
1096,0,0.10650081187486649,0
1097,0,0.10650081187486649,0
1098,0,0.10650081187486649,0
1099,0,0.10650081187486649,0
1100,0,0.10650081187486649,0
1101,0,0.10650081187486649,0
1102,0,0.10650081187486649,0
1103,0,0.10650081187486649,0
1104,0,0.10650081187486649,0
1105,0,0.10650081187486649,0
1106,0,0.10650081187486649,0
1107,0,0.10650081187486649,0
1108,0,0.10650081187486649,0
1109,0,0.05663561820983887,1
1110,0,0.22057415544986725,1
1111,0,0.22057415544986725,0
1112,0,0.22057415544986725,0
1113,0,0.22057415544986725,0
1114,0,0.22057415544986725,0
1115,0,0.22057415544986725,0
1116,0,0.22057415544986725,0
1117,0,0.22057415544986725,0
1118,0,0.22057415544986725,0
1119,0,0.22057415544986725,0
1120,0,0.22057415544986725,0
1121,0,0.22057415544986725,0
1122,0,0.22057415544986725,0
1123,0,0.22057415544986725,0
1124,0,0.22057415544986725,0
1125,0,0.1208159402012825,1
1126,0,0.1208159402012825,0
1127,0,0.1208159402012825,0
1128,0,0.1208159402012825,0
1129,0,0.1208159402012825,0
1130,0,0.1208159402012825,0
1131,0,0.1208159402012825,0
1132,0,0.1208159402012825,0
1133,0,0.1208159402012825,0
1134,0,0.1208159402012825,0
1135,0,0.1208159402012825,0
1136,0,0.1208159402012825,0
1137,0,0.1208159402012825,0
1138,0,0.1208159402012825,0
1139,0,0.04204561561346054,1
1140,0,0.20385348796844482,1
1141,0,0.20385348796844482,0
1142,0,0.20385348796844482,0
1143,0,0.20385348796844482,0
1144,0,0.20385348796844482,0
1145,0,0.20385348796844482,0
1146,0,0.20385348796844482,0
1147,0,0.20385348796844482,0
1148,0,0.20385348796844482,0
1149,0,0.20385348796844482,0
1150,0,0.20385348796844482,0
1151,0,0.20385348796844482,0
1152,0,0.20385348796844482,0
1153,0,0.20385348796844482,0
1154,0,0.20385348796844482,0
1155,0,0.09827125072479248,1
1156,0,0.09827125072479248,0
1157,0,0.09827125072479248,0
1158,0,0.09827125072479248,0
1159,0,0.09827125072479248,0
1160,0,0.09827125072479248,0
1161,0,0.09827125072479248,0
1162,0,0.09827125072479248,0
1163,0,0.09827125072479248,0
1164,0,0.09827125072479248,0
1165,0,0.09827125072479248,0
1166,0,0.09827125072479248,0
1167,0,0.09827125072479248,0
1168,0,0.09827125072479248,0
1169,0,0.052081383764743805,1
1170,0,0.20488128066062927,1
1171,0,0.20488128066062927,0
1172,0,0.20488128066062927,0
1173,0,0.20488128066062927,0
1174,0,0.20488128066062927,0
1175,0,0.20488128066062927,0
1176,0,0.20488128066062927,0
1177,0,0.20488128066062927,0
1178,0,0.20488128066062927,0
1179,0,0.20488128066062927,0
1180,0,0.20488128066062927,0
1181,0,0.20488128066062927,0
1182,0,0.20488128066062927,0
1183,0,0.20488128066062927,0
1184,0,0.20488128066062927,0
1185,0,0.08128800243139267,1
1186,0,0.08128800243139267,0
1187,0,0.08128800243139267,0
1188,0,0.08128800243139267,0
1189,0,0.08128800243139267,0
1190,0,0.08128800243139267,0
1191,0,0.08128800243139267,0
1192,0,0.08128800243139267,0
1193,0,0.08128800243139267,0
1194,0,0.08128800243139267,0
1195,0,0.08128800243139267,0
1196,0,0.08128800243139267,0
1197,0,0.08128800243139267,0
1198,0,0.08128800243139267,0
1199,0,0.08128800243139267,0
1200,0,0.40142977237701416,1
1201,0,0.40142977237701416,0
1202,0,0.40142977237701416,0
1203,0,0.40142977237701416,0
1204,0,0.40142977237701416,0
1205,0,0.40142977237701416,0
1206,0,0.40142977237701416,0
1207,0,0.40142977237701416,0
1208,0,0.40142977237701416,0
1209,0,0.40142977237701416,0
1210,0,0.40142977237701416,0
1211,0,0.40142977237701416,0
1212,0,0.40142977237701416,0
1213,0,0.40142977237701416,0
1214,0,0.40142977237701416,0
1215,0,0.10416122525930405,1
1216,0,0.10416122525930405,0
1217,0,0.10416122525930405,0
1218,0,0.10416122525930405,0
1219,0,0.10416122525930405,0
1220,0,0.10416122525930405,0
1221,0,0.10416122525930405,0
1222,0,0.10416122525930405,0
1223,0,0.10416122525930405,0
1224,0,0.10416122525930405,0
1225,0,0.10416122525930405,0
1226,0,0.10416122525930405,0
1227,0,0.10416122525930405,0
1228,0,0.10416122525930405,0
1229,0,0.05121777951717377,1
1230,0,0.21190686523914337,1
1231,0,0.21190686523914337,0
1232,0,0.07057385891675949,1
1233,0,0.07057385891675949,0
1234,0,0.07057385891675949,0
1235,0,0.07057385891675949,0
1236,0,0.031222784891724586,1
1237,0,0.031222784891724586,0
1238,0,0.031222784891724586,0
1239,0,0.031222784891724586,0
1240,0,0.031222784891724586,0
1241,0,0.031222784891724586,0
1242,0,0.031222784891724586,0
1243,0,0.031222784891724586,0
1244,0,0.031222784891724586,0
1245,0,0.10511290282011032,1
1246,0,0.10511290282011032,0
1247,0,0.10511290282011032,0
1248,0,0.10511290282011032,0
1249,0,0.10511290282011032,0
1250,0,0.8246017098426819,1
1251,0,0.8246017098426819,0
1252,0,0.8246017098426819,0
1253,0,0.8246017098426819,0
1254,0,0.8246017098426819,0
1255,0,0.8246017098426819,0
1256,0,0.8246017098426819,0
1257,0,0.8246017098426819,0
1258,0,0.8246017098426819,0
1259,0,0.027470702305436134,1
1260,0,0.20164106786251068,1
1261,0,0.20164106786251068,0
1262,0,0.20164106786251068,0
1263,0,0.20164106786251068,0
1264,0,0.20164106786251068,0
1265,0,0.20164106786251068,0
1266,0,0.20164106786251068,0
1267,0,0.20164106786251068,0
1268,0,0.20164106786251068,0
1269,0,0.20164106786251068,0
1270,0,0.20164106786251068,0
1271,0,0.20164106786251068,0
1272,0,0.20164106786251068,0
1273,0,0.20164106786251068,0
1274,0,0.20164106786251068,0
1275,0,0.10648879408836365,1
1276,0,0.10648879408836365,0
1277,0,0.10648879408836365,0
1278,0,0.10648879408836365,0
1279,0,0.10648879408836365,0
1280,0,0.10648879408836365,0
1281,0,0.10648879408836365,0
1282,0,0.10648879408836365,0
1283,0,0.10648879408836365,0
1284,0,0.10648879408836365,0
1285,0,0.10648879408836365,0
1286,0,0.10648879408836365,0
1287,0,0.10648879408836365,0
1288,0,0.10648879408836365,0
1289,0,0.05982484668493271,1
1290,0,0.2265278398990631,1
1291,0,0.2265278398990631,0
1292,0,0.2265278398990631,0
1293,0,0.2265278398990631,0
1294,0,0.2265278398990631,0
1295,0,0.2265278398990631,0
1296,0,0.2265278398990631,0
1297,0,0.2265278398990631,0
1298,0,0.2265278398990631,0
1299,0,0.2265278398990631,0
1300,0,0.2265278398990631,0
1301,0,0.2265278398990631,0
1302,0,0.2265278398990631,0
1303,0,0.2265278398990631,0
1304,0,0.2265278398990631,0
1305,0,0.10096168518066406,1
1306,0,0.10096168518066406,0
1307,0,0.10096168518066406,0
1308,0,0.10096168518066406,0
1309,0,0.10096168518066406,0
1310,0,0.10096168518066406,0
1311,0,0.10096168518066406,0
1312,0,0.10096168518066406,0
1313,0,0.10096168518066406,0
1314,0,0.10096168518066406,0
1315,0,0.10096168518066406,0
1316,0,0.10096168518066406,0
1317,0,0.10096168518066406,0
1318,0,0.10096168518066406,0
1319,0,0.043291185051202774,1
1320,0,0.20078609883785248,1
1321,0,0.20078609883785248,0
1322,0,0.20078609883785248,0
1323,0,0.20078609883785248,0
1324,0,0.20078609883785248,0
1325,0,0.20078609883785248,0
1326,0,0.20078609883785248,0
1327,0,0.20078609883785248,0
1328,0,0.20078609883785248,0
1329,0,0.20078609883785248,0
1330,0,0.20078609883785248,0
1331,0,0.20078609883785248,0
1332,0,0.20078609883785248,0
1333,0,0.20078609883785248,0
1334,0,0.20078609883785248,0
1335,0,0.03136210888624191,1
1336,0,0.03136210888624191,0
1337,0,0.03136210888624191,0
1338,0,0.03136210888624191,0
1339,0,0.03136210888624191,0
1340,0,0.03136210888624191,0
1341,0,0.03136210888624191,0
1342,0,0.03136210888624191,0
1343,0,0.03136210888624191,0
1344,0,0.03136210888624191,0
1345,0,0.03136210888624191,0
1346,0,0.03136210888624191,0
1347,0,0.03136210888624191,0
1348,0,0.03136210888624191,0
1349,0,0.03136210888624191,0
1350,0,0.3791300356388092,1
1351,0,0.3791300356388092,0
1352,0,0.3791300356388092,0
1353,0,0.3791300356388092,0
1354,0,0.3791300356388092,0
1355,0,0.3791300356388092,0
1356,0,0.3791300356388092,0
1357,0,0.3791300356388092,0
1358,0,0.3791300356388092,0
1359,0,0.3791300356388092,0
1360,0,0.3791300356388092,0
1361,0,0.3791300356388092,0
1362,0,0.3791300356388092,0
1363,0,0.3791300356388092,0
1364,0,0.3791300356388092,0
1365,0,0.09455009549856186,1
1366,0,0.09455009549856186,0
1367,0,0.09455009549856186,0
1368,0,0.09455009549856186,0
1369,0,0.09455009549856186,0
1370,0,0.09455009549856186,0
1371,0,0.09455009549856186,0
1372,0,0.09455009549856186,0
1373,0,0.09455009549856186,0
1374,0,0.09455009549856186,0
1375,0,0.09455009549856186,0
1376,0,0.09455009549856186,0
1377,0,0.09455009549856186,0
1378,0,0.09455009549856186,0
1379,0,0.037249527871608734,1
1380,0,0.1954488903284073,1
1381,0,0.1954488903284073,0
1382,0,0.07691725343465805,1
1383,0,0.07691725343465805,0
1384,0,0.07691725343465805,0
1385,0,0.02430567890405655,1
1386,0,0.02430567890405655,0
1387,0,0.02430567890405655,0
1388,0,0.02430567890405655,0
1389,0,0.02430567890405655,0
1390,0,0.02430567890405655,0
1391,0,0.02430567890405655,0
1392,0,0.02430567890405655,0
1393,0,0.02430567890405655,0
1394,0,0.02430567890405655,0
1395,0,0.10993227362632751,1
1396,0,0.10993227362632751,0
1397,0,0.10993227362632751,0
1398,0,0.10993227362632751,0
1399,0,0.10993227362632751,0
1400,0,0.10993227362632751,0
1401,0,0.10993227362632751,0
1402,0,0.10993227362632751,0
1403,0,0.10993227362632751,0
1404,0,0.10993227362632751,0
1405,0,0.10993227362632751,0
1406,0,0.10993227362632751,0
1407,0,0.10993227362632751,0
1408,0,0.10993227362632751,0
1409,0,0.04712711647152901,1
1410,0,0.20393748581409454,1
1411,0,0.20393748581409454,0
1412,0,0.20393748581409454,0
1413,0,0.20393748581409454,0
1414,0,0.20393748581409454,0
1415,0,0.20393748581409454,0
1416,0,0.025456445291638374,1
1417,0,0.025456445291638374,0
1418,0,0.025456445291638374,0
1419,0,0.025456445291638374,0
1420,0,0.025456445291638374,0
1421,0,0.025456445291638374,0
1422,0,0.025456445291638374,0
1423,0,0.025456445291638374,0
1424,0,0.025456445291638374,0
1425,0,0.09980659931898117,1
1426,0,0.09980659931898117,0
1427,0,0.09980659931898117,0
1428,0,0.09980659931898117,0
1429,0,0.09980659931898117,0
1430,0,0.09980659931898117,0
1431,0,0.09980659931898117,0
1432,0,0.09980659931898117,0
1433,0,0.09980659931898117,0
1434,0,0.09980659931898117,0
1435,0,0.09980659931898117,0
1436,0,0.09980659931898117,0
1437,0,0.09980659931898117,0
1438,0,0.09980659931898117,0
1439,0,0.09980659931898117,0
1440,0,0.23729559779167175,1
1441,0,0.23729559779167175,0
1442,0,0.23729559779167175,0
1443,0,0.23729559779167175,0
1444,0,0.23729559779167175,0
1445,0,0.23729559779167175,0
1446,0,0.027897462248802185,1
1447,0,0.027897462248802185,0
1448,0,0.027897462248802185,0
1449,0,0.027897462248802185,0
1450,0,0.027897462248802185,0
1451,0,0.027897462248802185,0
1452,0,0.027897462248802185,0
1453,0,0.027897462248802185,0
1454,0,0.027897462248802185,0
1455,0,0.09569959342479706,1
1456,0,0.09569959342479706,0
1457,0,0.09569959342479706,0
1458,0,0.09569959342479706,0
1459,0,0.09569959342479706,0
1460,0,0.09569959342479706,0
1461,0,0.09569959342479706,0
1462,0,0.09569959342479706,0
1463,0,0.09569959342479706,0
1464,0,0.09569959342479706,0
1465,0,0.09569959342479706,0
1466,0,0.09569959342479706,0
1467,0,0.09569959342479706,0
1468,0,0.09569959342479706,0
1469,0,0.09569959342479706,0
1470,0,0.210455060005188,1
1471,0,0.210455060005188,0
1472,0,0.210455060005188,0
1473,0,0.210455060005188,0
1474,0,0.210455060005188,0
1475,0,0.210455060005188,0
1476,0,0.210455060005188,0
1477,0,0.210455060005188,0
1478,0,0.210455060005188,0
1479,0,0.210455060005188,0
1480,0,0.210455060005188,0
1481,0,0.210455060005188,0
1482,0,0.210455060005188,0
1483,0,0.210455060005188,0
1484,0,0.210455060005188,0
1485,0,0.036230944097042084,1
1486,0,0.036230944097042084,0
1487,0,0.036230944097042084,0
1488,0,0.036230944097042084,0
1489,0,0.036230944097042084,0
1490,0,0.036230944097042084,0
1491,0,0.036230944097042084,0
1492,0,0.036230944097042084,0
1493,0,0.036230944097042084,0
1494,0,0.036230944097042084,0
1495,0,0.036230944097042084,0
1496,0,0.036230944097042084,0
1497,0,0.036230944097042084,0
1498,0,0.036230944097042084,0
1499,0,0.036230944097042084,0
1500,0,0.8256502747535706,1
1501,0,0.8256502747535706,0
1502,0,0.8256502747535706,0
1503,0,0.8256502747535706,0
1504,0,0.8256502747535706,0
1505,0,0.8256502747535706,0
1506,0,0.8256502747535706,0
1507,0,0.8256502747535706,0
1508,0,0.8256502747535706,0
1509,0,0.8256502747535706,0
1510,0,0.8256502747535706,0
1511,0,0.8256502747535706,0
1512,0,0.8256502747535706,0
1513,0,0.8256502747535706,0
1514,0,0.8256502747535706,0
1515,0,0.8256502747535706,0
1516,0,0.8256502747535706,0
1517,0,0.8256502747535706,0
1518,0,0.8256502747535706,0
1519,0,0.8256502747535706,0
1520,0,0.8256502747535706,0
1521,0,0.8256502747535706,0
1522,0,0.8256502747535706,0
1523,0,0.8256502747535706,0
1524,0,0.8256502747535706,0
1525,0,0.8256502747535706,0
1526,0,0.8256502747535706,0
1527,0,0.8256502747535706,0
1528,0,0.8256502747535706,0
1529,0,0.8256502747535706,0
1530,0,0.2027953416109085,1
1531,0,0.2027953416109085,0
1532,0,0.2027953416109085,0
1533,0,0.2027953416109085,0
1534,0,0.2027953416109085,0
1535,0,0.2027953416109085,0
1536,0,0.2027953416109085,0
1537,0,0.2027953416109085,0
1538,0,0.2027953416109085,0
1539,0,0.2027953416109085,0
1540,0,0.2027953416109085,0
1541,0,0.2027953416109085,0
1542,0,0.2027953416109085,0
1543,0,0.2027953416109085,0
1544,0,0.2027953416109085,0
1545,0,0.1454833447933197,1
1546,0,0.1454833447933197,0
1547,0,0.1454833447933197,0
1548,0,0.1454833447933197,0
1549,0,0.1454833447933197,0
1550,0,0.1454833447933197,0
1551,0,0.1454833447933197,0
1552,0,0.1454833447933197,0
1553,0,0.1454833447933197,0
1554,0,0.1454833447933197,0
1555,0,0.1454833447933197,0
1556,0,0.1454833447933197,0
1557,0,0.1454833447933197,0
1558,0,0.1454833447933197,0
1559,0,0.1454833447933197,0
1560,0,0.25116047263145447,1
1561,0,0.25116047263145447,0
1562,0,0.25116047263145447,0
1563,0,0.25116047263145447,0
1564,0,0.25116047263145447,0
1565,0,0.25116047263145447,0
1566,0,0.25116047263145447,0
1567,0,0.25116047263145447,0
1568,0,0.25116047263145447,0
1569,0,0.25116047263145447,0
1570,0,0.25116047263145447,0
1571,0,0.25116047263145447,0
1572,0,0.25116047263145447,0
1573,0,0.25116047263145447,0
1574,0,0.25116047263145447,0
1575,0,0.184624582529068,1
1576,0,0.184624582529068,0
1577,0,0.184624582529068,0
1578,0,0.184624582529068,0
1579,0,0.184624582529068,0
1580,0,0.184624582529068,0
1581,0,0.184624582529068,0
1582,0,0.184624582529068,0
1583,0,0.184624582529068,0
1584,0,0.184624582529068,0
1585,0,0.184624582529068,0
1586,0,0.184624582529068,0
1587,0,0.184624582529068,0
1588,0,0.184624582529068,0
1589,0,0.1370753049850464,1
1590,0,0.3000333905220032,1
1591,0,0.3000333905220032,0
1592,0,0.3000333905220032,0
1593,0,0.3000333905220032,0
1594,0,0.3000333905220032,0
1595,0,0.3000333905220032,0
1596,0,0.3000333905220032,0
1597,0,0.3000333905220032,0
1598,0,0.3000333905220032,0
1599,0,0.3000333905220032,0
1600,0,0.3000333905220032,0
1601,0,0.3000333905220032,0
1602,0,0.3000333905220032,0
1603,0,0.3000333905220032,0
1604,0,0.3000333905220032,0
1605,0,0.2176009714603424,1
1606,0,0.2176009714603424,0
1607,0,0.2176009714603424,0
1608,0,0.2176009714603424,0
1609,0,0.2176009714603424,0
1610,0,0.2176009714603424,0
1611,0,0.2176009714603424,0
1612,0,0.2176009714603424,0
1613,0,0.2176009714603424,0
1614,0,0.2176009714603424,0
1615,0,0.2176009714603424,0
1616,0,0.2176009714603424,0
1617,0,0.2176009714603424,0
1618,0,0.2176009714603424,0
1619,0,0.1824851781129837,1
1620,0,0.33629003167152405,1
1621,0,0.33629003167152405,0
1622,0,0.33629003167152405,0
1623,0,0.33629003167152405,0
1624,0,0.33629003167152405,0
1625,0,0.33629003167152405,0
1626,0,0.33629003167152405,0
1627,0,0.33629003167152405,0
1628,0,0.33629003167152405,0
1629,0,0.33629003167152405,0
1630,0,0.33629003167152405,0
1631,0,0.33629003167152405,0
1632,0,0.33629003167152405,0
1633,0,0.33629003167152405,0
1634,0,0.33629003167152405,0
1635,0,0.33629003167152405,0
1636,0,0.33629003167152405,0
1637,0,0.33629003167152405,0
1638,0,0.33629003167152405,0
1639,0,0.33629003167152405,0
1640,0,0.33629003167152405,0
1641,0,0.33629003167152405,0
1642,0,0.33629003167152405,0
1643,0,0.33629003167152405,0
1644,0,0.33629003167152405,0
1645,0,0.33629003167152405,0
1646,0,0.33629003167152405,0
1647,0,0.33629003167152405,0
1648,0,0.33629003167152405,0
1649,0,0.33629003167152405,0
1650,0,0.5393978357315063,1
1651,0,0.5393978357315063,0
1652,0,0.5393978357315063,0
1653,0,0.5393978357315063,0
1654,0,0.5393978357315063,0
1655,0,0.5393978357315063,0
1656,0,0.5393978357315063,0
1657,0,0.5393978357315063,0
1658,0,0.5393978357315063,0
1659,0,0.5393978357315063,0
1660,0,0.5393978357315063,0
1661,0,0.5393978357315063,0
1662,0,0.5393978357315063,0
1663,0,0.5393978357315063,0
1664,0,0.5393978357315063,0
1665,0,0.26795828342437744,1
1666,0,0.26795828342437744,0
1667,0,0.26795828342437744,0
1668,0,0.26795828342437744,0
1669,0,0.26795828342437744,0
1670,0,0.26795828342437744,0
1671,0,0.26795828342437744,0
1672,0,0.26795828342437744,0
1673,0,0.26795828342437744,0
1674,0,0.26795828342437744,0
1675,0,0.26795828342437744,0
1676,0,0.26795828342437744,0
1677,0,0.26795828342437744,0
1678,0,0.26795828342437744,0
1679,0,0.22400355339050293,1
1680,0,0.3630558252334595,1
1681,0,0.3630558252334595,0
1682,0,0.2083735316991806,1
1683,0,0.2083735316991806,0
1684,0,0.2083735316991806,0
1685,0,0.2083735316991806,0
1686,0,0.2083735316991806,0
1687,0,0.2083735316991806,0
1688,0,0.20601168274879456,1
1689,0,0.20601168274879456,0
1690,0,0.20601168274879456,0
1691,0,0.20601168274879456,0
1692,0,0.20601168274879456,0
1693,0,0.20601168274879456,0
1694,0,0.20601168274879456,0
1695,0,0.30899202823638916,1
1696,0,0.30899202823638916,0
1697,0,0.30899202823638916,0
1698,0,0.30899202823638916,0
1699,0,0.30899202823638916,0
1700,0,0.30899202823638916,0
1701,0,0.30899202823638916,0
1702,0,0.30899202823638916,0
1703,0,0.30899202823638916,0
1704,0,0.30899202823638916,0
1705,0,0.30899202823638916,0
1706,0,0.30899202823638916,0
1707,0,0.30899202823638916,0
1708,0,0.30899202823638916,0
1709,0,0.22120481729507446,1
1710,0,0.3836826980113983,1
1711,0,0.3836826980113983,0
1712,0,0.3836826980113983,0
1713,0,0.3836826980113983,0
1714,0,0.3836826980113983,0
1715,0,0.3836826980113983,0
1716,0,0.3836826980113983,0
1717,0,0.3836826980113983,0
1718,0,0.3836826980113983,0
1719,0,0.3836826980113983,0
1720,0,0.3836826980113983,0
1721,0,0.3836826980113983,0
1722,0,0.3836826980113983,0
1723,0,0.3836826980113983,0
1724,0,0.3836826980113983,0
1725,0,0.2985403537750244,1
1726,0,0.2985403537750244,0
1727,0,0.2985403537750244,0
1728,0,0.2985403537750244,0
1729,0,0.2985403537750244,0
1730,0,0.2985403537750244,0
1731,0,0.2985403537750244,0
1732,0,0.2985403537750244,0
1733,0,0.2985403537750244,0
1734,0,0.2985403537750244,0
1735,0,0.2985403537750244,0
1736,0,0.2985403537750244,0
1737,0,0.2985403537750244,0
1738,0,0.2985403537750244,0
1739,0,0.2635255455970764,1
1740,0,0.4199592173099518,1
1741,0,0.4199592173099518,0
1742,0,0.4199592173099518,0
1743,0,0.4199592173099518,0
1744,0,0.4199592173099518,0
1745,0,0.25026074051856995,1
1746,0,0.25026074051856995,0
1747,0,0.23951134085655212,1
1748,0,0.26280102133750916,1
1749,0,0.2421056628227234,1
1750,0,0.8839311003684998,1
1751,0,0.8839311003684998,0
1752,0,0.8839311003684998,0
1753,0,0.8839311003684998,0
1754,0,0.8839311003684998,0
1755,0,0.33909139037132263,1
1756,0,0.33909139037132263,0
1757,0,0.33909139037132263,0
1758,0,0.33909139037132263,0
1759,0,0.33909139037132263,0
1760,0,0.33909139037132263,0
1761,0,0.33909139037132263,0
1762,0,0.33909139037132263,0
1763,0,0.33909139037132263,0
1764,0,0.33909139037132263,0
1765,0,0.33909139037132263,0
1766,0,0.33909139037132263,0
1767,0,0.33909139037132263,0
1768,0,0.33909139037132263,0
1769,0,0.2947310209274292,1
1770,0,0.44104665517807007,1
1771,0,0.44104665517807007,0
1772,0,0.44104665517807007,0
1773,0,0.44104665517807007,0
1774,0,0.44104665517807007,0
1775,0,0.44104665517807007,0
1776,0,0.44104665517807007,0
1777,0,0.44104665517807007,0
1778,0,0.44104665517807007,0
1779,0,0.44104665517807007,0
1780,0,0.44104665517807007,0
1781,0,0.44104665517807007,0
1782,0,0.44104665517807007,0
1783,0,0.44104665517807007,0
1784,0,0.44104665517807007,0
1785,0,0.2867737412452698,1
1786,0,0.2867737412452698,0
1787,0,0.2867737412452698,0
1788,0,0.2867737412452698,0
1789,0,0.2867737412452698,0
1790,0,0.2867737412452698,0
1791,0,0.2867737412452698,0
1792,0,0.2867737412452698,0
1793,0,0.2867737412452698,0
1794,0,0.2867737412452698,0
1795,0,0.2867737412452698,0
1796,0,0.2867737412452698,0
1797,0,0.2867737412452698,0
1798,0,0.2867737412452698,0
1799,0,0.2867737412452698,0
1800,0,0.5857529640197754,1
1801,0,0.5857529640197754,0
1802,0,0.5857529640197754,0
1803,0,0.5857529640197754,0
1804,0,0.5857529640197754,0
1805,0,0.20892855525016785,1
1806,0,0.20892855525016785,0
1807,0,0.20892855525016785,0
1808,0,0.20892855525016785,0
1809,0,0.22372978925704956,1
1810,0,0.22372978925704956,0
1811,0,0.22372978925704956,0
1812,0,0.22372978925704956,0
1813,0,0.22372978925704956,0
1814,0,0.22372978925704956,0
1815,0,0.2689308524131775,1
1816,0,0.2689308524131775,0
1817,0,0.2689308524131775,0
1818,0,0.2689308524131775,0
1819,0,0.2689308524131775,0
1820,0,0.2689308524131775,0
1821,0,0.2689308524131775,0
1822,0,0.2689308524131775,0
1823,0,0.2689308524131775,0
1824,0,0.2689308524131775,0
1825,0,0.2689308524131775,0
1826,0,0.2689308524131775,0
1827,0,0.2689308524131775,0
1828,0,0.2689308524131775,0
1829,0,0.2503281235694885,1
1830,0,0.368897408246994,1
1831,0,0.368897408246994,0
1832,0,0.19729360938072205,1
1833,0,0.19729360938072205,0
1834,0,0.19729360938072205,0
1835,0,0.19729360938072205,0
1836,0,0.19729360938072205,0
1837,0,0.19729360938072205,0
1838,0,0.1754382699728012,1
1839,0,0.1754382699728012,0
1840,0,0.1754382699728012,0
1841,0,0.1754382699728012,0
1842,0,0.1754382699728012,0
1843,0,0.1754382699728012,0
1844,0,0.1754382699728012,0
1845,0,0.27300530672073364,1
1846,0,0.27300530672073364,0
1847,0,0.27300530672073364,0
1848,0,0.27300530672073364,0
1849,0,0.27300530672073364,0
1850,0,0.27300530672073364,0
1851,0,0.27300530672073364,0
1852,0,0.27300530672073364,0
1853,0,0.27300530672073364,0
1854,0,0.27300530672073364,0
1855,0,0.27300530672073364,0
1856,0,0.27300530672073364,0
1857,0,0.27300530672073364,0
1858,0,0.27300530672073364,0
1859,0,0.20563478767871857,1
1860,0,0.3451480567455292,1
1861,0,0.3451480567455292,0
1862,0,0.3451480567455292,0
1863,0,0.3451480567455292,0
1864,0,0.3451480567455292,0
1865,0,0.3451480567455292,0
1866,0,0.3451480567455292,0
1867,0,0.3451480567455292,0
1868,0,0.3451480567455292,0
1869,0,0.3451480567455292,0
1870,0,0.3451480567455292,0
1871,0,0.3451480567455292,0
1872,0,0.3451480567455292,0
1873,0,0.3451480567455292,0
1874,0,0.3451480567455292,0
1875,0,0.19238513708114624,1
1876,0,0.19238513708114624,0
1877,0,0.19238513708114624,0
1878,0,0.19238513708114624,0
1879,0,0.19238513708114624,0
1880,0,0.19238513708114624,0
1881,0,0.19238513708114624,0
1882,0,0.19238513708114624,0
1883,0,0.19238513708114624,0
1884,0,0.19238513708114624,0
1885,0,0.19238513708114624,0
1886,0,0.19238513708114624,0
1887,0,0.19238513708114624,0
1888,0,0.19238513708114624,0
1889,0,0.12082289159297943,1
1890,0,0.28820955753326416,1
1891,0,0.28820955753326416,0
1892,0,0.28820955753326416,0
1893,0,0.28820955753326416,0
1894,0,0.28820955753326416,0
1895,0,0.28820955753326416,0
1896,0,0.28820955753326416,0
1897,0,0.28820955753326416,0
1898,0,0.28820955753326416,0
1899,0,0.28820955753326416,0
1900,0,0.28820955753326416,0
1901,0,0.28820955753326416,0
1902,0,0.28820955753326416,0
1903,0,0.28820955753326416,0
1904,0,0.28820955753326416,0
1905,0,0.13948532938957214,1
1906,0,0.13948532938957214,0
1907,0,0.13948532938957214,0
1908,0,0.13948532938957214,0
1909,0,0.13948532938957214,0
1910,0,0.13948532938957214,0
1911,0,0.13948532938957214,0
1912,0,0.13948532938957214,0
1913,0,0.13948532938957214,0
1914,0,0.13948532938957214,0
1915,0,0.13948532938957214,0
1916,0,0.13948532938957214,0
1917,0,0.13948532938957214,0
1918,0,0.13948532938957214,0
1919,0,0.13948532938957214,0
1920,0,0.24530866742134094,1
1921,0,0.24530866742134094,0
1922,0,0.24530866742134094,0
1923,0,0.24530866742134094,0
1924,0,0.24530866742134094,0
1925,0,0.24530866742134094,0
1926,0,0.24530866742134094,0
1927,0,0.24530866742134094,0
1928,0,0.24530866742134094,0
1929,0,0.24530866742134094,0
1930,0,0.24530866742134094,0
1931,0,0.24530866742134094,0
1932,0,0.24530866742134094,0
1933,0,0.24530866742134094,0
1934,0,0.24530866742134094,0
1935,0,0.24530866742134094,0
1936,0,0.24530866742134094,0
1937,0,0.24530866742134094,0
1938,0,0.24530866742134094,0
1939,0,0.24530866742134094,0
1940,0,0.24530866742134094,0
1941,0,0.24530866742134094,0
1942,0,0.24530866742134094,0
1943,0,0.24530866742134094,0
1944,0,0.24530866742134094,0
1945,0,0.24530866742134094,0
1946,0,0.24530866742134094,0
1947,0,0.24530866742134094,0
1948,0,0.24530866742134094,0
1949,0,0.24530866742134094,0
1950,0,0.467206209897995,1
1951,0,0.467206209897995,0
1952,0,0.467206209897995,0
1953,0,0.467206209897995,0
1954,0,0.467206209897995,0
1955,0,0.467206209897995,0
1956,0,0.467206209897995,0
1957,0,0.467206209897995,0
1958,0,0.467206209897995,0
1959,0,0.467206209897995,0
1960,0,0.467206209897995,0
1961,0,0.467206209897995,0
1962,0,0.467206209897995,0
1963,0,0.467206209897995,0
1964,0,0.467206209897995,0
1965,0,0.21372927725315094,1
1966,0,0.21372927725315094,0
1967,0,0.21372927725315094,0
1968,0,0.21372927725315094,0
1969,0,0.21372927725315094,0
1970,0,0.21372927725315094,0
1971,0,0.21372927725315094,0
1972,0,0.21372927725315094,0
1973,0,0.21372927725315094,0
1974,0,0.21372927725315094,0
1975,0,0.21372927725315094,0
1976,0,0.21372927725315094,0
1977,0,0.21372927725315094,0
1978,0,0.21372927725315094,0
1979,0,0.182435542345047,1
1980,0,0.3210788667201996,1
1981,0,0.3210788667201996,0
1982,0,0.3210788667201996,0
1983,0,0.3210788667201996,0
1984,0,0.3210788667201996,0
1985,0,0.3210788667201996,0
1986,0,0.3210788667201996,0
1987,0,0.3210788667201996,0
1988,0,0.3210788667201996,0
1989,0,0.3210788667201996,0
1990,0,0.3210788667201996,0
1991,0,0.3210788667201996,0
1992,0,0.3210788667201996,0
1993,0,0.3210788667201996,0
1994,0,0.3210788667201996,0
1995,0,0.22722497582435608,1
1996,0,0.22722497582435608,0
1997,0,0.22722497582435608,0
1998,0,0.22722497582435608,0
1999,0,0.22722497582435608,0
2000,0,0.8283651471138,1
2001,0,0.8283651471138,0
2002,0,0.8283651471138,0
2003,0,0.8283651471138,0
2004,0,0.8283651471138,0
2005,0,0.8283651471138,0
2006,0,0.8283651471138,0
2007,0,0.8283651471138,0
2008,0,0.8283651471138,0
2009,0,0.14905668795108795,1
2010,0,0.32350173592567444,1
2011,0,0.32350173592567444,0
2012,0,0.32350173592567444,0
2013,0,0.10704126954078674,1
2014,0,0.10704126954078674,0
2015,0,0.13427281379699707,1
2016,0,0.11214202642440796,1
2017,0,0.11214202642440796,0
2018,0,0.11214202642440796,0
2019,0,0.11172755062580109,1
2020,0,0.11172755062580109,0
2021,0,0.11172755062580109,0
2022,0,0.11172755062580109,0
2023,0,0.11172755062580109,0
2024,0,0.11172755062580109,0
2025,0,0.19865193963050842,1
2026,0,0.19865193963050842,0
2027,0,0.19865193963050842,0
2028,0,0.19865193963050842,0
2029,0,0.19865193963050842,0
2030,0,0.08882548660039902,1
2031,0,0.08882548660039902,0
2032,0,0.0982162281870842,1
2033,0,0.0982162281870842,0
2034,0,0.0982162281870842,0
2035,0,0.0982162281870842,0
2036,0,0.0982162281870842,0
2037,0,0.0982162281870842,0
2038,0,0.0982162281870842,0
2039,0,0.0982162281870842,0
2040,0,0.3247235417366028,1
2041,0,0.3247235417366028,0
2042,0,0.3247235417366028,0
2043,0,0.3247235417366028,0
2044,0,0.3247235417366028,0
2045,0,0.10170586407184601,1
2046,0,0.10170586407184601,0
2047,0,0.10170586407184601,0
2048,0,0.10170586407184601,0
2049,0,0.10170586407184601,0
2050,0,0.10170586407184601,0
2051,0,0.10170586407184601,0
2052,0,0.10170586407184601,0
2053,0,0.10170586407184601,0
2054,0,0.10170586407184601,0
2055,0,0.18690022826194763,1
2056,0,0.18690022826194763,0
2057,0,0.18690022826194763,0
2058,0,0.18690022826194763,0
2059,0,0.18690022826194763,0
2060,0,0.18690022826194763,0
2061,0,0.18690022826194763,0
2062,0,0.18690022826194763,0
2063,0,0.18690022826194763,0
2064,0,0.18690022826194763,0
2065,0,0.18690022826194763,0
2066,0,0.18690022826194763,0
2067,0,0.18690022826194763,0
2068,0,0.18690022826194763,0
2069,0,0.11075568199157715,1
2070,0,0.2546613812446594,1
2071,0,0.2546613812446594,0
2072,0,0.2546613812446594,0
2073,0,0.2546613812446594,0
2074,0,0.2546613812446594,0
2075,0,0.2546613812446594,0
2076,0,0.2546613812446594,0
2077,0,0.2546613812446594,0
2078,0,0.2546613812446594,0
2079,0,0.2546613812446594,0
2080,0,0.2546613812446594,0
2081,0,0.2546613812446594,0
2082,0,0.2546613812446594,0
2083,0,0.2546613812446594,0
2084,0,0.2546613812446594,0
2085,0,0.1082453727722168,1
2086,0,0.1082453727722168,0
2087,0,0.1082453727722168,0
2088,0,0.1082453727722168,0
2089,0,0.1082453727722168,0
2090,0,0.1082453727722168,0
2091,0,0.1082453727722168,0
2092,0,0.1082453727722168,0
2093,0,0.1082453727722168,0
2094,0,0.1082453727722168,0
2095,0,0.1082453727722168,0
2096,0,0.1082453727722168,0
2097,0,0.1082453727722168,0
2098,0,0.1082453727722168,0
2099,0,0.1082453727722168,0
2100,0,0.452738881111145,1
2101,0,0.452738881111145,0
2102,0,0.452738881111145,0
2103,0,0.452738881111145,0
2104,0,0.452738881111145,0
2105,0,0.452738881111145,0
2106,0,0.452738881111145,0
2107,0,0.452738881111145,0
2108,0,0.452738881111145,0
2109,0,0.452738881111145,0
2110,0,0.452738881111145,0
2111,0,0.452738881111145,0
2112,0,0.452738881111145,0
2113,0,0.452738881111145,0
2114,0,0.452738881111145,0
2115,0,0.1523125022649765,1
2116,0,0.1523125022649765,0
2117,0,0.1523125022649765,0
2118,0,0.1523125022649765,0
2119,0,0.1523125022649765,0
2120,0,0.1523125022649765,0
2121,0,0.1523125022649765,0
2122,0,0.1523125022649765,0
2123,0,0.1523125022649765,0
2124,0,0.1523125022649765,0
2125,0,0.1523125022649765,0
2126,0,0.1523125022649765,0
2127,0,0.1523125022649765,0
2128,0,0.1523125022649765,0
2129,0,0.1523125022649765,0
2130,0,0.27183768153190613,1
2131,0,0.27183768153190613,0
2132,0,0.27183768153190613,0
2133,0,0.27183768153190613,0
2134,0,0.27183768153190613,0
2135,0,0.27183768153190613,0
2136,0,0.27183768153190613,0
2137,0,0.27183768153190613,0
2138,0,0.27183768153190613,0
2139,0,0.27183768153190613,0
2140,0,0.27183768153190613,0
2141,0,0.27183768153190613,0
2142,0,0.27183768153190613,0
2143,0,0.27183768153190613,0
2144,0,0.27183768153190613,0
2145,0,0.09954879432916641,1
2146,0,0.09954879432916641,0
2147,0,0.09954879432916641,0
2148,0,0.09954879432916641,0
2149,0,0.09954879432916641,0
2150,0,0.09954879432916641,0
2151,0,0.09954879432916641,0
2152,0,0.09954879432916641,0
2153,0,0.09954879432916641,0
2154,0,0.09954879432916641,0
2155,0,0.09954879432916641,0
2156,0,0.09954879432916641,0
2157,0,0.09954879432916641,0
2158,0,0.09954879432916641,0
2159,0,0.033444762229919434,1
2160,0,0.194954052567482,1
2161,0,0.194954052567482,0
2162,0,0.194954052567482,0
2163,0,0.194954052567482,0
2164,0,0.194954052567482,0
2165,0,0.194954052567482,0
2166,0,0.194954052567482,0
2167,0,0.194954052567482,0
2168,0,0.194954052567482,0
2169,0,0.194954052567482,0
2170,0,0.194954052567482,0
2171,0,0.194954052567482,0
2172,0,0.194954052567482,0
2173,0,0.194954052567482,0
2174,0,0.194954052567482,0
2175,0,0.09480425715446472,1
2176,0,0.09480425715446472,0
2177,0,0.09480425715446472,0
2178,0,0.09480425715446472,0
2179,0,0.09480425715446472,0
2180,0,0.09480425715446472,0
2181,0,0.09480425715446472,0
2182,0,0.09480425715446472,0
2183,0,0.09480425715446472,0
2184,0,0.09480425715446472,0
2185,0,0.09480425715446472,0
2186,0,0.09480425715446472,0
2187,0,0.09480425715446472,0
2188,0,0.09480425715446472,0
2189,0,0.09480425715446472,0
2190,0,0.23092828691005707,1
2191,0,0.23092828691005707,0
2192,0,0.23092828691005707,0
2193,0,0.23092828691005707,0
2194,0,0.23092828691005707,0
2195,0,0.23092828691005707,0
2196,0,0.23092828691005707,0
2197,0,0.23092828691005707,0
2198,0,0.23092828691005707,0
2199,0,0.23092828691005707,0
2200,0,0.23092828691005707,0
2201,0,0.23092828691005707,0
2202,0,0.23092828691005707,0
2203,0,0.23092828691005707,0
2204,0,0.23092828691005707,0
2205,0,0.0866980031132698,1
2206,0,0.0866980031132698,0
2207,0,0.0866980031132698,0
2208,0,0.0866980031132698,0
2209,0,0.0866980031132698,0
2210,0,0.0866980031132698,0
2211,0,0.0866980031132698,0
2212,0,0.0866980031132698,0
2213,0,0.0866980031132698,0
2214,0,0.0866980031132698,0
2215,0,0.0866980031132698,0
2216,0,0.0866980031132698,0
2217,0,0.0866980031132698,0
2218,0,0.0866980031132698,0
2219,0,0.0866980031132698,0
2220,0,0.20582930743694305,1
2221,0,0.20582930743694305,0
2222,0,0.20582930743694305,0
2223,0,0.20582930743694305,0
2224,0,0.20582930743694305,0
2225,0,0.20582930743694305,0
2226,0,0.20582930743694305,0
2227,0,0.20582930743694305,0
2228,0,0.20582930743694305,0
2229,0,0.20582930743694305,0
2230,0,0.20582930743694305,0
2231,0,0.20582930743694305,0
2232,0,0.20582930743694305,0
2233,0,0.20582930743694305,0
2234,0,0.20582930743694305,0
2235,0,0.20582930743694305,0
2236,0,0.20582930743694305,0
2237,0,0.20582930743694305,0
2238,0,0.20582930743694305,0
2239,0,0.20582930743694305,0
2240,0,0.20582930743694305,0
2241,0,0.20582930743694305,0
2242,0,0.20582930743694305,0
2243,0,0.20582930743694305,0
2244,0,0.20582930743694305,0
2245,0,0.20582930743694305,0
2246,0,0.20582930743694305,0
2247,0,0.20582930743694305,0
2248,0,0.20582930743694305,0
2249,0,0.20582930743694305,0
2250,0,0.8032848238945007,1
2251,0,0.8032848238945007,0
2252,0,0.8032848238945007,0
2253,0,0.8032848238945007,0
2254,0,0.8032848238945007,0
2255,0,0.8032848238945007,0
2256,0,0.8032848238945007,0
2257,0,0.8032848238945007,0
2258,0,0.8032848238945007,0
2259,0,0.8032848238945007,0
2260,0,0.8032848238945007,0
2261,0,0.8032848238945007,0
2262,0,0.8032848238945007,0
2263,0,0.8032848238945007,0
2264,0,0.8032848238945007,0
2265,0,0.045369356870651245,1
2266,0,0.045369356870651245,0
2267,0,0.045369356870651245,0
2268,0,0.045369356870651245,0
2269,0,0.045369356870651245,0
2270,0,0.045369356870651245,0
2271,0,0.045369356870651245,0
2272,0,0.045369356870651245,0
2273,0,0.045369356870651245,0
2274,0,0.045369356870651245,0
2275,0,0.045369356870651245,0
2276,0,0.045369356870651245,0
2277,0,0.045369356870651245,0
2278,0,0.045369356870651245,0
2279,0,0.045369356870651245,0
2280,0,0.1555107831954956,1
2281,0,0.1555107831954956,0
2282,0,0.0516873300075531,1
2283,0,0.0516873300075531,0
2284,0,0.0516873300075531,0
2285,0,0.0516873300075531,0
2286,0,0.0516873300075531,0
2287,0,0.0516873300075531,0
2288,0,0.0516873300075531,0
2289,0,0.0516873300075531,0
2290,0,0.0516873300075531,0
2291,0,0.0516873300075531,0
2292,0,0.0516873300075531,0
2293,0,0.0516873300075531,0
2294,0,0.0516873300075531,0
2295,0,0.09439600259065628,1
2296,0,0.09439600259065628,0
2297,0,0.09439600259065628,0
2298,0,0.09439600259065628,0
2299,0,0.09439600259065628,0
2300,0,0.09439600259065628,0
2301,0,0.09439600259065628,0
2302,0,0.09439600259065628,0
2303,0,0.09439600259065628,0
2304,0,0.09439600259065628,0
2305,0,0.09439600259065628,0
2306,0,0.09439600259065628,0
2307,0,0.09439600259065628,0
2308,0,0.09439600259065628,0
2309,0,0.022421475499868393,1
2310,0,0.18489675223827362,1
2311,0,0.18489675223827362,0
2312,0,0.18489675223827362,0
2313,0,0.18489675223827362,0
2314,0,0.18489675223827362,0
2315,0,0.18489675223827362,0
2316,0,0.18489675223827362,0
2317,0,0.18489675223827362,0
2318,0,0.18489675223827362,0
2319,0,0.18489675223827362,0
2320,0,0.18489675223827362,0
2321,0,0.18489675223827362,0
2322,0,0.18489675223827362,0
2323,0,0.18489675223827362,0
2324,0,0.18489675223827362,0
2325,0,0.08559560030698776,1
2326,0,0.08559560030698776,0
2327,0,0.08559560030698776,0
2328,0,0.08559560030698776,0
2329,0,0.08559560030698776,0
2330,0,0.08559560030698776,0
2331,0,0.08559560030698776,0
2332,0,0.08559560030698776,0
2333,0,0.08559560030698776,0
2334,0,0.08559560030698776,0
2335,0,0.08559560030698776,0
2336,0,0.08559560030698776,0
2337,0,0.08559560030698776,0
2338,0,0.08559560030698776,0
2339,0,0.024342579767107964,1
2340,0,0.19054940342903137,1
2341,0,0.19054940342903137,0
2342,0,0.19054940342903137,0
2343,0,0.19054940342903137,0
2344,0,0.19054940342903137,0
2345,0,0.19054940342903137,0
2346,0,0.19054940342903137,0
2347,0,0.19054940342903137,0
2348,0,0.19054940342903137,0
2349,0,0.19054940342903137,0
2350,0,0.19054940342903137,0
2351,0,0.19054940342903137,0
2352,0,0.19054940342903137,0
2353,0,0.19054940342903137,0
2354,0,0.19054940342903137,0
2355,0,0.0816928967833519,1
2356,0,0.0816928967833519,0
2357,0,0.0816928967833519,0
2358,0,0.0816928967833519,0
2359,0,0.0816928967833519,0
2360,0,0.0816928967833519,0
2361,0,0.0816928967833519,0
2362,0,0.0816928967833519,0
2363,0,0.0816928967833519,0
2364,0,0.0816928967833519,0
2365,0,0.0816928967833519,0
2366,0,0.0816928967833519,0
2367,0,0.0816928967833519,0
2368,0,0.0816928967833519,0
2369,0,0.0816928967833519,0
2370,0,0.2084529995918274,1
2371,0,0.2084529995918274,0
2372,0,0.2084529995918274,0
2373,0,0.2084529995918274,0
2374,0,0.2084529995918274,0
2375,0,0.2084529995918274,0
2376,0,0.2084529995918274,0
2377,0,0.2084529995918274,0
2378,0,0.2084529995918274,0
2379,0,0.2084529995918274,0
2380,0,0.2084529995918274,0
2381,0,0.2084529995918274,0
2382,0,0.2084529995918274,0
2383,0,0.2084529995918274,0
2384,0,0.2084529995918274,0
2385,0,0.06129858270287514,1
2386,0,0.06129858270287514,0
2387,0,0.06129858270287514,0
2388,0,0.06129858270287514,0
2389,0,0.06129858270287514,0
2390,0,0.06129858270287514,0
2391,0,0.06129858270287514,0
2392,0,0.06129858270287514,0
2393,0,0.06129858270287514,0
2394,0,0.06129858270287514,0
2395,0,0.06129858270287514,0
2396,0,0.06129858270287514,0
2397,0,0.06129858270287514,0
2398,0,0.06129858270287514,0
2399,0,0.06129858270287514,0
2400,0,0.40185078978538513,1
2401,0,0.40185078978538513,0
2402,0,0.40185078978538513,0
2403,0,0.40185078978538513,0
2404,0,0.40185078978538513,0
2405,0,0.40185078978538513,0
2406,0,0.40185078978538513,0
2407,0,0.40185078978538513,0
2408,0,0.02049301564693451,1
2409,0,0.02049301564693451,0
2410,0,0.02049301564693451,0
2411,0,0.02049301564693451,0
2412,0,0.02049301564693451,0
2413,0,0.02049301564693451,0
2414,0,0.02049301564693451,0
2415,0,0.11707399785518646,1
2416,0,0.11707399785518646,0
2417,0,0.11707399785518646,0
2418,0,0.11707399785518646,0
2419,0,0.11707399785518646,0
2420,0,0.11707399785518646,0
2421,0,0.11707399785518646,0
2422,0,0.11707399785518646,0
2423,0,0.11707399785518646,0
2424,0,0.11707399785518646,0
2425,0,0.11707399785518646,0
2426,0,0.11707399785518646,0
2427,0,0.11707399785518646,0
2428,0,0.11707399785518646,0
2429,0,0.07964678108692169,1
2430,0,0.22228693962097168,1
2431,0,0.22228693962097168,0
2432,0,0.07726642489433289,1
2433,0,0.07726642489433289,0
2434,0,0.07726642489433289,0
2435,0,0.07726642489433289,0
2436,0,0.05268879234790802,1
2437,0,0.05268879234790802,0
2438,0,0.028695259243249893,1
2439,0,0.028695259243249893,0
2440,0,0.028695259243249893,0
2441,0,0.028695259243249893,0
2442,0,0.028695259243249893,0
2443,0,0.028695259243249893,0
2444,0,0.028695259243249893,0
2445,0,0.1281973421573639,1
2446,0,0.1281973421573639,0
2447,0,0.1281973421573639,0
2448,0,0.1281973421573639,0
2449,0,0.1281973421573639,0
2450,0,0.1281973421573639,0
2451,0,0.1281973421573639,0
2452,0,0.1281973421573639,0
2453,0,0.1281973421573639,0
2454,0,0.1281973421573639,0
2455,0,0.1281973421573639,0
2456,0,0.1281973421573639,0
2457,0,0.1281973421573639,0
2458,0,0.1281973421573639,0
2459,0,0.1281973421573639,0
2460,0,0.27183935046195984,1
2461,0,0.27183935046195984,0
2462,0,0.27183935046195984,0
2463,0,0.27183935046195984,0
2464,0,0.27183935046195984,0
2465,0,0.27183935046195984,0
2466,0,0.27183935046195984,0
2467,0,0.27183935046195984,0
2468,0,0.27183935046195984,0
2469,0,0.27183935046195984,0
2470,0,0.27183935046195984,0
2471,0,0.27183935046195984,0
2472,0,0.27183935046195984,0
2473,0,0.27183935046195984,0
2474,0,0.27183935046195984,0
2475,0,0.15724660456180573,1
2476,0,0.15724660456180573,0
2477,0,0.15724660456180573,0
2478,0,0.15724660456180573,0
2479,0,0.15724660456180573,0
2480,0,0.15724660456180573,0
2481,0,0.15724660456180573,0
2482,0,0.15724660456180573,0
2483,0,0.15724660456180573,0
2484,0,0.15724660456180573,0
2485,0,0.15724660456180573,0
2486,0,0.15724660456180573,0
2487,0,0.15724660456180573,0
2488,0,0.15724660456180573,0
2489,0,0.10297280550003052,1
2490,0,0.25772085785865784,1
2491,0,0.25772085785865784,0
2492,0,0.25772085785865784,0
2493,0,0.25772085785865784,0
2494,0,0.25772085785865784,0
2495,0,0.25772085785865784,0
2496,0,0.25772085785865784,0
2497,0,0.25772085785865784,0
2498,0,0.25772085785865784,0
2499,0,0.25772085785865784,0
2500,0,0.8357812166213989,1
2501,0,0.8357812166213989,0
2502,0,0.8357812166213989,0
2503,0,0.8357812166213989,0
2504,0,0.8357812166213989,0
2505,0,0.10175859183073044,1
2506,0,0.10175859183073044,0
2507,0,0.10175859183073044,0
2508,0,0.10175859183073044,0
2509,0,0.10175859183073044,0
2510,0,0.10175859183073044,0
2511,0,0.10175859183073044,0
2512,0,0.10175859183073044,0
2513,0,0.10175859183073044,0
2514,0,0.10175859183073044,0
2515,0,0.10175859183073044,0
2516,0,0.10175859183073044,0
2517,0,0.10175859183073044,0
2518,0,0.10175859183073044,0
2519,0,0.10175859183073044,0
2520,0,0.21830692887306213,1
2521,0,0.21830692887306213,0
2522,0,0.21830692887306213,0
2523,0,0.21830692887306213,0
2524,0,0.21830692887306213,0
2525,0,0.21830692887306213,0
2526,0,0.21830692887306213,0
2527,0,0.21830692887306213,0
2528,0,0.21830692887306213,0
2529,0,0.21830692887306213,0
2530,0,0.21830692887306213,0
2531,0,0.21830692887306213,0
2532,0,0.21830692887306213,0
2533,0,0.21830692887306213,0
2534,0,0.21830692887306213,0
2535,0,0.041792578995227814,1
2536,0,0.041792578995227814,0
2537,0,0.041792578995227814,0
2538,0,0.041792578995227814,0
2539,0,0.041792578995227814,0
2540,0,0.041792578995227814,0
2541,0,0.041792578995227814,0
2542,0,0.041792578995227814,0
2543,0,0.041792578995227814,0
2544,0,0.041792578995227814,0
2545,0,0.041792578995227814,0
2546,0,0.041792578995227814,0
2547,0,0.041792578995227814,0
2548,0,0.041792578995227814,0
2549,0,0.041792578995227814,0
2550,0,0.38179463148117065,1
2551,0,0.38179463148117065,0
2552,0,0.38179463148117065,0
2553,0,0.38179463148117065,0
2554,0,0.38179463148117065,0
2555,0,0.38179463148117065,0
2556,0,0.38179463148117065,0
2557,0,0.38179463148117065,0
2558,0,0.38179463148117065,0
2559,0,0.38179463148117065,0
2560,0,0.38179463148117065,0
2561,0,0.38179463148117065,0
2562,0,0.38179463148117065,0
2563,0,0.38179463148117065,0
2564,0,0.38179463148117065,0
2565,0,0.0943840742111206,1
2566,0,0.0943840742111206,0
2567,0,0.0943840742111206,0
2568,0,0.0943840742111206,0
2569,0,0.0943840742111206,0
2570,0,0.0943840742111206,0
2571,0,0.0943840742111206,0
2572,0,0.0943840742111206,0
2573,0,0.0943840742111206,0
2574,0,0.0943840742111206,0
2575,0,0.0943840742111206,0
2576,0,0.0943840742111206,0
2577,0,0.0943840742111206,0
2578,0,0.0943840742111206,0
2579,0,0.06984813511371613,1
2580,0,0.23464830219745636,1
2581,0,0.23464830219745636,0
2582,0,0.09047317504882812,1
2583,0,0.09047317504882812,0
2584,0,0.09047317504882812,0
2585,0,0.09047317504882812,0
2586,0,0.09047317504882812,0
2587,0,0.09047317504882812,0
2588,0,0.09047317504882812,0
2589,0,0.09047317504882812,0
2590,0,0.09047317504882812,0
2591,0,0.09047317504882812,0
2592,0,0.09047317504882812,0
2593,0,0.09047317504882812,0
2594,0,0.09047317504882812,0
2595,0,0.134041890501976,1
2596,0,0.134041890501976,0
2597,0,0.134041890501976,0
2598,0,0.134041890501976,0
2599,0,0.134041890501976,0
2600,0,0.134041890501976,0
2601,0,0.134041890501976,0
2602,0,0.134041890501976,0
2603,0,0.134041890501976,0
2604,0,0.134041890501976,0
2605,0,0.134041890501976,0
2606,0,0.134041890501976,0
2607,0,0.134041890501976,0
2608,0,0.134041890501976,0
2609,0,0.134041890501976,0
2610,0,0.32524383068084717,1
2611,0,0.32524383068084717,0
2612,0,0.32524383068084717,0
2613,0,0.32524383068084717,0
2614,0,0.32524383068084717,0
2615,0,0.32524383068084717,0
2616,0,0.32524383068084717,0
2617,0,0.32524383068084717,0
2618,0,0.32524383068084717,0
2619,0,0.32524383068084717,0
2620,0,0.32524383068084717,0
2621,0,0.32524383068084717,0
2622,0,0.32524383068084717,0
2623,0,0.32524383068084717,0
2624,0,0.32524383068084717,0
2625,0,0.14938467741012573,1
2626,0,0.14938467741012573,0
2627,0,0.14938467741012573,0
2628,0,0.14938467741012573,0
2629,0,0.14938467741012573,0
2630,0,0.14938467741012573,0
2631,0,0.14938467741012573,0
2632,0,0.14938467741012573,0
2633,0,0.14938467741012573,0
2634,0,0.14938467741012573,0
2635,0,0.14938467741012573,0
2636,0,0.14938467741012573,0
2637,0,0.14938467741012573,0
2638,0,0.14938467741012573,0
2639,0,0.09497296810150146,1
2640,0,0.2583238184452057,1
2641,0,0.2583238184452057,0
2642,0,0.2583238184452057,0
2643,0,0.2583238184452057,0
2644,0,0.2583238184452057,0
2645,0,0.2583238184452057,0
2646,0,0.06835492700338364,1
2647,0,0.06835492700338364,0
2648,0,0.04726550728082657,1
2649,0,0.04726550728082657,0
2650,0,0.04726550728082657,0
2651,0,0.04726550728082657,0
2652,0,0.04726550728082657,0
2653,0,0.04726550728082657,0
2654,0,0.04726550728082657,0
2655,0,0.12807077169418335,1
2656,0,0.12807077169418335,0
2657,0,0.12807077169418335,0
2658,0,0.12807077169418335,0
2659,0,0.12807077169418335,0
2660,0,0.12807077169418335,0
2661,0,0.12807077169418335,0
2662,0,0.12807077169418335,0
2663,0,0.12807077169418335,0
2664,0,0.12807077169418335,0
2665,0,0.12807077169418335,0
2666,0,0.12807077169418335,0
2667,0,0.12807077169418335,0
2668,0,0.12807077169418335,0
2669,0,0.12807077169418335,0
2670,0,0.27424633502960205,1
2671,0,0.27424633502960205,0
2672,0,0.27424633502960205,0
2673,0,0.27424633502960205,0
2674,0,0.27424633502960205,0
2675,0,0.27424633502960205,0
2676,0,0.27424633502960205,0
2677,0,0.27424633502960205,0
2678,0,0.27424633502960205,0
2679,0,0.27424633502960205,0
2680,0,0.27424633502960205,0
2681,0,0.27424633502960205,0
2682,0,0.27424633502960205,0
2683,0,0.27424633502960205,0
2684,0,0.27424633502960205,0
2685,0,0.06225677952170372,1
2686,0,0.06225677952170372,0
2687,0,0.06225677952170372,0
2688,0,0.06225677952170372,0
2689,0,0.06225677952170372,0
2690,0,0.06225677952170372,0
2691,0,0.06225677952170372,0
2692,0,0.06225677952170372,0
2693,0,0.06225677952170372,0
2694,0,0.06225677952170372,0
2695,0,0.06225677952170372,0
2696,0,0.06225677952170372,0
2697,0,0.06225677952170372,0
2698,0,0.06225677952170372,0
2699,0,0.06225677952170372,0
2700,0,0.3755826950073242,1
2701,0,0.3755826950073242,0
2702,0,0.3755826950073242,0
2703,0,0.3755826950073242,0
2704,0,0.3755826950073242,0
2705,0,0.3755826950073242,0
2706,0,0.3755826950073242,0
2707,0,0.3755826950073242,0
2708,0,0.3755826950073242,0
2709,0,0.3755826950073242,0
2710,0,0.3755826950073242,0
2711,0,0.3755826950073242,0
2712,0,0.3755826950073242,0
2713,0,0.3755826950073242,0
2714,0,0.3755826950073242,0
2715,0,0.13572664558887482,1
2716,0,0.13572664558887482,0
2717,0,0.13572664558887482,0
2718,0,0.13572664558887482,0
2719,0,0.13572664558887482,0
2720,0,0.13572664558887482,0
2721,0,0.13572664558887482,0
2722,0,0.13572664558887482,0
2723,0,0.13572664558887482,0
2724,0,0.13572664558887482,0
2725,0,0.13572664558887482,0
2726,0,0.13572664558887482,0
2727,0,0.13572664558887482,0
2728,0,0.13572664558887482,0
2729,0,0.07079096138477325,1
2730,0,0.222699835896492,1
2731,0,0.222699835896492,0
2732,0,0.054889339953660965,1
2733,0,0.054889339953660965,0
2734,0,0.04391400143504143,1
2735,0,0.04391400143504143,0
2736,0,0.04391400143504143,0
2737,0,0.04391400143504143,0
2738,0,0.04391400143504143,0
2739,0,0.04391400143504143,0
2740,0,0.04391400143504143,0
2741,0,0.04391400143504143,0
2742,0,0.04391400143504143,0
2743,0,0.04391400143504143,0
2744,0,0.04391400143504143,0
2745,0,0.13545605540275574,1
2746,0,0.13545605540275574,0
2747,0,0.13545605540275574,0
2748,0,0.13545605540275574,0
2749,0,0.13545605540275574,0
2750,0,0.8168822526931763,1
2751,0,0.8168822526931763,0
2752,0,0.8168822526931763,0
2753,0,0.8168822526931763,0
2754,0,0.8168822526931763,0
2755,0,0.8168822526931763,0
2756,0,0.8168822526931763,0
2757,0,0.8168822526931763,0
2758,0,0.8168822526931763,0
2759,0,0.07317567616701126,1
2760,0,0.2341911792755127,1
2761,0,0.2341911792755127,0
2762,0,0.2341911792755127,0
2763,0,0.2341911792755127,0
2764,0,0.2341911792755127,0
2765,0,0.2341911792755127,0
2766,0,0.2341911792755127,0
2767,0,0.2341911792755127,0
2768,0,0.2341911792755127,0
2769,0,0.2341911792755127,0
2770,0,0.2341911792755127,0
2771,0,0.2341911792755127,0
2772,0,0.2341911792755127,0
2773,0,0.2341911792755127,0
2774,0,0.2341911792755127,0
2775,0,0.1419113129377365,1
2776,0,0.1419113129377365,0
2777,0,0.1419113129377365,0
2778,0,0.1419113129377365,0
2779,0,0.1419113129377365,0
2780,0,0.1419113129377365,0
2781,0,0.1419113129377365,0
2782,0,0.1419113129377365,0
2783,0,0.1419113129377365,0
2784,0,0.1419113129377365,0
2785,0,0.1419113129377365,0
2786,0,0.1419113129377365,0
2787,0,0.1419113129377365,0
2788,0,0.1419113129377365,0
2789,0,0.09605874866247177,1
2790,0,0.2598041594028473,1
2791,0,0.2598041594028473,0
2792,0,0.2598041594028473,0
2793,0,0.2598041594028473,0
2794,0,0.2598041594028473,0
2795,0,0.2598041594028473,0
2796,0,0.2598041594028473,0
2797,0,0.2598041594028473,0
2798,0,0.2598041594028473,0
2799,0,0.2598041594028473,0
2800,0,0.2598041594028473,0
2801,0,0.2598041594028473,0
2802,0,0.2598041594028473,0
2803,0,0.2598041594028473,0
2804,0,0.2598041594028473,0
2805,0,0.16301622986793518,1
2806,0,0.16301622986793518,0
2807,0,0.16301622986793518,0
2808,0,0.16301622986793518,0
2809,0,0.16301622986793518,0
2810,0,0.16301622986793518,0
2811,0,0.16301622986793518,0
2812,0,0.16301622986793518,0
2813,0,0.16301622986793518,0
2814,0,0.16301622986793518,0
2815,0,0.16301622986793518,0
2816,0,0.16301622986793518,0
2817,0,0.16301622986793518,0
2818,0,0.16301622986793518,0
2819,0,0.16301622986793518,0
2820,0,0.30557698011398315,1
2821,0,0.30557698011398315,0
2822,0,0.30557698011398315,0
2823,0,0.30557698011398315,0
2824,0,0.30557698011398315,0
2825,0,0.30557698011398315,0
2826,0,0.30557698011398315,0
2827,0,0.30557698011398315,0
2828,0,0.30557698011398315,0
2829,0,0.30557698011398315,0
2830,0,0.30557698011398315,0
2831,0,0.30557698011398315,0
2832,0,0.30557698011398315,0
2833,0,0.30557698011398315,0
2834,0,0.30557698011398315,0
2835,0,0.13002970814704895,1
2836,0,0.13002970814704895,0
2837,0,0.13002970814704895,0
2838,0,0.13002970814704895,0
2839,0,0.13002970814704895,0
2840,0,0.13002970814704895,0
2841,0,0.13002970814704895,0
2842,0,0.13002970814704895,0
2843,0,0.13002970814704895,0
2844,0,0.13002970814704895,0
2845,0,0.13002970814704895,0
2846,0,0.13002970814704895,0
2847,0,0.13002970814704895,0
2848,0,0.13002970814704895,0
2849,0,0.13002970814704895,0
2850,0,0.45281073451042175,1
2851,0,0.45281073451042175,0
2852,0,0.45281073451042175,0
2853,0,0.45281073451042175,0
2854,0,0.45281073451042175,0
2855,0,0.45281073451042175,0
2856,0,0.45281073451042175,0
2857,0,0.45281073451042175,0
2858,0,0.45281073451042175,0
2859,0,0.45281073451042175,0
2860,0,0.45281073451042175,0
2861,0,0.45281073451042175,0
2862,0,0.45281073451042175,0
2863,0,0.45281073451042175,0
2864,0,0.45281073451042175,0
2865,0,0.14927726984024048,1
2866,0,0.14927726984024048,0
2867,0,0.14927726984024048,0
2868,0,0.14927726984024048,0
2869,0,0.14927726984024048,0
2870,0,0.14927726984024048,0
2871,0,0.14927726984024048,0
2872,0,0.14927726984024048,0
2873,0,0.14927726984024048,0
2874,0,0.14927726984024048,0
2875,0,0.14927726984024048,0
2876,0,0.14927726984024048,0
2877,0,0.14927726984024048,0
2878,0,0.14927726984024048,0
2879,0,0.12284223735332489,1
2880,0,0.2808696925640106,1
2881,0,0.2808696925640106,0
2882,0,0.11382554471492767,1
2883,0,0.11382554471492767,0
2884,0,0.09187869727611542,1
2885,0,0.09187869727611542,0
2886,0,0.09187869727611542,0
2887,0,0.09187869727611542,0
2888,0,0.09187869727611542,0
2889,0,0.09187869727611542,0
2890,0,0.09187869727611542,0
2891,0,0.09187869727611542,0
2892,0,0.09187869727611542,0
2893,0,0.09187869727611542,0
2894,0,0.09187869727611542,0
2895,0,0.19047409296035767,1
2896,0,0.19047409296035767,0
2897,0,0.19047409296035767,0
2898,0,0.19047409296035767,0
2899,0,0.19047409296035767,0
2900,0,0.19047409296035767,0
2901,0,0.19047409296035767,0
2902,0,0.19047409296035767,0
2903,0,0.19047409296035767,0
2904,0,0.19047409296035767,0
2905,0,0.19047409296035767,0
2906,0,0.19047409296035767,0
2907,0,0.19047409296035767,0
2908,0,0.19047409296035767,0
2909,0,0.1320691704750061,1
2910,0,0.2988082468509674,1
2911,0,0.2988082468509674,0
2912,0,0.2988082468509674,0
2913,0,0.2988082468509674,0
2914,0,0.2988082468509674,0
2915,0,0.2988082468509674,0
2916,0,0.2988082468509674,0
2917,0,0.10657203197479248,1
2918,0,0.10657203197479248,0
2919,0,0.10657203197479248,0
2920,0,0.10657203197479248,0
2921,0,0.10657203197479248,0
2922,0,0.10657203197479248,0
2923,0,0.10657203197479248,0
2924,0,0.10657203197479248,0
2925,0,0.17770874500274658,1
2926,0,0.17770874500274658,0
2927,0,0.17770874500274658,0
2928,0,0.17770874500274658,0
2929,0,0.17770874500274658,0
2930,0,0.17770874500274658,0
2931,0,0.17770874500274658,0
2932,0,0.17770874500274658,0
2933,0,0.17770874500274658,0
2934,0,0.17770874500274658,0
2935,0,0.17770874500274658,0
2936,0,0.17770874500274658,0
2937,0,0.17770874500274658,0
2938,0,0.17770874500274658,0
2939,0,0.11382240056991577,1
2940,0,0.281013548374176,1
2941,0,0.281013548374176,0
2942,0,0.281013548374176,0
2943,0,0.281013548374176,0
2944,0,0.281013548374176,0
2945,0,0.281013548374176,0
2946,0,0.281013548374176,0
2947,0,0.281013548374176,0
2948,0,0.281013548374176,0
2949,0,0.281013548374176,0
2950,0,0.281013548374176,0
2951,0,0.281013548374176,0
2952,0,0.281013548374176,0
2953,0,0.281013548374176,0
2954,0,0.281013548374176,0
2955,0,0.1762801557779312,1
2956,0,0.1762801557779312,0
2957,0,0.1762801557779312,0
2958,0,0.1762801557779312,0
2959,0,0.1762801557779312,0
2960,0,0.1762801557779312,0
2961,0,0.1762801557779312,0
2962,0,0.1762801557779312,0
2963,0,0.1762801557779312,0
2964,0,0.1762801557779312,0
2965,0,0.1762801557779312,0
2966,0,0.1762801557779312,0
2967,0,0.1762801557779312,0
2968,0,0.1762801557779312,0
2969,0,0.12212251126766205,1
2970,0,0.27648842334747314,1
2971,0,0.27648842334747314,0
2972,0,0.27648842334747314,0
2973,0,0.27648842334747314,0
2974,0,0.27648842334747314,0
2975,0,0.27648842334747314,0
2976,0,0.27648842334747314,0
2977,0,0.27648842334747314,0
2978,0,0.27648842334747314,0
2979,0,0.27648842334747314,0
2980,0,0.27648842334747314,0
2981,0,0.27648842334747314,0
2982,0,0.27648842334747314,0
2983,0,0.27648842334747314,0
2984,0,0.27648842334747314,0
2985,0,0.11827844381332397,1
2986,0,0.11827844381332397,0
2987,0,0.11827844381332397,0
2988,0,0.11827844381332397,0
2989,0,0.11827844381332397,0
2990,0,0.11827844381332397,0
2991,0,0.11827844381332397,0
2992,0,0.11827844381332397,0
2993,0,0.11827844381332397,0
2994,0,0.11827844381332397,0
2995,0,0.11827844381332397,0
2996,0,0.11827844381332397,0
2997,0,0.11827844381332397,0
2998,0,0.11827844381332397,0
2999,0,0.11827844381332397,0
3000,0,0.846043050289154,1
3001,0,0.846043050289154,0
3002,0,0.846043050289154,0
3003,0,0.846043050289154,0
3004,0,0.846043050289154,0
3005,0,0.846043050289154,0
3006,0,0.846043050289154,0
3007,0,0.846043050289154,0
3008,0,0.846043050289154,0
3009,0,0.846043050289154,0
3010,0,0.846043050289154,0
3011,0,0.846043050289154,0
3012,0,0.846043050289154,0
3013,0,0.846043050289154,0
3014,0,0.846043050289154,0
3015,0,0.846043050289154,0
3016,0,0.846043050289154,0
3017,0,0.846043050289154,0
3018,0,0.846043050289154,0
3019,0,0.846043050289154,0
3020,0,0.846043050289154,0
3021,0,0.846043050289154,0
3022,0,0.846043050289154,0
3023,0,0.846043050289154,0
3024,0,0.846043050289154,0
3025,0,0.846043050289154,0
3026,0,0.846043050289154,0
3027,0,0.846043050289154,0
3028,0,0.846043050289154,0
3029,0,0.846043050289154,0
3030,0,0.3630058169364929,1
3031,0,0.3630058169364929,0
3032,0,0.3630058169364929,0
3033,0,0.3630058169364929,0
3034,0,0.3630058169364929,0
3035,0,0.3630058169364929,0
3036,0,0.3630058169364929,0
3037,0,0.3630058169364929,0
3038,0,0.3630058169364929,0
3039,0,0.3630058169364929,0
3040,0,0.3630058169364929,0
3041,0,0.3630058169364929,0
3042,0,0.3630058169364929,0
3043,0,0.3630058169364929,0
3044,0,0.3630058169364929,0
3045,0,0.3039324879646301,1
3046,0,0.3039324879646301,0
3047,0,0.3039324879646301,0
3048,0,0.3039324879646301,0
3049,0,0.3039324879646301,0
3050,0,0.3039324879646301,0
3051,0,0.3039324879646301,0
3052,0,0.3039324879646301,0
3053,0,0.3039324879646301,0
3054,0,0.3039324879646301,0
3055,0,0.3039324879646301,0
3056,0,0.3039324879646301,0
3057,0,0.3039324879646301,0
3058,0,0.3039324879646301,0
3059,0,0.3039324879646301,0
3060,0,0.3625948429107666,1
3061,0,0.3625948429107666,0
3062,0,0.3625948429107666,0
3063,0,0.3625948429107666,0
3064,0,0.3625948429107666,0
3065,0,0.3625948429107666,0
3066,0,0.3625948429107666,0
3067,0,0.3625948429107666,0
3068,0,0.3625948429107666,0
3069,0,0.3625948429107666,0
3070,0,0.3625948429107666,0
3071,0,0.3625948429107666,0
3072,0,0.3625948429107666,0
3073,0,0.3625948429107666,0
3074,0,0.3625948429107666,0
3075,0,0.2559204399585724,1
3076,0,0.2559204399585724,0
3077,0,0.2559204399585724,0
3078,0,0.2559204399585724,0
3079,0,0.2559204399585724,0
3080,0,0.2559204399585724,0
3081,0,0.2559204399585724,0
3082,0,0.2559204399585724,0
3083,0,0.2559204399585724,0
3084,0,0.42536938190460205,1
3085,0,0.3482332229614258,1
3086,0,0.24876545369625092,1
3087,0,0.2647189497947693,1
3088,0,0.2647189497947693,0
3089,0,0.28511112928390503,1
3090,0,0.4574659764766693,1
3091,0,0.4574659764766693,0
3092,0,0.4574659764766693,0
3093,0,0.4574659764766693,0
3094,0,0.4574659764766693,0
3095,0,0.4574659764766693,0
3096,0,0.4574659764766693,0
3097,0,0.4574659764766693,0
3098,0,0.4574659764766693,0
3099,0,0.4574659764766693,0
3100,0,0.4574659764766693,0
3101,0,0.4574659764766693,0
3102,0,0.4574659764766693,0
3103,0,0.4574659764766693,0
3104,0,0.4574659764766693,0
3105,0,0.24589528143405914,1
3106,0,0.24589528143405914,0
3107,0,0.24589528143405914,0
3108,0,0.24589528143405914,0
3109,0,0.24589528143405914,0
3110,0,0.24589528143405914,0
3111,0,0.24589528143405914,0
3112,0,0.24589528143405914,0
3113,0,0.24589528143405914,0
3114,0,0.24589528143405914,0
3115,0,0.24589528143405914,0
3116,0,0.24589528143405914,0
3117,0,0.24589528143405914,0
3118,0,0.24589528143405914,0
3119,0,0.24589528143405914,0
3120,0,0.35695841908454895,1
3121,0,0.35695841908454895,0
3122,0,0.35695841908454895,0
3123,0,0.35695841908454895,0
3124,0,0.35695841908454895,0
3125,0,0.35695841908454895,0
3126,0,0.35695841908454895,0
3127,0,0.35695841908454895,0
3128,0,0.35695841908454895,0
3129,0,0.35695841908454895,0
3130,0,0.35695841908454895,0
3131,0,0.35695841908454895,0
3132,0,0.35695841908454895,0
3133,0,0.35695841908454895,0
3134,0,0.35695841908454895,0
3135,0,0.35695841908454895,0
3136,0,0.35695841908454895,0
3137,0,0.35695841908454895,0
3138,0,0.35695841908454895,0
3139,0,0.35695841908454895,0
3140,0,0.35695841908454895,0
3141,0,0.35695841908454895,0
3142,0,0.35695841908454895,0
3143,0,0.35695841908454895,0
3144,0,0.35695841908454895,0
3145,0,0.35695841908454895,0
3146,0,0.35695841908454895,0
3147,0,0.35695841908454895,0
3148,0,0.35695841908454895,0
3149,0,0.35695841908454895,0
3150,0,0.4951414465904236,1
3151,0,0.4951414465904236,0
3152,0,0.4951414465904236,0
3153,0,0.4951414465904236,0
3154,0,0.4951414465904236,0
3155,0,0.4951414465904236,0
3156,0,0.4951414465904236,0
3157,0,0.4951414465904236,0
3158,0,0.4951414465904236,0
3159,0,0.4951414465904236,0
3160,0,0.4951414465904236,0
3161,0,0.4951414465904236,0
3162,0,0.4951414465904236,0
3163,0,0.4951414465904236,0
3164,0,0.4951414465904236,0
3165,0,0.21488459408283234,1
3166,0,0.21488459408283234,0
3167,0,0.21488459408283234,0
3168,0,0.21488459408283234,0
3169,0,0.21488459408283234,0
3170,0,0.21488459408283234,0
3171,0,0.21488459408283234,0
3172,0,0.21488459408283234,0
3173,0,0.21488459408283234,0
3174,0,0.21488459408283234,0
3175,0,0.21488459408283234,0
3176,0,0.21488459408283234,0
3177,0,0.21488459408283234,0
3178,0,0.21488459408283234,0
3179,0,0.21488459408283234,0
3180,0,0.28705209493637085,1
3181,0,0.28705209493637085,0
3182,0,0.28705209493637085,0
3183,0,0.28705209493637085,0
3184,0,0.28705209493637085,0
3185,0,0.28705209493637085,0
3186,0,0.28705209493637085,0
3187,0,0.28705209493637085,0
3188,0,0.28705209493637085,0
3189,0,0.28705209493637085,0
3190,0,0.28705209493637085,0
3191,0,0.28705209493637085,0
3192,0,0.28705209493637085,0
3193,0,0.28705209493637085,0
3194,0,0.28705209493637085,0
3195,0,0.17814086377620697,1
3196,0,0.17814086377620697,0
3197,0,0.17814086377620697,0
3198,0,0.17814086377620697,0
3199,0,0.17814086377620697,0
3200,0,0.17814086377620697,0
3201,0,0.17814086377620697,0
3202,0,0.17814086377620697,0
3203,0,0.17814086377620697,0
3204,0,0.17814086377620697,0
3205,0,0.17814086377620697,0
3206,0,0.17814086377620697,0
3207,0,0.17814086377620697,0
3208,0,0.17814086377620697,0
3209,0,0.17814086377620697,0
3210,0,0.25943562388420105,1
3211,0,0.25943562388420105,0
3212,0,0.25943562388420105,0
3213,0,0.25943562388420105,0
3214,0,0.25943562388420105,0
3215,0,0.25943562388420105,0
3216,0,0.25943562388420105,0
3217,0,0.25943562388420105,0
3218,0,0.25943562388420105,0
3219,0,0.25943562388420105,0
3220,0,0.28010159730911255,1
3221,0,0.26898181438446045,1
3222,0,0.29737532138824463,1
3223,0,0.20323729515075684,1
3224,0,0.18713636696338654,1
3225,0,0.23319533467292786,1
3226,0,0.23319533467292786,0
3227,0,0.23319533467292786,0
3228,0,0.23319533467292786,0
3229,0,0.23319533467292786,0
3230,0,0.23319533467292786,0
3231,0,0.23319533467292786,0
3232,0,0.23319533467292786,0
3233,0,0.23319533467292786,0
3234,0,0.23319533467292786,0
3235,0,0.23319533467292786,0
3236,0,0.23319533467292786,0
3237,0,0.23319533467292786,0
3238,0,0.23319533467292786,0
3239,0,0.16815754771232605,1
3240,0,0.32904696464538574,1
3241,0,0.32904696464538574,0
3242,0,0.32904696464538574,0
3243,0,0.32904696464538574,0
3244,0,0.32904696464538574,0
3245,0,0.32904696464538574,0
3246,0,0.32904696464538574,0
3247,0,0.32904696464538574,0
3248,0,0.32904696464538574,0
3249,0,0.32904696464538574,0
3250,0,0.8377655148506165,1
3251,0,0.8377655148506165,0
3252,0,0.8377655148506165,0
3253,0,0.8377655148506165,0
3254,0,0.8377655148506165,0
3255,0,0.16218766570091248,1
3256,0,0.16218766570091248,0
3257,0,0.16218766570091248,0
3258,0,0.16218766570091248,0
3259,0,0.16218766570091248,0
3260,0,0.16218766570091248,0
3261,0,0.16218766570091248,0
3262,0,0.06387162953615189,1
3263,0,0.06387162953615189,0
3264,0,0.06387162953615189,0
3265,0,0.06387162953615189,0
3266,0,0.06387162953615189,0
3267,0,0.06387162953615189,0
3268,0,0.06387162953615189,0
3269,0,0.06387162953615189,0
3270,0,0.3044832944869995,1
3271,0,0.3044832944869995,0
3272,0,0.3044832944869995,0
3273,0,0.3044832944869995,0
3274,0,0.3044832944869995,0
3275,0,0.3044832944869995,0
3276,0,0.3044832944869995,0
3277,0,0.0689198225736618,1
3278,0,0.0689198225736618,0
3279,0,0.0689198225736618,0
3280,0,0.0689198225736618,0
3281,0,0.0689198225736618,0
3282,0,0.0689198225736618,0
3283,0,0.0689198225736618,0
3284,0,0.0689198225736618,0
3285,0,0.09927941113710403,1
3286,0,0.09927941113710403,0
3287,0,0.09927941113710403,0
3288,0,0.09927941113710403,0
3289,0,0.09927941113710403,0
3290,0,0.09927941113710403,0
3291,0,0.09927941113710403,0
3292,0,0.09927941113710403,0
3293,0,0.09927941113710403,0
3294,0,0.09927941113710403,0
3295,0,0.09927941113710403,0
3296,0,0.09927941113710403,0
3297,0,0.09927941113710403,0
3298,0,0.09927941113710403,0
3299,0,0.09927941113710403,0
3300,0,0.4239770174026489,1
3301,0,0.4239770174026489,0
3302,0,0.4239770174026489,0
3303,0,0.4239770174026489,0
3304,0,0.4239770174026489,0
3305,0,0.4239770174026489,0
3306,0,0.4239770174026489,0
3307,0,0.4239770174026489,0
3308,0,0.4239770174026489,0
3309,0,0.4239770174026489,0
3310,0,0.4239770174026489,0
3311,0,0.4239770174026489,0
3312,0,0.4239770174026489,0
3313,0,0.4239770174026489,0
3314,0,0.4239770174026489,0
3315,0,0.10898195952177048,1
3316,0,0.10898195952177048,0
3317,0,0.10898195952177048,0
3318,0,0.10898195952177048,0
3319,0,0.10898195952177048,0
3320,0,0.10898195952177048,0
3321,0,0.10898195952177048,0
3322,0,0.10898195952177048,0
3323,0,0.10898195952177048,0
3324,0,0.10898195952177048,0
3325,0,0.10898195952177048,0
3326,0,0.10898195952177048,0
3327,0,0.10898195952177048,0
3328,0,0.10898195952177048,0
3329,0,0.04270903021097183,1
3330,0,0.20841829478740692,1
3331,0,0.20841829478740692,0
3332,0,0.06892364472150803,1
3333,0,0.06892364472150803,0
3334,0,0.027567846700549126,1
3335,0,0.027567846700549126,0
3336,0,0.027567846700549126,0
3337,0,0.027567846700549126,0
3338,0,0.027567846700549126,0
3339,0,0.027567846700549126,0
3340,0,0.027567846700549126,0
3341,0,0.027567846700549126,0
3342,0,0.027567846700549126,0
3343,0,0.027567846700549126,0
3344,0,0.027567846700549126,0
3345,0,0.10827169567346573,1
3346,0,0.10827169567346573,0
3347,0,0.10827169567346573,0
3348,0,0.10827169567346573,0
3349,0,0.10827169567346573,0
3350,0,0.10827169567346573,0
3351,0,0.10827169567346573,0
3352,0,0.10827169567346573,0
3353,0,0.10827169567346573,0
3354,0,0.10827169567346573,0
3355,0,0.10827169567346573,0
3356,0,0.10827169567346573,0
3357,0,0.10827169567346573,0
3358,0,0.10827169567346573,0
3359,0,0.04172768443822861,1
3360,0,0.20871393382549286,1
3361,0,0.20871393382549286,0
3362,0,0.20871393382549286,0
3363,0,0.20871393382549286,0
3364,0,0.20871393382549286,0
3365,0,0.20871393382549286,0
3366,0,0.20871393382549286,0
3367,0,0.20871393382549286,0
3368,0,0.20871393382549286,0
3369,0,0.20871393382549286,0
3370,0,0.20871393382549286,0
3371,0,0.20871393382549286,0
3372,0,0.20871393382549286,0
3373,0,0.20871393382549286,0
3374,0,0.20871393382549286,0
3375,0,0.1001838743686676,1
3376,0,0.1001838743686676,0
3377,0,0.1001838743686676,0
3378,0,0.1001838743686676,0
3379,0,0.1001838743686676,0
3380,0,0.1001838743686676,0
3381,0,0.1001838743686676,0
3382,0,0.1001838743686676,0
3383,0,0.1001838743686676,0
3384,0,0.1001838743686676,0
3385,0,0.1001838743686676,0
3386,0,0.1001838743686676,0
3387,0,0.1001838743686676,0
3388,0,0.1001838743686676,0
3389,0,0.03960060328245163,1
3390,0,0.20409944653511047,1
3391,0,0.20409944653511047,0
3392,0,0.20409944653511047,0
3393,0,0.20409944653511047,0
3394,0,0.20409944653511047,0
3395,0,0.20409944653511047,0
3396,0,0.20409944653511047,0
3397,0,0.20409944653511047,0
3398,0,0.20409944653511047,0
3399,0,0.20409944653511047,0
3400,0,0.20409944653511047,0
3401,0,0.20409944653511047,0
3402,0,0.20409944653511047,0
3403,0,0.20409944653511047,0
3404,0,0.20409944653511047,0
3405,0,0.09071122109889984,1
3406,0,0.09071122109889984,0
3407,0,0.09071122109889984,0
3408,0,0.09071122109889984,0
3409,0,0.09071122109889984,0
3410,0,0.09071122109889984,0
3411,0,0.09071122109889984,0
3412,0,0.09071122109889984,0
3413,0,0.09071122109889984,0
3414,0,0.09071122109889984,0
3415,0,0.09071122109889984,0
3416,0,0.09071122109889984,0
3417,0,0.09071122109889984,0
3418,0,0.09071122109889984,0
3419,0,0.0344449020922184,1
3420,0,0.18816012144088745,1
3421,0,0.18816012144088745,0
3422,0,0.18816012144088745,0
3423,0,0.18816012144088745,0
3424,0,0.18816012144088745,0
3425,0,0.18816012144088745,0
3426,0,0.18816012144088745,0
3427,0,0.18816012144088745,0
3428,0,0.18816012144088745,0
3429,0,0.18816012144088745,0
3430,0,0.18816012144088745,0
3431,0,0.18816012144088745,0
3432,0,0.18816012144088745,0
3433,0,0.18816012144088745,0
3434,0,0.18816012144088745,0
3435,0,0.026655269786715508,1
3436,0,0.026655269786715508,0
3437,0,0.026655269786715508,0
3438,0,0.026655269786715508,0
3439,0,0.026655269786715508,0
3440,0,0.026655269786715508,0
3441,0,0.026655269786715508,0
3442,0,0.026655269786715508,0
3443,0,0.026655269786715508,0
3444,0,0.026655269786715508,0
3445,0,0.026655269786715508,0
3446,0,0.026655269786715508,0
3447,0,0.026655269786715508,0
3448,0,0.026655269786715508,0
3449,0,0.026655269786715508,0
3450,0,0.3724410831928253,1
3451,0,0.3724410831928253,0
3452,0,0.3724410831928253,0
3453,0,0.3724410831928253,0
3454,0,0.3724410831928253,0
3455,0,0.3724410831928253,0
3456,0,0.3724410831928253,0
3457,0,0.3724410831928253,0
3458,0,0.3724410831928253,0
3459,0,0.3724410831928253,0
3460,0,0.3724410831928253,0
3461,0,0.3724410831928253,0
3462,0,0.3724410831928253,0
3463,0,0.3724410831928253,0
3464,0,0.3724410831928253,0
3465,0,0.0757528617978096,1
3466,0,0.0757528617978096,0
3467,0,0.0757528617978096,0
3468,0,0.0757528617978096,0
3469,0,0.0757528617978096,0
3470,0,0.0757528617978096,0
3471,0,0.0757528617978096,0
3472,0,0.0757528617978096,0
3473,0,0.0757528617978096,0
3474,0,0.0757528617978096,0
3475,0,0.0757528617978096,0
3476,0,0.0757528617978096,0
3477,0,0.0757528617978096,0
3478,0,0.0757528617978096,0
3479,0,0.0757528617978096,0
3480,0,0.24290218949317932,1
3481,0,0.24290218949317932,0
3482,0,0.24290218949317932,0
3483,0,0.24290218949317932,0
3484,0,0.24290218949317932,0
3485,0,0.24290218949317932,0
3486,0,0.24290218949317932,0
3487,0,0.24290218949317932,0
3488,0,0.24290218949317932,0
3489,0,0.24290218949317932,0
3490,0,0.24290218949317932,0
3491,0,0.24290218949317932,0
3492,0,0.24290218949317932,0
3493,0,0.24290218949317932,0
3494,0,0.24290218949317932,0
3495,0,0.09554827213287354,1
3496,0,0.09554827213287354,0
3497,0,0.09554827213287354,0
3498,0,0.09554827213287354,0
3499,0,0.09554827213287354,0
3500,0,0.8196403980255127,1
3501,0,0.8196403980255127,0
3502,0,0.8196403980255127,0
3503,0,0.8196403980255127,0
3504,0,0.8196403980255127,0
3505,0,0.8196403980255127,0
3506,0,0.8196403980255127,0
3507,0,0.8196403980255127,0
3508,0,0.8196403980255127,0
3509,0,0.026860427111387253,1
3510,0,0.19781920313835144,1
3511,0,0.19781920313835144,0
3512,0,0.19781920313835144,0
3513,0,0.19781920313835144,0
3514,0,0.19781920313835144,0
3515,0,0.19781920313835144,0
3516,0,0.19781920313835144,0
3517,0,0.19781920313835144,0
3518,0,0.19781920313835144,0
3519,0,0.026600945740938187,1
3520,0,0.026600945740938187,0
3521,0,0.026600945740938187,0
3522,0,0.026600945740938187,0
3523,0,0.026600945740938187,0
3524,0,0.026600945740938187,0
3525,0,0.09234444797039032,1
3526,0,0.09234444797039032,0
3527,0,0.09234444797039032,0
3528,0,0.09234444797039032,0
3529,0,0.09234444797039032,0
3530,0,0.09234444797039032,0
3531,0,0.09234444797039032,0
3532,0,0.09234444797039032,0
3533,0,0.09234444797039032,0
3534,0,0.09234444797039032,0
3535,0,0.09234444797039032,0
3536,0,0.09234444797039032,0
3537,0,0.09234444797039032,0
3538,0,0.09234444797039032,0
3539,0,0.030586734414100647,1
3540,0,0.1964283436536789,1
3541,0,0.1964283436536789,0
3542,0,0.1964283436536789,0
3543,0,0.1964283436536789,0
3544,0,0.1964283436536789,0
3545,0,0.1964283436536789,0
3546,0,0.1964283436536789,0
3547,0,0.1964283436536789,0
3548,0,0.1964283436536789,0
3549,0,0.1964283436536789,0
3550,0,0.1964283436536789,0
3551,0,0.1964283436536789,0
3552,0,0.1964283436536789,0
3553,0,0.1964283436536789,0
3554,0,0.1964283436536789,0
3555,0,0.06636078655719757,1
3556,0,0.06636078655719757,0
3557,0,0.06636078655719757,0
3558,0,0.06636078655719757,0
3559,0,0.06636078655719757,0
3560,0,0.06636078655719757,0
3561,0,0.06636078655719757,0
3562,0,0.06636078655719757,0
3563,0,0.06636078655719757,0
3564,0,0.06636078655719757,0
3565,0,0.06636078655719757,0
3566,0,0.06636078655719757,0
3567,0,0.06636078655719757,0
3568,0,0.06636078655719757,0
3569,0,0.06636078655719757,0
3570,0,0.06362779438495636,1
3571,0,0.06362779438495636,0
3572,0,0.06362779438495636,0
3573,0,0.06362779438495636,0
3574,0,0.06362779438495636,0
3575,0,0.06362779438495636,0
3576,0,0.06362779438495636,0
3577,0,0.06362779438495636,0
3578,0,0.06362779438495636,0
