frame_idx,ground_truth,action_score_propagated,is_retained_tier
0,0,0.3064282238483429,1
1,0,0.3064282238483429,0
2,0,0.3064282238483429,0
3,0,0.3064282238483429,0
4,0,0.3064282238483429,0
5,0,0.3064282238483429,0
6,0,0.3064282238483429,0
7,0,0.3064282238483429,0
8,0,0.3064282238483429,0
9,0,0.3064282238483429,0
10,0,0.3064282238483429,0
11,0,0.3064282238483429,0
12,0,0.3064282238483429,0
13,0,0.3064282238483429,0
14,0,0.3064282238483429,0
15,0,0.3064282238483429,0
16,0,0.3064282238483429,0
17,0,0.3064282238483429,0
18,0,0.3064282238483429,0
19,0,0.3064282238483429,0
20,0,0.3064282238483429,0
21,0,0.3064282238483429,0
22,0,0.3064282238483429,0
23,0,0.3064282238483429,0
24,0,0.3064282238483429,0
25,0,0.3064282238483429,0
26,0,0.3064282238483429,0
27,0,0.3064282238483429,0
28,0,0.3064282238483429,0
29,0,0.2220294177532196,1
30,0,0.22115013003349304,1
31,0,0.22115013003349304,0
32,0,0.22115013003349304,0
33,0,0.22115013003349304,0
34,0,0.22115013003349304,0
35,0,0.22115013003349304,0
36,0,0.22115013003349304,0
37,0,0.22115013003349304,0
38,0,0.22115013003349304,0
39,0,0.22115013003349304,0
40,0,0.22115013003349304,0
41,0,0.22115013003349304,0
42,0,0.22115013003349304,0
43,0,0.22115013003349304,0
44,0,0.22115013003349304,0
45,0,0.22115013003349304,0
46,0,0.22115013003349304,0
47,0,0.22115013003349304,0
48,0,0.22115013003349304,0
49,0,0.22115013003349304,0
50,0,0.22115013003349304,0
51,0,0.22115013003349304,0
52,0,0.22115013003349304,0
53,0,0.22115013003349304,0
54,0,0.22115013003349304,0
55,0,0.22115013003349304,0
56,0,0.22115013003349304,0
57,0,0.22115013003349304,0
58,0,0.22115013003349304,0
59,0,0.29402050375938416,1
60,0,0.44149407744407654,1
61,0,0.44149407744407654,0
62,0,0.44149407744407654,0
63,0,0.44149407744407654,0
64,0,0.44149407744407654,0
65,0,0.44149407744407654,0
66,0,0.44149407744407654,0
67,0,0.44149407744407654,0
68,0,0.44149407744407654,0
69,0,0.44149407744407654,0
70,0,0.44149407744407654,0
71,0,0.44149407744407654,0
72,0,0.44149407744407654,0
73,0,0.44149407744407654,0
74,0,0.44149407744407654,0
75,0,0.44149407744407654,0
76,0,0.44149407744407654,0
77,0,0.44149407744407654,0
78,0,0.44149407744407654,0
79,0,0.44149407744407654,0
80,0,0.44149407744407654,0
81,0,0.44149407744407654,0
82,0,0.44149407744407654,0
83,0,0.44149407744407654,0
84,0,0.44149407744407654,0
85,0,0.44149407744407654,0
86,0,0.44149407744407654,0
87,0,0.44149407744407654,0
88,0,0.44149407744407654,0
89,0,0.30033525824546814,1
90,0,0.2676388621330261,1
91,0,0.2676388621330261,0
92,0,0.072731152176857,1
93,0,0.072731152176857,0
94,0,0.072731152176857,0
95,0,0.072731152176857,0
96,0,0.051689743995666504,1
97,0,0.051689743995666504,0
98,0,0.051689743995666504,0
99,0,0.051689743995666504,0
100,0,0.051689743995666504,0
101,0,0.051689743995666504,0
102,0,0.051689743995666504,0
103,0,0.051689743995666504,0
104,0,0.051689743995666504,0
105,0,0.051689743995666504,0
106,0,0.051689743995666504,0
107,0,0.051689743995666504,0
108,0,0.051689743995666504,0
109,0,0.051689743995666504,0
110,0,0.051689743995666504,0
111,0,0.051689743995666504,0
112,0,0.051689743995666504,0
113,0,0.051689743995666504,0
114,0,0.051689743995666504,0
115,0,0.051689743995666504,0
116,0,0.051689743995666504,0
117,0,0.051689743995666504,0
118,0,0.051689743995666504,0
119,0,0.2694036364555359,1
120,0,0.4590877592563629,1
121,0,0.4590877592563629,0
122,0,0.4590877592563629,0
123,0,0.4590877592563629,0
124,0,0.4590877592563629,0
125,0,0.4590877592563629,0
126,0,0.11952851712703705,1
127,0,0.11952851712703705,0
128,0,0.10334724932909012,1
129,0,0.10334724932909012,0
130,0,0.10334724932909012,0
131,0,0.10334724932909012,0
132,0,0.10334724932909012,0
133,0,0.10334724932909012,0
134,0,0.10334724932909012,0
135,0,0.10334724932909012,0
136,0,0.10334724932909012,0
137,0,0.10334724932909012,0
138,0,0.10334724932909012,0
139,0,0.10334724932909012,0
140,0,0.10334724932909012,0
141,0,0.10334724932909012,0
142,0,0.10334724932909012,0
143,0,0.10334724932909012,0
144,0,0.10334724932909012,0
145,0,0.10334724932909012,0
146,0,0.10334724932909012,0
147,0,0.10334724932909012,0
148,0,0.10334724932909012,0
149,0,0.2757147550582886,1
150,0,0.24574927985668182,1
151,0,0.24574927985668182,0
152,0,0.1264035701751709,1
153,0,0.1264035701751709,0
154,0,0.1264035701751709,0
155,0,0.1264035701751709,0
156,0,0.11896468698978424,1
157,0,0.11896468698978424,0
158,0,0.07714236527681351,1
159,0,0.07714236527681351,0
160,0,0.07714236527681351,0
161,0,0.07714236527681351,0
162,0,0.05470194295048714,1
163,0,0.05470194295048714,0
164,0,0.05470194295048714,0
165,0,0.05470194295048714,0
166,0,0.05470194295048714,0
167,0,0.05470194295048714,0
168,0,0.05470194295048714,0
169,0,0.05470194295048714,0
170,0,0.05470194295048714,0
171,0,0.05470194295048714,0
172,0,0.05470194295048714,0
173,0,0.05470194295048714,0
174,0,0.05470194295048714,0
175,0,0.05470194295048714,0
176,0,0.05470194295048714,0
177,0,0.05470194295048714,0
178,0,0.05470194295048714,0
179,0,0.26077625155448914,1
180,0,0.37901127338409424,1
181,0,0.37901127338409424,0
182,0,0.37901127338409424,0
183,0,0.37901127338409424,0
184,0,0.37901127338409424,0
185,0,0.37901127338409424,0
186,0,0.37901127338409424,0
187,0,0.37901127338409424,0
188,0,0.37901127338409424,0
189,0,0.37901127338409424,0
190,0,0.37901127338409424,0
191,0,0.37901127338409424,0
192,0,0.37901127338409424,0
193,0,0.37901127338409424,0
194,0,0.37901127338409424,0
195,0,0.37901127338409424,0
196,0,0.37901127338409424,0
197,0,0.37901127338409424,0
198,0,0.37901127338409424,0
199,0,0.37901127338409424,0
200,0,0.37901127338409424,0
201,0,0.37901127338409424,0
202,0,0.37901127338409424,0
203,0,0.37901127338409424,0
204,0,0.37901127338409424,0
205,0,0.37901127338409424,0
206,0,0.37901127338409424,0
207,0,0.37901127338409424,0
208,0,0.37901127338409424,0
209,0,0.2778683304786682,1
210,0,0.2367459088563919,1
211,0,0.2367459088563919,0
212,0,0.05359822139143944,1
213,0,0.05359822139143944,0
214,0,0.05359822139143944,0
215,0,0.05359822139143944,0
216,0,0.05359822139143944,0
217,0,0.05359822139143944,0
218,0,0.05359822139143944,0
219,0,0.05359822139143944,0
220,0,0.05359822139143944,0
221,0,0.05359822139143944,0
222,0,0.05359822139143944,0
223,0,0.05359822139143944,0
224,0,0.05359822139143944,0
225,0,0.05359822139143944,0
226,0,0.05359822139143944,0
227,0,0.05359822139143944,0
228,0,0.05359822139143944,0
229,0,0.05359822139143944,0
230,0,0.05359822139143944,0
231,0,0.05359822139143944,0
232,0,0.05359822139143944,0
233,0,0.05359822139143944,0
234,0,0.05359822139143944,0
235,0,0.05359822139143944,0
236,0,0.05359822139143944,0
237,0,0.05359822139143944,0
238,0,0.05359822139143944,0
239,0,0.23797854781150818,1
240,0,0.3644034266471863,1
241,0,0.3644034266471863,0
242,0,0.3644034266471863,0
243,0,0.3644034266471863,0
244,0,0.3644034266471863,0
245,0,0.3644034266471863,0
246,0,0.3644034266471863,0
247,0,0.3644034266471863,0
248,0,0.3644034266471863,0
249,0,0.3644034266471863,0
250,0,0.7445430159568787,1
251,0,0.7445430159568787,0
252,0,0.7445430159568787,0
253,0,0.7445430159568787,0
254,0,0.7445430159568787,0
255,0,0.7445430159568787,0
256,0,0.7445430159568787,0
257,0,0.7445430159568787,0
258,0,0.7445430159568787,0
259,0,0.7445430159568787,0
260,0,0.7445430159568787,0
261,0,0.7445430159568787,0
262,0,0.7445430159568787,0
263,0,0.7445430159568787,0
264,0,0.7445430159568787,0
265,0,0.7445430159568787,0
266,0,0.7445430159568787,0
267,0,0.7445430159568787,0
268,0,0.7445430159568787,0
269,0,0.22767211496829987,1
270,0,0.19570812582969666,1
271,0,0.19570812582969666,0
272,0,0.19570812582969666,0
273,0,0.19570812582969666,0
274,0,0.19570812582969666,0
275,0,0.19570812582969666,0
276,0,0.19570812582969666,0
277,0,0.19570812582969666,0
278,0,0.19570812582969666,0
279,0,0.19570812582969666,0
280,0,0.19570812582969666,0
281,0,0.19570812582969666,0
282,0,0.19570812582969666,0
283,0,0.19570812582969666,0
284,0,0.19570812582969666,0
285,0,0.19570812582969666,0
286,0,0.19570812582969666,0
287,0,0.19570812582969666,0
288,0,0.19570812582969666,0
289,0,0.19570812582969666,0
290,0,0.19570812582969666,0
291,0,0.19570812582969666,0
292,0,0.19570812582969666,0
293,0,0.19570812582969666,0
294,0,0.19570812582969666,0
295,0,0.19570812582969666,0
296,0,0.19570812582969666,0
297,0,0.19570812582969666,0
298,0,0.19570812582969666,0
299,0,0.2432693988084793,1
300,0,0.35730841755867004,1
301,0,0.35730841755867004,0
302,0,0.35730841755867004,0
303,0,0.35730841755867004,0
304,0,0.35730841755867004,0
305,0,0.35730841755867004,0
306,0,0.35730841755867004,0
307,0,0.35730841755867004,0
308,0,0.35730841755867004,0
309,0,0.35730841755867004,0
310,0,0.35730841755867004,0
311,0,0.35730841755867004,0
312,0,0.35730841755867004,0
313,0,0.35730841755867004,0
314,0,0.35730841755867004,0
315,0,0.35730841755867004,0
316,0,0.35730841755867004,0
317,0,0.35730841755867004,0
318,0,0.35730841755867004,0
319,0,0.35730841755867004,0
320,0,0.35730841755867004,0
321,0,0.35730841755867004,0
322,0,0.35730841755867004,0
323,0,0.35730841755867004,0
324,0,0.35730841755867004,0
325,0,0.35730841755867004,0
326,0,0.35730841755867004,0
327,0,0.35730841755867004,0
328,0,0.35730841755867004,0
329,0,0.24054647982120514,1
330,0,0.2157086431980133,1
331,0,0.2157086431980133,0
332,0,0.2157086431980133,0
333,0,0.2157086431980133,0
334,0,0.2157086431980133,0
335,0,0.2157086431980133,0
336,0,0.2157086431980133,0
337,0,0.2157086431980133,0
338,0,0.2157086431980133,0
339,0,0.2157086431980133,0
340,0,0.2157086431980133,0
341,0,0.2157086431980133,0
342,0,0.2157086431980133,0
343,0,0.2157086431980133,0
344,0,0.2157086431980133,0
345,0,0.2157086431980133,0
346,0,0.2157086431980133,0
347,0,0.2157086431980133,0
348,0,0.2157086431980133,0
349,0,0.2157086431980133,0
350,0,0.2157086431980133,0
351,0,0.2157086431980133,0
352,0,0.2157086431980133,0
353,0,0.2157086431980133,0
354,0,0.2157086431980133,0
355,0,0.2157086431980133,0
356,0,0.2157086431980133,0
357,0,0.2157086431980133,0
358,0,0.2157086431980133,0
359,0,0.40053945779800415,1
360,0,0.549729585647583,1
361,0,0.549729585647583,0
362,0,0.549729585647583,0
363,0,0.549729585647583,0
364,0,0.549729585647583,0
365,0,0.549729585647583,0
366,0,0.28678837418556213,1
367,0,0.28678837418556213,0
368,0,0.3310967981815338,1
369,0,0.3310967981815338,0
370,0,0.3310967981815338,0
371,0,0.3310967981815338,0
372,0,0.36661916971206665,1
373,0,0.36661916971206665,0
374,0,0.34820565581321716,1
375,0,0.34820565581321716,0
376,0,0.34820565581321716,0
377,0,0.34820565581321716,0
378,0,0.4090432822704315,1
379,0,0.4090432822704315,0
380,0,0.3734198212623596,1
381,0,0.3734198212623596,0
382,0,0.3734198212623596,0
383,0,0.3734198212623596,0
384,0,0.5797325372695923,1
385,0,0.5797325372695923,0
386,0,0.5537269711494446,1
387,0,0.5537269711494446,0
388,0,0.5537269711494446,0
389,0,0.5639849901199341,1
390,0,0.31827065348625183,1
391,0,0.31827065348625183,0
392,0,0.3291405141353607,1
393,0,0.3291405141353607,0
394,0,0.3291405141353607,0
395,0,0.3291405141353607,0
396,0,0.2914872169494629,1
397,0,0.2914872169494629,0
398,0,0.2914872169494629,0
399,0,0.2914872169494629,0
400,0,0.2914872169494629,0
401,0,0.2914872169494629,0
402,0,0.2914872169494629,0
403,0,0.2914872169494629,0
404,0,0.2914872169494629,0
405,0,0.2914872169494629,0
406,0,0.2914872169494629,0
407,0,0.2914872169494629,0
408,0,0.2914872169494629,0
409,0,0.2914872169494629,0
410,0,0.2914872169494629,0
411,0,0.2914872169494629,0
412,0,0.2914872169494629,0
413,0,0.2914872169494629,0
414,0,0.2914872169494629,0
415,0,0.2914872169494629,0
416,0,0.2914872169494629,0
417,0,0.2914872169494629,0
418,0,0.2914872169494629,0
419,0,0.4636552035808563,1
420,0,0.5705803632736206,1
421,0,0.5705803632736206,0
422,0,0.5705803632736206,0
423,0,0.5705803632736206,0
424,0,0.5705803632736206,0
425,0,0.5705803632736206,0
426,0,0.5705803632736206,0
427,0,0.5705803632736206,0
428,0,0.5705803632736206,0
429,0,0.5705803632736206,0
430,0,0.5705803632736206,0
431,0,0.5705803632736206,0
432,0,0.5705803632736206,0
433,0,0.5705803632736206,0
434,0,0.5705803632736206,0
435,0,0.5705803632736206,0
436,0,0.5705803632736206,0
437,0,0.5705803632736206,0
438,0,0.5705803632736206,0
439,0,0.5705803632736206,0
440,0,0.5705803632736206,0
441,0,0.5705803632736206,0
442,0,0.5705803632736206,0
443,0,0.5705803632736206,0
444,0,0.5705803632736206,0
445,0,0.5705803632736206,0
446,0,0.5705803632736206,0
447,0,0.5705803632736206,0
448,0,0.5705803632736206,0
449,0,0.5705803632736206,0
450,0,0.5569684505462646,1
451,0,0.5569684505462646,0
452,0,0.5569684505462646,0
453,0,0.5569684505462646,0
454,0,0.5569684505462646,0
455,0,0.5569684505462646,0
456,0,0.5569684505462646,0
457,0,0.5569684505462646,0
458,0,0.5569684505462646,0
459,0,0.5569684505462646,0
460,0,0.5569684505462646,0
461,0,0.5569684505462646,0
462,0,0.5569684505462646,0
463,0,0.5569684505462646,0
464,0,0.5569684505462646,0
465,0,0.5569684505462646,0
466,0,0.5569684505462646,0
467,0,0.5569684505462646,0
468,0,0.5569684505462646,0
469,0,0.5569684505462646,0
470,0,0.5569684505462646,0
471,0,0.5569684505462646,0
472,0,0.5569684505462646,0
473,0,0.5569684505462646,0
474,0,0.5569684505462646,0
475,0,0.5569684505462646,0
476,0,0.5569684505462646,0
477,0,0.5569684505462646,0
478,0,0.5569684505462646,0
479,0,0.38309746980667114,1
480,0,0.3738434910774231,1
481,0,0.3738434910774231,0
482,0,0.3738434910774231,0
483,0,0.3738434910774231,0
484,0,0.3738434910774231,0
485,0,0.3738434910774231,0
486,0,0.3738434910774231,0
487,0,0.3738434910774231,0
488,0,0.3738434910774231,0
489,0,0.3738434910774231,0
490,0,0.3738434910774231,0
491,0,0.3738434910774231,0
492,0,0.3738434910774231,0
493,0,0.3738434910774231,0
494,0,0.3738434910774231,0
495,0,0.3738434910774231,0
496,0,0.3738434910774231,0
497,0,0.3738434910774231,0
498,0,0.3738434910774231,0
499,0,0.3738434910774231,0
500,0,0.8789043426513672,1
501,0,0.8789043426513672,0
502,0,0.8789043426513672,0
503,0,0.8789043426513672,0
504,0,0.8789043426513672,0
505,0,0.8789043426513672,0
506,0,0.8789043426513672,0
507,0,0.8789043426513672,0
508,0,0.8789043426513672,0
509,0,0.32732707262039185,1
510,0,0.49112701416015625,1
511,0,0.49112701416015625,0
512,0,0.49112701416015625,0
513,0,0.49112701416015625,0
514,0,0.49112701416015625,0
515,0,0.49112701416015625,0
516,0,0.49112701416015625,0
517,0,0.49112701416015625,0
518,0,0.49112701416015625,0
519,0,0.49112701416015625,0
520,0,0.49112701416015625,0
521,0,0.49112701416015625,0
522,0,0.49112701416015625,0
523,0,0.49112701416015625,0
524,0,0.49112701416015625,0
525,0,0.49112701416015625,0
526,0,0.49112701416015625,0
527,0,0.49112701416015625,0
528,0,0.49112701416015625,0
529,0,0.49112701416015625,0
530,0,0.49112701416015625,0
531,0,0.49112701416015625,0
532,0,0.49112701416015625,0
533,0,0.49112701416015625,0
534,0,0.49112701416015625,0
535,0,0.49112701416015625,0
536,0,0.49112701416015625,0
537,0,0.49112701416015625,0
538,0,0.49112701416015625,0
539,0,0.3690605163574219,1
540,0,0.3610795736312866,1
541,0,0.3610795736312866,0
542,0,0.16905301809310913,1
543,0,0.16905301809310913,0
544,0,0.16905301809310913,0
545,0,0.16905301809310913,0
546,0,0.13361480832099915,1
547,0,0.13361480832099915,0
548,0,0.13361480832099915,0
549,0,0.13361480832099915,0
550,0,0.13361480832099915,0
551,0,0.13361480832099915,0
552,0,0.13361480832099915,0
553,0,0.13361480832099915,0
554,0,0.13361480832099915,0
555,0,0.13361480832099915,0
556,0,0.13361480832099915,0
557,0,0.13361480832099915,0
558,0,0.13361480832099915,0
559,0,0.13361480832099915,0
560,0,0.13361480832099915,0
561,0,0.13361480832099915,0
562,0,0.13361480832099915,0
563,0,0.13361480832099915,0
564,0,0.13361480832099915,0
565,0,0.13361480832099915,0
566,0,0.13361480832099915,0
567,0,0.13361480832099915,0
568,0,0.13361480832099915,0
569,0,0.35420292615890503,1
570,0,0.5263229012489319,1
571,0,0.5263229012489319,0
572,0,0.5263229012489319,0
573,0,0.5263229012489319,0
574,0,0.5263229012489319,0
575,0,0.5263229012489319,0
576,0,0.5263229012489319,0
577,0,0.5263229012489319,0
578,0,0.5263229012489319,0
579,0,0.5263229012489319,0
580,0,0.5263229012489319,0
581,0,0.5263229012489319,0
582,0,0.5263229012489319,0
583,0,0.5263229012489319,0
584,0,0.5263229012489319,0
585,0,0.5263229012489319,0
586,0,0.5263229012489319,0
587,0,0.5263229012489319,0
588,0,0.5263229012489319,0
589,0,0.5263229012489319,0
590,0,0.5263229012489319,0
591,0,0.5263229012489319,0
592,0,0.5263229012489319,0
593,0,0.5263229012489319,0
594,0,0.5263229012489319,0
595,0,0.5263229012489319,0
596,0,0.5263229012489319,0
597,0,0.5263229012489319,0
598,0,0.5263229012489319,0
599,0,0.4084603786468506,1
600,0,0.3895312249660492,1
601,0,0.3895312249660492,0
602,0,0.19858801364898682,1
603,0,0.19858801364898682,0
604,0,0.19858801364898682,0
605,0,0.19858801364898682,0
606,0,0.1657567322254181,1
607,0,0.1657567322254181,0
608,0,0.1657567322254181,0
609,0,0.1657567322254181,0
610,0,0.1657567322254181,0
611,0,0.1657567322254181,0
612,0,0.1657567322254181,0
613,0,0.1657567322254181,0
614,0,0.1657567322254181,0
615,0,0.1657567322254181,0
616,0,0.1657567322254181,0
617,0,0.1657567322254181,0
618,0,0.1657567322254181,0
619,0,0.1657567322254181,0
620,0,0.1657567322254181,0
621,0,0.1657567322254181,0
622,0,0.1657567322254181,0
623,0,0.1657567322254181,0
624,0,0.1657567322254181,0
625,0,0.1657567322254181,0
626,0,0.1657567322254181,0
627,0,0.1657567322254181,0
628,0,0.1657567322254181,0
629,0,0.40253832936286926,1
630,0,0.5798183679580688,1
631,0,0.5798183679580688,0
632,0,0.5798183679580688,0
633,0,0.5798183679580688,0
634,0,0.5798183679580688,0
635,0,0.5798183679580688,0
636,0,0.21736997365951538,1
637,0,0.21736997365951538,0
638,0,0.20986998081207275,1
639,0,0.20986998081207275,0
640,0,0.20986998081207275,0
641,0,0.20986998081207275,0
642,0,0.1801956295967102,1
643,0,0.1801956295967102,0
644,0,0.1801956295967102,0
645,0,0.1801956295967102,0
646,0,0.1801956295967102,0
647,0,0.1801956295967102,0
648,0,0.1801956295967102,0
649,0,0.1801956295967102,0
650,0,0.1801956295967102,0
651,0,0.1801956295967102,0
652,0,0.1801956295967102,0
653,0,0.1801956295967102,0
654,0,0.1801956295967102,0
655,0,0.1801956295967102,0
656,0,0.1801956295967102,0
657,0,0.1801956295967102,0
658,0,0.1801956295967102,0
659,0,0.35022273659706116,1
660,0,0.3406437635421753,1
661,0,0.3406437635421753,0
662,0,0.1441170871257782,1
663,0,0.1441170871257782,0
664,0,0.1441170871257782,0
665,0,0.1441170871257782,0
666,0,0.1441170871257782,0
667,0,0.1441170871257782,0
668,0,0.1441170871257782,0
669,0,0.1441170871257782,0
670,0,0.1441170871257782,0
671,0,0.1441170871257782,0
672,0,0.1441170871257782,0
673,0,0.1441170871257782,0
674,0,0.1441170871257782,0
675,0,0.1441170871257782,0
676,0,0.1441170871257782,0
677,0,0.1441170871257782,0
678,0,0.1441170871257782,0
679,0,0.1441170871257782,0
680,0,0.1441170871257782,0
681,0,0.1441170871257782,0
682,0,0.1441170871257782,0
683,0,0.1441170871257782,0
684,0,0.1441170871257782,0
685,0,0.1441170871257782,0
686,0,0.1441170871257782,0
687,0,0.1441170871257782,0
688,0,0.1441170871257782,0
689,0,0.35940027236938477,1
690,0,0.49847909808158875,1
691,0,0.49847909808158875,0
692,0,0.49847909808158875,0
693,0,0.49847909808158875,0
694,0,0.49847909808158875,0
695,0,0.49847909808158875,0
696,0,0.49847909808158875,0
697,0,0.49847909808158875,0
698,0,0.49847909808158875,0
699,0,0.49847909808158875,0
700,0,0.49847909808158875,0
701,0,0.49847909808158875,0
702,0,0.49847909808158875,0
703,0,0.49847909808158875,0
704,0,0.49847909808158875,0
705,0,0.49847909808158875,0
706,0,0.49847909808158875,0
707,0,0.49847909808158875,0
708,0,0.49847909808158875,0
709,0,0.49847909808158875,0
710,0,0.49847909808158875,0
711,0,0.49847909808158875,0
712,0,0.49847909808158875,0
713,0,0.49847909808158875,0
714,0,0.49847909808158875,0
715,0,0.49847909808158875,0
716,0,0.49847909808158875,0
717,0,0.49847909808158875,0
718,0,0.49847909808158875,0
719,0,0.3256170153617859,1
720,0,0.2688838541507721,1
721,0,0.2688838541507721,0
722,0,0.2688838541507721,0
723,0,0.2688838541507721,0
724,0,0.2688838541507721,0
725,0,0.2688838541507721,0
726,0,0.2688838541507721,0
727,0,0.2688838541507721,0
728,0,0.2688838541507721,0
729,0,0.2688838541507721,0
730,0,0.2688838541507721,0
731,0,0.2688838541507721,0
732,0,0.2688838541507721,0
733,0,0.2688838541507721,0
734,0,0.2688838541507721,0
735,0,0.2688838541507721,0
736,0,0.2688838541507721,0
737,0,0.2688838541507721,0
738,0,0.2688838541507721,0
739,0,0.2688838541507721,0
740,0,0.2688838541507721,0
741,0,0.2688838541507721,0
742,0,0.2688838541507721,0
743,0,0.2688838541507721,0
744,0,0.2688838541507721,0
745,0,0.2688838541507721,0
746,0,0.2688838541507721,0
747,0,0.2688838541507721,0
748,0,0.2688838541507721,0
749,0,0.3069038987159729,1
750,0,0.8600918054580688,1
751,0,0.8600918054580688,0
752,0,0.8600918054580688,0
753,0,0.8600918054580688,0
754,0,0.8600918054580688,0
755,0,0.8600918054580688,0
756,0,0.8600918054580688,0
757,0,0.8600918054580688,0
758,0,0.8600918054580688,0
759,0,0.8600918054580688,0
760,0,0.8600918054580688,0
761,0,0.8600918054580688,0
762,0,0.8600918054580688,0
763,0,0.8600918054580688,0
764,0,0.8600918054580688,0
765,0,0.8600918054580688,0
766,0,0.8600918054580688,0
767,0,0.8600918054580688,0
768,0,0.8600918054580688,0
769,0,0.8600918054580688,0
770,0,0.8600918054580688,0
771,0,0.8600918054580688,0
772,0,0.8600918054580688,0
773,0,0.8600918054580688,0
774,0,0.8600918054580688,0
775,0,0.8600918054580688,0
776,0,0.8600918054580688,0
777,0,0.8600918054580688,0
778,0,0.8600918054580688,0
779,0,0.3116998076438904,1
780,0,0.2740253508090973,1
781,0,0.2740253508090973,0
782,0,0.10000558942556381,1
783,0,0.10000558942556381,0
784,0,0.10000558942556381,0
785,0,0.10000558942556381,0
786,0,0.10000558942556381,0
787,0,0.10000558942556381,0
788,0,0.10000558942556381,0
789,0,0.10000558942556381,0
790,0,0.10000558942556381,0
791,0,0.10000558942556381,0
792,0,0.10000558942556381,0
793,0,0.10000558942556381,0
794,0,0.10000558942556381,0
795,0,0.10000558942556381,0
796,0,0.10000558942556381,0
797,0,0.10000558942556381,0
798,0,0.10000558942556381,0
799,0,0.10000558942556381,0
800,0,0.10000558942556381,0
801,0,0.10000558942556381,0
802,0,0.10000558942556381,0
803,0,0.10000558942556381,0
804,0,0.10000558942556381,0
805,0,0.10000558942556381,0
806,0,0.10000558942556381,0
807,0,0.10000558942556381,0
808,0,0.10000558942556381,0
809,0,0.3220039904117584,1
810,0,0.4809761047363281,1
811,0,0.4809761047363281,0
812,0,0.4809761047363281,0
813,0,0.4809761047363281,0
814,0,0.4809761047363281,0
815,0,0.4809761047363281,0
816,0,0.4809761047363281,0
817,0,0.4809761047363281,0
818,0,0.4809761047363281,0
819,0,0.4809761047363281,0
820,0,0.4809761047363281,0
821,0,0.4809761047363281,0
822,0,0.4809761047363281,0
823,0,0.4809761047363281,0
824,0,0.4809761047363281,0
825,0,0.4809761047363281,0
826,0,0.4809761047363281,0
827,0,0.4809761047363281,0
828,0,0.11351709067821503,1
829,0,0.11351709067821503,0
830,0,0.11351709067821503,0
831,0,0.11351709067821503,0
832,0,0.11351709067821503,0
833,0,0.11351709067821503,0
834,0,0.11351709067821503,0
835,0,0.11351709067821503,0
836,0,0.11351709067821503,0
837,0,0.11351709067821503,0
838,0,0.11351709067821503,0
839,0,0.31923621892929077,1
840,0,0.2892066538333893,1
841,0,0.2892066538333893,0
842,0,0.10160017013549805,1
843,0,0.10160017013549805,0
844,0,0.10160017013549805,0
845,0,0.10160017013549805,0
846,0,0.10160017013549805,0
847,0,0.10160017013549805,0
848,0,0.10160017013549805,0
849,0,0.10160017013549805,0
850,0,0.10160017013549805,0
851,0,0.10160017013549805,0
852,0,0.10160017013549805,0
853,0,0.10160017013549805,0
854,0,0.10160017013549805,0
855,0,0.10160017013549805,0
856,0,0.10160017013549805,0
857,0,0.10160017013549805,0
858,0,0.10160017013549805,0
859,0,0.10160017013549805,0
860,0,0.10160017013549805,0
861,0,0.10160017013549805,0
862,0,0.10160017013549805,0
863,0,0.10160017013549805,0
864,0,0.10160017013549805,0
865,0,0.10160017013549805,0
866,0,0.10160017013549805,0
867,0,0.10160017013549805,0
868,0,0.10160017013549805,0
869,0,0.3448342978954315,1
870,0,0.5044450759887695,1
871,0,0.5044450759887695,0
872,0,0.5044450759887695,0
873,0,0.5044450759887695,0
874,0,0.5044450759887695,0
875,0,0.5044450759887695,0
876,0,0.5044450759887695,0
877,0,0.5044450759887695,0
878,0,0.5044450759887695,0
879,0,0.5044450759887695,0
880,0,0.5044450759887695,0
881,0,0.5044450759887695,0
882,0,0.5044450759887695,0
883,0,0.5044450759887695,0
884,0,0.5044450759887695,0
885,0,0.5044450759887695,0
886,0,0.5044450759887695,0
887,0,0.5044450759887695,0
888,0,0.5044450759887695,0
889,0,0.5044450759887695,0
890,0,0.5044450759887695,0
891,0,0.5044450759887695,0
892,0,0.5044450759887695,0
893,0,0.5044450759887695,0
894,0,0.5044450759887695,0
895,0,0.5044450759887695,0
896,0,0.5044450759887695,0
897,0,0.5044450759887695,0
898,0,0.5044450759887695,0
899,0,0.5044450759887695,0
900,0,0.506736695766449,1
901,0,0.506736695766449,0
902,0,0.506736695766449,0
903,0,0.506736695766449,0
904,0,0.506736695766449,0
905,0,0.506736695766449,0
906,0,0.506736695766449,0
907,0,0.506736695766449,0
908,0,0.506736695766449,0
909,0,0.506736695766449,0
910,0,0.506736695766449,0
911,0,0.506736695766449,0
912,0,0.506736695766449,0
913,0,0.506736695766449,0
914,0,0.506736695766449,0
915,0,0.506736695766449,0
916,0,0.506736695766449,0
917,0,0.506736695766449,0
918,0,0.506736695766449,0
919,0,0.506736695766449,0
920,0,0.506736695766449,0
921,0,0.506736695766449,0
922,0,0.506736695766449,0
923,0,0.506736695766449,0
924,0,0.506736695766449,0
925,0,0.506736695766449,0
926,0,0.506736695766449,0
927,0,0.506736695766449,0
928,0,0.506736695766449,0
929,0,0.3401312232017517,1
930,0,0.32401949167251587,1
931,0,0.32401949167251587,0
932,0,0.10104694962501526,1
933,0,0.10104694962501526,0
934,0,0.10104694962501526,0
935,0,0.10104694962501526,0
936,0,0.09005819261074066,1
937,0,0.09005819261074066,0
938,0,0.09005819261074066,0
939,0,0.09005819261074066,0
940,0,0.09005819261074066,0
941,0,0.09005819261074066,0
942,0,0.09005819261074066,0
943,0,0.09005819261074066,0
944,0,0.09005819261074066,0
945,0,0.09005819261074066,0
946,0,0.09005819261074066,0
947,0,0.09005819261074066,0
948,0,0.09005819261074066,0
949,0,0.09005819261074066,0
950,0,0.09005819261074066,0
951,0,0.09005819261074066,0
952,0,0.09005819261074066,0
953,0,0.09005819261074066,0
954,0,0.09005819261074066,0
955,0,0.09005819261074066,0
956,0,0.09005819261074066,0
957,0,0.09005819261074066,0
958,0,0.09005819261074066,0
959,0,0.3485274314880371,1
960,0,0.47826093435287476,1
961,0,0.47826093435287476,0
962,0,0.47826093435287476,0
963,0,0.47826093435287476,0
964,0,0.47826093435287476,0
965,0,0.47826093435287476,0
966,0,0.47826093435287476,0
967,0,0.47826093435287476,0
968,0,0.47826093435287476,0
969,0,0.47826093435287476,0
970,0,0.47826093435287476,0
971,0,0.47826093435287476,0
972,0,0.47826093435287476,0
973,0,0.47826093435287476,0
974,0,0.47826093435287476,0
975,0,0.47826093435287476,0
976,0,0.47826093435287476,0
977,0,0.47826093435287476,0
978,0,0.13476452231407166,1
979,0,0.13476452231407166,0
980,0,0.13476452231407166,0
981,0,0.13476452231407166,0
982,0,0.13476452231407166,0
983,0,0.13476452231407166,0
984,0,0.13476452231407166,0
985,0,0.13476452231407166,0
986,0,0.13476452231407166,0
987,0,0.13476452231407166,0
988,0,0.13476452231407166,0
989,0,0.35901787877082825,1
990,0,0.32353514432907104,1
991,0,0.32353514432907104,0
992,0,0.13684099912643433,1
993,0,0.13684099912643433,0
994,0,0.13684099912643433,0
995,0,0.10013818740844727,1
996,0,0.1494971513748169,1
997,0,0.1494971513748169,0
998,0,0.1414145827293396,1
999,0,0.1414145827293396,0
1000,0,0.8803101778030396,1
1001,0,0.8803101778030396,0
1002,0,0.17198020219802856,1
1003,0,0.17198020219802856,0
1004,0,0.14824670553207397,1
1005,0,0.14824670553207397,0
1006,0,0.14824670553207397,0
1007,0,0.10971955955028534,1
1008,0,0.12995728850364685,1
1009,0,0.12995728850364685,0
1010,0,0.12995728850364685,0
1011,0,0.12995728850364685,0
1012,0,0.12995728850364685,0
1013,0,0.12995728850364685,0
1014,0,0.12995728850364685,0
1015,0,0.12995728850364685,0
1016,0,0.12995728850364685,0
1017,0,0.12995728850364685,0
1018,0,0.12995728850364685,0
1019,0,0.3287097215652466,1
1020,0,0.4569206237792969,1
1021,0,0.4569206237792969,0
1022,0,0.4569206237792969,0
1023,0,0.4569206237792969,0
1024,0,0.4569206237792969,0
1025,0,0.4569206237792969,0
1026,0,0.4569206237792969,0
1027,0,0.4569206237792969,0
1028,0,0.4569206237792969,0
1029,0,0.4569206237792969,0
1030,0,0.4569206237792969,0
1031,0,0.4569206237792969,0
1032,0,0.4569206237792969,0
1033,0,0.4569206237792969,0
1034,0,0.4569206237792969,0
1035,0,0.4569206237792969,0
1036,0,0.4569206237792969,0
1037,0,0.4569206237792969,0
1038,0,0.4569206237792969,0
1039,0,0.4569206237792969,0
1040,0,0.4569206237792969,0
1041,0,0.4569206237792969,0
1042,0,0.4569206237792969,0
1043,0,0.4569206237792969,0
1044,0,0.4569206237792969,0
1045,0,0.4569206237792969,0
1046,0,0.4569206237792969,0
1047,0,0.4569206237792969,0
1048,0,0.4569206237792969,0
1049,0,0.331707239151001,1
1050,0,0.27978742122650146,1
1051,0,0.27978742122650146,0
1052,0,0.09796196967363358,1
1053,0,0.09796196967363358,0
1054,0,0.09796196967363358,0
1055,0,0.09796196967363358,0
1056,0,0.09796196967363358,0
1057,0,0.09796196967363358,0
1058,0,0.09796196967363358,0
1059,0,0.09796196967363358,0
1060,0,0.09796196967363358,0
1061,0,0.09796196967363358,0
1062,0,0.09796196967363358,0
1063,0,0.09796196967363358,0
1064,0,0.09796196967363358,0
1065,0,0.09796196967363358,0
1066,0,0.09796196967363358,0
1067,0,0.09796196967363358,0
1068,0,0.09796196967363358,0
1069,0,0.09796196967363358,0
1070,0,0.09796196967363358,0
1071,0,0.09796196967363358,0
1072,0,0.09796196967363358,0
1073,0,0.09796196967363358,0
1074,0,0.09796196967363358,0
1075,0,0.09796196967363358,0
1076,0,0.09796196967363358,0
1077,0,0.09796196967363358,0
1078,0,0.09796196967363358,0
1079,0,0.3309580683708191,1
1080,0,0.4652048349380493,1
1081,0,0.4652048349380493,0
1082,0,0.4652048349380493,0
1083,0,0.4652048349380493,0
1084,0,0.4652048349380493,0
1085,0,0.4652048349380493,0
1086,0,0.4652048349380493,0
1087,0,0.4652048349380493,0
1088,0,0.4652048349380493,0
1089,0,0.4652048349380493,0
1090,0,0.4652048349380493,0
1091,0,0.4652048349380493,0
1092,0,0.4652048349380493,0
1093,0,0.4652048349380493,0
1094,0,0.4652048349380493,0
1095,0,0.4652048349380493,0
1096,0,0.4652048349380493,0
1097,0,0.4652048349380493,0
1098,0,0.4652048349380493,0
1099,0,0.4652048349380493,0
1100,0,0.4652048349380493,0
1101,0,0.4652048349380493,0
1102,0,0.4652048349380493,0
1103,0,0.4652048349380493,0
1104,0,0.4652048349380493,0
1105,0,0.4652048349380493,0
1106,0,0.4652048349380493,0
1107,0,0.4652048349380493,0
1108,0,0.4652048349380493,0
1109,0,0.32306772470474243,1
1110,0,0.28984329104423523,1
1111,0,0.28984329104423523,0
1112,0,0.1025029718875885,1
1113,0,0.1025029718875885,0
1114,0,0.1025029718875885,0
1115,0,0.1025029718875885,0
1116,0,0.1025029718875885,0
1117,0,0.1025029718875885,0
1118,0,0.1025029718875885,0
1119,0,0.1025029718875885,0
1120,0,0.1025029718875885,0
1121,0,0.1025029718875885,0
1122,0,0.1025029718875885,0
1123,0,0.1025029718875885,0
1124,0,0.1025029718875885,0
1125,0,0.1025029718875885,0
1126,0,0.1025029718875885,0
1127,0,0.1025029718875885,0
1128,0,0.1025029718875885,0
1129,0,0.1025029718875885,0
1130,0,0.1025029718875885,0
1131,0,0.1025029718875885,0
1132,0,0.1025029718875885,0
1133,0,0.1025029718875885,0
1134,0,0.1025029718875885,0
1135,0,0.1025029718875885,0
1136,0,0.1025029718875885,0
1137,0,0.1025029718875885,0
1138,0,0.1025029718875885,0
1139,0,0.32912757992744446,1
1140,0,0.47642895579338074,1
1141,0,0.47642895579338074,0
1142,0,0.47642895579338074,0
1143,0,0.47642895579338074,0
1144,0,0.47642895579338074,0
1145,0,0.47642895579338074,0
1146,0,0.47642895579338074,0
1147,0,0.47642895579338074,0
1148,0,0.47642895579338074,0
1149,0,0.47642895579338074,0
1150,0,0.47642895579338074,0
1151,0,0.47642895579338074,0
1152,0,0.47642895579338074,0
1153,0,0.47642895579338074,0
1154,0,0.47642895579338074,0
1155,0,0.47642895579338074,0
1156,0,0.47642895579338074,0
1157,0,0.47642895579338074,0
1158,0,0.47642895579338074,0
1159,0,0.47642895579338074,0
1160,0,0.47642895579338074,0
1161,0,0.47642895579338074,0
1162,0,0.47642895579338074,0
1163,0,0.47642895579338074,0
1164,0,0.47642895579338074,0
1165,0,0.47642895579338074,0
1166,0,0.47642895579338074,0
1167,0,0.47642895579338074,0
1168,0,0.47642895579338074,0
1169,0,0.33275580406188965,1
1170,0,0.3149344325065613,1
1171,0,0.3149344325065613,0
1172,0,0.13178454339504242,1
1173,0,0.13178454339504242,0
1174,0,0.13178454339504242,0
1175,0,0.13178454339504242,0
1176,0,0.11856969445943832,1
1177,0,0.11856969445943832,0
1178,0,0.11856969445943832,0
1179,0,0.11856969445943832,0
1180,0,0.11856969445943832,0
1181,0,0.11856969445943832,0
1182,0,0.11856969445943832,0
1183,0,0.11856969445943832,0
1184,0,0.11856969445943832,0
1185,0,0.11856969445943832,0
1186,0,0.11856969445943832,0
1187,0,0.11856969445943832,0
1188,0,0.11856969445943832,0
1189,0,0.11856969445943832,0
1190,0,0.11856969445943832,0
1191,0,0.11856969445943832,0
1192,0,0.11856969445943832,0
1193,0,0.11856969445943832,0
1194,0,0.11856969445943832,0
1195,0,0.11856969445943832,0
1196,0,0.11856969445943832,0
1197,0,0.11856969445943832,0
1198,0,0.11856969445943832,0
1199,0,0.3361504375934601,1
1200,0,0.4649721086025238,1
1201,0,0.4649721086025238,0
1202,0,0.4649721086025238,0
1203,0,0.4649721086025238,0
1204,0,0.4649721086025238,0
1205,0,0.4649721086025238,0
1206,0,0.4649721086025238,0
1207,0,0.4649721086025238,0
1208,0,0.4649721086025238,0
1209,0,0.4649721086025238,0
1210,0,0.4649721086025238,0
1211,0,0.4649721086025238,0
1212,0,0.4649721086025238,0
1213,0,0.4649721086025238,0
1214,0,0.4649721086025238,0
1215,0,0.4649721086025238,0
1216,0,0.4649721086025238,0
1217,0,0.4649721086025238,0
1218,0,0.4649721086025238,0
1219,0,0.4649721086025238,0
1220,0,0.4649721086025238,0
1221,0,0.4649721086025238,0
1222,0,0.4649721086025238,0
1223,0,0.4649721086025238,0
1224,0,0.4649721086025238,0
1225,0,0.4649721086025238,0
1226,0,0.4649721086025238,0
1227,0,0.4649721086025238,0
1228,0,0.4649721086025238,0
1229,0,0.3215581476688385,1
1230,0,0.2784948945045471,1
1231,0,0.2784948945045471,0
1232,0,0.09897870570421219,1
1233,0,0.09897870570421219,0
1234,0,0.09897870570421219,0
1235,0,0.09897870570421219,0
1236,0,0.09897870570421219,0
1237,0,0.09897870570421219,0
1238,0,0.09897870570421219,0
1239,0,0.09897870570421219,0
1240,0,0.09897870570421219,0
1241,0,0.09897870570421219,0
1242,0,0.09897870570421219,0
1243,0,0.09897870570421219,0
1244,0,0.09897870570421219,0
1245,0,0.09897870570421219,0
1246,0,0.09897870570421219,0
1247,0,0.09897870570421219,0
1248,0,0.09897870570421219,0
1249,0,0.09897870570421219,0
1250,0,0.8791789412498474,1
1251,0,0.8791789412498474,0
1252,0,0.8791789412498474,0
1253,0,0.8791789412498474,0
1254,0,0.8791789412498474,0
1255,0,0.8791789412498474,0
1256,0,0.8791789412498474,0
1257,0,0.8791789412498474,0
1258,0,0.8791789412498474,0
1259,0,0.297542542219162,1
1260,0,0.4475574791431427,1
1261,0,0.4475574791431427,0
1262,0,0.4475574791431427,0
1263,0,0.4475574791431427,0
1264,0,0.4475574791431427,0
1265,0,0.4475574791431427,0
1266,0,0.4475574791431427,0
1267,0,0.4475574791431427,0
1268,0,0.4475574791431427,0
1269,0,0.4475574791431427,0
1270,0,0.4475574791431427,0
1271,0,0.4475574791431427,0
1272,0,0.4475574791431427,0
1273,0,0.4475574791431427,0
1274,0,0.4475574791431427,0
1275,0,0.4475574791431427,0
1276,0,0.4475574791431427,0
1277,0,0.4475574791431427,0
1278,0,0.4475574791431427,0
1279,0,0.4475574791431427,0
1280,0,0.4475574791431427,0
1281,0,0.4475574791431427,0
1282,0,0.4475574791431427,0
1283,0,0.4475574791431427,0
1284,0,0.4475574791431427,0
1285,0,0.4475574791431427,0
1286,0,0.4475574791431427,0
1287,0,0.4475574791431427,0
1288,0,0.4475574791431427,0
1289,0,0.3194546401500702,1
1290,0,0.2844967246055603,1
1291,0,0.2844967246055603,0
1292,0,0.08690041303634644,1
1293,0,0.08690041303634644,0
1294,0,0.08690041303634644,0
1295,0,0.08690041303634644,0
1296,0,0.08690041303634644,0
1297,0,0.08690041303634644,0
1298,0,0.08690041303634644,0
1299,0,0.08690041303634644,0
1300,0,0.08690041303634644,0
1301,0,0.08690041303634644,0
1302,0,0.08690041303634644,0
1303,0,0.08690041303634644,0
1304,0,0.08690041303634644,0
1305,0,0.08690041303634644,0
1306,0,0.08690041303634644,0
1307,0,0.08690041303634644,0
1308,0,0.08690041303634644,0
1309,0,0.08690041303634644,0
1310,0,0.08690041303634644,0
1311,0,0.08690041303634644,0
1312,0,0.08690041303634644,0
1313,0,0.08690041303634644,0
1314,0,0.08690041303634644,0
1315,0,0.08690041303634644,0
1316,0,0.08690041303634644,0
1317,0,0.08690041303634644,0
1318,0,0.08690041303634644,0
1319,0,0.3038927912712097,1
1320,0,0.46158745884895325,1
1321,0,0.46158745884895325,0
1322,0,0.46158745884895325,0
1323,0,0.46158745884895325,0
1324,0,0.46158745884895325,0
1325,0,0.46158745884895325,0
1326,0,0.46158745884895325,0
1327,0,0.46158745884895325,0
1328,0,0.46158745884895325,0
1329,0,0.46158745884895325,0
1330,0,0.46158745884895325,0
1331,0,0.46158745884895325,0
1332,0,0.46158745884895325,0
1333,0,0.46158745884895325,0
1334,0,0.46158745884895325,0
1335,0,0.46158745884895325,0
1336,0,0.46158745884895325,0
1337,0,0.46158745884895325,0
1338,0,0.46158745884895325,0
1339,0,0.46158745884895325,0
1340,0,0.46158745884895325,0
1341,0,0.46158745884895325,0
1342,0,0.46158745884895325,0
1343,0,0.46158745884895325,0
1344,0,0.46158745884895325,0
1345,0,0.46158745884895325,0
1346,0,0.46158745884895325,0
1347,0,0.46158745884895325,0
1348,0,0.46158745884895325,0
1349,0,0.46158745884895325,0
1350,0,0.5500558614730835,1
1351,0,0.5500558614730835,0
1352,0,0.5500558614730835,0
1353,0,0.5500558614730835,0
1354,0,0.5500558614730835,0
1355,0,0.5500558614730835,0
1356,0,0.5500558614730835,0
1357,0,0.5500558614730835,0
1358,0,0.5500558614730835,0
1359,0,0.5500558614730835,0
1360,0,0.5500558614730835,0
1361,0,0.5500558614730835,0
1362,0,0.5500558614730835,0
1363,0,0.5500558614730835,0
1364,0,0.5500558614730835,0
1365,0,0.5500558614730835,0
1366,0,0.5500558614730835,0
1367,0,0.5500558614730835,0
1368,0,0.5500558614730835,0
1369,0,0.5500558614730835,0
1370,0,0.5500558614730835,0
1371,0,0.5500558614730835,0
1372,0,0.5500558614730835,0
1373,0,0.5500558614730835,0
1374,0,0.5500558614730835,0
1375,0,0.5500558614730835,0
1376,0,0.5500558614730835,0
1377,0,0.5500558614730835,0
1378,0,0.5500558614730835,0
1379,0,0.3918997347354889,1
1380,0,0.38137176632881165,1
1381,0,0.38137176632881165,0
1382,0,0.1396569311618805,1
1383,0,0.1396569311618805,0
1384,0,0.1396569311618805,0
1385,0,0.10990428924560547,1
1386,0,0.12878666818141937,1
1387,0,0.12878666818141937,0
1388,0,0.12878666818141937,0
1389,0,0.12878666818141937,0
1390,0,0.12878666818141937,0
1391,0,0.12878666818141937,0
1392,0,0.12878666818141937,0
1393,0,0.12878666818141937,0
1394,0,0.12878666818141937,0
1395,0,0.12878666818141937,0
1396,0,0.12878666818141937,0
1397,0,0.12878666818141937,0
1398,0,0.12878666818141937,0
1399,0,0.12878666818141937,0
1400,0,0.12878666818141937,0
1401,0,0.12878666818141937,0
1402,0,0.12878666818141937,0
1403,0,0.12878666818141937,0
1404,0,0.12878666818141937,0
1405,0,0.12878666818141937,0
1406,0,0.12878666818141937,0
1407,0,0.12878666818141937,0
1408,0,0.12878666818141937,0
1409,0,0.3326413929462433,1
1410,0,0.45768648386001587,1
1411,0,0.45768648386001587,0
1412,0,0.45768648386001587,0
1413,0,0.45768648386001587,0
1414,0,0.45768648386001587,0
1415,0,0.45768648386001587,0
1416,0,0.45768648386001587,0
1417,0,0.45768648386001587,0
1418,0,0.45768648386001587,0
1419,0,0.45768648386001587,0
1420,0,0.45768648386001587,0
1421,0,0.45768648386001587,0
1422,0,0.45768648386001587,0
1423,0,0.45768648386001587,0
1424,0,0.45768648386001587,0
1425,0,0.45768648386001587,0
1426,0,0.45768648386001587,0
1427,0,0.45768648386001587,0
1428,0,0.45768648386001587,0
1429,0,0.45768648386001587,0
1430,0,0.45768648386001587,0
1431,0,0.45768648386001587,0
1432,0,0.45768648386001587,0
1433,0,0.45768648386001587,0
1434,0,0.45768648386001587,0
1435,0,0.45768648386001587,0
1436,0,0.45768648386001587,0
1437,0,0.45768648386001587,0
1438,0,0.45768648386001587,0
1439,0,0.38214120268821716,1
1440,0,0.3542446494102478,1
1441,0,0.3542446494102478,0
1442,0,0.19884523749351501,1
1443,0,0.19884523749351501,0
1444,0,0.19884523749351501,0
1445,0,0.11578419804573059,1
1446,0,0.16783538460731506,1
1447,0,0.16783538460731506,0
1448,0,0.1322246938943863,1
1449,0,0.1322246938943863,0
1450,0,0.1322246938943863,0
1451,0,0.1322246938943863,0
1452,0,0.12612225115299225,1
1453,0,0.12612225115299225,0
1454,0,0.12612225115299225,0
1455,0,0.12612225115299225,0
1456,0,0.12612225115299225,0
1457,0,0.12612225115299225,0
1458,0,0.12612225115299225,0
1459,0,0.12612225115299225,0
1460,0,0.12612225115299225,0
1461,0,0.12612225115299225,0
1462,0,0.12612225115299225,0
1463,0,0.12612225115299225,0
1464,0,0.12612225115299225,0
1465,0,0.12612225115299225,0
1466,0,0.12612225115299225,0
1467,0,0.12612225115299225,0
1468,0,0.12612225115299225,0
1469,0,0.3352307975292206,1
1470,0,0.47173526883125305,1
1471,0,0.47173526883125305,0
1472,0,0.47173526883125305,0
1473,0,0.47173526883125305,0
1474,0,0.47173526883125305,0
1475,0,0.47173526883125305,0
1476,0,0.47173526883125305,0
1477,0,0.47173526883125305,0
1478,0,0.47173526883125305,0
1479,0,0.47173526883125305,0
1480,0,0.47173526883125305,0
1481,0,0.47173526883125305,0
1482,0,0.47173526883125305,0
1483,0,0.47173526883125305,0
1484,0,0.47173526883125305,0
1485,0,0.47173526883125305,0
1486,0,0.47173526883125305,0
1487,0,0.47173526883125305,0
1488,0,0.47173526883125305,0
1489,0,0.47173526883125305,0
1490,0,0.47173526883125305,0
1491,0,0.47173526883125305,0
1492,0,0.47173526883125305,0
1493,0,0.47173526883125305,0
1494,0,0.47173526883125305,0
1495,0,0.47173526883125305,0
1496,0,0.47173526883125305,0
1497,0,0.47173526883125305,0
1498,0,0.47173526883125305,0
1499,0,0.3568181097507477,1
1500,0,0.8799769878387451,1
1501,0,0.8799769878387451,0
1502,0,0.10900421440601349,1
1503,0,0.10900421440601349,0
1504,0,0.10900421440601349,0
1505,0,0.10900421440601349,0
1506,0,0.11765345931053162,1
1507,0,0.11765345931053162,0
1508,0,0.11765345931053162,0
1509,0,0.11765345931053162,0
1510,0,0.11765345931053162,0
1511,0,0.11765345931053162,0
1512,0,0.11765345931053162,0
1513,0,0.11765345931053162,0
1514,0,0.11765345931053162,0
1515,0,0.11765345931053162,0
1516,0,0.11765345931053162,0
1517,0,0.11765345931053162,0
1518,0,0.11765345931053162,0
1519,0,0.11765345931053162,0
1520,0,0.11765345931053162,0
1521,0,0.11765345931053162,0
1522,0,0.11765345931053162,0
1523,0,0.11765345931053162,0
1524,0,0.11765345931053162,0
1525,0,0.11765345931053162,0
1526,0,0.11765345931053162,0
1527,0,0.11765345931053162,0
1528,0,0.11765345931053162,0
1529,0,0.3367556631565094,1
1530,0,0.47629958391189575,1
1531,0,0.47629958391189575,0
1532,0,0.47629958391189575,0
1533,0,0.47629958391189575,0
1534,0,0.47629958391189575,0
1535,0,0.47629958391189575,0
1536,0,0.47629958391189575,0
1537,0,0.47629958391189575,0
1538,0,0.47629958391189575,0
1539,0,0.47629958391189575,0
1540,0,0.47629958391189575,0
1541,0,0.47629958391189575,0
1542,0,0.47629958391189575,0
1543,0,0.47629958391189575,0
1544,0,0.47629958391189575,0
1545,0,0.47629958391189575,0
1546,0,0.47629958391189575,0
1547,0,0.47629958391189575,0
1548,0,0.47629958391189575,0
1549,0,0.47629958391189575,0
1550,0,0.47629958391189575,0
1551,0,0.47629958391189575,0
1552,0,0.47629958391189575,0
1553,0,0.47629958391189575,0
1554,0,0.47629958391189575,0
1555,0,0.47629958391189575,0
1556,0,0.47629958391189575,0
1557,0,0.47629958391189575,0
1558,0,0.47629958391189575,0
1559,0,0.3303613066673279,1
1560,0,0.29090189933776855,1
1561,0,0.29090189933776855,0
1562,0,0.10166085511445999,1
1563,0,0.10166085511445999,0
1564,0,0.10166085511445999,0
1565,0,0.10166085511445999,0
1566,0,0.10166085511445999,0
1567,0,0.10166085511445999,0
1568,0,0.10166085511445999,0
1569,0,0.10166085511445999,0
1570,0,0.10166085511445999,0
1571,0,0.10166085511445999,0
1572,0,0.10166085511445999,0
1573,0,0.10166085511445999,0
1574,0,0.10166085511445999,0
1575,0,0.10166085511445999,0
1576,0,0.10166085511445999,0
1577,0,0.10166085511445999,0
1578,0,0.10166085511445999,0
1579,0,0.10166085511445999,0
1580,0,0.10166085511445999,0
1581,0,0.10166085511445999,0
1582,0,0.10166085511445999,0
1583,0,0.10166085511445999,0
1584,0,0.10166085511445999,0
1585,0,0.10166085511445999,0
1586,0,0.10166085511445999,0
1587,0,0.10166085511445999,0
1588,0,0.10166085511445999,0
1589,0,0.33597856760025024,1
1590,0,0.49173974990844727,1
1591,0,0.49173974990844727,0
1592,0,0.49173974990844727,0
1593,0,0.49173974990844727,0
1594,0,0.49173974990844727,0
1595,0,0.49173974990844727,0
1596,0,0.11815259605646133,1
1597,0,0.11815259605646133,0
1598,0,0.11815259605646133,0
1599,0,0.11815259605646133,0
1600,0,0.11815259605646133,0
1601,0,0.11815259605646133,0
1602,0,0.11815259605646133,0
1603,0,0.11815259605646133,0
1604,0,0.11815259605646133,0
1605,0,0.11815259605646133,0
1606,0,0.11815259605646133,0
1607,0,0.11815259605646133,0
1608,0,0.10427145659923553,1
1609,0,0.10427145659923553,0
1610,0,0.10427145659923553,0
1611,0,0.10427145659923553,0
1612,0,0.10427145659923553,0
1613,0,0.10427145659923553,0
1614,0,0.10427145659923553,0
1615,0,0.10427145659923553,0
1616,0,0.10427145659923553,0
1617,0,0.10427145659923553,0
1618,0,0.10427145659923553,0
1619,0,0.3659805953502655,1
1620,0,0.3178206980228424,1
1621,0,0.3178206980228424,0
1622,0,0.1338275969028473,1
1623,0,0.1338275969028473,0
1624,0,0.1338275969028473,0
1625,0,0.1338275969028473,0
1626,0,0.10587543249130249,1
1627,0,0.10587543249130249,0
1628,0,0.10587543249130249,0
1629,0,0.10587543249130249,0
1630,0,0.10587543249130249,0
1631,0,0.10587543249130249,0
1632,0,0.10587543249130249,0
1633,0,0.10587543249130249,0
1634,0,0.10587543249130249,0
1635,0,0.10587543249130249,0
1636,0,0.10587543249130249,0
1637,0,0.10587543249130249,0
1638,0,0.10587543249130249,0
1639,0,0.10587543249130249,0
1640,0,0.10587543249130249,0
1641,0,0.10587543249130249,0
1642,0,0.10587543249130249,0
1643,0,0.10587543249130249,0
1644,0,0.10587543249130249,0
1645,0,0.10587543249130249,0
1646,0,0.10587543249130249,0
1647,0,0.10587543249130249,0
1648,0,0.10587543249130249,0
1649,0,0.31359392404556274,1
1650,0,0.4676779508590698,1
1651,0,0.4676779508590698,0
1652,0,0.4676779508590698,0
1653,0,0.4676779508590698,0
1654,0,0.4676779508590698,0
1655,0,0.4676779508590698,0
1656,0,0.4676779508590698,0
1657,0,0.4676779508590698,0
1658,0,0.4676779508590698,0
1659,0,0.4676779508590698,0
1660,0,0.4676779508590698,0
1661,0,0.4676779508590698,0
1662,0,0.4676779508590698,0
1663,0,0.4676779508590698,0
1664,0,0.4676779508590698,0
1665,0,0.4676779508590698,0
1666,0,0.4676779508590698,0
1667,0,0.4676779508590698,0
1668,0,0.4676779508590698,0
1669,0,0.4676779508590698,0
1670,0,0.4676779508590698,0
1671,0,0.4676779508590698,0
1672,0,0.4676779508590698,0
1673,0,0.4676779508590698,0
1674,0,0.4676779508590698,0
1675,0,0.4676779508590698,0
1676,0,0.4676779508590698,0
1677,0,0.4676779508590698,0
1678,0,0.4676779508590698,0
1679,0,0.3258014917373657,1
1680,0,0.27473825216293335,1
1681,0,0.27473825216293335,0
1682,0,0.08616680651903152,1
1683,0,0.08616680651903152,0
1684,0,0.08616680651903152,0
1685,0,0.08616680651903152,0
1686,0,0.08616680651903152,0
1687,0,0.08616680651903152,0
1688,0,0.08616680651903152,0
1689,0,0.08616680651903152,0
1690,0,0.08616680651903152,0
1691,0,0.08616680651903152,0
1692,0,0.08616680651903152,0
1693,0,0.08616680651903152,0
1694,0,0.08616680651903152,0
1695,0,0.08616680651903152,0
1696,0,0.08616680651903152,0
1697,0,0.08616680651903152,0
1698,0,0.08616680651903152,0
1699,0,0.08616680651903152,0
1700,0,0.08616680651903152,0
1701,0,0.08616680651903152,0
1702,0,0.08616680651903152,0
1703,0,0.08616680651903152,0
1704,0,0.08616680651903152,0
1705,0,0.08616680651903152,0
1706,0,0.08616680651903152,0
1707,0,0.08616680651903152,0
1708,0,0.08616680651903152,0
1709,0,0.3135736584663391,1
1710,0,0.44515642523765564,1
1711,0,0.44515642523765564,0
1712,0,0.44515642523765564,0
1713,0,0.44515642523765564,0
1714,0,0.44515642523765564,0
1715,0,0.44515642523765564,0
1716,0,0.44515642523765564,0
1717,0,0.44515642523765564,0
1718,0,0.44515642523765564,0
1719,0,0.44515642523765564,0
1720,0,0.44515642523765564,0
1721,0,0.44515642523765564,0
1722,0,0.44515642523765564,0
1723,0,0.44515642523765564,0
1724,0,0.44515642523765564,0
1725,0,0.44515642523765564,0
1726,0,0.44515642523765564,0
1727,0,0.44515642523765564,0
1728,0,0.44515642523765564,0
1729,0,0.44515642523765564,0
1730,0,0.44515642523765564,0
1731,0,0.44515642523765564,0
1732,0,0.44515642523765564,0
1733,0,0.44515642523765564,0
1734,0,0.44515642523765564,0
1735,0,0.44515642523765564,0
1736,0,0.44515642523765564,0
1737,0,0.44515642523765564,0
1738,0,0.44515642523765564,0
1739,0,0.30126819014549255,1
1740,0,0.2670508921146393,1
1741,0,0.2670508921146393,0
1742,0,0.08227000385522842,1
1743,0,0.08227000385522842,0
1744,0,0.08227000385522842,0
1745,0,0.08227000385522842,0
1746,0,0.08227000385522842,0
1747,0,0.08227000385522842,0
1748,0,0.08227000385522842,0
1749,0,0.08227000385522842,0
1750,0,0.8805670142173767,1
1751,0,0.8805670142173767,0
1752,0,0.8805670142173767,0
1753,0,0.8805670142173767,0
1754,0,0.8805670142173767,0
1755,0,0.8805670142173767,0
1756,0,0.8805670142173767,0
1757,0,0.8805670142173767,0
1758,0,0.8805670142173767,0
1759,0,0.8805670142173767,0
1760,0,0.8805670142173767,0
1761,0,0.8805670142173767,0
1762,0,0.8805670142173767,0
1763,0,0.8805670142173767,0
1764,0,0.8805670142173767,0
1765,0,0.8805670142173767,0
1766,0,0.8805670142173767,0
1767,0,0.8805670142173767,0
1768,0,0.8805670142173767,0
1769,0,0.2794034481048584,1
1770,0,0.4461362659931183,1
1771,0,0.4461362659931183,0
1772,0,0.4461362659931183,0
1773,0,0.4461362659931183,0
1774,0,0.4461362659931183,0
1775,0,0.4461362659931183,0
1776,0,0.4461362659931183,0
1777,0,0.4461362659931183,0
1778,0,0.4461362659931183,0
1779,0,0.4461362659931183,0
1780,0,0.4461362659931183,0
1781,0,0.4461362659931183,0
1782,0,0.4461362659931183,0
1783,0,0.4461362659931183,0
1784,0,0.4461362659931183,0
1785,0,0.4461362659931183,0
1786,0,0.4461362659931183,0
1787,0,0.4461362659931183,0
1788,0,0.4461362659931183,0
1789,0,0.4461362659931183,0
1790,0,0.4461362659931183,0
1791,0,0.4461362659931183,0
1792,0,0.4461362659931183,0
1793,0,0.4461362659931183,0
1794,0,0.4461362659931183,0
1795,0,0.4461362659931183,0
1796,0,0.4461362659931183,0
1797,0,0.4461362659931183,0
1798,0,0.4461362659931183,0
1799,0,0.4461362659931183,0
1800,0,0.5011519193649292,1
1801,0,0.5011519193649292,0
1802,0,0.5011519193649292,0
1803,0,0.5011519193649292,0
1804,0,0.5011519193649292,0
1805,0,0.5011519193649292,0
1806,0,0.5011519193649292,0
1807,0,0.5011519193649292,0
1808,0,0.5011519193649292,0
1809,0,0.5011519193649292,0
1810,0,0.5011519193649292,0
1811,0,0.5011519193649292,0
1812,0,0.5011519193649292,0
1813,0,0.5011519193649292,0
1814,0,0.5011519193649292,0
1815,0,0.5011519193649292,0
1816,0,0.5011519193649292,0
1817,0,0.5011519193649292,0
1818,0,0.5011519193649292,0
1819,0,0.5011519193649292,0
1820,0,0.5011519193649292,0
1821,0,0.5011519193649292,0
1822,0,0.5011519193649292,0
1823,0,0.5011519193649292,0
1824,0,0.5011519193649292,0
1825,0,0.5011519193649292,0
1826,0,0.5011519193649292,0
1827,0,0.5011519193649292,0
1828,0,0.5011519193649292,0
1829,0,0.3336080312728882,1
1830,0,0.3363100588321686,1
1831,0,0.3363100588321686,0
1832,0,0.10542260855436325,1
1833,0,0.10542260855436325,0
1834,0,0.10542260855436325,0
1835,0,0.10542260855436325,0
1836,0,0.10542260855436325,0
1837,0,0.10542260855436325,0
1838,0,0.10542260855436325,0
1839,0,0.10542260855436325,0
1840,0,0.10542260855436325,0
1841,0,0.10542260855436325,0
1842,0,0.10542260855436325,0
1843,0,0.10542260855436325,0
1844,0,0.10542260855436325,0
1845,0,0.10542260855436325,0
1846,0,0.10542260855436325,0
1847,0,0.10542260855436325,0
1848,0,0.10542260855436325,0
1849,0,0.10542260855436325,0
1850,0,0.10542260855436325,0
1851,0,0.10542260855436325,0
1852,0,0.10542260855436325,0
1853,0,0.10542260855436325,0
1854,0,0.10542260855436325,0
1855,0,0.10542260855436325,0
1856,0,0.10542260855436325,0
1857,0,0.10542260855436325,0
1858,0,0.10542260855436325,0
1859,0,0.3236543536186218,1
1860,0,0.45141711831092834,1
1861,0,0.45141711831092834,0
1862,0,0.45141711831092834,0
1863,0,0.45141711831092834,0
1864,0,0.45141711831092834,0
1865,0,0.45141711831092834,0
1866,0,0.45141711831092834,0
1867,0,0.45141711831092834,0
1868,0,0.45141711831092834,0
1869,0,0.45141711831092834,0
1870,0,0.45141711831092834,0
1871,0,0.45141711831092834,0
1872,0,0.45141711831092834,0
1873,0,0.45141711831092834,0
1874,0,0.45141711831092834,0
1875,0,0.45141711831092834,0
1876,0,0.45141711831092834,0
1877,0,0.45141711831092834,0
1878,0,0.45141711831092834,0
1879,0,0.45141711831092834,0
1880,0,0.45141711831092834,0
1881,0,0.45141711831092834,0
1882,0,0.45141711831092834,0
1883,0,0.45141711831092834,0
1884,0,0.45141711831092834,0
1885,0,0.45141711831092834,0
1886,0,0.45141711831092834,0
1887,0,0.45141711831092834,0
1888,0,0.45141711831092834,0
1889,0,0.38127824664115906,1
1890,0,0.37660160660743713,1
1891,0,0.37660160660743713,0
1892,0,0.18254566192626953,1
1893,0,0.18254566192626953,0
1894,0,0.18254566192626953,0
1895,0,0.18254566192626953,0
1896,0,0.14250552654266357,1
1897,0,0.14250552654266357,0
1898,0,0.14250552654266357,0
1899,0,0.14250552654266357,0
1900,0,0.14250552654266357,0
1901,0,0.14250552654266357,0
1902,0,0.17507895827293396,1
1903,0,0.17507895827293396,0
1904,0,0.18722288310527802,1
1905,0,0.18722288310527802,0
1906,0,0.14878717064857483,1
1907,0,0.14878717064857483,0
1908,0,0.1381002962589264,1
1909,0,0.1381002962589264,0
1910,0,0.1381002962589264,0
1911,0,0.1381002962589264,0
1912,0,0.1381002962589264,0
1913,0,0.1381002962589264,0
1914,0,0.1381002962589264,0
1915,0,0.1381002962589264,0
1916,0,0.1381002962589264,0
1917,0,0.1381002962589264,0
1918,0,0.34379974007606506,1
1919,0,0.34379974007606506,0
1920,0,0.4751240015029907,1
1921,0,0.4751240015029907,0
1922,0,0.4751240015029907,0
1923,0,0.4751240015029907,0
1924,0,0.4751240015029907,0
1925,0,0.4751240015029907,0
1926,0,0.4751240015029907,0
1927,0,0.4751240015029907,0
1928,0,0.4751240015029907,0
1929,0,0.4751240015029907,0
1930,0,0.4751240015029907,0
1931,0,0.4751240015029907,0
1932,0,0.4751240015029907,0
1933,0,0.4751240015029907,0
1934,0,0.4751240015029907,0
1935,0,0.4751240015029907,0
1936,0,0.4751240015029907,0
1937,0,0.4751240015029907,0
1938,0,0.4751240015029907,0
1939,0,0.4751240015029907,0
1940,0,0.4751240015029907,0
1941,0,0.4751240015029907,0
1942,0,0.4751240015029907,0
1943,0,0.4751240015029907,0
1944,0,0.4751240015029907,0
1945,0,0.4751240015029907,0
1946,0,0.4751240015029907,0
1947,0,0.4751240015029907,0
1948,0,0.37738028168678284,1
1949,0,0.37738028168678284,0
1950,0,0.3204691410064697,1
1951,0,0.3204691410064697,0
1952,0,0.14869745075702667,1
1953,0,0.14869745075702667,0
1954,0,0.14869745075702667,0
1955,0,0.14869745075702667,0
1956,0,0.13505427539348602,1
1957,0,0.13505427539348602,0
1958,0,0.13505427539348602,0
1959,0,0.13505427539348602,0
1960,0,0.13505427539348602,0
1961,0,0.13505427539348602,0
1962,0,0.13505427539348602,0
1963,0,0.13505427539348602,0
1964,0,0.13505427539348602,0
1965,0,0.13505427539348602,0
1966,0,0.12758265435695648,1
1967,0,0.12758265435695648,0
1968,0,0.12758265435695648,0
1969,0,0.12758265435695648,0
1970,0,0.12758265435695648,0
1971,0,0.12758265435695648,0
1972,0,0.12758265435695648,0
1973,0,0.12758265435695648,0
1974,0,0.12758265435695648,0
1975,0,0.12758265435695648,0
1976,0,0.12758265435695648,0
1977,0,0.12758265435695648,0
1978,0,0.39413779973983765,1
1979,0,0.39413779973983765,0
1980,0,0.49487727880477905,1
1981,0,0.49487727880477905,0
1982,0,0.49487727880477905,0
1983,0,0.49487727880477905,0
1984,0,0.49487727880477905,0
1985,0,0.49487727880477905,0
1986,0,0.49487727880477905,0
1987,0,0.49487727880477905,0
1988,0,0.49487727880477905,0
1989,0,0.49487727880477905,0
1990,0,0.49487727880477905,0
1991,0,0.49487727880477905,0
1992,0,0.49487727880477905,0
1993,0,0.49487727880477905,0
1994,0,0.49487727880477905,0
1995,0,0.49487727880477905,0
1996,0,0.49487727880477905,0
1997,0,0.49487727880477905,0
1998,0,0.49487727880477905,0
1999,0,0.49487727880477905,0
2000,0,0.8858806490898132,1
2001,0,0.8858806490898132,0
2002,0,0.8858806490898132,0
2003,0,0.8858806490898132,0
2004,0,0.8858806490898132,0
2005,0,0.8858806490898132,0
2006,0,0.8858806490898132,0
2007,0,0.8858806490898132,0
2008,0,0.3551737666130066,1
2009,0,0.3551737666130066,0
2010,0,0.2869037985801697,1
2011,0,0.2869037985801697,0
2012,0,0.2869037985801697,0
2013,0,0.2869037985801697,0
2014,0,0.2869037985801697,0
2015,0,0.2869037985801697,0
2016,0,0.2869037985801697,0
2017,0,0.2869037985801697,0
2018,0,0.2869037985801697,0
2019,0,0.2869037985801697,0
2020,0,0.2869037985801697,0
2021,0,0.2869037985801697,0
2022,0,0.2869037985801697,0
2023,0,0.2869037985801697,0
2024,0,0.2869037985801697,0
2025,0,0.2869037985801697,0
2026,0,0.2869037985801697,0
2027,0,0.2869037985801697,0
2028,0,0.2869037985801697,0
2029,0,0.2869037985801697,0
2030,0,0.2869037985801697,0
2031,0,0.2869037985801697,0
2032,0,0.2869037985801697,0
2033,0,0.2869037985801697,0
2034,0,0.2869037985801697,0
2035,0,0.2869037985801697,0
2036,0,0.2869037985801697,0
2037,0,0.2869037985801697,0
2038,0,0.3515092134475708,1
2039,0,0.3515092134475708,0
2040,0,0.471165269613266,1
2041,0,0.471165269613266,0
2042,0,0.471165269613266,0
2043,0,0.471165269613266,0
2044,0,0.471165269613266,0
2045,0,0.471165269613266,0
2046,0,0.471165269613266,0
2047,0,0.471165269613266,0
2048,0,0.471165269613266,0
2049,0,0.471165269613266,0
2050,0,0.471165269613266,0
2051,0,0.471165269613266,0
2052,0,0.471165269613266,0
2053,0,0.471165269613266,0
2054,0,0.471165269613266,0
2055,0,0.471165269613266,0
2056,0,0.471165269613266,0
2057,0,0.471165269613266,0
2058,0,0.471165269613266,0
2059,0,0.471165269613266,0
2060,0,0.471165269613266,0
2061,0,0.471165269613266,0
2062,0,0.471165269613266,0
2063,0,0.471165269613266,0
2064,0,0.471165269613266,0
2065,0,0.471165269613266,0
2066,0,0.471165269613266,0
2067,0,0.471165269613266,0
2068,0,0.34685254096984863,1
2069,0,0.34685254096984863,0
2070,0,0.28478020429611206,1
2071,0,0.28478020429611206,0
2072,0,0.28478020429611206,0
2073,0,0.28478020429611206,0
2074,0,0.28478020429611206,0
2075,0,0.28478020429611206,0
2076,0,0.28478020429611206,0
2077,0,0.28478020429611206,0
2078,0,0.28478020429611206,0
2079,0,0.28478020429611206,0
2080,0,0.28478020429611206,0
2081,0,0.28478020429611206,0
2082,0,0.28478020429611206,0
2083,0,0.28478020429611206,0
2084,0,0.28478020429611206,0
2085,0,0.28478020429611206,0
2086,0,0.28478020429611206,0
2087,0,0.28478020429611206,0
2088,0,0.28478020429611206,0
2089,0,0.28478020429611206,0
2090,0,0.28478020429611206,0
2091,0,0.28478020429611206,0
2092,0,0.28478020429611206,0
2093,0,0.28478020429611206,0
2094,0,0.28478020429611206,0
2095,0,0.28478020429611206,0
2096,0,0.28478020429611206,0
2097,0,0.28478020429611206,0
2098,0,0.3764500319957733,1
2099,0,0.3764500319957733,0
2100,0,0.5259743332862854,1
2101,0,0.5259743332862854,0
2102,0,0.5259743332862854,0
2103,0,0.5259743332862854,0
2104,0,0.5259743332862854,0
2105,0,0.5259743332862854,0
2106,0,0.5259743332862854,0
2107,0,0.5259743332862854,0
2108,0,0.5259743332862854,0
2109,0,0.5259743332862854,0
2110,0,0.5259743332862854,0
2111,0,0.5259743332862854,0
2112,0,0.5259743332862854,0
2113,0,0.5259743332862854,0
2114,0,0.5259743332862854,0
2115,0,0.5259743332862854,0
2116,0,0.5259743332862854,0
2117,0,0.5259743332862854,0
2118,0,0.5259743332862854,0
2119,0,0.5259743332862854,0
2120,0,0.5259743332862854,0
2121,0,0.5259743332862854,0
2122,0,0.5259743332862854,0
2123,0,0.5259743332862854,0
2124,0,0.5259743332862854,0
2125,0,0.5259743332862854,0
2126,0,0.5259743332862854,0
2127,0,0.5259743332862854,0
2128,0,0.4178929626941681,1
2129,0,0.4178929626941681,0
2130,0,0.3595024347305298,1
2131,0,0.3595024347305298,0
2132,0,0.18510794639587402,1
2133,0,0.18510794639587402,0
2134,0,0.18510794639587402,0
2135,0,0.18510794639587402,0
2136,0,0.18510794639587402,0
2137,0,0.18510794639587402,0
2138,0,0.18510794639587402,0
2139,0,0.18510794639587402,0
2140,0,0.18510794639587402,0
2141,0,0.18510794639587402,0
2142,0,0.18510794639587402,0
2143,0,0.18510794639587402,0
2144,0,0.18510794639587402,0
2145,0,0.18510794639587402,0
2146,0,0.18510794639587402,0
2147,0,0.18510794639587402,0
2148,0,0.18510794639587402,0
2149,0,0.18510794639587402,0
2150,0,0.18510794639587402,0
2151,0,0.18510794639587402,0
2152,0,0.18510794639587402,0
2153,0,0.18510794639587402,0
2154,0,0.18510794639587402,0
2155,0,0.18510794639587402,0
2156,0,0.18510794639587402,0
2157,0,0.18510794639587402,0
2158,0,0.3908277750015259,1
2159,0,0.3908277750015259,0
2160,0,0.5335897207260132,1
2161,0,0.5335897207260132,0
2162,0,0.5335897207260132,0
2163,0,0.5335897207260132,0
2164,0,0.5335897207260132,0
2165,0,0.5335897207260132,0
2166,0,0.20191439986228943,1
2167,0,0.20191439986228943,0
2168,0,0.18328967690467834,1
2169,0,0.18328967690467834,0
2170,0,0.18328967690467834,0
2171,0,0.18328967690467834,0
2172,0,0.18328967690467834,0
2173,0,0.18328967690467834,0
2174,0,0.18328967690467834,0
2175,0,0.18328967690467834,0
2176,0,0.18328967690467834,0
2177,0,0.18328967690467834,0
2178,0,0.18328967690467834,0
2179,0,0.18328967690467834,0
2180,0,0.18328967690467834,0
2181,0,0.18328967690467834,0
2182,0,0.18328967690467834,0
2183,0,0.18328967690467834,0
2184,0,0.18328967690467834,0
2185,0,0.18328967690467834,0
2186,0,0.18328967690467834,0
2187,0,0.18328967690467834,0
2188,0,0.42231789231300354,1
2189,0,0.42231789231300354,0
2190,0,0.3406815826892853,1
2191,0,0.3406815826892853,0
2192,0,0.21220922470092773,1
2193,0,0.21220922470092773,0
2194,0,0.21220922470092773,0
2195,0,0.21220922470092773,0
2196,0,0.21220922470092773,0
2197,0,0.21220922470092773,0
2198,0,0.21220922470092773,0
2199,0,0.21220922470092773,0
2200,0,0.21220922470092773,0
2201,0,0.21220922470092773,0
2202,0,0.20355254411697388,1
2203,0,0.20355254411697388,0
2204,0,0.20847183465957642,1
2205,0,0.20847183465957642,0
2206,0,0.18758711218833923,1
2207,0,0.18758711218833923,0
2208,0,0.24093282222747803,1
2209,0,0.24093282222747803,0
2210,0,0.2199939489364624,1
2211,0,0.2199939489364624,0
2212,0,0.2199939489364624,0
2213,0,0.2199939489364624,0
2214,0,0.2199939489364624,0
2215,0,0.2199939489364624,0
2216,0,0.2199939489364624,0
2217,0,0.2199939489364624,0
2218,0,0.4127829074859619,1
2219,0,0.4127829074859619,0
2220,0,0.5557664036750793,1
2221,0,0.5557664036750793,0
2222,0,0.5557664036750793,0
2223,0,0.5557664036750793,0
2224,0,0.5557664036750793,0
2225,0,0.5557664036750793,0
2226,0,0.5557664036750793,0
2227,0,0.5557664036750793,0
2228,0,0.5557664036750793,0
2229,0,0.5557664036750793,0
2230,0,0.5557664036750793,0
2231,0,0.5557664036750793,0
2232,0,0.5557664036750793,0
2233,0,0.5557664036750793,0
2234,0,0.5557664036750793,0
2235,0,0.5557664036750793,0
2236,0,0.5557664036750793,0
2237,0,0.5557664036750793,0
2238,0,0.5557664036750793,0
2239,0,0.5557664036750793,0
2240,0,0.5557664036750793,0
2241,0,0.5557664036750793,0
2242,0,0.5557664036750793,0
2243,0,0.5557664036750793,0
2244,0,0.5557664036750793,0
2245,0,0.5557664036750793,0
2246,0,0.5557664036750793,0
2247,0,0.5557664036750793,0
2248,0,0.5557664036750793,0
2249,0,0.5557664036750793,0
2250,0,0.8805297017097473,1
2251,0,0.8805297017097473,0
2252,0,0.8805297017097473,0
2253,0,0.8805297017097473,0
2254,0,0.8805297017097473,0
2255,0,0.8805297017097473,0
2256,0,0.8805297017097473,0
2257,0,0.8805297017097473,0
2258,0,0.8805297017097473,0
2259,0,0.8805297017097473,0
2260,0,0.8805297017097473,0
2261,0,0.8805297017097473,0
2262,0,0.8805297017097473,0
2263,0,0.8805297017097473,0
2264,0,0.8805297017097473,0
2265,0,0.8805297017097473,0
2266,0,0.8805297017097473,0
2267,0,0.8805297017097473,0
2268,0,0.8805297017097473,0
2269,0,0.8805297017097473,0
2270,0,0.8805297017097473,0
2271,0,0.8805297017097473,0
2272,0,0.8805297017097473,0
2273,0,0.8805297017097473,0
2274,0,0.8805297017097473,0
2275,0,0.8805297017097473,0
2276,0,0.8805297017097473,0
2277,0,0.8805297017097473,0
2278,0,0.3827919363975525,1
2279,0,0.3827919363975525,0
2280,0,0.3570705056190491,1
2281,0,0.3570705056190491,0
2282,0,0.16728773713111877,1
2283,0,0.16728773713111877,0
2284,0,0.16728773713111877,0
2285,0,0.16728773713111877,0
2286,0,0.16622662544250488,1
2287,0,0.16622662544250488,0
2288,0,0.1665184199810028,1
2289,0,0.1665184199810028,0
2290,0,0.1665184199810028,0
2291,0,0.1665184199810028,0
2292,0,0.1665184199810028,0
2293,0,0.1665184199810028,0
2294,0,0.1665184199810028,0
2295,0,0.1665184199810028,0
2296,0,0.1665184199810028,0
2297,0,0.1665184199810028,0
2298,0,0.1665184199810028,0
2299,0,0.1665184199810028,0
2300,0,0.1665184199810028,0
2301,0,0.1665184199810028,0
2302,0,0.1665184199810028,0
2303,0,0.1665184199810028,0
2304,0,0.1665184199810028,0
2305,0,0.1665184199810028,0
2306,0,0.1665184199810028,0
2307,0,0.1665184199810028,0
2308,0,0.37715810537338257,1
2309,0,0.37715810537338257,0
2310,0,0.4933460056781769,1
2311,0,0.4933460056781769,0
2312,0,0.4933460056781769,0
2313,0,0.4933460056781769,0
2314,0,0.4933460056781769,0
2315,0,0.4933460056781769,0
2316,0,0.4933460056781769,0
2317,0,0.4933460056781769,0
2318,0,0.4933460056781769,0
2319,0,0.4933460056781769,0
2320,0,0.4933460056781769,0
2321,0,0.4933460056781769,0
2322,0,0.4933460056781769,0
2323,0,0.4933460056781769,0
2324,0,0.4933460056781769,0
2325,0,0.4933460056781769,0
2326,0,0.4933460056781769,0
2327,0,0.4933460056781769,0
2328,0,0.4933460056781769,0
2329,0,0.4933460056781769,0
2330,0,0.4933460056781769,0
2331,0,0.4933460056781769,0
2332,0,0.4933460056781769,0
2333,0,0.4933460056781769,0
2334,0,0.4933460056781769,0
2335,0,0.4933460056781769,0
2336,0,0.4933460056781769,0
2337,0,0.4933460056781769,0
2338,0,0.3801209330558777,1
2339,0,0.3801209330558777,0
2340,0,0.3132483661174774,1
2341,0,0.3132483661174774,0
2342,0,0.16914352774620056,1
2343,0,0.16914352774620056,0
2344,0,0.16914352774620056,0
2345,0,0.16914352774620056,0
2346,0,0.16914352774620056,0
2347,0,0.16914352774620056,0
2348,0,0.16914352774620056,0
2349,0,0.16914352774620056,0
2350,0,0.16914352774620056,0
2351,0,0.16914352774620056,0
2352,0,0.16914352774620056,0
2353,0,0.16914352774620056,0
2354,0,0.16914352774620056,0
2355,0,0.16914352774620056,0
2356,0,0.16914352774620056,0
2357,0,0.16914352774620056,0
2358,0,0.16914352774620056,0
2359,0,0.16914352774620056,0
2360,0,0.16914352774620056,0
2361,0,0.16914352774620056,0
2362,0,0.16914352774620056,0
2363,0,0.16914352774620056,0
2364,0,0.16914352774620056,0
2365,0,0.16914352774620056,0
2366,0,0.16914352774620056,0
2367,0,0.16914352774620056,0
2368,0,0.35882073640823364,1
2369,0,0.35882073640823364,0
2370,0,0.43379271030426025,1
2371,0,0.43379271030426025,0
2372,0,0.43379271030426025,0
2373,0,0.43379271030426025,0
2374,0,0.43379271030426025,0
2375,0,0.43379271030426025,0
2376,0,0.43379271030426025,0
2377,0,0.43379271030426025,0
2378,0,0.43379271030426025,0
2379,0,0.43379271030426025,0
2380,0,0.43379271030426025,0
2381,0,0.43379271030426025,0
2382,0,0.43379271030426025,0
2383,0,0.43379271030426025,0
2384,0,0.43379271030426025,0
2385,0,0.43379271030426025,0
2386,0,0.43379271030426025,0
2387,0,0.43379271030426025,0
2388,0,0.43379271030426025,0
2389,0,0.43379271030426025,0
2390,0,0.43379271030426025,0
2391,0,0.43379271030426025,0
2392,0,0.43379271030426025,0
2393,0,0.43379271030426025,0
2394,0,0.43379271030426025,0
2395,0,0.43379271030426025,0
2396,0,0.43379271030426025,0
2397,0,0.43379271030426025,0
2398,0,0.3213050663471222,1
2399,0,0.3213050663471222,0
2400,0,0.24245592951774597,1
2401,0,0.24245592951774597,0
2402,0,0.24245592951774597,0
2403,0,0.24245592951774597,0
2404,0,0.24245592951774597,0
2405,0,0.24245592951774597,0
2406,0,0.24245592951774597,0
2407,0,0.24245592951774597,0
2408,0,0.24245592951774597,0
2409,0,0.24245592951774597,0
2410,0,0.24245592951774597,0
2411,0,0.24245592951774597,0
2412,0,0.24245592951774597,0
2413,0,0.24245592951774597,0
2414,0,0.24245592951774597,0
2415,0,0.24245592951774597,0
2416,0,0.24245592951774597,0
2417,0,0.24245592951774597,0
2418,0,0.24245592951774597,0
2419,0,0.24245592951774597,0
2420,0,0.24245592951774597,0
2421,0,0.24245592951774597,0
2422,0,0.24245592951774597,0
2423,0,0.24245592951774597,0
2424,0,0.24245592951774597,0
2425,0,0.24245592951774597,0
2426,0,0.24245592951774597,0
2427,0,0.24245592951774597,0
2428,0,0.33302488923072815,1
2429,0,0.33302488923072815,0
2430,0,0.47502121329307556,1
2431,0,0.47502121329307556,0
2432,0,0.47502121329307556,0
2433,0,0.47502121329307556,0
2434,0,0.47502121329307556,0
2435,0,0.47502121329307556,0
2436,0,0.47502121329307556,0
2437,0,0.47502121329307556,0
2438,0,0.47502121329307556,0
2439,0,0.47502121329307556,0
2440,0,0.47502121329307556,0
2441,0,0.47502121329307556,0
2442,0,0.47502121329307556,0
2443,0,0.47502121329307556,0
2444,0,0.47502121329307556,0
2445,0,0.47502121329307556,0
2446,0,0.47502121329307556,0
2447,0,0.47502121329307556,0
2448,0,0.47502121329307556,0
2449,0,0.47502121329307556,0
2450,0,0.47502121329307556,0
2451,0,0.47502121329307556,0
2452,0,0.47502121329307556,0
2453,0,0.47502121329307556,0
2454,0,0.47502121329307556,0
2455,0,0.47502121329307556,0
2456,0,0.47502121329307556,0
2457,0,0.47502121329307556,0
2458,0,0.37847965955734253,1
2459,0,0.37847965955734253,0
2460,0,0.36248528957366943,1
2461,0,0.36248528957366943,0
2462,0,0.1865803301334381,1
2463,0,0.1865803301334381,0
2464,0,0.16149470210075378,1
2465,0,0.16149470210075378,0
2466,0,0.18274256587028503,1
2467,0,0.18274256587028503,0
2468,0,0.21803389489650726,1
2469,0,0.21803389489650726,0
2470,0,0.21803389489650726,0
2471,0,0.21803389489650726,0
2472,0,0.21803389489650726,0
2473,0,0.21803389489650726,0
2474,0,0.21803389489650726,0
2475,0,0.21803389489650726,0
2476,0,0.13976463675498962,1
2477,0,0.13976463675498962,0
2478,0,0.13976463675498962,0
2479,0,0.13976463675498962,0
2480,0,0.13976463675498962,0
2481,0,0.13976463675498962,0
2482,0,0.13976463675498962,0
2483,0,0.13976463675498962,0
2484,0,0.13976463675498962,0
2485,0,0.13976463675498962,0
2486,0,0.13976463675498962,0
2487,0,0.13976463675498962,0
2488,0,0.36276742815971375,1
2489,0,0.36276742815971375,0
2490,0,0.4782542586326599,1
2491,0,0.4782542586326599,0
2492,0,0.4782542586326599,0
2493,0,0.4782542586326599,0
2494,0,0.4782542586326599,0
2495,0,0.4782542586326599,0
2496,0,0.4782542586326599,0
2497,0,0.4782542586326599,0
2498,0,0.4782542586326599,0
2499,0,0.4782542586326599,0
2500,0,0.8669155240058899,1
2501,0,0.8669155240058899,0
2502,0,0.8669155240058899,0
2503,0,0.8669155240058899,0
2504,0,0.8669155240058899,0
2505,0,0.8669155240058899,0
2506,0,0.8669155240058899,0
2507,0,0.8669155240058899,0
2508,0,0.8669155240058899,0
2509,0,0.8669155240058899,0
2510,0,0.8669155240058899,0
2511,0,0.8669155240058899,0
2512,0,0.8669155240058899,0
2513,0,0.8669155240058899,0
2514,0,0.8669155240058899,0
2515,0,0.8669155240058899,0
2516,0,0.8669155240058899,0
2517,0,0.8669155240058899,0
2518,0,0.3826202154159546,1
2519,0,0.3826202154159546,0
2520,0,0.34168681502342224,1
2521,0,0.34168681502342224,0
2522,0,0.17021992802619934,1
2523,0,0.17021992802619934,0
2524,0,0.17021992802619934,0
2525,0,0.17021992802619934,0
2526,0,0.1577693521976471,1
2527,0,0.1577693521976471,0
2528,0,0.16300466656684875,1
2529,0,0.16300466656684875,0
2530,0,0.16300466656684875,0
2531,0,0.16300466656684875,0
2532,0,0.16300466656684875,0
2533,0,0.16300466656684875,0
2534,0,0.16300466656684875,0
2535,0,0.16300466656684875,0
2536,0,0.13911183178424835,1
2537,0,0.13911183178424835,0
2538,0,0.15079978108406067,1
2539,0,0.15079978108406067,0
2540,0,0.15079978108406067,0
2541,0,0.15079978108406067,0
2542,0,0.15079978108406067,0
2543,0,0.15079978108406067,0
2544,0,0.15079978108406067,0
2545,0,0.15079978108406067,0
2546,0,0.15079978108406067,0
2547,0,0.15079978108406067,0
2548,0,0.39428889751434326,1
2549,0,0.39428889751434326,0
2550,0,0.5203648209571838,1
2551,0,0.5203648209571838,0
2552,0,0.5203648209571838,0
2553,0,0.5203648209571838,0
2554,0,0.5203648209571838,0
2555,0,0.5203648209571838,0
2556,0,0.5203648209571838,0
2557,0,0.5203648209571838,0
2558,0,0.5203648209571838,0
2559,0,0.5203648209571838,0
2560,0,0.5203648209571838,0
2561,0,0.5203648209571838,0
2562,0,0.5203648209571838,0
2563,0,0.5203648209571838,0
2564,0,0.5203648209571838,0
2565,0,0.5203648209571838,0
2566,0,0.5203648209571838,0
2567,0,0.5203648209571838,0
2568,0,0.5203648209571838,0
2569,0,0.5203648209571838,0
2570,0,0.5203648209571838,0
2571,0,0.5203648209571838,0
2572,0,0.5203648209571838,0
2573,0,0.5203648209571838,0
2574,0,0.5203648209571838,0
2575,0,0.5203648209571838,0
2576,0,0.5203648209571838,0
2577,0,0.5203648209571838,0
2578,0,0.34659335017204285,1
2579,0,0.34659335017204285,0
2580,0,0.272988885641098,1
2581,0,0.272988885641098,0
2582,0,0.12164740264415741,1
2583,0,0.12164740264415741,0
2584,0,0.12164740264415741,0
2585,0,0.12164740264415741,0
2586,0,0.12164740264415741,0
2587,0,0.12164740264415741,0
2588,0,0.12164740264415741,0
2589,0,0.12164740264415741,0
2590,0,0.12164740264415741,0
2591,0,0.12164740264415741,0
2592,0,0.12164740264415741,0
2593,0,0.12164740264415741,0
2594,0,0.12164740264415741,0
2595,0,0.12164740264415741,0
2596,0,0.12164740264415741,0
2597,0,0.12164740264415741,0
2598,0,0.12164740264415741,0
2599,0,0.12164740264415741,0
2600,0,0.12164740264415741,0
2601,0,0.12164740264415741,0
2602,0,0.12164740264415741,0
2603,0,0.12164740264415741,0
2604,0,0.12164740264415741,0
2605,0,0.12164740264415741,0
2606,0,0.12164740264415741,0
2607,0,0.12164740264415741,0
2608,0,0.36601459980010986,1
2609,0,0.36601459980010986,0
2610,0,0.4885513484477997,1
2611,0,0.4885513484477997,0
2612,0,0.4885513484477997,0
2613,0,0.4885513484477997,0
2614,0,0.4885513484477997,0
2615,0,0.4885513484477997,0
2616,0,0.4885513484477997,0
2617,0,0.4885513484477997,0
2618,0,0.4885513484477997,0
2619,0,0.4885513484477997,0
2620,0,0.4885513484477997,0
2621,0,0.4885513484477997,0
2622,0,0.4885513484477997,0
2623,0,0.4885513484477997,0
2624,0,0.4885513484477997,0
2625,0,0.4885513484477997,0
2626,0,0.4885513484477997,0
2627,0,0.4885513484477997,0
2628,0,0.4885513484477997,0
2629,0,0.4885513484477997,0
2630,0,0.4885513484477997,0
2631,0,0.4885513484477997,0
2632,0,0.4885513484477997,0
2633,0,0.4885513484477997,0
2634,0,0.4885513484477997,0
2635,0,0.4885513484477997,0
2636,0,0.4885513484477997,0
2637,0,0.4885513484477997,0
2638,0,0.4203278422355652,1
2639,0,0.4203278422355652,0
2640,0,0.3732995390892029,1
2641,0,0.3732995390892029,0
2642,0,0.21232599020004272,1
2643,0,0.21232599020004272,0
2644,0,0.14557531476020813,1
2645,0,0.14557531476020813,0
2646,0,0.17786040902137756,1
2647,0,0.17786040902137756,0
2648,0,0.1307026743888855,1
2649,0,0.1307026743888855,0
2650,0,0.1307026743888855,0
2651,0,0.1307026743888855,0
2652,0,0.1307026743888855,0
2653,0,0.1307026743888855,0
2654,0,0.1307026743888855,0
2655,0,0.1307026743888855,0
2656,0,0.1307026743888855,0
2657,0,0.1307026743888855,0
2658,0,0.1307026743888855,0
2659,0,0.1307026743888855,0
2660,0,0.1307026743888855,0
2661,0,0.1307026743888855,0
2662,0,0.1307026743888855,0
2663,0,0.1307026743888855,0
2664,0,0.1307026743888855,0
2665,0,0.1307026743888855,0
2666,0,0.1307026743888855,0
2667,0,0.1307026743888855,0
2668,0,0.3784942030906677,1
2669,0,0.3784942030906677,0
2670,0,0.5088064074516296,1
2671,0,0.5088064074516296,0
2672,0,0.5088064074516296,0
2673,0,0.5088064074516296,0
2674,0,0.5088064074516296,0
2675,0,0.5088064074516296,0
2676,0,0.5088064074516296,0
2677,0,0.5088064074516296,0
2678,0,0.5088064074516296,0
2679,0,0.5088064074516296,0
2680,0,0.5088064074516296,0
2681,0,0.5088064074516296,0
2682,0,0.5088064074516296,0
2683,0,0.5088064074516296,0
2684,0,0.5088064074516296,0
2685,0,0.5088064074516296,0
2686,0,0.5088064074516296,0
2687,0,0.5088064074516296,0
2688,0,0.5088064074516296,0
2689,0,0.5088064074516296,0
2690,0,0.5088064074516296,0
2691,0,0.5088064074516296,0
2692,0,0.5088064074516296,0
2693,0,0.5088064074516296,0
2694,0,0.5088064074516296,0
2695,0,0.5088064074516296,0
2696,0,0.5088064074516296,0
2697,0,0.5088064074516296,0
2698,0,0.5088064074516296,0
2699,0,0.5088064074516296,0
2700,0,0.5444596409797668,1
2701,0,0.5444596409797668,0
2702,0,0.5444596409797668,0
2703,0,0.5444596409797668,0
2704,0,0.5444596409797668,0
2705,0,0.5444596409797668,0
2706,0,0.5444596409797668,0
2707,0,0.5444596409797668,0
2708,0,0.5444596409797668,0
2709,0,0.5444596409797668,0
2710,0,0.5444596409797668,0
2711,0,0.5444596409797668,0
2712,0,0.5444596409797668,0
2713,0,0.5444596409797668,0
2714,0,0.5444596409797668,0
2715,0,0.5444596409797668,0
2716,0,0.5444596409797668,0
2717,0,0.5444596409797668,0
2718,0,0.5444596409797668,0
2719,0,0.5444596409797668,0
2720,0,0.5444596409797668,0
2721,0,0.5444596409797668,0
2722,0,0.5444596409797668,0
2723,0,0.5444596409797668,0
2724,0,0.5444596409797668,0
2725,0,0.5444596409797668,0
2726,0,0.5444596409797668,0
2727,0,0.5444596409797668,0
2728,0,0.3416367173194885,1
2729,0,0.3416367173194885,0
2730,0,0.29837578535079956,1
2731,0,0.29837578535079956,0
2732,0,0.29837578535079956,0
2733,0,0.29837578535079956,0
2734,0,0.29837578535079956,0
2735,0,0.29837578535079956,0
2736,0,0.29837578535079956,0
2737,0,0.29837578535079956,0
2738,0,0.29837578535079956,0
2739,0,0.29837578535079956,0
2740,0,0.29837578535079956,0
2741,0,0.29837578535079956,0
2742,0,0.29837578535079956,0
2743,0,0.29837578535079956,0
2744,0,0.29837578535079956,0
2745,0,0.29837578535079956,0
2746,0,0.29837578535079956,0
2747,0,0.29837578535079956,0
2748,0,0.29837578535079956,0
2749,0,0.29837578535079956,0
2750,0,0.8693988919258118,1
2751,0,0.8693988919258118,0
2752,0,0.8693988919258118,0
2753,0,0.8693988919258118,0
2754,0,0.8693988919258118,0
2755,0,0.8693988919258118,0
2756,0,0.8693988919258118,0
2757,0,0.8693988919258118,0
2758,0,0.31362688541412354,1
2759,0,0.31362688541412354,0
2760,0,0.4433353543281555,1
2761,0,0.4433353543281555,0
2762,0,0.4433353543281555,0
2763,0,0.4433353543281555,0
2764,0,0.4433353543281555,0
2765,0,0.4433353543281555,0
2766,0,0.4433353543281555,0
2767,0,0.4433353543281555,0
2768,0,0.4433353543281555,0
2769,0,0.4433353543281555,0
2770,0,0.4433353543281555,0
2771,0,0.4433353543281555,0
2772,0,0.4433353543281555,0
2773,0,0.4433353543281555,0
2774,0,0.4433353543281555,0
2775,0,0.4433353543281555,0
2776,0,0.4433353543281555,0
2777,0,0.4433353543281555,0
2778,0,0.4433353543281555,0
2779,0,0.4433353543281555,0
2780,0,0.4433353543281555,0
2781,0,0.4433353543281555,0
2782,0,0.4433353543281555,0
2783,0,0.4433353543281555,0
2784,0,0.4433353543281555,0
2785,0,0.4433353543281555,0
2786,0,0.4433353543281555,0
2787,0,0.4433353543281555,0
2788,0,0.3410097062587738,1
2789,0,0.3410097062587738,0
2790,0,0.27135705947875977,1
2791,0,0.27135705947875977,0
2792,0,0.27135705947875977,0
2793,0,0.27135705947875977,0
2794,0,0.27135705947875977,0
2795,0,0.27135705947875977,0
2796,0,0.27135705947875977,0
2797,0,0.27135705947875977,0
2798,0,0.27135705947875977,0
2799,0,0.27135705947875977,0
2800,0,0.27135705947875977,0
2801,0,0.27135705947875977,0
2802,0,0.27135705947875977,0
2803,0,0.27135705947875977,0
2804,0,0.27135705947875977,0
2805,0,0.27135705947875977,0
2806,0,0.27135705947875977,0
2807,0,0.27135705947875977,0
2808,0,0.27135705947875977,0
2809,0,0.27135705947875977,0
2810,0,0.27135705947875977,0
2811,0,0.27135705947875977,0
2812,0,0.27135705947875977,0
2813,0,0.27135705947875977,0
2814,0,0.27135705947875977,0
2815,0,0.27135705947875977,0
2816,0,0.27135705947875977,0
2817,0,0.27135705947875977,0
2818,0,0.3404463529586792,1
2819,0,0.1834634691476822,1
2820,0,0.4184543192386627,1
2821,0,0.4184543192386627,0
2822,0,0.4184543192386627,0
2823,0,0.4184543192386627,0
2824,0,0.4184543192386627,0
2825,0,0.4184543192386627,0
2826,0,0.4184543192386627,0
2827,0,0.4184543192386627,0
2828,0,0.4184543192386627,0
2829,0,0.4184543192386627,0
2830,0,0.4184543192386627,0
2831,0,0.4184543192386627,0
2832,0,0.4184543192386627,0
2833,0,0.4184543192386627,0
2834,0,0.4184543192386627,0
2835,0,0.4184543192386627,0
2836,0,0.4184543192386627,0
2837,0,0.4184543192386627,0
2838,0,0.4184543192386627,0
2839,0,0.4184543192386627,0
2840,0,0.4184543192386627,0
2841,0,0.4184543192386627,0
2842,0,0.4184543192386627,0
2843,0,0.4184543192386627,0
2844,0,0.4184543192386627,0
2845,0,0.4184543192386627,0
2846,0,0.4184543192386627,0
2847,0,0.4184543192386627,0
2848,0,0.37319424748420715,1
2849,0,0.22206491231918335,1
2850,0,0.1870323121547699,1
2851,0,0.1870323121547699,0
2852,0,0.1870323121547699,0
2853,0,0.1870323121547699,0
2854,0,0.1870323121547699,0
2855,0,0.1870323121547699,0
2856,0,0.1870323121547699,0
2857,0,0.1870323121547699,0
2858,0,0.1870323121547699,0
2859,0,0.1870323121547699,0
2860,0,0.1870323121547699,0
2861,0,0.1870323121547699,0
2862,0,0.1870323121547699,0
2863,0,0.1870323121547699,0
2864,0,0.1870323121547699,0
2865,0,0.1870323121547699,0
2866,0,0.1870323121547699,0
2867,0,0.1870323121547699,0
2868,0,0.1870323121547699,0
2869,0,0.1870323121547699,0
2870,0,0.1870323121547699,0
2871,0,0.1870323121547699,0
2872,0,0.1870323121547699,0
2873,0,0.1870323121547699,0
2874,0,0.1870323121547699,0
2875,0,0.1870323121547699,0
2876,0,0.1870323121547699,0
2877,0,0.1870323121547699,0
2878,0,0.37885624170303345,1
2879,0,0.23732008039951324,1
2880,0,0.44265303015708923,1
2881,0,0.44265303015708923,0
2882,0,0.44265303015708923,0
2883,0,0.44265303015708923,0
2884,0,0.44265303015708923,0
2885,0,0.21489864587783813,1
2886,0,0.21489864587783813,0
2887,0,0.21489864587783813,0
2888,0,0.21489864587783813,0
2889,0,0.21489864587783813,0
2890,0,0.21489864587783813,0
2891,0,0.21489864587783813,0
2892,0,0.21489864587783813,0
2893,0,0.21489864587783813,0
2894,0,0.21489864587783813,0
2895,0,0.21489864587783813,0
2896,0,0.21489864587783813,0
2897,0,0.21489864587783813,0
2898,0,0.21489864587783813,0
2899,0,0.21489864587783813,0
2900,0,0.21489864587783813,0
2901,0,0.21489864587783813,0
2902,0,0.21489864587783813,0
2903,0,0.21489864587783813,0
2904,0,0.21489864587783813,0
2905,0,0.21489864587783813,0
2906,0,0.21489864587783813,0
2907,0,0.21489864587783813,0
2908,0,0.4087415933609009,1
2909,0,0.22837403416633606,1
2910,0,0.18118003010749817,1
2911,0,0.18118003010749817,0
2912,0,0.18118003010749817,0
2913,0,0.18118003010749817,0
2914,0,0.18118003010749817,0
2915,0,0.18118003010749817,0
2916,0,0.18118003010749817,0
2917,0,0.18118003010749817,0
2918,0,0.18118003010749817,0
2919,0,0.18118003010749817,0
2920,0,0.18118003010749817,0
2921,0,0.18118003010749817,0
2922,0,0.18118003010749817,0
2923,0,0.18118003010749817,0
2924,0,0.18118003010749817,0
2925,0,0.18118003010749817,0
2926,0,0.18118003010749817,0
2927,0,0.18118003010749817,0
2928,0,0.18118003010749817,0
2929,0,0.18118003010749817,0
2930,0,0.18118003010749817,0
2931,0,0.18118003010749817,0
2932,0,0.18118003010749817,0
2933,0,0.18118003010749817,0
2934,0,0.18118003010749817,0
2935,0,0.18118003010749817,0
2936,0,0.18118003010749817,0
2937,0,0.18118003010749817,0
2938,0,0.36629512906074524,1
2939,0,0.1656993329524994,1
2940,0,0.41370558738708496,1
2941,0,0.41370558738708496,0
2942,0,0.41370558738708496,0
2943,0,0.41370558738708496,0
2944,0,0.41370558738708496,0
2945,0,0.41370558738708496,0
2946,0,0.41370558738708496,0
2947,0,0.41370558738708496,0
2948,0,0.41370558738708496,0
2949,0,0.41370558738708496,0
2950,0,0.41370558738708496,0
2951,0,0.41370558738708496,0
2952,0,0.41370558738708496,0
2953,0,0.41370558738708496,0
2954,0,0.41370558738708496,0
2955,0,0.41370558738708496,0
2956,0,0.41370558738708496,0
2957,0,0.41370558738708496,0
2958,0,0.41370558738708496,0
2959,0,0.41370558738708496,0
2960,0,0.41370558738708496,0
2961,0,0.41370558738708496,0
2962,0,0.41370558738708496,0
2963,0,0.41370558738708496,0
2964,0,0.41370558738708496,0
2965,0,0.41370558738708496,0
2966,0,0.41370558738708496,0
2967,0,0.41370558738708496,0
2968,0,0.3443825840950012,1
2969,0,0.1397695541381836,1
2970,0,0.1923450380563736,1
2971,0,0.1923450380563736,0
2972,0,0.1923450380563736,0
2973,0,0.1923450380563736,0
2974,0,0.1923450380563736,0
2975,0,0.1923450380563736,0
2976,0,0.1923450380563736,0
2977,0,0.1923450380563736,0
2978,0,0.1923450380563736,0
2979,0,0.1923450380563736,0
2980,0,0.1923450380563736,0
2981,0,0.1923450380563736,0
2982,0,0.1923450380563736,0
2983,0,0.1923450380563736,0
2984,0,0.1923450380563736,0
2985,0,0.1923450380563736,0
2986,0,0.1923450380563736,0
2987,0,0.1923450380563736,0
2988,0,0.1923450380563736,0
2989,0,0.1923450380563736,0
2990,0,0.1923450380563736,0
2991,0,0.1923450380563736,0
2992,0,0.1923450380563736,0
2993,0,0.1923450380563736,0
2994,0,0.1923450380563736,0
2995,0,0.1923450380563736,0
2996,0,0.1923450380563736,0
2997,0,0.1923450380563736,0
2998,0,0.3215332627296448,1
2999,0,0.15156160295009613,1
3000,0,0.8560373187065125,1
3001,0,0.8560373187065125,0
3002,0,0.8560373187065125,0
3003,0,0.8560373187065125,0
3004,0,0.8560373187065125,0
3005,0,0.8560373187065125,0
3006,0,0.8560373187065125,0
3007,0,0.8560373187065125,0
3008,0,0.8560373187065125,0
3009,0,0.8560373187065125,0
3010,0,0.8560373187065125,0
3011,0,0.8560373187065125,0
3012,0,0.8560373187065125,0
3013,0,0.8560373187065125,0
3014,0,0.8560373187065125,0
3015,0,0.8560373187065125,0
3016,0,0.8560373187065125,0
3017,0,0.8560373187065125,0
3018,0,0.8560373187065125,0
3019,0,0.8560373187065125,0
3020,0,0.8560373187065125,0
3021,0,0.8560373187065125,0
3022,0,0.8560373187065125,0
3023,0,0.8560373187065125,0
3024,0,0.8560373187065125,0
3025,0,0.8560373187065125,0
3026,0,0.8560373187065125,0
3027,0,0.8560373187065125,0
3028,0,0.31876346468925476,1
3029,0,0.14836609363555908,1
3030,0,0.18969064950942993,1
3031,0,0.18969064950942993,0
3032,0,0.18969064950942993,0
3033,0,0.18969064950942993,0
3034,0,0.18969064950942993,0
3035,0,0.18969064950942993,0
3036,0,0.18969064950942993,0
3037,0,0.18969064950942993,0
3038,0,0.18969064950942993,0
3039,0,0.18969064950942993,0
3040,0,0.18969064950942993,0
3041,0,0.18969064950942993,0
3042,0,0.18969064950942993,0
3043,0,0.18969064950942993,0
3044,0,0.18969064950942993,0
3045,0,0.18969064950942993,0
3046,0,0.18969064950942993,0
3047,0,0.18969064950942993,0
3048,0,0.18969064950942993,0
3049,0,0.18969064950942993,0
3050,0,0.18969064950942993,0
3051,0,0.18969064950942993,0
3052,0,0.18969064950942993,0
3053,0,0.18969064950942993,0
3054,0,0.18969064950942993,0
3055,0,0.18969064950942993,0
3056,0,0.18969064950942993,0
3057,0,0.18969064950942993,0
3058,0,0.31373971700668335,1
3059,0,0.146095871925354,1
3060,0,0.40997830033302307,1
3061,0,0.40997830033302307,0
3062,0,0.40997830033302307,0
3063,0,0.40997830033302307,0
3064,0,0.40997830033302307,0
3065,0,0.40997830033302307,0
3066,0,0.40997830033302307,0
3067,0,0.40997830033302307,0
3068,0,0.40997830033302307,0
3069,0,0.40997830033302307,0
3070,0,0.40997830033302307,0
3071,0,0.40997830033302307,0
3072,0,0.40997830033302307,0
3073,0,0.40997830033302307,0
3074,0,0.40997830033302307,0
3075,0,0.40997830033302307,0
3076,0,0.40997830033302307,0
3077,0,0.40997830033302307,0
3078,0,0.40997830033302307,0
3079,0,0.40997830033302307,0
3080,0,0.40997830033302307,0
3081,0,0.40997830033302307,0
3082,0,0.40997830033302307,0
3083,0,0.40997830033302307,0
3084,0,0.40997830033302307,0
3085,0,0.40997830033302307,0
3086,0,0.40997830033302307,0
3087,0,0.40997830033302307,0
3088,0,0.32672423124313354,1
3089,0,0.14317569136619568,1
3090,0,0.17364802956581116,1
3091,0,0.17364802956581116,0
3092,0,0.17364802956581116,0
3093,0,0.17364802956581116,0
3094,0,0.17364802956581116,0
3095,0,0.17364802956581116,0
3096,0,0.17364802956581116,0
3097,0,0.17364802956581116,0
3098,0,0.17364802956581116,0
3099,0,0.17364802956581116,0
3100,0,0.17364802956581116,0
3101,0,0.17364802956581116,0
3102,0,0.17364802956581116,0
3103,0,0.17364802956581116,0
3104,0,0.17364802956581116,0
3105,0,0.17364802956581116,0
3106,0,0.17364802956581116,0
3107,0,0.17364802956581116,0
3108,0,0.17364802956581116,0
3109,0,0.17364802956581116,0
3110,0,0.17364802956581116,0
3111,0,0.17364802956581116,0
3112,0,0.17364802956581116,0
3113,0,0.17364802956581116,0
3114,0,0.17364802956581116,0
3115,0,0.17364802956581116,0
3116,0,0.17364802956581116,0
3117,0,0.17364802956581116,0
3118,0,0.3406045138835907,1
3119,0,0.18948066234588623,1
3120,0,0.432974636554718,1
3121,0,0.432974636554718,0
3122,0,0.432974636554718,0
3123,0,0.432974636554718,0
3124,0,0.432974636554718,0
3125,0,0.432974636554718,0
3126,0,0.432974636554718,0
3127,0,0.432974636554718,0
3128,0,0.432974636554718,0
3129,0,0.432974636554718,0
3130,0,0.432974636554718,0
3131,0,0.432974636554718,0
3132,0,0.432974636554718,0
3133,0,0.432974636554718,0
3134,0,0.432974636554718,0
3135,0,0.432974636554718,0
3136,0,0.432974636554718,0
3137,0,0.432974636554718,0
3138,0,0.432974636554718,0
3139,0,0.432974636554718,0
3140,0,0.432974636554718,0
3141,0,0.432974636554718,0
3142,0,0.432974636554718,0
3143,0,0.432974636554718,0
3144,0,0.432974636554718,0
3145,0,0.432974636554718,0
3146,0,0.432974636554718,0
3147,0,0.432974636554718,0
3148,0,0.432974636554718,0
3149,0,0.432974636554718,0
3150,0,0.5131033658981323,1
3151,0,0.5131033658981323,0
3152,0,0.5131033658981323,0
3153,0,0.5131033658981323,0
3154,0,0.5131033658981323,0
3155,0,0.5131033658981323,0
3156,0,0.5131033658981323,0
3157,0,0.5131033658981323,0
3158,0,0.5131033658981323,0
3159,0,0.5131033658981323,0
3160,0,0.5131033658981323,0
3161,0,0.5131033658981323,0
3162,0,0.5131033658981323,0
3163,0,0.5131033658981323,0
3164,0,0.5131033658981323,0
3165,0,0.5131033658981323,0
3166,0,0.5131033658981323,0
3167,0,0.5131033658981323,0
3168,0,0.5131033658981323,0
3169,0,0.5131033658981323,0
3170,0,0.5131033658981323,0
3171,0,0.5131033658981323,0
3172,0,0.5131033658981323,0
3173,0,0.5131033658981323,0
3174,0,0.5131033658981323,0
3175,0,0.5131033658981323,0
3176,0,0.5131033658981323,0
3177,0,0.5131033658981323,0
3178,0,0.3620070517063141,1
3179,0,0.18686158955097198,1
3180,0,0.2584894895553589,1
3181,0,0.2584894895553589,0
3182,0,0.14136718213558197,1
3183,0,0.14136718213558197,0
3184,0,0.14136718213558197,0
3185,0,0.14136718213558197,0
3186,0,0.14136718213558197,0
3187,0,0.14136718213558197,0
3188,0,0.14136718213558197,0
3189,0,0.14136718213558197,0
3190,0,0.14136718213558197,0
3191,0,0.14136718213558197,0
3192,0,0.14136718213558197,0
3193,0,0.14136718213558197,0
3194,0,0.14136718213558197,0
3195,0,0.14136718213558197,0
3196,0,0.14136718213558197,0
3197,0,0.14136718213558197,0
3198,0,0.14136718213558197,0
3199,0,0.14136718213558197,0
3200,0,0.14136718213558197,0
3201,0,0.14136718213558197,0
3202,0,0.14136718213558197,0
3203,0,0.14136718213558197,0
3204,0,0.14136718213558197,0
3205,0,0.14136718213558197,0
3206,0,0.14136718213558197,0
3207,0,0.14136718213558197,0
3208,0,0.35010188817977905,1
3209,0,0.1714557707309723,1
3210,0,0.4313942492008209,1
3211,0,0.4313942492008209,0
3212,0,0.4313942492008209,0
3213,0,0.4313942492008209,0
3214,0,0.4313942492008209,0
3215,0,0.4313942492008209,0
3216,0,0.4313942492008209,0
3217,0,0.4313942492008209,0
3218,0,0.4313942492008209,0
3219,0,0.4313942492008209,0
3220,0,0.4313942492008209,0
3221,0,0.4313942492008209,0
3222,0,0.4313942492008209,0
3223,0,0.4313942492008209,0
3224,0,0.4313942492008209,0
3225,0,0.4313942492008209,0
3226,0,0.4313942492008209,0
3227,0,0.4313942492008209,0
3228,0,0.4313942492008209,0
3229,0,0.4313942492008209,0
3230,0,0.4313942492008209,0
3231,0,0.4313942492008209,0
3232,0,0.4313942492008209,0
3233,0,0.4313942492008209,0
3234,0,0.4313942492008209,0
3235,0,0.4313942492008209,0
3236,0,0.4313942492008209,0
3237,0,0.4313942492008209,0
3238,0,0.363992303609848,1
3239,0,0.2341126948595047,1
3240,0,0.20117056369781494,1
3241,0,0.20117056369781494,0
3242,0,0.19163042306900024,1
3243,0,0.19163042306900024,0
3244,0,0.19163042306900024,0
3245,0,0.18860578536987305,1
3246,0,0.18860578536987305,0
3247,0,0.18860578536987305,0
3248,0,0.18860578536987305,0
3249,0,0.18860578536987305,0
3250,0,0.8908936381340027,1
3251,0,0.8908936381340027,0
3252,0,0.8908936381340027,0
3253,0,0.8908936381340027,0
3254,0,0.8908936381340027,0
3255,0,0.8908936381340027,0
3256,0,0.8908936381340027,0
3257,0,0.8908936381340027,0
3258,0,0.8908936381340027,0
3259,0,0.8908936381340027,0
3260,0,0.8908936381340027,0
3261,0,0.8908936381340027,0
3262,0,0.8908936381340027,0
3263,0,0.8908936381340027,0
3264,0,0.8908936381340027,0
3265,0,0.8908936381340027,0
3266,0,0.8908936381340027,0
3267,0,0.8908936381340027,0
3268,0,0.43019628524780273,1
3269,0,0.31861934065818787,1
3270,0,0.4515371322631836,1
3271,0,0.4515371322631836,0
3272,0,0.4515371322631836,0
3273,0,0.4515371322631836,0
3274,0,0.4515371322631836,0
3275,0,0.4515371322631836,0
3276,0,0.4515371322631836,0
3277,0,0.4515371322631836,0
3278,0,0.4515371322631836,0
3279,0,0.4515371322631836,0
3280,0,0.4515371322631836,0
3281,0,0.4515371322631836,0
3282,0,0.4515371322631836,0
3283,0,0.4515371322631836,0
3284,0,0.4515371322631836,0
3285,0,0.4515371322631836,0
3286,0,0.4515371322631836,0
3287,0,0.4515371322631836,0
3288,0,0.4515371322631836,0
3289,0,0.4515371322631836,0
3290,0,0.4515371322631836,0
3291,0,0.4515371322631836,0
3292,0,0.4515371322631836,0
3293,0,0.4515371322631836,0
3294,0,0.4515371322631836,0
3295,0,0.4515371322631836,0
3296,0,0.4515371322631836,0
3297,0,0.4515371322631836,0
3298,0,0.40387994050979614,1
3299,0,0.2564637064933777,1
3300,0,0.21514751017093658,1
3301,0,0.21514751017093658,0
3302,0,0.21694093942642212,1
3303,0,0.21694093942642212,0
3304,0,0.21694093942642212,0
3305,0,0.19655479490756989,1
3306,0,0.19655479490756989,0
3307,0,0.19655479490756989,0
3308,0,0.19655479490756989,0
3309,0,0.19655479490756989,0
3310,0,0.19655479490756989,0
3311,0,0.19655479490756989,0
3312,0,0.19655479490756989,0
3313,0,0.19655479490756989,0
3314,0,0.19655479490756989,0
3315,0,0.19655479490756989,0
3316,0,0.19655479490756989,0
3317,0,0.19655479490756989,0
3318,0,0.19655479490756989,0
3319,0,0.19655479490756989,0
3320,0,0.19655479490756989,0
3321,0,0.19655479490756989,0
3322,0,0.19655479490756989,0
3323,0,0.19655479490756989,0
3324,0,0.19655479490756989,0
3325,0,0.19655479490756989,0
3326,0,0.19655479490756989,0
3327,0,0.19655479490756989,0
3328,0,0.361522376537323,1
3329,0,0.21382395923137665,1
3330,0,0.43903231620788574,1
3331,0,0.43903231620788574,0
3332,0,0.43903231620788574,0
3333,0,0.43903231620788574,0
3334,0,0.43903231620788574,0
3335,0,0.43903231620788574,0
3336,0,0.43903231620788574,0
3337,0,0.43903231620788574,0
3338,0,0.43903231620788574,0
3339,0,0.43903231620788574,0
3340,0,0.43903231620788574,0
3341,0,0.43903231620788574,0
3342,0,0.43903231620788574,0
3343,0,0.43903231620788574,0
3344,0,0.43903231620788574,0
3345,0,0.43903231620788574,0
3346,0,0.43903231620788574,0
3347,0,0.43903231620788574,0
3348,0,0.43903231620788574,0
3349,0,0.43903231620788574,0
3350,0,0.43903231620788574,0
3351,0,0.43903231620788574,0
3352,0,0.43903231620788574,0
3353,0,0.43903231620788574,0
3354,0,0.43903231620788574,0
3355,0,0.43903231620788574,0
3356,0,0.43903231620788574,0
3357,0,0.43903231620788574,0
3358,0,0.3430214524269104,1
3359,0,0.17070502042770386,1
3360,0,0.2045808732509613,1
3361,0,0.2045808732509613,0
3362,0,0.2045808732509613,0
3363,0,0.2045808732509613,0
3364,0,0.2045808732509613,0
3365,0,0.2045808732509613,0
3366,0,0.2045808732509613,0
3367,0,0.2045808732509613,0
3368,0,0.2045808732509613,0
3369,0,0.2045808732509613,0
3370,0,0.2045808732509613,0
3371,0,0.2045808732509613,0
3372,0,0.2045808732509613,0
3373,0,0.2045808732509613,0
3374,0,0.2045808732509613,0
3375,0,0.2045808732509613,0
3376,0,0.2045808732509613,0
3377,0,0.2045808732509613,0
3378,0,0.2045808732509613,0
3379,0,0.2045808732509613,0
3380,0,0.2045808732509613,0
3381,0,0.2045808732509613,0
3382,0,0.2045808732509613,0
3383,0,0.2045808732509613,0
3384,0,0.2045808732509613,0
3385,0,0.2045808732509613,0
3386,0,0.2045808732509613,0
3387,0,0.2045808732509613,0
3388,0,0.3158174455165863,1
3389,0,0.3158174455165863,0
3390,0,0.43266814947128296,1
3391,0,0.43266814947128296,0
3392,0,0.43266814947128296,0
3393,0,0.43266814947128296,0
3394,0,0.43266814947128296,0
3395,0,0.43266814947128296,0
3396,0,0.43266814947128296,0
3397,0,0.43266814947128296,0
3398,0,0.43266814947128296,0
3399,0,0.43266814947128296,0
3400,0,0.43266814947128296,0
3401,0,0.43266814947128296,0
3402,0,0.43266814947128296,0
3403,0,0.43266814947128296,0
3404,0,0.43266814947128296,0
3405,0,0.43266814947128296,0
3406,0,0.43266814947128296,0
3407,0,0.43266814947128296,0
3408,0,0.43266814947128296,0
3409,0,0.43266814947128296,0
3410,0,0.43266814947128296,0
3411,0,0.43266814947128296,0
3412,0,0.43266814947128296,0
3413,0,0.43266814947128296,0
3414,0,0.43266814947128296,0
3415,0,0.43266814947128296,0
3416,0,0.43266814947128296,0
3417,0,0.43266814947128296,0
3418,0,0.3358628451824188,1
3419,0,0.1595766842365265,1
3420,0,0.208817258477211,1
3421,0,0.208817258477211,0
3422,0,0.208817258477211,0
3423,0,0.208817258477211,0
3424,0,0.208817258477211,0
3425,0,0.208817258477211,0
3426,0,0.208817258477211,0
3427,0,0.208817258477211,0
3428,0,0.208817258477211,0
3429,0,0.208817258477211,0
3430,0,0.208817258477211,0
3431,0,0.208817258477211,0
3432,0,0.208817258477211,0
3433,0,0.208817258477211,0
3434,0,0.208817258477211,0
3435,0,0.208817258477211,0
3436,0,0.208817258477211,0
3437,0,0.208817258477211,0
3438,0,0.208817258477211,0
3439,0,0.208817258477211,0
3440,0,0.208817258477211,0
3441,0,0.208817258477211,0
3442,0,0.208817258477211,0
3443,0,0.208817258477211,0
3444,0,0.208817258477211,0
3445,0,0.208817258477211,0
3446,0,0.208817258477211,0
3447,0,0.208817258477211,0
3448,0,0.31843453645706177,1
3449,0,0.14049343764781952,1
3450,0,0.43690231442451477,1
3451,0,0.43690231442451477,0
3452,0,0.43690231442451477,0
3453,0,0.43690231442451477,0
3454,0,0.43690231442451477,0
3455,0,0.43690231442451477,0
3456,0,0.43690231442451477,0
3457,0,0.43690231442451477,0
3458,0,0.43690231442451477,0
3459,0,0.43690231442451477,0
3460,0,0.43690231442451477,0
3461,0,0.43690231442451477,0
3462,0,0.43690231442451477,0
3463,0,0.43690231442451477,0
3464,0,0.43690231442451477,0
3465,0,0.43690231442451477,0
3466,0,0.43690231442451477,0
3467,0,0.43690231442451477,0
3468,0,0.43690231442451477,0
3469,0,0.43690231442451477,0
3470,0,0.43690231442451477,0
3471,0,0.43690231442451477,0
3472,0,0.43690231442451477,0
3473,0,0.43690231442451477,0
3474,0,0.43690231442451477,0
3475,0,0.43690231442451477,0
3476,0,0.43690231442451477,0
3477,0,0.43690231442451477,0
3478,0,0.36417680978775024,1
3479,0,0.21483993530273438,1
3480,0,0.20324595272541046,1
3481,0,0.20324595272541046,0
3482,0,0.20324595272541046,0
3483,0,0.20324595272541046,0
3484,0,0.20324595272541046,0
3485,0,0.20324595272541046,0
3486,0,0.20324595272541046,0
3487,0,0.20324595272541046,0
3488,0,0.20324595272541046,0
3489,0,0.20324595272541046,0
3490,0,0.20324595272541046,0
3491,0,0.20324595272541046,0
3492,0,0.20324595272541046,0
3493,0,0.20324595272541046,0
3494,0,0.20324595272541046,0
3495,0,0.20324595272541046,0
3496,0,0.20324595272541046,0
3497,0,0.20324595272541046,0
3498,0,0.20324595272541046,0
3499,0,0.20324595272541046,0
3500,0,0.9000000357627869,1
3501,0,0.9000000357627869,0
3502,0,0.9000000357627869,0
3503,0,0.34996169805526733,1
3504,0,0.34996169805526733,0
3505,0,0.34996169805526733,0
3506,0,0.26762980222702026,1
3507,0,0.26762980222702026,0
3508,0,0.6788526177406311,1
3509,0,0.39045408368110657,1
3510,0,0.4506591260433197,1
3511,0,0.4506591260433197,0
3512,0,0.36263588070869446,1
3513,0,0.36263588070869446,0
3514,0,0.26560279726982117,1
3515,0,0.352908194065094,1
3516,0,0.352908194065094,0
3517,0,0.352908194065094,0
3518,0,0.2924404442310333,1
3519,0,0.2924404442310333,0
3520,0,0.2924404442310333,0
3521,0,0.31486397981643677,1
3522,0,0.31486397981643677,0
3523,0,0.31486397981643677,0
3524,0,0.31486397981643677,0
3525,0,0.31486397981643677,0
3526,0,0.31486397981643677,0
3527,0,0.31486397981643677,0
3528,0,0.31486397981643677,0
3529,0,0.31486397981643677,0
3530,0,0.31486397981643677,0
3531,0,0.31486397981643677,0
3532,0,0.31486397981643677,0
3533,0,0.31486397981643677,0
3534,0,0.31486397981643677,0
3535,0,0.31486397981643677,0
3536,0,0.31486397981643677,0
3537,0,0.31486397981643677,0
3538,0,0.42969638109207153,1
3539,0,0.2240222990512848,1
3540,0,0.18402692675590515,1
3541,0,0.18402692675590515,0
3542,0,0.18402692675590515,0
3543,0,0.18402692675590515,0
3544,0,0.18402692675590515,0
3545,0,0.18402692675590515,0
3546,0,0.18402692675590515,0
3547,0,0.18402692675590515,0
3548,0,0.18402692675590515,0
3549,0,0.18402692675590515,0
3550,0,0.18402692675590515,0
3551,0,0.18402692675590515,0
3552,0,0.18402692675590515,0
3553,0,0.18402692675590515,0
3554,0,0.18402692675590515,0
3555,0,0.18402692675590515,0
3556,0,0.18402692675590515,0
3557,0,0.18402692675590515,0
3558,0,0.18402692675590515,0
3559,0,0.18402692675590515,0
3560,0,0.18402692675590515,0
3561,0,0.18402692675590515,0
3562,0,0.18402692675590515,0
3563,0,0.18402692675590515,0
3564,0,0.18402692675590515,0
3565,0,0.18402692675590515,0
3566,0,0.18402692675590515,0
3567,0,0.18402692675590515,0
3568,0,0.3077518939971924,1
3569,0,0.3077518939971924,0
3570,0,0.42994222044944763,1
3571,0,0.42994222044944763,0
3572,0,0.42994222044944763,0
3573,0,0.42994222044944763,0
3574,0,0.42994222044944763,0
3575,0,0.42994222044944763,0
3576,0,0.42994222044944763,0
3577,0,0.42994222044944763,0
3578,0,0.42994222044944763,0
3579,0,0.42994222044944763,0
3580,0,0.42994222044944763,0
3581,0,0.42994222044944763,0
3582,0,0.42994222044944763,0
3583,0,0.42994222044944763,0
3584,0,0.42994222044944763,0
3585,0,0.42994222044944763,0
3586,0,0.42994222044944763,0
3587,0,0.42994222044944763,0
3588,0,0.42994222044944763,0
3589,0,0.42994222044944763,0
3590,0,0.42994222044944763,0
3591,0,0.42994222044944763,0
3592,0,0.42994222044944763,0
3593,0,0.42994222044944763,0
3594,0,0.42994222044944763,0
3595,0,0.42994222044944763,0
3596,0,0.42994222044944763,0
3597,0,0.42994222044944763,0
3598,0,0.42994222044944763,0
3599,0,0.42994222044944763,0
3600,0,0.4842366874217987,1
3601,0,0.4842366874217987,0
3602,0,0.4842366874217987,0
3603,0,0.4842366874217987,0
3604,0,0.4842366874217987,0
3605,0,0.4842366874217987,0
3606,0,0.4842366874217987,0
3607,0,0.4842366874217987,0
3608,0,0.4842366874217987,0
3609,0,0.4842366874217987,0
3610,0,0.4842366874217987,0
3611,0,0.4842366874217987,0
3612,0,0.4842366874217987,0
3613,0,0.4842366874217987,0
3614,0,0.4842366874217987,0
3615,0,0.4842366874217987,0
3616,0,0.4842366874217987,0
3617,0,0.4842366874217987,0
3618,0,0.4842366874217987,0
3619,0,0.4842366874217987,0
3620,0,0.4842366874217987,0
3621,0,0.4842366874217987,0
3622,0,0.4842366874217987,0
3623,0,0.4842366874217987,0
3624,0,0.4842366874217987,0
3625,0,0.4842366874217987,0
3626,0,0.4842366874217987,0
3627,0,0.4842366874217987,0
3628,0,0.31421783566474915,1
3629,0,0.31421783566474915,0
3630,0,0.24747145175933838,1
3631,0,0.24747145175933838,0
3632,0,0.24747145175933838,0
3633,0,0.24747145175933838,0
3634,0,0.24747145175933838,0
3635,0,0.24747145175933838,0
3636,0,0.24747145175933838,0
3637,0,0.24747145175933838,0
3638,0,0.24747145175933838,0
3639,0,0.24747145175933838,0
3640,0,0.24747145175933838,0
3641,0,0.24747145175933838,0
3642,0,0.24747145175933838,0
3643,0,0.24747145175933838,0
3644,0,0.24747145175933838,0
3645,0,0.24747145175933838,0
3646,0,0.24747145175933838,0
3647,0,0.24747145175933838,0
3648,0,0.24747145175933838,0
3649,0,0.24747145175933838,0
3650,0,0.24747145175933838,0
3651,0,0.24747145175933838,0
3652,0,0.24747145175933838,0
3653,0,0.24747145175933838,0
3654,0,0.24747145175933838,0
3655,0,0.24747145175933838,0
3656,0,0.24747145175933838,0
3657,0,0.24747145175933838,0
3658,0,0.3411855399608612,1
3659,0,0.3411855399608612,0
3660,0,0.42081496119499207,1
3661,0,0.42081496119499207,0
3662,0,0.42081496119499207,0
3663,0,0.42081496119499207,0
3664,0,0.42081496119499207,0
3665,0,0.42081496119499207,0
3666,0,0.42081496119499207,0
3667,0,0.42081496119499207,0
3668,0,0.42081496119499207,0
3669,0,0.42081496119499207,0
3670,0,0.42081496119499207,0
3671,0,0.42081496119499207,0
3672,0,0.42081496119499207,0
3673,0,0.42081496119499207,0
3674,0,0.42081496119499207,0
3675,0,0.42081496119499207,0
3676,0,0.42081496119499207,0
3677,0,0.42081496119499207,0
3678,0,0.42081496119499207,0
3679,0,0.42081496119499207,0
3680,0,0.42081496119499207,0
3681,0,0.42081496119499207,0
3682,0,0.42081496119499207,0
3683,0,0.42081496119499207,0
3684,0,0.42081496119499207,0
3685,0,0.42081496119499207,0
3686,0,0.42081496119499207,0
3687,0,0.42081496119499207,0
3688,0,0.353203684091568,1
3689,0,0.353203684091568,0
3690,0,0.19248928129673004,1
3691,0,0.19248928129673004,0
3692,0,0.19248928129673004,0
3693,0,0.19248928129673004,0
3694,0,0.19248928129673004,0
3695,0,0.19248928129673004,0
3696,0,0.19248928129673004,0
3697,0,0.19248928129673004,0
3698,0,0.19248928129673004,0
3699,0,0.19248928129673004,0
3700,0,0.19248928129673004,0
3701,0,0.19248928129673004,0
3702,0,0.19248928129673004,0
3703,0,0.19248928129673004,0
3704,0,0.19248928129673004,0
3705,0,0.19248928129673004,0
3706,0,0.19248928129673004,0
3707,0,0.19248928129673004,0
3708,0,0.19248928129673004,0
3709,0,0.19248928129673004,0
3710,0,0.19248928129673004,0
3711,0,0.19248928129673004,0
3712,0,0.19248928129673004,0
3713,0,0.19248928129673004,0
3714,0,0.19248928129673004,0
3715,0,0.19248928129673004,0
3716,0,0.19248928129673004,0
3717,0,0.19248928129673004,0
3718,0,0.32267290353775024,1
3719,0,0.32267290353775024,0
3720,0,0.4220340847969055,1
3721,0,0.4220340847969055,0
3722,0,0.4220340847969055,0
3723,0,0.4220340847969055,0
3724,0,0.4220340847969055,0
3725,0,0.4220340847969055,0
3726,0,0.4220340847969055,0
3727,0,0.4220340847969055,0
3728,0,0.4220340847969055,0
3729,0,0.4220340847969055,0
3730,0,0.4220340847969055,0
3731,0,0.4220340847969055,0
3732,0,0.4220340847969055,0
3733,0,0.4220340847969055,0
3734,0,0.4220340847969055,0
3735,0,0.4220340847969055,0
3736,0,0.4220340847969055,0
3737,0,0.4220340847969055,0
3738,0,0.4220340847969055,0
3739,0,0.4220340847969055,0
3740,0,0.4220340847969055,0
3741,0,0.4220340847969055,0
3742,0,0.4220340847969055,0
3743,0,0.4220340847969055,0
3744,0,0.4220340847969055,0
3745,0,0.4220340847969055,0
3746,0,0.4220340847969055,0
3747,0,0.4220340847969055,0
3748,0,0.31394699215888977,1
3749,0,0.31394699215888977,0
3750,0,0.8746609091758728,1
3751,0,0.8746609091758728,0
3752,0,0.8746609091758728,0
3753,0,0.8746609091758728,0
3754,0,0.8746609091758728,0
3755,0,0.8746609091758728,0
3756,0,0.8746609091758728,0
3757,0,0.8746609091758728,0
3758,0,0.8746609091758728,0
3759,0,0.8746609091758728,0
3760,0,0.8746609091758728,0
3761,0,0.8746609091758728,0
3762,0,0.8746609091758728,0
3763,0,0.8746609091758728,0
3764,0,0.8746609091758728,0
3765,0,0.8746609091758728,0
3766,0,0.8746609091758728,0
3767,0,0.8746609091758728,0
3768,0,0.8746609091758728,0
3769,0,0.8746609091758728,0
3770,0,0.8746609091758728,0
3771,0,0.8746609091758728,0
3772,0,0.8746609091758728,0
3773,0,0.8746609091758728,0
3774,0,0.8746609091758728,0
3775,0,0.8746609091758728,0
3776,0,0.8746609091758728,0
3777,0,0.8746609091758728,0
3778,0,0.3080163598060608,1
3779,0,0.15940320491790771,1
3780,0,0.4227116107940674,1
3781,0,0.4227116107940674,0
3782,0,0.4227116107940674,0
3783,0,0.4227116107940674,0
3784,0,0.4227116107940674,0
3785,0,0.4227116107940674,0
3786,0,0.4227116107940674,0
3787,0,0.4227116107940674,0
3788,0,0.4227116107940674,0
3789,0,0.4227116107940674,0
3790,0,0.4227116107940674,0
3791,0,0.4227116107940674,0
3792,0,0.4227116107940674,0
3793,0,0.4227116107940674,0
3794,0,0.4227116107940674,0
3795,0,0.4227116107940674,0
3796,0,0.4227116107940674,0
3797,0,0.4227116107940674,0
3798,0,0.4227116107940674,0
3799,0,0.4227116107940674,0
3800,0,0.4227116107940674,0
3801,0,0.4227116107940674,0
3802,0,0.4227116107940674,0
3803,0,0.4227116107940674,0
3804,0,0.4227116107940674,0
3805,0,0.4227116107940674,0
3806,0,0.4227116107940674,0
3807,0,0.4227116107940674,0
3808,0,0.35478606820106506,1
3809,0,0.2290162444114685,1
3810,0,0.18637588620185852,1
3811,0,0.20037856698036194,1
3812,0,0.20037856698036194,0
3813,0,0.20037856698036194,0
3814,0,0.20037856698036194,0
3815,0,0.20037856698036194,0
3816,0,0.20037856698036194,0
3817,0,0.20037856698036194,0
3818,0,0.20037856698036194,0
3819,0,0.20037856698036194,0
3820,0,0.20037856698036194,0
3821,0,0.20037856698036194,0
3822,0,0.20037856698036194,0
3823,0,0.20037856698036194,0
3824,0,0.20037856698036194,0
3825,0,0.20037856698036194,0
3826,0,0.20037856698036194,0
3827,0,0.20037856698036194,0
3828,0,0.20037856698036194,0
3829,0,0.20037856698036194,0
3830,0,0.20037856698036194,0
3831,0,0.20037856698036194,0
3832,0,0.20037856698036194,0
3833,0,0.20037856698036194,0
3834,0,0.20037856698036194,0
3835,0,0.20037856698036194,0
3836,0,0.20037856698036194,0
3837,0,0.20037856698036194,0
3838,0,0.3342488408088684,1
3839,0,0.3342488408088684,0
3840,0,0.4258011281490326,1
3841,0,0.4258011281490326,0
3842,0,0.4258011281490326,0
3843,0,0.4258011281490326,0
3844,0,0.4258011281490326,0
3845,0,0.4258011281490326,0
3846,0,0.4258011281490326,0
3847,0,0.4258011281490326,0
3848,0,0.4258011281490326,0
3849,0,0.4258011281490326,0
3850,0,0.4258011281490326,0
3851,0,0.4258011281490326,0
3852,0,0.4258011281490326,0
3853,0,0.4258011281490326,0
3854,0,0.4258011281490326,0
3855,0,0.4258011281490326,0
3856,0,0.4258011281490326,0
3857,0,0.4258011281490326,0
3858,0,0.4258011281490326,0
3859,0,0.4258011281490326,0
3860,0,0.4258011281490326,0
3861,0,0.4258011281490326,0
3862,0,0.4258011281490326,0
3863,0,0.4258011281490326,0
3864,0,0.4258011281490326,0
3865,0,0.4258011281490326,0
3866,0,0.4258011281490326,0
3867,0,0.4258011281490326,0
3868,0,0.3472350239753723,1
3869,0,0.1679668128490448,1
3870,0,0.18905682861804962,1
3871,0,0.18905682861804962,0
3872,0,0.18905682861804962,0
3873,0,0.18905682861804962,0
3874,0,0.18905682861804962,0
3875,0,0.18905682861804962,0
3876,0,0.18905682861804962,0
3877,0,0.18905682861804962,0
3878,0,0.18905682861804962,0
3879,0,0.18905682861804962,0
3880,0,0.18905682861804962,0
3881,0,0.18905682861804962,0
3882,0,0.18905682861804962,0
3883,0,0.18905682861804962,0
3884,0,0.18905682861804962,0
3885,0,0.18905682861804962,0
3886,0,0.18905682861804962,0
3887,0,0.18905682861804962,0
3888,0,0.18905682861804962,0
3889,0,0.18905682861804962,0
3890,0,0.18905682861804962,0
3891,0,0.18905682861804962,0
3892,0,0.18905682861804962,0
3893,0,0.18905682861804962,0
3894,0,0.18905682861804962,0
3895,0,0.18905682861804962,0
3896,0,0.18905682861804962,0
3897,0,0.18905682861804962,0
3898,0,0.3332943618297577,1
3899,0,0.17813244462013245,1
3900,0,0.4269140362739563,1
3901,0,0.4269140362739563,0
3902,0,0.4269140362739563,0
3903,0,0.4269140362739563,0
3904,0,0.4269140362739563,0
3905,0,0.4269140362739563,0
3906,0,0.4269140362739563,0
3907,0,0.4269140362739563,0
3908,0,0.4269140362739563,0
3909,0,0.4269140362739563,0
3910,0,0.4269140362739563,0
3911,0,0.4269140362739563,0
3912,0,0.4269140362739563,0
3913,0,0.4269140362739563,0
3914,0,0.4269140362739563,0
3915,0,0.4269140362739563,0
3916,0,0.4269140362739563,0
3917,0,0.4269140362739563,0
3918,0,0.4269140362739563,0
3919,0,0.4269140362739563,0
3920,0,0.4269140362739563,0
3921,0,0.4269140362739563,0
3922,0,0.4269140362739563,0
3923,0,0.4269140362739563,0
3924,0,0.4269140362739563,0
3925,0,0.4269140362739563,0
3926,0,0.4269140362739563,0
3927,0,0.4269140362739563,0
3928,0,0.3238147795200348,1
3929,0,0.18092596530914307,1
3930,0,0.1945803463459015,1
3931,0,0.16395065188407898,1
3932,0,0.16395065188407898,0
3933,0,0.16395065188407898,0
3934,0,0.16395065188407898,0
3935,0,0.16395065188407898,0
3936,0,0.16395065188407898,0
3937,0,0.16395065188407898,0
3938,0,0.16395065188407898,0
3939,0,0.16395065188407898,0
3940,0,0.16395065188407898,0
3941,0,0.16395065188407898,0
3942,0,0.16395065188407898,0
3943,0,0.16395065188407898,0
3944,0,0.16395065188407898,0
3945,0,0.16395065188407898,0
3946,0,0.16395065188407898,0
3947,0,0.16395065188407898,0
3948,0,0.16395065188407898,0
3949,0,0.16395065188407898,0
3950,0,0.16395065188407898,0
3951,0,0.16395065188407898,0
3952,0,0.16395065188407898,0
3953,0,0.16395065188407898,0
3954,0,0.16395065188407898,0
3955,0,0.16395065188407898,0
3956,0,0.16395065188407898,0
3957,0,0.16395065188407898,0
3958,0,0.3383505940437317,1
3959,0,0.3383505940437317,0
3960,0,0.4235159754753113,1
3961,0,0.4235159754753113,0
3962,0,0.4235159754753113,0
3963,0,0.4235159754753113,0
3964,0,0.4235159754753113,0
3965,0,0.4235159754753113,0
3966,0,0.4235159754753113,0
3967,0,0.4235159754753113,0
3968,0,0.4235159754753113,0
3969,0,0.4235159754753113,0
3970,0,0.4235159754753113,0
3971,0,0.4235159754753113,0
3972,0,0.4235159754753113,0
3973,0,0.4235159754753113,0
3974,0,0.4235159754753113,0
3975,0,0.4235159754753113,0
3976,0,0.4235159754753113,0
3977,0,0.4235159754753113,0
3978,0,0.4235159754753113,0
3979,0,0.4235159754753113,0
3980,0,0.4235159754753113,0
3981,0,0.4235159754753113,0
3982,0,0.4235159754753113,0
3983,0,0.4235159754753113,0
3984,0,0.4235159754753113,0
3985,0,0.4235159754753113,0
3986,0,0.4235159754753113,0
3987,0,0.4235159754753113,0
3988,0,0.3432914912700653,1
3989,0,0.17140644788742065,1
3990,0,0.18813036382198334,1
3991,0,0.15613307058811188,1
3992,0,0.15613307058811188,0
3993,0,0.15613307058811188,0
3994,0,0.15613307058811188,0
3995,0,0.15613307058811188,0
3996,0,0.15613307058811188,0
3997,0,0.15613307058811188,0
3998,0,0.15613307058811188,0
3999,0,0.15613307058811188,0
4000,0,0.881533145904541,1
4001,0,0.881533145904541,0
4002,0,0.881533145904541,0
4003,0,0.881533145904541,0
4004,0,0.881533145904541,0
4005,0,0.881533145904541,0
4006,0,0.881533145904541,0
4007,0,0.881533145904541,0
4008,0,0.881533145904541,0
4009,0,0.881533145904541,0
4010,0,0.881533145904541,0
4011,0,0.881533145904541,0
4012,0,0.881533145904541,0
4013,0,0.881533145904541,0
4014,0,0.881533145904541,0
4015,0,0.881533145904541,0
4016,0,0.881533145904541,0
4017,0,0.881533145904541,0
4018,0,0.3281444311141968,1
4019,0,0.3281444311141968,0
4020,0,0.42832499742507935,1
4021,0,0.42832499742507935,0
4022,0,0.42832499742507935,0
4023,0,0.42832499742507935,0
4024,0,0.42832499742507935,0
4025,0,0.42832499742507935,0
4026,0,0.42832499742507935,0
4027,0,0.42832499742507935,0
4028,0,0.42832499742507935,0
4029,0,0.42832499742507935,0
4030,0,0.42832499742507935,0
4031,0,0.42832499742507935,0
4032,0,0.42832499742507935,0
4033,0,0.42832499742507935,0
4034,0,0.42832499742507935,0
4035,0,0.42832499742507935,0
4036,0,0.42832499742507935,0
4037,0,0.42832499742507935,0
4038,0,0.42832499742507935,0
4039,0,0.42832499742507935,0
4040,0,0.42832499742507935,0
4041,0,0.42832499742507935,0
4042,0,0.42832499742507935,0
4043,0,0.42832499742507935,0
4044,0,0.42832499742507935,0
4045,0,0.42832499742507935,0
4046,0,0.42832499742507935,0
4047,0,0.42832499742507935,0
4048,0,0.42832499742507935,0
4049,0,0.42832499742507935,0
4050,0,0.4902666509151459,1
4051,0,0.4902666509151459,0
4052,0,0.4902666509151459,0
4053,0,0.4902666509151459,0
4054,0,0.4902666509151459,0
4055,0,0.4902666509151459,0
4056,0,0.4902666509151459,0
4057,0,0.4902666509151459,0
4058,0,0.4902666509151459,0
4059,0,0.4902666509151459,0
4060,0,0.4902666509151459,0
4061,0,0.4902666509151459,0
4062,0,0.4902666509151459,0
4063,0,0.4902666509151459,0
4064,0,0.4902666509151459,0
4065,0,0.4902666509151459,0
4066,0,0.4902666509151459,0
4067,0,0.4902666509151459,0
4068,0,0.4902666509151459,0
4069,0,0.4902666509151459,0
4070,0,0.4902666509151459,0
4071,0,0.4902666509151459,0
4072,0,0.4902666509151459,0
4073,0,0.4902666509151459,0
4074,0,0.4902666509151459,0
4075,0,0.4902666509151459,0
4076,0,0.4902666509151459,0
4077,0,0.4902666509151459,0
4078,0,0.32646965980529785,1
4079,0,0.14525815844535828,1
4080,0,0.24435824155807495,1
4081,0,0.24435824155807495,0
4082,0,0.24435824155807495,0
4083,0,0.24435824155807495,0
4084,0,0.24435824155807495,0
4085,0,0.24435824155807495,0
4086,0,0.24435824155807495,0
4087,0,0.24435824155807495,0
4088,0,0.24435824155807495,0
4089,0,0.24435824155807495,0
4090,0,0.24435824155807495,0
4091,0,0.24435824155807495,0
4092,0,0.24435824155807495,0
4093,0,0.24435824155807495,0
4094,0,0.24435824155807495,0
4095,0,0.24435824155807495,0
4096,0,0.24435824155807495,0
4097,0,0.24435824155807495,0
4098,0,0.24435824155807495,0
4099,0,0.24435824155807495,0
4100,0,0.24435824155807495,0
4101,0,0.24435824155807495,0
4102,0,0.24435824155807495,0
4103,0,0.24435824155807495,0
4104,0,0.24435824155807495,0
4105,0,0.24435824155807495,0
4106,0,0.24435824155807495,0
4107,0,0.24435824155807495,0
4108,0,0.3486751914024353,1
4109,0,0.16999199986457825,1
4110,0,0.42576247453689575,1
4111,0,0.42576247453689575,0
4112,0,0.42576247453689575,0
4113,0,0.42576247453689575,0
4114,0,0.42576247453689575,0
4115,0,0.42576247453689575,0
4116,0,0.42576247453689575,0
4117,0,0.42576247453689575,0
4118,0,0.42576247453689575,0
4119,0,0.42576247453689575,0
4120,0,0.42576247453689575,0
4121,0,0.42576247453689575,0
4122,0,0.42576247453689575,0
4123,0,0.42576247453689575,0
4124,0,0.42576247453689575,0
4125,0,0.42576247453689575,0
4126,0,0.42576247453689575,0
4127,0,0.42576247453689575,0
4128,0,0.42576247453689575,0
4129,0,0.42576247453689575,0
4130,0,0.42576247453689575,0
4131,0,0.42576247453689575,0
4132,0,0.42576247453689575,0
4133,0,0.42576247453689575,0
4134,0,0.42576247453689575,0
4135,0,0.42576247453689575,0
4136,0,0.42576247453689575,0
4137,0,0.42576247453689575,0
4138,0,0.3663782775402069,1
4139,0,0.19045978784561157,1
4140,0,0.18885475397109985,1
4141,0,0.17251679301261902,1
4142,0,0.17251679301261902,0
4143,0,0.17251679301261902,0
4144,0,0.17251679301261902,0
4145,0,0.17251679301261902,0
4146,0,0.17251679301261902,0
4147,0,0.17251679301261902,0
4148,0,0.17251679301261902,0
4149,0,0.17251679301261902,0
4150,0,0.17251679301261902,0
4151,0,0.17251679301261902,0
4152,0,0.17251679301261902,0
4153,0,0.17251679301261902,0
4154,0,0.17251679301261902,0
4155,0,0.17251679301261902,0
4156,0,0.17251679301261902,0
4157,0,0.17251679301261902,0
4158,0,0.17251679301261902,0
4159,0,0.17251679301261902,0
4160,0,0.17251679301261902,0
4161,0,0.17251679301261902,0
4162,0,0.17251679301261902,0
4163,0,0.17251679301261902,0
4164,0,0.17251679301261902,0
4165,0,0.17251679301261902,0
4166,0,0.17251679301261902,0
4167,0,0.17251679301261902,0
4168,0,0.38400426506996155,1
4169,0,0.23591792583465576,1
4170,0,0.44218844175338745,1
4171,0,0.44218844175338745,0
4172,0,0.44218844175338745,0
4173,0,0.44218844175338745,0
4174,0,0.44218844175338745,0
4175,0,0.44218844175338745,0
4176,0,0.44218844175338745,0
4177,0,0.44218844175338745,0
4178,0,0.44218844175338745,0
4179,0,0.44218844175338745,0
4180,0,0.44218844175338745,0
4181,0,0.44218844175338745,0
4182,0,0.44218844175338745,0
4183,0,0.44218844175338745,0
4184,0,0.44218844175338745,0
4185,0,0.44218844175338745,0
4186,0,0.44218844175338745,0
4187,0,0.44218844175338745,0
4188,0,0.44218844175338745,0
4189,0,0.44218844175338745,0
4190,0,0.44218844175338745,0
4191,0,0.44218844175338745,0
4192,0,0.44218844175338745,0
4193,0,0.44218844175338745,0
4194,0,0.44218844175338745,0
4195,0,0.44218844175338745,0
4196,0,0.44218844175338745,0
4197,0,0.44218844175338745,0
4198,0,0.4230649173259735,1
4199,0,0.29208216071128845,1
4200,0,0.19631211459636688,1
4201,0,0.298911988735199,1
4202,0,0.298911988735199,0
4203,0,0.298911988735199,0
4204,0,0.298911988735199,0
4205,0,0.21732959151268005,1
4206,0,0.21732959151268005,0
4207,0,0.2207113355398178,1
4208,0,0.2207113355398178,0
4209,0,0.2207113355398178,0
4210,0,0.2207113355398178,0
4211,0,0.2207113355398178,0
4212,0,0.2207113355398178,0
4213,0,0.2207113355398178,0
4214,0,0.2207113355398178,0
4215,0,0.2207113355398178,0
4216,0,0.2207113355398178,0
4217,0,0.2207113355398178,0
4218,0,0.2207113355398178,0
4219,0,0.2207113355398178,0
4220,0,0.2207113355398178,0
4221,0,0.2207113355398178,0
4222,0,0.2207113355398178,0
4223,0,0.2207113355398178,0
4224,0,0.2207113355398178,0
4225,0,0.2207113355398178,0
4226,0,0.2207113355398178,0
4227,0,0.2207113355398178,0
4228,0,0.3874360918998718,1
4229,0,0.18710489571094513,1
4230,0,0.4363124966621399,1
4231,0,0.4363124966621399,0
4232,0,0.4363124966621399,0
4233,0,0.4363124966621399,0
4234,0,0.4363124966621399,0
4235,0,0.4363124966621399,0
4236,0,0.4363124966621399,0
4237,0,0.4363124966621399,0
4238,0,0.4363124966621399,0
4239,0,0.4363124966621399,0
4240,0,0.4363124966621399,0
4241,0,0.4363124966621399,0
4242,0,0.4363124966621399,0
4243,0,0.4363124966621399,0
4244,0,0.4363124966621399,0
4245,0,0.4363124966621399,0
4246,0,0.4363124966621399,0
4247,0,0.4363124966621399,0
4248,0,0.4363124966621399,0
4249,0,0.4363124966621399,0
4250,0,0.8937042355537415,1
4251,0,0.8937042355537415,0
4252,0,0.8937042355537415,0
4253,0,0.8937042355537415,0
4254,0,0.8937042355537415,0
4255,0,0.8937042355537415,0
4256,0,0.8937042355537415,0
4257,0,0.8937042355537415,0
4258,0,0.3960340619087219,1
4259,0,0.24717679619789124,1
4260,0,0.184404194355011,1
4261,0,0.24319514632225037,1
4262,0,0.24319514632225037,0
4263,0,0.24319514632225037,0
4264,0,0.24319514632225037,0
4265,0,0.24319514632225037,0
4266,0,0.24319514632225037,0
4267,0,0.24319514632225037,0
4268,0,0.24319514632225037,0
4269,0,0.24319514632225037,0
4270,0,0.24319514632225037,0
4271,0,0.24319514632225037,0
4272,0,0.24319514632225037,0
4273,0,0.24319514632225037,0
4274,0,0.24319514632225037,0
4275,0,0.24319514632225037,0
4276,0,0.24319514632225037,0
4277,0,0.24319514632225037,0
4278,0,0.24319514632225037,0
4279,0,0.24319514632225037,0
4280,0,0.24319514632225037,0
4281,0,0.24319514632225037,0
4282,0,0.24319514632225037,0
4283,0,0.24319514632225037,0
4284,0,0.24319514632225037,0
4285,0,0.24319514632225037,0
4286,0,0.24319514632225037,0
4287,0,0.24319514632225037,0
4288,0,0.3900866210460663,1
4289,0,0.23181822896003723,1
4290,0,0.44349193572998047,1
4291,0,0.44349193572998047,0
4292,0,0.44349193572998047,0
4293,0,0.44349193572998047,0
4294,0,0.44349193572998047,0
4295,0,0.44349193572998047,0
4296,0,0.44349193572998047,0
4297,0,0.44349193572998047,0
4298,0,0.44349193572998047,0
4299,0,0.44349193572998047,0
4300,0,0.44349193572998047,0
4301,0,0.44349193572998047,0
4302,0,0.44349193572998047,0
4303,0,0.44349193572998047,0
4304,0,0.44349193572998047,0
4305,0,0.44349193572998047,0
4306,0,0.44349193572998047,0
4307,0,0.44349193572998047,0
4308,0,0.44349193572998047,0
4309,0,0.44349193572998047,0
4310,0,0.44349193572998047,0
4311,0,0.44349193572998047,0
4312,0,0.44349193572998047,0
4313,0,0.44349193572998047,0
4314,0,0.44349193572998047,0
4315,0,0.44349193572998047,0
4316,0,0.44349193572998047,0
4317,0,0.44349193572998047,0
4318,0,0.40355727076530457,1
4319,0,0.20370163023471832,1
4320,0,0.18184098601341248,1
4321,0,0.2088508903980255,1
4322,0,0.2088508903980255,0
4323,0,0.2088508903980255,0
4324,0,0.2088508903980255,0
4325,0,0.2088508903980255,0
4326,0,0.2088508903980255,0
4327,0,0.2088508903980255,0
4328,0,0.2088508903980255,0
4329,0,0.2088508903980255,0
4330,0,0.2088508903980255,0
4331,0,0.2088508903980255,0
4332,0,0.2088508903980255,0
4333,0,0.2088508903980255,0
4334,0,0.2088508903980255,0
4335,0,0.2088508903980255,0
4336,0,0.2088508903980255,0
4337,0,0.2088508903980255,0
4338,0,0.2088508903980255,0
4339,0,0.2088508903980255,0
4340,0,0.2088508903980255,0
4341,0,0.2088508903980255,0
4342,0,0.2088508903980255,0
4343,0,0.2088508903980255,0
4344,0,0.2088508903980255,0
4345,0,0.2088508903980255,0
4346,0,0.2088508903980255,0
4347,0,0.2088508903980255,0
4348,0,0.3716912865638733,1
4349,0,0.20099763572216034,1
4350,0,0.43411263823509216,1
4351,0,0.43411263823509216,0
4352,0,0.43411263823509216,0
4353,0,0.43411263823509216,0
4354,0,0.43411263823509216,0
4355,0,0.43411263823509216,0
4356,0,0.43411263823509216,0
4357,0,0.43411263823509216,0
4358,0,0.43411263823509216,0
4359,0,0.43411263823509216,0
4360,0,0.43411263823509216,0
4361,0,0.43411263823509216,0
4362,0,0.43411263823509216,0
4363,0,0.43411263823509216,0
4364,0,0.43411263823509216,0
4365,0,0.43411263823509216,0
4366,0,0.43411263823509216,0
4367,0,0.43411263823509216,0
4368,0,0.43411263823509216,0
4369,0,0.43411263823509216,0
4370,0,0.43411263823509216,0
4371,0,0.43411263823509216,0
4372,0,0.43411263823509216,0
4373,0,0.43411263823509216,0
4374,0,0.43411263823509216,0
4375,0,0.43411263823509216,0
4376,0,0.43411263823509216,0
4377,0,0.43411263823509216,0
4378,0,0.3487817347049713,1
4379,0,0.1909332275390625,1
4380,0,0.18726103007793427,1
4381,0,0.18670830130577087,1
4382,0,0.18670830130577087,0
4383,0,0.18670830130577087,0
4384,0,0.18670830130577087,0
4385,0,0.18670830130577087,0
4386,0,0.18670830130577087,0
4387,0,0.18670830130577087,0
4388,0,0.18670830130577087,0
4389,0,0.18670830130577087,0
4390,0,0.18670830130577087,0
4391,0,0.18670830130577087,0
4392,0,0.18670830130577087,0
4393,0,0.18670830130577087,0
4394,0,0.18670830130577087,0
4395,0,0.18670830130577087,0
4396,0,0.18670830130577087,0
4397,0,0.18670830130577087,0
4398,0,0.18670830130577087,0
4399,0,0.18670830130577087,0
4400,0,0.18670830130577087,0
4401,0,0.18670830130577087,0
4402,0,0.18670830130577087,0
4403,0,0.18670830130577087,0
4404,0,0.18670830130577087,0
4405,0,0.18670830130577087,0
4406,0,0.18670830130577087,0
4407,0,0.18670830130577087,0
4408,0,0.35262757539749146,1
4409,0,0.18623502552509308,1
4410,0,0.4114605784416199,1
4411,0,0.4114605784416199,0
4412,0,0.4114605784416199,0
4413,0,0.4114605784416199,0
4414,0,0.4114605784416199,0
4415,0,0.4114605784416199,0
4416,0,0.4114605784416199,0
4417,0,0.4114605784416199,0
4418,0,0.4114605784416199,0
4419,0,0.4114605784416199,0
4420,0,0.4114605784416199,0
4421,0,0.4114605784416199,0
4422,0,0.4114605784416199,0
4423,0,0.4114605784416199,0
4424,0,0.4114605784416199,0
4425,0,0.4114605784416199,0
4426,0,0.4114605784416199,0
4427,0,0.4114605784416199,0
4428,0,0.4114605784416199,0
4429,0,0.4114605784416199,0
4430,0,0.4114605784416199,0
4431,0,0.4114605784416199,0
4432,0,0.4114605784416199,0
4433,0,0.4114605784416199,0
4434,0,0.4114605784416199,0
4435,0,0.4114605784416199,0
4436,0,0.4114605784416199,0
4437,0,0.4114605784416199,0
4438,0,0.3381223678588867,1
4439,0,0.3381223678588867,0
4440,0,0.20028184354305267,1
4441,0,0.20028184354305267,0
4442,0,0.20028184354305267,0
4443,0,0.20028184354305267,0
4444,0,0.20028184354305267,0
4445,0,0.20028184354305267,0
4446,0,0.20028184354305267,0
4447,0,0.20028184354305267,0
4448,0,0.20028184354305267,0
4449,0,0.20028184354305267,0
4450,0,0.20028184354305267,0
4451,0,0.20028184354305267,0
4452,0,0.20028184354305267,0
4453,0,0.20028184354305267,0
4454,0,0.20028184354305267,0
4455,0,0.20028184354305267,0
4456,0,0.20028184354305267,0
4457,0,0.20028184354305267,0
4458,0,0.20028184354305267,0
4459,0,0.20028184354305267,0
4460,0,0.20028184354305267,0
4461,0,0.20028184354305267,0
4462,0,0.20028184354305267,0
4463,0,0.20028184354305267,0
4464,0,0.20028184354305267,0
4465,0,0.20028184354305267,0
4466,0,0.20028184354305267,0
4467,0,0.20028184354305267,0
4468,0,0.31004583835601807,1
4469,0,0.31004583835601807,0
4470,0,0.43493416905403137,1
4471,0,0.43493416905403137,0
4472,0,0.43493416905403137,0
4473,0,0.43493416905403137,0
4474,0,0.43493416905403137,0
4475,0,0.43493416905403137,0
4476,0,0.43493416905403137,0
4477,0,0.43493416905403137,0
4478,0,0.43493416905403137,0
4479,0,0.43493416905403137,0
4480,0,0.43493416905403137,0
4481,0,0.43493416905403137,0
4482,0,0.43493416905403137,0
4483,0,0.43493416905403137,0
4484,0,0.43493416905403137,0
4485,0,0.43493416905403137,0
4486,0,0.43493416905403137,0
4487,0,0.43493416905403137,0
4488,0,0.43493416905403137,0
4489,0,0.43493416905403137,0
4490,0,0.43493416905403137,0
4491,0,0.43493416905403137,0
4492,0,0.43493416905403137,0
4493,0,0.43493416905403137,0
4494,0,0.43493416905403137,0
4495,0,0.43493416905403137,0
4496,0,0.43493416905403137,0
4497,0,0.43493416905403137,0
4498,0,0.43493416905403137,0
4499,0,0.43493416905403137,0
4500,0,0.8754171133041382,1
4501,0,0.8754171133041382,0
4502,0,0.8754171133041382,0
4503,0,0.8754171133041382,0
4504,0,0.8754171133041382,0
4505,0,0.8754171133041382,0
4506,0,0.8754171133041382,0
4507,0,0.8754171133041382,0
4508,0,0.8754171133041382,0
4509,0,0.8754171133041382,0
4510,0,0.8754171133041382,0
4511,0,0.8754171133041382,0
4512,0,0.8754171133041382,0
4513,0,0.8754171133041382,0
4514,0,0.8754171133041382,0
4515,0,0.8754171133041382,0
4516,0,0.8754171133041382,0
4517,0,0.8754171133041382,0
4518,0,0.8754171133041382,0
4519,0,0.8754171133041382,0
4520,0,0.8754171133041382,0
4521,0,0.8754171133041382,0
4522,0,0.8754171133041382,0
4523,0,0.8754171133041382,0
4524,0,0.8754171133041382,0
4525,0,0.8754171133041382,0
4526,0,0.8754171133041382,0
4527,0,0.8754171133041382,0
4528,0,0.3273937404155731,1
4529,0,0.16206321120262146,1
4530,0,0.2459166944026947,1
4531,0,0.1425657868385315,1
4532,0,0.1425657868385315,0
4533,0,0.1425657868385315,0
4534,0,0.1425657868385315,0
4535,0,0.1425657868385315,0
4536,0,0.1425657868385315,0
4537,0,0.1425657868385315,0
4538,0,0.1425657868385315,0
4539,0,0.1425657868385315,0
4540,0,0.1425657868385315,0
4541,0,0.1425657868385315,0
4542,0,0.1425657868385315,0
4543,0,0.1425657868385315,0
4544,0,0.1425657868385315,0
4545,0,0.1425657868385315,0
4546,0,0.1425657868385315,0
4547,0,0.1425657868385315,0
4548,0,0.1425657868385315,0
4549,0,0.1425657868385315,0
4550,0,0.1425657868385315,0
4551,0,0.1425657868385315,0
4552,0,0.1425657868385315,0
4553,0,0.1425657868385315,0
4554,0,0.1425657868385315,0
4555,0,0.1425657868385315,0
4556,0,0.1425657868385315,0
4557,0,0.1425657868385315,0
4558,0,0.32984116673469543,1
4559,0,0.15948709845542908,1
4560,0,0.4226504862308502,1
4561,0,0.4226504862308502,0
4562,0,0.4226504862308502,0
4563,0,0.4226504862308502,0
4564,0,0.4226504862308502,0
4565,0,0.4226504862308502,0
4566,0,0.4226504862308502,0
4567,0,0.4226504862308502,0
4568,0,0.4226504862308502,0
4569,0,0.4226504862308502,0
4570,0,0.4226504862308502,0
4571,0,0.4226504862308502,0
4572,0,0.4226504862308502,0
4573,0,0.4226504862308502,0
4574,0,0.4226504862308502,0
4575,0,0.4226504862308502,0
4576,0,0.4226504862308502,0
4577,0,0.4226504862308502,0
4578,0,0.4226504862308502,0
4579,0,0.4226504862308502,0
4580,0,0.4226504862308502,0
4581,0,0.4226504862308502,0
4582,0,0.4226504862308502,0
4583,0,0.4226504862308502,0
4584,0,0.4226504862308502,0
4585,0,0.4226504862308502,0
4586,0,0.4226504862308502,0
4587,0,0.4226504862308502,0
4588,0,0.30622053146362305,1
4589,0,0.1504562795162201,1
4590,0,0.18732067942619324,1
4591,0,0.18732067942619324,0
4592,0,0.18732067942619324,0
4593,0,0.18732067942619324,0
4594,0,0.18732067942619324,0
4595,0,0.18732067942619324,0
4596,0,0.18732067942619324,0
4597,0,0.18732067942619324,0
4598,0,0.18732067942619324,0
4599,0,0.18732067942619324,0
4600,0,0.18732067942619324,0
4601,0,0.18732067942619324,0
4602,0,0.18732067942619324,0
4603,0,0.18732067942619324,0
4604,0,0.18732067942619324,0
4605,0,0.18732067942619324,0
4606,0,0.18732067942619324,0
4607,0,0.18732067942619324,0
4608,0,0.18732067942619324,0
4609,0,0.18732067942619324,0
4610,0,0.18732067942619324,0
4611,0,0.18732067942619324,0
4612,0,0.18732067942619324,0
4613,0,0.18732067942619324,0
4614,0,0.18732067942619324,0
4615,0,0.18732067942619324,0
4616,0,0.18732067942619324,0
4617,0,0.35477232933044434,1
4618,0,0.20801669359207153,1
4619,0,0.20801669359207153,0
4620,0,0.43270963430404663,1
4621,0,0.43270963430404663,0
4622,0,0.43270963430404663,0
4623,0,0.43270963430404663,0
4624,0,0.43270963430404663,0
4625,0,0.43270963430404663,0
4626,0,0.43270963430404663,0
4627,0,0.43270963430404663,0
4628,0,0.43270963430404663,0
4629,0,0.43270963430404663,0
4630,0,0.43270963430404663,0
4631,0,0.43270963430404663,0
4632,0,0.43270963430404663,0
4633,0,0.43270963430404663,0
4634,0,0.43270963430404663,0
4635,0,0.43270963430404663,0
4636,0,0.43270963430404663,0
4637,0,0.43270963430404663,0
4638,0,0.43270963430404663,0
4639,0,0.43270963430404663,0
4640,0,0.43270963430404663,0
4641,0,0.43270963430404663,0
4642,0,0.43270963430404663,0
4643,0,0.43270963430404663,0
4644,0,0.43270963430404663,0
4645,0,0.43270963430404663,0
4646,0,0.43270963430404663,0
4647,0,0.3415260910987854,1
4648,0,0.1612822413444519,1
4649,0,0.1612822413444519,0
4650,0,0.16200092434883118,1
4651,0,0.16200092434883118,0
4652,0,0.16200092434883118,0
4653,0,0.16200092434883118,0
4654,0,0.16200092434883118,0
4655,0,0.16200092434883118,0
4656,0,0.16200092434883118,0
4657,0,0.16200092434883118,0
4658,0,0.16200092434883118,0
4659,0,0.16200092434883118,0
4660,0,0.16200092434883118,0
4661,0,0.16200092434883118,0
4662,0,0.16200092434883118,0
4663,0,0.16200092434883118,0
4664,0,0.16200092434883118,0
4665,0,0.16200092434883118,0
4666,0,0.16200092434883118,0
4667,0,0.16200092434883118,0
4668,0,0.16200092434883118,0
4669,0,0.16200092434883118,0
4670,0,0.16200092434883118,0
4671,0,0.16200092434883118,0
4672,0,0.16200092434883118,0
4673,0,0.16200092434883118,0
4674,0,0.16200092434883118,0
4675,0,0.16200092434883118,0
4676,0,0.16200092434883118,0
4677,0,0.32706233859062195,1
4678,0,0.14896219968795776,1
4679,0,0.14896219968795776,0
4680,0,0.42166823148727417,1
4681,0,0.42166823148727417,0
4682,0,0.42166823148727417,0
4683,0,0.42166823148727417,0
4684,0,0.42166823148727417,0
4685,0,0.42166823148727417,0
4686,0,0.42166823148727417,0
4687,0,0.42166823148727417,0
4688,0,0.42166823148727417,0
4689,0,0.42166823148727417,0
4690,0,0.42166823148727417,0
4691,0,0.42166823148727417,0
4692,0,0.42166823148727417,0
4693,0,0.42166823148727417,0
4694,0,0.42166823148727417,0
4695,0,0.42166823148727417,0
4696,0,0.42166823148727417,0
4697,0,0.42166823148727417,0
4698,0,0.42166823148727417,0
4699,0,0.42166823148727417,0
4700,0,0.42166823148727417,0
4701,0,0.42166823148727417,0
4702,0,0.42166823148727417,0
4703,0,0.42166823148727417,0
4704,0,0.42166823148727417,0
4705,0,0.42166823148727417,0
4706,0,0.42166823148727417,0
4707,0,0.3155083656311035,1
4708,0,0.1343238651752472,1
4709,0,0.1343238651752472,0
4710,0,0.17328208684921265,1
4711,0,0.17328208684921265,0
4712,0,0.17328208684921265,0
4713,0,0.17328208684921265,0
4714,0,0.17328208684921265,0
4715,0,0.17328208684921265,0
4716,0,0.17328208684921265,0
4717,0,0.17328208684921265,0
4718,0,0.17328208684921265,0
4719,0,0.17328208684921265,0
4720,0,0.17328208684921265,0
4721,0,0.17328208684921265,0
4722,0,0.17328208684921265,0
4723,0,0.17328208684921265,0
4724,0,0.17328208684921265,0
4725,0,0.17328208684921265,0
4726,0,0.17328208684921265,0
4727,0,0.17328208684921265,0
4728,0,0.17328208684921265,0
4729,0,0.17328208684921265,0
4730,0,0.17328208684921265,0
4731,0,0.17328208684921265,0
4732,0,0.17328208684921265,0
4733,0,0.17328208684921265,0
4734,0,0.17328208684921265,0
4735,0,0.17328208684921265,0
4736,0,0.17328208684921265,0
4737,0,0.31961920857429504,1
4738,0,0.14815101027488708,1
4739,0,0.14815101027488708,0
4740,0,0.4195755124092102,1
4741,0,0.4195755124092102,0
4742,0,0.4195755124092102,0
4743,0,0.4195755124092102,0
4744,0,0.4195755124092102,0
4745,0,0.4195755124092102,0
4746,0,0.4195755124092102,0
4747,0,0.4195755124092102,0
4748,0,0.4195755124092102,0
4749,0,0.4195755124092102,0
4750,0,0.8791385889053345,1
4751,0,0.8791385889053345,0
4752,0,0.8791385889053345,0
4753,0,0.8791385889053345,0
4754,0,0.8791385889053345,0
4755,0,0.8791385889053345,0
4756,0,0.8791385889053345,0
4757,0,0.8791385889053345,0
4758,0,0.8791385889053345,0
4759,0,0.8791385889053345,0
4760,0,0.8791385889053345,0
4761,0,0.8791385889053345,0
4762,0,0.8791385889053345,0
4763,0,0.8791385889053345,0
4764,0,0.8791385889053345,0
4765,0,0.8791385889053345,0
4766,0,0.8791385889053345,0
4767,0,0.3096815049648285,1
4768,0,0.14046409726142883,1
4769,0,0.14046409726142883,0
4770,0,0.1716596782207489,1
4771,0,0.12865200638771057,1
4772,0,0.12865200638771057,0
4773,0,0.12865200638771057,0
4774,0,0.12865200638771057,0
4775,0,0.12865200638771057,0
4776,0,0.12865200638771057,0
4777,0,0.12865200638771057,0
4778,0,0.12865200638771057,0
4779,0,0.12865200638771057,0
4780,0,0.12865200638771057,0
4781,0,0.12865200638771057,0
4782,0,0.12865200638771057,0
4783,0,0.12865200638771057,0
4784,0,0.12865200638771057,0
4785,0,0.12865200638771057,0
4786,0,0.12865200638771057,0
4787,0,0.12865200638771057,0
4788,0,0.12865200638771057,0
4789,0,0.12865200638771057,0
4790,0,0.12865200638771057,0
4791,0,0.12865200638771057,0
4792,0,0.12865200638771057,0
4793,0,0.12865200638771057,0
4794,0,0.12865200638771057,0
4795,0,0.12865200638771057,0
4796,0,0.12865200638771057,0
4797,0,0.3172883689403534,1
4798,0,0.1409214437007904,1
4799,0,0.1409214437007904,0
4800,0,0.4183802604675293,1
4801,0,0.4183802604675293,0
4802,0,0.4183802604675293,0
4803,0,0.4183802604675293,0
4804,0,0.4183802604675293,0
4805,0,0.4183802604675293,0
4806,0,0.4183802604675293,0
4807,0,0.4183802604675293,0
4808,0,0.4183802604675293,0
4809,0,0.4183802604675293,0
4810,0,0.4183802604675293,0
4811,0,0.4183802604675293,0
4812,0,0.4183802604675293,0
4813,0,0.4183802604675293,0
4814,0,0.4183802604675293,0
4815,0,0.4183802604675293,0
4816,0,0.4183802604675293,0
4817,0,0.4183802604675293,0
4818,0,0.4183802604675293,0
4819,0,0.4183802604675293,0
4820,0,0.4183802604675293,0
4821,0,0.4183802604675293,0
4822,0,0.4183802604675293,0
4823,0,0.4183802604675293,0
4824,0,0.4183802604675293,0
4825,0,0.4183802604675293,0
4826,0,0.4183802604675293,0
4827,0,0.31962206959724426,1
4828,0,0.13901211321353912,1
4829,0,0.13901211321353912,0
4830,0,0.17127621173858643,1
4831,0,0.12746870517730713,1
4832,0,0.12746870517730713,0
4833,0,0.12746870517730713,0
4834,0,0.12746870517730713,0
4835,0,0.12746870517730713,0
4836,0,0.12746870517730713,0
4837,0,0.12746870517730713,0
4838,0,0.12746870517730713,0
4839,0,0.12746870517730713,0
4840,0,0.12746870517730713,0
4841,0,0.12746870517730713,0
4842,0,0.12746870517730713,0
4843,0,0.12746870517730713,0
4844,0,0.12746870517730713,0
4845,0,0.12746870517730713,0
4846,0,0.12746870517730713,0
4847,0,0.12746870517730713,0
4848,0,0.12746870517730713,0
4849,0,0.12746870517730713,0
4850,0,0.12746870517730713,0
4851,0,0.12746870517730713,0
4852,0,0.12746870517730713,0
4853,0,0.12746870517730713,0
4854,0,0.12746870517730713,0
4855,0,0.12746870517730713,0
4856,0,0.12746870517730713,0
4857,0,0.30304521322250366,1
4858,0,0.30304521322250366,0
4859,0,0.30304521322250366,0
4860,0,0.41916024684906006,1
4861,0,0.41916024684906006,0
4862,0,0.41916024684906006,0
4863,0,0.41916024684906006,0
4864,0,0.41916024684906006,0
4865,0,0.41916024684906006,0
4866,0,0.41916024684906006,0
4867,0,0.41916024684906006,0
4868,0,0.41916024684906006,0
4869,0,0.41916024684906006,0
4870,0,0.41916024684906006,0
4871,0,0.41916024684906006,0
4872,0,0.41916024684906006,0
4873,0,0.41916024684906006,0
4874,0,0.41916024684906006,0
4875,0,0.41916024684906006,0
4876,0,0.41916024684906006,0
4877,0,0.41916024684906006,0
4878,0,0.41916024684906006,0
4879,0,0.41916024684906006,0
4880,0,0.41916024684906006,0
4881,0,0.41916024684906006,0
4882,0,0.41916024684906006,0
4883,0,0.41916024684906006,0
4884,0,0.41916024684906006,0
4885,0,0.41916024684906006,0
4886,0,0.41916024684906006,0
4887,0,0.3175412118434906,1
4888,0,0.14366930723190308,1
4889,0,0.14366930723190308,0
4890,0,0.17336277663707733,1
4891,0,0.1294536292552948,1
4892,0,0.1294536292552948,0
4893,0,0.1294536292552948,0
4894,0,0.1294536292552948,0
4895,0,0.1294536292552948,0
4896,0,0.1294536292552948,0
4897,0,0.1294536292552948,0
4898,0,0.1294536292552948,0
4899,0,0.1294536292552948,0
4900,0,0.1294536292552948,0
4901,0,0.1294536292552948,0
4902,0,0.1294536292552948,0
4903,0,0.1294536292552948,0
4904,0,0.1294536292552948,0
4905,0,0.1294536292552948,0
4906,0,0.1294536292552948,0
4907,0,0.1294536292552948,0
4908,0,0.1294536292552948,0
4909,0,0.1294536292552948,0
4910,0,0.1294536292552948,0
4911,0,0.1294536292552948,0
4912,0,0.1294536292552948,0
4913,0,0.1294536292552948,0
4914,0,0.1294536292552948,0
4915,0,0.1294536292552948,0
4916,0,0.1294536292552948,0
4917,0,0.3131359815597534,1
4918,0,0.14823859930038452,1
4919,0,0.14823859930038452,0
4920,0,0.41311928629875183,1
4921,0,0.41311928629875183,0
4922,0,0.41311928629875183,0
4923,0,0.41311928629875183,0
4924,0,0.41311928629875183,0
4925,0,0.41311928629875183,0
4926,0,0.41311928629875183,0
4927,0,0.41311928629875183,0
4928,0,0.41311928629875183,0
4929,0,0.41311928629875183,0
4930,0,0.41311928629875183,0
4931,0,0.41311928629875183,0
4932,0,0.41311928629875183,0
4933,0,0.41311928629875183,0
4934,0,0.41311928629875183,0
4935,0,0.41311928629875183,0
4936,0,0.41311928629875183,0
4937,0,0.41311928629875183,0
4938,0,0.41311928629875183,0
4939,0,0.41311928629875183,0
4940,0,0.41311928629875183,0
4941,0,0.41311928629875183,0
4942,0,0.41311928629875183,0
4943,0,0.41311928629875183,0
4944,0,0.41311928629875183,0
4945,0,0.41311928629875183,0
4946,0,0.41311928629875183,0
4947,0,0.41311928629875183,0
4948,0,0.41311928629875183,0
4949,0,0.41311928629875183,0
4950,0,0.4839445948600769,1
4951,0,0.4839445948600769,0
4952,0,0.4839445948600769,0
4953,0,0.4839445948600769,0
4954,0,0.4839445948600769,0
4955,0,0.4839445948600769,0
4956,0,0.4839445948600769,0
4957,0,0.4839445948600769,0
4958,0,0.4839445948600769,0
4959,0,0.4839445948600769,0
4960,0,0.4839445948600769,0
4961,0,0.4839445948600769,0
4962,0,0.4839445948600769,0
4963,0,0.4839445948600769,0
4964,0,0.4839445948600769,0
4965,0,0.4839445948600769,0
4966,0,0.4839445948600769,0
4967,0,0.4839445948600769,0
4968,0,0.4839445948600769,0
4969,0,0.4839445948600769,0
4970,0,0.4839445948600769,0
4971,0,0.4839445948600769,0
4972,0,0.4839445948600769,0
4973,0,0.4839445948600769,0
4974,0,0.4839445948600769,0
4975,0,0.4839445948600769,0
4976,0,0.4839445948600769,0
4977,0,0.3295604884624481,1
4978,0,0.14010518789291382,1
4979,0,0.14010518789291382,0
4980,0,0.2319314032793045,1
4981,0,0.1264464557170868,1
4982,0,0.1264464557170868,0
4983,0,0.1264464557170868,0
4984,0,0.1264464557170868,0
4985,0,0.1264464557170868,0
4986,0,0.1264464557170868,0
4987,0,0.1264464557170868,0
4988,0,0.1264464557170868,0
4989,0,0.1264464557170868,0
4990,0,0.1264464557170868,0
4991,0,0.1264464557170868,0
4992,0,0.1264464557170868,0
4993,0,0.1264464557170868,0
4994,0,0.1264464557170868,0
4995,0,0.1264464557170868,0
4996,0,0.1264464557170868,0
4997,0,0.1264464557170868,0
4998,0,0.1264464557170868,0
4999,0,0.1264464557170868,0
5000,0,0.8784639835357666,1
5001,0,0.8784639835357666,0
5002,0,0.8784639835357666,0
5003,0,0.8784639835357666,0
5004,0,0.8784639835357666,0
5005,0,0.8784639835357666,0
5006,0,0.8784639835357666,0
5007,0,0.299950510263443,1
5008,0,0.299950510263443,0
5009,0,0.299950510263443,0
5010,0,0.41171228885650635,1
5011,0,0.41171228885650635,0
5012,0,0.41171228885650635,0
5013,0,0.41171228885650635,0
5014,0,0.41171228885650635,0
5015,0,0.41171228885650635,0
5016,0,0.41171228885650635,0
5017,0,0.41171228885650635,0
5018,0,0.41171228885650635,0
5019,0,0.41171228885650635,0
5020,0,0.41171228885650635,0
5021,0,0.41171228885650635,0
5022,0,0.41171228885650635,0
5023,0,0.41171228885650635,0
5024,0,0.41171228885650635,0
5025,0,0.41171228885650635,0
5026,0,0.41171228885650635,0
5027,0,0.41171228885650635,0
5028,0,0.41171228885650635,0
5029,0,0.41171228885650635,0
5030,0,0.41171228885650635,0
5031,0,0.41171228885650635,0
5032,0,0.41171228885650635,0
5033,0,0.41171228885650635,0
5034,0,0.41171228885650635,0
5035,0,0.41171228885650635,0
5036,0,0.41171228885650635,0
5037,0,0.3258439004421234,1
5038,0,0.3258439004421234,0
5039,0,0.3258439004421234,0
5040,0,0.17185859382152557,1
5041,0,0.17185859382152557,0
5042,0,0.17185859382152557,0
5043,0,0.17185859382152557,0
5044,0,0.17185859382152557,0
5045,0,0.17185859382152557,0
5046,0,0.17185859382152557,0
5047,0,0.17185859382152557,0
5048,0,0.17185859382152557,0
5049,0,0.17185859382152557,0
5050,0,0.17185859382152557,0
5051,0,0.17185859382152557,0
5052,0,0.17185859382152557,0
5053,0,0.17185859382152557,0
5054,0,0.17185859382152557,0
5055,0,0.17185859382152557,0
5056,0,0.17185859382152557,0
5057,0,0.17185859382152557,0
5058,0,0.17185859382152557,0
5059,0,0.17185859382152557,0
5060,0,0.17185859382152557,0
5061,0,0.17185859382152557,0
5062,0,0.17185859382152557,0
5063,0,0.17185859382152557,0
5064,0,0.17185859382152557,0
5065,0,0.17185859382152557,0
5066,0,0.17185859382152557,0
5067,0,0.32665738463401794,1
5068,0,0.32665738463401794,0
5069,0,0.32665738463401794,0
5070,0,0.4219481348991394,1
5071,0,0.4219481348991394,0
5072,0,0.4219481348991394,0
5073,0,0.4219481348991394,0
5074,0,0.4219481348991394,0
5075,0,0.4219481348991394,0
5076,0,0.4219481348991394,0
5077,0,0.4219481348991394,0
5078,0,0.4219481348991394,0
5079,0,0.4219481348991394,0
5080,0,0.4219481348991394,0
5081,0,0.4219481348991394,0
5082,0,0.4219481348991394,0
5083,0,0.4219481348991394,0
5084,0,0.4219481348991394,0
5085,0,0.4219481348991394,0
5086,0,0.4219481348991394,0
5087,0,0.4219481348991394,0
5088,0,0.4219481348991394,0
5089,0,0.4219481348991394,0
5090,0,0.4219481348991394,0
5091,0,0.4219481348991394,0
5092,0,0.4219481348991394,0
5093,0,0.4219481348991394,0
5094,0,0.4219481348991394,0
5095,0,0.4219481348991394,0
5096,0,0.4219481348991394,0
5097,0,0.3452962338924408,1
5098,0,0.16629089415073395,1
5099,0,0.16629089415073395,0
5100,0,0.17507442831993103,1
5101,0,0.17507442831993103,0
5102,0,0.17507442831993103,0
5103,0,0.17507442831993103,0
5104,0,0.17507442831993103,0
5105,0,0.17507442831993103,0
5106,0,0.17507442831993103,0
5107,0,0.17507442831993103,0
5108,0,0.17507442831993103,0
5109,0,0.17507442831993103,0
5110,0,0.17507442831993103,0
5111,0,0.17507442831993103,0
5112,0,0.17507442831993103,0
5113,0,0.17507442831993103,0
5114,0,0.17507442831993103,0
5115,0,0.17507442831993103,0
5116,0,0.17507442831993103,0
5117,0,0.17507442831993103,0
5118,0,0.17507442831993103,0
5119,0,0.17507442831993103,0
5120,0,0.17507442831993103,0
5121,0,0.17507442831993103,0
5122,0,0.17507442831993103,0
5123,0,0.17507442831993103,0
5124,0,0.17507442831993103,0
5125,0,0.17507442831993103,0
5126,0,0.17507442831993103,0
5127,0,0.32188844680786133,1
5128,0,0.32188844680786133,0
5129,0,0.32188844680786133,0
5130,0,0.4255736172199249,1
5131,0,0.4255736172199249,0
5132,0,0.4255736172199249,0
5133,0,0.4255736172199249,0
5134,0,0.4255736172199249,0
5135,0,0.4255736172199249,0
5136,0,0.4255736172199249,0
5137,0,0.4255736172199249,0
5138,0,0.4255736172199249,0
5139,0,0.4255736172199249,0
5140,0,0.4255736172199249,0
5141,0,0.4255736172199249,0
5142,0,0.4255736172199249,0
5143,0,0.4255736172199249,0
5144,0,0.4255736172199249,0
5145,0,0.4255736172199249,0
5146,0,0.4255736172199249,0
5147,0,0.4255736172199249,0
5148,0,0.4255736172199249,0
5149,0,0.4255736172199249,0
5150,0,0.4255736172199249,0
5151,0,0.4255736172199249,0
5152,0,0.4255736172199249,0
5153,0,0.4255736172199249,0
5154,0,0.4255736172199249,0
5155,0,0.4255736172199249,0
5156,0,0.4255736172199249,0
5157,0,0.37595459818840027,1
5158,0,0.2364518642425537,1
5159,0,0.2364518642425537,0
5160,0,0.2364518642425537,0
5161,0,0.2283542901277542,1
5162,0,0.2283542901277542,0
5163,0,0.2283542901277542,0
5164,0,0.2283542901277542,0
5165,0,0.2283542901277542,0
5166,0,0.2283542901277542,0
5167,0,0.2283542901277542,0
5168,0,0.2283542901277542,0
5169,0,0.2283542901277542,0
5170,0,0.2283542901277542,0
5171,0,0.2283542901277542,0
5172,0,0.2283542901277542,0
5173,0,0.2283542901277542,0
5174,0,0.2283542901277542,0
5175,0,0.21389815211296082,1
5176,0,0.21389815211296082,0
5177,0,0.21389815211296082,0
5178,0,0.21389815211296082,0
5179,0,0.21389815211296082,0
5180,0,0.21389815211296082,0
5181,0,0.21389815211296082,0
5182,0,0.21389815211296082,0
5183,0,0.21389815211296082,0
5184,0,0.21389815211296082,0
5185,0,0.21389815211296082,0
5186,0,0.21389815211296082,0
5187,0,0.4192136526107788,1
5188,0,0.32002031803131104,1
5189,0,0.32002031803131104,0
5190,0,0.44596198201179504,1
5191,0,0.44596198201179504,0
5192,0,0.44596198201179504,0
5193,0,0.44596198201179504,0
5194,0,0.44596198201179504,0
5195,0,0.44596198201179504,0
5196,0,0.44596198201179504,0
5197,0,0.44596198201179504,0
5198,0,0.44596198201179504,0
5199,0,0.44596198201179504,0
5200,0,0.44596198201179504,0
5201,0,0.44596198201179504,0
5202,0,0.44596198201179504,0
5203,0,0.44596198201179504,0
5204,0,0.44596198201179504,0
5205,0,0.44596198201179504,0
5206,0,0.44596198201179504,0
5207,0,0.44596198201179504,0
5208,0,0.44596198201179504,0
5209,0,0.44596198201179504,0
5210,0,0.44596198201179504,0
5211,0,0.44596198201179504,0
5212,0,0.44596198201179504,0
5213,0,0.44596198201179504,0
5214,0,0.44596198201179504,0
5215,0,0.44596198201179504,0
5216,0,0.44596198201179504,0
5217,0,0.3996749520301819,1
5218,0,0.2432933747768402,1
5219,0,0.2432933747768402,0
5220,0,0.1783120334148407,1
5221,0,0.22341671586036682,1
5222,0,0.22341671586036682,0
5223,0,0.22341671586036682,0
5224,0,0.22341671586036682,0
5225,0,0.22341671586036682,0
5226,0,0.22341671586036682,0
5227,0,0.22341671586036682,0
5228,0,0.22341671586036682,0
5229,0,0.22341671586036682,0
5230,0,0.22341671586036682,0
5231,0,0.22341671586036682,0
5232,0,0.22341671586036682,0
5233,0,0.22341671586036682,0
5234,0,0.22341671586036682,0
5235,0,0.19413897395133972,1
5236,0,0.19413897395133972,0
5237,0,0.19413897395133972,0
5238,0,0.19413897395133972,0
5239,0,0.19413897395133972,0
5240,0,0.19413897395133972,0
5241,0,0.19413897395133972,0
5242,0,0.19413897395133972,0
5243,0,0.19413897395133972,0
5244,0,0.19413897395133972,0
5245,0,0.19413897395133972,0
5246,0,0.19413897395133972,0
5247,0,0.3851471245288849,1
5248,0,0.21796655654907227,1
5249,0,0.21796655654907227,0
5250,0,0.8890624642372131,1
5251,0,0.8890624642372131,0
5252,0,0.8890624642372131,0
5253,0,0.8890624642372131,0
5254,0,0.8890624642372131,0
5255,0,0.8890624642372131,0
5256,0,0.8890624642372131,0
5257,0,0.8890624642372131,0
5258,0,0.8890624642372131,0
5259,0,0.8890624642372131,0
5260,0,0.8890624642372131,0
5261,0,0.8890624642372131,0
5262,0,0.8890624642372131,0
5263,0,0.8890624642372131,0
5264,0,0.8890624642372131,0
5265,0,0.8890624642372131,0
5266,0,0.8890624642372131,0
5267,0,0.8890624642372131,0
5268,0,0.8890624642372131,0
5269,0,0.8890624642372131,0
5270,0,0.8890624642372131,0
5271,0,0.8890624642372131,0
5272,0,0.8890624642372131,0
5273,0,0.8890624642372131,0
5274,0,0.8890624642372131,0
5275,0,0.8890624642372131,0
5276,0,0.8890624642372131,0
5277,0,0.3130285441875458,1
5278,0,0.13823960721492767,1
5279,0,0.13823960721492767,0
5280,0,0.17473383247852325,1
5281,0,0.128518745303154,1
5282,0,0.128518745303154,0
5283,0,0.128518745303154,0
5284,0,0.128518745303154,0
5285,0,0.128518745303154,0
5286,0,0.128518745303154,0
5287,0,0.128518745303154,0
5288,0,0.128518745303154,0
5289,0,0.128518745303154,0
5290,0,0.128518745303154,0
5291,0,0.128518745303154,0
5292,0,0.128518745303154,0
5293,0,0.128518745303154,0
5294,0,0.128518745303154,0
5295,0,0.12380807101726532,1
5296,0,0.12380807101726532,0
5297,0,0.12380807101726532,0
5298,0,0.12380807101726532,0
5299,0,0.12380807101726532,0
5300,0,0.12380807101726532,0
5301,0,0.12380807101726532,0
5302,0,0.12380807101726532,0
5303,0,0.12380807101726532,0
5304,0,0.12380807101726532,0
5305,0,0.12380807101726532,0
5306,0,0.12380807101726532,0
5307,0,0.31815069913864136,1
5308,0,0.1352566033601761,1
5309,0,0.1352566033601761,0
5310,0,0.42586636543273926,1
5311,0,0.42586636543273926,0
5312,0,0.42586636543273926,0
5313,0,0.42586636543273926,0
5314,0,0.42586636543273926,0
5315,0,0.42586636543273926,0
5316,0,0.42586636543273926,0
5317,0,0.42586636543273926,0
5318,0,0.42586636543273926,0
5319,0,0.42586636543273926,0
5320,0,0.42586636543273926,0
5321,0,0.42586636543273926,0
5322,0,0.42586636543273926,0
5323,0,0.42586636543273926,0
5324,0,0.42586636543273926,0
5325,0,0.42586636543273926,0
5326,0,0.42586636543273926,0
5327,0,0.42586636543273926,0
5328,0,0.42586636543273926,0
5329,0,0.42586636543273926,0
5330,0,0.42586636543273926,0
5331,0,0.42586636543273926,0
5332,0,0.42586636543273926,0
5333,0,0.42586636543273926,0
5334,0,0.42586636543273926,0
5335,0,0.42586636543273926,0
5336,0,0.42586636543273926,0
5337,0,0.31931421160697937,1
5338,0,0.14235004782676697,1
5339,0,0.14235004782676697,0
5340,0,0.1725245714187622,1
5341,0,0.12483564019203186,1
5342,0,0.12483564019203186,0
5343,0,0.12483564019203186,0
5344,0,0.12483564019203186,0
5345,0,0.12483564019203186,0
5346,0,0.12483564019203186,0
5347,0,0.12483564019203186,0
5348,0,0.12483564019203186,0
5349,0,0.12483564019203186,0
5350,0,0.12483564019203186,0
5351,0,0.12483564019203186,0
5352,0,0.12483564019203186,0
5353,0,0.12483564019203186,0
5354,0,0.12483564019203186,0
5355,0,0.12142591178417206,1
5356,0,0.12142591178417206,0
5357,0,0.12142591178417206,0
5358,0,0.12142591178417206,0
5359,0,0.12142591178417206,0
5360,0,0.12142591178417206,0
5361,0,0.12142591178417206,0
5362,0,0.12142591178417206,0
5363,0,0.12142591178417206,0
5364,0,0.12142591178417206,0
5365,0,0.12142591178417206,0
5366,0,0.12142591178417206,0
5367,0,0.30810949206352234,1
5368,0,0.12863656878471375,1
5369,0,0.12863656878471375,0
5370,0,0.4304872453212738,1
5371,0,0.4304872453212738,0
5372,0,0.4304872453212738,0
5373,0,0.4304872453212738,0
5374,0,0.4304872453212738,0
5375,0,0.4304872453212738,0
5376,0,0.4304872453212738,0
5377,0,0.4304872453212738,0
5378,0,0.4304872453212738,0
5379,0,0.4304872453212738,0
5380,0,0.4304872453212738,0
5381,0,0.4304872453212738,0
5382,0,0.4304872453212738,0
5383,0,0.4304872453212738,0
5384,0,0.4304872453212738,0
5385,0,0.4304872453212738,0
5386,0,0.4304872453212738,0
5387,0,0.4304872453212738,0
5388,0,0.4304872453212738,0
5389,0,0.4304872453212738,0
5390,0,0.4304872453212738,0
5391,0,0.4304872453212738,0
5392,0,0.4304872453212738,0
5393,0,0.4304872453212738,0
5394,0,0.4304872453212738,0
5395,0,0.4304872453212738,0
5396,0,0.4304872453212738,0
5397,0,0.4304872453212738,0
5398,0,0.4304872453212738,0
5399,0,0.4304872453212738,0
5400,0,0.4304872453212738,0
5401,0,0.4304872453212738,0
5402,0,0.4304872453212738,0
