[final/main] loaded alley_1 (50 frames) in 3s
final x264_crf12             alley_1        5683 kbps PSNR 48.18 sl 1-1 QP I/P/B 13.3/13.8/nan 4.7s
final x264_crf18             alley_1        2397 kbps PSNR 44.35 sl 1-1 QP I/P/B 19.3/19.8/nan 4.1s
final x264_crf23             alley_1        1183 kbps PSNR 41.14 sl 1-1 QP I/P/B 24.3/24.8/nan 3.7s
final x264_crf28             alley_1         617 kbps PSNR 37.92 sl 1-1 QP I/P/B 29.3/30.0/nan 3.4s
final x264_crf33             alley_1         338 kbps PSNR 34.89 sl 1-1 QP I/P/B 34.3/35.4/nan 3.3s
final x264_crf38             alley_1         192 kbps PSNR 32.11 sl 1-1 QP I/P/B 39.4/40.9/nan 3.2s
final x264_crf45             alley_1         101 kbps PSNR 28.44 sl 1-1 QP I/P/B 46.5/47.8/nan 3.2s
final x264_crf23_ref2        alley_1        1156 kbps PSNR 41.30 sl 1-1 QP I/P/B 24.3/24.8/nan 1.5s
final x264_crf23_ref3        alley_1        1154 kbps PSNR 41.34 sl 1-1 QP I/P/B 24.3/24.8/nan 1.6s
final x264_crf23_keyint30    alley_1        1289 kbps PSNR 41.35 sl 1-1 QP I/P/B 22.9/24.8/nan 3.6s
final x264_crf23_ultrafast   alley_1        3353 kbps PSNR 39.90 sl 1-1 QP I/P/B 20.0/23.9/nan 3.0s
final x264_crf23_umh16       alley_1        1182 kbps PSNR 41.14 sl 1-1 QP I/P/B 24.3/24.8/nan 3.8s
final x264_crf23_umh32       alley_1        1181 kbps PSNR 41.13 sl 1-1 QP I/P/B 24.3/24.8/nan 3.8s
final x264_crf23_umh64       alley_1        1183 kbps PSNR 41.14 sl 1-1 QP I/P/B 24.3/24.8/nan 4.0s
final x264_crf23_bf2         alley_1        1006 kbps PSNR 41.66 sl 1-1 QP I/P/B 22.7/23.7/29.0 1.6s
final x264_qp24              alley_1        1562 kbps PSNR 42.62 sl 1-1 QP I/P/B 21.0/24.0/nan 3.8s
final x264_qp24_bf2_pb1      alley_1        1513 kbps PSNR 43.01 sl 1-1 QP I/P/B 21.0/24.0/24.0 1.7s
final nvenc_qp18             alley_1        3874 kbps PSNR 46.89 sl 1-1 QP I/P/B 14.0/18.0/nan 3.4s
final nvenc_qp23             alley_1        1906 kbps PSNR 43.34 sl 1-1 QP I/P/B 18.0/23.0/nan 3.2s
final nvenc_qp28             alley_1        1001 kbps PSNR 40.27 sl 1-1 QP I/P/B 22.0/28.0/nan 3.2s
final nvenc_qp33             alley_1         541 kbps PSNR 37.21 sl 1-1 QP I/P/B 26.0/33.0/nan 3.1s
final nvenc_qp38             alley_1         304 kbps PSNR 34.39 sl 1-1 QP I/P/B 30.0/38.0/nan 3.1s
final nvenc_qp45             alley_1         171 kbps PSNR 30.93 sl 1-1 QP I/P/B 36.0/45.0/nan 3.1s
final nvenc_qp28_bf2         alley_1         695 kbps PSNR 39.81 sl 1-1 QP I/P/B 22.0/28.2/36.0 1.2s
final nvenc_qp28_bf2_bqeq    alley_1        1060 kbps PSNR 41.00 sl 1-1 QP I/P/B 22.0/28.0/28.0 1.2s
final mpeg4_q2               alley_1        5431 kbps PSNR 44.23 sl 1-1 QP I/P/B 4.0/4.0/nan 3.2s
final mpeg4_q4               alley_1        2381 kbps PSNR 40.59 sl 1-1 QP I/P/B 8.0/8.0/nan 3.2s
final mpeg4_q8               alley_1        1019 kbps PSNR 37.03 sl 1-1 QP I/P/B 16.0/16.0/nan 3.2s
final mpeg4_q16              alley_1         512 kbps PSNR 33.86 sl 1-1 QP I/P/B 32.0/32.0/nan 3.2s
final mpeg4_q31              alley_1         375 kbps PSNR 31.44 sl 1-1 QP I/P/B 62.0/62.0/nan 3.1s
[final/main] loaded alley_2 (50 frames) in 4s
final x264_crf12             alley_2        7404 kbps PSNR 47.54 sl 1-1 QP I/P/B 13.0/13.7/nan 4.9s
final x264_crf18             alley_2        2965 kbps PSNR 43.25 sl 1-1 QP I/P/B 19.0/19.7/nan 4.5s
final x264_crf23             alley_2        1482 kbps PSNR 39.93 sl 1-1 QP I/P/B 24.0/24.7/nan 4.0s
final x264_crf28             alley_2         765 kbps PSNR 36.81 sl 1-1 QP I/P/B 29.0/29.8/nan 3.7s
final x264_crf33             alley_2         426 kbps PSNR 33.96 sl 1-1 QP I/P/B 34.0/35.2/nan 3.5s
final x264_crf38             alley_2         251 kbps PSNR 31.43 sl 1-1 QP I/P/B 39.0/40.7/nan 3.2s
final x264_crf45             alley_2         130 kbps PSNR 27.90 sl 1-1 QP I/P/B 46.1/47.8/nan 3.3s
final x264_crf23_ref2        alley_2        1372 kbps PSNR 40.05 sl 1-1 QP I/P/B 24.0/24.7/nan 1.8s
final x264_crf23_ref3        alley_2        1373 kbps PSNR 40.06 sl 1-1 QP I/P/B 24.0/24.7/nan 1.7s
final x264_crf23_keyint30    alley_2        1583 kbps PSNR 40.06 sl 1-1 QP I/P/B 22.9/24.7/nan 3.9s
final x264_crf23_ultrafast   alley_2        3506 kbps PSNR 39.69 sl 1-1 QP I/P/B 20.0/23.9/nan 3.1s
final x264_crf23_umh16       alley_2        1475 kbps PSNR 39.93 sl 1-1 QP I/P/B 24.0/24.7/nan 4.1s
final x264_crf23_umh32       alley_2        1477 kbps PSNR 39.94 sl 1-1 QP I/P/B 24.0/24.7/nan 4.0s
final x264_crf23_umh64       alley_2        1476 kbps PSNR 39.94 sl 1-1 QP I/P/B 24.0/24.7/nan 4.3s
final x264_crf23_bf2         alley_2        1311 kbps PSNR 40.10 sl 1-1 QP I/P/B 22.5/24.3/27.7 2.3s
final x264_qp24              alley_2        1914 kbps PSNR 41.22 sl 1-1 QP I/P/B 21.0/24.0/nan 4.3s
final x264_qp24_bf2_pb1      alley_2        1967 kbps PSNR 41.42 sl 1-1 QP I/P/B 21.0/24.0/24.0 2.0s
final nvenc_qp18             alley_2        4949 kbps PSNR 45.72 sl 1-1 QP I/P/B 14.0/18.0/nan 4.3s
final nvenc_qp23             alley_2        2463 kbps PSNR 42.11 sl 1-1 QP I/P/B 18.0/23.0/nan 3.2s
final nvenc_qp28             alley_2        1282 kbps PSNR 39.18 sl 1-1 QP I/P/B 22.0/28.0/nan 3.3s
final nvenc_qp33             alley_2         688 kbps PSNR 36.38 sl 1-1 QP I/P/B 26.0/33.0/nan 3.3s
final nvenc_qp38             alley_2         387 kbps PSNR 33.85 sl 1-1 QP I/P/B 30.0/38.0/nan 3.2s
final nvenc_qp45             alley_2         195 kbps PSNR 30.62 sl 1-1 QP I/P/B 36.0/45.0/nan 3.2s
final nvenc_qp28_bf2         alley_2         966 kbps PSNR 38.56 sl 1-1 QP I/P/B 22.0/28.2/36.0 1.2s
final nvenc_qp28_bf2_bqeq    alley_2        1367 kbps PSNR 39.60 sl 1-1 QP I/P/B 22.0/28.0/28.0 1.1s
final mpeg4_q2               alley_2        6576 kbps PSNR 43.03 sl 1-1 QP I/P/B 4.0/4.0/nan 3.3s
final mpeg4_q4               alley_2        2910 kbps PSNR 39.20 sl 1-1 QP I/P/B 8.0/8.0/nan 3.4s
final mpeg4_q8               alley_2        1266 kbps PSNR 35.81 sl 1-1 QP I/P/B 16.0/16.0/nan 3.2s
final mpeg4_q16              alley_2         634 kbps PSNR 32.97 sl 1-1 QP I/P/B 32.0/32.0/nan 3.1s
final mpeg4_q31              alley_2         455 kbps PSNR 30.78 sl 1-1 QP I/P/B 62.0/62.0/nan 3.1s
[final/main] loaded ambush_2 (21 frames) in 1s
final x264_crf12             ambush_2       3653 kbps PSNR 51.37 sl 1-1 QP I/P/B 14.2/12.8/nan 1.9s
final x264_crf18             ambush_2       1923 kbps PSNR 48.63 sl 1-1 QP I/P/B 20.2/18.9/nan 1.7s
final x264_crf23             ambush_2       1229 kbps PSNR 45.98 sl 1-1 QP I/P/B 25.2/23.9/nan 1.7s
final x264_crf28             ambush_2        799 kbps PSNR 43.01 sl 1-1 QP I/P/B 30.2/29.1/nan 1.6s
final x264_crf33             ambush_2        519 kbps PSNR 39.87 sl 1-1 QP I/P/B 35.1/34.3/nan 1.5s
final x264_crf38             ambush_2        336 kbps PSNR 36.71 sl 1-1 QP I/P/B 40.2/39.2/nan 1.5s
final x264_crf45             ambush_2        191 kbps PSNR 32.37 sl 1-1 QP I/P/B 46.9/46.1/nan 1.4s
final x264_crf23_ref2        ambush_2       1242 kbps PSNR 46.03 sl 1-1 QP I/P/B 25.2/23.9/nan 0.7s
final x264_crf23_ref3        ambush_2       1245 kbps PSNR 46.02 sl 1-1 QP I/P/B 25.2/23.9/nan 0.8s
final x264_crf23_keyint30    ambush_2       1229 kbps PSNR 45.98 sl 1-1 QP I/P/B 25.2/23.9/nan 1.5s
final x264_crf23_ultrafast   ambush_2       2025 kbps PSNR 45.33 sl 1-1 QP I/P/B 20.0/24.6/nan 1.2s
final x264_crf23_umh16       ambush_2       1233 kbps PSNR 45.98 sl 1-1 QP I/P/B 25.2/23.9/nan 1.7s
final x264_crf23_umh32       ambush_2       1226 kbps PSNR 45.93 sl 1-1 QP I/P/B 25.2/23.9/nan 1.7s
final x264_crf23_umh64       ambush_2       1233 kbps PSNR 45.92 sl 1-1 QP I/P/B 25.2/23.9/nan 1.8s
final x264_crf23_bf2         ambush_2       1252 kbps PSNR 45.83 sl 1-1 QP I/P/B 25.0/23.6/24.3 0.7s
final x264_qp24              ambush_2       1479 kbps PSNR 48.70 sl 1-1 QP I/P/B 21.0/24.0/nan 1.5s
final x264_qp24_bf2_pb1      ambush_2       1535 kbps PSNR 48.57 sl 1-1 QP I/P/B 21.0/24.0/24.0 0.7s
final nvenc_qp18             ambush_2       2912 kbps PSNR 51.33 sl 1-1 QP I/P/B 14.0/18.0/nan 1.3s
final nvenc_qp23             ambush_2       1770 kbps PSNR 49.27 sl 1-1 QP I/P/B 18.0/23.0/nan 1.3s
final nvenc_qp28             ambush_2       1117 kbps PSNR 47.09 sl 1-1 QP I/P/B 22.0/28.0/nan 1.3s
final nvenc_qp33             ambush_2        716 kbps PSNR 44.20 sl 1-1 QP I/P/B 26.0/33.0/nan 1.3s
final nvenc_qp38             ambush_2        455 kbps PSNR 40.92 sl 1-1 QP I/P/B 30.0/38.0/nan 1.3s
final nvenc_qp45             ambush_2        249 kbps PSNR 36.17 sl 1-1 QP I/P/B 36.0/45.0/nan 1.4s
final nvenc_qp28_bf2         ambush_2        868 kbps PSNR 43.89 sl 1-1 QP I/P/B 22.0/28.0/36.0 0.5s
final nvenc_qp28_bf2_bqeq    ambush_2       1256 kbps PSNR 47.31 sl 1-1 QP I/P/B 22.0/28.0/28.0 0.4s
final mpeg4_q2               ambush_2       3954 kbps PSNR 48.64 sl 1-1 QP I/P/B 4.0/4.0/nan 1.4s
final mpeg4_q4               ambush_2       2303 kbps PSNR 45.29 sl 1-1 QP I/P/B 8.0/8.0/nan 1.2s
final mpeg4_q8               ambush_2       1392 kbps PSNR 41.81 sl 1-1 QP I/P/B 16.0/16.0/nan 1.3s
final mpeg4_q16              ambush_2        991 kbps PSNR 38.65 sl 1-1 QP I/P/B 32.0/32.0/nan 1.2s
final mpeg4_q31              ambush_2        887 kbps PSNR 35.77 sl 1-1 QP I/P/B 62.0/62.0/nan 1.2s
[final/main] loaded ambush_4 (33 frames) in 2s
final x264_crf12             ambush_4       5811 kbps PSNR 49.93 sl 1-1 QP I/P/B 11.8/13.7/nan 2.8s
final x264_crf18             ambush_4       2834 kbps PSNR 46.51 sl 1-1 QP I/P/B 17.9/19.7/nan 2.5s
final x264_crf23             ambush_4       1592 kbps PSNR 43.74 sl 1-1 QP I/P/B 22.9/24.7/nan 2.4s
final x264_crf28             ambush_4        931 kbps PSNR 41.00 sl 1-1 QP I/P/B 27.9/29.9/nan 2.5s
final x264_crf33             ambush_4        567 kbps PSNR 38.28 sl 1-1 QP I/P/B 32.7/35.0/nan 2.2s
final x264_crf38             ambush_4        353 kbps PSNR 35.42 sl 1-1 QP I/P/B 37.6/39.8/nan 2.4s
final x264_crf45             ambush_4        195 kbps PSNR 31.25 sl 1-1 QP I/P/B 44.9/46.6/nan 2.3s
final x264_crf23_ref2        ambush_4       1580 kbps PSNR 43.75 sl 1-1 QP I/P/B 22.9/24.7/nan 1.5s
final x264_crf23_ref3        ambush_4       1572 kbps PSNR 43.74 sl 1-1 QP I/P/B 22.9/24.7/nan 1.5s
final x264_crf23_keyint30    ambush_4       1619 kbps PSNR 43.79 sl 1-1 QP I/P/B 22.1/24.7/nan 2.6s
final x264_crf23_ultrafast   ambush_4       2633 kbps PSNR 42.95 sl 1-1 QP I/P/B 20.0/24.6/nan 2.1s
final x264_crf23_umh16       ambush_4       1595 kbps PSNR 43.73 sl 1-1 QP I/P/B 22.9/24.7/nan 2.8s
final x264_crf23_umh32       ambush_4       1598 kbps PSNR 43.73 sl 1-1 QP I/P/B 22.9/24.7/nan 2.9s
final x264_crf23_umh64       ambush_4       1602 kbps PSNR 43.72 sl 1-1 QP I/P/B 22.9/24.7/nan 2.9s
final x264_crf23_bf2         ambush_4       1551 kbps PSNR 43.47 sl 1-1 QP I/P/B 22.8/24.6/25.4 1.1s
final x264_qp24              ambush_4       2093 kbps PSNR 45.81 sl 1-1 QP I/P/B 21.0/24.0/nan 2.5s
final x264_qp24_bf2_pb1      ambush_4       2102 kbps PSNR 45.70 sl 1-1 QP I/P/B 21.0/24.0/24.0 1.2s
final nvenc_qp18             ambush_4       4584 kbps PSNR 48.99 sl 1-1 QP I/P/B 14.0/18.0/nan 2.1s
final nvenc_qp23             ambush_4       2541 kbps PSNR 46.30 sl 1-1 QP I/P/B 18.0/23.0/nan 2.0s
final nvenc_qp28             ambush_4       1436 kbps PSNR 43.89 sl 1-1 QP I/P/B 22.0/28.0/nan 2.0s
final nvenc_qp33             ambush_4        824 kbps PSNR 41.25 sl 1-1 QP I/P/B 26.0/33.0/nan 1.9s
final nvenc_qp38             ambush_4        480 kbps PSNR 38.61 sl 1-1 QP I/P/B 30.0/38.0/nan 1.9s
final nvenc_qp45             ambush_4        251 kbps PSNR 34.85 sl 1-1 QP I/P/B 36.0/45.0/nan 2.0s
final nvenc_qp28_bf2         ambush_4       1028 kbps PSNR 41.48 sl 1-1 QP I/P/B 22.0/28.0/36.0 0.6s
final nvenc_qp28_bf2_bqeq    ambush_4       1572 kbps PSNR 44.04 sl 1-1 QP I/P/B 22.0/28.0/28.0 0.7s
final mpeg4_q2               ambush_4       5260 kbps PSNR 46.72 sl 1-1 QP I/P/B 4.0/4.0/nan 1.8s
final mpeg4_q4               ambush_4       2787 kbps PSNR 43.27 sl 1-1 QP I/P/B 8.0/8.0/nan 1.7s
final mpeg4_q8               ambush_4       1548 kbps PSNR 39.98 sl 1-1 QP I/P/B 16.0/16.0/nan 1.8s
final mpeg4_q16              ambush_4       1015 kbps PSNR 37.10 sl 1-1 QP I/P/B 32.0/32.0/nan 1.7s
final mpeg4_q31              ambush_4        838 kbps PSNR 34.67 sl 1-1 QP I/P/B 62.0/62.0/nan 1.7s
[final/main] loaded ambush_5 (50 frames) in 3s
final x264_crf12             ambush_5       6594 kbps PSNR 49.59 sl 1-1 QP I/P/B 13.0/13.4/nan 4.6s
final x264_crf18             ambush_5       2979 kbps PSNR 45.92 sl 1-1 QP I/P/B 19.0/19.5/nan 4.2s
final x264_crf23             ambush_5       1524 kbps PSNR 42.94 sl 1-1 QP I/P/B 24.1/24.5/nan 3.9s
final x264_crf28             ambush_5        828 kbps PSNR 40.12 sl 1-1 QP I/P/B 29.1/29.8/nan 3.6s
final x264_crf33             ambush_5        484 kbps PSNR 37.45 sl 1-1 QP I/P/B 33.9/34.9/nan 3.7s
final x264_crf38             ambush_5        293 kbps PSNR 34.83 sl 1-1 QP I/P/B 38.9/39.9/nan 3.4s
final x264_crf45             ambush_5        154 kbps PSNR 31.02 sl 1-1 QP I/P/B 45.6/46.4/nan 3.4s
final x264_crf23_ref2        ambush_5       1498 kbps PSNR 42.98 sl 1-1 QP I/P/B 24.1/24.5/nan 1.8s
final x264_crf23_ref3        ambush_5       1502 kbps PSNR 43.00 sl 1-1 QP I/P/B 24.1/24.5/nan 2.0s
final x264_crf23_keyint30    ambush_5       1559 kbps PSNR 43.01 sl 1-1 QP I/P/B 22.9/24.6/nan 3.9s
final x264_crf23_ultrafast   ambush_5       2566 kbps PSNR 41.80 sl 1-1 QP I/P/B 20.0/24.3/nan 3.1s
final x264_crf23_umh16       ambush_5       1524 kbps PSNR 42.93 sl 1-1 QP I/P/B 24.1/24.6/nan 4.2s
final x264_crf23_umh32       ambush_5       1529 kbps PSNR 42.93 sl 1-1 QP I/P/B 24.1/24.6/nan 4.2s
final x264_crf23_umh64       ambush_5       1528 kbps PSNR 42.93 sl 1-1 QP I/P/B 24.1/24.6/nan 4.4s
final x264_crf23_bf2         ambush_5       1504 kbps PSNR 42.82 sl 1-1 QP I/P/B 23.5/24.3/25.9 1.8s
final x264_qp24              ambush_5       1917 kbps PSNR 44.52 sl 1-1 QP I/P/B 21.0/24.0/nan 3.7s
final x264_qp24_bf2_pb1      ambush_5       2006 kbps PSNR 44.55 sl 1-1 QP I/P/B 21.0/24.0/24.0 2.0s
final nvenc_qp18             ambush_5       4566 kbps PSNR 48.09 sl 1-1 QP I/P/B 14.0/18.0/nan 3.3s
final nvenc_qp23             ambush_5       2337 kbps PSNR 45.10 sl 1-1 QP I/P/B 18.0/23.0/nan 3.3s
final nvenc_qp28             ambush_5       1249 kbps PSNR 42.56 sl 1-1 QP I/P/B 22.0/28.0/nan 3.2s
final nvenc_qp33             ambush_5        698 kbps PSNR 39.99 sl 1-1 QP I/P/B 26.0/33.0/nan 3.1s
final nvenc_qp38             ambush_5        403 kbps PSNR 37.55 sl 1-1 QP I/P/B 30.0/38.0/nan 3.0s
final nvenc_qp45             ambush_5        207 kbps PSNR 34.04 sl 1-1 QP I/P/B 36.0/45.0/nan 3.0s
final nvenc_qp28_bf2         ambush_5        944 kbps PSNR 40.75 sl 1-1 QP I/P/B 22.0/28.2/36.0 1.2s
final nvenc_qp28_bf2_bqeq    ambush_5       1414 kbps PSNR 42.76 sl 1-1 QP I/P/B 22.0/28.0/28.0 1.1s
final mpeg4_q2               ambush_5       5295 kbps PSNR 45.30 sl 1-1 QP I/P/B 4.0/4.0/nan 3.0s
final mpeg4_q4               ambush_5       2538 kbps PSNR 41.85 sl 1-1 QP I/P/B 8.0/8.0/nan 3.1s
final mpeg4_q8               ambush_5       1267 kbps PSNR 38.77 sl 1-1 QP I/P/B 16.0/16.0/nan 3.0s
final mpeg4_q16              ambush_5        766 kbps PSNR 36.18 sl 1-1 QP I/P/B 32.0/32.0/nan 3.1s
final mpeg4_q31              ambush_5        642 kbps PSNR 34.09 sl 1-1 QP I/P/B 62.0/62.0/nan 3.0s
[final/main] loaded ambush_6 (20 frames) in 1s
final x264_crf12             ambush_6       5244 kbps PSNR 50.43 sl 1-1 QP I/P/B 13.5/12.9/nan 1.6s
final x264_crf18             ambush_6       2595 kbps PSNR 47.17 sl 1-1 QP I/P/B 19.6/19.1/nan 1.6s
final x264_crf23             ambush_6       1516 kbps PSNR 44.37 sl 1-1 QP I/P/B 24.7/24.2/nan 1.5s
final x264_crf28             ambush_6        917 kbps PSNR 41.52 sl 1-1 QP I/P/B 29.6/29.4/nan 1.4s
final x264_crf33             ambush_6        572 kbps PSNR 38.67 sl 1-1 QP I/P/B 34.6/34.6/nan 1.4s
final x264_crf38             ambush_6        366 kbps PSNR 35.74 sl 1-1 QP I/P/B 39.4/39.3/nan 1.3s
final x264_crf45             ambush_6        206 kbps PSNR 31.60 sl 1-1 QP I/P/B 46.7/46.1/nan 1.3s
final x264_crf23_ref2        ambush_6       1520 kbps PSNR 44.40 sl 1-1 QP I/P/B 24.7/24.3/nan 0.8s
final x264_crf23_ref3        ambush_6       1521 kbps PSNR 44.38 sl 1-1 QP I/P/B 24.7/24.3/nan 0.8s
final x264_crf23_keyint30    ambush_6       1516 kbps PSNR 44.37 sl 1-1 QP I/P/B 24.7/24.2/nan 1.5s
final x264_crf23_ultrafast   ambush_6       2485 kbps PSNR 43.48 sl 1-1 QP I/P/B 20.0/24.9/nan 1.2s
final x264_crf23_umh16       ambush_6       1520 kbps PSNR 44.37 sl 1-1 QP I/P/B 24.7/24.3/nan 1.7s
final x264_crf23_umh32       ambush_6       1519 kbps PSNR 44.35 sl 1-1 QP I/P/B 24.7/24.3/nan 1.8s
final x264_crf23_umh64       ambush_6       1520 kbps PSNR 44.35 sl 1-1 QP I/P/B 24.7/24.3/nan 1.7s
final x264_crf23_bf2         ambush_6       1521 kbps PSNR 44.17 sl 1-1 QP I/P/B 24.6/24.2/24.5 0.7s
final x264_qp24              ambush_6       1951 kbps PSNR 46.72 sl 1-1 QP I/P/B 21.0/24.0/nan 1.4s
final x264_qp24_bf2_pb1      ambush_6       2031 kbps PSNR 46.70 sl 1-1 QP I/P/B 21.0/24.0/24.0 0.7s
final nvenc_qp18             ambush_6       4216 kbps PSNR 49.74 sl 1-1 QP I/P/B 14.0/18.0/nan 1.3s
final nvenc_qp23             ambush_6       2412 kbps PSNR 47.23 sl 1-1 QP I/P/B 18.0/23.0/nan 1.3s
final nvenc_qp28             ambush_6       1434 kbps PSNR 44.89 sl 1-1 QP I/P/B 22.0/28.0/nan 1.3s
final nvenc_qp33             ambush_6        862 kbps PSNR 42.17 sl 1-1 QP I/P/B 26.0/33.0/nan 1.3s
final nvenc_qp38             ambush_6        523 kbps PSNR 39.29 sl 1-1 QP I/P/B 30.0/38.0/nan 1.2s
final nvenc_qp45             ambush_6        283 kbps PSNR 35.21 sl 1-1 QP I/P/B 36.0/45.0/nan 1.3s
final nvenc_qp28_bf2         ambush_6       1130 kbps PSNR 42.26 sl 1-1 QP I/P/B 22.0/28.3/36.0 0.5s
final nvenc_qp28_bf2_bqeq    ambush_6       1605 kbps PSNR 45.06 sl 1-1 QP I/P/B 22.0/28.0/28.0 0.6s
final mpeg4_q2               ambush_6       4865 kbps PSNR 47.31 sl 1-2 QP I/P/B 4.0/4.0/nan 1.2s  MISMATCH ['slices per frame 1-2 (want 1)']
final mpeg4_q4               ambush_6       2678 kbps PSNR 43.93 sl 1-1 QP I/P/B 8.0/8.0/nan 1.2s
final mpeg4_q8               ambush_6       1549 kbps PSNR 40.51 sl 1-1 QP I/P/B 16.0/16.0/nan 1.1s
final mpeg4_q16              ambush_6       1054 kbps PSNR 37.50 sl 1-1 QP I/P/B 32.0/32.0/nan 1.1s
final mpeg4_q31              ambush_6        961 kbps PSNR 34.74 sl 1-1 QP I/P/B 62.0/62.0/nan 1.1s
[final/main] loaded ambush_7 (50 frames) in 3s
final x264_crf12             ambush_7       4628 kbps PSNR 50.42 sl 1-1 QP I/P/B 11.7/12.2/nan 4.5s
final x264_crf18             ambush_7       2051 kbps PSNR 46.84 sl 1-1 QP I/P/B 17.7/18.2/nan 4.2s
final x264_crf23             ambush_7       1049 kbps PSNR 43.88 sl 1-1 QP I/P/B 22.6/23.2/nan 3.8s
final x264_crf28             ambush_7        539 kbps PSNR 40.90 sl 1-1 QP I/P/B 27.6/28.5/nan 3.7s
final x264_crf33             ambush_7        295 kbps PSNR 37.98 sl 1-1 QP I/P/B 32.5/33.8/nan 3.6s
final x264_crf38             ambush_7        177 kbps PSNR 35.15 sl 1-1 QP I/P/B 37.5/38.6/nan 3.2s
final x264_crf45             ambush_7         91 kbps PSNR 30.76 sl 1-1 QP I/P/B 44.2/45.6/nan 3.3s
final x264_crf23_ref2        ambush_7       1023 kbps PSNR 43.95 sl 1-1 QP I/P/B 22.6/23.3/nan 1.6s
final x264_crf23_ref3        ambush_7       1010 kbps PSNR 43.98 sl 1-1 QP I/P/B 22.6/23.3/nan 1.7s
final x264_crf23_keyint30    ambush_7       1102 kbps PSNR 43.98 sl 1-1 QP I/P/B 21.7/23.3/nan 3.7s
final x264_crf23_ultrafast   ambush_7       2256 kbps PSNR 43.95 sl 1-1 QP I/P/B 20.0/22.4/nan 3.2s
final x264_crf23_umh16       ambush_7       1052 kbps PSNR 43.88 sl 1-1 QP I/P/B 22.6/23.2/nan 3.9s
final x264_crf23_umh32       ambush_7       1056 kbps PSNR 43.89 sl 1-1 QP I/P/B 22.6/23.3/nan 4.0s
final x264_crf23_umh64       ambush_7       1054 kbps PSNR 43.88 sl 1-1 QP I/P/B 22.6/23.2/nan 4.2s
final x264_crf23_bf2         ambush_7        849 kbps PSNR 43.97 sl 1-1 QP I/P/B 21.8/22.7/25.2 1.6s
final x264_qp24              ambush_7       1256 kbps PSNR 45.16 sl 1-1 QP I/P/B 21.0/24.0/nan 3.6s
final x264_qp24_bf2_pb1      ambush_7       1111 kbps PSNR 45.29 sl 1-1 QP I/P/B 21.0/24.0/24.0 1.6s
final nvenc_qp18             ambush_7       2860 kbps PSNR 48.89 sl 1-1 QP I/P/B 14.0/18.0/nan 4.2s
final nvenc_qp23             ambush_7       1464 kbps PSNR 45.91 sl 1-1 QP I/P/B 18.0/23.0/nan 3.1s
final nvenc_qp28             ambush_7        771 kbps PSNR 43.28 sl 1-1 QP I/P/B 22.0/28.0/nan 3.2s
final nvenc_qp33             ambush_7        399 kbps PSNR 40.51 sl 1-1 QP I/P/B 26.0/33.0/nan 3.1s
final nvenc_qp38             ambush_7        222 kbps PSNR 37.97 sl 1-1 QP I/P/B 30.0/38.0/nan 3.2s
final nvenc_qp45             ambush_7        118 kbps PSNR 34.24 sl 1-1 QP I/P/B 36.0/45.0/nan 3.1s
final nvenc_qp28_bf2         ambush_7        514 kbps PSNR 42.08 sl 1-1 QP I/P/B 22.0/28.0/36.0 1.2s
final nvenc_qp28_bf2_bqeq    ambush_7        794 kbps PSNR 43.61 sl 1-1 QP I/P/B 22.0/28.0/28.0 1.4s
final mpeg4_q2               ambush_7       3588 kbps PSNR 46.24 sl 1-1 QP I/P/B 4.0/4.0/nan 3.2s
final mpeg4_q4               ambush_7       1748 kbps PSNR 42.53 sl 1-1 QP I/P/B 8.0/8.0/nan 3.2s
final mpeg4_q8               ambush_7        831 kbps PSNR 39.07 sl 1-1 QP I/P/B 16.0/16.0/nan 3.1s
final mpeg4_q16              ambush_7        476 kbps PSNR 36.18 sl 1-1 QP I/P/B 32.0/32.0/nan 3.1s
final mpeg4_q31              ambush_7        404 kbps PSNR 33.72 sl 1-1 QP I/P/B 62.0/62.0/nan 2.9s
[final/main] loaded bamboo_1 (50 frames) in 4s
final x264_crf12             bamboo_1       8779 kbps PSNR 46.54 sl 1-1 QP I/P/B 14.7/15.3/nan 5.1s
final x264_crf18             bamboo_1       4129 kbps PSNR 42.20 sl 1-1 QP I/P/B 20.7/21.3/nan 4.6s
final x264_crf23             bamboo_1       2275 kbps PSNR 38.67 sl 1-1 QP I/P/B 25.7/26.4/nan 4.1s
final x264_crf28             bamboo_1       1300 kbps PSNR 35.23 sl 1-1 QP I/P/B 30.7/31.5/nan 3.8s
final x264_crf33             bamboo_1        754 kbps PSNR 31.95 sl 1-1 QP I/P/B 35.7/36.7/nan 3.9s
final x264_crf38             bamboo_1        433 kbps PSNR 28.93 sl 1-1 QP I/P/B 40.8/42.0/nan 3.6s
final x264_crf45             bamboo_1        203 kbps PSNR 25.12 sl 1-1 QP I/P/B 47.7/49.1/nan 3.7s
final x264_crf23_ref2        bamboo_1       2234 kbps PSNR 38.78 sl 1-1 QP I/P/B 25.7/26.4/nan 2.1s
final x264_crf23_ref3        bamboo_1       2228 kbps PSNR 38.81 sl 1-1 QP I/P/B 25.7/26.5/nan 2.1s
final x264_crf23_keyint30    bamboo_1       2454 kbps PSNR 38.82 sl 1-1 QP I/P/B 24.5/26.4/nan 4.2s
final x264_crf23_ultrafast   bamboo_1       5008 kbps PSNR 36.67 sl 1-1 QP I/P/B 20.0/26.1/nan 3.4s
final x264_crf23_umh16       bamboo_1       2269 kbps PSNR 38.68 sl 1-1 QP I/P/B 25.7/26.4/nan 4.4s
final x264_crf23_umh32       bamboo_1       2271 kbps PSNR 38.67 sl 1-1 QP I/P/B 25.7/26.4/nan 4.5s
final x264_crf23_umh64       bamboo_1       2270 kbps PSNR 38.68 sl 1-1 QP I/P/B 25.7/26.4/nan 4.6s
final x264_crf23_bf2         bamboo_1       2005 kbps PSNR 38.87 sl 1-1 QP I/P/B 24.4/25.7/30.8 2.0s
final x264_qp24              bamboo_1       3419 kbps PSNR 40.88 sl 1-1 QP I/P/B 21.0/24.0/nan 4.2s
final x264_qp24_bf2_pb1      bamboo_1       3381 kbps PSNR 41.17 sl 1-1 QP I/P/B 21.0/24.0/24.0 2.2s
final nvenc_qp18             bamboo_1       7169 kbps PSNR 45.66 sl 1-1 QP I/P/B 14.0/18.0/nan 4.3s
final nvenc_qp23             bamboo_1       3984 kbps PSNR 41.90 sl 1-1 QP I/P/B 18.0/23.0/nan 3.4s
final nvenc_qp28             bamboo_1       2321 kbps PSNR 38.66 sl 1-1 QP I/P/B 22.0/28.0/nan 3.3s
final nvenc_qp33             bamboo_1       1373 kbps PSNR 35.35 sl 1-1 QP I/P/B 26.0/33.0/nan 3.2s
final nvenc_qp38             bamboo_1        806 kbps PSNR 32.09 sl 1-1 QP I/P/B 30.0/38.0/nan 3.1s
final nvenc_qp45             bamboo_1        376 kbps PSNR 27.96 sl 1-1 QP I/P/B 36.0/45.0/nan 3.1s
final nvenc_qp28_bf2         bamboo_1       1604 kbps PSNR 37.57 sl 1-1 QP I/P/B 22.0/28.3/36.0 1.5s
final nvenc_qp28_bf2_bqeq    bamboo_1       2354 kbps PSNR 39.13 sl 1-1 QP I/P/B 22.0/28.0/28.0 1.4s
final mpeg4_q2               bamboo_1      10114 kbps PSNR 42.97 sl 1-1 QP I/P/B 4.0/4.0/nan 3.1s
final mpeg4_q4               bamboo_1       4679 kbps PSNR 38.77 sl 1-1 QP I/P/B 8.0/8.0/nan 3.0s
final mpeg4_q8               bamboo_1       2087 kbps PSNR 34.80 sl 1-1 QP I/P/B 16.0/16.0/nan 2.9s
final mpeg4_q16              bamboo_1        993 kbps PSNR 31.18 sl 1-1 QP I/P/B 32.0/32.0/nan 2.9s
final mpeg4_q31              bamboo_1        582 kbps PSNR 28.22 sl 1-1 QP I/P/B 62.0/62.0/nan 3.0s
[final/main] loaded bamboo_2 (50 frames) in 4s
final x264_crf12             bamboo_2       8778 kbps PSNR 46.73 sl 1-1 QP I/P/B 14.1/15.1/nan 5.1s
final x264_crf18             bamboo_2       4200 kbps PSNR 42.36 sl 1-1 QP I/P/B 20.1/21.1/nan 4.5s
final x264_crf23             bamboo_2       2242 kbps PSNR 38.80 sl 1-1 QP I/P/B 25.1/26.2/nan 3.9s
final x264_crf28             bamboo_2       1223 kbps PSNR 35.39 sl 1-1 QP I/P/B 30.1/31.4/nan 3.6s
final x264_crf33             bamboo_2        684 kbps PSNR 32.20 sl 1-1 QP I/P/B 35.1/36.7/nan 3.4s
final x264_crf38             bamboo_2        385 kbps PSNR 29.28 sl 1-1 QP I/P/B 40.1/42.1/nan 3.3s
final x264_crf45             bamboo_2        182 kbps PSNR 25.60 sl 1-1 QP I/P/B 47.0/49.2/nan 3.2s
final x264_crf23_ref2        bamboo_2       2172 kbps PSNR 38.88 sl 1-1 QP I/P/B 25.1/26.3/nan 1.8s
final x264_crf23_ref3        bamboo_2       2147 kbps PSNR 38.89 sl 1-1 QP I/P/B 25.1/26.3/nan 2.0s
final x264_crf23_keyint30    bamboo_2       2422 kbps PSNR 38.96 sl 1-1 QP I/P/B 24.1/26.3/nan 3.8s
final x264_crf23_ultrafast   bamboo_2       4775 kbps PSNR 38.25 sl 1-1 QP I/P/B 20.0/25.3/nan 3.3s
final x264_crf23_umh16       bamboo_2       2233 kbps PSNR 38.80 sl 1-1 QP I/P/B 25.1/26.3/nan 4.1s
final x264_crf23_umh32       bamboo_2       2233 kbps PSNR 38.81 sl 1-1 QP I/P/B 25.1/26.3/nan 4.4s
final x264_crf23_umh64       bamboo_2       2234 kbps PSNR 38.81 sl 1-1 QP I/P/B 25.1/26.2/nan 4.4s
final x264_crf23_bf2         bamboo_2       1967 kbps PSNR 38.95 sl 1-1 QP I/P/B 23.7/25.7/30.4 1.9s
final x264_qp24              bamboo_2       3358 kbps PSNR 40.93 sl 1-1 QP I/P/B 21.0/24.0/nan 4.2s
final x264_qp24_bf2_pb1      bamboo_2       3268 kbps PSNR 41.17 sl 1-1 QP I/P/B 21.0/24.0/24.0 2.2s
final nvenc_qp18             bamboo_2       7148 kbps PSNR 45.57 sl 1-1 QP I/P/B 14.0/18.0/nan 3.7s
final nvenc_qp23             bamboo_2       3955 kbps PSNR 41.89 sl 1-1 QP I/P/B 18.0/23.0/nan 3.6s
final nvenc_qp28             bamboo_2       2256 kbps PSNR 38.73 sl 1-1 QP I/P/B 22.0/28.0/nan 3.5s
final nvenc_qp33             bamboo_2       1291 kbps PSNR 35.60 sl 1-1 QP I/P/B 26.0/33.0/nan 3.4s
final nvenc_qp38             bamboo_2        743 kbps PSNR 32.56 sl 1-1 QP I/P/B 30.0/38.0/nan 3.3s
final nvenc_qp45             bamboo_2        350 kbps PSNR 28.52 sl 1-1 QP I/P/B 36.0/45.0/nan 3.1s
final nvenc_qp28_bf2         bamboo_2       1554 kbps PSNR 37.69 sl 1-1 QP I/P/B 22.0/28.1/36.0 1.4s
final nvenc_qp28_bf2_bqeq    bamboo_2       2266 kbps PSNR 39.11 sl 1-1 QP I/P/B 22.0/28.0/28.0 1.4s
final mpeg4_q2               bamboo_2       9038 kbps PSNR 43.27 sl 1-1 QP I/P/B 4.0/4.0/nan 3.1s
final mpeg4_q4               bamboo_2       4294 kbps PSNR 39.08 sl 1-1 QP I/P/B 8.0/8.0/nan 3.0s
final mpeg4_q8               bamboo_2       1957 kbps PSNR 35.03 sl 1-1 QP I/P/B 16.0/16.0/nan 3.0s
final mpeg4_q16              bamboo_2        917 kbps PSNR 31.41 sl 1-1 QP I/P/B 32.0/32.0/nan 3.1s
final mpeg4_q31              bamboo_2        515 kbps PSNR 28.46 sl 1-1 QP I/P/B 62.0/62.0/nan 2.9s
[final/main] loaded bandage_1 (50 frames) in 4s
final x264_crf12             bandage_1      6506 kbps PSNR 48.35 sl 1-1 QP I/P/B 12.7/13.4/nan 4.5s
final x264_crf18             bandage_1      3073 kbps PSNR 44.18 sl 1-1 QP I/P/B 18.7/20.0/nan 4.2s
final x264_crf23             bandage_1      1663 kbps PSNR 40.85 sl 1-1 QP I/P/B 23.7/25.2/nan 4.0s
final x264_crf28             bandage_1       936 kbps PSNR 37.64 sl 1-1 QP I/P/B 28.7/30.6/nan 3.8s
final x264_crf33             bandage_1       553 kbps PSNR 34.65 sl 1-1 QP I/P/B 33.7/35.8/nan 3.6s
final x264_crf38             bandage_1       342 kbps PSNR 31.82 sl 1-1 QP I/P/B 38.8/40.9/nan 3.5s
final x264_crf45             bandage_1       189 kbps PSNR 28.13 sl 1-1 QP I/P/B 45.5/47.8/nan 3.5s
final x264_crf23_ref2        bandage_1      1651 kbps PSNR 40.88 sl 1-1 QP I/P/B 23.7/25.3/nan 1.7s
final x264_crf23_ref3        bandage_1      1651 kbps PSNR 40.89 sl 1-1 QP I/P/B 23.7/25.3/nan 1.7s
final x264_crf23_keyint30    bandage_1      1787 kbps PSNR 40.99 sl 1-1 QP I/P/B 21.9/25.4/nan 4.0s
final x264_crf23_ultrafast   bandage_1      3523 kbps PSNR 39.99 sl 1-1 QP I/P/B 20.0/24.5/nan 3.4s
final x264_crf23_umh16       bandage_1      1661 kbps PSNR 40.85 sl 1-1 QP I/P/B 23.7/25.3/nan 4.1s
final x264_crf23_umh32       bandage_1      1660 kbps PSNR 40.85 sl 1-1 QP I/P/B 23.7/25.3/nan 4.3s
final x264_crf23_umh64       bandage_1      1663 kbps PSNR 40.86 sl 1-1 QP I/P/B 23.7/25.3/nan 4.2s
final x264_crf23_bf2         bandage_1      1528 kbps PSNR 40.74 sl 1-1 QP I/P/B 23.1/24.8/29.2 1.8s
final x264_qp24              bandage_1      2403 kbps PSNR 42.97 sl 1-1 QP I/P/B 21.0/24.0/nan 4.0s
final x264_qp24_bf2_pb1      bandage_1      2492 kbps PSNR 43.20 sl 1-1 QP I/P/B 21.0/24.0/24.0 2.3s
final nvenc_qp18             bandage_1      5246 kbps PSNR 47.21 sl 1-1 QP I/P/B 14.0/18.0/nan 3.4s
final nvenc_qp23             bandage_1      2900 kbps PSNR 43.86 sl 1-1 QP I/P/B 18.0/23.0/nan 3.3s
final nvenc_qp28             bandage_1      1616 kbps PSNR 40.79 sl 1-1 QP I/P/B 22.0/28.0/nan 3.2s
final nvenc_qp33             bandage_1       903 kbps PSNR 37.51 sl 1-1 QP I/P/B 26.0/33.0/nan 3.3s
final nvenc_qp38             bandage_1       513 kbps PSNR 34.32 sl 1-1 QP I/P/B 30.0/38.0/nan 3.2s
final nvenc_qp45             bandage_1       250 kbps PSNR 30.38 sl 1-1 QP I/P/B 36.0/45.0/nan 3.1s
final nvenc_qp28_bf2         bandage_1      1210 kbps PSNR 39.16 sl 1-1 QP I/P/B 22.0/28.3/36.0 1.3s
final nvenc_qp28_bf2_bqeq    bandage_1      1778 kbps PSNR 41.00 sl 1-1 QP I/P/B 22.0/28.0/28.0 1.3s
final mpeg4_q2               bandage_1      6155 kbps PSNR 44.58 sl 1-1 QP I/P/B 4.0/4.0/nan 3.0s
final mpeg4_q4               bandage_1      2900 kbps PSNR 40.53 sl 1-1 QP I/P/B 8.0/8.0/nan 3.0s
final mpeg4_q8               bandage_1      1316 kbps PSNR 36.71 sl 1-1 QP I/P/B 16.0/16.0/nan 3.0s
final mpeg4_q16              bandage_1       661 kbps PSNR 33.40 sl 1-1 QP I/P/B 32.0/32.0/nan 2.9s
final mpeg4_q31              bandage_1       450 kbps PSNR 30.80 sl 1-1 QP I/P/B 62.0/62.0/nan 3.1s
[final/main] loaded bandage_2 (50 frames) in 3s
final x264_crf12             bandage_2      6906 kbps PSNR 48.46 sl 1-1 QP I/P/B 11.5/13.1/nan 4.5s
final x264_crf18             bandage_2      3269 kbps PSNR 43.98 sl 1-1 QP I/P/B 17.5/19.4/nan 4.2s
final x264_crf23             bandage_2      1688 kbps PSNR 40.40 sl 1-1 QP I/P/B 22.5/24.9/nan 3.9s
final x264_crf28             bandage_2       869 kbps PSNR 36.97 sl 1-1 QP I/P/B 27.5/30.7/nan 3.7s
final x264_crf33             bandage_2       461 kbps PSNR 33.81 sl 1-1 QP I/P/B 32.5/36.3/nan 3.5s
final x264_crf38             bandage_2       264 kbps PSNR 30.94 sl 1-1 QP I/P/B 37.6/41.5/nan 3.5s
final x264_crf45             bandage_2       134 kbps PSNR 27.46 sl 1-1 QP I/P/B 44.4/48.2/nan 3.3s
final x264_crf23_ref2        bandage_2      1670 kbps PSNR 40.43 sl 1-1 QP I/P/B 22.5/25.0/nan 1.5s
final x264_crf23_ref3        bandage_2      1666 kbps PSNR 40.44 sl 1-1 QP I/P/B 22.5/25.0/nan 1.6s
final x264_crf23_keyint30    bandage_2      1819 kbps PSNR 40.50 sl 1-1 QP I/P/B 21.4/25.0/nan 3.7s
final x264_crf23_ultrafast   bandage_2      4009 kbps PSNR 40.83 sl 1-1 QP I/P/B 20.0/23.7/nan 3.1s
final x264_crf23_umh16       bandage_2      1683 kbps PSNR 40.39 sl 1-1 QP I/P/B 22.5/24.8/nan 3.8s
final x264_crf23_umh32       bandage_2      1684 kbps PSNR 40.40 sl 1-1 QP I/P/B 22.5/24.8/nan 3.9s
final x264_crf23_umh64       bandage_2      1685 kbps PSNR 40.40 sl 1-1 QP I/P/B 22.5/24.8/nan 4.0s
final x264_crf23_bf2         bandage_2      1477 kbps PSNR 40.08 sl 1-1 QP I/P/B 21.6/24.1/29.5 1.8s
final x264_qp24              bandage_2      2578 kbps PSNR 42.79 sl 1-1 QP I/P/B 21.0/24.0/nan 4.0s
final x264_qp24_bf2_pb1      bandage_2      2668 kbps PSNR 42.94 sl 1-1 QP I/P/B 21.0/24.0/24.0 2.0s
final nvenc_qp18             bandage_2      5360 kbps PSNR 47.13 sl 1-1 QP I/P/B 14.0/18.0/nan 4.6s
final nvenc_qp23             bandage_2      2958 kbps PSNR 43.65 sl 1-1 QP I/P/B 18.0/23.0/nan 3.3s
final nvenc_qp28             bandage_2      1597 kbps PSNR 40.45 sl 1-1 QP I/P/B 22.0/28.0/nan 3.2s
final nvenc_qp33             bandage_2       827 kbps PSNR 37.13 sl 1-1 QP I/P/B 26.0/33.0/nan 3.2s
final nvenc_qp38             bandage_2       433 kbps PSNR 33.97 sl 1-1 QP I/P/B 30.0/38.0/nan 3.2s
final nvenc_qp45             bandage_2       193 kbps PSNR 30.11 sl 1-1 QP I/P/B 36.0/45.0/nan 3.2s
final nvenc_qp28_bf2         bandage_2      1152 kbps PSNR 38.87 sl 1-1 QP I/P/B 22.0/28.2/36.0 1.3s
final nvenc_qp28_bf2_bqeq    bandage_2      1743 kbps PSNR 40.65 sl 1-1 QP I/P/B 22.0/28.0/28.0 1.4s
final mpeg4_q2               bandage_2      6964 kbps PSNR 44.60 sl 1-1 QP I/P/B 4.0/4.0/nan 3.3s
final mpeg4_q4               bandage_2      3275 kbps PSNR 40.49 sl 1-1 QP I/P/B 8.0/8.0/nan 3.0s
final mpeg4_q8               bandage_2      1411 kbps PSNR 36.59 sl 1-1 QP I/P/B 16.0/16.0/nan 3.2s
final mpeg4_q16              bandage_2       624 kbps PSNR 33.14 sl 1-1 QP I/P/B 32.0/32.0/nan 3.2s
final mpeg4_q31              bandage_2       392 kbps PSNR 30.36 sl 1-1 QP I/P/B 62.0/62.0/nan 3.2s
[final/main] loaded cave_2 (50 frames) in 4s
final x264_crf12             cave_2         8262 kbps PSNR 48.91 sl 1-1 QP I/P/B 13.9/13.8/nan 4.7s
final x264_crf18             cave_2         3920 kbps PSNR 45.08 sl 1-1 QP I/P/B 19.9/19.8/nan 4.3s
final x264_crf23             cave_2         2085 kbps PSNR 42.04 sl 1-1 QP I/P/B 25.0/24.9/nan 4.0s
final x264_crf28             cave_2         1116 kbps PSNR 39.13 sl 1-1 QP I/P/B 30.0/30.1/nan 3.6s
final x264_crf33             cave_2          611 kbps PSNR 36.42 sl 1-1 QP I/P/B 35.0/35.3/nan 3.7s
final x264_crf38             cave_2          345 kbps PSNR 33.74 sl 1-1 QP I/P/B 40.0/40.4/nan 3.6s
final x264_crf45             cave_2          162 kbps PSNR 29.87 sl 1-1 QP I/P/B 46.8/47.0/nan 3.4s
final x264_crf23_ref2        cave_2         2071 kbps PSNR 42.05 sl 1-1 QP I/P/B 25.0/24.9/nan 2.0s
final x264_crf23_ref3        cave_2         2064 kbps PSNR 42.05 sl 1-1 QP I/P/B 25.0/24.9/nan 2.1s
final x264_crf23_keyint30    cave_2         2108 kbps PSNR 42.08 sl 1-1 QP I/P/B 23.1/24.9/nan 4.0s
final x264_crf23_ultrafast   cave_2         3365 kbps PSNR 41.08 sl 1-1 QP I/P/B 20.0/24.9/nan 3.2s
final x264_crf23_umh16       cave_2         2079 kbps PSNR 42.01 sl 1-1 QP I/P/B 25.0/24.9/nan 4.3s
final x264_crf23_umh32       cave_2         2082 kbps PSNR 42.01 sl 1-1 QP I/P/B 25.0/24.9/nan 4.4s
final x264_crf23_umh64       cave_2         2084 kbps PSNR 42.02 sl 1-1 QP I/P/B 25.0/24.9/nan 4.5s
final x264_crf23_bf2         cave_2         2048 kbps PSNR 41.86 sl 1-1 QP I/P/B 24.7/24.8/25.9 2.1s
final x264_qp24              cave_2         2838 kbps PSNR 43.81 sl 1-1 QP I/P/B 21.0/24.0/nan 4.1s
final x264_qp24_bf2_pb1      cave_2         3023 kbps PSNR 43.90 sl 1-1 QP I/P/B 21.0/24.0/24.0 2.1s
final nvenc_qp18             cave_2         6257 kbps PSNR 47.32 sl 1-1 QP I/P/B 14.0/18.0/nan 3.4s
final nvenc_qp23             cave_2         3386 kbps PSNR 44.18 sl 1-1 QP I/P/B 18.0/23.0/nan 3.3s
final nvenc_qp28             cave_2         1851 kbps PSNR 41.56 sl 1-1 QP I/P/B 22.0/28.0/nan 3.2s
final nvenc_qp33             cave_2          989 kbps PSNR 38.90 sl 1-1 QP I/P/B 26.0/33.0/nan 3.1s
final nvenc_qp38             cave_2          528 kbps PSNR 36.31 sl 1-1 QP I/P/B 30.0/38.0/nan 3.2s
final nvenc_qp45             cave_2          238 kbps PSNR 32.83 sl 1-1 QP I/P/B 36.0/45.0/nan 3.2s
final nvenc_qp28_bf2         cave_2         1354 kbps PSNR 39.20 sl 1-1 QP I/P/B 22.0/28.3/36.0 1.1s
final nvenc_qp28_bf2_bqeq    cave_2         2077 kbps PSNR 41.78 sl 1-1 QP I/P/B 22.0/28.0/28.0 1.2s
final mpeg4_q2               cave_2         7283 kbps PSNR 45.18 sl 1-1 QP I/P/B 4.0/4.0/nan 3.1s
final mpeg4_q4               cave_2         3611 kbps PSNR 41.63 sl 1-1 QP I/P/B 8.0/8.0/nan 3.3s
final mpeg4_q8               cave_2         1781 kbps PSNR 38.28 sl 1-1 QP I/P/B 16.0/16.0/nan 3.1s
final mpeg4_q16              cave_2         1020 kbps PSNR 35.43 sl 1-1 QP I/P/B 32.0/32.0/nan 3.1s
final mpeg4_q31              cave_2          766 kbps PSNR 33.35 sl 1-1 QP I/P/B 62.0/62.0/nan 3.3s
[final/main] loaded cave_4 (50 frames) in 4s
final x264_crf12             cave_4        10708 kbps PSNR 47.87 sl 1-1 QP I/P/B 13.9/13.9/nan 5.4s
final x264_crf18             cave_4         4565 kbps PSNR 43.49 sl 1-1 QP I/P/B 19.9/19.9/nan 4.7s
final x264_crf23             cave_4         2164 kbps PSNR 40.39 sl 1-1 QP I/P/B 24.9/25.0/nan 4.2s
final x264_crf28             cave_4         1042 kbps PSNR 37.67 sl 1-1 QP I/P/B 29.9/30.2/nan 3.9s
final x264_crf33             cave_4          528 kbps PSNR 35.31 sl 1-1 QP I/P/B 34.9/35.5/nan 3.7s
final x264_crf38             cave_4          284 kbps PSNR 33.03 sl 1-1 QP I/P/B 39.8/40.7/nan 3.6s
final x264_crf45             cave_4          120 kbps PSNR 29.84 sl 1-1 QP I/P/B 46.8/47.4/nan 3.5s
final x264_crf23_ref2        cave_4         2123 kbps PSNR 40.41 sl 1-1 QP I/P/B 24.9/25.0/nan 2.1s
final x264_crf23_ref3        cave_4         2119 kbps PSNR 40.41 sl 1-1 QP I/P/B 24.9/25.0/nan 2.3s
final x264_crf23_keyint30    cave_4         2251 kbps PSNR 40.47 sl 1-1 QP I/P/B 23.3/25.0/nan 4.1s
final x264_crf23_ultrafast   cave_4         3615 kbps PSNR 39.61 sl 1-1 QP I/P/B 20.0/24.6/nan 3.1s
final x264_crf23_umh16       cave_4         2153 kbps PSNR 40.37 sl 1-1 QP I/P/B 24.9/25.0/nan 4.2s
final x264_crf23_umh32       cave_4         2152 kbps PSNR 40.36 sl 1-1 QP I/P/B 24.9/25.0/nan 4.3s
final x264_crf23_umh64       cave_4         2154 kbps PSNR 40.36 sl 1-1 QP I/P/B 24.9/25.0/nan 4.5s
final x264_crf23_bf2         cave_4         2088 kbps PSNR 40.30 sl 1-1 QP I/P/B 24.7/24.8/26.5 2.1s
final x264_qp24              cave_4         2932 kbps PSNR 41.58 sl 1-1 QP I/P/B 21.0/24.0/nan 4.1s
final x264_qp24_bf2_pb1      cave_4         3108 kbps PSNR 41.70 sl 1-1 QP I/P/B 21.0/24.0/24.0 2.4s
final nvenc_qp18             cave_4         7059 kbps PSNR 45.54 sl 1-1 QP I/P/B 14.0/18.0/nan 4.8s
final nvenc_qp23             cave_4         3471 kbps PSNR 42.05 sl 1-1 QP I/P/B 18.0/23.0/nan 3.7s
final nvenc_qp28             cave_4         1758 kbps PSNR 39.43 sl 1-1 QP I/P/B 22.0/28.0/nan 3.4s
final nvenc_qp33             cave_4          876 kbps PSNR 37.05 sl 1-1 QP I/P/B 26.0/33.0/nan 3.4s
final nvenc_qp38             cave_4          449 kbps PSNR 35.05 sl 1-1 QP I/P/B 30.0/38.0/nan 3.3s
final nvenc_qp45             cave_4          187 kbps PSNR 32.34 sl 1-1 QP I/P/B 36.0/45.0/nan 3.4s
final nvenc_qp28_bf2         cave_4         1264 kbps PSNR 37.94 sl 1-1 QP I/P/B 22.0/28.2/36.0 1.4s
final nvenc_qp28_bf2_bqeq    cave_4         1960 kbps PSNR 39.60 sl 1-1 QP I/P/B 22.0/28.0/28.0 1.3s
final mpeg4_q2               cave_4         8426 kbps PSNR 43.16 sl 1-1 QP I/P/B 4.0/4.0/nan 3.2s
final mpeg4_q4               cave_4         3598 kbps PSNR 39.58 sl 1-1 QP I/P/B 8.0/8.0/nan 3.0s
final mpeg4_q8               cave_4         1572 kbps PSNR 36.66 sl 1-1 QP I/P/B 16.0/16.0/nan 3.3s
final mpeg4_q16              cave_4          785 kbps PSNR 34.42 sl 1-1 QP I/P/B 32.0/32.0/nan 3.2s
final mpeg4_q31              cave_4          568 kbps PSNR 32.83 sl 1-1 QP I/P/B 62.0/62.0/nan 3.1s
[final/main] loaded market_2 (50 frames) in 4s
final x264_crf12             market_2       5214 kbps PSNR 48.50 sl 1-1 QP I/P/B 13.4/13.7/nan 4.9s
final x264_crf18             market_2       2345 kbps PSNR 44.73 sl 1-1 QP I/P/B 19.4/19.8/nan 4.3s
final x264_crf23             market_2       1230 kbps PSNR 41.46 sl 1-1 QP I/P/B 24.5/24.9/nan 4.1s
final x264_crf28             market_2        680 kbps PSNR 38.17 sl 1-1 QP I/P/B 29.4/30.2/nan 3.6s
final x264_crf33             market_2        392 kbps PSNR 35.00 sl 1-1 QP I/P/B 34.3/35.5/nan 3.5s
final x264_crf38             market_2        235 kbps PSNR 31.98 sl 1-1 QP I/P/B 39.4/40.8/nan 3.4s
final x264_crf45             market_2        118 kbps PSNR 28.10 sl 1-1 QP I/P/B 46.2/47.9/nan 3.3s
final x264_crf23_ref2        market_2       1213 kbps PSNR 41.59 sl 1-1 QP I/P/B 24.5/25.0/nan 1.6s
final x264_crf23_ref3        market_2       1206 kbps PSNR 41.60 sl 1-1 QP I/P/B 24.5/25.0/nan 1.8s
final x264_crf23_keyint30    market_2       1350 kbps PSNR 41.74 sl 1-1 QP I/P/B 22.9/25.0/nan 3.8s
final x264_crf23_ultrafast   market_2       3025 kbps PSNR 40.85 sl 1-1 QP I/P/B 20.0/23.9/nan 3.3s
final x264_crf23_umh16       market_2       1228 kbps PSNR 41.46 sl 1-1 QP I/P/B 24.5/25.0/nan 4.2s
final x264_crf23_umh32       market_2       1226 kbps PSNR 41.46 sl 1-1 QP I/P/B 24.5/25.0/nan 3.8s
final x264_crf23_umh64       market_2       1227 kbps PSNR 41.46 sl 1-1 QP I/P/B 24.5/25.0/nan 3.9s
final x264_crf23_bf2         market_2       1096 kbps PSNR 41.85 sl 1-1 QP I/P/B 23.3/23.9/28.2 1.8s
final x264_qp24              market_2       1684 kbps PSNR 43.05 sl 1-1 QP I/P/B 21.0/24.0/nan 3.7s
final x264_qp24_bf2_pb1      market_2       1636 kbps PSNR 43.33 sl 1-1 QP I/P/B 21.0/24.0/24.0 1.9s
final nvenc_qp18             market_2       3805 kbps PSNR 47.26 sl 1-1 QP I/P/B 14.0/18.0/nan 4.5s
final nvenc_qp23             market_2       2001 kbps PSNR 43.84 sl 1-1 QP I/P/B 18.0/23.0/nan 3.4s
final nvenc_qp28             market_2       1130 kbps PSNR 40.85 sl 1-1 QP I/P/B 22.0/28.0/nan 3.3s
final nvenc_qp33             market_2        651 kbps PSNR 37.82 sl 1-1 QP I/P/B 26.0/33.0/nan 3.3s
final nvenc_qp38             market_2        387 kbps PSNR 34.88 sl 1-1 QP I/P/B 30.0/38.0/nan 3.2s
final nvenc_qp45             market_2        190 kbps PSNR 30.73 sl 1-1 QP I/P/B 36.0/45.0/nan 3.2s
final nvenc_qp28_bf2         market_2        808 kbps PSNR 39.99 sl 1-1 QP I/P/B 22.0/28.1/36.0 1.4s
final nvenc_qp28_bf2_bqeq    market_2       1181 kbps PSNR 41.30 sl 1-1 QP I/P/B 22.0/28.0/28.0 1.4s
final mpeg4_q2               market_2       4839 kbps PSNR 44.71 sl 1-1 QP I/P/B 4.0/4.0/nan 3.1s
final mpeg4_q4               market_2       2246 kbps PSNR 40.94 sl 1-1 QP I/P/B 8.0/8.0/nan 3.0s
final mpeg4_q8               market_2       1036 kbps PSNR 37.15 sl 1-1 QP I/P/B 16.0/16.0/nan 3.0s
final mpeg4_q16              market_2        524 kbps PSNR 33.68 sl 1-1 QP I/P/B 32.0/32.0/nan 3.0s
final mpeg4_q31              market_2        347 kbps PSNR 30.83 sl 1-1 QP I/P/B 62.0/62.0/nan 3.0s
[final/main] loaded market_5 (50 frames) in 4s
final x264_crf12             market_5       5579 kbps PSNR 49.70 sl 1-1 QP I/P/B 14.1/13.8/nan 4.6s
final x264_crf18             market_5       2806 kbps PSNR 46.38 sl 1-1 QP I/P/B 20.2/19.8/nan 4.5s
final x264_crf23             market_5       1653 kbps PSNR 43.52 sl 1-1 QP I/P/B 25.2/24.9/nan 4.0s
final x264_crf28             market_5        997 kbps PSNR 40.62 sl 1-1 QP I/P/B 30.3/30.1/nan 3.7s
final x264_crf33             market_5        620 kbps PSNR 37.68 sl 1-1 QP I/P/B 35.1/35.1/nan 3.6s
final x264_crf38             market_5        386 kbps PSNR 34.62 sl 1-1 QP I/P/B 40.1/40.2/nan 3.3s
final x264_crf45             market_5        212 kbps PSNR 30.20 sl 1-1 QP I/P/B 46.9/46.8/nan 3.3s
final x264_crf23_ref2        market_5       1646 kbps PSNR 43.54 sl 1-1 QP I/P/B 25.2/24.9/nan 1.8s
final x264_crf23_ref3        market_5       1644 kbps PSNR 43.53 sl 1-1 QP I/P/B 25.2/24.9/nan 2.0s
final x264_crf23_keyint30    market_5       1684 kbps PSNR 43.57 sl 1-1 QP I/P/B 23.3/24.9/nan 3.7s
final x264_crf23_ultrafast   market_5       2706 kbps PSNR 42.15 sl 1-1 QP I/P/B 20.0/24.9/nan 3.2s
final x264_crf23_umh16       market_5       1653 kbps PSNR 43.50 sl 1-1 QP I/P/B 25.2/24.9/nan 4.2s
final x264_crf23_umh32       market_5       1653 kbps PSNR 43.50 sl 1-1 QP I/P/B 25.2/24.9/nan 4.3s
final x264_crf23_umh64       market_5       1657 kbps PSNR 43.50 sl 1-1 QP I/P/B 25.2/24.9/nan 4.6s
final x264_crf23_bf2         market_5       1637 kbps PSNR 43.26 sl 1-1 QP I/P/B 25.1/24.8/26.0 2.1s
final x264_qp24              market_5       2221 kbps PSNR 45.57 sl 1-1 QP I/P/B 21.0/24.0/nan 4.0s
final x264_qp24_bf2_pb1      market_5       2260 kbps PSNR 45.64 sl 1-1 QP I/P/B 21.0/24.0/24.0 2.1s
final nvenc_qp18             market_5       4627 kbps PSNR 48.88 sl 1-1 QP I/P/B 14.0/18.0/nan 3.4s
final nvenc_qp23             market_5       2640 kbps PSNR 46.09 sl 1-1 QP I/P/B 18.0/23.0/nan 3.6s
final nvenc_qp28             market_5       1543 kbps PSNR 43.48 sl 1-1 QP I/P/B 22.0/28.0/nan 3.4s
final nvenc_qp33             market_5        909 kbps PSNR 40.66 sl 1-1 QP I/P/B 26.0/33.0/nan 3.3s
final nvenc_qp38             market_5        539 kbps PSNR 37.82 sl 1-1 QP I/P/B 30.0/38.0/nan 3.1s
final nvenc_qp45             market_5        282 kbps PSNR 33.80 sl 1-1 QP I/P/B 36.0/45.0/nan 3.1s
final nvenc_qp28_bf2         market_5       1160 kbps PSNR 41.13 sl 1-1 QP I/P/B 22.0/28.1/36.0 1.2s
final nvenc_qp28_bf2_bqeq    market_5       1728 kbps PSNR 43.68 sl 1-1 QP I/P/B 22.0/28.0/28.0 1.2s
final mpeg4_q2               market_5       5377 kbps PSNR 46.19 sl 1-1 QP I/P/B 4.0/4.0/nan 3.0s
final mpeg4_q4               market_5       2893 kbps PSNR 42.70 sl 1-1 QP I/P/B 8.0/8.0/nan 3.0s
final mpeg4_q8               market_5       1593 kbps PSNR 39.25 sl 1-1 QP I/P/B 16.0/16.0/nan 3.1s
final mpeg4_q16              market_5       1017 kbps PSNR 36.09 sl 1-1 QP I/P/B 32.0/32.0/nan 3.0s
final mpeg4_q31              market_5        820 kbps PSNR 33.63 sl 1-1 QP I/P/B 62.0/62.0/nan 3.1s
[final/main] loaded market_6 (40 frames) in 3s
final x264_crf12             market_6       8482 kbps PSNR 47.03 sl 1-1 QP I/P/B 14.6/14.9/nan 4.1s
final x264_crf18             market_6       4263 kbps PSNR 42.77 sl 1-1 QP I/P/B 20.6/20.9/nan 3.5s
final x264_crf23             market_6       2446 kbps PSNR 39.33 sl 1-1 QP I/P/B 25.6/26.0/nan 3.2s
final x264_crf28             market_6       1442 kbps PSNR 36.03 sl 1-1 QP I/P/B 30.7/31.3/nan 3.1s
final x264_crf33             market_6        861 kbps PSNR 32.92 sl 1-1 QP I/P/B 35.6/36.6/nan 2.9s
final x264_crf38             market_6        517 kbps PSNR 29.94 sl 1-1 QP I/P/B 40.7/41.9/nan 2.8s
final x264_crf45             market_6        265 kbps PSNR 26.13 sl 1-1 QP I/P/B 47.5/48.5/nan 2.7s
final x264_crf23_ref2        market_6       2419 kbps PSNR 39.35 sl 1-1 QP I/P/B 25.6/26.0/nan 1.7s
final x264_crf23_ref3        market_6       2412 kbps PSNR 39.35 sl 1-1 QP I/P/B 25.6/26.0/nan 1.7s
final x264_crf23_keyint30    market_6       2564 kbps PSNR 39.45 sl 1-1 QP I/P/B 24.4/26.0/nan 3.4s
final x264_crf23_ultrafast   market_6       4366 kbps PSNR 38.31 sl 1-1 QP I/P/B 20.0/26.3/nan 2.7s
final x264_crf23_umh16       market_6       2436 kbps PSNR 39.32 sl 1-1 QP I/P/B 25.6/26.0/nan 3.4s
final x264_crf23_umh32       market_6       2434 kbps PSNR 39.33 sl 1-1 QP I/P/B 25.6/26.0/nan 3.5s
final x264_crf23_umh64       market_6       2435 kbps PSNR 39.32 sl 1-1 QP I/P/B 25.6/26.0/nan 3.6s
final x264_crf23_bf2         market_6       2377 kbps PSNR 39.14 sl 1-1 QP I/P/B 25.4/25.9/28.0 1.7s
final x264_qp24              market_6       3744 kbps PSNR 42.48 sl 1-1 QP I/P/B 21.0/24.0/nan 3.4s
final x264_qp24_bf2_pb1      market_6       4053 kbps PSNR 42.77 sl 1-1 QP I/P/B 21.0/24.0/24.0 2.0s
final nvenc_qp18             market_6       7412 kbps PSNR 46.73 sl 1-1 QP I/P/B 14.0/18.0/nan 4.0s
final nvenc_qp23             market_6       4335 kbps PSNR 43.35 sl 1-1 QP I/P/B 18.0/23.0/nan 3.1s
final nvenc_qp28             market_6       2586 kbps PSNR 40.27 sl 1-1 QP I/P/B 22.0/28.0/nan 2.7s
final nvenc_qp33             market_6       1531 kbps PSNR 36.99 sl 1-1 QP I/P/B 26.0/33.0/nan 2.8s
final nvenc_qp38             market_6        903 kbps PSNR 33.75 sl 1-1 QP I/P/B 30.0/38.0/nan 2.7s
final nvenc_qp45             market_6        435 kbps PSNR 29.49 sl 1-1 QP I/P/B 36.0/45.0/nan 2.7s
final nvenc_qp28_bf2         market_6       1980 kbps PSNR 38.06 sl 1-1 QP I/P/B 22.0/28.0/36.0 1.1s
final nvenc_qp28_bf2_bqeq    market_6       2870 kbps PSNR 40.50 sl 1-1 QP I/P/B 22.0/28.0/28.0 1.4s
final mpeg4_q2               market_6       9607 kbps PSNR 43.95 sl 1-1 QP I/P/B 4.0/4.0/nan 2.5s
final mpeg4_q4               market_6       4838 kbps PSNR 39.86 sl 1-1 QP I/P/B 8.0/8.0/nan 2.5s
final mpeg4_q8               market_6       2367 kbps PSNR 35.93 sl 1-1 QP I/P/B 16.0/16.0/nan 2.5s
final mpeg4_q16              market_6       1247 kbps PSNR 32.43 sl 1-1 QP I/P/B 32.0/32.0/nan 2.5s
final mpeg4_q31              market_6        822 kbps PSNR 29.53 sl 1-1 QP I/P/B 62.0/62.0/nan 2.5s
[final/main] loaded mountain_1 (50 frames) in 4s
final x264_crf12             mountain_1     3717 kbps PSNR 51.03 sl 1-1 QP I/P/B 11.4/11.7/nan 4.7s
final x264_crf18             mountain_1     1629 kbps PSNR 47.70 sl 1-1 QP I/P/B 17.4/17.7/nan 4.0s
final x264_crf23             mountain_1      910 kbps PSNR 44.76 sl 1-1 QP I/P/B 22.4/22.8/nan 3.8s
final x264_crf28             mountain_1      564 kbps PSNR 41.65 sl 1-1 QP I/P/B 27.4/28.1/nan 3.9s
final x264_crf33             mountain_1      363 kbps PSNR 38.52 sl 1-1 QP I/P/B 32.3/33.4/nan 3.8s
final x264_crf38             mountain_1      232 kbps PSNR 35.33 sl 1-1 QP I/P/B 37.5/38.3/nan 3.7s
final x264_crf45             mountain_1      125 kbps PSNR 30.80 sl 1-1 QP I/P/B 44.3/44.1/nan 3.7s
final x264_crf23_ref2        mountain_1      860 kbps PSNR 44.89 sl 1-1 QP I/P/B 22.4/22.6/nan 1.7s
final x264_crf23_ref3        mountain_1      862 kbps PSNR 44.89 sl 1-1 QP I/P/B 22.4/22.6/nan 1.8s
final x264_crf23_keyint30    mountain_1      956 kbps PSNR 44.91 sl 1-1 QP I/P/B 21.1/22.8/nan 3.9s
final x264_crf23_ultrafast   mountain_1     2012 kbps PSNR 44.76 sl 1-1 QP I/P/B 20.0/22.0/nan 3.4s
final x264_crf23_umh16       mountain_1      918 kbps PSNR 44.78 sl 1-1 QP I/P/B 22.4/22.8/nan 4.0s
final x264_crf23_umh32       mountain_1      920 kbps PSNR 44.79 sl 1-1 QP I/P/B 22.4/22.8/nan 4.3s
final x264_crf23_umh64       mountain_1      924 kbps PSNR 44.80 sl 1-1 QP I/P/B 22.4/22.8/nan 4.2s
final x264_crf23_bf2         mountain_1      799 kbps PSNR 44.67 sl 1-1 QP I/P/B 22.0/22.4/25.3 1.9s
final x264_qp24              mountain_1      895 kbps PSNR 46.05 sl 1-1 QP I/P/B 21.0/24.0/nan 3.7s
final x264_qp24_bf2_pb1      mountain_1      896 kbps PSNR 46.17 sl 1-1 QP I/P/B 21.0/24.0/24.0 1.9s
final nvenc_qp18             mountain_1     2074 kbps PSNR 49.98 sl 1-1 QP I/P/B 14.0/18.0/nan 4.5s
final nvenc_qp23             mountain_1     1063 kbps PSNR 47.10 sl 1-1 QP I/P/B 18.0/23.0/nan 3.4s
final nvenc_qp28             mountain_1      617 kbps PSNR 43.99 sl 1-1 QP I/P/B 22.0/28.0/nan 3.3s
final nvenc_qp33             mountain_1      382 kbps PSNR 40.50 sl 1-1 QP I/P/B 26.0/33.0/nan 3.2s
final nvenc_qp38             mountain_1      245 kbps PSNR 37.05 sl 1-1 QP I/P/B 30.0/38.0/nan 3.2s
final nvenc_qp45             mountain_1      135 kbps PSNR 32.78 sl 1-1 QP I/P/B 36.0/45.0/nan 3.2s
final nvenc_qp28_bf2         mountain_1      484 kbps PSNR 43.26 sl 1-1 QP I/P/B 22.0/28.3/36.0 1.7s
final nvenc_qp28_bf2_bqeq    mountain_1      659 kbps PSNR 44.48 sl 1-1 QP I/P/B 22.0/28.0/28.0 1.6s
final mpeg4_q2               mountain_1     2773 kbps PSNR 46.38 sl 1-1 QP I/P/B 4.0/4.0/nan 3.2s
final mpeg4_q4               mountain_1     1329 kbps PSNR 42.89 sl 1-1 QP I/P/B 8.0/8.0/nan 3.2s
final mpeg4_q8               mountain_1      648 kbps PSNR 39.57 sl 1-1 QP I/P/B 16.0/16.0/nan 3.1s
final mpeg4_q16              mountain_1      410 kbps PSNR 36.52 sl 1-1 QP I/P/B 32.0/32.0/nan 3.1s
final mpeg4_q31              mountain_1      422 kbps PSNR 33.94 sl 1-1 QP I/P/B 62.0/62.0/nan 3.0s
[final/main] loaded shaman_2 (50 frames) in 4s
final x264_crf12             shaman_2       6984 kbps PSNR 49.83 sl 1-1 QP I/P/B 10.7/11.7/nan 6.0s
final x264_crf18             shaman_2       2639 kbps PSNR 45.30 sl 1-1 QP I/P/B 16.7/18.1/nan 4.8s
final x264_crf23             shaman_2       1077 kbps PSNR 42.04 sl 1-1 QP I/P/B 21.7/23.3/nan 4.2s
final x264_crf28             shaman_2        465 kbps PSNR 39.23 sl 1-1 QP I/P/B 26.7/28.7/nan 3.6s
final x264_crf33             shaman_2        211 kbps PSNR 36.76 sl 1-1 QP I/P/B 31.7/34.2/nan 3.4s
final x264_crf38             shaman_2        108 kbps PSNR 34.66 sl 1-1 QP I/P/B 36.7/39.3/nan 3.3s
final x264_crf45             shaman_2         54 kbps PSNR 31.65 sl 1-1 QP I/P/B 43.5/46.2/nan 3.3s
final x264_crf23_ref2        shaman_2       1077 kbps PSNR 42.12 sl 1-1 QP I/P/B 21.7/23.4/nan 1.6s
final x264_crf23_ref3        shaman_2       1072 kbps PSNR 42.13 sl 1-1 QP I/P/B 21.7/23.4/nan 1.7s
final x264_crf23_keyint30    shaman_2       1161 kbps PSNR 42.16 sl 1-1 QP I/P/B 20.6/23.4/nan 3.7s
final x264_crf23_ultrafast   shaman_2       2825 kbps PSNR 42.58 sl 1-1 QP I/P/B 20.0/21.8/nan 3.2s
final x264_crf23_umh16       shaman_2       1076 kbps PSNR 42.05 sl 1-1 QP I/P/B 21.7/23.4/nan 3.8s
final x264_crf23_umh32       shaman_2       1076 kbps PSNR 42.04 sl 1-1 QP I/P/B 21.7/23.4/nan 3.8s
final x264_crf23_umh64       shaman_2       1076 kbps PSNR 42.05 sl 1-1 QP I/P/B 21.7/23.4/nan 3.9s
final x264_crf23_bf2         shaman_2        975 kbps PSNR 42.03 sl 1-1 QP I/P/B 20.5/22.4/26.4 2.0s
final x264_qp24              shaman_2       1218 kbps PSNR 42.67 sl 1-1 QP I/P/B 21.0/24.0/nan 3.8s
final x264_qp24_bf2_pb1      shaman_2       1285 kbps PSNR 42.73 sl 1-1 QP I/P/B 21.0/24.0/24.0 2.0s
final nvenc_qp18             shaman_2       3602 kbps PSNR 46.94 sl 1-1 QP I/P/B 14.0/18.0/nan 3.6s
final nvenc_qp23             shaman_2       1493 kbps PSNR 43.41 sl 1-1 QP I/P/B 18.0/23.0/nan 3.5s
final nvenc_qp28             shaman_2        670 kbps PSNR 40.72 sl 1-1 QP I/P/B 22.0/28.0/nan 3.3s
final nvenc_qp33             shaman_2        313 kbps PSNR 38.26 sl 1-1 QP I/P/B 26.0/33.0/nan 3.3s
final nvenc_qp38             shaman_2        164 kbps PSNR 36.20 sl 1-1 QP I/P/B 30.0/38.0/nan 3.2s
final nvenc_qp45             shaman_2         74 kbps PSNR 33.37 sl 1-1 QP I/P/B 36.0/45.0/nan 3.3s
final nvenc_qp28_bf2         shaman_2        493 kbps PSNR 40.11 sl 1-1 QP I/P/B 22.0/28.0/36.0 1.6s
final nvenc_qp28_bf2_bqeq    shaman_2        742 kbps PSNR 40.94 sl 1-1 QP I/P/B 22.0/28.0/28.0 1.6s
final mpeg4_q2               shaman_2       4330 kbps PSNR 44.30 sl 1-1 QP I/P/B 4.0/4.0/nan 3.2s
final mpeg4_q4               shaman_2       1586 kbps PSNR 40.65 sl 1-1 QP I/P/B 8.0/8.0/nan 3.1s
final mpeg4_q8               shaman_2        584 kbps PSNR 37.73 sl 1-1 QP I/P/B 16.0/16.0/nan 3.3s
final mpeg4_q16              shaman_2        286 kbps PSNR 35.51 sl 1-1 QP I/P/B 32.0/32.0/nan 3.1s
final mpeg4_q31              shaman_2        278 kbps PSNR 33.93 sl 1-1 QP I/P/B 62.0/62.0/nan 3.1s
[final/main] loaded shaman_3 (50 frames) in 4s
final x264_crf12             shaman_3       4582 kbps PSNR 50.78 sl 1-1 QP I/P/B 11.1/11.1/nan 4.9s
final x264_crf18             shaman_3       2102 kbps PSNR 46.87 sl 1-1 QP I/P/B 17.1/17.2/nan 4.3s
final x264_crf23             shaman_3       1098 kbps PSNR 43.45 sl 1-1 QP I/P/B 22.1/22.2/nan 4.2s
final x264_crf28             shaman_3        584 kbps PSNR 39.84 sl 1-1 QP I/P/B 27.1/27.7/nan 4.0s
final x264_crf33             shaman_3        324 kbps PSNR 36.33 sl 1-1 QP I/P/B 32.0/33.7/nan 3.6s
final x264_crf38             shaman_3        191 kbps PSNR 33.08 sl 1-1 QP I/P/B 37.3/39.6/nan 3.5s
final x264_crf45             shaman_3         97 kbps PSNR 29.03 sl 1-1 QP I/P/B 45.1/46.4/nan 3.4s
final x264_crf23_ref2        shaman_3       1089 kbps PSNR 43.53 sl 1-1 QP I/P/B 22.1/22.2/nan 1.9s
final x264_crf23_ref3        shaman_3       1084 kbps PSNR 43.54 sl 1-1 QP I/P/B 22.1/22.2/nan 1.8s
final x264_crf23_keyint30    shaman_3       1156 kbps PSNR 43.58 sl 1-1 QP I/P/B 20.5/22.2/nan 4.0s
final x264_crf23_ultrafast   shaman_3       2448 kbps PSNR 44.31 sl 1-1 QP I/P/B 20.0/22.2/nan 3.4s
final x264_crf23_umh16       shaman_3       1094 kbps PSNR 43.46 sl 1-1 QP I/P/B 22.1/22.2/nan 4.0s
final x264_crf23_umh32       shaman_3       1098 kbps PSNR 43.47 sl 1-1 QP I/P/B 22.1/22.2/nan 3.9s
final x264_crf23_umh64       shaman_3       1096 kbps PSNR 43.46 sl 1-1 QP I/P/B 22.1/22.2/nan 4.1s
final x264_crf23_bf2         shaman_3        906 kbps PSNR 43.17 sl 1-1 QP I/P/B 21.1/21.5/25.0 1.9s
final x264_qp24              shaman_3       1412 kbps PSNR 45.62 sl 1-1 QP I/P/B 21.0/24.0/nan 3.9s
final x264_qp24_bf2_pb1      shaman_3       1336 kbps PSNR 45.69 sl 1-1 QP I/P/B 21.0/24.0/24.0 2.1s
final nvenc_qp18             shaman_3       2821 kbps PSNR 49.30 sl 1-1 QP I/P/B 14.0/18.0/nan 4.3s
final nvenc_qp23             shaman_3       1586 kbps PSNR 46.16 sl 1-1 QP I/P/B 18.0/23.0/nan 3.3s
final nvenc_qp28             shaman_3        910 kbps PSNR 43.08 sl 1-1 QP I/P/B 22.0/28.0/nan 3.3s
final nvenc_qp33             shaman_3        498 kbps PSNR 39.63 sl 1-1 QP I/P/B 26.0/33.0/nan 3.3s
final nvenc_qp38             shaman_3        276 kbps PSNR 36.24 sl 1-1 QP I/P/B 30.0/38.0/nan 3.4s
final nvenc_qp45             shaman_3        131 kbps PSNR 31.82 sl 1-1 QP I/P/B 36.0/45.0/nan 3.3s
final nvenc_qp28_bf2         shaman_3        578 kbps PSNR 41.68 sl 1-1 QP I/P/B 22.0/28.3/36.0 1.6s
final nvenc_qp28_bf2_bqeq    shaman_3        901 kbps PSNR 43.38 sl 1-1 QP I/P/B 22.0/28.0/28.0 1.7s
final mpeg4_q2               shaman_3       4246 kbps PSNR 46.09 sl 1-1 QP I/P/B 4.0/4.0/nan 3.2s
final mpeg4_q4               shaman_3       2100 kbps PSNR 42.62 sl 1-1 QP I/P/B 8.0/8.0/nan 3.2s
final mpeg4_q8               shaman_3        965 kbps PSNR 38.84 sl 1-1 QP I/P/B 16.0/16.0/nan 3.1s
final mpeg4_q16              shaman_3        501 kbps PSNR 35.45 sl 1-1 QP I/P/B 32.0/32.0/nan 3.1s
final mpeg4_q31              shaman_3        404 kbps PSNR 32.54 sl 1-1 QP I/P/B 62.0/62.0/nan 3.1s
[final/main] loaded sleeping_1 (50 frames) in 4s
final x264_crf12             sleeping_1     5080 kbps PSNR 49.19 sl 1-1 QP I/P/B 12.7/12.7/nan 5.1s
final x264_crf18             sleeping_1     1935 kbps PSNR 45.46 sl 1-1 QP I/P/B 18.8/18.7/nan 4.5s
final x264_crf23             sleeping_1      952 kbps PSNR 42.37 sl 1-1 QP I/P/B 23.7/23.7/nan 3.8s
final x264_crf28             sleeping_1      519 kbps PSNR 39.31 sl 1-1 QP I/P/B 28.8/28.8/nan 3.6s
final x264_crf33             sleeping_1      312 kbps PSNR 36.44 sl 1-1 QP I/P/B 33.7/33.9/nan 3.6s
final x264_crf38             sleeping_1      205 kbps PSNR 33.69 sl 1-1 QP I/P/B 38.8/38.8/nan 3.4s
final x264_crf45             sleeping_1      131 kbps PSNR 29.94 sl 1-1 QP I/P/B 45.6/45.4/nan 3.5s
final x264_crf23_ref2        sleeping_1      950 kbps PSNR 42.50 sl 1-1 QP I/P/B 23.7/23.7/nan 1.7s
final x264_crf23_ref3        sleeping_1      952 kbps PSNR 42.51 sl 1-1 QP I/P/B 23.7/23.7/nan 1.9s
final x264_crf23_keyint30    sleeping_1     1056 kbps PSNR 42.57 sl 1-1 QP I/P/B 22.1/23.7/nan 4.0s
final x264_crf23_ultrafast   sleeping_1     2671 kbps PSNR 41.98 sl 1-1 QP I/P/B 20.0/22.2/nan 3.7s
final x264_crf23_umh16       sleeping_1      954 kbps PSNR 42.39 sl 1-1 QP I/P/B 23.7/23.7/nan 4.2s
final x264_crf23_umh32       sleeping_1      953 kbps PSNR 42.38 sl 1-1 QP I/P/B 23.7/23.7/nan 4.2s
final x264_crf23_umh64       sleeping_1      957 kbps PSNR 42.38 sl 1-1 QP I/P/B 23.7/23.7/nan 4.2s
final x264_crf23_bf2         sleeping_1      866 kbps PSNR 42.59 sl 1-1 QP I/P/B 22.5/22.9/27.6 2.0s
final x264_qp24              sleeping_1     1033 kbps PSNR 43.14 sl 1-1 QP I/P/B 21.0/24.0/nan 4.1s
final x264_qp24_bf2_pb1      sleeping_1     1114 kbps PSNR 43.26 sl 1-1 QP I/P/B 21.0/24.0/24.0 2.1s
final nvenc_qp18             sleeping_1     2700 kbps PSNR 47.44 sl 1-1 QP I/P/B 14.0/18.0/nan 4.7s
final nvenc_qp23             sleeping_1     1274 kbps PSNR 43.82 sl 1-1 QP I/P/B 18.0/23.0/nan 3.7s
final nvenc_qp28             sleeping_1      682 kbps PSNR 40.84 sl 1-1 QP I/P/B 22.0/28.0/nan 3.6s
final nvenc_qp33             sleeping_1      404 kbps PSNR 37.83 sl 1-1 QP I/P/B 26.0/33.0/nan 3.4s
final nvenc_qp38             sleeping_1      263 kbps PSNR 34.99 sl 1-1 QP I/P/B 30.0/38.0/nan 3.4s
final nvenc_qp45             sleeping_1      165 kbps PSNR 31.35 sl 1-1 QP I/P/B 36.0/45.0/nan 3.4s
final nvenc_qp28_bf2         sleeping_1      509 kbps PSNR 40.69 sl 1-1 QP I/P/B 22.0/28.0/36.0 1.8s
final nvenc_qp28_bf2_bqeq    sleeping_1      702 kbps PSNR 41.18 sl 1-1 QP I/P/B 22.0/28.0/28.0 1.7s
final mpeg4_q2               sleeping_1     3920 kbps PSNR 44.24 sl 1-1 QP I/P/B 4.0/4.0/nan 3.3s
final mpeg4_q4               sleeping_1     1612 kbps PSNR 40.72 sl 1-1 QP I/P/B 8.0/8.0/nan 3.2s
final mpeg4_q8               sleeping_1      691 kbps PSNR 37.44 sl 1-1 QP I/P/B 16.0/16.0/nan 3.2s
final mpeg4_q16              sleeping_1      409 kbps PSNR 34.54 sl 1-1 QP I/P/B 32.0/32.0/nan 3.2s
final mpeg4_q31              sleeping_1      363 kbps PSNR 32.24 sl 1-1 QP I/P/B 62.0/62.0/nan 3.2s
[final/main] loaded sleeping_2 (50 frames) in 4s
final x264_crf12             sleeping_2     8559 kbps PSNR 47.87 sl 1-1 QP I/P/B 12.9/13.2/nan 5.5s
final x264_crf18             sleeping_2     3083 kbps PSNR 43.27 sl 1-1 QP I/P/B 18.9/19.2/nan 4.7s
final x264_crf23             sleeping_2     1331 kbps PSNR 39.77 sl 1-1 QP I/P/B 23.9/24.3/nan 4.2s
final x264_crf28             sleeping_2      620 kbps PSNR 36.61 sl 1-1 QP I/P/B 28.8/29.4/nan 3.7s
final x264_crf33             sleeping_2      330 kbps PSNR 33.82 sl 1-1 QP I/P/B 33.9/34.6/nan 3.5s
final x264_crf38             sleeping_2      198 kbps PSNR 31.35 sl 1-1 QP I/P/B 38.9/39.8/nan 3.4s
final x264_crf45             sleeping_2      113 kbps PSNR 28.03 sl 1-1 QP I/P/B 46.0/47.1/nan 3.4s
final x264_crf23_ref2        sleeping_2     1303 kbps PSNR 39.92 sl 1-1 QP I/P/B 23.9/24.3/nan 1.9s
final x264_crf23_ref3        sleeping_2     1299 kbps PSNR 39.92 sl 1-1 QP I/P/B 23.9/24.3/nan 2.0s
final x264_crf23_keyint30    sleeping_2     1502 kbps PSNR 39.97 sl 1-1 QP I/P/B 22.5/24.3/nan 4.0s
final x264_crf23_ultrafast   sleeping_2     4278 kbps PSNR 39.60 sl 1-1 QP I/P/B 20.0/23.2/nan 3.4s
final x264_crf23_umh16       sleeping_2     1334 kbps PSNR 39.77 sl 1-1 QP I/P/B 23.9/24.3/nan 4.1s
final x264_crf23_umh32       sleeping_2     1333 kbps PSNR 39.77 sl 1-1 QP I/P/B 23.9/24.3/nan 4.1s
final x264_crf23_umh64       sleeping_2     1331 kbps PSNR 39.78 sl 1-1 QP I/P/B 23.9/24.3/nan 4.2s
final x264_crf23_bf2         sleeping_2     1136 kbps PSNR 40.15 sl 1-1 QP I/P/B 22.1/23.2/28.0 2.1s
final x264_qp24              sleeping_2     1684 kbps PSNR 40.75 sl 1-1 QP I/P/B 21.0/24.0/nan 4.0s
final x264_qp24_bf2_pb1      sleeping_2     1632 kbps PSNR 40.92 sl 1-1 QP I/P/B 21.0/24.0/24.0 2.3s
final nvenc_qp18             sleeping_2     4727 kbps PSNR 45.40 sl 1-1 QP I/P/B 14.0/18.0/nan 4.9s
final nvenc_qp23             sleeping_2     2073 kbps PSNR 41.43 sl 1-1 QP I/P/B 18.0/23.0/nan 3.7s
final nvenc_qp28             sleeping_2      989 kbps PSNR 38.44 sl 1-1 QP I/P/B 22.0/28.0/nan 3.4s
final nvenc_qp33             sleeping_2      517 kbps PSNR 35.67 sl 1-1 QP I/P/B 26.0/33.0/nan 3.4s
final nvenc_qp38             sleeping_2      307 kbps PSNR 33.17 sl 1-1 QP I/P/B 30.0/38.0/nan 3.8s
final nvenc_qp45             sleeping_2      173 kbps PSNR 29.93 sl 1-1 QP I/P/B 36.0/45.0/nan 3.5s
final nvenc_qp28_bf2         sleeping_2      687 kbps PSNR 38.39 sl 1-1 QP I/P/B 22.0/28.3/36.0 1.9s
final nvenc_qp28_bf2_bqeq    sleeping_2      993 kbps PSNR 38.89 sl 1-1 QP I/P/B 22.0/28.0/28.0 1.8s
final mpeg4_q2               sleeping_2     6966 kbps PSNR 42.78 sl 1-1 QP I/P/B 4.0/4.0/nan 3.5s
final mpeg4_q4               sleeping_2     2680 kbps PSNR 38.88 sl 1-1 QP I/P/B 8.0/8.0/nan 3.3s
final mpeg4_q8               sleeping_2      987 kbps PSNR 35.43 sl 1-1 QP I/P/B 16.0/16.0/nan 3.3s
final mpeg4_q16              sleeping_2      456 kbps PSNR 32.53 sl 1-1 QP I/P/B 32.0/32.0/nan 3.2s
final mpeg4_q31              sleeping_2      343 kbps PSNR 30.30 sl 1-1 QP I/P/B 62.0/62.0/nan 3.2s
[final/main] loaded temple_2 (50 frames) in 4s
final x264_crf12             temple_2       7697 kbps PSNR 48.18 sl 1-1 QP I/P/B 12.4/13.7/nan 5.2s
final x264_crf18             temple_2       3636 kbps PSNR 43.80 sl 1-1 QP I/P/B 18.7/19.9/nan 4.7s
final x264_crf23             temple_2       1936 kbps PSNR 40.26 sl 1-1 QP I/P/B 23.7/25.0/nan 4.4s
final x264_crf28             temple_2       1065 kbps PSNR 36.90 sl 1-1 QP I/P/B 28.7/30.1/nan 4.1s
final x264_crf33             temple_2        627 kbps PSNR 33.81 sl 1-1 QP I/P/B 33.6/35.3/nan 3.9s
final x264_crf38             temple_2        387 kbps PSNR 30.90 sl 1-1 QP I/P/B 38.5/40.5/nan 3.7s
final x264_crf45             temple_2        217 kbps PSNR 27.12 sl 1-1 QP I/P/B 45.1/46.8/nan 3.5s
final x264_crf23_ref2        temple_2       1905 kbps PSNR 40.30 sl 1-1 QP I/P/B 23.7/25.0/nan 2.0s
final x264_crf23_ref3        temple_2       1898 kbps PSNR 40.30 sl 1-1 QP I/P/B 23.7/25.0/nan 2.1s
final x264_crf23_keyint30    temple_2       2059 kbps PSNR 40.37 sl 1-1 QP I/P/B 22.7/25.0/nan 4.1s
final x264_crf23_ultrafast   temple_2       4148 kbps PSNR 39.87 sl 1-1 QP I/P/B 20.0/24.8/nan 3.3s
final x264_crf23_umh16       temple_2       1926 kbps PSNR 40.26 sl 1-1 QP I/P/B 23.7/25.0/nan 4.4s
final x264_crf23_umh32       temple_2       1923 kbps PSNR 40.25 sl 1-1 QP I/P/B 23.7/25.0/nan 4.3s
final x264_crf23_umh64       temple_2       1923 kbps PSNR 40.25 sl 1-1 QP I/P/B 23.7/25.0/nan 4.6s
final x264_crf23_bf2         temple_2       1767 kbps PSNR 40.01 sl 1-1 QP I/P/B 22.9/24.6/28.5 2.4s
final x264_qp24              temple_2       2871 kbps PSNR 42.73 sl 1-1 QP I/P/B 21.0/24.0/nan 4.2s
final x264_qp24_bf2_pb1      temple_2       2985 kbps PSNR 42.88 sl 1-1 QP I/P/B 21.0/24.0/24.0 2.6s
final nvenc_qp18             temple_2       6044 kbps PSNR 47.23 sl 1-1 QP I/P/B 14.0/18.0/nan 4.1s
final nvenc_qp23             temple_2       3333 kbps PSNR 43.52 sl 1-1 QP I/P/B 18.0/23.0/nan 3.9s
final nvenc_qp28             temple_2       1861 kbps PSNR 40.20 sl 1-1 QP I/P/B 22.0/28.0/nan 3.7s
final nvenc_qp33             temple_2       1036 kbps PSNR 36.85 sl 1-1 QP I/P/B 26.0/33.0/nan 3.4s
final nvenc_qp38             temple_2        595 kbps PSNR 33.68 sl 1-1 QP I/P/B 30.0/38.0/nan 3.4s
final nvenc_qp45             temple_2        306 kbps PSNR 29.73 sl 1-1 QP I/P/B 36.0/45.0/nan 3.5s
final nvenc_qp28_bf2         temple_2       1314 kbps PSNR 38.61 sl 1-1 QP I/P/B 22.0/28.1/36.0 1.9s
final nvenc_qp28_bf2_bqeq    temple_2       1988 kbps PSNR 40.43 sl 1-1 QP I/P/B 22.0/28.0/28.0 1.8s
final mpeg4_q2               temple_2       8071 kbps PSNR 44.32 sl 1-1 QP I/P/B 4.0/4.0/nan 3.4s
final mpeg4_q4               temple_2       3817 kbps PSNR 40.26 sl 1-1 QP I/P/B 8.0/8.0/nan 3.3s
final mpeg4_q8               temple_2       1742 kbps PSNR 36.41 sl 1-1 QP I/P/B 16.0/16.0/nan 3.4s
final mpeg4_q16              temple_2        892 kbps PSNR 33.02 sl 1-1 QP I/P/B 32.0/32.0/nan 3.2s
final mpeg4_q31              temple_2        569 kbps PSNR 30.35 sl 1-1 QP I/P/B 62.0/62.0/nan 3.2s
[final/main] loaded temple_3 (50 frames) in 4s
final x264_crf12             temple_3       6284 kbps PSNR 49.21 sl 1-1 QP I/P/B 12.4/13.8/nan 4.8s
final x264_crf18             temple_3       3280 kbps PSNR 45.31 sl 1-1 QP I/P/B 18.4/19.9/nan 4.4s
final x264_crf23             temple_3       1954 kbps PSNR 42.01 sl 1-1 QP I/P/B 23.4/24.9/nan 4.1s
final x264_crf28             temple_3       1183 kbps PSNR 38.72 sl 1-1 QP I/P/B 28.4/30.2/nan 4.0s
final x264_crf33             temple_3        726 kbps PSNR 35.60 sl 1-1 QP I/P/B 33.3/35.8/nan 3.8s
final x264_crf38             temple_3        456 kbps PSNR 32.65 sl 1-1 QP I/P/B 38.4/41.0/nan 3.7s
final x264_crf45             temple_3        252 kbps PSNR 29.00 sl 1-1 QP I/P/B 45.0/47.3/nan 3.6s
final x264_crf23_ref2        temple_3       1956 kbps PSNR 42.01 sl 1-1 QP I/P/B 23.4/25.0/nan 2.0s
final x264_crf23_ref3        temple_3       1956 kbps PSNR 42.01 sl 1-1 QP I/P/B 23.4/25.0/nan 2.5s
final x264_crf23_keyint30    temple_3       1971 kbps PSNR 42.06 sl 1-1 QP I/P/B 23.3/24.9/nan 3.9s
final x264_crf23_ultrafast   temple_3       3386 kbps PSNR 41.96 sl 1-1 QP I/P/B 20.0/25.6/nan 3.2s
final x264_crf23_umh16       temple_3       1950 kbps PSNR 41.98 sl 1-1 QP I/P/B 23.4/25.0/nan 4.2s
final x264_crf23_umh32       temple_3       1948 kbps PSNR 41.98 sl 1-1 QP I/P/B 23.4/25.0/nan 4.3s
final x264_crf23_umh64       temple_3       1949 kbps PSNR 41.99 sl 1-1 QP I/P/B 23.4/25.0/nan 4.5s
final x264_crf23_bf2         temple_3       1906 kbps PSNR 41.85 sl 1-1 QP I/P/B 23.0/24.8/26.2 2.3s
final x264_qp24              temple_3       3134 kbps PSNR 45.81 sl 1-1 QP I/P/B 21.0/24.0/nan 4.0s
final x264_qp24_bf2_pb1      temple_3       3176 kbps PSNR 45.91 sl 1-1 QP I/P/B 21.0/24.0/24.0 2.5s
final nvenc_qp18             temple_3       5765 kbps PSNR 49.33 sl 1-1 QP I/P/B 14.0/18.0/nan 3.6s
final nvenc_qp23             temple_3       3536 kbps PSNR 46.39 sl 1-1 QP I/P/B 18.0/23.0/nan 3.7s
final nvenc_qp28             temple_3       2186 kbps PSNR 43.54 sl 1-1 QP I/P/B 22.0/28.0/nan 3.6s
final nvenc_qp33             temple_3       1336 kbps PSNR 40.36 sl 1-1 QP I/P/B 26.0/33.0/nan 3.4s
final nvenc_qp38             temple_3        798 kbps PSNR 37.07 sl 1-1 QP I/P/B 30.0/38.0/nan 3.5s
final nvenc_qp45             temple_3        386 kbps PSNR 32.66 sl 1-1 QP I/P/B 36.0/45.0/nan 3.5s
final nvenc_qp28_bf2         temple_3       1520 kbps PSNR 40.44 sl 1-1 QP I/P/B 22.0/28.3/36.0 1.6s
final nvenc_qp28_bf2_bqeq    temple_3       2349 kbps PSNR 43.72 sl 1-1 QP I/P/B 22.0/28.0/28.0 1.7s
final mpeg4_q2               temple_3       7453 kbps PSNR 46.77 sl 1-1 QP I/P/B 4.0/4.0/nan 3.3s
final mpeg4_q4               temple_3       4086 kbps PSNR 42.92 sl 1-1 QP I/P/B 8.0/8.0/nan 3.3s
final mpeg4_q8               temple_3       2183 kbps PSNR 38.99 sl 1-1 QP I/P/B 16.0/16.0/nan 3.3s
final mpeg4_q16              temple_3       1265 kbps PSNR 35.39 sl 1-1 QP I/P/B 32.0/32.0/nan 3.2s
final mpeg4_q31              temple_3        922 kbps PSNR 32.37 sl 1-1 QP I/P/B 62.0/62.0/nan 3.2s
[final/veryslow] loaded alley_1 (50 frames) in 3s
final x264_crf23_veryslow    alley_1        1104 kbps PSNR 41.02 sl 1-1 QP I/P/B 25.7/26.6/nan 5.5s
[final/veryslow] loaded alley_2 (50 frames) in 3s
final x264_crf23_veryslow    alley_2        1358 kbps PSNR 39.87 sl 1-1 QP I/P/B 25.2/25.9/nan 6.1s
[final/veryslow] loaded ambush_2 (21 frames) in 1s
final x264_crf23_veryslow    ambush_2       1135 kbps PSNR 45.78 sl 1-1 QP I/P/B 26.9/26.1/nan 2.3s
[final/veryslow] loaded ambush_4 (33 frames) in 2s
final x264_crf23_veryslow    ambush_4       1521 kbps PSNR 43.54 sl 1-1 QP I/P/B 23.9/26.6/nan 3.8s
[final/veryslow] loaded ambush_5 (50 frames) in 3s
final x264_crf23_veryslow    ambush_5       1453 kbps PSNR 42.81 sl 1-1 QP I/P/B 25.5/26.6/nan 5.9s
[final/veryslow] loaded ambush_6 (20 frames) in 1s
final x264_crf23_veryslow    ambush_6       1446 kbps PSNR 44.14 sl 1-1 QP I/P/B 26.4/26.4/nan 2.2s
[final/veryslow] loaded ambush_7 (50 frames) in 3s
final x264_crf23_veryslow    ambush_7        966 kbps PSNR 43.72 sl 1-1 QP I/P/B 23.8/25.5/nan 5.2s
[final/veryslow] loaded bamboo_1 (50 frames) in 3s
final x264_crf23_veryslow    bamboo_1       2152 kbps PSNR 38.61 sl 1-1 QP I/P/B 26.8/27.7/nan 7.0s
[final/veryslow] loaded bamboo_2 (50 frames) in 3s
final x264_crf23_veryslow    bamboo_2       2106 kbps PSNR 38.66 sl 1-1 QP I/P/B 26.3/27.7/nan 6.6s
[final/veryslow] loaded bandage_1 (50 frames) in 3s
final x264_crf23_veryslow    bandage_1      1547 kbps PSNR 40.85 sl 1-1 QP I/P/B 25.1/27.6/nan 5.9s
[final/veryslow] loaded bandage_2 (50 frames) in 3s
final x264_crf23_veryslow    bandage_2      1589 kbps PSNR 40.35 sl 1-1 QP I/P/B 23.9/27.2/nan 5.8s
[final/veryslow] loaded cave_2 (50 frames) in 2s
final x264_crf23_veryslow    cave_2         2015 kbps PSNR 41.88 sl 1-1 QP I/P/B 26.3/26.4/nan 6.3s
[final/veryslow] loaded cave_4 (50 frames) in 3s
final x264_crf23_veryslow    cave_4         2129 kbps PSNR 40.26 sl 1-1 QP I/P/B 26.1/26.4/nan 6.6s
[final/veryslow] loaded market_2 (50 frames) in 3s
final x264_crf23_veryslow    market_2       1129 kbps PSNR 41.26 sl 1-1 QP I/P/B 25.8/26.8/nan 5.4s
[final/veryslow] loaded market_5 (50 frames) in 2s
final x264_crf23_veryslow    market_5       1559 kbps PSNR 43.35 sl 1-1 QP I/P/B 26.7/26.7/nan 5.8s
[final/veryslow] loaded market_6 (40 frames) in 2s
final x264_crf23_veryslow    market_6       2302 kbps PSNR 39.26 sl 1-1 QP I/P/B 27.1/27.9/nan 5.4s
[final/veryslow] loaded mountain_1 (50 frames) in 2s
final x264_crf23_veryslow    mountain_1      806 kbps PSNR 44.75 sl 1-1 QP I/P/B 23.8/25.1/nan 4.9s
[final/veryslow] loaded shaman_2 (50 frames) in 3s
final x264_crf23_veryslow    shaman_2       1057 kbps PSNR 41.92 sl 1-1 QP I/P/B 22.9/25.4/nan 5.3s
[final/veryslow] loaded shaman_3 (50 frames) in 3s
final x264_crf23_veryslow    shaman_3        983 kbps PSNR 43.29 sl 1-1 QP I/P/B 23.3/25.5/nan 5.0s
[final/veryslow] loaded sleeping_1 (50 frames) in 3s
final x264_crf23_veryslow    sleeping_1      871 kbps PSNR 42.26 sl 1-1 QP I/P/B 25.1/25.4/nan 5.3s
[final/veryslow] loaded sleeping_2 (50 frames) in 3s
final x264_crf23_veryslow    sleeping_2     1269 kbps PSNR 39.69 sl 1-1 QP I/P/B 24.9/25.6/nan 5.8s
[final/veryslow] loaded temple_2 (50 frames) in 3s
final x264_crf23_veryslow    temple_2       1819 kbps PSNR 40.14 sl 1-1 QP I/P/B 25.3/26.7/nan 6.2s
[final/veryslow] loaded temple_3 (50 frames) in 2s
final x264_crf23_veryslow    temple_3       1815 kbps PSNR 41.77 sl 1-1 QP I/P/B 25.1/27.2/nan 5.8s
[clean/main] loaded alley_1 (50 frames) in 2s
clean x264_crf12             alley_1       11126 kbps PSNR 46.31 sl 1-1 QP I/P/B 14.2/14.7/nan 4.9s
clean x264_crf18             alley_1        4550 kbps PSNR 41.46 sl 1-1 QP I/P/B 20.2/20.7/nan 4.3s
clean x264_crf23             alley_1        2013 kbps PSNR 37.78 sl 1-1 QP I/P/B 25.2/25.8/nan 3.8s
clean x264_crf28             alley_1         873 kbps PSNR 34.43 sl 1-1 QP I/P/B 30.2/30.9/nan 3.4s
clean x264_crf33             alley_1         405 kbps PSNR 31.49 sl 1-1 QP I/P/B 35.2/36.2/nan 3.2s
clean x264_crf38             alley_1         213 kbps PSNR 29.06 sl 1-1 QP I/P/B 40.4/41.6/nan 3.2s
clean x264_crf45             alley_1         107 kbps PSNR 25.95 sl 1-1 QP I/P/B 47.4/48.6/nan 3.1s
clean nvenc_qp18             alley_1        7817 kbps PSNR 44.65 sl 1-1 QP I/P/B 14.0/18.0/nan 4.4s
clean nvenc_qp23             alley_1        3807 kbps PSNR 40.67 sl 1-1 QP I/P/B 18.0/23.0/nan 3.4s
clean nvenc_qp28             alley_1        1834 kbps PSNR 37.44 sl 1-1 QP I/P/B 22.0/28.0/nan 3.2s
clean nvenc_qp33             alley_1         858 kbps PSNR 34.41 sl 1-1 QP I/P/B 26.0/33.0/nan 3.1s
clean nvenc_qp38             alley_1         424 kbps PSNR 31.78 sl 1-1 QP I/P/B 30.0/38.0/nan 3.0s
clean nvenc_qp45             alley_1         198 kbps PSNR 28.87 sl 1-1 QP I/P/B 36.0/45.0/nan 3.0s
clean x264_qp24              alley_1        3194 kbps PSNR 39.90 sl 1-1 QP I/P/B 21.0/24.0/nan 3.9s
clean x264_qp24_bf2_pb1      alley_1        2889 kbps PSNR 40.13 sl 1-1 QP I/P/B 21.0/24.0/24.0 1.9s
clean nvenc_qp28_bf2_bqeq    alley_1        1799 kbps PSNR 37.96 sl 1-1 QP I/P/B 22.0/28.0/28.0 1.2s
[clean/main] loaded alley_2 (50 frames) in 3s
clean x264_crf12             alley_2        8753 kbps PSNR 47.05 sl 1-1 QP I/P/B 13.2/13.9/nan 4.7s
clean x264_crf18             alley_2        3494 kbps PSNR 42.49 sl 1-1 QP I/P/B 19.2/19.9/nan 4.4s
clean x264_crf23             alley_2        1608 kbps PSNR 38.98 sl 1-1 QP I/P/B 24.2/24.9/nan 3.7s
clean x264_crf28             alley_2         769 kbps PSNR 35.71 sl 1-1 QP I/P/B 29.2/30.1/nan 3.4s
clean x264_crf33             alley_2         404 kbps PSNR 32.82 sl 1-1 QP I/P/B 34.2/35.5/nan 3.2s
clean x264_crf38             alley_2         233 kbps PSNR 30.33 sl 1-1 QP I/P/B 39.2/41.2/nan 3.1s
clean x264_crf45             alley_2         126 kbps PSNR 26.94 sl 1-1 QP I/P/B 46.4/48.3/nan 3.2s
clean nvenc_qp18             alley_2        5760 kbps PSNR 45.17 sl 1-1 QP I/P/B 14.0/18.0/nan 3.4s
clean nvenc_qp23             alley_2        2744 kbps PSNR 41.34 sl 1-1 QP I/P/B 18.0/23.0/nan 3.4s
clean nvenc_qp28             alley_2        1384 kbps PSNR 38.33 sl 1-1 QP I/P/B 22.0/28.0/nan 3.1s
clean nvenc_qp33             alley_2         712 kbps PSNR 35.49 sl 1-1 QP I/P/B 26.0/33.0/nan 3.2s
clean nvenc_qp38             alley_2         399 kbps PSNR 33.01 sl 1-1 QP I/P/B 30.0/38.0/nan 3.1s
clean nvenc_qp45             alley_2         202 kbps PSNR 29.75 sl 1-1 QP I/P/B 36.0/45.0/nan 3.0s
clean x264_qp24              alley_2        2320 kbps PSNR 40.58 sl 1-1 QP I/P/B 21.0/24.0/nan 3.8s
clean x264_qp24_bf2_pb1      alley_2        2338 kbps PSNR 40.73 sl 1-1 QP I/P/B 21.0/24.0/24.0 2.1s
clean nvenc_qp28_bf2_bqeq    alley_2        1479 kbps PSNR 38.72 sl 1-1 QP I/P/B 22.0/28.0/28.0 1.2s
[clean/main] loaded ambush_2 (21 frames) in 1s
clean x264_crf12             ambush_2       7007 kbps PSNR 48.21 sl 1-1 QP I/P/B 14.5/13.6/nan 1.9s
clean x264_crf18             ambush_2       3405 kbps PSNR 44.05 sl 1-1 QP I/P/B 20.5/19.8/nan 1.7s
clean x264_crf23             ambush_2       1887 kbps PSNR 40.75 sl 1-1 QP I/P/B 25.6/25.0/nan 1.5s
clean x264_crf28             ambush_2       1071 kbps PSNR 37.65 sl 1-1 QP I/P/B 30.8/30.5/nan 1.4s
clean x264_crf33             ambush_2        632 kbps PSNR 34.77 sl 1-1 QP I/P/B 35.7/35.9/nan 1.4s
clean x264_crf38             ambush_2        396 kbps PSNR 32.09 sl 1-1 QP I/P/B 40.9/41.1/nan 1.3s
clean x264_crf45             ambush_2        221 kbps PSNR 28.74 sl 1-1 QP I/P/B 47.3/47.2/nan 1.3s
clean nvenc_qp18             ambush_2       5913 kbps PSNR 47.95 sl 1-1 QP I/P/B 14.0/18.0/nan 2.0s
clean nvenc_qp23             ambush_2       3451 kbps PSNR 44.87 sl 1-1 QP I/P/B 18.0/23.0/nan 1.4s
clean nvenc_qp28             ambush_2       2079 kbps PSNR 42.20 sl 1-1 QP I/P/B 22.0/28.0/nan 1.3s
clean nvenc_qp33             ambush_2       1253 kbps PSNR 39.42 sl 1-1 QP I/P/B 26.0/33.0/nan 1.4s
clean nvenc_qp38             ambush_2        770 kbps PSNR 36.59 sl 1-1 QP I/P/B 30.0/38.0/nan 1.4s
clean nvenc_qp45             ambush_2        405 kbps PSNR 32.77 sl 1-1 QP I/P/B 36.0/45.0/nan 1.4s
clean x264_qp24              ambush_2       3250 kbps PSNR 44.20 sl 1-1 QP I/P/B 21.0/24.0/nan 1.6s
clean x264_qp24_bf2_pb1      ambush_2       3407 kbps PSNR 44.31 sl 1-1 QP I/P/B 21.0/24.0/24.0 0.8s
clean nvenc_qp28_bf2_bqeq    ambush_2       2444 kbps PSNR 42.42 sl 1-1 QP I/P/B 22.0/28.0/28.0 0.5s
[clean/main] loaded ambush_4 (33 frames) in 2s
clean x264_crf12             ambush_4      11210 kbps PSNR 47.65 sl 1-1 QP I/P/B 11.4/14.3/nan 3.0s
clean x264_crf18             ambush_4       5328 kbps PSNR 42.82 sl 1-1 QP I/P/B 17.5/20.4/nan 2.7s
clean x264_crf23             ambush_4       2517 kbps PSNR 39.22 sl 1-1 QP I/P/B 22.6/25.4/nan 2.5s
clean x264_crf28             ambush_4       1208 kbps PSNR 36.29 sl 1-1 QP I/P/B 27.6/30.8/nan 2.3s
clean x264_crf33             ambush_4        642 kbps PSNR 33.95 sl 1-1 QP I/P/B 32.4/36.2/nan 2.2s
clean x264_crf38             ambush_4        371 kbps PSNR 31.78 sl 1-1 QP I/P/B 36.5/41.3/nan 2.2s
clean x264_crf45             ambush_4        198 kbps PSNR 28.76 sl 1-1 QP I/P/B 44.1/47.8/nan 2.1s
clean nvenc_qp18             ambush_4       8880 kbps PSNR 46.23 sl 1-1 QP I/P/B 14.0/18.0/nan 3.2s
clean nvenc_qp23             ambush_4       4801 kbps PSNR 42.44 sl 1-1 QP I/P/B 18.0/23.0/nan 2.1s
clean nvenc_qp28             ambush_4       2498 kbps PSNR 39.39 sl 1-1 QP I/P/B 22.0/28.0/nan 2.0s
clean nvenc_qp33             ambush_4       1316 kbps PSNR 36.89 sl 1-1 QP I/P/B 26.0/33.0/nan 2.0s
clean nvenc_qp38             ambush_4        719 kbps PSNR 34.70 sl 1-1 QP I/P/B 30.0/38.0/nan 2.0s
clean nvenc_qp45             ambush_4        326 kbps PSNR 31.71 sl 1-1 QP I/P/B 36.0/45.0/nan 2.2s
clean x264_qp24              ambush_4       4303 kbps PSNR 41.83 sl 1-1 QP I/P/B 21.0/24.0/nan 2.8s
clean x264_qp24_bf2_pb1      ambush_4       4271 kbps PSNR 41.84 sl 1-1 QP I/P/B 21.0/24.0/24.0 1.5s
clean nvenc_qp28_bf2_bqeq    ambush_4       2677 kbps PSNR 39.48 sl 1-1 QP I/P/B 22.0/28.0/28.0 0.9s
[clean/main] loaded ambush_5 (50 frames) in 3s
clean x264_crf12             ambush_5      12347 kbps PSNR 47.40 sl 1-1 QP I/P/B 13.3/13.9/nan 5.1s
clean x264_crf18             ambush_5       5686 kbps PSNR 42.36 sl 1-1 QP I/P/B 19.3/20.2/nan 4.5s
clean x264_crf23             ambush_5       2513 kbps PSNR 38.68 sl 1-1 QP I/P/B 24.3/25.4/nan 4.1s
clean x264_crf28             ambush_5       1067 kbps PSNR 35.75 sl 1-1 QP I/P/B 29.5/30.9/nan 3.8s
clean x264_crf33             ambush_5        527 kbps PSNR 33.54 sl 1-1 QP I/P/B 34.6/36.2/nan 3.6s
clean x264_crf38             ambush_5        295 kbps PSNR 31.51 sl 1-1 QP I/P/B 39.5/41.3/nan 3.4s
clean x264_crf45             ambush_5        149 kbps PSNR 28.68 sl 1-1 QP I/P/B 46.0/47.7/nan 3.2s
clean nvenc_qp18             ambush_5       9150 kbps PSNR 45.36 sl 1-1 QP I/P/B 14.0/18.0/nan 4.2s
clean nvenc_qp23             ambush_5       4678 kbps PSNR 41.46 sl 1-1 QP I/P/B 18.0/23.0/nan 3.4s
clean nvenc_qp28             ambush_5       2246 kbps PSNR 38.42 sl 1-1 QP I/P/B 22.0/28.0/nan 3.3s
clean nvenc_qp33             ambush_5       1052 kbps PSNR 35.92 sl 1-1 QP I/P/B 26.0/33.0/nan 3.3s
clean nvenc_qp38             ambush_5        545 kbps PSNR 33.94 sl 1-1 QP I/P/B 30.0/38.0/nan 3.2s
clean nvenc_qp45             ambush_5        251 kbps PSNR 31.35 sl 1-1 QP I/P/B 36.0/45.0/nan 3.0s
clean x264_qp24              ambush_5       4083 kbps PSNR 40.86 sl 1-1 QP I/P/B 21.0/24.0/nan 3.9s
clean x264_qp24_bf2_pb1      ambush_5       4267 kbps PSNR 40.93 sl 1-1 QP I/P/B 21.0/24.0/24.0 2.1s
clean nvenc_qp28_bf2_bqeq    ambush_5       2534 kbps PSNR 38.56 sl 1-1 QP I/P/B 22.0/28.0/28.0 1.2s
[clean/main] loaded ambush_6 (20 frames) in 1s
clean x264_crf12             ambush_6      14122 kbps PSNR 46.54 sl 1-1 QP I/P/B 15.5/15.1/nan 2.0s
clean x264_crf18             ambush_6       7319 kbps PSNR 41.32 sl 1-1 QP I/P/B 21.5/21.1/nan 1.8s
clean x264_crf23             ambush_6       3665 kbps PSNR 37.32 sl 1-1 QP I/P/B 26.5/26.1/nan 1.6s
clean x264_crf28             ambush_6       1633 kbps PSNR 34.11 sl 1-1 QP I/P/B 31.5/31.4/nan 1.5s
clean x264_crf33             ambush_6        772 kbps PSNR 31.76 sl 1-1 QP I/P/B 36.5/36.7/nan 1.4s
clean x264_crf38             ambush_6        429 kbps PSNR 29.83 sl 1-1 QP I/P/B 41.6/41.9/nan 1.3s
clean x264_crf45             ambush_6        214 kbps PSNR 27.11 sl 1-1 QP I/P/B 48.4/48.4/nan 1.3s
clean nvenc_qp18             ambush_6      12382 kbps PSNR 45.44 sl 1-1 QP I/P/B 14.0/18.0/nan 1.5s
clean nvenc_qp23             ambush_6       7347 kbps PSNR 41.48 sl 1-1 QP I/P/B 18.0/23.0/nan 1.4s
clean nvenc_qp28             ambush_6       4074 kbps PSNR 38.09 sl 1-1 QP I/P/B 22.0/28.0/nan 1.5s
clean nvenc_qp33             ambush_6       1993 kbps PSNR 35.02 sl 1-1 QP I/P/B 26.0/33.0/nan 2.3s
clean nvenc_qp38             ambush_6       1005 kbps PSNR 32.69 sl 1-1 QP I/P/B 30.0/38.0/nan 1.8s
clean nvenc_qp45             ambush_6        434 kbps PSNR 30.08 sl 1-1 QP I/P/B 36.0/45.0/nan 1.3s
clean x264_qp24              ambush_6       6672 kbps PSNR 40.95 sl 1-1 QP I/P/B 21.0/24.0/nan 1.7s
clean x264_qp24_bf2_pb1      ambush_6       7275 kbps PSNR 41.12 sl 1-1 QP I/P/B 21.0/24.0/24.0 1.0s
clean nvenc_qp28_bf2_bqeq    ambush_6       4505 kbps PSNR 38.17 sl 1-1 QP I/P/B 22.0/28.0/28.0 0.6s
[clean/main] loaded ambush_7 (50 frames) in 2s
clean x264_crf12             ambush_7      11878 kbps PSNR 47.51 sl 1-1 QP I/P/B 13.2/13.9/nan 5.1s
clean x264_crf18             ambush_7       5625 kbps PSNR 42.53 sl 1-1 QP I/P/B 19.2/19.9/nan 4.7s
clean x264_crf23             ambush_7       2515 kbps PSNR 38.61 sl 1-1 QP I/P/B 24.2/24.9/nan 4.3s
clean x264_crf28             ambush_7        987 kbps PSNR 35.18 sl 1-1 QP I/P/B 29.3/30.0/nan 3.6s
clean x264_crf33             ambush_7        402 kbps PSNR 32.41 sl 1-1 QP I/P/B 34.2/35.2/nan 3.3s
clean x264_crf38             ambush_7        177 kbps PSNR 30.25 sl 1-1 QP I/P/B 39.0/40.3/nan 3.2s
clean x264_crf45             ambush_7         76 kbps PSNR 27.45 sl 1-1 QP I/P/B 46.1/47.4/nan 3.1s
clean nvenc_qp18             ambush_7       8225 kbps PSNR 44.84 sl 1-1 QP I/P/B 14.0/18.0/nan 3.8s
clean nvenc_qp23             ambush_7       4186 kbps PSNR 41.03 sl 1-1 QP I/P/B 18.0/23.0/nan 3.5s
clean nvenc_qp28             ambush_7       1992 kbps PSNR 37.68 sl 1-1 QP I/P/B 22.0/28.0/nan 3.3s
clean nvenc_qp33             ambush_7        849 kbps PSNR 34.73 sl 1-1 QP I/P/B 26.0/33.0/nan 3.1s
clean nvenc_qp38             ambush_7        352 kbps PSNR 32.49 sl 1-1 QP I/P/B 30.0/38.0/nan 3.1s
clean nvenc_qp45             ambush_7        132 kbps PSNR 30.36 sl 1-1 QP I/P/B 36.0/45.0/nan 3.1s
clean x264_qp24              ambush_7       3349 kbps PSNR 39.96 sl 1-1 QP I/P/B 21.0/24.0/nan 4.2s
clean x264_qp24_bf2_pb1      ambush_7       3163 kbps PSNR 40.15 sl 1-1 QP I/P/B 21.0/24.0/24.0 2.1s
clean nvenc_qp28_bf2_bqeq    ambush_7       2068 kbps PSNR 37.97 sl 1-1 QP I/P/B 22.0/28.0/28.0 1.4s
[clean/main] loaded bamboo_1 (50 frames) in 3s
clean x264_crf12             bamboo_1      16043 kbps PSNR 45.19 sl 1-1 QP I/P/B 15.3/15.9/nan 5.2s
clean x264_crf18             bamboo_1       7646 kbps PSNR 39.85 sl 1-1 QP I/P/B 21.3/21.9/nan 4.6s
clean x264_crf23             bamboo_1       3729 kbps PSNR 35.73 sl 1-1 QP I/P/B 26.3/27.0/nan 4.3s
clean x264_crf28             bamboo_1       1784 kbps PSNR 32.03 sl 1-1 QP I/P/B 31.3/32.1/nan 3.9s
clean x264_crf33             bamboo_1        898 kbps PSNR 28.85 sl 1-1 QP I/P/B 36.3/37.3/nan 3.6s
clean x264_crf38             bamboo_1        464 kbps PSNR 26.14 sl 1-1 QP I/P/B 41.4/42.6/nan 3.4s
clean x264_crf45             bamboo_1        194 kbps PSNR 22.93 sl 1-1 QP I/P/B 48.3/49.5/nan 3.2s
clean nvenc_qp18             bamboo_1      13070 kbps PSNR 43.80 sl 1-1 QP I/P/B 14.0/18.0/nan 3.8s
clean nvenc_qp23             bamboo_1       7150 kbps PSNR 39.55 sl 1-1 QP I/P/B 18.0/23.0/nan 3.6s
clean nvenc_qp28             bamboo_1       3836 kbps PSNR 35.96 sl 1-1 QP I/P/B 22.0/28.0/nan 3.5s
clean nvenc_qp33             bamboo_1       2000 kbps PSNR 32.63 sl 1-1 QP I/P/B 26.0/33.0/nan 3.3s
clean nvenc_qp38             bamboo_1       1070 kbps PSNR 29.72 sl 1-1 QP I/P/B 30.0/38.0/nan 3.2s
clean nvenc_qp45             bamboo_1        452 kbps PSNR 26.15 sl 1-1 QP I/P/B 36.0/45.0/nan 3.1s
clean x264_qp24              bamboo_1       6403 kbps PSNR 38.68 sl 1-1 QP I/P/B 21.0/24.0/nan 4.4s
clean x264_qp24_bf2_pb1      bamboo_1       6014 kbps PSNR 38.82 sl 1-1 QP I/P/B 21.0/24.0/24.0 2.6s
clean nvenc_qp28_bf2_bqeq    bamboo_1       3748 kbps PSNR 36.31 sl 1-1 QP I/P/B 22.0/28.0/28.0 1.6s
[clean/main] loaded bamboo_2 (50 frames) in 3s
clean x264_crf12             bamboo_2      11941 kbps PSNR 46.03 sl 1-1 QP I/P/B 14.3/15.3/nan 4.9s
clean x264_crf18             bamboo_2       5957 kbps PSNR 41.12 sl 1-1 QP I/P/B 20.3/21.4/nan 4.4s
clean x264_crf23             bamboo_2       3101 kbps PSNR 37.16 sl 1-1 QP I/P/B 25.3/26.5/nan 4.0s
clean x264_crf28             bamboo_2       1565 kbps PSNR 33.45 sl 1-1 QP I/P/B 30.3/31.7/nan 3.7s
clean x264_crf33             bamboo_2        802 kbps PSNR 30.13 sl 1-1 QP I/P/B 35.3/37.0/nan 3.5s
clean x264_crf38             bamboo_2        417 kbps PSNR 27.30 sl 1-1 QP I/P/B 40.3/42.4/nan 3.3s
clean x264_crf45             bamboo_2        174 kbps PSNR 23.95 sl 1-1 QP I/P/B 47.3/49.3/nan 3.2s
clean nvenc_qp18             bamboo_2       9860 kbps PSNR 44.69 sl 1-1 QP I/P/B 14.0/18.0/nan 3.6s
clean nvenc_qp23             bamboo_2       5586 kbps PSNR 40.73 sl 1-1 QP I/P/B 18.0/23.0/nan 3.5s
clean nvenc_qp28             bamboo_2       3139 kbps PSNR 37.25 sl 1-1 QP I/P/B 22.0/28.0/nan 3.3s
clean nvenc_qp33             bamboo_2       1704 kbps PSNR 33.92 sl 1-1 QP I/P/B 26.0/33.0/nan 3.2s
clean nvenc_qp38             bamboo_2        931 kbps PSNR 30.95 sl 1-1 QP I/P/B 30.0/38.0/nan 3.1s
clean nvenc_qp45             bamboo_2        404 kbps PSNR 27.17 sl 1-1 QP I/P/B 36.0/45.0/nan 3.1s
clean x264_qp24              bamboo_2       4948 kbps PSNR 39.81 sl 1-1 QP I/P/B 21.0/24.0/nan 4.2s
clean x264_qp24_bf2_pb1      bamboo_2       4791 kbps PSNR 39.97 sl 1-1 QP I/P/B 21.0/24.0/24.0 2.3s
clean nvenc_qp28_bf2_bqeq    bamboo_2       3115 kbps PSNR 37.56 sl 1-1 QP I/P/B 22.0/28.0/28.0 1.5s
[clean/main] loaded bandage_1 (50 frames) in 4s
clean x264_crf12             bandage_1      7545 kbps PSNR 47.86 sl 1-1 QP I/P/B 13.2/14.2/nan 4.9s
clean x264_crf18             bandage_1      3534 kbps PSNR 43.08 sl 1-1 QP I/P/B 19.2/20.9/nan 4.0s
clean x264_crf23             bandage_1      1865 kbps PSNR 39.34 sl 1-1 QP I/P/B 24.2/26.0/nan 3.7s
clean x264_crf28             bandage_1       993 kbps PSNR 35.90 sl 1-1 QP I/P/B 29.1/31.5/nan 3.5s
clean x264_crf33             bandage_1       537 kbps PSNR 32.81 sl 1-1 QP I/P/B 34.2/36.4/nan 3.4s
clean x264_crf38             bandage_1       302 kbps PSNR 30.00 sl 1-1 QP I/P/B 39.2/41.1/nan 3.2s
clean x264_crf45             bandage_1       150 kbps PSNR 26.53 sl 1-1 QP I/P/B 45.9/47.5/nan 3.1s
clean nvenc_qp18             bandage_1      5553 kbps PSNR 45.37 sl 1-1 QP I/P/B 14.0/18.0/nan 3.4s
clean nvenc_qp23             bandage_1      3034 kbps PSNR 41.56 sl 1-1 QP I/P/B 18.0/23.0/nan 3.6s
clean nvenc_qp28             bandage_1      1673 kbps PSNR 38.34 sl 1-1 QP I/P/B 22.0/28.0/nan 3.5s
clean nvenc_qp33             bandage_1       915 kbps PSNR 35.18 sl 1-1 QP I/P/B 26.0/33.0/nan 3.3s
clean nvenc_qp38             bandage_1       501 kbps PSNR 32.28 sl 1-1 QP I/P/B 30.0/38.0/nan 3.2s
clean nvenc_qp45             bandage_1       232 kbps PSNR 28.74 sl 1-1 QP I/P/B 36.0/45.0/nan 3.1s
clean x264_qp24              bandage_1      2558 kbps PSNR 40.57 sl 1-1 QP I/P/B 21.0/24.0/nan 3.9s
clean x264_qp24_bf2_pb1      bandage_1      2691 kbps PSNR 40.74 sl 1-1 QP I/P/B 21.0/24.0/24.0 2.0s
clean nvenc_qp28_bf2_bqeq    bandage_1      1816 kbps PSNR 38.52 sl 1-1 QP I/P/B 22.0/28.0/28.0 1.4s
[clean/main] loaded bandage_2 (50 frames) in 3s
clean x264_crf12             bandage_2      8142 kbps PSNR 48.10 sl 1-1 QP I/P/B 11.7/13.1/nan 4.6s
clean x264_crf18             bandage_2      3577 kbps PSNR 43.20 sl 1-1 QP I/P/B 17.7/19.6/nan 4.4s
clean x264_crf23             bandage_2      1709 kbps PSNR 39.44 sl 1-1 QP I/P/B 22.7/24.8/nan 4.2s
clean x264_crf28             bandage_2       816 kbps PSNR 36.08 sl 1-1 QP I/P/B 27.7/30.4/nan 3.9s
clean x264_crf33             bandage_2       418 kbps PSNR 33.18 sl 1-1 QP I/P/B 32.8/35.8/nan 3.7s
clean x264_crf38             bandage_2       223 kbps PSNR 30.67 sl 1-1 QP I/P/B 37.7/41.0/nan 3.6s
clean x264_crf45             bandage_2       107 kbps PSNR 27.79 sl 1-1 QP I/P/B 44.7/47.7/nan 3.4s
clean nvenc_qp18             bandage_2      5519 kbps PSNR 45.40 sl 1-1 QP I/P/B 14.0/18.0/nan 3.6s
clean nvenc_qp23             bandage_2      2823 kbps PSNR 41.63 sl 1-1 QP I/P/B 18.0/23.0/nan 3.4s
clean nvenc_qp28             bandage_2      1440 kbps PSNR 38.53 sl 1-1 QP I/P/B 22.0/28.0/nan 3.3s
clean nvenc_qp33             bandage_2       723 kbps PSNR 35.63 sl 1-1 QP I/P/B 26.0/33.0/nan 3.2s
clean nvenc_qp38             bandage_2       378 kbps PSNR 32.97 sl 1-1 QP I/P/B 30.0/38.0/nan 3.3s
clean nvenc_qp45             bandage_2       167 kbps PSNR 29.83 sl 1-1 QP I/P/B 36.0/45.0/nan 3.8s
clean x264_qp24              bandage_2      2395 kbps PSNR 40.68 sl 1-1 QP I/P/B 21.0/24.0/nan 6.4s
clean x264_qp24_bf2_pb1      bandage_2      2495 kbps PSNR 40.83 sl 1-1 QP I/P/B 21.0/24.0/24.0 3.5s
clean nvenc_qp28_bf2_bqeq    bandage_2      1579 kbps PSNR 38.78 sl 1-1 QP I/P/B 22.0/28.0/28.0 2.5s
[clean/main] loaded cave_2 (50 frames) in 4s
clean x264_crf12             cave_2        14212 kbps PSNR 46.33 sl 1-1 QP I/P/B 15.2/15.2/nan 9.0s
clean x264_crf18             cave_2         6697 kbps PSNR 41.34 sl 1-1 QP I/P/B 21.2/21.2/nan 7.8s
clean x264_crf23             cave_2         3203 kbps PSNR 37.74 sl 1-1 QP I/P/B 26.2/26.3/nan 6.9s
clean x264_crf28             cave_2         1491 kbps PSNR 34.71 sl 1-1 QP I/P/B 31.2/31.5/nan 6.5s
clean x264_crf33             cave_2          710 kbps PSNR 32.18 sl 1-1 QP I/P/B 36.2/36.8/nan 5.7s
clean x264_crf38             cave_2          362 kbps PSNR 29.91 sl 1-1 QP I/P/B 41.2/41.9/nan 5.5s
clean x264_crf45             cave_2          150 kbps PSNR 27.02 sl 1-1 QP I/P/B 48.2/48.1/nan 5.4s
clean nvenc_qp18             cave_2        11235 kbps PSNR 44.54 sl 1-1 QP I/P/B 14.0/18.0/nan 6.2s
clean nvenc_qp23             cave_2         5953 kbps PSNR 40.66 sl 1-1 QP I/P/B 18.0/23.0/nan 5.8s
clean nvenc_qp28             cave_2         3041 kbps PSNR 37.54 sl 1-1 QP I/P/B 22.0/28.0/nan 5.5s
clean nvenc_qp33             cave_2         1490 kbps PSNR 34.77 sl 1-1 QP I/P/B 26.0/33.0/nan 5.2s
clean nvenc_qp38             cave_2          733 kbps PSNR 32.42 sl 1-1 QP I/P/B 30.0/38.0/nan 5.0s
clean nvenc_qp45             cave_2          297 kbps PSNR 29.73 sl 1-1 QP I/P/B 36.0/45.0/nan 4.9s
clean x264_qp24              cave_2         5283 kbps PSNR 40.06 sl 1-1 QP I/P/B 21.0/24.0/nan 7.1s
clean x264_qp24_bf2_pb1      cave_2         6418 kbps PSNR 40.26 sl 1-1 QP I/P/B 21.0/24.0/24.0 4.5s
clean nvenc_qp28_bf2_bqeq    cave_2         3418 kbps PSNR 37.62 sl 1-1 QP I/P/B 22.0/28.0/28.0 2.1s
[clean/main] loaded cave_4 (50 frames) in 4s
clean x264_crf12             cave_4        17220 kbps PSNR 46.20 sl 1-1 QP I/P/B 15.0/15.4/nan 9.3s
clean x264_crf18             cave_4         7994 kbps PSNR 40.87 sl 1-1 QP I/P/B 21.0/21.4/nan 8.1s
clean x264_crf23             cave_4         3549 kbps PSNR 37.14 sl 1-1 QP I/P/B 26.0/26.4/nan 7.3s
clean x264_crf28             cave_4         1541 kbps PSNR 34.13 sl 1-1 QP I/P/B 31.0/31.5/nan 5.1s
clean x264_crf33             cave_4          717 kbps PSNR 31.72 sl 1-1 QP I/P/B 36.0/36.8/nan 3.5s
clean x264_crf38             cave_4          358 kbps PSNR 29.63 sl 1-1 QP I/P/B 41.0/42.0/nan 3.3s
clean x264_crf45             cave_4          152 kbps PSNR 26.92 sl 1-1 QP I/P/B 47.8/48.6/nan 3.2s
clean nvenc_qp18             cave_4        13112 kbps PSNR 44.04 sl 1-1 QP I/P/B 14.0/18.0/nan 3.8s
clean nvenc_qp23             cave_4         6767 kbps PSNR 40.02 sl 1-1 QP I/P/B 18.0/23.0/nan 3.6s
clean nvenc_qp28             cave_4         3273 kbps PSNR 36.84 sl 1-1 QP I/P/B 22.0/28.0/nan 3.3s
clean nvenc_qp33             cave_4         1539 kbps PSNR 34.09 sl 1-1 QP I/P/B 26.0/33.0/nan 3.3s
clean nvenc_qp38             cave_4          746 kbps PSNR 31.88 sl 1-1 QP I/P/B 30.0/38.0/nan 3.1s
clean nvenc_qp45             cave_4          292 kbps PSNR 29.45 sl 1-1 QP I/P/B 36.0/45.0/nan 3.0s
clean x264_qp24              cave_4         5905 kbps PSNR 39.37 sl 1-1 QP I/P/B 21.0/24.0/nan 4.3s
clean x264_qp24_bf2_pb1      cave_4         6333 kbps PSNR 39.46 sl 1-1 QP I/P/B 21.0/24.0/24.0 2.6s
clean nvenc_qp28_bf2_bqeq    cave_4         3572 kbps PSNR 36.92 sl 1-1 QP I/P/B 22.0/28.0/28.0 1.3s
[clean/main] loaded market_2 (50 frames) in 3s
clean x264_crf12             market_2      10391 kbps PSNR 46.12 sl 1-1 QP I/P/B 14.7/15.1/nan 4.9s
clean x264_crf18             market_2       4932 kbps PSNR 41.31 sl 1-1 QP I/P/B 20.7/21.3/nan 4.5s
clean x264_crf23             market_2       2483 kbps PSNR 37.48 sl 1-1 QP I/P/B 25.7/26.6/nan 3.9s
clean x264_crf28             market_2       1202 kbps PSNR 33.81 sl 1-1 QP I/P/B 30.7/32.0/nan 3.6s
clean x264_crf33             market_2        589 kbps PSNR 30.44 sl 1-1 QP I/P/B 35.7/37.1/nan 3.4s
clean x264_crf38             market_2        312 kbps PSNR 27.51 sl 1-1 QP I/P/B 40.7/42.4/nan 3.2s
clean x264_crf45             market_2        142 kbps PSNR 23.98 sl 1-1 QP I/P/B 47.5/49.0/nan 3.2s
clean nvenc_qp18             market_2       8771 kbps PSNR 45.16 sl 1-1 QP I/P/B 14.0/18.0/nan 3.5s
clean nvenc_qp23             market_2       4887 kbps PSNR 41.30 sl 1-1 QP I/P/B 18.0/23.0/nan 3.3s
clean nvenc_qp28             market_2       2702 kbps PSNR 37.94 sl 1-1 QP I/P/B 22.0/28.0/nan 3.2s
clean nvenc_qp33             market_2       1404 kbps PSNR 34.59 sl 1-1 QP I/P/B 26.0/33.0/nan 3.2s
clean nvenc_qp38             market_2        712 kbps PSNR 31.42 sl 1-1 QP I/P/B 30.0/38.0/nan 3.1s
clean nvenc_qp45             market_2        299 kbps PSNR 27.55 sl 1-1 QP I/P/B 36.0/45.0/nan 3.1s
clean x264_qp24              market_2       4260 kbps PSNR 40.38 sl 1-1 QP I/P/B 21.0/24.0/nan 4.0s
clean x264_qp24_bf2_pb1      market_2       4029 kbps PSNR 40.56 sl 1-1 QP I/P/B 21.0/24.0/24.0 2.2s
clean nvenc_qp28_bf2_bqeq    market_2       2666 kbps PSNR 38.26 sl 1-1 QP I/P/B 22.0/28.0/28.0 1.4s
[clean/main] loaded market_5 (50 frames) in 3s
clean x264_crf12             market_5       9218 kbps PSNR 47.57 sl 1-1 QP I/P/B 15.7/14.5/nan 4.7s
clean x264_crf18             market_5       4406 kbps PSNR 43.48 sl 1-1 QP I/P/B 21.7/20.6/nan 4.2s
clean x264_crf23             market_5       2322 kbps PSNR 40.25 sl 1-1 QP I/P/B 26.8/25.6/nan 3.9s
clean x264_crf28             market_5       1235 kbps PSNR 37.25 sl 1-1 QP I/P/B 31.8/31.0/nan 3.8s
clean x264_crf33             market_5        669 kbps PSNR 34.49 sl 1-1 QP I/P/B 36.8/36.3/nan 3.7s
clean x264_crf38             market_5        377 kbps PSNR 31.80 sl 1-1 QP I/P/B 41.9/41.4/nan 3.5s
clean x264_crf45             market_5        180 kbps PSNR 28.02 sl 1-1 QP I/P/B 48.9/47.4/nan 3.4s
clean nvenc_qp18             market_5       7461 kbps PSNR 46.56 sl 1-1 QP I/P/B 14.0/18.0/nan 3.6s
clean nvenc_qp23             market_5       4105 kbps PSNR 43.31 sl 1-1 QP I/P/B 18.0/23.0/nan 3.3s
clean nvenc_qp28             market_5       2294 kbps PSNR 40.52 sl 1-1 QP I/P/B 22.0/28.0/nan 3.2s
clean nvenc_qp33             market_5       1261 kbps PSNR 37.74 sl 1-1 QP I/P/B 26.0/33.0/nan 3.1s
clean nvenc_qp38             market_5        689 kbps PSNR 35.08 sl 1-1 QP I/P/B 30.0/38.0/nan 3.1s
clean nvenc_qp45             market_5        306 kbps PSNR 31.58 sl 1-1 QP I/P/B 36.0/45.0/nan 3.1s
clean x264_qp24              market_5       3593 kbps PSNR 42.59 sl 1-1 QP I/P/B 21.0/24.0/nan 4.0s
clean x264_qp24_bf2_pb1      market_5       3740 kbps PSNR 42.64 sl 1-1 QP I/P/B 21.0/24.0/24.0 2.2s
clean nvenc_qp28_bf2_bqeq    market_5       2564 kbps PSNR 40.63 sl 1-1 QP I/P/B 22.0/28.0/28.0 1.2s
[clean/main] loaded market_6 (40 frames) in 2s
clean x264_crf12             market_6      14747 kbps PSNR 44.99 sl 1-1 QP I/P/B 16.2/16.1/nan 4.2s
clean x264_crf18             market_6       7538 kbps PSNR 39.85 sl 1-1 QP I/P/B 22.2/22.1/nan 3.7s
clean x264_crf23             market_6       4023 kbps PSNR 35.90 sl 1-1 QP I/P/B 27.2/27.3/nan 3.4s
clean x264_crf28             market_6       2097 kbps PSNR 32.34 sl 1-1 QP I/P/B 32.3/32.5/nan 3.1s
clean x264_crf33             market_6       1099 kbps PSNR 29.26 sl 1-1 QP I/P/B 37.3/38.0/nan 2.9s
clean x264_crf38             market_6        595 kbps PSNR 26.55 sl 1-1 QP I/P/B 42.4/43.4/nan 2.7s
clean x264_crf45             market_6        283 kbps PSNR 23.39 sl 1-1 QP I/P/B 49.3/49.6/nan 2.7s
clean nvenc_qp18             market_6      13666 kbps PSNR 44.78 sl 1-1 QP I/P/B 14.0/18.0/nan 3.2s
clean nvenc_qp23             market_6       8130 kbps PSNR 40.86 sl 1-1 QP I/P/B 18.0/23.0/nan 2.9s
clean nvenc_qp28             market_6       4705 kbps PSNR 37.38 sl 1-1 QP I/P/B 22.0/28.0/nan 2.8s
clean nvenc_qp33             market_6       2565 kbps PSNR 33.96 sl 1-1 QP I/P/B 26.0/33.0/nan 2.6s
clean nvenc_qp38             market_6       1365 kbps PSNR 30.82 sl 1-1 QP I/P/B 30.0/38.0/nan 2.5s
clean nvenc_qp45             market_6        593 kbps PSNR 26.99 sl 1-1 QP I/P/B 36.0/45.0/nan 2.5s
clean x264_qp24              market_6       7486 kbps PSNR 40.17 sl 1-1 QP I/P/B 21.0/24.0/nan 3.5s
clean x264_qp24_bf2_pb1      market_6       8086 kbps PSNR 40.32 sl 1-1 QP I/P/B 21.0/24.0/24.0 2.2s
clean nvenc_qp28_bf2_bqeq    market_6       5167 kbps PSNR 37.54 sl 1-1 QP I/P/B 22.0/28.0/28.0 1.2s
[clean/main] loaded mountain_1 (50 frames) in 3s
clean x264_crf12             mountain_1     7547 kbps PSNR 48.23 sl 1-1 QP I/P/B 12.2/12.7/nan 4.9s
clean x264_crf18             mountain_1     3253 kbps PSNR 43.52 sl 1-1 QP I/P/B 18.3/18.8/nan 4.2s
clean x264_crf23             mountain_1     1433 kbps PSNR 39.71 sl 1-1 QP I/P/B 23.3/24.0/nan 3.8s
clean x264_crf28             mountain_1      647 kbps PSNR 36.34 sl 1-1 QP I/P/B 28.2/29.1/nan 3.6s
clean x264_crf33             mountain_1      363 kbps PSNR 33.44 sl 1-1 QP I/P/B 33.1/34.5/nan 3.6s
clean x264_crf38             mountain_1      238 kbps PSNR 30.74 sl 1-1 QP I/P/B 38.4/39.8/nan 3.5s
clean x264_crf45             mountain_1      137 kbps PSNR 26.81 sl 1-1 QP I/P/B 45.6/47.4/nan 3.4s
clean nvenc_qp18             mountain_1     4951 kbps PSNR 46.52 sl 1-1 QP I/P/B 14.0/18.0/nan 3.7s
clean nvenc_qp23             mountain_1     2526 kbps PSNR 42.80 sl 1-1 QP I/P/B 18.0/23.0/nan 3.5s
clean nvenc_qp28             mountain_1     1189 kbps PSNR 39.41 sl 1-1 QP I/P/B 22.0/28.0/nan 3.3s
clean nvenc_qp33             mountain_1      556 kbps PSNR 36.22 sl 1-1 QP I/P/B 26.0/33.0/nan 3.2s
clean nvenc_qp38             mountain_1      324 kbps PSNR 33.67 sl 1-1 QP I/P/B 30.0/38.0/nan 3.1s
clean nvenc_qp45             mountain_1      183 kbps PSNR 30.17 sl 1-1 QP I/P/B 36.0/45.0/nan 3.2s
clean x264_qp24              mountain_1     2180 kbps PSNR 41.97 sl 1-1 QP I/P/B 21.0/24.0/nan 3.9s
clean x264_qp24_bf2_pb1      mountain_1     2121 kbps PSNR 42.10 sl 1-1 QP I/P/B 21.0/24.0/24.0 2.0s
clean nvenc_qp28_bf2_bqeq    mountain_1     1200 kbps PSNR 39.72 sl 1-1 QP I/P/B 22.0/28.0/28.0 1.6s
[clean/main] loaded shaman_2 (50 frames) in 3s
clean x264_crf12             shaman_2       8676 kbps PSNR 48.67 sl 1-1 QP I/P/B 11.7/12.3/nan 4.9s
clean x264_crf18             shaman_2       3283 kbps PSNR 43.94 sl 1-1 QP I/P/B 17.7/18.7/nan 4.2s
clean x264_crf23             shaman_2       1361 kbps PSNR 40.54 sl 1-1 QP I/P/B 22.7/23.9/nan 3.9s
clean x264_crf28             shaman_2        581 kbps PSNR 37.50 sl 1-1 QP I/P/B 27.7/29.7/nan 3.5s
clean x264_crf33             shaman_2        258 kbps PSNR 34.83 sl 1-1 QP I/P/B 32.7/35.0/nan 3.7s
clean x264_crf38             shaman_2        124 kbps PSNR 32.50 sl 1-1 QP I/P/B 37.7/40.2/nan 3.6s
clean x264_crf45             shaman_2         58 kbps PSNR 29.70 sl 1-1 QP I/P/B 44.7/47.5/nan 3.3s
clean nvenc_qp18             shaman_2       4716 kbps PSNR 45.80 sl 1-1 QP I/P/B 14.0/18.0/nan 3.7s
clean nvenc_qp23             shaman_2       2044 kbps PSNR 42.20 sl 1-1 QP I/P/B 18.0/23.0/nan 3.5s
clean nvenc_qp28             shaman_2        941 kbps PSNR 39.40 sl 1-1 QP I/P/B 22.0/28.0/nan 3.5s
clean nvenc_qp33             shaman_2        439 kbps PSNR 36.80 sl 1-1 QP I/P/B 26.0/33.0/nan 3.4s
clean nvenc_qp38             shaman_2        221 kbps PSNR 34.59 sl 1-1 QP I/P/B 30.0/38.0/nan 3.7s
clean nvenc_qp45             shaman_2        101 kbps PSNR 31.78 sl 1-1 QP I/P/B 36.0/45.0/nan 3.3s
clean x264_qp24              shaman_2       1676 kbps PSNR 41.35 sl 1-1 QP I/P/B 21.0/24.0/nan 3.7s
clean x264_qp24_bf2_pb1      shaman_2       1744 kbps PSNR 41.42 sl 1-1 QP I/P/B 21.0/24.0/24.0 2.0s
clean nvenc_qp28_bf2_bqeq    shaman_2       1015 kbps PSNR 39.66 sl 1-1 QP I/P/B 22.0/28.0/28.0 1.4s
[clean/main] loaded shaman_3 (50 frames) in 3s
clean x264_crf12             shaman_3      10726 kbps PSNR 47.69 sl 1-1 QP I/P/B 12.6/13.2/nan 5.0s
clean x264_crf18             shaman_3       4337 kbps PSNR 42.82 sl 1-1 QP I/P/B 18.6/19.2/nan 4.6s
clean x264_crf23             shaman_3       1991 kbps PSNR 39.01 sl 1-1 QP I/P/B 23.6/24.2/nan 4.1s
clean x264_crf28             shaman_3        887 kbps PSNR 35.54 sl 1-1 QP I/P/B 28.6/29.5/nan 3.6s
clean x264_crf33             shaman_3        425 kbps PSNR 32.41 sl 1-1 QP I/P/B 33.7/34.9/nan 3.7s
clean x264_crf38             shaman_3        229 kbps PSNR 29.66 sl 1-1 QP I/P/B 38.6/40.6/nan 3.3s
clean x264_crf45             shaman_3        111 kbps PSNR 26.27 sl 1-1 QP I/P/B 46.3/47.9/nan 3.2s
clean nvenc_qp18             shaman_3       6435 kbps PSNR 45.12 sl 1-1 QP I/P/B 14.0/18.0/nan 3.8s
clean nvenc_qp23             shaman_3       3248 kbps PSNR 41.18 sl 1-1 QP I/P/B 18.0/23.0/nan 3.5s
clean nvenc_qp28             shaman_3       1649 kbps PSNR 38.10 sl 1-1 QP I/P/B 22.0/28.0/nan 3.4s
clean nvenc_qp33             shaman_3        816 kbps PSNR 35.20 sl 1-1 QP I/P/B 26.0/33.0/nan 3.2s
clean nvenc_qp38             shaman_3        422 kbps PSNR 32.57 sl 1-1 QP I/P/B 30.0/38.0/nan 3.2s
clean nvenc_qp45             shaman_3        184 kbps PSNR 29.13 sl 1-1 QP I/P/B 36.0/45.0/nan 3.3s
clean x264_qp24              shaman_3       2822 kbps PSNR 40.41 sl 1-1 QP I/P/B 21.0/24.0/nan 4.0s
clean x264_qp24_bf2_pb1      shaman_3       2764 kbps PSNR 40.53 sl 1-1 QP I/P/B 21.0/24.0/24.0 2.4s
clean nvenc_qp28_bf2_bqeq    shaman_3       1681 kbps PSNR 38.40 sl 1-1 QP I/P/B 22.0/28.0/28.0 1.5s
[clean/main] loaded sleeping_1 (50 frames) in 3s
clean x264_crf12             sleeping_1     6613 kbps PSNR 48.64 sl 1-1 QP I/P/B 12.5/12.5/nan 4.8s
clean x264_crf18             sleeping_1     2318 kbps PSNR 44.38 sl 1-1 QP I/P/B 18.5/18.5/nan 4.3s
clean x264_crf23             sleeping_1     1007 kbps PSNR 41.15 sl 1-1 QP I/P/B 23.5/23.5/nan 3.9s
clean x264_crf28             sleeping_1      490 kbps PSNR 38.21 sl 1-1 QP I/P/B 28.5/28.7/nan 3.6s
clean x264_crf33             sleeping_1      277 kbps PSNR 35.58 sl 1-1 QP I/P/B 33.5/34.0/nan 3.6s
clean x264_crf38             sleeping_1      179 kbps PSNR 33.24 sl 1-1 QP I/P/B 38.6/39.3/nan 3.5s
clean x264_crf45             sleeping_1      108 kbps PSNR 29.86 sl 1-1 QP I/P/B 45.7/46.2/nan 3.6s
clean nvenc_qp18             sleeping_1     3346 kbps PSNR 46.21 sl 1-1 QP I/P/B 14.0/18.0/nan 3.9s
clean nvenc_qp23             sleeping_1     1449 kbps PSNR 42.55 sl 1-1 QP I/P/B 18.0/23.0/nan 3.8s
clean nvenc_qp28             sleeping_1      710 kbps PSNR 39.78 sl 1-1 QP I/P/B 22.0/28.0/nan 3.3s
clean nvenc_qp33             sleeping_1      391 kbps PSNR 37.12 sl 1-1 QP I/P/B 26.0/33.0/nan 3.2s
clean nvenc_qp38             sleeping_1      252 kbps PSNR 34.72 sl 1-1 QP I/P/B 30.0/38.0/nan 3.2s
clean nvenc_qp45             sleeping_1      150 kbps PSNR 31.34 sl 1-1 QP I/P/B 36.0/45.0/nan 3.2s
clean x264_qp24              sleeping_1     1177 kbps PSNR 41.86 sl 1-1 QP I/P/B 21.0/24.0/nan 3.8s
clean x264_qp24_bf2_pb1      sleeping_1     1253 kbps PSNR 42.01 sl 1-1 QP I/P/B 21.0/24.0/24.0 1.9s
clean nvenc_qp28_bf2_bqeq    sleeping_1      728 kbps PSNR 40.09 sl 1-1 QP I/P/B 22.0/28.0/28.0 1.6s
[clean/main] loaded sleeping_2 (50 frames) in 3s
clean x264_crf12             sleeping_2    13736 kbps PSNR 46.65 sl 1-1 QP I/P/B 13.9/14.3/nan 5.2s
clean x264_crf18             sleeping_2     5387 kbps PSNR 41.28 sl 1-1 QP I/P/B 19.9/20.3/nan 4.7s
clean x264_crf23             sleeping_2     2175 kbps PSNR 37.30 sl 1-1 QP I/P/B 24.9/25.3/nan 4.1s
clean x264_crf28             sleeping_2      892 kbps PSNR 33.91 sl 1-1 QP I/P/B 29.9/30.4/nan 3.7s
clean x264_crf33             sleeping_2      421 kbps PSNR 31.12 sl 1-1 QP I/P/B 35.0/35.6/nan 3.7s
clean x264_crf38             sleeping_2      236 kbps PSNR 28.78 sl 1-1 QP I/P/B 40.0/40.9/nan 3.5s
clean x264_crf45             sleeping_2      129 kbps PSNR 25.72 sl 1-1 QP I/P/B 47.0/48.0/nan 3.2s
clean nvenc_qp18             sleeping_2     8687 kbps PSNR 43.98 sl 1-1 QP I/P/B 14.0/18.0/nan 4.0s
clean nvenc_qp23             sleeping_2     3926 kbps PSNR 39.64 sl 1-1 QP I/P/B 18.0/23.0/nan 3.7s
clean nvenc_qp28             sleeping_2     1749 kbps PSNR 36.35 sl 1-1 QP I/P/B 22.0/28.0/nan 3.6s
clean nvenc_qp33             sleeping_2      806 kbps PSNR 33.54 sl 1-1 QP I/P/B 26.0/33.0/nan 3.4s
clean nvenc_qp38             sleeping_2      435 kbps PSNR 31.22 sl 1-1 QP I/P/B 30.0/38.0/nan 3.2s
clean nvenc_qp45             sleeping_2      226 kbps PSNR 28.22 sl 1-1 QP I/P/B 36.0/45.0/nan 3.5s
clean x264_qp24              sleeping_2     3363 kbps PSNR 39.04 sl 1-1 QP I/P/B 21.0/24.0/nan 4.3s
clean x264_qp24_bf2_pb1      sleeping_2     3066 kbps PSNR 39.18 sl 1-1 QP I/P/B 21.0/24.0/24.0 2.6s
clean nvenc_qp28_bf2_bqeq    sleeping_2     1679 kbps PSNR 36.74 sl 1-1 QP I/P/B 22.0/28.0/28.0 1.6s
[clean/main] loaded temple_2 (50 frames) in 3s
clean x264_crf12             temple_2      11864 kbps PSNR 46.48 sl 1-1 QP I/P/B 13.8/14.7/nan 5.4s
clean x264_crf18             temple_2       5828 kbps PSNR 41.62 sl 1-1 QP I/P/B 19.8/20.8/nan 4.6s
clean x264_crf23             temple_2       3011 kbps PSNR 37.75 sl 1-1 QP I/P/B 24.8/25.9/nan 4.3s
clean x264_crf28             temple_2       1489 kbps PSNR 34.11 sl 1-1 QP I/P/B 29.8/31.1/nan 3.9s
clean x264_crf33             temple_2        736 kbps PSNR 30.85 sl 1-1 QP I/P/B 34.8/36.4/nan 3.6s
clean x264_crf38             temple_2        394 kbps PSNR 28.07 sl 1-1 QP I/P/B 39.8/42.0/nan 3.5s
clean x264_crf45             temple_2        205 kbps PSNR 24.83 sl 1-1 QP I/P/B 46.5/48.7/nan 3.4s
clean nvenc_qp18             temple_2       9607 kbps PSNR 45.20 sl 1-1 QP I/P/B 14.0/18.0/nan 3.8s
clean nvenc_qp23             temple_2       5436 kbps PSNR 41.37 sl 1-1 QP I/P/B 18.0/23.0/nan 3.9s
clean nvenc_qp28             temple_2       3025 kbps PSNR 37.97 sl 1-1 QP I/P/B 22.0/28.0/nan 3.4s
clean nvenc_qp33             temple_2       1562 kbps PSNR 34.54 sl 1-1 QP I/P/B 26.0/33.0/nan 3.3s
clean nvenc_qp38             temple_2        791 kbps PSNR 31.36 sl 1-1 QP I/P/B 30.0/38.0/nan 3.2s
clean nvenc_qp45             temple_2        361 kbps PSNR 27.72 sl 1-1 QP I/P/B 36.0/45.0/nan 3.1s
clean x264_qp24              temple_2       4913 kbps PSNR 40.61 sl 1-1 QP I/P/B 21.0/24.0/nan 4.3s
clean x264_qp24_bf2_pb1      temple_2       4921 kbps PSNR 40.72 sl 1-1 QP I/P/B 21.0/24.0/24.0 2.6s
clean nvenc_qp28_bf2_bqeq    temple_2       3127 kbps PSNR 38.13 sl 1-1 QP I/P/B 22.0/28.0/28.0 1.7s
[clean/main] loaded temple_3 (50 frames) in 3s
clean x264_crf12             temple_3       7146 kbps PSNR 48.47 sl 1-1 QP I/P/B 12.3/13.7/nan 4.7s
clean x264_crf18             temple_3       3819 kbps PSNR 44.18 sl 1-1 QP I/P/B 18.3/19.9/nan 4.2s
clean x264_crf23             temple_3       2227 kbps PSNR 40.52 sl 1-1 QP I/P/B 23.3/25.3/nan 3.9s
clean x264_crf28             temple_3       1290 kbps PSNR 36.98 sl 1-1 QP I/P/B 28.2/30.9/nan 3.8s
clean x264_crf33             temple_3        748 kbps PSNR 33.77 sl 1-1 QP I/P/B 33.2/36.5/nan 3.7s
clean x264_crf38             temple_3        444 kbps PSNR 30.96 sl 1-1 QP I/P/B 38.3/41.7/nan 3.4s
clean x264_crf45             temple_3        234 kbps PSNR 27.77 sl 1-1 QP I/P/B 45.0/47.3/nan 3.4s
clean nvenc_qp18             temple_3       6649 kbps PSNR 48.61 sl 1-1 QP I/P/B 14.0/18.0/nan 3.4s
clean nvenc_qp23             temple_3       4193 kbps PSNR 45.47 sl 1-1 QP I/P/B 18.0/23.0/nan 3.3s
clean nvenc_qp28             temple_3       2613 kbps PSNR 42.37 sl 1-1 QP I/P/B 22.0/28.0/nan 3.3s
clean nvenc_qp33             temple_3       1577 kbps PSNR 39.02 sl 1-1 QP I/P/B 26.0/33.0/nan 3.2s
clean nvenc_qp38             temple_3        919 kbps PSNR 35.71 sl 1-1 QP I/P/B 30.0/38.0/nan 3.1s
clean nvenc_qp45             temple_3        419 kbps PSNR 31.41 sl 1-1 QP I/P/B 36.0/45.0/nan 3.1s
clean x264_qp24              temple_3       3980 kbps PSNR 44.83 sl 1-1 QP I/P/B 21.0/24.0/nan 4.0s
clean x264_qp24_bf2_pb1      temple_3       4057 kbps PSNR 44.98 sl 1-1 QP I/P/B 21.0/24.0/24.0 2.3s
clean nvenc_qp28_bf2_bqeq    temple_3       2846 kbps PSNR 42.56 sl 1-1 QP I/P/B 22.0/28.0/28.0 1.3s
done in 3724s, runs 1081, failures 0, mismatches 1
