video,arm,budget_pct,seed,n_frames,n_shots,n_windows,n_gold,n_admitted,M1,M2,M3,note
Abuse028,A_production,10.4816,,1412,20,1,76,148,1.0,0.07894736842105263,0.04054054054054054,natural retention
Abuse028,C_uniform,5.0,,1412,20,1,76,70,1.0,0.039473684210526314,0.04285714285714286,
Abuse028,D_random,5.0,0,1412,20,1,76,70,1.0,0.039473684210526314,0.04285714285714286,
Abuse028,D_random,5.0,1,1412,20,1,76,70,1.0,0.06578947368421052,0.07142857142857142,
Abuse028,D_random,5.0,2,1412,20,1,76,70,1.0,0.013157894736842105,0.014285714285714285,
Abuse028,D_random,5.0,3,1412,20,1,76,70,1.0,0.039473684210526314,0.04285714285714286,
Abuse028,D_random,5.0,4,1412,20,1,76,70,1.0,0.05263157894736842,0.05714285714285714,
Abuse028,E_action_topk,5.0,,1412,20,1,76,70,0.0,0.0,0.0,R0 codec anchor at matched budget
Abuse028,F_shot1_action,5.0,,1412,20,1,76,70,0.0,0.0,0.0,floor=20/70 (28.6% of budget)
Abuse028,G_shot2_action,5.0,,1412,20,1,76,70,0.0,0.0,0.0,floor=40/70 (57.1% of budget)
Abuse028,H_shot1_mid,5.0,,1412,20,1,76,70,1.0,0.039473684210526314,0.04285714285714286,floor=20/70 (28.6% of budget)
Abuse028,I_shot2_mid,5.0,,1412,20,1,76,70,1.0,0.039473684210526314,0.04285714285714286,floor=40/70 (57.1% of budget)
Abuse028,C_uniform,10.0,,1412,20,1,76,141,1.0,0.09210526315789473,0.04964539007092199,
Abuse028,D_random,10.0,0,1412,20,1,76,141,1.0,0.05263157894736842,0.028368794326241134,
Abuse028,D_random,10.0,1,1412,20,1,76,141,1.0,0.05263157894736842,0.028368794326241134,
Abuse028,D_random,10.0,2,1412,20,1,76,141,1.0,0.039473684210526314,0.02127659574468085,
Abuse028,D_random,10.0,3,1412,20,1,76,141,1.0,0.10526315789473684,0.05673758865248227,
Abuse028,D_random,10.0,4,1412,20,1,76,141,1.0,0.13157894736842105,0.07092198581560284,
Abuse028,E_action_topk,10.0,,1412,20,1,76,141,0.0,0.0,0.0,R0 codec anchor at matched budget
Abuse028,F_shot1_action,10.0,,1412,20,1,76,141,0.0,0.0,0.0,floor=20/141 (14.2% of budget)
Abuse028,G_shot2_action,10.0,,1412,20,1,76,141,0.0,0.0,0.0,floor=40/141 (28.4% of budget)
Abuse028,H_shot1_mid,10.0,,1412,20,1,76,141,1.0,0.09210526315789473,0.04964539007092199,floor=20/141 (14.2% of budget)
Abuse028,I_shot2_mid,10.0,,1412,20,1,76,141,1.0,0.07894736842105263,0.0425531914893617,floor=40/141 (28.4% of budget)
Abuse028,C_uniform,10.5,,1412,20,1,76,148,1.0,0.10526315789473684,0.05405405405405406,
Abuse028,D_random,10.5,0,1412,20,1,76,148,1.0,0.05263157894736842,0.02702702702702703,
Abuse028,D_random,10.5,1,1412,20,1,76,148,1.0,0.06578947368421052,0.033783783783783786,
Abuse028,D_random,10.5,2,1412,20,1,76,148,1.0,0.05263157894736842,0.02702702702702703,
Abuse028,D_random,10.5,3,1412,20,1,76,148,1.0,0.10526315789473684,0.05405405405405406,
Abuse028,D_random,10.5,4,1412,20,1,76,148,1.0,0.11842105263157894,0.060810810810810814,
Abuse028,E_action_topk,10.5,,1412,20,1,76,148,0.0,0.0,0.0,R0 codec anchor at matched budget
Abuse028,F_shot1_action,10.5,,1412,20,1,76,148,0.0,0.0,0.0,floor=20/148 (13.5% of budget)
Abuse028,G_shot2_action,10.5,,1412,20,1,76,148,0.0,0.0,0.0,floor=40/148 (27.0% of budget)
Abuse028,H_shot1_mid,10.5,,1412,20,1,76,148,1.0,0.09210526315789473,0.0472972972972973,floor=20/148 (13.5% of budget)
Abuse028,I_shot2_mid,10.5,,1412,20,1,76,148,1.0,0.09210526315789473,0.0472972972972973,floor=40/148 (27.0% of budget)
Abuse028,C_uniform,20.0,,1412,20,1,76,282,1.0,0.19736842105263158,0.05319148936170213,
Abuse028,D_random,20.0,0,1412,20,1,76,282,1.0,0.11842105263157894,0.031914893617021274,
Abuse028,D_random,20.0,1,1412,20,1,76,282,1.0,0.18421052631578946,0.04964539007092199,
Abuse028,D_random,20.0,2,1412,20,1,76,282,1.0,0.11842105263157894,0.031914893617021274,
Abuse028,D_random,20.0,3,1412,20,1,76,282,1.0,0.18421052631578946,0.04964539007092199,
Abuse028,D_random,20.0,4,1412,20,1,76,282,1.0,0.19736842105263158,0.05319148936170213,
Abuse028,E_action_topk,20.0,,1412,20,1,76,282,1.0,0.19736842105263158,0.05319148936170213,R0 codec anchor at matched budget
Abuse028,F_shot1_action,20.0,,1412,20,1,76,282,0.0,0.0,0.0,floor=20/282 (7.1% of budget)
Abuse028,G_shot2_action,20.0,,1412,20,1,76,282,0.0,0.0,0.0,floor=40/282 (14.2% of budget)
Abuse028,H_shot1_mid,20.0,,1412,20,1,76,282,1.0,0.19736842105263158,0.05319148936170213,floor=20/282 (7.1% of budget)
Abuse028,I_shot2_mid,20.0,,1412,20,1,76,282,1.0,0.18421052631578946,0.04964539007092199,floor=40/282 (14.2% of budget)
Abuse028,C_uniform,30.0,,1412,20,1,76,423,1.0,0.2894736842105263,0.05200945626477541,
Abuse028,D_random,30.0,0,1412,20,1,76,423,1.0,0.19736842105263158,0.03546099290780142,
Abuse028,D_random,30.0,1,1412,20,1,76,423,1.0,0.2236842105263158,0.04018912529550828,
Abuse028,D_random,30.0,2,1412,20,1,76,423,1.0,0.23684210526315788,0.0425531914893617,
Abuse028,D_random,30.0,3,1412,20,1,76,423,1.0,0.3815789473684211,0.06855791962174941,
Abuse028,D_random,30.0,4,1412,20,1,76,423,1.0,0.3157894736842105,0.05673758865248227,
Abuse028,E_action_topk,30.0,,1412,20,1,76,423,1.0,0.39473684210526316,0.07092198581560284,R0 codec anchor at matched budget
Abuse028,F_shot1_action,30.0,,1412,20,1,76,423,0.0,0.0,0.0,floor=20/423 (4.7% of budget)
Abuse028,G_shot2_action,30.0,,1412,20,1,76,423,0.0,0.0,0.0,floor=40/423 (9.5% of budget)
Abuse028,H_shot1_mid,30.0,,1412,20,1,76,423,1.0,0.2894736842105263,0.05200945626477541,floor=20/423 (4.7% of budget)
Abuse028,I_shot2_mid,30.0,,1412,20,1,76,423,1.0,0.27631578947368424,0.04964539007092199,floor=40/423 (9.5% of budget)
Abuse030,A_production,10.4922,,1544,55,1,86,162,1.0,0.10465116279069768,0.05555555555555555,natural retention
Abuse030,C_uniform,5.0,,1544,55,1,86,77,1.0,0.05813953488372093,0.06493506493506493,
Abuse030,D_random,5.0,0,1544,55,1,86,77,1.0,0.06976744186046512,0.07792207792207792,
Abuse030,D_random,5.0,1,1544,55,1,86,77,1.0,0.046511627906976744,0.05194805194805195,
Abuse030,D_random,5.0,2,1544,55,1,86,77,1.0,0.05813953488372093,0.06493506493506493,
Abuse030,D_random,5.0,3,1544,55,1,86,77,1.0,0.046511627906976744,0.05194805194805195,
Abuse030,D_random,5.0,4,1544,55,1,86,77,1.0,0.06976744186046512,0.07792207792207792,
Abuse030,E_action_topk,5.0,,1544,55,1,86,77,0.0,0.0,0.0,R0 codec anchor at matched budget
Abuse030,F_shot1_action,5.0,,1544,55,1,86,77,1.0,0.05813953488372093,0.06493506493506493,floor=55/77 (71.4% of budget)
Abuse030,G_shot2_action,5.0,,1544,55,1,86,77,1.0,0.06976744186046512,0.07792207792207792,floor=77/77 (100.0% of budget)
Abuse030,H_shot1_mid,5.0,,1544,55,1,86,77,1.0,0.046511627906976744,0.05194805194805195,floor=55/77 (71.4% of budget)
Abuse030,I_shot2_mid,5.0,,1544,55,1,86,77,1.0,0.05813953488372093,0.06493506493506493,floor=77/77 (100.0% of budget)
Abuse030,C_uniform,10.0,,1544,55,1,86,154,1.0,0.09302325581395349,0.05194805194805195,
Abuse030,D_random,10.0,0,1544,55,1,86,154,1.0,0.09302325581395349,0.05194805194805195,
Abuse030,D_random,10.0,1,1544,55,1,86,154,1.0,0.11627906976744186,0.06493506493506493,
Abuse030,D_random,10.0,2,1544,55,1,86,154,1.0,0.11627906976744186,0.06493506493506493,
Abuse030,D_random,10.0,3,1544,55,1,86,154,1.0,0.13953488372093023,0.07792207792207792,
Abuse030,D_random,10.0,4,1544,55,1,86,154,1.0,0.13953488372093023,0.07792207792207792,
Abuse030,E_action_topk,10.0,,1544,55,1,86,154,1.0,0.011627906976744186,0.006493506493506494,R0 codec anchor at matched budget
Abuse030,F_shot1_action,10.0,,1544,55,1,86,154,1.0,0.10465116279069768,0.05844155844155844,floor=55/154 (35.7% of budget)
Abuse030,G_shot2_action,10.0,,1544,55,1,86,154,1.0,0.13953488372093023,0.07792207792207792,floor=110/154 (71.4% of budget)
Abuse030,H_shot1_mid,10.0,,1544,55,1,86,154,1.0,0.10465116279069768,0.05844155844155844,floor=55/154 (35.7% of budget)
Abuse030,I_shot2_mid,10.0,,1544,55,1,86,154,1.0,0.10465116279069768,0.05844155844155844,floor=110/154 (71.4% of budget)
Abuse030,C_uniform,10.5,,1544,55,1,86,162,1.0,0.10465116279069768,0.05555555555555555,
Abuse030,D_random,10.5,0,1544,55,1,86,162,1.0,0.11627906976744186,0.06172839506172839,
Abuse030,D_random,10.5,1,1544,55,1,86,162,1.0,0.10465116279069768,0.05555555555555555,
Abuse030,D_random,10.5,2,1544,55,1,86,162,1.0,0.10465116279069768,0.05555555555555555,
Abuse030,D_random,10.5,3,1544,55,1,86,162,1.0,0.13953488372093023,0.07407407407407407,
Abuse030,D_random,10.5,4,1544,55,1,86,162,1.0,0.16279069767441862,0.08641975308641975,
Abuse030,E_action_topk,10.5,,1544,55,1,86,162,1.0,0.011627906976744186,0.006172839506172839,R0 codec anchor at matched budget
Abuse030,F_shot1_action,10.5,,1544,55,1,86,162,1.0,0.12790697674418605,0.06790123456790123,floor=55/162 (34.0% of budget)
Abuse030,G_shot2_action,10.5,,1544,55,1,86,162,1.0,0.13953488372093023,0.07407407407407407,floor=110/162 (67.9% of budget)
Abuse030,H_shot1_mid,10.5,,1544,55,1,86,162,1.0,0.11627906976744186,0.06172839506172839,floor=55/162 (34.0% of budget)
Abuse030,I_shot2_mid,10.5,,1544,55,1,86,162,1.0,0.10465116279069768,0.05555555555555555,floor=110/162 (67.9% of budget)
Abuse030,C_uniform,20.0,,1544,55,1,86,308,1.0,0.19767441860465115,0.05519480519480519,
Abuse030,D_random,20.0,0,1544,55,1,86,308,1.0,0.26744186046511625,0.07467532467532467,
Abuse030,D_random,20.0,1,1544,55,1,86,308,1.0,0.12790697674418605,0.03571428571428571,
Abuse030,D_random,20.0,2,1544,55,1,86,308,1.0,0.16279069767441862,0.045454545454545456,
Abuse030,D_random,20.0,3,1544,55,1,86,308,1.0,0.2441860465116279,0.06818181818181818,
Abuse030,D_random,20.0,4,1544,55,1,86,308,1.0,0.22093023255813954,0.06168831168831169,
Abuse030,E_action_topk,20.0,,1544,55,1,86,308,1.0,0.011627906976744186,0.003246753246753247,R0 codec anchor at matched budget
Abuse030,F_shot1_action,20.0,,1544,55,1,86,308,1.0,0.23255813953488372,0.06493506493506493,floor=55/308 (17.9% of budget)
Abuse030,G_shot2_action,20.0,,1544,55,1,86,308,1.0,0.2441860465116279,0.06818181818181818,floor=110/308 (35.7% of budget)
Abuse030,H_shot1_mid,20.0,,1544,55,1,86,308,1.0,0.20930232558139536,0.05844155844155844,floor=55/308 (17.9% of budget)
Abuse030,I_shot2_mid,20.0,,1544,55,1,86,308,1.0,0.19767441860465115,0.05519480519480519,floor=110/308 (35.7% of budget)
Abuse030,C_uniform,30.0,,1544,55,1,86,463,1.0,0.3023255813953488,0.056155507559395246,
Abuse030,D_random,30.0,0,1544,55,1,86,463,1.0,0.313953488372093,0.058315334773218146,
Abuse030,D_random,30.0,1,1544,55,1,86,463,1.0,0.313953488372093,0.058315334773218146,
Abuse030,D_random,30.0,2,1544,55,1,86,463,1.0,0.3023255813953488,0.056155507559395246,
Abuse030,D_random,30.0,3,1544,55,1,86,463,1.0,0.38372093023255816,0.07127429805615551,
Abuse030,D_random,30.0,4,1544,55,1,86,463,1.0,0.26744186046511625,0.04967602591792657,
Abuse030,E_action_topk,30.0,,1544,55,1,86,463,1.0,0.3488372093023256,0.06479481641468683,R0 codec anchor at matched budget
Abuse030,F_shot1_action,30.0,,1544,55,1,86,463,1.0,0.37209302325581395,0.06911447084233262,floor=55/463 (11.9% of budget)
Abuse030,G_shot2_action,30.0,,1544,55,1,86,463,1.0,0.38372093023255816,0.07127429805615551,floor=110/463 (23.8% of budget)
Abuse030,H_shot1_mid,30.0,,1544,55,1,86,463,1.0,0.313953488372093,0.058315334773218146,floor=55/463 (11.9% of budget)
Abuse030,I_shot2_mid,30.0,,1544,55,1,86,463,1.0,0.313953488372093,0.058315334773218146,floor=110/463 (23.8% of budget)
Arrest001,A_production,10.4465,,2374,52,1,301,248,1.0,0.12292358803986711,0.14919354838709678,natural retention
Arrest001,C_uniform,5.0,,2374,52,1,301,118,1.0,0.04983388704318937,0.1271186440677966,
Arrest001,D_random,5.0,0,2374,52,1,301,118,1.0,0.05647840531561462,0.1440677966101695,
Arrest001,D_random,5.0,1,2374,52,1,301,118,1.0,0.04318936877076412,0.11016949152542373,
Arrest001,D_random,5.0,2,2374,52,1,301,118,1.0,0.05647840531561462,0.1440677966101695,
Arrest001,D_random,5.0,3,2374,52,1,301,118,1.0,0.04318936877076412,0.11016949152542373,
Arrest001,D_random,5.0,4,2374,52,1,301,118,1.0,0.04983388704318937,0.1271186440677966,
Arrest001,E_action_topk,5.0,,2374,52,1,301,118,1.0,0.009966777408637873,0.025423728813559324,R0 codec anchor at matched budget
Arrest001,F_shot1_action,5.0,,2374,52,1,301,118,1.0,0.019933554817275746,0.05084745762711865,floor=52/118 (44.1% of budget)
Arrest001,G_shot2_action,5.0,,2374,52,1,301,118,1.0,0.019933554817275746,0.05084745762711865,floor=104/118 (88.1% of budget)
Arrest001,H_shot1_mid,5.0,,2374,52,1,301,118,1.0,0.03986710963455149,0.1016949152542373,floor=52/118 (44.1% of budget)
Arrest001,I_shot2_mid,5.0,,2374,52,1,301,118,1.0,0.026578073089700997,0.06779661016949153,floor=104/118 (88.1% of budget)
Arrest001,C_uniform,10.0,,2374,52,1,301,237,1.0,0.09966777408637874,0.12658227848101267,
Arrest001,D_random,10.0,0,2374,52,1,301,237,1.0,0.08970099667774087,0.11392405063291139,
Arrest001,D_random,10.0,1,2374,52,1,301,237,1.0,0.06976744186046512,0.08860759493670886,
Arrest001,D_random,10.0,2,2374,52,1,301,237,1.0,0.10963455149501661,0.13924050632911392,
Arrest001,D_random,10.0,3,2374,52,1,301,237,1.0,0.11960132890365449,0.1518987341772152,
Arrest001,D_random,10.0,4,2374,52,1,301,237,1.0,0.11960132890365449,0.1518987341772152,
Arrest001,E_action_topk,10.0,,2374,52,1,301,237,1.0,0.09634551495016612,0.12236286919831224,R0 codec anchor at matched budget
Arrest001,F_shot1_action,10.0,,2374,52,1,301,237,1.0,0.053156146179401995,0.06751054852320675,floor=52/237 (21.9% of budget)
Arrest001,G_shot2_action,10.0,,2374,52,1,301,237,1.0,0.04318936877076412,0.05485232067510549,floor=104/237 (43.9% of budget)
Arrest001,H_shot1_mid,10.0,,2374,52,1,301,237,1.0,0.08970099667774087,0.11392405063291139,floor=52/237 (21.9% of budget)
Arrest001,I_shot2_mid,10.0,,2374,52,1,301,237,1.0,0.07308970099667775,0.09282700421940929,floor=104/237 (43.9% of budget)
Arrest001,C_uniform,10.5,,2374,52,1,301,249,1.0,0.10631229235880399,0.1285140562248996,
Arrest001,D_random,10.5,0,2374,52,1,301,249,1.0,0.09302325581395349,0.11244979919678715,
Arrest001,D_random,10.5,1,2374,52,1,301,249,1.0,0.07641196013289037,0.09236947791164658,
Arrest001,D_random,10.5,2,2374,52,1,301,249,1.0,0.11295681063122924,0.13654618473895583,
Arrest001,D_random,10.5,3,2374,52,1,301,249,1.0,0.12292358803986711,0.14859437751004015,
Arrest001,D_random,10.5,4,2374,52,1,301,249,1.0,0.12624584717607973,0.15261044176706828,
Arrest001,E_action_topk,10.5,,2374,52,1,301,249,1.0,0.09634551495016612,0.11646586345381527,R0 codec anchor at matched budget
Arrest001,F_shot1_action,10.5,,2374,52,1,301,249,1.0,0.053156146179401995,0.0642570281124498,floor=52/249 (20.9% of budget)
Arrest001,G_shot2_action,10.5,,2374,52,1,301,249,1.0,0.046511627906976744,0.05622489959839357,floor=104/249 (41.8% of budget)
Arrest001,H_shot1_mid,10.5,,2374,52,1,301,249,1.0,0.09302325581395349,0.11244979919678715,floor=52/249 (20.9% of budget)
Arrest001,I_shot2_mid,10.5,,2374,52,1,301,249,1.0,0.07973421926910298,0.0963855421686747,floor=104/249 (41.8% of budget)
Arrest001,C_uniform,20.0,,2374,52,1,301,474,1.0,0.19933554817275748,0.12658227848101267,
Arrest001,D_random,20.0,0,2374,52,1,301,474,1.0,0.19933554817275748,0.12658227848101267,
Arrest001,D_random,20.0,1,2374,52,1,301,474,1.0,0.18604651162790697,0.11814345991561181,
Arrest001,D_random,20.0,2,2374,52,1,301,474,1.0,0.1893687707641196,0.12025316455696203,
Arrest001,D_random,20.0,3,2374,52,1,301,474,1.0,0.23255813953488372,0.14767932489451477,
Arrest001,D_random,20.0,4,2374,52,1,301,474,1.0,0.1760797342192691,0.11181434599156118,
Arrest001,E_action_topk,20.0,,2374,52,1,301,474,1.0,0.11295681063122924,0.07172995780590717,R0 codec anchor at matched budget
Arrest001,F_shot1_action,20.0,,2374,52,1,301,474,1.0,0.10963455149501661,0.06962025316455696,floor=52/474 (11.0% of budget)
Arrest001,G_shot2_action,20.0,,2374,52,1,301,474,1.0,0.09966777408637874,0.06329113924050633,floor=104/474 (21.9% of budget)
Arrest001,H_shot1_mid,20.0,,2374,52,1,301,474,1.0,0.1893687707641196,0.12025316455696203,floor=52/474 (11.0% of budget)
Arrest001,I_shot2_mid,20.0,,2374,52,1,301,474,1.0,0.17275747508305647,0.10970464135021098,floor=104/474 (21.9% of budget)
Arrest001,C_uniform,30.0,,2374,52,1,301,712,1.0,0.3023255813953488,0.12780898876404495,
Arrest001,D_random,30.0,0,2374,52,1,301,712,1.0,0.3222591362126246,0.13623595505617977,
Arrest001,D_random,30.0,1,2374,52,1,301,712,1.0,0.3023255813953488,0.12780898876404495,
Arrest001,D_random,30.0,2,2374,52,1,301,712,1.0,0.2724252491694352,0.1151685393258427,
Arrest001,D_random,30.0,3,2374,52,1,301,712,1.0,0.2956810631229236,0.125,
Arrest001,D_random,30.0,4,2374,52,1,301,712,1.0,0.2691029900332226,0.11376404494382023,
Arrest001,E_action_topk,30.0,,2374,52,1,301,712,1.0,0.26245847176079734,0.11095505617977527,R0 codec anchor at matched budget
Arrest001,F_shot1_action,30.0,,2374,52,1,301,712,1.0,0.16611295681063123,0.0702247191011236,floor=52/712 (7.3% of budget)
Arrest001,G_shot2_action,30.0,,2374,52,1,301,712,1.0,0.16611295681063123,0.0702247191011236,floor=104/712 (14.6% of budget)
Arrest001,H_shot1_mid,30.0,,2374,52,1,301,712,1.0,0.28903654485049834,0.12219101123595505,floor=52/712 (7.3% of budget)
Arrest001,I_shot2_mid,30.0,,2374,52,1,301,712,1.0,0.27906976744186046,0.11797752808988764,floor=104/712 (14.6% of budget)
Arrest007,A_production,10.5916,,3144,76,1,631,333,1.0,0.098256735340729,0.18618618618618618,natural retention
Arrest007,C_uniform,5.0,,3144,76,1,631,157,1.0,0.05071315372424723,0.20382165605095542,
Arrest007,D_random,5.0,0,3144,76,1,631,157,1.0,0.058637083993660855,0.2356687898089172,
Arrest007,D_random,5.0,1,3144,76,1,631,157,1.0,0.039619651347068144,0.1592356687898089,
Arrest007,D_random,5.0,2,3144,76,1,631,157,1.0,0.06814580031695722,0.27388535031847133,
Arrest007,D_random,5.0,3,3144,76,1,631,157,1.0,0.0554675118858954,0.2229299363057325,
Arrest007,D_random,5.0,4,3144,76,1,631,157,1.0,0.04120443740095087,0.16560509554140126,
Arrest007,E_action_topk,5.0,,3144,76,1,631,157,1.0,0.004754358161648178,0.01910828025477707,R0 codec anchor at matched budget
Arrest007,F_shot1_action,5.0,,3144,76,1,631,157,1.0,0.058637083993660855,0.2356687898089172,floor=76/157 (48.4% of budget)
Arrest007,G_shot2_action,5.0,,3144,76,1,631,157,1.0,0.058637083993660855,0.2356687898089172,floor=152/157 (96.8% of budget)
Arrest007,H_shot1_mid,5.0,,3144,76,1,631,157,1.0,0.0554675118858954,0.2229299363057325,floor=76/157 (48.4% of budget)
Arrest007,I_shot2_mid,5.0,,3144,76,1,631,157,1.0,0.058637083993660855,0.2356687898089172,floor=152/157 (96.8% of budget)
Arrest007,C_uniform,10.0,,3144,76,1,631,314,1.0,0.09984152139461172,0.20063694267515925,
Arrest007,D_random,10.0,0,3144,76,1,631,314,1.0,0.09508716323296355,0.1910828025477707,
Arrest007,D_random,10.0,1,3144,76,1,631,314,1.0,0.08874801901743265,0.17834394904458598,
Arrest007,D_random,10.0,2,3144,76,1,631,314,1.0,0.10618066561014262,0.21337579617834396,
Arrest007,D_random,10.0,3,3144,76,1,631,314,1.0,0.10301109350237718,0.2070063694267516,
Arrest007,D_random,10.0,4,3144,76,1,631,314,1.0,0.098256735340729,0.19745222929936307,
Arrest007,E_action_topk,10.0,,3144,76,1,631,314,1.0,0.014263074484944533,0.028662420382165606,R0 codec anchor at matched budget
Arrest007,F_shot1_action,10.0,,3144,76,1,631,314,1.0,0.11251980982567353,0.22611464968152867,floor=76/314 (24.2% of budget)
Arrest007,G_shot2_action,10.0,,3144,76,1,631,314,1.0,0.1109350237717908,0.2229299363057325,floor=152/314 (48.4% of budget)
Arrest007,H_shot1_mid,10.0,,3144,76,1,631,314,1.0,0.10776545166402536,0.21656050955414013,floor=76/314 (24.2% of budget)
Arrest007,I_shot2_mid,10.0,,3144,76,1,631,314,1.0,0.10935023771790808,0.2197452229299363,floor=152/314 (48.4% of budget)
Arrest007,C_uniform,10.5,,3144,76,1,631,330,1.0,0.1045958795562599,0.2,
Arrest007,D_random,10.5,0,3144,76,1,631,330,1.0,0.09667194928684628,0.18484848484848485,
Arrest007,D_random,10.5,1,3144,76,1,631,330,1.0,0.09350237717908082,0.1787878787878788,
Arrest007,D_random,10.5,2,3144,76,1,631,330,1.0,0.11251980982567353,0.21515151515151515,
Arrest007,D_random,10.5,3,3144,76,1,631,330,1.0,0.11251980982567353,0.21515151515151515,
Arrest007,D_random,10.5,4,3144,76,1,631,330,1.0,0.1045958795562599,0.2,
Arrest007,E_action_topk,10.5,,3144,76,1,631,330,1.0,0.014263074484944533,0.02727272727272727,R0 codec anchor at matched budget
Arrest007,F_shot1_action,10.5,,3144,76,1,631,330,1.0,0.11410459587955626,0.21818181818181817,floor=76/330 (23.0% of budget)
Arrest007,G_shot2_action,10.5,,3144,76,1,631,330,1.0,0.11885895404120443,0.22727272727272727,floor=152/330 (46.1% of budget)
Arrest007,H_shot1_mid,10.5,,3144,76,1,631,330,1.0,0.1109350237717908,0.21212121212121213,floor=76/330 (23.0% of budget)
Arrest007,I_shot2_mid,10.5,,3144,76,1,631,330,1.0,0.11568938193343899,0.22121212121212122,floor=152/330 (46.1% of budget)
Arrest007,C_uniform,20.0,,3144,76,1,631,628,1.0,0.19968304278922344,0.20063694267515925,
Arrest007,D_random,20.0,0,3144,76,1,631,628,1.0,0.20285261489698891,0.20382165605095542,
Arrest007,D_random,20.0,1,3144,76,1,631,628,1.0,0.2076069730586371,0.2085987261146497,
Arrest007,D_random,20.0,2,3144,76,1,631,628,1.0,0.19968304278922344,0.20063694267515925,
Arrest007,D_random,20.0,3,3144,76,1,631,628,1.0,0.20602218700475436,0.2070063694267516,
Arrest007,D_random,20.0,4,3144,76,1,631,628,1.0,0.18700475435816163,0.18789808917197454,
Arrest007,E_action_topk,20.0,,3144,76,1,631,628,1.0,0.014263074484944533,0.014331210191082803,R0 codec anchor at matched budget
Arrest007,F_shot1_action,20.0,,3144,76,1,631,628,1.0,0.21553090332805072,0.21656050955414013,floor=76/628 (12.1% of budget)
Arrest007,G_shot2_action,20.0,,3144,76,1,631,628,1.0,0.21394611727416799,0.21496815286624205,floor=152/628 (24.2% of budget)
Arrest007,H_shot1_mid,20.0,,3144,76,1,631,628,1.0,0.2076069730586371,0.2085987261146497,floor=76/628 (12.1% of budget)
Arrest007,I_shot2_mid,20.0,,3144,76,1,631,628,1.0,0.2091917591125198,0.21019108280254778,floor=152/628 (24.2% of budget)
Arrest007,C_uniform,30.0,,3144,76,1,631,943,1.0,0.29952456418383516,0.20042417815482502,
Arrest007,D_random,30.0,0,3144,76,1,631,943,1.0,0.31695721077654515,0.21208907741251326,
Arrest007,D_random,30.0,1,3144,76,1,631,943,1.0,0.2979397781299525,0.19936373276776245,
Arrest007,D_random,30.0,2,3144,76,1,631,943,1.0,0.27099841521394613,0.18133616118769882,
Arrest007,D_random,30.0,3,3144,76,1,631,943,1.0,0.28526148969889065,0.19088016967126192,
Arrest007,D_random,30.0,4,3144,76,1,631,943,1.0,0.29952456418383516,0.20042417815482502,
Arrest007,E_action_topk,30.0,,3144,76,1,631,943,1.0,0.08240887480190175,0.05514316012725345,R0 codec anchor at matched budget
Arrest007,F_shot1_action,30.0,,3144,76,1,631,943,1.0,0.3264659270998415,0.21845174973488865,floor=76/943 (8.1% of budget)
Arrest007,G_shot2_action,30.0,,3144,76,1,631,943,1.0,0.32805071315372425,0.21951219512195122,floor=152/943 (16.1% of budget)
Arrest007,H_shot1_mid,30.0,,3144,76,1,631,943,1.0,0.3011093502377179,0.2014846235418876,floor=76/943 (8.1% of budget)
Arrest007,I_shot2_mid,30.0,,3144,76,1,631,943,1.0,0.3090332805071315,0.2067868504772004,floor=152/943 (16.1% of budget)
Arrest024,A_production,10.4161,,3629,74,1,2101,378,1.0,0.10471204188481675,0.582010582010582,natural retention
Arrest024,C_uniform,5.0,,3629,74,1,2101,181,1.0,0.049976201808662545,0.580110497237569,
Arrest024,D_random,5.0,0,3629,74,1,2101,181,1.0,0.05188005711565921,0.6022099447513812,
Arrest024,D_random,5.0,1,3629,74,1,2101,181,1.0,0.04950023798191337,0.574585635359116,
Arrest024,D_random,5.0,2,3629,74,1,2101,181,1.0,0.05283198476915754,0.6132596685082873,
Arrest024,D_random,5.0,3,3629,74,1,2101,181,1.0,0.05045216563541171,0.585635359116022,
Arrest024,D_random,5.0,4,3629,74,1,2101,181,1.0,0.047596382674916705,0.5524861878453039,
Arrest024,E_action_topk,5.0,,3629,74,1,2101,181,1.0,0.04950023798191337,0.574585635359116,R0 codec anchor at matched budget
Arrest024,F_shot1_action,5.0,,3629,74,1,2101,181,1.0,0.06187529747739172,0.7182320441988951,floor=74/181 (40.9% of budget)
Arrest024,G_shot2_action,5.0,,3629,74,1,2101,181,1.0,0.06187529747739172,0.7182320441988951,floor=148/181 (81.8% of budget)
Arrest024,H_shot1_mid,5.0,,3629,74,1,2101,181,1.0,0.05711565920990005,0.6629834254143646,floor=74/181 (40.9% of budget)
Arrest024,I_shot2_mid,5.0,,3629,74,1,2101,181,1.0,0.06092336982389338,0.7071823204419889,floor=148/181 (81.8% of budget)
Arrest024,C_uniform,10.0,,3629,74,1,2101,362,1.0,0.09995240361732509,0.580110497237569,
Arrest024,D_random,10.0,0,3629,74,1,2101,362,1.0,0.09995240361732509,0.580110497237569,
Arrest024,D_random,10.0,1,3629,74,1,2101,362,1.0,0.10233222275107091,0.5939226519337016,
Arrest024,D_random,10.0,2,3629,74,1,2101,362,1.0,0.10233222275107091,0.5939226519337016,
Arrest024,D_random,10.0,3,3629,74,1,2101,362,1.0,0.09804854831032842,0.569060773480663,
Arrest024,D_random,10.0,4,3629,74,1,2101,362,1.0,0.10566396953831508,0.6132596685082873,
Arrest024,E_action_topk,10.0,,3629,74,1,2101,362,1.0,0.08900523560209424,0.5165745856353591,R0 codec anchor at matched budget
Arrest024,F_shot1_action,10.0,,3629,74,1,2101,362,1.0,0.12375059495478344,0.7182320441988951,floor=74/362 (20.4% of budget)
Arrest024,G_shot2_action,10.0,,3629,74,1,2101,362,1.0,0.12470252260828177,0.7237569060773481,floor=148/362 (40.9% of budget)
Arrest024,H_shot1_mid,10.0,,3629,74,1,2101,362,1.0,0.10566396953831508,0.6132596685082873,floor=74/362 (20.4% of budget)
Arrest024,I_shot2_mid,10.0,,3629,74,1,2101,362,1.0,0.11185149928605426,0.649171270718232,floor=148/362 (40.9% of budget)
Arrest024,C_uniform,10.5,,3629,74,1,2101,381,1.0,0.10471204188481675,0.5774278215223098,
Arrest024,D_random,10.5,0,3629,74,1,2101,381,1.0,0.10423607805806759,0.5748031496062992,
Arrest024,D_random,10.5,1,3629,74,1,2101,381,1.0,0.1099476439790576,0.6062992125984252,
Arrest024,D_random,10.5,2,3629,74,1,2101,381,1.0,0.10518800571156592,0.5800524934383202,
Arrest024,D_random,10.5,3,3629,74,1,2101,381,1.0,0.10376011423131842,0.5721784776902887,
Arrest024,D_random,10.5,4,3629,74,1,2101,381,1.0,0.10709186101856259,0.5905511811023622,
Arrest024,E_action_topk,10.5,,3629,74,1,2101,381,1.0,0.09804854831032842,0.5406824146981627,R0 codec anchor at matched budget
Arrest024,F_shot1_action,10.5,,3629,74,1,2101,381,1.0,0.1313660161827701,0.7244094488188977,floor=74/381 (19.4% of budget)
Arrest024,G_shot2_action,10.5,,3629,74,1,2101,381,1.0,0.13231794383626844,0.7296587926509186,floor=148/381 (38.8% of budget)
Arrest024,H_shot1_mid,10.5,,3629,74,1,2101,381,1.0,0.11185149928605426,0.6167979002624672,floor=74/381 (19.4% of budget)
Arrest024,I_shot2_mid,10.5,,3629,74,1,2101,381,1.0,0.1170871013802951,0.6456692913385826,floor=148/381 (38.8% of budget)
Arrest024,C_uniform,20.0,,3629,74,1,2101,725,1.0,0.199428843407901,0.5779310344827586,
Arrest024,D_random,20.0,0,3629,74,1,2101,725,1.0,0.21370775821037602,0.6193103448275862,
Arrest024,D_random,20.0,1,3629,74,1,2101,725,1.0,0.199428843407901,0.5779310344827586,
Arrest024,D_random,20.0,2,3629,74,1,2101,725,1.0,0.20323655402189433,0.5889655172413794,
Arrest024,D_random,20.0,3,3629,74,1,2101,725,1.0,0.2008567348881485,0.5820689655172414,
Arrest024,D_random,20.0,4,3629,74,1,2101,725,1.0,0.20276059019514517,0.5875862068965517,
Arrest024,E_action_topk,20.0,,3629,74,1,2101,725,1.0,0.1603998096144693,0.46482758620689657,R0 codec anchor at matched budget
Arrest024,F_shot1_action,20.0,,3629,74,1,2101,725,1.0,0.2498810090433127,0.7241379310344828,floor=74/725 (10.2% of budget)
Arrest024,G_shot2_action,20.0,,3629,74,1,2101,725,1.0,0.24940504521656354,0.7227586206896551,floor=148/725 (20.4% of budget)
Arrest024,H_shot1_mid,20.0,,3629,74,1,2101,725,1.0,0.20609233698238935,0.5972413793103448,floor=74/725 (10.2% of budget)
Arrest024,I_shot2_mid,20.0,,3629,74,1,2101,725,1.0,0.21132793907663017,0.6124137931034482,floor=148/725 (20.4% of budget)
Arrest024,C_uniform,30.0,,3629,74,1,2101,1088,1.0,0.29985721085197525,0.5790441176470589,
Arrest024,D_random,30.0,0,3629,74,1,2101,1088,1.0,0.30414088529271777,0.5873161764705882,
Arrest024,D_random,30.0,1,3629,74,1,2101,1088,1.0,0.3017610661589719,0.5827205882352942,
Arrest024,D_random,30.0,2,3629,74,1,2101,1088,1.0,0.30271299381247024,0.5845588235294118,
Arrest024,D_random,30.0,3,3629,74,1,2101,1088,1.0,0.2979533555449786,0.5753676470588235,
Arrest024,D_random,30.0,4,3629,74,1,2101,1088,1.0,0.29557353641123274,0.5707720588235294,
Arrest024,E_action_topk,30.0,,3629,74,1,2101,1088,1.0,0.29271775345073775,0.5652573529411765,R0 codec anchor at matched budget
Arrest024,F_shot1_action,30.0,,3629,74,1,2101,1088,1.0,0.3783912422655878,0.7306985294117647,floor=74/1088 (6.8% of budget)
Arrest024,G_shot2_action,30.0,,3629,74,1,2101,1088,1.0,0.378867206092337,0.7316176470588235,floor=148/1088 (13.6% of budget)
Arrest024,H_shot1_mid,30.0,,3629,74,1,2101,1088,1.0,0.3050928129462161,0.5891544117647058,floor=74/1088 (6.8% of budget)
Arrest024,I_shot2_mid,30.0,,3629,74,1,2101,1088,1.0,0.3122322703474536,0.6029411764705882,floor=148/1088 (13.6% of budget)
Arrest030,A_production,10.449,,8642,252,1,1666,903,1.0,0.1014405762304922,0.18715393133997785,natural retention
Arrest030,C_uniform,5.0,,8642,252,1,1666,432,1.0,0.04981992797118848,0.19212962962962962,
Arrest030,D_random,5.0,0,8642,252,1,1666,432,1.0,0.05102040816326531,0.19675925925925927,
Arrest030,D_random,5.0,1,8642,252,1,1666,432,1.0,0.055222088835534214,0.21296296296296297,
Arrest030,D_random,5.0,2,8642,252,1,1666,432,1.0,0.048619447779111646,0.1875,
Arrest030,D_random,5.0,3,8642,252,1,1666,432,1.0,0.048619447779111646,0.1875,
Arrest030,D_random,5.0,4,8642,252,1,1666,432,1.0,0.05162064825930372,0.19907407407407407,
Arrest030,E_action_topk,5.0,,8642,252,1,1666,432,1.0,0.08523409363745499,0.3287037037037037,R0 codec anchor at matched budget
Arrest030,F_shot1_action,5.0,,8642,252,1,1666,432,1.0,0.05102040816326531,0.19675925925925927,floor=252/432 (58.3% of budget)
Arrest030,G_shot2_action,5.0,,8642,252,1,1666,432,1.0,0.055222088835534214,0.21296296296296297,floor=432/432 (100.0% of budget)
Arrest030,H_shot1_mid,5.0,,8642,252,1,1666,432,1.0,0.05282112845138055,0.2037037037037037,floor=252/432 (58.3% of budget)
Arrest030,I_shot2_mid,5.0,,8642,252,1,1666,432,1.0,0.05582232893157263,0.2152777777777778,floor=432/432 (100.0% of budget)
Arrest030,C_uniform,10.0,,8642,252,1,1666,864,1.0,0.10024009603841537,0.19328703703703703,
Arrest030,D_random,10.0,0,8642,252,1,1666,864,1.0,0.10624249699879952,0.2048611111111111,
Arrest030,D_random,10.0,1,8642,252,1,1666,864,1.0,0.1014405762304922,0.19560185185185186,
Arrest030,D_random,10.0,2,8642,252,1,1666,864,1.0,0.09603841536614646,0.18518518518518517,
Arrest030,D_random,10.0,3,8642,252,1,1666,864,1.0,0.09483793517406963,0.18287037037037038,
Arrest030,D_random,10.0,4,8642,252,1,1666,864,1.0,0.10204081632653061,0.19675925925925927,
Arrest030,E_action_topk,10.0,,8642,252,1,1666,864,1.0,0.1212484993997599,0.2337962962962963,R0 codec anchor at matched budget
Arrest030,F_shot1_action,10.0,,8642,252,1,1666,864,1.0,0.1014405762304922,0.19560185185185186,floor=252/864 (29.2% of budget)
Arrest030,G_shot2_action,10.0,,8642,252,1,1666,864,1.0,0.1014405762304922,0.19560185185185186,floor=504/864 (58.3% of budget)
Arrest030,H_shot1_mid,10.0,,8642,252,1,1666,864,1.0,0.09903961584633854,0.1909722222222222,floor=252/864 (29.2% of budget)
Arrest030,I_shot2_mid,10.0,,8642,252,1,1666,864,1.0,0.09963985594237695,0.19212962962962962,floor=504/864 (58.3% of budget)
Arrest030,C_uniform,10.5,,8642,252,1,1666,907,1.0,0.10444177671068428,0.1918412348401323,
Arrest030,D_random,10.5,0,8642,252,1,1666,907,1.0,0.11164465786314526,0.20507166482910694,
Arrest030,D_random,10.5,1,8642,252,1,1666,907,1.0,0.10444177671068428,0.1918412348401323,
Arrest030,D_random,10.5,2,8642,252,1,1666,907,1.0,0.10504201680672269,0.19294377067254687,
Arrest030,D_random,10.5,3,8642,252,1,1666,907,1.0,0.10084033613445378,0.185226019845645,
Arrest030,D_random,10.5,4,8642,252,1,1666,907,1.0,0.10744297719087635,0.19735391400220506,
Arrest030,E_action_topk,10.5,,8642,252,1,1666,907,1.0,0.1212484993997599,0.2227122381477398,R0 codec anchor at matched budget
Arrest030,F_shot1_action,10.5,,8642,252,1,1666,907,1.0,0.10684273709483794,0.19625137816979052,floor=252/907 (27.8% of budget)
Arrest030,G_shot2_action,10.5,,8642,252,1,1666,907,1.0,0.10624249699879952,0.19514884233737598,floor=504/907 (55.6% of budget)
Arrest030,H_shot1_mid,10.5,,8642,252,1,1666,907,1.0,0.10384153661464586,0.19073869900771775,floor=252/907 (27.8% of budget)
Arrest030,I_shot2_mid,10.5,,8642,252,1,1666,907,1.0,0.10624249699879952,0.19514884233737598,floor=504/907 (55.6% of budget)
Arrest030,C_uniform,20.0,,8642,252,1,1666,1728,1.0,0.1998799519807923,0.19270833333333334,
Arrest030,D_random,20.0,0,8642,252,1,1666,1728,1.0,0.20588235294117646,0.19849537037037038,
Arrest030,D_random,20.0,1,8642,252,1,1666,1728,1.0,0.2028811524609844,0.19560185185185186,
Arrest030,D_random,20.0,2,8642,252,1,1666,1728,1.0,0.2034813925570228,0.19618055555555555,
Arrest030,D_random,20.0,3,8642,252,1,1666,1728,1.0,0.18487394957983194,0.17824074074074073,
Arrest030,D_random,20.0,4,8642,252,1,1666,1728,1.0,0.20768307322929172,0.20023148148148148,
Arrest030,E_action_topk,20.0,,8642,252,1,1666,1728,1.0,0.19567827130852342,0.1886574074074074,R0 codec anchor at matched budget
Arrest030,F_shot1_action,20.0,,8642,252,1,1666,1728,1.0,0.20528211284513806,0.19791666666666666,floor=252/1728 (14.6% of budget)
Arrest030,G_shot2_action,20.0,,8642,252,1,1666,1728,1.0,0.20168067226890757,0.19444444444444445,floor=504/1728 (29.2% of budget)
Arrest030,H_shot1_mid,20.0,,8642,252,1,1666,1728,1.0,0.1992797118847539,0.19212962962962962,floor=252/1728 (14.6% of budget)
Arrest030,I_shot2_mid,20.0,,8642,252,1,1666,1728,1.0,0.1998799519807923,0.19270833333333334,floor=504/1728 (29.2% of budget)
Arrest030,C_uniform,30.0,,8642,252,1,1666,2592,1.0,0.30012004801920766,0.19290123456790123,
Arrest030,D_random,30.0,0,8642,252,1,1666,2592,1.0,0.3187274909963986,0.2048611111111111,
Arrest030,D_random,30.0,1,8642,252,1,1666,2592,1.0,0.3043217286914766,0.19560185185185186,
Arrest030,D_random,30.0,2,8642,252,1,1666,2592,1.0,0.2965186074429772,0.19058641975308643,
Arrest030,D_random,30.0,3,8642,252,1,1666,2592,1.0,0.28811524609843936,0.18518518518518517,
Arrest030,D_random,30.0,4,8642,252,1,1666,2592,1.0,0.3199279711884754,0.2056327160493827,
Arrest030,E_action_topk,30.0,,8642,252,1,1666,2592,1.0,0.26770708283313327,0.1720679012345679,R0 codec anchor at matched budget
Arrest030,F_shot1_action,30.0,,8642,252,1,1666,2592,1.0,0.3097238895558223,0.19907407407407407,floor=252/2592 (9.7% of budget)
Arrest030,G_shot2_action,30.0,,8642,252,1,1666,2592,1.0,0.3079231692677071,0.19791666666666666,floor=504/2592 (19.4% of budget)
Arrest030,H_shot1_mid,30.0,,8642,252,1,1666,2592,1.0,0.2995198079231693,0.19251543209876543,floor=252/2592 (9.7% of budget)
Arrest030,I_shot2_mid,30.0,,8642,252,1,1666,2592,1.0,0.3013205282112845,0.19367283950617284,floor=504/2592 (19.4% of budget)
Arrest039,A_production,10.4073,,15835,431,1,3121,1648,1.0,0.10445370073694328,0.19781553398058252,natural retention
Arrest039,C_uniform,5.0,,15835,431,1,3121,791,1.0,0.049983979493752,0.1972187104930468,
Arrest039,D_random,5.0,0,15835,431,1,3121,791,1.0,0.050304389618711955,0.19848293299620734,
Arrest039,D_random,5.0,1,15835,431,1,3121,791,1.0,0.04742069849407241,0.18710493046776233,
Arrest039,D_random,5.0,2,15835,431,1,3121,791,1.0,0.05094520986863185,0.20101137800252844,
Arrest039,D_random,5.0,3,15835,431,1,3121,791,1.0,0.051906440243511695,0.20480404551201012,
Arrest039,D_random,5.0,4,15835,431,1,3121,791,1.0,0.0506247997436719,0.1997471554993679,
Arrest039,E_action_topk,5.0,,15835,431,1,3121,791,1.0,0.011214354373598205,0.04424778761061947,R0 codec anchor at matched budget
Arrest039,F_shot1_action,5.0,,15835,431,1,3121,791,1.0,0.040051265619993594,0.15802781289506954,floor=431/791 (54.5% of budget)
Arrest039,G_shot2_action,5.0,,15835,431,1,3121,791,1.0,0.039410445370073696,0.1554993678887484,floor=791/791 (100.0% of budget)
Arrest039,H_shot1_mid,5.0,,15835,431,1,3121,791,1.0,0.04966356936879206,0.1959544879898862,floor=431/791 (54.5% of budget)
Arrest039,I_shot2_mid,5.0,,15835,431,1,3121,791,1.0,0.040051265619993594,0.15802781289506954,floor=791/791 (100.0% of budget)
Arrest039,C_uniform,10.0,,15835,431,1,3121,1583,1.0,0.099967958987504,0.19709412507896398,
Arrest039,D_random,10.0,0,15835,431,1,3121,1583,1.0,0.09772508811278437,0.19267214150347442,
Arrest039,D_random,10.0,1,15835,431,1,3121,1583,1.0,0.09388016661326498,0.18509159823120658,
Arrest039,D_random,10.0,2,15835,431,1,3121,1583,1.0,0.10733739186158282,0.21162349968414404,
Arrest039,D_random,10.0,3,15835,431,1,3121,1583,1.0,0.1012495994873438,0.1996209728363866,
Arrest039,D_random,10.0,4,15835,431,1,3121,1583,1.0,0.1012495994873438,0.1996209728363866,
Arrest039,E_action_topk,10.0,,15835,431,1,3121,1583,1.0,0.04293495674463313,0.08464939987365762,R0 codec anchor at matched budget
Arrest039,F_shot1_action,10.0,,15835,431,1,3121,1583,1.0,0.08651073373918616,0.17056222362602652,floor=431/1583 (27.2% of budget)
Arrest039,G_shot2_action,10.0,,15835,431,1,3121,1583,1.0,0.0881127843639859,0.1737207833228048,floor=862/1583 (54.5% of budget)
Arrest039,H_shot1_mid,10.0,,15835,431,1,3121,1583,1.0,0.09772508811278437,0.19267214150347442,floor=431/1583 (27.2% of budget)
Arrest039,I_shot2_mid,10.0,,15835,431,1,3121,1583,1.0,0.09644344761294457,0.1901452937460518,floor=862/1583 (54.5% of budget)
Arrest039,C_uniform,10.5,,15835,431,1,3121,1662,1.0,0.10509452098686319,0.197352587244284,
Arrest039,D_random,10.5,0,15835,431,1,3121,1662,1.0,0.1018904197372637,0.19133574007220217,
Arrest039,D_random,10.5,1,15835,431,1,3121,1662,1.0,0.09868631848766421,0.18531889290012032,
Arrest039,D_random,10.5,2,15835,431,1,3121,1662,1.0,0.11150272348606216,0.20938628158844766,
Arrest039,D_random,10.5,3,15835,431,1,3121,1662,1.0,0.10765780198654278,0.20216606498194944,
Arrest039,D_random,10.5,4,15835,431,1,3121,1662,1.0,0.10477411086190323,0.1967509025270758,
Arrest039,E_action_topk,10.5,,15835,431,1,3121,1662,1.0,0.04549823774431272,0.08543922984356198,R0 codec anchor at matched budget
Arrest039,F_shot1_action,10.5,,15835,431,1,3121,1662,1.0,0.09035565523870555,0.16967509025270758,floor=431/1662 (25.9% of budget)
Arrest039,G_shot2_action,10.5,,15835,431,1,3121,1662,1.0,0.09163729573854534,0.17208182912154033,floor=862/1662 (51.9% of budget)
Arrest039,H_shot1_mid,10.5,,15835,431,1,3121,1662,1.0,0.10413329061198334,0.19554753309265946,floor=431/1662 (25.9% of budget)
Arrest039,I_shot2_mid,10.5,,15835,431,1,3121,1662,1.0,0.1018904197372637,0.19133574007220217,floor=862/1662 (51.9% of budget)
Arrest039,C_uniform,20.0,,15835,431,1,3121,3167,1.0,0.199935917975008,0.19703189137985475,
Arrest039,D_random,20.0,0,15835,431,1,3121,3167,1.0,0.20281960909964755,0.19987369750552572,
Arrest039,D_random,20.0,1,15835,431,1,3121,3167,1.0,0.19512976610060878,0.19229554783706979,
Arrest039,D_random,20.0,2,15835,431,1,3121,3167,1.0,0.20025632809996796,0.19734764761604043,
Arrest039,D_random,20.0,3,15835,431,1,3121,3167,1.0,0.20153796859980774,0.19861067256078307,
Arrest039,D_random,20.0,4,15835,431,1,3121,3167,1.0,0.19577058635052869,0.19292706030944112,
Arrest039,E_action_topk,20.0,,15835,431,1,3121,3167,1.0,0.07785966036526754,0.07672876539311652,R0 codec anchor at matched budget
Arrest039,F_shot1_action,20.0,,15835,431,1,3121,3167,1.0,0.17334187760333228,0.1708241237764446,floor=431/3167 (13.6% of budget)
Arrest039,G_shot2_action,20.0,,15835,431,1,3121,3167,1.0,0.17654597885293175,0.17398168613830123,floor=862/3167 (27.2% of budget)
Arrest039,H_shot1_mid,20.0,,15835,431,1,3121,3167,1.0,0.19801345722524832,0.19513735396274076,floor=431/3167 (13.6% of budget)
Arrest039,I_shot2_mid,20.0,,15835,431,1,3121,3167,1.0,0.19801345722524832,0.19513735396274076,floor=862/3167 (27.2% of budget)
Arrest039,C_uniform,30.0,,15835,431,1,3121,4750,1.0,0.29990387696251203,0.19705263157894737,
Arrest039,D_random,30.0,0,15835,431,1,3121,4750,1.0,0.2957385453380327,0.19431578947368422,
Arrest039,D_random,30.0,1,15835,431,1,3121,4750,1.0,0.2906119833386735,0.19094736842105264,
Arrest039,D_random,30.0,2,15835,431,1,3121,4750,1.0,0.29894264658763214,0.19642105263157894,
Arrest039,D_random,30.0,3,15835,431,1,3121,4750,1.0,0.30278756808715157,0.19894736842105262,
Arrest039,D_random,30.0,4,15835,431,1,3121,4750,1.0,0.29413649471323294,0.19326315789473683,
Arrest039,E_action_topk,30.0,,15835,431,1,3121,4750,1.0,0.1544376802306953,0.10147368421052631,R0 codec anchor at matched budget
Arrest039,F_shot1_action,30.0,,15835,431,1,3121,4750,1.0,0.2592117910925985,0.1703157894736842,floor=431/4750 (9.1% of budget)
Arrest039,G_shot2_action,30.0,,15835,431,1,3121,4750,1.0,0.2598526113425184,0.17073684210526316,floor=862/4750 (18.1% of budget)
Arrest039,H_shot1_mid,30.0,,15835,431,1,3121,4750,1.0,0.2986222364626722,0.19621052631578947,floor=431/4750 (9.1% of budget)
Arrest039,I_shot2_mid,30.0,,15835,431,1,3121,4750,1.0,0.2976610060877924,0.19557894736842105,floor=862/4750 (18.1% of budget)
Arson007,A_production,10.4287,,6252,100,1,3451,652,1.0,0.1046073601854535,0.553680981595092,natural retention
Arson007,C_uniform,5.0,,6252,100,1,3451,312,1.0,0.049840625905534626,0.5512820512820513,
Arson007,D_random,5.0,0,6252,100,1,3451,312,1.0,0.05186902347145755,0.5737179487179487,
Arson007,D_random,5.0,1,6252,100,1,3451,312,1.0,0.05331787887568821,0.5897435897435898,
Arson007,D_random,5.0,2,6252,100,1,3451,312,1.0,0.05244856563314981,0.5801282051282052,
Arson007,D_random,5.0,3,6252,100,1,3451,312,1.0,0.05013039698638076,0.5544871794871795,
Arson007,D_random,5.0,4,6252,100,1,3451,312,1.0,0.049550854824688496,0.5480769230769231,
Arson007,E_action_topk,5.0,,6252,100,1,3451,312,1.0,0.07418139669660968,0.8205128205128205,R0 codec anchor at matched budget
Arson007,F_shot1_action,5.0,,6252,100,1,3451,312,1.0,0.04607360185453492,0.5096153846153846,floor=100/312 (32.1% of budget)
Arson007,G_shot2_action,5.0,,6252,100,1,3451,312,1.0,0.043465662126919734,0.4807692307692308,floor=200/312 (64.1% of budget)
Arson007,H_shot1_mid,5.0,,6252,100,1,3451,312,1.0,0.047232686177919446,0.5224358974358975,floor=100/312 (32.1% of budget)
Arson007,I_shot2_mid,5.0,,6252,100,1,3451,312,1.0,0.04259634888438134,0.47115384615384615,floor=200/312 (64.1% of budget)
Arson007,C_uniform,10.0,,6252,100,1,3451,625,1.0,0.09997102289191538,0.552,
Arson007,D_random,10.0,0,6252,100,1,3451,625,1.0,0.10315850478122283,0.5696,
Arson007,D_random,10.0,1,6252,100,1,3451,625,1.0,0.10170964937699217,0.5616,
Arson007,D_random,10.0,2,6252,100,1,3451,625,1.0,0.09968125181106925,0.5504,
Arson007,D_random,10.0,3,6252,100,1,3451,625,1.0,0.10315850478122283,0.5696,
Arson007,D_random,10.0,4,6252,100,1,3451,625,1.0,0.09910170964937699,0.5472,
Arson007,E_action_topk,10.0,,6252,100,1,3451,625,1.0,0.15386844392929586,0.8496,R0 codec anchor at matched budget
Arson007,F_shot1_action,10.0,,6252,100,1,3451,625,1.0,0.09156766154737757,0.5056,floor=100/625 (16.0% of budget)
Arson007,G_shot2_action,10.0,,6252,100,1,3451,625,1.0,0.09040857722399305,0.4992,floor=200/625 (32.0% of budget)
Arson007,H_shot1_mid,10.0,,6252,100,1,3451,625,1.0,0.09678354100260794,0.5344,floor=100/625 (16.0% of budget)
Arson007,I_shot2_mid,10.0,,6252,100,1,3451,625,1.0,0.09359605911330049,0.5168,floor=200/625 (32.0% of budget)
Arson007,C_uniform,10.5,,6252,100,1,3451,656,1.0,0.10489713126629963,0.551829268292683,
Arson007,D_random,10.5,0,6252,100,1,3451,656,1.0,0.11040278180237613,0.5807926829268293,
Arson007,D_random,10.5,1,6252,100,1,3451,656,1.0,0.10576644450883801,0.5564024390243902,
Arson007,D_random,10.5,2,6252,100,1,3451,656,1.0,0.10489713126629963,0.551829268292683,
Arson007,D_random,10.5,3,6252,100,1,3451,656,1.0,0.10605621558968414,0.5579268292682927,
Arson007,D_random,10.5,4,6252,100,1,3451,656,1.0,0.10431758910460737,0.5487804878048781,
Arson007,E_action_topk,10.5,,6252,100,1,3451,656,1.0,0.16285134743552593,0.8567073170731707,R0 codec anchor at matched budget
Arson007,F_shot1_action,10.5,,6252,100,1,3451,656,1.0,0.09591422776006954,0.5045731707317073,floor=100/656 (15.2% of budget)
Arson007,G_shot2_action,10.5,,6252,100,1,3451,656,1.0,0.09243697478991597,0.48628048780487804,floor=200/656 (30.5% of budget)
Arson007,H_shot1_mid,10.5,,6252,100,1,3451,656,1.0,0.1019994204578383,0.5365853658536586,floor=100/656 (15.2% of budget)
Arson007,I_shot2_mid,10.5,,6252,100,1,3451,656,1.0,0.09939148073022312,0.5228658536585366,floor=200/656 (30.5% of budget)
Arson007,C_uniform,20.0,,6252,100,1,3451,1250,1.0,0.19994204578383076,0.552,
Arson007,D_random,20.0,0,6252,100,1,3451,1250,1.0,0.20689655172413793,0.5712,
Arson007,D_random,20.0,1,6252,100,1,3451,1250,1.0,0.2039988409156766,0.5632,
Arson007,D_random,20.0,2,6252,100,1,3451,1250,1.0,0.20081135902636918,0.5544,
Arson007,D_random,20.0,3,6252,100,1,3451,1250,1.0,0.19762387713706173,0.5456,
Arson007,D_random,20.0,4,6252,100,1,3451,1250,1.0,0.2011011301072153,0.5552,
Arson007,E_action_topk,20.0,,6252,100,1,3451,1250,1.0,0.33497536945812806,0.9248,R0 codec anchor at matched budget
Arson007,F_shot1_action,20.0,,6252,100,1,3451,1250,1.0,0.18893074471167778,0.5216,floor=100/1250 (8.0% of budget)
Arson007,G_shot2_action,20.0,,6252,100,1,3451,1250,1.0,0.18661257606490872,0.5152,floor=200/1250 (16.0% of budget)
Arson007,H_shot1_mid,20.0,,6252,100,1,3451,1250,1.0,0.19704433497536947,0.544,floor=100/1250 (8.0% of budget)
Arson007,I_shot2_mid,20.0,,6252,100,1,3451,1250,1.0,0.19385685308606201,0.5352,floor=200/1250 (16.0% of budget)
Arson007,C_uniform,30.0,,6252,100,1,3451,1875,1.0,0.29962329759490003,0.5514666666666667,
Arson007,D_random,30.0,0,6252,100,1,3451,1875,1.0,0.31092436974789917,0.5722666666666667,
Arson007,D_random,30.0,1,6252,100,1,3451,1875,1.0,0.2909301651695161,0.5354666666666666,
Arson007,D_random,30.0,2,6252,100,1,3451,1875,1.0,0.2999130686757462,0.552,
Arson007,D_random,30.0,3,6252,100,1,3451,1875,1.0,0.292958562735439,0.5392,
Arson007,D_random,30.0,4,6252,100,1,3451,1875,1.0,0.29933352651405387,0.5509333333333334,
Arson007,E_action_topk,30.0,,6252,100,1,3451,1875,1.0,0.5105766444508838,0.9397333333333333,R0 codec anchor at matched budget
Arson007,F_shot1_action,30.0,,6252,100,1,3451,1875,1.0,0.2813677195015937,0.5178666666666667,floor=100/1875 (5.3% of budget)
Arson007,G_shot2_action,30.0,,6252,100,1,3451,1875,1.0,0.28049840625905537,0.5162666666666667,floor=200/1875 (10.7% of budget)
Arson007,H_shot1_mid,30.0,,6252,100,1,3451,1875,1.0,0.29672558678643873,0.5461333333333334,floor=100/1875 (5.3% of budget)
Arson007,I_shot2_mid,30.0,,6252,100,1,3451,1875,1.0,0.2938278759779774,0.5408,floor=200/1875 (10.7% of budget)
Arson009,A_production,11.0363,,743,27,1,96,82,1.0,0.125,0.14634146341463414,natural retention
Arson009,C_uniform,5.0,,743,27,1,96,37,1.0,0.052083333333333336,0.13513513513513514,
Arson009,D_random,5.0,0,743,27,1,96,37,1.0,0.010416666666666666,0.02702702702702703,
Arson009,D_random,5.0,1,743,27,1,96,37,1.0,0.0625,0.16216216216216217,
Arson009,D_random,5.0,2,743,27,1,96,37,1.0,0.052083333333333336,0.13513513513513514,
Arson009,D_random,5.0,3,743,27,1,96,37,1.0,0.0625,0.16216216216216217,
Arson009,D_random,5.0,4,743,27,1,96,37,1.0,0.041666666666666664,0.10810810810810811,
Arson009,E_action_topk,5.0,,743,27,1,96,37,1.0,0.23958333333333334,0.6216216216216216,R0 codec anchor at matched budget
Arson009,F_shot1_action,5.0,,743,27,1,96,37,1.0,0.03125,0.08108108108108109,floor=27/37 (73.0% of budget)
Arson009,G_shot2_action,5.0,,743,27,1,96,37,1.0,0.03125,0.08108108108108109,floor=37/37 (100.0% of budget)
Arson009,H_shot1_mid,5.0,,743,27,1,96,37,1.0,0.052083333333333336,0.13513513513513514,floor=27/37 (73.0% of budget)
Arson009,I_shot2_mid,5.0,,743,27,1,96,37,1.0,0.041666666666666664,0.10810810810810811,floor=37/37 (100.0% of budget)
Arson009,C_uniform,10.0,,743,27,1,96,74,1.0,0.10416666666666667,0.13513513513513514,
Arson009,D_random,10.0,0,743,27,1,96,74,1.0,0.09375,0.12162162162162163,
Arson009,D_random,10.0,1,743,27,1,96,74,1.0,0.10416666666666667,0.13513513513513514,
Arson009,D_random,10.0,2,743,27,1,96,74,1.0,0.11458333333333333,0.14864864864864866,
Arson009,D_random,10.0,3,743,27,1,96,74,1.0,0.08333333333333333,0.10810810810810811,
Arson009,D_random,10.0,4,743,27,1,96,74,1.0,0.08333333333333333,0.10810810810810811,
Arson009,E_action_topk,10.0,,743,27,1,96,74,1.0,0.34375,0.44594594594594594,R0 codec anchor at matched budget
Arson009,F_shot1_action,10.0,,743,27,1,96,74,1.0,0.0625,0.08108108108108109,floor=27/74 (36.5% of budget)
Arson009,G_shot2_action,10.0,,743,27,1,96,74,1.0,0.0625,0.08108108108108109,floor=54/74 (73.0% of budget)
Arson009,H_shot1_mid,10.0,,743,27,1,96,74,1.0,0.08333333333333333,0.10810810810810811,floor=27/74 (36.5% of budget)
Arson009,I_shot2_mid,10.0,,743,27,1,96,74,1.0,0.07291666666666667,0.0945945945945946,floor=54/74 (73.0% of budget)
Arson009,C_uniform,10.5,,743,27,1,96,78,1.0,0.10416666666666667,0.1282051282051282,
Arson009,D_random,10.5,0,743,27,1,96,78,1.0,0.09375,0.11538461538461539,
Arson009,D_random,10.5,1,743,27,1,96,78,1.0,0.11458333333333333,0.14102564102564102,
Arson009,D_random,10.5,2,743,27,1,96,78,1.0,0.11458333333333333,0.14102564102564102,
Arson009,D_random,10.5,3,743,27,1,96,78,1.0,0.09375,0.11538461538461539,
Arson009,D_random,10.5,4,743,27,1,96,78,1.0,0.08333333333333333,0.10256410256410256,
Arson009,E_action_topk,10.5,,743,27,1,96,78,1.0,0.34375,0.4230769230769231,R0 codec anchor at matched budget
Arson009,F_shot1_action,10.5,,743,27,1,96,78,1.0,0.07291666666666667,0.08974358974358974,floor=27/78 (34.6% of budget)
Arson009,G_shot2_action,10.5,,743,27,1,96,78,1.0,0.0625,0.07692307692307693,floor=54/78 (69.2% of budget)
Arson009,H_shot1_mid,10.5,,743,27,1,96,78,1.0,0.08333333333333333,0.10256410256410256,floor=27/78 (34.6% of budget)
Arson009,I_shot2_mid,10.5,,743,27,1,96,78,1.0,0.07291666666666667,0.08974358974358974,floor=54/78 (69.2% of budget)
Arson009,C_uniform,20.0,,743,27,1,96,148,1.0,0.19791666666666666,0.12837837837837837,
Arson009,D_random,20.0,0,743,27,1,96,148,1.0,0.21875,0.14189189189189189,
Arson009,D_random,20.0,1,743,27,1,96,148,1.0,0.22916666666666666,0.14864864864864866,
Arson009,D_random,20.0,2,743,27,1,96,148,1.0,0.19791666666666666,0.12837837837837837,
Arson009,D_random,20.0,3,743,27,1,96,148,1.0,0.1875,0.12162162162162163,
Arson009,D_random,20.0,4,743,27,1,96,148,1.0,0.19791666666666666,0.12837837837837837,
Arson009,E_action_topk,20.0,,743,27,1,96,148,1.0,0.34375,0.22297297297297297,R0 codec anchor at matched budget
Arson009,F_shot1_action,20.0,,743,27,1,96,148,1.0,0.13541666666666666,0.08783783783783784,floor=27/148 (18.2% of budget)
Arson009,G_shot2_action,20.0,,743,27,1,96,148,1.0,0.125,0.08108108108108109,floor=54/148 (36.5% of budget)
Arson009,H_shot1_mid,20.0,,743,27,1,96,148,1.0,0.1875,0.12162162162162163,floor=27/148 (18.2% of budget)
Arson009,I_shot2_mid,20.0,,743,27,1,96,148,1.0,0.17708333333333334,0.11486486486486487,floor=54/148 (36.5% of budget)
Arson009,C_uniform,30.0,,743,27,1,96,222,1.0,0.2916666666666667,0.12612612612612611,
Arson009,D_random,30.0,0,743,27,1,96,222,1.0,0.34375,0.14864864864864866,
Arson009,D_random,30.0,1,743,27,1,96,222,1.0,0.3229166666666667,0.13963963963963963,
Arson009,D_random,30.0,2,743,27,1,96,222,1.0,0.3229166666666667,0.13963963963963963,
Arson009,D_random,30.0,3,743,27,1,96,222,1.0,0.2916666666666667,0.12612612612612611,
Arson009,D_random,30.0,4,743,27,1,96,222,1.0,0.3541666666666667,0.15315315315315314,
Arson009,E_action_topk,30.0,,743,27,1,96,222,1.0,0.34375,0.14864864864864866,R0 codec anchor at matched budget
Arson009,F_shot1_action,30.0,,743,27,1,96,222,1.0,0.20833333333333334,0.09009009009009009,floor=27/222 (12.2% of budget)
Arson009,G_shot2_action,30.0,,743,27,1,96,222,1.0,0.19791666666666666,0.08558558558558559,floor=54/222 (24.3% of budget)
Arson009,H_shot1_mid,30.0,,743,27,1,96,222,1.0,0.2916666666666667,0.12612612612612611,floor=27/222 (12.2% of budget)
Arson009,I_shot2_mid,30.0,,743,27,1,96,222,1.0,0.2708333333333333,0.11711711711711711,floor=54/222 (24.3% of budget)
Arson010,A_production,10.6363,,3159,84,1,346,336,1.0,0.11271676300578035,0.11607142857142858,natural retention
Arson010,C_uniform,5.0,,3159,84,1,346,157,1.0,0.049132947976878616,0.10828025477707007,
Arson010,D_random,5.0,0,3159,84,1,346,157,1.0,0.057803468208092484,0.12738853503184713,
Arson010,D_random,5.0,1,3159,84,1,346,157,1.0,0.04046242774566474,0.08917197452229299,
Arson010,D_random,5.0,2,3159,84,1,346,157,1.0,0.03757225433526012,0.08280254777070063,
Arson010,D_random,5.0,3,3159,84,1,346,157,1.0,0.05202312138728324,0.11464968152866242,
Arson010,D_random,5.0,4,3159,84,1,346,157,1.0,0.05491329479768786,0.12101910828025478,
Arson010,E_action_topk,5.0,,3159,84,1,346,157,1.0,0.046242774566473986,0.10191082802547771,R0 codec anchor at matched budget
Arson010,F_shot1_action,5.0,,3159,84,1,346,157,1.0,0.05491329479768786,0.12101910828025478,floor=84/157 (53.5% of budget)
Arson010,G_shot2_action,5.0,,3159,84,1,346,157,1.0,0.05491329479768786,0.12101910828025478,floor=157/157 (100.0% of budget)
Arson010,H_shot1_mid,5.0,,3159,84,1,346,157,1.0,0.049132947976878616,0.10828025477707007,floor=84/157 (53.5% of budget)
Arson010,I_shot2_mid,5.0,,3159,84,1,346,157,1.0,0.05491329479768786,0.12101910828025478,floor=157/157 (100.0% of budget)
Arson010,C_uniform,10.0,,3159,84,1,346,315,1.0,0.10115606936416185,0.1111111111111111,
Arson010,D_random,10.0,0,3159,84,1,346,315,1.0,0.08670520231213873,0.09523809523809523,
Arson010,D_random,10.0,1,3159,84,1,346,315,1.0,0.0953757225433526,0.10476190476190476,
Arson010,D_random,10.0,2,3159,84,1,346,315,1.0,0.07803468208092486,0.08571428571428572,
Arson010,D_random,10.0,3,3159,84,1,346,315,1.0,0.10115606936416185,0.1111111111111111,
Arson010,D_random,10.0,4,3159,84,1,346,315,1.0,0.11271676300578035,0.12380952380952381,
Arson010,E_action_topk,10.0,,3159,84,1,346,315,1.0,0.049132947976878616,0.05396825396825397,R0 codec anchor at matched budget
Arson010,F_shot1_action,10.0,,3159,84,1,346,315,1.0,0.10982658959537572,0.12063492063492064,floor=84/315 (26.7% of budget)
Arson010,G_shot2_action,10.0,,3159,84,1,346,315,1.0,0.10404624277456648,0.11428571428571428,floor=168/315 (53.3% of budget)
Arson010,H_shot1_mid,10.0,,3159,84,1,346,315,1.0,0.10115606936416185,0.1111111111111111,floor=84/315 (26.7% of budget)
Arson010,I_shot2_mid,10.0,,3159,84,1,346,315,1.0,0.10115606936416185,0.1111111111111111,floor=168/315 (53.3% of budget)
Arson010,C_uniform,10.5,,3159,84,1,346,331,1.0,0.10404624277456648,0.10876132930513595,
Arson010,D_random,10.5,0,3159,84,1,346,331,1.0,0.08959537572254335,0.09365558912386707,
Arson010,D_random,10.5,1,3159,84,1,346,331,1.0,0.09248554913294797,0.09667673716012085,
Arson010,D_random,10.5,2,3159,84,1,346,331,1.0,0.08670520231213873,0.09063444108761329,
Arson010,D_random,10.5,3,3159,84,1,346,331,1.0,0.11271676300578035,0.11782477341389729,
Arson010,D_random,10.5,4,3159,84,1,346,331,1.0,0.12138728323699421,0.1268882175226586,
Arson010,E_action_topk,10.5,,3159,84,1,346,331,1.0,0.049132947976878616,0.0513595166163142,R0 codec anchor at matched budget
Arson010,F_shot1_action,10.5,,3159,84,1,346,331,1.0,0.11271676300578035,0.11782477341389729,floor=84/331 (25.4% of budget)
Arson010,G_shot2_action,10.5,,3159,84,1,346,331,1.0,0.10982658959537572,0.1148036253776435,floor=168/331 (50.8% of budget)
Arson010,H_shot1_mid,10.5,,3159,84,1,346,331,1.0,0.1069364161849711,0.11178247734138973,floor=84/331 (25.4% of budget)
Arson010,I_shot2_mid,10.5,,3159,84,1,346,331,1.0,0.10404624277456648,0.10876132930513595,floor=168/331 (50.8% of budget)
Arson010,C_uniform,20.0,,3159,84,1,346,631,1.0,0.1994219653179191,0.10935023771790808,
Arson010,D_random,20.0,0,3159,84,1,346,631,1.0,0.1907514450867052,0.1045958795562599,
Arson010,D_random,20.0,1,3159,84,1,346,631,1.0,0.17341040462427745,0.09508716323296355,
Arson010,D_random,20.0,2,3159,84,1,346,631,1.0,0.18786127167630057,0.10301109350237718,
Arson010,D_random,20.0,3,3159,84,1,346,631,1.0,0.1791907514450867,0.098256735340729,
Arson010,D_random,20.0,4,3159,84,1,346,631,1.0,0.2023121387283237,0.1109350237717908,
Arson010,E_action_topk,20.0,,3159,84,1,346,631,1.0,0.24277456647398843,0.13312202852614896,R0 codec anchor at matched budget
Arson010,F_shot1_action,20.0,,3159,84,1,346,631,1.0,0.21098265895953758,0.11568938193343899,floor=84/631 (13.3% of budget)
Arson010,G_shot2_action,20.0,,3159,84,1,346,631,1.0,0.20809248554913296,0.11410459587955626,floor=168/631 (26.6% of budget)
Arson010,H_shot1_mid,20.0,,3159,84,1,346,631,1.0,0.2023121387283237,0.1109350237717908,floor=84/631 (13.3% of budget)
Arson010,I_shot2_mid,20.0,,3159,84,1,346,631,1.0,0.2023121387283237,0.1109350237717908,floor=168/631 (26.6% of budget)
Arson010,C_uniform,30.0,,3159,84,1,346,947,1.0,0.30057803468208094,0.10982048574445617,
Arson010,D_random,30.0,0,3159,84,1,346,947,1.0,0.2947976878612717,0.10770855332629356,
Arson010,D_random,30.0,1,3159,84,1,346,947,1.0,0.34104046242774566,0.1246040126715945,
Arson010,D_random,30.0,2,3159,84,1,346,947,1.0,0.31213872832369943,0.11404435058078141,
Arson010,D_random,30.0,3,3159,84,1,346,947,1.0,0.3092485549132948,0.11298838437170011,
Arson010,D_random,30.0,4,3159,84,1,346,947,1.0,0.2630057803468208,0.09609292502639916,
Arson010,E_action_topk,30.0,,3159,84,1,346,947,1.0,0.34104046242774566,0.1246040126715945,R0 codec anchor at matched budget
Arson010,F_shot1_action,30.0,,3159,84,1,346,947,1.0,0.3179190751445087,0.11615628299894404,floor=84/947 (8.9% of budget)
Arson010,G_shot2_action,30.0,,3159,84,1,346,947,1.0,0.315028901734104,0.11510031678986272,floor=168/947 (17.7% of budget)
Arson010,H_shot1_mid,30.0,,3159,84,1,346,947,1.0,0.30346820809248554,0.11087645195353749,floor=84/947 (8.9% of budget)
Arson010,I_shot2_mid,30.0,,3159,84,1,346,947,1.0,0.30057803468208094,0.10982048574445617,floor=168/947 (17.7% of budget)
Arson011,A_production,11.1374,,1266,31,2,857,141,1.0,0.11785297549591599,0.7163120567375887,natural retention
Arson011,C_uniform,5.0,,1266,31,2,857,63,1.0,0.049008168028004666,0.6666666666666666,
Arson011,D_random,5.0,0,1266,31,2,857,63,1.0,0.046674445740956826,0.6349206349206349,
Arson011,D_random,5.0,1,1266,31,2,857,63,1.0,0.047841306884480746,0.6507936507936508,
Arson011,D_random,5.0,2,1266,31,2,857,63,1.0,0.05367561260210035,0.7301587301587301,
Arson011,D_random,5.0,3,1266,31,2,857,63,1.0,0.050175029171528586,0.6825396825396826,
Arson011,D_random,5.0,4,1266,31,2,857,63,1.0,0.050175029171528586,0.6825396825396826,
Arson011,E_action_topk,5.0,,1266,31,2,857,63,1.0,0.014002333722287048,0.19047619047619047,R0 codec anchor at matched budget
Arson011,F_shot1_action,5.0,,1266,31,2,857,63,1.0,0.056009334889148193,0.7619047619047619,floor=31/63 (49.2% of budget)
Arson011,G_shot2_action,5.0,,1266,31,2,857,63,1.0,0.056009334889148193,0.7619047619047619,floor=62/63 (98.4% of budget)
Arson011,H_shot1_mid,5.0,,1266,31,2,857,63,1.0,0.05367561260210035,0.7301587301587301,floor=31/63 (49.2% of budget)
Arson011,I_shot2_mid,5.0,,1266,31,2,857,63,1.0,0.05484247374562427,0.746031746031746,floor=62/63 (98.4% of budget)
Arson011,C_uniform,10.0,,1266,31,2,857,126,1.0,0.09918319719953325,0.6746031746031746,
Arson011,D_random,10.0,0,1266,31,2,857,126,1.0,0.09568261376896149,0.6507936507936508,
Arson011,D_random,10.0,1,1266,31,2,857,126,1.0,0.09218203033838973,0.626984126984127,
Arson011,D_random,10.0,2,1266,31,2,857,126,1.0,0.09801633605600933,0.6666666666666666,
Arson011,D_random,10.0,3,1266,31,2,857,126,1.0,0.10501750291715285,0.7142857142857143,
Arson011,D_random,10.0,4,1266,31,2,857,126,1.0,0.09918319719953325,0.6746031746031746,
Arson011,E_action_topk,10.0,,1266,31,2,857,126,1.0,0.08401400233372229,0.5714285714285714,R0 codec anchor at matched budget
Arson011,F_shot1_action,10.0,,1266,31,2,857,126,1.0,0.11318553092182031,0.7698412698412699,floor=31/126 (24.6% of budget)
Arson011,G_shot2_action,10.0,,1266,31,2,857,126,1.0,0.11435239206534423,0.7777777777777778,floor=62/126 (49.2% of budget)
Arson011,H_shot1_mid,10.0,,1266,31,2,857,126,1.0,0.10268378063010501,0.6984126984126984,floor=31/126 (24.6% of budget)
Arson011,I_shot2_mid,10.0,,1266,31,2,857,126,1.0,0.10501750291715285,0.7142857142857143,floor=62/126 (49.2% of budget)
Arson011,C_uniform,10.5,,1266,31,2,857,132,1.0,0.10385064177362893,0.6742424242424242,
Arson011,D_random,10.5,0,1266,31,2,857,132,1.0,0.10268378063010501,0.6666666666666666,
Arson011,D_random,10.5,1,1266,31,2,857,132,1.0,0.10035005834305717,0.6515151515151515,
Arson011,D_random,10.5,2,1266,31,2,857,132,1.0,0.10151691948658109,0.6590909090909091,
Arson011,D_random,10.5,3,1266,31,2,857,132,1.0,0.11318553092182031,0.7348484848484849,
Arson011,D_random,10.5,4,1266,31,2,857,132,1.0,0.10385064177362893,0.6742424242424242,
Arson011,E_action_topk,10.5,,1266,31,2,857,132,1.0,0.09101516919486581,0.5909090909090909,R0 codec anchor at matched budget
Arson011,F_shot1_action,10.5,,1266,31,2,857,132,1.0,0.11668611435239207,0.7575757575757576,floor=31/132 (23.5% of budget)
Arson011,G_shot2_action,10.5,,1266,31,2,857,132,1.0,0.12018669778296383,0.7803030303030303,floor=62/132 (47.0% of budget)
Arson011,H_shot1_mid,10.5,,1266,31,2,857,132,1.0,0.10618436406067679,0.6893939393939394,floor=31/132 (23.5% of budget)
Arson011,I_shot2_mid,10.5,,1266,31,2,857,132,1.0,0.11085180863477247,0.7196969696969697,floor=62/132 (47.0% of budget)
Arson011,C_uniform,20.0,,1266,31,2,857,253,1.0,0.19953325554259044,0.6758893280632411,
Arson011,D_random,20.0,0,1266,31,2,857,253,1.0,0.1983663943990665,0.6719367588932806,
Arson011,D_random,20.0,1,1266,31,2,857,253,1.0,0.20070011668611434,0.6798418972332015,
Arson011,D_random,20.0,2,1266,31,2,857,253,1.0,0.1866977829638273,0.6324110671936759,
Arson011,D_random,20.0,3,1266,31,2,857,253,1.0,0.1971995332555426,0.6679841897233202,
Arson011,D_random,20.0,4,1266,31,2,857,253,1.0,0.19253208868144692,0.6521739130434783,
Arson011,E_action_topk,20.0,,1266,31,2,857,253,1.0,0.19953325554259044,0.6758893280632411,R0 codec anchor at matched budget
Arson011,F_shot1_action,20.0,,1266,31,2,857,253,1.0,0.220536756126021,0.7470355731225297,floor=31/253 (12.3% of budget)
Arson011,G_shot2_action,20.0,,1266,31,2,857,253,1.0,0.22170361726954493,0.7509881422924901,floor=62/253 (24.5% of budget)
Arson011,H_shot1_mid,20.0,,1266,31,2,857,253,1.0,0.20186697782963828,0.6837944664031621,floor=31/253 (12.3% of budget)
Arson011,I_shot2_mid,20.0,,1266,31,2,857,253,1.0,0.20653442240373396,0.6996047430830039,floor=62/253 (24.5% of budget)
Arson011,C_uniform,30.0,,1266,31,2,857,379,1.0,0.29871645274212366,0.6754617414248021,
Arson011,D_random,30.0,0,1266,31,2,857,379,1.0,0.30221703617269546,0.683377308707124,
Arson011,D_random,30.0,1,1266,31,2,857,379,1.0,0.3162193698949825,0.7150395778364116,
Arson011,D_random,30.0,2,1266,31,2,857,379,1.0,0.28354725787631274,0.6411609498680739,
Arson011,D_random,30.0,3,1266,31,2,857,379,1.0,0.2928821470245041,0.662269129287599,
Arson011,D_random,30.0,4,1266,31,2,857,379,1.0,0.30221703617269546,0.683377308707124,
Arson011,E_action_topk,30.0,,1266,31,2,857,379,1.0,0.3045507584597433,0.6886543535620053,R0 codec anchor at matched budget
Arson011,F_shot1_action,30.0,,1266,31,2,857,379,1.0,0.3290548424737456,0.7440633245382586,floor=31/379 (8.2% of budget)
Arson011,G_shot2_action,30.0,,1266,31,2,857,379,1.0,0.3290548424737456,0.7440633245382586,floor=62/379 (16.4% of budget)
Arson011,H_shot1_mid,30.0,,1266,31,2,857,379,1.0,0.3033838973162194,0.6860158311345647,floor=31/379 (8.2% of budget)
Arson011,I_shot2_mid,30.0,,1266,31,2,857,379,1.0,0.3057176196032672,0.6912928759894459,floor=62/379 (16.4% of budget)
Arson016,A_production,10.4735,,1795,58,1,795,188,1.0,0.10566037735849057,0.44680851063829785,natural retention
Arson016,C_uniform,5.0,,1795,58,1,795,89,1.0,0.04905660377358491,0.43820224719101125,
Arson016,D_random,5.0,0,1795,58,1,795,89,1.0,0.052830188679245285,0.47191011235955055,
Arson016,D_random,5.0,1,1795,58,1,795,89,1.0,0.0440251572327044,0.39325842696629215,
Arson016,D_random,5.0,2,1795,58,1,795,89,1.0,0.052830188679245285,0.47191011235955055,
Arson016,D_random,5.0,3,1795,58,1,795,89,1.0,0.050314465408805034,0.449438202247191,
Arson016,D_random,5.0,4,1795,58,1,795,89,1.0,0.05408805031446541,0.48314606741573035,
Arson016,E_action_topk,5.0,,1795,58,1,795,89,1.0,0.0389937106918239,0.34831460674157305,R0 codec anchor at matched budget
Arson016,F_shot1_action,5.0,,1795,58,1,795,89,1.0,0.04654088050314465,0.4157303370786517,floor=58/89 (65.2% of budget)
Arson016,G_shot2_action,5.0,,1795,58,1,795,89,1.0,0.052830188679245285,0.47191011235955055,floor=89/89 (100.0% of budget)
Arson016,H_shot1_mid,5.0,,1795,58,1,795,89,1.0,0.04779874213836478,0.42696629213483145,floor=58/89 (65.2% of budget)
Arson016,I_shot2_mid,5.0,,1795,58,1,795,89,1.0,0.05157232704402516,0.4606741573033708,floor=89/89 (100.0% of budget)
Arson016,C_uniform,10.0,,1795,58,1,795,179,1.0,0.09937106918238994,0.441340782122905,
Arson016,D_random,10.0,0,1795,58,1,795,179,1.0,0.10817610062893082,0.48044692737430167,
Arson016,D_random,10.0,1,1795,58,1,795,179,1.0,0.10943396226415095,0.4860335195530726,
Arson016,D_random,10.0,2,1795,58,1,795,179,1.0,0.10062893081761007,0.44692737430167595,
Arson016,D_random,10.0,3,1795,58,1,795,179,1.0,0.11446540880503145,0.5083798882681564,
Arson016,D_random,10.0,4,1795,58,1,795,179,1.0,0.0930817610062893,0.4134078212290503,
Arson016,E_action_topk,10.0,,1795,58,1,795,179,1.0,0.10440251572327044,0.46368715083798884,R0 codec anchor at matched budget
Arson016,F_shot1_action,10.0,,1795,58,1,795,179,1.0,0.09685534591194969,0.4301675977653631,floor=58/179 (32.4% of budget)
Arson016,G_shot2_action,10.0,,1795,58,1,795,179,1.0,0.0930817610062893,0.4134078212290503,floor=116/179 (64.8% of budget)
Arson016,H_shot1_mid,10.0,,1795,58,1,795,179,1.0,0.09811320754716982,0.43575418994413406,floor=58/179 (32.4% of budget)
Arson016,I_shot2_mid,10.0,,1795,58,1,795,179,1.0,0.0930817610062893,0.4134078212290503,floor=116/179 (64.8% of budget)
Arson016,C_uniform,10.5,,1795,58,1,795,188,1.0,0.10440251572327044,0.44148936170212766,
Arson016,D_random,10.5,0,1795,58,1,795,188,1.0,0.1169811320754717,0.4946808510638298,
Arson016,D_random,10.5,1,1795,58,1,795,188,1.0,0.1169811320754717,0.4946808510638298,
Arson016,D_random,10.5,2,1795,58,1,795,188,1.0,0.10440251572327044,0.44148936170212766,
Arson016,D_random,10.5,3,1795,58,1,795,188,1.0,0.11572327044025157,0.48936170212765956,
Arson016,D_random,10.5,4,1795,58,1,795,188,1.0,0.09937106918238994,0.42021276595744683,
Arson016,E_action_topk,10.5,,1795,58,1,795,188,1.0,0.11320754716981132,0.4787234042553192,R0 codec anchor at matched budget
Arson016,F_shot1_action,10.5,,1795,58,1,795,188,1.0,0.10062893081761007,0.425531914893617,floor=58/188 (30.9% of budget)
Arson016,G_shot2_action,10.5,,1795,58,1,795,188,1.0,0.09811320754716982,0.4148936170212766,floor=116/188 (61.7% of budget)
Arson016,H_shot1_mid,10.5,,1795,58,1,795,188,1.0,0.10314465408805032,0.43617021276595747,floor=58/188 (30.9% of budget)
Arson016,I_shot2_mid,10.5,,1795,58,1,795,188,1.0,0.09811320754716982,0.4148936170212766,floor=116/188 (61.7% of budget)
Arson016,C_uniform,20.0,,1795,58,1,795,359,1.0,0.2,0.4428969359331476,
Arson016,D_random,20.0,0,1795,58,1,795,359,1.0,0.20125786163522014,0.4456824512534819,
Arson016,D_random,20.0,1,1795,58,1,795,359,1.0,0.22012578616352202,0.48746518105849584,
Arson016,D_random,20.0,2,1795,58,1,795,359,1.0,0.2088050314465409,0.4623955431754875,
Arson016,D_random,20.0,3,1795,58,1,795,359,1.0,0.20251572327044026,0.44846796657381616,
Arson016,D_random,20.0,4,1795,58,1,795,359,1.0,0.2037735849056604,0.45125348189415043,
Arson016,E_action_topk,20.0,,1795,58,1,795,359,1.0,0.18364779874213835,0.40668523676880225,R0 codec anchor at matched budget
Arson016,F_shot1_action,20.0,,1795,58,1,795,359,1.0,0.19245283018867926,0.42618384401114207,floor=58/359 (16.2% of budget)
Arson016,G_shot2_action,20.0,,1795,58,1,795,359,1.0,0.18867924528301888,0.4178272980501393,floor=116/359 (32.3% of budget)
Arson016,H_shot1_mid,20.0,,1795,58,1,795,359,1.0,0.19748427672955976,0.4373259052924791,floor=58/359 (16.2% of budget)
Arson016,I_shot2_mid,20.0,,1795,58,1,795,359,1.0,0.19371069182389938,0.42896935933147634,floor=116/359 (32.3% of budget)
Arson016,C_uniform,30.0,,1795,58,1,795,538,1.0,0.2993710691823899,0.4423791821561338,
Arson016,D_random,30.0,0,1795,58,1,795,538,1.0,0.3069182389937107,0.45353159851301117,
Arson016,D_random,30.0,1,1795,58,1,795,538,1.0,0.30062893081761005,0.44423791821561337,
Arson016,D_random,30.0,2,1795,58,1,795,538,1.0,0.3081761006289308,0.45539033457249073,
Arson016,D_random,30.0,3,1795,58,1,795,538,1.0,0.30566037735849055,0.4516728624535316,
Arson016,D_random,30.0,4,1795,58,1,795,538,1.0,0.3069182389937107,0.45353159851301117,
Arson016,E_action_topk,30.0,,1795,58,1,795,538,1.0,0.3031446540880503,0.4479553903345725,R0 codec anchor at matched budget
Arson016,F_shot1_action,30.0,,1795,58,1,795,538,1.0,0.28679245283018867,0.42379182156133827,floor=58/538 (10.8% of budget)
Arson016,G_shot2_action,30.0,,1795,58,1,795,538,1.0,0.28679245283018867,0.42379182156133827,floor=116/538 (21.6% of budget)
Arson016,H_shot1_mid,30.0,,1795,58,1,795,538,1.0,0.2943396226415094,0.4349442379182156,floor=58/538 (10.8% of budget)
Arson016,I_shot2_mid,30.0,,1795,58,1,795,538,1.0,0.2968553459119497,0.43866171003717475,floor=116/538 (21.6% of budget)
Arson018,A_production,10.5701,,842,22,1,331,89,1.0,0.1268882175226586,0.47191011235955055,natural retention
Arson018,C_uniform,5.0,,842,22,1,331,42,1.0,0.04833836858006042,0.38095238095238093,
Arson018,D_random,5.0,0,842,22,1,331,42,1.0,0.045317220543806644,0.35714285714285715,
Arson018,D_random,5.0,1,842,22,1,331,42,1.0,0.03927492447129909,0.30952380952380953,
Arson018,D_random,5.0,2,842,22,1,331,42,1.0,0.054380664652567974,0.42857142857142855,
Arson018,D_random,5.0,3,842,22,1,331,42,1.0,0.04833836858006042,0.38095238095238093,
Arson018,D_random,5.0,4,842,22,1,331,42,1.0,0.054380664652567974,0.42857142857142855,
Arson018,E_action_topk,5.0,,842,22,1,331,42,1.0,0.10574018126888217,0.8333333333333334,R0 codec anchor at matched budget
Arson018,F_shot1_action,5.0,,842,22,1,331,42,1.0,0.04833836858006042,0.38095238095238093,floor=22/42 (52.4% of budget)
Arson018,G_shot2_action,5.0,,842,22,1,331,42,1.0,0.04833836858006042,0.38095238095238093,floor=42/42 (100.0% of budget)
Arson018,H_shot1_mid,5.0,,842,22,1,331,42,1.0,0.04833836858006042,0.38095238095238093,floor=22/42 (52.4% of budget)
Arson018,I_shot2_mid,5.0,,842,22,1,331,42,1.0,0.045317220543806644,0.35714285714285715,floor=42/42 (100.0% of budget)
Arson018,C_uniform,10.0,,842,22,1,331,84,1.0,0.09969788519637462,0.39285714285714285,
Arson018,D_random,10.0,0,842,22,1,331,84,1.0,0.11178247734138973,0.44047619047619047,
Arson018,D_random,10.0,1,842,22,1,331,84,1.0,0.09365558912386707,0.36904761904761907,
Arson018,D_random,10.0,2,842,22,1,331,84,1.0,0.11782477341389729,0.4642857142857143,
Arson018,D_random,10.0,3,842,22,1,331,84,1.0,0.1027190332326284,0.40476190476190477,
Arson018,D_random,10.0,4,842,22,1,331,84,1.0,0.11178247734138973,0.44047619047619047,
Arson018,E_action_topk,10.0,,842,22,1,331,84,1.0,0.2326283987915408,0.9166666666666666,R0 codec anchor at matched budget
Arson018,F_shot1_action,10.0,,842,22,1,331,84,1.0,0.1148036253776435,0.4523809523809524,floor=22/84 (26.2% of budget)
Arson018,G_shot2_action,10.0,,842,22,1,331,84,1.0,0.10574018126888217,0.4166666666666667,floor=44/84 (52.4% of budget)
Arson018,H_shot1_mid,10.0,,842,22,1,331,84,1.0,0.09667673716012085,0.38095238095238093,floor=22/84 (26.2% of budget)
Arson018,I_shot2_mid,10.0,,842,22,1,331,84,1.0,0.08761329305135952,0.34523809523809523,floor=44/84 (52.4% of budget)
Arson018,C_uniform,10.5,,842,22,1,331,88,1.0,0.10574018126888217,0.3977272727272727,
Arson018,D_random,10.5,0,842,22,1,331,88,1.0,0.11178247734138973,0.42045454545454547,
Arson018,D_random,10.5,1,842,22,1,331,88,1.0,0.09667673716012085,0.36363636363636365,
Arson018,D_random,10.5,2,842,22,1,331,88,1.0,0.1268882175226586,0.4772727272727273,
Arson018,D_random,10.5,3,842,22,1,331,88,1.0,0.09969788519637462,0.375,
Arson018,D_random,10.5,4,842,22,1,331,88,1.0,0.12084592145015106,0.45454545454545453,
Arson018,E_action_topk,10.5,,842,22,1,331,88,1.0,0.24471299093655588,0.9204545454545454,R0 codec anchor at matched budget
Arson018,F_shot1_action,10.5,,842,22,1,331,88,1.0,0.11782477341389729,0.4431818181818182,floor=22/88 (25.0% of budget)
Arson018,G_shot2_action,10.5,,842,22,1,331,88,1.0,0.11178247734138973,0.42045454545454547,floor=44/88 (50.0% of budget)
Arson018,H_shot1_mid,10.5,,842,22,1,331,88,1.0,0.09969788519637462,0.375,floor=22/88 (25.0% of budget)
Arson018,I_shot2_mid,10.5,,842,22,1,331,88,1.0,0.09667673716012085,0.36363636363636365,floor=44/88 (50.0% of budget)
Arson018,C_uniform,20.0,,842,22,1,331,168,1.0,0.19939577039274925,0.39285714285714285,
Arson018,D_random,20.0,0,842,22,1,331,168,1.0,0.22356495468277945,0.44047619047619047,
Arson018,D_random,20.0,1,842,22,1,331,168,1.0,0.18731117824773413,0.36904761904761907,
Arson018,D_random,20.0,2,842,22,1,331,168,1.0,0.2175226586102719,0.42857142857142855,
Arson018,D_random,20.0,3,842,22,1,331,168,1.0,0.18731117824773413,0.36904761904761907,
Arson018,D_random,20.0,4,842,22,1,331,168,1.0,0.20241691842900303,0.39880952380952384,
Arson018,E_action_topk,20.0,,842,22,1,331,168,1.0,0.36555891238670696,0.7202380952380952,R0 codec anchor at matched budget
Arson018,F_shot1_action,20.0,,842,22,1,331,168,1.0,0.2326283987915408,0.4583333333333333,floor=22/168 (13.1% of budget)
Arson018,G_shot2_action,20.0,,842,22,1,331,168,1.0,0.22356495468277945,0.44047619047619047,floor=44/168 (26.2% of budget)
Arson018,H_shot1_mid,20.0,,842,22,1,331,168,1.0,0.1933534743202417,0.38095238095238093,floor=22/168 (13.1% of budget)
Arson018,I_shot2_mid,20.0,,842,22,1,331,168,1.0,0.19637462235649547,0.3869047619047619,floor=44/168 (26.2% of budget)
Arson018,C_uniform,30.0,,842,22,1,331,252,1.0,0.2990936555891239,0.39285714285714285,
Arson018,D_random,30.0,0,842,22,1,331,252,1.0,0.2990936555891239,0.39285714285714285,
Arson018,D_random,30.0,1,842,22,1,331,252,1.0,0.3202416918429003,0.42063492063492064,
Arson018,D_random,30.0,2,842,22,1,331,252,1.0,0.2990936555891239,0.39285714285714285,
Arson018,D_random,30.0,3,842,22,1,331,252,1.0,0.3021148036253776,0.3968253968253968,
Arson018,D_random,30.0,4,842,22,1,331,252,1.0,0.31419939577039274,0.4126984126984127,
Arson018,E_action_topk,30.0,,842,22,1,331,252,1.0,0.40483383685800606,0.5317460317460317,R0 codec anchor at matched budget
Arson018,F_shot1_action,30.0,,842,22,1,331,252,1.0,0.3504531722054381,0.4603174603174603,floor=22/252 (8.7% of budget)
Arson018,G_shot2_action,30.0,,842,22,1,331,252,1.0,0.34441087613293053,0.4523809523809524,floor=44/252 (17.5% of budget)
Arson018,H_shot1_mid,30.0,,842,22,1,331,252,1.0,0.2990936555891239,0.39285714285714285,floor=22/252 (8.7% of budget)
Arson018,I_shot2_mid,30.0,,842,22,1,331,252,1.0,0.29607250755287007,0.3888888888888889,floor=44/252 (17.5% of budget)
Arson022,A_production,10.4167,,8640,253,1,501,900,1.0,0.10578842315369262,0.058888888888888886,natural retention
Arson022,C_uniform,5.0,,8640,253,1,501,432,1.0,0.0499001996007984,0.05787037037037037,
Arson022,D_random,5.0,0,8640,253,1,501,432,1.0,0.03792415169660679,0.04398148148148148,
Arson022,D_random,5.0,1,8640,253,1,501,432,1.0,0.05389221556886228,0.0625,
Arson022,D_random,5.0,2,8640,253,1,501,432,1.0,0.05389221556886228,0.0625,
Arson022,D_random,5.0,3,8640,253,1,501,432,1.0,0.03992015968063872,0.046296296296296294,
Arson022,D_random,5.0,4,8640,253,1,501,432,1.0,0.031936127744510975,0.037037037037037035,
Arson022,E_action_topk,5.0,,8640,253,1,501,432,1.0,0.05389221556886228,0.0625,R0 codec anchor at matched budget
Arson022,F_shot1_action,5.0,,8640,253,1,501,432,1.0,0.06187624750499002,0.07175925925925926,floor=253/432 (58.6% of budget)
Arson022,G_shot2_action,5.0,,8640,253,1,501,432,1.0,0.0658682634730539,0.0763888888888889,floor=432/432 (100.0% of budget)
Arson022,H_shot1_mid,5.0,,8640,253,1,501,432,1.0,0.05189620758483034,0.06018518518518518,floor=253/432 (58.6% of budget)
Arson022,I_shot2_mid,5.0,,8640,253,1,501,432,1.0,0.06187624750499002,0.07175925925925926,floor=432/432 (100.0% of budget)
Arson022,C_uniform,10.0,,8640,253,1,501,864,1.0,0.0998003992015968,0.05787037037037037,
Arson022,D_random,10.0,0,8640,253,1,501,864,1.0,0.08782435129740519,0.05092592592592592,
Arson022,D_random,10.0,1,8640,253,1,501,864,1.0,0.1157684630738523,0.06712962962962964,
Arson022,D_random,10.0,2,8640,253,1,501,864,1.0,0.11776447105788423,0.06828703703703703,
Arson022,D_random,10.0,3,8640,253,1,501,864,1.0,0.11776447105788423,0.06828703703703703,
Arson022,D_random,10.0,4,8640,253,1,501,864,1.0,0.08982035928143713,0.052083333333333336,
Arson022,E_action_topk,10.0,,8640,253,1,501,864,1.0,0.19560878243512975,0.11342592592592593,R0 codec anchor at matched budget
Arson022,F_shot1_action,10.0,,8640,253,1,501,864,1.0,0.11976047904191617,0.06944444444444445,floor=253/864 (29.3% of budget)
Arson022,G_shot2_action,10.0,,8640,253,1,501,864,1.0,0.1157684630738523,0.06712962962962964,floor=506/864 (58.6% of budget)
Arson022,H_shot1_mid,10.0,,8640,253,1,501,864,1.0,0.10179640718562874,0.059027777777777776,floor=253/864 (29.3% of budget)
Arson022,I_shot2_mid,10.0,,8640,253,1,501,864,1.0,0.10578842315369262,0.061342592592592594,floor=506/864 (58.6% of budget)
Arson022,C_uniform,10.5,,8640,253,1,501,907,1.0,0.10379241516966067,0.05733186328555678,
Arson022,D_random,10.5,0,8640,253,1,501,907,1.0,0.09181636726546906,0.050716648291069456,
Arson022,D_random,10.5,1,8640,253,1,501,907,1.0,0.11976047904191617,0.06615214994487321,
Arson022,D_random,10.5,2,8640,253,1,501,907,1.0,0.12974051896207583,0.07166482910694598,
Arson022,D_random,10.5,3,8640,253,1,501,907,1.0,0.11377245508982035,0.06284454244762955,
Arson022,D_random,10.5,4,8640,253,1,501,907,1.0,0.10179640718562874,0.05622932745314223,
Arson022,E_action_topk,10.5,,8640,253,1,501,907,1.0,0.19560878243512975,0.10804851157662625,R0 codec anchor at matched budget
Arson022,F_shot1_action,10.5,,8640,253,1,501,907,1.0,0.12574850299401197,0.06945975744211687,floor=253/907 (27.9% of budget)
Arson022,G_shot2_action,10.5,,8640,253,1,501,907,1.0,0.12375249500998003,0.06835722160970231,floor=506/907 (55.8% of budget)
Arson022,H_shot1_mid,10.5,,8640,253,1,501,907,1.0,0.10778443113772455,0.05953693495038589,floor=253/907 (27.9% of budget)
Arson022,I_shot2_mid,10.5,,8640,253,1,501,907,1.0,0.10978043912175649,0.06063947078280044,floor=506/907 (55.8% of budget)
Arson022,C_uniform,20.0,,8640,253,1,501,1728,1.0,0.1996007984031936,0.05787037037037037,
Arson022,D_random,20.0,0,8640,253,1,501,1728,1.0,0.21956087824351297,0.06365740740740741,
Arson022,D_random,20.0,1,8640,253,1,501,1728,1.0,0.17964071856287425,0.052083333333333336,
Arson022,D_random,20.0,2,8640,253,1,501,1728,1.0,0.20159680638722555,0.05844907407407408,
Arson022,D_random,20.0,3,8640,253,1,501,1728,1.0,0.1936127744510978,0.05613425925925926,
Arson022,D_random,20.0,4,8640,253,1,501,1728,1.0,0.20958083832335328,0.06076388888888889,
Arson022,E_action_topk,20.0,,8640,253,1,501,1728,1.0,0.2714570858283433,0.0787037037037037,R0 codec anchor at matched budget
Arson022,F_shot1_action,20.0,,8640,253,1,501,1728,1.0,0.24750499001996007,0.07175925925925926,floor=253/1728 (14.6% of budget)
Arson022,G_shot2_action,20.0,,8640,253,1,501,1728,1.0,0.24151696606786427,0.07002314814814815,floor=506/1728 (29.3% of budget)
Arson022,H_shot1_mid,20.0,,8640,253,1,501,1728,1.0,0.20159680638722555,0.05844907407407408,floor=253/1728 (14.6% of budget)
Arson022,I_shot2_mid,20.0,,8640,253,1,501,1728,1.0,0.2055888223552894,0.05960648148148148,floor=506/1728 (29.3% of budget)
Arson022,C_uniform,30.0,,8640,253,1,501,2592,1.0,0.2994011976047904,0.05787037037037037,
Arson022,D_random,30.0,0,8640,253,1,501,2592,1.0,0.31137724550898205,0.06018518518518518,
Arson022,D_random,30.0,1,8640,253,1,501,2592,1.0,0.2994011976047904,0.05787037037037037,
Arson022,D_random,30.0,2,8640,253,1,501,2592,1.0,0.2994011976047904,0.05787037037037037,
Arson022,D_random,30.0,3,8640,253,1,501,2592,1.0,0.2954091816367265,0.05709876543209876,
Arson022,D_random,30.0,4,8640,253,1,501,2592,1.0,0.28542914171656686,0.055169753086419755,
Arson022,E_action_topk,30.0,,8640,253,1,501,2592,1.0,0.47105788423153694,0.09104938271604938,R0 codec anchor at matched budget
Arson022,F_shot1_action,30.0,,8640,253,1,501,2592,1.0,0.3712574850299401,0.07175925925925926,floor=253/2592 (9.8% of budget)
Arson022,G_shot2_action,30.0,,8640,253,1,501,2592,1.0,0.36327345309381237,0.07021604938271606,floor=506/2592 (19.5% of budget)
Arson022,H_shot1_mid,30.0,,8640,253,1,501,2592,1.0,0.3013972055888224,0.058256172839506175,floor=253/2592 (9.8% of budget)
Arson022,I_shot2_mid,30.0,,8640,253,1,501,2592,1.0,0.30538922155688625,0.059027777777777776,floor=506/2592 (19.5% of budget)
Arson035,A_production,10.5776,,1437,28,1,301,152,1.0,0.10299003322259136,0.20394736842105263,natural retention
Arson035,C_uniform,5.0,,1437,28,1,301,71,1.0,0.046511627906976744,0.19718309859154928,
Arson035,D_random,5.0,0,1437,28,1,301,71,1.0,0.04983388704318937,0.2112676056338028,
Arson035,D_random,5.0,1,1437,28,1,301,71,1.0,0.05647840531561462,0.23943661971830985,
Arson035,D_random,5.0,2,1437,28,1,301,71,1.0,0.053156146179401995,0.22535211267605634,
Arson035,D_random,5.0,3,1437,28,1,301,71,1.0,0.04318936877076412,0.18309859154929578,
Arson035,D_random,5.0,4,1437,28,1,301,71,1.0,0.0664451827242525,0.28169014084507044,
Arson035,E_action_topk,5.0,,1437,28,1,301,71,0.0,0.0,0.0,R0 codec anchor at matched budget
Arson035,F_shot1_action,5.0,,1437,28,1,301,71,1.0,0.09966777408637874,0.4225352112676056,floor=28/71 (39.4% of budget)
Arson035,G_shot2_action,5.0,,1437,28,1,301,71,1.0,0.10299003322259136,0.43661971830985913,floor=56/71 (78.9% of budget)
Arson035,H_shot1_mid,5.0,,1437,28,1,301,71,1.0,0.06976744186046512,0.29577464788732394,floor=28/71 (39.4% of budget)
Arson035,I_shot2_mid,5.0,,1437,28,1,301,71,1.0,0.07973421926910298,0.3380281690140845,floor=56/71 (78.9% of budget)
Arson035,C_uniform,10.0,,1437,28,1,301,143,1.0,0.09966777408637874,0.2097902097902098,
Arson035,D_random,10.0,0,1437,28,1,301,143,1.0,0.10299003322259136,0.21678321678321677,
Arson035,D_random,10.0,1,1437,28,1,301,143,1.0,0.08637873754152824,0.18181818181818182,
Arson035,D_random,10.0,2,1437,28,1,301,143,1.0,0.1461794019933555,0.3076923076923077,
Arson035,D_random,10.0,3,1437,28,1,301,143,1.0,0.10299003322259136,0.21678321678321677,
Arson035,D_random,10.0,4,1437,28,1,301,143,1.0,0.10299003322259136,0.21678321678321677,
Arson035,E_action_topk,10.0,,1437,28,1,301,143,0.0,0.0,0.0,R0 codec anchor at matched budget
Arson035,F_shot1_action,10.0,,1437,28,1,301,143,1.0,0.18604651162790697,0.3916083916083916,floor=28/143 (19.6% of budget)
Arson035,G_shot2_action,10.0,,1437,28,1,301,143,1.0,0.18604651162790697,0.3916083916083916,floor=56/143 (39.2% of budget)
Arson035,H_shot1_mid,10.0,,1437,28,1,301,143,1.0,0.11960132890365449,0.2517482517482518,floor=28/143 (19.6% of budget)
Arson035,I_shot2_mid,10.0,,1437,28,1,301,143,1.0,0.13953488372093023,0.2937062937062937,floor=56/143 (39.2% of budget)
Arson035,C_uniform,10.5,,1437,28,1,301,150,1.0,0.10299003322259136,0.20666666666666667,
Arson035,D_random,10.5,0,1437,28,1,301,150,1.0,0.11295681063122924,0.22666666666666666,
Arson035,D_random,10.5,1,1437,28,1,301,150,1.0,0.09634551495016612,0.19333333333333333,
Arson035,D_random,10.5,2,1437,28,1,301,150,1.0,0.1461794019933555,0.29333333333333333,
Arson035,D_random,10.5,3,1437,28,1,301,150,1.0,0.10299003322259136,0.20666666666666667,
Arson035,D_random,10.5,4,1437,28,1,301,150,1.0,0.09966777408637874,0.2,
Arson035,E_action_topk,10.5,,1437,28,1,301,150,0.0,0.0,0.0,R0 codec anchor at matched budget
Arson035,F_shot1_action,10.5,,1437,28,1,301,150,1.0,0.19601328903654486,0.3933333333333333,floor=28/150 (18.7% of budget)
Arson035,G_shot2_action,10.5,,1437,28,1,301,150,1.0,0.19601328903654486,0.3933333333333333,floor=56/150 (37.3% of budget)
Arson035,H_shot1_mid,10.5,,1437,28,1,301,150,1.0,0.12624584717607973,0.25333333333333335,floor=28/150 (18.7% of budget)
Arson035,I_shot2_mid,10.5,,1437,28,1,301,150,1.0,0.1461794019933555,0.29333333333333333,floor=56/150 (37.3% of budget)
Arson035,C_uniform,20.0,,1437,28,1,301,287,1.0,0.19933554817275748,0.20905923344947736,
Arson035,D_random,20.0,0,1437,28,1,301,287,1.0,0.2059800664451827,0.21602787456445993,
Arson035,D_random,20.0,1,1437,28,1,301,287,1.0,0.2059800664451827,0.21602787456445993,
Arson035,D_random,20.0,2,1437,28,1,301,287,1.0,0.21926910299003322,0.22996515679442509,
Arson035,D_random,20.0,3,1437,28,1,301,287,1.0,0.22259136212624583,0.23344947735191637,
Arson035,D_random,20.0,4,1437,28,1,301,287,1.0,0.20930232558139536,0.21951219512195122,
Arson035,E_action_topk,20.0,,1437,28,1,301,287,1.0,0.19601328903654486,0.20557491289198607,R0 codec anchor at matched budget
Arson035,F_shot1_action,20.0,,1437,28,1,301,287,1.0,0.3853820598006645,0.40418118466898956,floor=28/287 (9.8% of budget)
Arson035,G_shot2_action,20.0,,1437,28,1,301,287,1.0,0.3853820598006645,0.40418118466898956,floor=56/287 (19.5% of budget)
Arson035,H_shot1_mid,20.0,,1437,28,1,301,287,1.0,0.21926910299003322,0.22996515679442509,floor=28/287 (9.8% of budget)
Arson035,I_shot2_mid,20.0,,1437,28,1,301,287,1.0,0.2425249169435216,0.25435540069686413,floor=56/287 (19.5% of budget)
Arson035,C_uniform,30.0,,1437,28,1,301,431,1.0,0.29900332225913623,0.2088167053364269,
Arson035,D_random,30.0,0,1437,28,1,301,431,1.0,0.3089700996677741,0.21577726218097448,
Arson035,D_random,30.0,1,1437,28,1,301,431,1.0,0.2956810631229236,0.20649651972157773,
Arson035,D_random,30.0,2,1437,28,1,301,431,1.0,0.3122923588039867,0.21809744779582366,
Arson035,D_random,30.0,3,1437,28,1,301,431,1.0,0.31561461794019935,0.22041763341067286,
Arson035,D_random,30.0,4,1437,28,1,301,431,1.0,0.2857142857142857,0.19953596287703015,
Arson035,E_action_topk,30.0,,1437,28,1,301,431,1.0,0.4750830564784053,0.33178654292343385,R0 codec anchor at matched budget
Arson035,F_shot1_action,30.0,,1437,28,1,301,431,1.0,0.5813953488372093,0.4060324825986079,floor=28/431 (6.5% of budget)
Arson035,G_shot2_action,30.0,,1437,28,1,301,431,1.0,0.584717607973422,0.40835266821345706,floor=56/431 (13.0% of budget)
Arson035,H_shot1_mid,30.0,,1437,28,1,301,431,1.0,0.31561461794019935,0.22041763341067286,floor=28/431 (6.5% of budget)
Arson035,I_shot2_mid,30.0,,1437,28,1,301,431,1.0,0.33554817275747506,0.23433874709976799,floor=56/431 (13.0% of budget)
Arson041,A_production,10.4955,,3754,54,1,1486,394,1.0,0.1063257065948856,0.4010152284263959,natural retention
Arson041,C_uniform,5.0,,3754,54,1,1486,187,1.0,0.04979811574697174,0.39572192513368987,
Arson041,D_random,5.0,0,3754,54,1,1486,187,1.0,0.05450874831763122,0.43315508021390375,
Arson041,D_random,5.0,1,3754,54,1,1486,187,1.0,0.05450874831763122,0.43315508021390375,
Arson041,D_random,5.0,2,3754,54,1,1486,187,1.0,0.04845222072678331,0.3850267379679144,
Arson041,D_random,5.0,3,3754,54,1,1486,187,1.0,0.05450874831763122,0.43315508021390375,
Arson041,D_random,5.0,4,3754,54,1,1486,187,1.0,0.046433378196500674,0.3689839572192513,
Arson041,E_action_topk,5.0,,3754,54,1,1486,187,1.0,0.0955585464333782,0.7593582887700535,R0 codec anchor at matched budget
Arson041,F_shot1_action,5.0,,3754,54,1,1486,187,1.0,0.051816958277254375,0.4117647058823529,floor=54/187 (28.9% of budget)
Arson041,G_shot2_action,5.0,,3754,54,1,1486,187,1.0,0.05114401076716016,0.40641711229946526,floor=108/187 (57.8% of budget)
Arson041,H_shot1_mid,5.0,,3754,54,1,1486,187,1.0,0.05047106325706595,0.40106951871657753,floor=54/187 (28.9% of budget)
Arson041,I_shot2_mid,5.0,,3754,54,1,1486,187,1.0,0.04912516823687752,0.39037433155080214,floor=108/187 (57.8% of budget)
Arson041,C_uniform,10.0,,3754,54,1,1486,375,1.0,0.09959623149394348,0.39466666666666667,
Arson041,D_random,10.0,0,3754,54,1,1486,375,1.0,0.10901749663526245,0.432,
Arson041,D_random,10.0,1,3754,54,1,1486,375,1.0,0.10497981157469717,0.416,
Arson041,D_random,10.0,2,3754,54,1,1486,375,1.0,0.10430686406460296,0.41333333333333333,
Arson041,D_random,10.0,3,3754,54,1,1486,375,1.0,0.09353970390309556,0.37066666666666664,
Arson041,D_random,10.0,4,3754,54,1,1486,375,1.0,0.10296096904441454,0.408,
Arson041,E_action_topk,10.0,,3754,54,1,1486,375,1.0,0.20255720053835802,0.8026666666666666,R0 codec anchor at matched budget
Arson041,F_shot1_action,10.0,,3754,54,1,1486,375,1.0,0.10699865410497982,0.424,floor=54/375 (14.4% of budget)
Arson041,G_shot2_action,10.0,,3754,54,1,1486,375,1.0,0.10430686406460296,0.41333333333333333,floor=108/375 (28.8% of budget)
Arson041,H_shot1_mid,10.0,,3754,54,1,1486,375,1.0,0.09825033647375504,0.3893333333333333,floor=54/375 (14.4% of budget)
Arson041,I_shot2_mid,10.0,,3754,54,1,1486,375,1.0,0.09825033647375504,0.3893333333333333,floor=108/375 (28.8% of budget)
Arson041,C_uniform,10.5,,3754,54,1,1486,394,1.0,0.10497981157469717,0.39593908629441626,
Arson041,D_random,10.5,0,3754,54,1,1486,394,1.0,0.1117092866756393,0.4213197969543147,
Arson041,D_random,10.5,1,3754,54,1,1486,394,1.0,0.11238223418573351,0.42385786802030456,
Arson041,D_random,10.5,2,3754,54,1,1486,394,1.0,0.11372812920592194,0.4289340101522843,
Arson041,D_random,10.5,3,3754,54,1,1486,394,1.0,0.09892328398384927,0.3730964467005076,
Arson041,D_random,10.5,4,3754,54,1,1486,394,1.0,0.1117092866756393,0.4213197969543147,
Arson041,E_action_topk,10.5,,3754,54,1,1486,394,1.0,0.20995962314939434,0.7918781725888325,R0 codec anchor at matched budget
Arson041,F_shot1_action,10.5,,3754,54,1,1486,394,1.0,0.1117092866756393,0.4213197969543147,floor=54/394 (13.7% of budget)
Arson041,G_shot2_action,10.5,,3754,54,1,1486,394,1.0,0.1117092866756393,0.4213197969543147,floor=108/394 (27.4% of budget)
Arson041,H_shot1_mid,10.5,,3754,54,1,1486,394,1.0,0.10363391655450875,0.39086294416243655,floor=54/394 (13.7% of budget)
Arson041,I_shot2_mid,10.5,,3754,54,1,1486,394,1.0,0.10296096904441454,0.3883248730964467,floor=108/394 (27.4% of budget)
Arson041,C_uniform,20.0,,3754,54,1,1486,750,1.0,0.19986541049798115,0.396,
Arson041,D_random,20.0,0,3754,54,1,1486,750,1.0,0.21130551816958276,0.4186666666666667,
Arson041,D_random,20.0,1,3754,54,1,1486,750,1.0,0.19784656796769853,0.392,
Arson041,D_random,20.0,2,3754,54,1,1486,750,1.0,0.20053835800807537,0.3973333333333333,
Arson041,D_random,20.0,3,3754,54,1,1486,750,1.0,0.20457604306864063,0.4053333333333333,
Arson041,D_random,20.0,4,3754,54,1,1486,750,1.0,0.21467025572005383,0.42533333333333334,
Arson041,E_action_topk,20.0,,3754,54,1,1486,750,1.0,0.3553162853297443,0.704,R0 codec anchor at matched budget
Arson041,F_shot1_action,20.0,,3754,54,1,1486,750,1.0,0.2173620457604307,0.43066666666666664,floor=54/750 (7.2% of budget)
Arson041,G_shot2_action,20.0,,3754,54,1,1486,750,1.0,0.21601615074024227,0.428,floor=108/750 (14.4% of budget)
Arson041,H_shot1_mid,20.0,,3754,54,1,1486,750,1.0,0.19919246298788695,0.39466666666666667,floor=54/750 (7.2% of budget)
Arson041,I_shot2_mid,20.0,,3754,54,1,1486,750,1.0,0.19919246298788695,0.39466666666666667,floor=108/750 (14.4% of budget)
Arson041,C_uniform,30.0,,3754,54,1,1486,1126,1.0,0.29946164199192465,0.39520426287744226,
Arson041,D_random,30.0,0,3754,54,1,1486,1126,1.0,0.30686406460296095,0.4049733570159858,
Arson041,D_random,30.0,1,3754,54,1,1486,1126,1.0,0.2960969044414536,0.3907637655417407,
Arson041,D_random,30.0,2,3754,54,1,1486,1126,1.0,0.3075370121130552,0.4058614564831261,
Arson041,D_random,30.0,3,3754,54,1,1486,1126,1.0,0.2873485868102288,0.37921847246891655,
Arson041,D_random,30.0,4,3754,54,1,1486,1126,1.0,0.32099596231493943,0.42362344582593253,
Arson041,E_action_topk,30.0,,3754,54,1,1486,1126,1.0,0.4690444145356662,0.6190053285968028,R0 codec anchor at matched budget
Arson041,F_shot1_action,30.0,,3754,54,1,1486,1126,1.0,0.3183041722745626,0.4200710479573712,floor=54/1126 (4.8% of budget)
Arson041,G_shot2_action,30.0,,3754,54,1,1486,1126,1.0,0.31763122476446837,0.4191829484902309,floor=108/1126 (9.6% of budget)
Arson041,H_shot1_mid,30.0,,3754,54,1,1486,1126,1.0,0.29946164199192465,0.39520426287744226,floor=54/1126 (4.8% of budget)
Arson041,I_shot2_mid,30.0,,3754,54,1,1486,1126,1.0,0.29878869448183043,0.39431616341030196,floor=108/1126 (9.6% of budget)
Assault006,A_production,10.4249,,8096,251,1,6911,844,1.0,0.10418173925625814,0.8530805687203792,natural retention
Assault006,C_uniform,5.0,,8096,251,1,6911,404,1.0,0.049920416726957025,0.8539603960396039,
Assault006,D_random,5.0,0,8096,251,1,6911,404,1.0,0.049196932426566344,0.8415841584158416,
Assault006,D_random,5.0,1,8096,251,1,6911,404,1.0,0.0502098104471133,0.8589108910891089,
Assault006,D_random,5.0,2,8096,251,1,6911,404,1.0,0.049920416726957025,0.8539603960396039,
Assault006,D_random,5.0,3,8096,251,1,6911,404,1.0,0.0502098104471133,0.8589108910891089,
Assault006,D_random,5.0,4,8096,251,1,6911,404,1.0,0.05006511358703516,0.8564356435643564,
Assault006,E_action_topk,5.0,,8096,251,1,6911,404,1.0,0.050643901027347706,0.8663366336633663,R0 codec anchor at matched budget
Assault006,F_shot1_action,5.0,,8096,251,1,6911,404,1.0,0.048618144986253796,0.8316831683168316,floor=251/404 (62.1% of budget)
Assault006,G_shot2_action,5.0,,8096,251,1,6911,404,1.0,0.048618144986253796,0.8316831683168316,floor=404/404 (100.0% of budget)
Assault006,H_shot1_mid,5.0,,8096,251,1,6911,404,1.0,0.04948632614672262,0.8465346534653465,floor=251/404 (62.1% of budget)
Assault006,I_shot2_mid,5.0,,8096,251,1,6911,404,1.0,0.048762841846331936,0.8341584158415841,floor=404/404 (100.0% of budget)
Assault006,C_uniform,10.0,,8096,251,1,6911,809,1.0,0.09984083345391405,0.8529048207663782,
Assault006,D_random,10.0,0,8096,251,1,6911,809,1.0,0.10013022717407032,0.8553770086526576,
Assault006,D_random,10.0,1,8096,251,1,6911,809,1.0,0.09940674287367963,0.8491965389369592,
Assault006,D_random,10.0,2,8096,251,1,6911,809,1.0,0.10172189263492983,0.8689740420271941,
Assault006,D_random,10.0,3,8096,251,1,6911,809,1.0,0.10085371147446101,0.861557478368356,
Assault006,D_random,10.0,4,8096,251,1,6911,809,1.0,0.10013022717407032,0.8553770086526576,
Assault006,E_action_topk,10.0,,8096,251,1,6911,809,1.0,0.07697872956156851,0.657601977750309,R0 codec anchor at matched budget
Assault006,F_shot1_action,10.0,,8096,251,1,6911,809,1.0,0.097670380552742,0.8343634116192831,floor=251/809 (31.0% of budget)
Assault006,G_shot2_action,10.0,,8096,251,1,6911,809,1.0,0.09839386485313269,0.8405438813349815,floor=502/809 (62.1% of budget)
Assault006,H_shot1_mid,10.0,,8096,251,1,6911,809,1.0,0.09911734915352337,0.8467243510506799,floor=251/809 (31.0% of budget)
Assault006,I_shot2_mid,10.0,,8096,251,1,6911,809,1.0,0.09955143973375778,0.8504326328800988,floor=502/809 (62.1% of budget)
Assault006,C_uniform,10.5,,8096,251,1,6911,850,1.0,0.10490522355664882,0.8529411764705882,
Assault006,D_random,10.5,0,8096,251,1,6911,850,1.0,0.1056287078570395,0.8588235294117647,
Assault006,D_random,10.5,1,8096,251,1,6911,850,1.0,0.10476052669657068,0.851764705882353,
Assault006,D_random,10.5,2,8096,251,1,6911,850,1.0,0.10693097959774273,0.8694117647058823,
Assault006,D_random,10.5,3,8096,251,1,6911,850,1.0,0.10591810157719578,0.8611764705882353,
Assault006,D_random,10.5,4,8096,251,1,6911,850,1.0,0.10504992041672696,0.8541176470588235,
Assault006,E_action_topk,10.5,,8096,251,1,6911,850,1.0,0.07784691072203734,0.6329411764705882,R0 codec anchor at matched budget
Assault006,F_shot1_action,10.5,,8096,251,1,6911,850,1.0,0.10186658949500796,0.8282352941176471,floor=251/850 (29.5% of budget)
Assault006,G_shot2_action,10.5,,8096,251,1,6911,850,1.0,0.10273477065547677,0.8352941176470589,floor=502/850 (59.1% of budget)
Assault006,H_shot1_mid,10.5,,8096,251,1,6911,850,1.0,0.10490522355664882,0.8529411764705882,floor=251/850 (29.5% of budget)
Assault006,I_shot2_mid,10.5,,8096,251,1,6911,850,1.0,0.10461582983649255,0.8505882352941176,floor=502/850 (59.1% of budget)
Assault006,C_uniform,20.0,,8096,251,1,6911,1619,1.0,0.19997106062798436,0.8536133415688697,
Assault006,D_random,20.0,0,8096,251,1,6911,1619,1.0,0.20373317899001592,0.8696726374305127,
Assault006,D_random,20.0,1,8096,251,1,6911,1619,1.0,0.2008392417884532,0.8573193329215565,
Assault006,D_random,20.0,2,8096,251,1,6911,1619,1.0,0.20026045434814063,0.8548486720197653,
Assault006,D_random,20.0,3,8096,251,1,6911,1619,1.0,0.19693242656634352,0.8406423718344658,
Assault006,D_random,20.0,4,8096,251,1,6911,1619,1.0,0.1973665171465779,0.8424953675108091,
Assault006,E_action_topk,20.0,,8096,251,1,6911,1619,1.0,0.18608016206048328,0.7943174799258802,R0 codec anchor at matched budget
Assault006,F_shot1_action,20.0,,8096,251,1,6911,1619,1.0,0.19418318622485892,0.8289067325509574,floor=251/1619 (15.5% of budget)
Assault006,G_shot2_action,20.0,,8096,251,1,6911,1619,1.0,0.19461727680509333,0.8307597282273008,floor=502/1619 (31.0% of budget)
Assault006,H_shot1_mid,20.0,,8096,251,1,6911,1619,1.0,0.19982636376790625,0.8529956763434219,floor=251/1619 (15.5% of budget)
Assault006,I_shot2_mid,20.0,,8096,251,1,6911,1619,1.0,0.19982636376790625,0.8529956763434219,floor=502/1619 (31.0% of budget)
Assault006,C_uniform,30.0,,8096,251,1,6911,2428,1.0,0.2998118940818984,0.8533772652388797,
Assault006,D_random,30.0,0,8096,251,1,6911,2428,1.0,0.30198234698307047,0.8595551894563427,
Assault006,D_random,30.0,1,8096,251,1,6911,2428,1.0,0.30154825640283606,0.8583196046128501,
Assault006,D_random,30.0,2,8096,251,1,6911,2428,1.0,0.30154825640283606,0.8583196046128501,
Assault006,D_random,30.0,3,8096,251,1,6911,2428,1.0,0.29749674432064827,0.8467874794069192,
Assault006,D_random,30.0,4,8096,251,1,6911,2428,1.0,0.3008247721024454,0.8562602965403624,
Assault006,E_action_topk,30.0,,8096,251,1,6911,2428,1.0,0.2928664447981479,0.8336079077429983,R0 codec anchor at matched budget
Assault006,F_shot1_action,30.0,,8096,251,1,6911,2428,1.0,0.2902619013167414,0.8261943986820428,floor=251/2428 (10.3% of budget)
Assault006,G_shot2_action,30.0,,8096,251,1,6911,2428,1.0,0.2906959918969758,0.8274299835255354,floor=502/2428 (20.7% of budget)
Assault006,H_shot1_mid,30.0,,8096,251,1,6911,2428,1.0,0.29908840978150775,0.8513179571663921,floor=251/2428 (10.3% of budget)
Assault006,I_shot2_mid,30.0,,8096,251,1,6911,2428,1.0,0.29952250036174216,0.8525535420098846,floor=502/2428 (20.7% of budget)
Assault010,A_production,10.4098,,16177,430,2,1022,1684,1.0,0.10469667318982387,0.06353919239904988,natural retention
Assault010,C_uniform,5.0,,16177,430,2,1022,808,1.0,0.049902152641878667,0.06311881188118812,
Assault010,D_random,5.0,0,16177,430,2,1022,808,1.0,0.04892367906066536,0.06188118811881188,
Assault010,D_random,5.0,1,16177,430,2,1022,808,1.0,0.06164383561643835,0.07797029702970297,
Assault010,D_random,5.0,2,16177,430,2,1022,808,1.0,0.05577299412915851,0.07054455445544554,
Assault010,D_random,5.0,3,16177,430,2,1022,808,1.0,0.043052837573385516,0.054455445544554455,
Assault010,D_random,5.0,4,16177,430,2,1022,808,1.0,0.040117416829745595,0.050742574257425746,
Assault010,E_action_topk,5.0,,16177,430,2,1022,808,1.0,0.06262230919765166,0.07920792079207921,R0 codec anchor at matched budget
Assault010,F_shot1_action,5.0,,16177,430,2,1022,808,1.0,0.06164383561643835,0.07797029702970297,floor=430/808 (53.2% of budget)
Assault010,G_shot2_action,5.0,,16177,430,2,1022,808,1.0,0.05675146771037182,0.07178217821782178,floor=808/808 (100.0% of budget)
Assault010,H_shot1_mid,5.0,,16177,430,2,1022,808,1.0,0.05185909980430528,0.0655940594059406,floor=430/808 (53.2% of budget)
Assault010,I_shot2_mid,5.0,,16177,430,2,1022,808,1.0,0.05968688845401174,0.07549504950495049,floor=808/808 (100.0% of budget)
Assault010,C_uniform,10.0,,16177,430,2,1022,1617,1.0,0.09980430528375733,0.06307977736549165,
Assault010,D_random,10.0,0,16177,430,2,1022,1617,1.0,0.0949119373776908,0.05998763141620284,
Assault010,D_random,10.0,1,16177,430,2,1022,1617,1.0,0.1086105675146771,0.0686456400742115,
Assault010,D_random,10.0,2,16177,430,2,1022,1617,1.0,0.1086105675146771,0.0686456400742115,
Assault010,D_random,10.0,3,16177,430,2,1022,1617,1.0,0.08708414872798434,0.055040197897340756,
Assault010,D_random,10.0,4,16177,430,2,1022,1617,1.0,0.08512720156555773,0.05380333951762523,
Assault010,E_action_topk,10.0,,16177,430,2,1022,1617,1.0,0.18786692759295498,0.11873840445269017,R0 codec anchor at matched budget
Assault010,F_shot1_action,10.0,,16177,430,2,1022,1617,1.0,0.11448140900195694,0.07235621521335807,floor=430/1617 (26.6% of budget)
Assault010,G_shot2_action,10.0,,16177,430,2,1022,1617,1.0,0.11448140900195694,0.07235621521335807,floor=860/1617 (53.2% of budget)
Assault010,H_shot1_mid,10.0,,16177,430,2,1022,1617,1.0,0.10371819960861056,0.0655534941249227,floor=430/1617 (26.6% of budget)
Assault010,I_shot2_mid,10.0,,16177,430,2,1022,1617,1.0,0.10665362035225048,0.06740878169449598,floor=860/1617 (53.2% of budget)
Assault010,C_uniform,10.5,,16177,430,2,1022,1698,1.0,0.10469667318982387,0.06301531213191991,
Assault010,D_random,10.5,0,16177,430,2,1022,1698,1.0,0.09686888454011741,0.05830388692579505,
Assault010,D_random,10.5,1,16177,430,2,1022,1698,1.0,0.11448140900195694,0.06890459363957598,
Assault010,D_random,10.5,2,16177,430,2,1022,1698,1.0,0.11448140900195694,0.06890459363957598,
Assault010,D_random,10.5,3,16177,430,2,1022,1698,1.0,0.08904109589041095,0.0535924617196702,
Assault010,D_random,10.5,4,16177,430,2,1022,1698,1.0,0.08904109589041095,0.0535924617196702,
Assault010,E_action_topk,10.5,,16177,430,2,1022,1698,1.0,0.24853228962818003,0.14958775029446408,R0 codec anchor at matched budget
Assault010,F_shot1_action,10.5,,16177,430,2,1022,1698,1.0,0.12426614481409001,0.07479387514723204,floor=430/1698 (25.3% of budget)
Assault010,G_shot2_action,10.5,,16177,430,2,1022,1698,1.0,0.11643835616438356,0.07008244994110718,floor=860/1698 (50.6% of budget)
Assault010,H_shot1_mid,10.5,,16177,430,2,1022,1698,1.0,0.10763209393346379,0.06478209658421673,floor=430/1698 (25.3% of budget)
Assault010,I_shot2_mid,10.5,,16177,430,2,1022,1698,1.0,0.11056751467710371,0.06654888103651355,floor=860/1698 (50.6% of budget)
Assault010,C_uniform,20.0,,16177,430,2,1022,3235,1.0,0.20058708414872797,0.0633693972179289,
Assault010,D_random,20.0,0,16177,430,2,1022,3235,1.0,0.20645792563600782,0.06522411128284389,
Assault010,D_random,20.0,1,16177,430,2,1022,3235,1.0,0.22113502935420742,0.06986089644513138,
Assault010,D_random,20.0,2,16177,430,2,1022,3235,1.0,0.19863013698630136,0.06275115919629057,
Assault010,D_random,20.0,3,16177,430,2,1022,3235,1.0,0.18493150684931506,0.05842349304482226,
Assault010,D_random,20.0,4,16177,430,2,1022,3235,1.0,0.1917808219178082,0.060587326120556416,
Assault010,E_action_topk,20.0,,16177,430,2,1022,3235,1.0,0.5900195694716243,0.18639876352395673,R0 codec anchor at matched budget
Assault010,F_shot1_action,20.0,,16177,430,2,1022,3235,1.0,0.23972602739726026,0.07573415765069552,floor=430/3235 (13.3% of budget)
Assault010,G_shot2_action,20.0,,16177,430,2,1022,3235,1.0,0.23776908023483365,0.07511591962905718,floor=860/3235 (26.6% of budget)
Assault010,H_shot1_mid,20.0,,16177,430,2,1022,3235,1.0,0.2025440313111546,0.06398763523956723,floor=430/3235 (13.3% of budget)
Assault010,I_shot2_mid,20.0,,16177,430,2,1022,3235,1.0,0.2035225048923679,0.0642967542503864,floor=860/3235 (26.6% of budget)
Assault010,C_uniform,30.0,,16177,430,2,1022,4853,1.0,0.299412915851272,0.06305378116628889,
Assault010,D_random,30.0,0,16177,430,2,1022,4853,1.0,0.2974559686888454,0.06264166494951576,
Assault010,D_random,30.0,1,16177,430,2,1022,4853,1.0,0.32778864970645794,0.06902946630949928,
Assault010,D_random,30.0,2,16177,430,2,1022,4853,1.0,0.2896281800391389,0.060993200082423246,
Assault010,D_random,30.0,3,16177,430,2,1022,4853,1.0,0.2759295499021526,0.058108386565011334,
Assault010,D_random,30.0,4,16177,430,2,1022,4853,1.0,0.2945205479452055,0.06202349062435607,
Assault010,E_action_topk,30.0,,16177,430,2,1022,4853,1.0,0.6722113502935421,0.14156192046157015,R0 codec anchor at matched budget
Assault010,F_shot1_action,30.0,,16177,430,2,1022,4853,1.0,0.37181996086105673,0.0783020811868947,floor=430/4853 (8.9% of budget)
Assault010,G_shot2_action,30.0,,16177,430,2,1022,4853,1.0,0.3659491193737769,0.07706573253657531,floor=860/4853 (17.7% of budget)
Assault010,H_shot1_mid,30.0,,16177,430,2,1022,4853,1.0,0.30528375733855184,0.06429012981660828,floor=430/4853 (8.9% of budget)
Assault010,I_shot2_mid,30.0,,16177,430,2,1022,4853,1.0,0.30528375733855184,0.06429012981660828,floor=860/4853 (17.7% of budget)
Assault011,A_production,10.4458,,2288,62,1,586,239,1.0,0.10409556313993173,0.25523012552301255,natural retention
Assault011,C_uniform,5.0,,2288,62,1,586,114,1.0,0.04948805460750853,0.2543859649122807,
Assault011,D_random,5.0,0,2288,62,1,586,114,1.0,0.04948805460750853,0.2543859649122807,
Assault011,D_random,5.0,1,2288,62,1,586,114,1.0,0.04778156996587031,0.24561403508771928,
Assault011,D_random,5.0,2,2288,62,1,586,114,1.0,0.04778156996587031,0.24561403508771928,
Assault011,D_random,5.0,3,2288,62,1,586,114,1.0,0.05802047781569966,0.2982456140350877,
Assault011,D_random,5.0,4,2288,62,1,586,114,1.0,0.04948805460750853,0.2543859649122807,
Assault011,E_action_topk,5.0,,2288,62,1,586,114,1.0,0.04607508532423208,0.23684210526315788,R0 codec anchor at matched budget
Assault011,F_shot1_action,5.0,,2288,62,1,586,114,1.0,0.05460750853242321,0.2807017543859649,floor=62/114 (54.4% of budget)
Assault011,G_shot2_action,5.0,,2288,62,1,586,114,1.0,0.05460750853242321,0.2807017543859649,floor=114/114 (100.0% of budget)
Assault011,H_shot1_mid,5.0,,2288,62,1,586,114,1.0,0.052901023890784986,0.2719298245614035,floor=62/114 (54.4% of budget)
Assault011,I_shot2_mid,5.0,,2288,62,1,586,114,1.0,0.051194539249146756,0.2631578947368421,floor=114/114 (100.0% of budget)
Assault011,C_uniform,10.0,,2288,62,1,586,228,1.0,0.09897610921501707,0.2543859649122807,
Assault011,D_random,10.0,0,2288,62,1,586,228,1.0,0.08703071672354949,0.2236842105263158,
Assault011,D_random,10.0,1,2288,62,1,586,228,1.0,0.09215017064846416,0.23684210526315788,
Assault011,D_random,10.0,2,2288,62,1,586,228,1.0,0.09726962457337884,0.25,
Assault011,D_random,10.0,3,2288,62,1,586,228,1.0,0.10068259385665529,0.25877192982456143,
Assault011,D_random,10.0,4,2288,62,1,586,228,1.0,0.09385665529010238,0.2412280701754386,
Assault011,E_action_topk,10.0,,2288,62,1,586,228,1.0,0.10068259385665529,0.25877192982456143,R0 codec anchor at matched budget
Assault011,F_shot1_action,10.0,,2288,62,1,586,228,1.0,0.11433447098976109,0.29385964912280704,floor=62/228 (27.2% of budget)
Assault011,G_shot2_action,10.0,,2288,62,1,586,228,1.0,0.11604095563139932,0.2982456140350877,floor=124/228 (54.4% of budget)
Assault011,H_shot1_mid,10.0,,2288,62,1,586,228,1.0,0.10068259385665529,0.25877192982456143,floor=62/228 (27.2% of budget)
Assault011,I_shot2_mid,10.0,,2288,62,1,586,228,1.0,0.09897610921501707,0.2543859649122807,floor=124/228 (54.4% of budget)
Assault011,C_uniform,10.5,,2288,62,1,586,240,1.0,0.10409556313993173,0.25416666666666665,
Assault011,D_random,10.5,0,2288,62,1,586,240,1.0,0.08703071672354949,0.2125,
Assault011,D_random,10.5,1,2288,62,1,586,240,1.0,0.09385665529010238,0.22916666666666666,
Assault011,D_random,10.5,2,2288,62,1,586,240,1.0,0.10068259385665529,0.24583333333333332,
Assault011,D_random,10.5,3,2288,62,1,586,240,1.0,0.09897610921501707,0.24166666666666667,
Assault011,D_random,10.5,4,2288,62,1,586,240,1.0,0.09556313993174062,0.23333333333333334,
Assault011,E_action_topk,10.5,,2288,62,1,586,240,1.0,0.11262798634812286,0.275,R0 codec anchor at matched budget
Assault011,F_shot1_action,10.5,,2288,62,1,586,240,1.0,0.11774744027303755,0.2875,floor=62/240 (25.8% of budget)
Assault011,G_shot2_action,10.5,,2288,62,1,586,240,1.0,0.11604095563139932,0.2833333333333333,floor=124/240 (51.7% of budget)
Assault011,H_shot1_mid,10.5,,2288,62,1,586,240,1.0,0.10409556313993173,0.25416666666666665,floor=62/240 (25.8% of budget)
Assault011,I_shot2_mid,10.5,,2288,62,1,586,240,1.0,0.10580204778156997,0.25833333333333336,floor=124/240 (51.7% of budget)
Assault011,C_uniform,20.0,,2288,62,1,586,457,1.0,0.19965870307167236,0.25601750547045954,
Assault011,D_random,20.0,0,2288,62,1,586,457,1.0,0.17235494880546076,0.2210065645514223,
Assault011,D_random,20.0,1,2288,62,1,586,457,1.0,0.20819112627986347,0.26695842450765866,
Assault011,D_random,20.0,2,2288,62,1,586,457,1.0,0.1962457337883959,0.25164113785557984,
Assault011,D_random,20.0,3,2288,62,1,586,457,1.0,0.19965870307167236,0.25601750547045954,
Assault011,D_random,20.0,4,2288,62,1,586,457,1.0,0.18088737201365188,0.23194748358862144,
Assault011,E_action_topk,20.0,,2288,62,1,586,457,1.0,0.2525597269624573,0.3238512035010941,R0 codec anchor at matched budget
Assault011,F_shot1_action,20.0,,2288,62,1,586,457,1.0,0.2167235494880546,0.2778993435448578,floor=62/457 (13.6% of budget)
Assault011,G_shot2_action,20.0,,2288,62,1,586,457,1.0,0.2167235494880546,0.2778993435448578,floor=124/457 (27.1% of budget)
Assault011,H_shot1_mid,20.0,,2288,62,1,586,457,1.0,0.19965870307167236,0.25601750547045954,floor=62/457 (13.6% of budget)
Assault011,I_shot2_mid,20.0,,2288,62,1,586,457,1.0,0.20136518771331058,0.25820568927789933,floor=124/457 (27.1% of budget)
Assault011,C_uniform,30.0,,2288,62,1,586,686,1.0,0.2986348122866894,0.25510204081632654,
Assault011,D_random,30.0,0,2288,62,1,586,686,1.0,0.28668941979522183,0.24489795918367346,
Assault011,D_random,30.0,1,2288,62,1,586,686,1.0,0.30716723549488056,0.26239067055393583,
Assault011,D_random,30.0,2,2288,62,1,586,686,1.0,0.3037542662116041,0.2594752186588921,
Assault011,D_random,30.0,3,2288,62,1,586,686,1.0,0.2883959044368601,0.24635568513119532,
Assault011,D_random,30.0,4,2288,62,1,586,686,1.0,0.3122866894197952,0.26676384839650147,
Assault011,E_action_topk,30.0,,2288,62,1,586,686,1.0,0.3054607508532423,0.260932944606414,R0 codec anchor at matched budget
Assault011,F_shot1_action,30.0,,2288,62,1,586,686,1.0,0.33276450511945393,0.28425655976676384,floor=62/686 (9.0% of budget)
Assault011,G_shot2_action,30.0,,2288,62,1,586,686,1.0,0.3293515358361775,0.2813411078717201,floor=124/686 (18.1% of budget)
Assault011,H_shot1_mid,30.0,,2288,62,1,586,686,1.0,0.2986348122866894,0.25510204081632654,floor=62/686 (9.0% of budget)
Assault011,I_shot2_mid,30.0,,2288,62,1,586,686,1.0,0.3003412969283277,0.2565597667638484,floor=124/686 (18.1% of budget)
