23:40:51 VIRAT run: 54 clips, 23 arms, 300 frames, 7 CPU workers, free disk 59.3 GB, runner commit e9e0b81
23:40:54 VIRAT_S_000206_08_001618_001712 loaded 300 frames 1280x720 @ 30 (mpeg4_~8.4Mbps) in 0.7s
23:40:54 VIRAT_S_000205_02_000409_000566 loaded 300 frames 1280x720 @ 30 (mpeg4_~8.4Mbps) in 0.8s
23:40:54 VIRAT_S_000206_07_001501_001600 loaded 300 frames 1280x720 @ 30 (mpeg4_~8.4Mbps) in 0.8s
23:40:54 VIRAT_S_000207_00_000000_000045 loaded 300 frames 1280x720 @ 30 (mpeg4_~8.4Mbps) in 0.8s
23:40:54 VIRAT_S_000207_01_000094_000156 loaded 300 frames 1280x720 @ 30 (mpeg4_~8.4Mbps) in 1.0s
23:40:54 VIRAT_S_000207_03_000556_000590 loaded 300 frames 1280x720 @ 30 (mpeg4_~8.4Mbps) in 0.8s
23:40:55 VIRAT_S_000002 loaded 300 frames 1920x1080 @ 30000/1001 (000002) in 1.5s
23:41:02 VIRAT_S_000207_03_000556_000590 native                     8348 kbps (src mpeg4) sl 45-45 QP I/P/B  4.0/ 4.2/  - I/P/B 10/290/0 d_known True 2.4s
23:41:02 VIRAT_S_000207_00_000000_000045 native                     8482 kbps (src mpeg4) sl 45-45 QP I/P/B  4.3/ 4.8/  - I/P/B 11/289/0 d_known True 2.5s
23:41:02 VIRAT_S_000207_01_000094_000156 native                     8348 kbps (src mpeg4) sl 45-45 QP I/P/B  4.1/ 4.6/  - I/P/B 10/290/0 d_known True 2.5s
23:41:02 VIRAT_S_000206_08_001618_001712 native                     8348 kbps (src mpeg4) sl 45-45 QP I/P/B  4.3/ 4.7/  - I/P/B 10/290/0 d_known True 2.6s
23:41:02 VIRAT_S_000206_07_001501_001600 native                     8349 kbps (src mpeg4) sl 45-45 QP I/P/B  4.0/ 4.5/  - I/P/B 10/290/0 d_known True 2.6s
23:41:03 VIRAT_S_000205_02_000409_000566 native                     8349 kbps (src mpeg4) sl 45-45 QP I/P/B  4.8/ 5.2/  - I/P/B 10/290/0 d_known True 2.7s
23:41:15 VIRAT_S_000002 nvenc_qp18                17026 kbps PSNR 44.83 sl 1-1 thr None/None QP I/P/B 14.0/18.0/  - I/P/B 2/298/0 20.2s
23:41:15 VIRAT_S_000002 native                    17207 kbps (src h264) sl 1-1 QP I/P/B 14.5/16.6/22.1 I/P/B 2/100/198 d_known False 7.2s
23:41:27 VIRAT_S_000207_03_000556_000590 x264_crf12                12284 kbps PSNR 49.55 sl 1-1 thr 1/0 QP I/P/B  9.9/11.6/  - I/P/B 2/298/0 25.0s
23:41:27 VIRAT_S_000207_01_000094_000156 x264_crf12                12505 kbps PSNR 49.36 sl 1-1 thr 1/0 QP I/P/B 10.1/11.8/  - I/P/B 2/298/0 25.3s
23:41:28 VIRAT_S_000207_00_000000_000045 x264_crf12                12638 kbps PSNR 49.27 sl 1-1 thr 1/0 QP I/P/B 10.1/11.9/  - I/P/B 2/298/0 25.7s
23:41:29 VIRAT_S_000205_02_000409_000566 x264_crf12                13105 kbps PSNR 48.94 sl 1-1 thr 1/0 QP I/P/B 10.5/12.2/  - I/P/B 2/298/0 26.3s
23:41:29 VIRAT_S_000206_07_001501_001600 x264_crf12                12754 kbps PSNR 49.26 sl 1-1 thr 1/0 QP I/P/B 10.3/12.0/  - I/P/B 2/298/0 26.6s
23:41:29 VIRAT_S_000206_08_001618_001712 x264_crf12                12958 kbps PSNR 49.11 sl 1-1 thr 1/0 QP I/P/B 10.4/12.1/  - I/P/B 2/298/0 26.7s
23:41:33 VIRAT_S_000002 nvenc_qp23                 5175 kbps PSNR 40.77 sl 1-1 thr None/None QP I/P/B 18.0/23.0/  - I/P/B 2/298/0 18.2s
23:41:47 VIRAT_S_000207_03_000556_000590 x264_crf18                 4686 kbps PSNR 44.61 sl 1-1 thr 1/0 QP I/P/B 15.9/17.6/  - I/P/B 2/298/0 20.4s
23:41:50 VIRAT_S_000207_01_000094_000156 x264_crf18                 5298 kbps PSNR 44.52 sl 1-1 thr 1/0 QP I/P/B 16.1/17.8/  - I/P/B 2/298/0 22.4s
23:41:51 VIRAT_S_000207_00_000000_000045 x264_crf18                 5595 kbps PSNR 44.47 sl 1-1 thr 1/0 QP I/P/B 16.1/17.9/  - I/P/B 2/298/0 22.8s
23:41:51 VIRAT_S_000002 nvenc_qp28                 1271 kbps PSNR 38.09 sl 1-1 thr None/None QP I/P/B 22.0/28.0/  - I/P/B 2/298/0 18.2s
23:41:52 VIRAT_S_000206_07_001501_001600 x264_crf18                 5144 kbps PSNR 44.61 sl 1-1 thr 1/0 QP I/P/B 16.3/17.9/  - I/P/B 2/298/0 23.4s
23:41:53 VIRAT_S_000206_08_001618_001712 x264_crf18                 5595 kbps PSNR 44.48 sl 1-1 thr 1/0 QP I/P/B 16.4/18.0/  - I/P/B 2/298/0 24.3s
23:41:54 VIRAT_S_000205_02_000409_000566 x264_crf18                 6563 kbps PSNR 44.31 sl 1-1 thr 1/0 QP I/P/B 16.5/18.2/  - I/P/B 2/298/0 25.1s
23:42:05 VIRAT_S_000207_03_000556_000590 x264_crf23                  875 kbps PSNR 41.44 sl 1-1 thr 1/0 QP I/P/B 20.9/22.2/  - I/P/B 2/298/0 17.3s
23:42:08 VIRAT_S_000207_01_000094_000156 x264_crf23                 1029 kbps PSNR 41.20 sl 1-1 thr 1/0 QP I/P/B 21.1/22.4/  - I/P/B 2/298/0 18.2s
23:42:11 VIRAT_S_000207_00_000000_000045 x264_crf23                 1240 kbps PSNR 41.08 sl 1-1 thr 1/0 QP I/P/B 21.1/22.6/  - I/P/B 2/298/0 20.1s
23:42:11 VIRAT_S_000206_07_001501_001600 x264_crf23                  904 kbps PSNR 41.57 sl 1-1 thr 1/0 QP I/P/B 21.3/22.4/  - I/P/B 2/298/0 18.8s
23:42:13 VIRAT_S_000206_08_001618_001712 x264_crf23                 1093 kbps PSNR 41.25 sl 1-1 thr 1/0 QP I/P/B 21.4/22.7/  - I/P/B 2/298/0 19.4s
23:42:14 VIRAT_S_000002 nvenc_qp33                  478 kbps PSNR 35.81 sl 1-1 thr None/None QP I/P/B 26.0/33.0/  - I/P/B 2/298/0 22.5s
23:42:14 VIRAT_S_000205_02_000409_000566 x264_crf23                 1449 kbps PSNR 40.67 sl 1-1 thr 1/0 QP I/P/B 21.5/22.9/  - I/P/B 2/298/0 20.2s
23:42:22 VIRAT_S_000207_03_000556_000590 x264_crf28                  247 kbps PSNR 38.52 sl 1-1 thr 1/0 QP I/P/B 25.9/27.2/  - I/P/B 2/298/0 17.5s
23:42:26 VIRAT_S_000207_01_000094_000156 x264_crf28                  243 kbps PSNR 38.34 sl 1-1 thr 1/0 QP I/P/B 26.1/27.1/  - I/P/B 2/298/0 18.4s
23:42:30 VIRAT_S_000206_07_001501_001600 x264_crf28                  212 kbps PSNR 38.89 sl 1-1 thr 1/0 QP I/P/B 26.3/27.1/  - I/P/B 2/298/0 18.8s
23:42:30 VIRAT_S_000207_00_000000_000045 x264_crf28                  310 kbps PSNR 38.18 sl 1-1 thr 1/0 QP I/P/B 26.1/28.0/  - I/P/B 2/298/0 19.3s
23:42:31 VIRAT_S_000206_08_001618_001712 x264_crf28                  250 kbps PSNR 38.50 sl 1-1 thr 1/0 QP I/P/B 26.4/28.0/  - I/P/B 2/298/0 18.3s
23:42:32 VIRAT_S_000205_02_000409_000566 x264_crf28                  254 kbps PSNR 37.84 sl 1-1 thr 1/0 QP I/P/B 26.4/27.9/  - I/P/B 2/298/0 17.5s
23:42:33 VIRAT_S_000002 x264_crf12                34860 kbps PSNR 48.90 sl 1-1 thr 1/0 QP I/P/B  9.9/12.1/  - I/P/B 2/298/0 77.6s
23:42:37 VIRAT_S_000207_03_000556_000590 x264_crf33                  110 kbps PSNR 35.49 sl 1-1 thr 1/0 QP I/P/B 30.9/32.0/  - I/P/B 2/298/0 15.1s
23:42:40 VIRAT_S_000002 nvenc_qp38                  247 kbps PSNR 33.71 sl 1-1 thr None/None QP I/P/B 30.0/38.0/  - I/P/B 2/298/0 26.6s
23:42:42 VIRAT_S_000207_01_000094_000156 x264_crf33                  114 kbps PSNR 35.31 sl 1-1 thr 1/0 QP I/P/B 31.0/31.6/  - I/P/B 2/298/0 15.9s
23:42:45 VIRAT_S_000206_07_001501_001600 x264_crf33                  101 kbps PSNR 35.96 sl 1-1 thr 1/0 QP I/P/B 31.2/31.0/  - I/P/B 2/298/0 15.5s
23:42:46 VIRAT_S_000207_00_000000_000045 x264_crf33                  145 kbps PSNR 35.13 sl 1-1 thr 1/0 QP I/P/B 31.1/33.3/  - I/P/B 2/298/0 15.7s
23:42:47 VIRAT_S_000206_08_001618_001712 x264_crf33                  116 kbps PSNR 35.54 sl 1-1 thr 1/0 QP I/P/B 31.4/33.1/  - I/P/B 2/298/0 15.6s
23:42:47 VIRAT_S_000205_02_000409_000566 x264_crf33                  104 kbps PSNR 34.86 sl 1-1 thr 1/0 QP I/P/B 31.4/33.0/  - I/P/B 2/298/0 15.4s
23:42:53 VIRAT_S_000207_03_000556_000590 x264_crf38                   60 kbps PSNR 32.57 sl 1-1 thr 1/0 QP I/P/B 35.9/36.4/  - I/P/B 2/298/0 15.3s
23:42:57 VIRAT_S_000207_01_000094_000156 x264_crf38                   66 kbps PSNR 32.36 sl 1-1 thr 1/0 QP I/P/B 36.0/36.2/  - I/P/B 2/298/0 15.0s
23:43:00 VIRAT_S_000206_07_001501_001600 x264_crf38                   60 kbps PSNR 33.05 sl 1-1 thr 1/0 QP I/P/B 36.2/35.2/  - I/P/B 2/298/0 14.7s
23:43:01 VIRAT_S_000207_00_000000_000045 x264_crf38                   84 kbps PSNR 32.17 sl 1-1 thr 1/0 QP I/P/B 36.1/37.4/  - I/P/B 2/298/0 14.9s
23:43:01 VIRAT_S_000206_08_001618_001712 x264_crf38                   67 kbps PSNR 32.64 sl 1-1 thr 1/0 QP I/P/B 36.3/37.4/  - I/P/B 2/298/0 14.8s
23:43:02 VIRAT_S_000205_02_000409_000566 x264_crf38                   55 kbps PSNR 31.98 sl 1-1 thr 1/0 QP I/P/B 36.4/36.7/  - I/P/B 2/298/0 14.4s
23:43:03 VIRAT_S_000002 nvenc_qp45                  114 kbps PSNR 30.73 sl 1-1 thr None/None QP I/P/B 36.0/45.0/  - I/P/B 2/298/0 22.3s
23:43:08 VIRAT_S_000207_03_000556_000590 x264_crf45                   30 kbps PSNR 28.77 sl 1-1 thr 1/0 QP I/P/B 42.9/42.5/  - I/P/B 2/298/0 14.9s
23:43:12 VIRAT_S_000207_01_000094_000156 x264_crf45                   34 kbps PSNR 28.50 sl 1-1 thr 1/0 QP I/P/B 43.0/42.7/  - I/P/B 2/298/0 14.7s
23:43:14 VIRAT_S_000206_07_001501_001600 x264_crf45                   32 kbps PSNR 29.17 sl 1-1 thr 1/0 QP I/P/B 43.2/41.7/  - I/P/B 2/298/0 14.3s
23:43:15 VIRAT_S_000207_00_000000_000045 x264_crf45                   43 kbps PSNR 28.24 sl 1-1 thr 1/0 QP I/P/B 43.0/43.5/  - I/P/B 2/298/0 14.4s
23:43:15 VIRAT_S_000206_08_001618_001712 x264_crf45                   36 kbps PSNR 28.73 sl 1-1 thr 1/0 QP I/P/B 43.5/43.2/  - I/P/B 2/298/0 14.0s
23:43:16 VIRAT_S_000205_02_000409_000566 x264_crf45                   28 kbps PSNR 28.17 sl 1-1 thr 1/0 QP I/P/B 43.5/41.2/  - I/P/B 2/298/0 14.1s
23:43:22 VIRAT_S_000207_03_000556_000590 x264_qp24                   639 kbps PSNR 41.17 sl 1-1 thr 1/0 QP I/P/B 21.0/24.0/  - I/P/B 2/298/0 14.1s
23:43:26 VIRAT_S_000002 nvenc_qp28_bf2              951 kbps PSNR 37.98 sl 1-1 thr None/None QP I/P/B 22.0/28.0/36.0 I/P/B 2/100/198 23.6s
23:43:28 VIRAT_S_000207_01_000094_000156 x264_qp24                   800 kbps PSNR 40.99 sl 1-1 thr 1/0 QP I/P/B 21.0/24.0/  - I/P/B 2/298/0 16.4s
23:43:31 VIRAT_S_000206_07_001501_001600 x264_qp24                   705 kbps PSNR 41.40 sl 1-1 thr 1/0 QP I/P/B 21.0/24.0/  - I/P/B 2/298/0 16.0s
23:43:32 VIRAT_S_000207_00_000000_000045 x264_qp24                  1089 kbps PSNR 40.90 sl 1-1 thr 1/0 QP I/P/B 21.0/24.0/  - I/P/B 2/298/0 16.7s
23:43:32 VIRAT_S_000206_08_001618_001712 x264_qp24                   992 kbps PSNR 41.18 sl 1-1 thr 1/0 QP I/P/B 21.0/24.0/  - I/P/B 2/298/0 16.5s
23:43:33 VIRAT_S_000205_02_000409_000566 x264_qp24                  1425 kbps PSNR 40.68 sl 1-1 thr 1/0 QP I/P/B 21.0/24.0/  - I/P/B 2/298/0 17.3s
23:43:40 VIRAT_S_000207_03_000556_000590 x264_qp24_bf2_pb1           624 kbps PSNR 41.15 sl 1-1 thr 1/0 QP I/P/B 21.0/24.0/24.0 I/P/B 2/100/198 18.5s
23:43:49 VIRAT_S_000002 x264_crf18                15306 kbps PSNR 44.18 sl 1-1 thr 1/0 QP I/P/B 15.9/18.1/  - I/P/B 2/298/0 75.6s
23:43:49 VIRAT_S_000207_01_000094_000156 x264_qp24_bf2_pb1           767 kbps PSNR 40.95 sl 1-1 thr 1/0 QP I/P/B 21.0/24.0/24.0 I/P/B 2/100/198 20.6s
23:43:51 VIRAT_S_000002 nvenc_qp28_bf2_bqeq        1534 kbps PSNR 38.12 sl 1-1 thr None/None QP I/P/B 22.0/28.0/28.0 I/P/B 2/100/198 24.2s
23:43:52 VIRAT_S_000206_07_001501_001600 x264_qp24_bf2_pb1           686 kbps PSNR 41.37 sl 1-1 thr 1/0 QP I/P/B 21.0/24.0/24.0 I/P/B 2/100/198 21.0s
23:43:53 VIRAT_S_000207_03_000556_000590 mpeg4_q2                   4123 kbps PSNR 43.53 sl 1-1 thr None/None QP I/P/B  4.0/ 4.0/  - I/P/B 2/298/0 12.9s
23:43:53 VIRAT_S_000207_00_000000_000045 x264_qp24_bf2_pb1          1044 kbps PSNR 40.87 sl 1-1 thr 1/0 QP I/P/B 21.0/24.0/24.0 I/P/B 2/100/198 21.7s
23:43:53 VIRAT_S_000206_08_001618_001712 x264_qp24_bf2_pb1           931 kbps PSNR 41.15 sl 1-1 thr 1/0 QP I/P/B 21.0/24.0/24.0 I/P/B 2/100/198 21.6s
23:43:55 VIRAT_S_000205_02_000409_000566 x264_qp24_bf2_pb1          1255 kbps PSNR 40.64 sl 1-1 thr 1/0 QP I/P/B 21.0/24.0/24.0 I/P/B 2/100/198 21.7s
23:44:02 VIRAT_S_000207_01_000094_000156 mpeg4_q2                   4985 kbps PSNR 43.49 sl 1-1 thr None/None QP I/P/B  4.0/ 4.0/  - I/P/B 2/298/0 13.3s
23:44:05 VIRAT_S_000206_07_001501_001600 mpeg4_q2                   4850 kbps PSNR 43.55 sl 1-1 thr None/None QP I/P/B  4.0/ 4.0/  - I/P/B 2/298/0 13.2s
23:44:05 VIRAT_S_000207_03_000556_000590 mpeg4_q4                    778 kbps PSNR 40.42 sl 1-1 thr None/None QP I/P/B  8.0/ 8.0/  - I/P/B 2/298/0 12.2s
23:44:06 VIRAT_S_000205_02_000409_000566 nvenc_qp18                 8287 kbps PSNR 44.84 sl 1-1 thr None/None QP I/P/B 14.0/18.0/  - I/P/B 2/298/0 14.2s
23:44:06 VIRAT_S_000207_00_000000_000045 mpeg4_q2                   5616 kbps PSNR 43.50 sl 1-1 thr None/None QP I/P/B  4.0/ 4.0/  - I/P/B 2/298/0 13.0s
23:44:07 VIRAT_S_000206_08_001618_001712 mpeg4_q2                   5529 kbps PSNR 43.47 sl 1-1 thr None/None QP I/P/B  4.0/ 4.0/  - I/P/B 2/298/0 13.1s
23:44:08 VIRAT_S_000205_02_000409_000566 mpeg4_q2                   6598 kbps PSNR 43.40 sl 1-1 thr None/None QP I/P/B  4.0/ 4.0/  - I/P/B 2/298/0 12.9s
23:44:13 VIRAT_S_000207_01_000094_000156 mpeg4_q4                   1024 kbps PSNR 40.26 sl 1-1 thr None/None QP I/P/B  8.0/ 8.0/  - I/P/B 2/298/0 10.8s
23:44:15 VIRAT_S_000206_07_001501_001600 mpeg4_q4                    940 kbps PSNR 40.71 sl 1-1 thr None/None QP I/P/B  8.0/ 8.0/  - I/P/B 2/298/0 10.6s
23:44:16 VIRAT_S_000205_02_000409_000566 nvenc_qp23                 1750 kbps PSNR 41.18 sl 1-1 thr None/None QP I/P/B 18.0/23.0/  - I/P/B 2/298/0 10.4s
23:44:17 VIRAT_S_000206_08_001618_001712 mpeg4_q4                   1227 kbps PSNR 40.46 sl 1-1 thr None/None QP I/P/B  8.0/ 8.0/  - I/P/B 2/298/0 10.4s
23:44:17 VIRAT_S_000207_00_000000_000045 mpeg4_q4                   1342 kbps PSNR 40.16 sl 1-1 thr None/None QP I/P/B  8.0/ 8.0/  - I/P/B 2/298/0 10.8s
23:44:17 VIRAT_S_000207_03_000556_000590 mpeg4_q8                    286 kbps PSNR 36.61 sl 1-1 thr None/None QP I/P/B 16.0/16.0/  - I/P/B 2/298/0 11.9s
23:44:18 VIRAT_S_000205_02_000409_000566 mpeg4_q4                   1503 kbps PSNR 39.86 sl 1-1 thr None/None QP I/P/B  8.0/ 8.0/  - I/P/B 2/298/0 10.4s
23:44:25 VIRAT_S_000207_01_000094_000156 mpeg4_q8                    309 kbps PSNR 36.60 sl 1-1 thr None/None QP I/P/B 16.0/16.0/  - I/P/B 2/298/0 12.0s
23:44:26 VIRAT_S_000205_02_000409_000566 nvenc_qp28                  354 kbps PSNR 39.22 sl 1-1 thr None/None QP I/P/B 22.0/28.0/  - I/P/B 2/298/0 9.5s
23:44:27 VIRAT_S_000206_07_001501_001600 mpeg4_q8                    273 kbps PSNR 37.22 sl 1-1 thr None/None QP I/P/B 16.0/16.0/  - I/P/B 2/298/0 12.0s
23:44:28 VIRAT_S_000207_03_000556_000590 mpeg4_q16                   181 kbps PSNR 33.18 sl 1-1 thr None/None QP I/P/B 32.0/32.0/  - I/P/B 2/298/0 10.5s
23:44:29 VIRAT_S_000206_08_001618_001712 mpeg4_q8                    351 kbps PSNR 36.89 sl 1-1 thr None/None QP I/P/B 16.0/16.0/  - I/P/B 2/298/0 12.3s
23:44:30 VIRAT_S_000207_00_000000_000045 mpeg4_q8                    421 kbps PSNR 36.41 sl 1-1 thr None/None QP I/P/B 16.0/16.0/  - I/P/B 2/298/0 12.4s
23:44:30 VIRAT_S_000205_02_000409_000566 mpeg4_q8                    328 kbps PSNR 36.37 sl 1-1 thr None/None QP I/P/B 16.0/16.0/  - I/P/B 2/298/0 12.2s
23:44:36 VIRAT_S_000205_02_000409_000566 nvenc_qp33                  172 kbps PSNR 37.84 sl 1-1 thr None/None QP I/P/B 26.0/33.0/  - I/P/B 2/298/0 9.8s
23:44:36 VIRAT_S_000207_01_000094_000156 mpeg4_q16                   191 kbps PSNR 33.12 sl 1-1 thr None/None QP I/P/B 32.0/32.0/  - I/P/B 2/298/0 10.9s
23:44:38 VIRAT_S_000206_07_001501_001600 mpeg4_q16                   181 kbps PSNR 33.86 sl 1-1 thr None/None QP I/P/B 32.0/32.0/  - I/P/B 2/298/0 10.7s
23:44:38 VIRAT_S_000207_03_000556_000590 mpeg4_q31                   168 kbps PSNR 30.24 sl 1-1 thr None/None QP I/P/B 62.0/62.0/  - I/P/B 2/298/0 10.7s
23:44:39 VIRAT_S_000207_03_000556_000590 CPU arms done (231s elapsed)
23:44:39 VIRAT_S_000207_04_000902_000934 loaded 300 frames 1280x720 @ 30 (mpeg4_~8.4Mbps) in 0.3s
23:44:40 VIRAT_S_000206_08_001618_001712 mpeg4_q16                   203 kbps PSNR 33.57 sl 1-1 thr None/None QP I/P/B 32.0/32.0/  - I/P/B 2/298/0 11.1s
23:44:41 VIRAT_S_000207_00_000000_000045 mpeg4_q16                   232 kbps PSNR 32.98 sl 1-1 thr None/None QP I/P/B 32.0/32.0/  - I/P/B 2/298/0 11.1s
23:44:42 VIRAT_S_000205_02_000409_000566 mpeg4_q16                   179 kbps PSNR 33.05 sl 1-1 thr None/None QP I/P/B 32.0/32.0/  - I/P/B 2/298/0 11.2s
23:44:47 VIRAT_S_000205_02_000409_000566 nvenc_qp38                  110 kbps PSNR 36.26 sl 1-1 thr None/None QP I/P/B 30.0/38.0/  - I/P/B 2/298/0 10.8s
23:44:47 VIRAT_S_000207_01_000094_000156 mpeg4_q31                   175 kbps PSNR 30.13 sl 1-1 thr None/None QP I/P/B 62.0/62.0/  - I/P/B 2/298/0 10.5s
23:44:47 VIRAT_S_000207_01_000094_000156 CPU arms done (239s elapsed)
23:44:47 VIRAT_S_000002 x264_crf23                 5253 kbps PSNR 40.40 sl 1-1 thr 1/0 QP I/P/B 21.0/22.9/  - I/P/B 2/298/0 58.4s
23:44:48 VIRAT_S_000207_05_001125_001193 loaded 300 frames 1280x720 @ 30 (mpeg4_~8.4Mbps) in 0.3s
23:44:48 VIRAT_S_000206_07_001501_001600 mpeg4_q31                   180 kbps PSNR 30.93 sl 1-1 thr None/None QP I/P/B 62.0/62.0/  - I/P/B 2/298/0 10.2s
23:44:48 VIRAT_S_000206_07_001501_001600 CPU arms done (241s elapsed)
23:44:49 VIRAT_S_010000_00_000000_000165 loaded 300 frames 1280x720 @ 2397/100 (h264_~1Mbps) in 0.3s
23:44:50 VIRAT_S_000207_04_000902_000934 native                     8617 kbps (src mpeg4) sl 45-45 QP I/P/B  4.1/ 4.5/  - I/P/B 12/288/0 d_known True 3.3s
23:44:50 VIRAT_S_000206_08_001618_001712 mpeg4_q31                   176 kbps PSNR 30.63 sl 1-1 thr None/None QP I/P/B 62.0/62.0/  - I/P/B 2/298/0 10.0s
23:44:50 VIRAT_S_000206_08_001618_001712 CPU arms done (243s elapsed)
23:44:51 VIRAT_S_000207_00_000000_000045 mpeg4_q31                   202 kbps PSNR 30.02 sl 1-1 thr None/None QP I/P/B 62.0/62.0/  - I/P/B 2/298/0 10.2s
23:44:51 VIRAT_S_000207_00_000000_000045 CPU arms done (243s elapsed)
23:44:51 VIRAT_S_010000_01_000184_000324 loaded 300 frames 1280x720 @ 2397/100 (h264_~1Mbps) in 0.3s
23:44:52 VIRAT_S_000205_02_000409_000566 mpeg4_q31                   182 kbps PSNR 30.08 sl 1-1 thr None/None QP I/P/B 62.0/62.0/  - I/P/B 2/298/0 10.0s
23:44:52 VIRAT_S_000205_02_000409_000566 CPU arms done (244s elapsed)
23:44:52 VIRAT_S_010000_02_000388_000421 loaded 300 frames 1280x720 @ 2397/100 (h264_~1Mbps) in 0.3s
23:44:53 VIRAT_S_010000_03_000442_000528 loaded 300 frames 1280x720 @ 2397/100 (h264_~1Mbps) in 0.3s
23:44:55 VIRAT_S_000205_02_000409_000566 nvenc_qp45                   62 kbps PSNR 33.52 sl 1-1 thr None/None QP I/P/B 36.0/45.0/  - I/P/B 2/298/0 8.9s
23:44:58 VIRAT_S_000207_05_001125_001193 native                     8483 kbps (src mpeg4) sl 45-45 QP I/P/B  4.0/ 4.4/  - I/P/B 11/289/0 d_known True 3.4s
23:44:59 VIRAT_S_010000_00_000000_000165 native                     1519 kbps (src h264) sl 1-1 QP I/P/B 31.0/26.0/  - I/P/B 2/298/0 d_known True 3.3s
23:45:00 VIRAT_S_010000_01_000184_000324 native                     1820 kbps (src h264) sl 1-1 QP I/P/B 31.0/22.1/  - I/P/B 2/298/0 d_known True 3.2s
23:45:00 VIRAT_S_010000_02_000388_000421 native                     1809 kbps (src h264) sl 1-1 QP I/P/B 31.0/20.6/  - I/P/B 2/298/0 d_known True 3.0s
23:45:01 VIRAT_S_010000_03_000442_000528 native                     1734 kbps (src h264) sl 1-1 QP I/P/B 31.0/20.8/  - I/P/B 2/298/0 d_known True 3.2s
23:45:04 VIRAT_S_000205_02_000409_000566 nvenc_qp28_bf2              299 kbps PSNR 39.18 sl 1-1 thr None/None QP I/P/B 22.0/28.0/36.0 I/P/B 2/100/198 8.9s
23:45:14 VIRAT_S_000205_02_000409_000566 nvenc_qp28_bf2_bqeq         414 kbps PSNR 39.25 sl 1-1 thr None/None QP I/P/B 22.0/28.0/28.0 I/P/B 2/100/198 9.3s
23:45:18 VIRAT_S_010000_01_000184_000324 x264_crf12                 2641 kbps PSNR 53.08 sl 1-1 thr 1/0 QP I/P/B  8.2/10.6/  - I/P/B 2/298/0 18.5s
23:45:19 VIRAT_S_010000_02_000388_000421 x264_crf12                 2583 kbps PSNR 53.19 sl 1-1 thr 1/0 QP I/P/B  8.2/10.1/  - I/P/B 2/298/0 18.7s
23:45:19 VIRAT_S_010000_00_000000_000165 x264_crf12                 2798 kbps PSNR 51.72 sl 1-1 thr 1/0 QP I/P/B  8.1/11.7/  - I/P/B 2/298/0 20.6s
23:45:20 VIRAT_S_010000_03_000442_000528 x264_crf12                 2502 kbps PSNR 53.22 sl 1-1 thr 1/0 QP I/P/B  8.3/10.1/  - I/P/B 2/298/0 18.5s
23:45:21 VIRAT_S_000002 x264_crf28                  968 kbps PSNR 37.69 sl 1-1 thr 1/0 QP I/P/B 26.0/28.0/  - I/P/B 2/298/0 33.9s
23:45:25 VIRAT_S_000206_07_001501_001600 nvenc_qp18                 5970 kbps PSNR 45.09 sl 1-1 thr None/None QP I/P/B 14.0/18.0/  - I/P/B 2/298/0 10.8s
23:45:26 VIRAT_S_000207_04_000902_000934 x264_crf12                12522 kbps PSNR 49.45 sl 1-1 thr 1/0 QP I/P/B 10.0/11.7/  - I/P/B 2/298/0 35.7s
23:45:34 VIRAT_S_000207_05_001125_001193 x264_crf12                12288 kbps PSNR 49.50 sl 1-1 thr 1/0 QP I/P/B  9.9/11.7/  - I/P/B 2/298/0 35.4s
23:45:34 VIRAT_S_000206_07_001501_001600 nvenc_qp23                  864 kbps PSNR 41.87 sl 1-1 thr None/None QP I/P/B 18.0/23.0/  - I/P/B 2/298/0 8.9s
23:45:36 VIRAT_S_010000_01_000184_000324 x264_crf18                 2080 kbps PSNR 47.76 sl 1-1 thr 1/0 QP I/P/B 14.1/16.8/  - I/P/B 2/298/0 17.8s
23:45:37 VIRAT_S_010000_02_000388_000421 x264_crf18                 1979 kbps PSNR 47.64 sl 1-1 thr 1/0 QP I/P/B 14.1/16.1/  - I/P/B 2/298/0 17.7s
23:45:37 VIRAT_S_010000_03_000442_000528 x264_crf18                 1931 kbps PSNR 47.74 sl 1-1 thr 1/0 QP I/P/B 14.2/16.1/  - I/P/B 2/298/0 17.7s
23:45:38 VIRAT_S_010000_00_000000_000165 x264_crf18                 2001 kbps PSNR 47.14 sl 1-1 thr 1/0 QP I/P/B 14.0/17.9/  - I/P/B 2/298/0 19.1s
23:45:42 VIRAT_S_000206_07_001501_001600 nvenc_qp28                  264 kbps PSNR 40.30 sl 1-1 thr None/None QP I/P/B 22.0/28.0/  - I/P/B 2/298/0 8.0s
23:45:49 VIRAT_S_000002 x264_crf33                  281 kbps PSNR 35.01 sl 1-1 thr 1/0 QP I/P/B 30.9/33.6/  - I/P/B 2/298/0 28.0s
23:45:51 VIRAT_S_000206_07_001501_001600 nvenc_qp33                  158 kbps PSNR 38.96 sl 1-1 thr None/None QP I/P/B 26.0/33.0/  - I/P/B 2/298/0 8.5s
23:45:53 VIRAT_S_010000_01_000184_000324 x264_crf23                 1318 kbps PSNR 42.65 sl 1-1 thr 1/0 QP I/P/B 19.1/21.4/  - I/P/B 2/298/0 17.3s
23:45:54 VIRAT_S_000207_04_000902_000934 x264_crf18                 5163 kbps PSNR 44.58 sl 1-1 thr 1/0 QP I/P/B 16.0/17.7/  - I/P/B 2/298/0 28.4s
23:45:54 VIRAT_S_010000_02_000388_000421 x264_crf23                 1200 kbps PSNR 42.59 sl 1-1 thr 1/0 QP I/P/B 19.1/20.7/  - I/P/B 2/298/0 17.5s
23:45:55 VIRAT_S_010000_03_000442_000528 x264_crf23                 1198 kbps PSNR 42.69 sl 1-1 thr 1/0 QP I/P/B 19.3/20.7/  - I/P/B 2/298/0 17.4s
23:45:57 VIRAT_S_010000_00_000000_000165 x264_crf23                 1493 kbps PSNR 42.49 sl 1-1 thr 1/0 QP I/P/B 19.1/22.7/  - I/P/B 2/298/0 18.6s
23:45:59 VIRAT_S_000206_07_001501_001600 nvenc_qp38                  107 kbps PSNR 37.23 sl 1-1 thr None/None QP I/P/B 30.0/38.0/  - I/P/B 2/298/0 8.5s
23:46:00 VIRAT_S_000207_05_001125_001193 x264_crf18                 4914 kbps PSNR 44.58 sl 1-1 thr 1/0 QP I/P/B 15.9/17.6/  - I/P/B 2/298/0 26.2s
23:46:08 VIRAT_S_000206_07_001501_001600 nvenc_qp45                   62 kbps PSNR 34.29 sl 1-1 thr None/None QP I/P/B 36.0/45.0/  - I/P/B 2/298/0 9.0s
23:46:09 VIRAT_S_010000_01_000184_000324 x264_crf28                  602 kbps PSNR 38.25 sl 1-1 thr 1/0 QP I/P/B 24.1/26.4/  - I/P/B 2/298/0 15.8s
23:46:09 VIRAT_S_010000_02_000388_000421 x264_crf28                  508 kbps PSNR 38.43 sl 1-1 thr 1/0 QP I/P/B 24.1/25.3/  - I/P/B 2/298/0 15.1s
23:46:10 VIRAT_S_010000_03_000442_000528 x264_crf28                  509 kbps PSNR 38.46 sl 1-1 thr 1/0 QP I/P/B 24.3/25.3/  - I/P/B 2/298/0 15.5s
23:46:12 VIRAT_S_000207_04_000902_000934 x264_crf23                 1099 kbps PSNR 41.30 sl 1-1 thr 1/0 QP I/P/B 20.9/22.5/  - I/P/B 2/298/0 17.6s
23:46:15 VIRAT_S_010000_00_000000_000165 x264_crf28                  792 kbps PSNR 37.96 sl 1-1 thr 1/0 QP I/P/B 24.0/27.6/  - I/P/B 2/298/0 17.8s
23:46:17 VIRAT_S_000207_05_001125_001193 x264_crf23                  993 kbps PSNR 41.33 sl 1-1 thr 1/0 QP I/P/B 20.9/22.3/  - I/P/B 2/298/0 17.5s
23:46:18 VIRAT_S_000002 x264_crf38                  134 kbps PSNR 32.27 sl 1-1 thr 1/0 QP I/P/B 35.9/39.4/  - I/P/B 2/298/0 29.0s
23:46:18 VIRAT_S_000206_07_001501_001600 nvenc_qp28_bf2              232 kbps PSNR 40.25 sl 1-1 thr None/None QP I/P/B 22.0/28.0/36.0 I/P/B 2/100/198 9.9s
23:46:23 VIRAT_S_010000_02_000388_000421 x264_crf33                  203 kbps PSNR 35.14 sl 1-1 thr 1/0 QP I/P/B 29.1/31.0/  - I/P/B 2/298/0 14.1s
23:46:24 VIRAT_S_010000_01_000184_000324 x264_crf33                  243 kbps PSNR 34.90 sl 1-1 thr 1/0 QP I/P/B 29.1/32.2/  - I/P/B 2/298/0 14.4s
23:46:24 VIRAT_S_010000_03_000442_000528 x264_crf33                  203 kbps PSNR 35.16 sl 1-1 thr 1/0 QP I/P/B 29.2/31.2/  - I/P/B 2/298/0 13.9s
23:46:26 VIRAT_S_000207_04_000902_000934 x264_crf28                  284 kbps PSNR 38.38 sl 1-1 thr 1/0 QP I/P/B 25.9/27.4/  - I/P/B 2/298/0 14.4s
23:46:29 VIRAT_S_000206_07_001501_001600 nvenc_qp28_bf2_bqeq         302 kbps PSNR 40.31 sl 1-1 thr None/None QP I/P/B 22.0/28.0/28.0 I/P/B 2/100/198 10.2s
23:46:31 VIRAT_S_010000_00_000000_000165 x264_crf33                  358 kbps PSNR 34.45 sl 1-1 thr 1/0 QP I/P/B 29.0/32.6/  - I/P/B 2/298/0 16.0s
23:46:32 VIRAT_S_000207_05_001125_001193 x264_crf28                  271 kbps PSNR 38.43 sl 1-1 thr 1/0 QP I/P/B 25.9/27.3/  - I/P/B 2/298/0 14.5s
23:46:38 VIRAT_S_010000_02_000388_000421 x264_crf38                   91 kbps PSNR 31.90 sl 1-1 thr 1/0 QP I/P/B 34.1/37.1/  - I/P/B 2/298/0 14.7s
23:46:38 VIRAT_S_010000_01_000184_000324 x264_crf38                  101 kbps PSNR 31.73 sl 1-1 thr 1/0 QP I/P/B 34.1/37.7/  - I/P/B 2/298/0 14.7s
23:46:39 VIRAT_S_010000_03_000442_000528 x264_crf38                   91 kbps PSNR 31.92 sl 1-1 thr 1/0 QP I/P/B 34.2/37.6/  - I/P/B 2/298/0 14.6s
23:46:40 VIRAT_S_000207_04_000902_000934 x264_crf33                  125 kbps PSNR 35.33 sl 1-1 thr 1/0 QP I/P/B 30.9/32.3/  - I/P/B 2/298/0 14.2s
23:46:43 VIRAT_S_000206_08_001618_001712 nvenc_qp18                 6741 kbps PSNR 45.01 sl 1-1 thr None/None QP I/P/B 14.0/18.0/  - I/P/B 2/298/0 13.1s
23:46:47 VIRAT_S_000207_05_001125_001193 x264_crf33                  123 kbps PSNR 35.41 sl 1-1 thr 1/0 QP I/P/B 30.8/32.3/  - I/P/B 2/298/0 14.8s
23:46:47 VIRAT_S_010000_00_000000_000165 x264_crf38                  169 kbps PSNR 31.45 sl 1-1 thr 1/0 QP I/P/B 34.0/37.7/  - I/P/B 2/298/0 16.2s
23:46:49 VIRAT_S_000002 x264_crf45                   71 kbps PSNR 28.69 sl 1-1 thr 1/0 QP I/P/B 43.0/46.5/  - I/P/B 2/298/0 30.7s
23:46:52 VIRAT_S_010000_02_000388_000421 x264_crf45                   37 kbps PSNR 28.15 sl 1-1 thr 1/0 QP I/P/B 41.0/44.3/  - I/P/B 2/298/0 13.7s
23:46:52 VIRAT_S_010000_03_000442_000528 x264_crf45                   38 kbps PSNR 28.18 sl 1-1 thr 1/0 QP I/P/B 41.1/44.8/  - I/P/B 2/298/0 13.7s
23:46:52 VIRAT_S_010000_01_000184_000324 x264_crf45                   38 kbps PSNR 28.06 sl 1-1 thr 1/0 QP I/P/B 41.1/42.3/  - I/P/B 2/298/0 14.2s
23:46:53 VIRAT_S_000206_08_001618_001712 nvenc_qp23                 1206 kbps PSNR 41.65 sl 1-1 thr None/None QP I/P/B 18.0/23.0/  - I/P/B 2/298/0 10.0s
23:46:54 VIRAT_S_000207_04_000902_000934 x264_crf38                   68 kbps PSNR 32.40 sl 1-1 thr 1/0 QP I/P/B 35.9/36.8/  - I/P/B 2/298/0 13.7s
23:47:00 VIRAT_S_000207_05_001125_001193 x264_crf38                   70 kbps PSNR 32.47 sl 1-1 thr 1/0 QP I/P/B 35.8/36.4/  - I/P/B 2/298/0 13.2s
23:47:01 VIRAT_S_000206_08_001618_001712 nvenc_qp28                  348 kbps PSNR 39.93 sl 1-1 thr None/None QP I/P/B 22.0/28.0/  - I/P/B 2/298/0 8.5s
23:47:01 VIRAT_S_010000_00_000000_000165 x264_crf45                   71 kbps PSNR 27.80 sl 1-1 thr 1/0 QP I/P/B 41.0/44.4/  - I/P/B 2/298/0 14.2s
23:47:07 VIRAT_S_010000_02_000388_000421 x264_qp24                   824 kbps PSNR 40.08 sl 1-1 thr 1/0 QP I/P/B 21.0/24.0/  - I/P/B 2/298/0 14.9s
23:47:07 VIRAT_S_000207_04_000902_000934 x264_crf45                   34 kbps PSNR 28.59 sl 1-1 thr 1/0 QP I/P/B 42.9/43.0/  - I/P/B 2/298/0 12.8s
23:47:08 VIRAT_S_010000_03_000442_000528 x264_qp24                   844 kbps PSNR 40.11 sl 1-1 thr 1/0 QP I/P/B 21.0/24.0/  - I/P/B 2/298/0 15.5s
23:47:08 VIRAT_S_010000_01_000184_000324 x264_qp24                  1101 kbps PSNR 40.25 sl 1-1 thr 1/0 QP I/P/B 21.0/24.0/  - I/P/B 2/298/0 15.6s
23:47:10 VIRAT_S_000206_08_001618_001712 nvenc_qp33                  190 kbps PSNR 38.47 sl 1-1 thr None/None QP I/P/B 26.0/33.0/  - I/P/B 2/298/0 8.5s
23:47:12 VIRAT_S_000207_05_001125_001193 x264_crf45                   39 kbps PSNR 28.63 sl 1-1 thr 1/0 QP I/P/B 42.9/42.5/  - I/P/B 2/298/0 12.3s
23:47:18 VIRAT_S_010000_00_000000_000165 x264_qp24                  1441 kbps PSNR 41.89 sl 1-1 thr 1/0 QP I/P/B 21.0/24.0/  - I/P/B 2/298/0 16.4s
23:47:18 VIRAT_S_000206_08_001618_001712 nvenc_qp38                  120 kbps PSNR 36.73 sl 1-1 thr None/None QP I/P/B 30.0/38.0/  - I/P/B 2/298/0 8.2s
23:47:21 VIRAT_S_000207_04_000902_000934 x264_qp24                   925 kbps PSNR 41.10 sl 1-1 thr 1/0 QP I/P/B 21.0/24.0/  - I/P/B 2/298/0 14.1s
23:47:27 VIRAT_S_000207_05_001125_001193 x264_qp24                   793 kbps PSNR 41.09 sl 1-1 thr 1/0 QP I/P/B 21.0/24.0/  - I/P/B 2/298/0 14.4s
23:47:27 VIRAT_S_000206_08_001618_001712 nvenc_qp45                   67 kbps PSNR 33.75 sl 1-1 thr None/None QP I/P/B 36.0/45.0/  - I/P/B 2/298/0 9.0s
23:47:27 VIRAT_S_010000_02_000388_000421 x264_qp24_bf2_pb1           865 kbps PSNR 40.14 sl 1-1 thr 1/0 QP I/P/B 21.0/24.0/24.0 I/P/B 2/100/198 20.2s
23:47:28 VIRAT_S_010000_03_000442_000528 x264_qp24_bf2_pb1           888 kbps PSNR 40.14 sl 1-1 thr 1/0 QP I/P/B 21.0/24.0/24.0 I/P/B 2/100/198 19.9s
23:47:28 VIRAT_S_010000_01_000184_000324 x264_qp24_bf2_pb1          1148 kbps PSNR 40.30 sl 1-1 thr 1/0 QP I/P/B 21.0/24.0/24.0 I/P/B 2/100/198 20.4s
23:47:34 VIRAT_S_000002 x264_qp24                  4311 kbps PSNR 40.18 sl 1-1 thr 1/0 QP I/P/B 21.0/24.0/  - I/P/B 2/298/0 44.9s
23:47:36 VIRAT_S_000206_08_001618_001712 nvenc_qp28_bf2              282 kbps PSNR 39.83 sl 1-1 thr None/None QP I/P/B 22.0/28.0/36.0 I/P/B 2/100/198 9.6s
23:47:37 VIRAT_S_010000_02_000388_000421 mpeg4_q2                   2483 kbps PSNR 43.19 sl 1-1 thr None/None QP I/P/B  4.0/ 4.0/  - I/P/B 2/298/0 10.3s
23:47:38 VIRAT_S_010000_03_000442_000528 mpeg4_q2                   2536 kbps PSNR 43.18 sl 1-1 thr None/None QP I/P/B  4.0/ 4.0/  - I/P/B 2/298/0 10.3s
23:47:39 VIRAT_S_010000_01_000184_000324 mpeg4_q2                   3059 kbps PSNR 43.15 sl 1-1 thr None/None QP I/P/B  4.0/ 4.0/  - I/P/B 2/298/0 10.4s
23:47:41 VIRAT_S_000207_04_000902_000934 x264_qp24_bf2_pb1           871 kbps PSNR 41.06 sl 1-1 thr 1/0 QP I/P/B 21.0/24.0/24.0 I/P/B 2/100/198 19.6s
23:47:43 VIRAT_S_010000_00_000000_000165 x264_qp24_bf2_pb1          1900 kbps PSNR 41.42 sl 1-1 thr 1/0 QP I/P/B 21.0/24.0/24.0 I/P/B 2/100/198 25.4s
23:47:46 VIRAT_S_000207_05_001125_001193 x264_qp24_bf2_pb1           774 kbps PSNR 41.06 sl 1-1 thr 1/0 QP I/P/B 21.0/24.0/24.0 I/P/B 2/100/198 19.5s
23:47:47 VIRAT_S_000206_08_001618_001712 nvenc_qp28_bf2_bqeq         400 kbps PSNR 39.93 sl 1-1 thr None/None QP I/P/B 22.0/28.0/28.0 I/P/B 2/100/198 10.4s
23:47:48 VIRAT_S_010000_02_000388_000421 mpeg4_q4                    998 kbps PSNR 38.93 sl 1-1 thr None/None QP I/P/B  8.0/ 8.0/  - I/P/B 2/298/0 10.5s
23:47:49 VIRAT_S_010000_03_000442_000528 mpeg4_q4                   1022 kbps PSNR 38.94 sl 1-1 thr None/None QP I/P/B  8.0/ 8.0/  - I/P/B 2/298/0 10.3s
23:47:49 VIRAT_S_010000_01_000184_000324 mpeg4_q4                   1286 kbps PSNR 38.83 sl 1-1 thr None/None QP I/P/B  8.0/ 8.0/  - I/P/B 2/298/0 10.4s
23:47:51 VIRAT_S_000207_04_000902_000934 mpeg4_q2                   4887 kbps PSNR 43.61 sl 1-1 thr None/None QP I/P/B  4.0/ 4.0/  - I/P/B 2/298/0 10.9s
23:47:54 VIRAT_S_010000_00_000000_000165 mpeg4_q2                   6102 kbps PSNR 43.41 sl 1-1 thr None/None QP I/P/B  4.0/ 4.0/  - I/P/B 2/298/0 10.8s
23:47:57 VIRAT_S_000207_05_001125_001193 mpeg4_q2                   4589 kbps PSNR 43.57 sl 1-1 thr None/None QP I/P/B  4.0/ 4.0/  - I/P/B 2/298/0 10.7s
23:47:58 VIRAT_S_010000_02_000388_000421 mpeg4_q8                    406 kbps PSNR 34.88 sl 1-1 thr None/None QP I/P/B 16.0/16.0/  - I/P/B 2/298/0 9.8s
23:47:58 VIRAT_S_010000_03_000442_000528 mpeg4_q8                    413 kbps PSNR 34.93 sl 1-1 thr None/None QP I/P/B 16.0/16.0/  - I/P/B 2/298/0 10.0s
23:47:59 VIRAT_S_010000_01_000184_000324 mpeg4_q8                    514 kbps PSNR 34.86 sl 1-1 thr None/None QP I/P/B 16.0/16.0/  - I/P/B 2/298/0 9.9s
23:47:59 VIRAT_S_000207_00_000000_000045 nvenc_qp18                 6715 kbps PSNR 44.88 sl 1-1 thr None/None QP I/P/B 14.0/18.0/  - I/P/B 2/298/0 11.7s
23:48:01 VIRAT_S_000207_04_000902_000934 mpeg4_q4                   1070 kbps PSNR 40.26 sl 1-1 thr None/None QP I/P/B  8.0/ 8.0/  - I/P/B 2/298/0 9.8s
23:48:05 VIRAT_S_010000_00_000000_000165 mpeg4_q4                   2629 kbps PSNR 39.23 sl 1-1 thr None/None QP I/P/B  8.0/ 8.0/  - I/P/B 2/298/0 10.6s
23:48:07 VIRAT_S_000207_05_001125_001193 mpeg4_q4                    983 kbps PSNR 40.29 sl 1-1 thr None/None QP I/P/B  8.0/ 8.0/  - I/P/B 2/298/0 10.5s
23:48:08 VIRAT_S_010000_02_000388_000421 mpeg4_q16                   193 kbps PSNR 31.47 sl 1-1 thr None/None QP I/P/B 32.0/32.0/  - I/P/B 2/298/0 10.0s
23:48:09 VIRAT_S_010000_03_000442_000528 mpeg4_q16                   195 kbps PSNR 31.49 sl 1-1 thr None/None QP I/P/B 32.0/32.0/  - I/P/B 2/298/0 10.1s
23:48:10 VIRAT_S_010000_01_000184_000324 mpeg4_q16                   220 kbps PSNR 31.47 sl 1-1 thr None/None QP I/P/B 32.0/32.0/  - I/P/B 2/298/0 10.4s
23:48:10 VIRAT_S_000207_00_000000_000045 nvenc_qp23                 1300 kbps PSNR 41.39 sl 1-1 thr None/None QP I/P/B 18.0/23.0/  - I/P/B 2/298/0 10.6s
23:48:12 VIRAT_S_000207_04_000902_000934 mpeg4_q8                    349 kbps PSNR 36.54 sl 1-1 thr None/None QP I/P/B 16.0/16.0/  - I/P/B 2/298/0 10.4s
23:48:15 VIRAT_S_010000_00_000000_000165 mpeg4_q8                   1044 kbps PSNR 35.28 sl 1-1 thr None/None QP I/P/B 16.0/16.0/  - I/P/B 2/298/0 10.8s
23:48:18 VIRAT_S_000207_05_001125_001193 mpeg4_q8                    354 kbps PSNR 36.52 sl 1-1 thr None/None QP I/P/B 16.0/16.0/  - I/P/B 2/298/0 10.5s
23:48:18 VIRAT_S_010000_02_000388_000421 mpeg4_q31                   171 kbps PSNR 28.75 sl 1-1 thr None/None QP I/P/B 62.0/62.0/  - I/P/B 2/298/0 10.7s
23:48:18 VIRAT_S_010000_02_000388_000421 CPU arms done (451s elapsed)
23:48:19 VIRAT_S_010000_04_000530_000605 loaded 300 frames 1280x720 @ 2397/100 (h264_~1Mbps) in 0.3s
23:48:19 VIRAT_S_010000_03_000442_000528 mpeg4_q31                   168 kbps PSNR 28.76 sl 1-1 thr None/None QP I/P/B 62.0/62.0/  - I/P/B 2/298/0 10.7s
23:48:19 VIRAT_S_010000_03_000442_000528 CPU arms done (452s elapsed)
23:48:20 VIRAT_S_000207_00_000000_000045 nvenc_qp28                  450 kbps PSNR 39.58 sl 1-1 thr None/None QP I/P/B 22.0/28.0/  - I/P/B 2/298/0 9.8s
23:48:20 VIRAT_S_010000_05_000638_000718 loaded 300 frames 1280x720 @ 2397/100 (h264_~1Mbps) in 0.3s
23:48:20 VIRAT_S_010000_01_000184_000324 mpeg4_q31                   173 kbps PSNR 28.76 sl 1-1 thr None/None QP I/P/B 62.0/62.0/  - I/P/B 2/298/0 10.8s
23:48:20 VIRAT_S_010000_01_000184_000324 CPU arms done (453s elapsed)
23:48:21 VIRAT_S_010000_06_000728_000762 loaded 300 frames 1280x720 @ 2397/100 (h264_~1Mbps) in 0.3s
23:48:22 VIRAT_S_000207_04_000902_000934 mpeg4_q16                   198 kbps PSNR 33.08 sl 1-1 thr None/None QP I/P/B 32.0/32.0/  - I/P/B 2/298/0 10.5s
23:48:26 VIRAT_S_010000_00_000000_000165 mpeg4_q16                   414 kbps PSNR 31.76 sl 1-1 thr None/None QP I/P/B 32.0/32.0/  - I/P/B 2/298/0 10.8s
23:48:27 VIRAT_S_010000_04_000530_000605 native                     1514 kbps (src h264) sl 1-1 QP I/P/B 31.0/20.8/  - I/P/B 2/298/0 d_known True 3.0s
23:48:28 VIRAT_S_000207_05_001125_001193 mpeg4_q16                   207 kbps PSNR 33.09 sl 1-1 thr None/None QP I/P/B 32.0/32.0/  - I/P/B 2/298/0 10.1s
23:48:28 VIRAT_S_010000_05_000638_000718 native                     1769 kbps (src h264) sl 1-1 QP I/P/B 31.0/21.3/  - I/P/B 2/298/0 d_known True 3.0s
23:48:29 VIRAT_S_000207_00_000000_000045 nvenc_qp33                  239 kbps PSNR 37.95 sl 1-1 thr None/None QP I/P/B 26.0/33.0/  - I/P/B 2/298/0 9.2s
23:48:30 VIRAT_S_010000_06_000728_000762 native                     1637 kbps (src h264) sl 1-1 QP I/P/B 31.0/20.7/  - I/P/B 2/298/0 d_known True 3.0s
23:48:31 VIRAT_S_000207_04_000902_000934 mpeg4_q31                   174 kbps PSNR 30.15 sl 1-1 thr None/None QP I/P/B 62.0/62.0/  - I/P/B 2/298/0 9.3s
23:48:32 VIRAT_S_000207_04_000902_000934 CPU arms done (464s elapsed)
23:48:32 VIRAT_S_010000_07_000827_000860 loaded 300 frames 1280x720 @ 2397/100 (h264_~1Mbps) in 0.3s
23:48:33 VIRAT_S_000002 x264_qp24_bf2_pb1          4273 kbps PSNR 40.24 sl 1-1 thr 1/0 QP I/P/B 21.0/24.0/24.0 I/P/B 2/100/198 58.8s
23:48:35 VIRAT_S_010000_00_000000_000165 mpeg4_q31                   267 kbps PSNR 28.91 sl 1-1 thr None/None QP I/P/B 62.0/62.0/  - I/P/B 2/298/0 9.2s
23:48:35 VIRAT_S_010000_00_000000_000165 CPU arms done (468s elapsed)
23:48:36 VIRAT_S_010000_08_000893_001024 loaded 300 frames 1280x720 @ 2397/100 (h264_~1Mbps) in 0.2s
23:48:37 VIRAT_S_000207_05_001125_001193 mpeg4_q31                   186 kbps PSNR 30.17 sl 1-1 thr None/None QP I/P/B 62.0/62.0/  - I/P/B 2/298/0 9.1s
23:48:37 VIRAT_S_000207_05_001125_001193 CPU arms done (469s elapsed)
23:48:37 VIRAT_S_000207_00_000000_000045 nvenc_qp38                  142 kbps PSNR 36.01 sl 1-1 thr None/None QP I/P/B 30.0/38.0/  - I/P/B 2/298/0 8.1s
23:48:38 VIRAT_S_010001_00_000019_000065 loaded 300 frames 1280x720 @ 2397/100 (h264_~1Mbps) in 0.3s
23:48:40 VIRAT_S_010000_07_000827_000860 native                     1537 kbps (src h264) sl 1-1 QP I/P/B 31.0/21.2/  - I/P/B 2/298/0 d_known True 3.2s
23:48:45 VIRAT_S_010000_08_000893_001024 native                     1615 kbps (src h264) sl 1-1 QP I/P/B 31.0/20.2/  - I/P/B 2/298/0 d_known True 3.1s
23:48:45 VIRAT_S_010000_04_000530_000605 x264_crf12                 2247 kbps PSNR 53.48 sl 1-1 thr 1/0 QP I/P/B  8.1/ 9.9/  - I/P/B 2/298/0 17.6s
23:48:46 VIRAT_S_000207_00_000000_000045 nvenc_qp45                   77 kbps PSNR 32.78 sl 1-1 thr None/None QP I/P/B 36.0/45.0/  - I/P/B 2/298/0 8.7s
23:48:46 VIRAT_S_010001_00_000019_000065 native                     1468 kbps (src h264) sl 1-1 QP I/P/B 31.0/22.9/  - I/P/B 2/298/0 d_known True 2.9s
23:48:46 VIRAT_S_010000_05_000638_000718 x264_crf12                 2535 kbps PSNR 53.28 sl 1-1 thr 1/0 QP I/P/B  8.2/10.2/  - I/P/B 2/298/0 17.9s
23:48:48 VIRAT_S_010000_06_000728_000762 x264_crf12                 2426 kbps PSNR 53.04 sl 1-1 thr 1/0 QP I/P/B  8.7/10.0/  - I/P/B 2/298/0 18.1s
23:48:55 VIRAT_S_000207_00_000000_000045 nvenc_qp28_bf2              334 kbps PSNR 39.43 sl 1-1 thr None/None QP I/P/B 22.0/28.0/36.0 I/P/B 2/100/198 9.0s
23:48:57 VIRAT_S_000002 mpeg4_q2                  16505 kbps PSNR 42.52 sl 1-1 thr None/None QP I/P/B  4.0/ 4.0/  - I/P/B 2/298/0 24.2s
23:48:58 VIRAT_S_010000_07_000827_000860 x264_crf12                 2263 kbps PSNR 53.41 sl 1-1 thr 1/0 QP I/P/B  8.1/10.1/  - I/P/B 2/298/0 17.4s
23:49:02 VIRAT_S_010000_04_000530_000605 x264_crf18                 1744 kbps PSNR 48.01 sl 1-1 thr 1/0 QP I/P/B 14.1/15.9/  - I/P/B 2/298/0 16.6s
23:49:03 VIRAT_S_010000_08_000893_001024 x264_crf12                 2339 kbps PSNR 53.41 sl 1-1 thr 1/0 QP I/P/B  8.1/ 9.6/  - I/P/B 2/298/0 18.1s
23:49:03 VIRAT_S_010000_05_000638_000718 x264_crf18                 1979 kbps PSNR 47.83 sl 1-1 thr 1/0 QP I/P/B 14.2/16.2/  - I/P/B 2/298/0 17.0s
23:49:04 VIRAT_S_010001_00_000019_000065 x264_crf12                 2249 kbps PSNR 53.34 sl 1-1 thr 1/0 QP I/P/B  8.1/10.5/  - I/P/B 2/298/0 17.6s
23:49:05 VIRAT_S_000207_00_000000_000045 nvenc_qp28_bf2_bqeq         497 kbps PSNR 39.59 sl 1-1 thr None/None QP I/P/B 22.0/28.0/28.0 I/P/B 2/100/198 10.0s
23:49:05 VIRAT_S_010000_06_000728_000762 x264_crf18                 1839 kbps PSNR 47.63 sl 1-1 thr 1/0 QP I/P/B 14.7/16.0/  - I/P/B 2/298/0 17.5s
23:49:15 VIRAT_S_010000_07_000827_000860 x264_crf18                 1735 kbps PSNR 47.92 sl 1-1 thr 1/0 QP I/P/B 14.1/16.1/  - I/P/B 2/298/0 17.6s
23:49:17 VIRAT_S_000207_01_000094_000156 nvenc_qp18                 6092 kbps PSNR 44.85 sl 1-1 thr None/None QP I/P/B 14.0/18.0/  - I/P/B 2/298/0 11.3s
23:49:19 VIRAT_S_010000_04_000530_000605 x264_crf23                 1099 kbps PSNR 42.93 sl 1-1 thr 1/0 QP I/P/B 19.1/20.5/  - I/P/B 2/298/0 17.3s
23:49:20 VIRAT_S_000002 mpeg4_q4                   4331 kbps PSNR 39.26 sl 1-1 thr None/None QP I/P/B  8.0/ 8.0/  - I/P/B 2/298/0 23.0s
23:49:20 VIRAT_S_010000_08_000893_001024 x264_crf18                 1781 kbps PSNR 47.80 sl 1-1 thr 1/0 QP I/P/B 14.1/15.6/  - I/P/B 2/298/0 17.8s
23:49:21 VIRAT_S_010000_05_000638_000718 x264_crf23                 1236 kbps PSNR 42.66 sl 1-1 thr 1/0 QP I/P/B 19.2/20.9/  - I/P/B 2/298/0 17.5s
23:49:21 VIRAT_S_010001_00_000019_000065 x264_crf18                 1731 kbps PSNR 48.07 sl 1-1 thr 1/0 QP I/P/B 14.1/16.5/  - I/P/B 2/298/0 17.3s
23:49:23 VIRAT_S_010000_06_000728_000762 x264_crf23                 1103 kbps PSNR 42.66 sl 1-1 thr 1/0 QP I/P/B 19.7/20.5/  - I/P/B 2/298/0 17.3s
23:49:26 VIRAT_S_000207_01_000094_000156 nvenc_qp23                  969 kbps PSNR 41.48 sl 1-1 thr None/None QP I/P/B 18.0/23.0/  - I/P/B 2/298/0 8.7s
23:49:32 VIRAT_S_010000_07_000827_000860 x264_crf23                 1129 kbps PSNR 42.86 sl 1-1 thr 1/0 QP I/P/B 19.1/20.7/  - I/P/B 2/298/0 16.7s
23:49:34 VIRAT_S_010000_04_000530_000605 x264_crf28                  473 kbps PSNR 38.63 sl 1-1 thr 1/0 QP I/P/B 24.1/25.0/  - I/P/B 2/298/0 14.8s
23:49:35 VIRAT_S_000207_01_000094_000156 nvenc_qp28                  318 kbps PSNR 39.86 sl 1-1 thr None/None QP I/P/B 22.0/28.0/  - I/P/B 2/298/0 9.3s
23:49:36 VIRAT_S_010000_05_000638_000718 x264_crf28                  547 kbps PSNR 38.31 sl 1-1 thr 1/0 QP I/P/B 24.2/25.5/  - I/P/B 2/298/0 15.4s
23:49:38 VIRAT_S_010000_08_000893_001024 x264_crf23                 1073 kbps PSNR 42.75 sl 1-1 thr 1/0 QP I/P/B 19.1/20.2/  - I/P/B 2/298/0 17.6s
23:49:38 VIRAT_S_010001_00_000019_000065 x264_crf23                 1191 kbps PSNR 42.99 sl 1-1 thr 1/0 QP I/P/B 19.1/21.3/  - I/P/B 2/298/0 17.2s
23:49:38 VIRAT_S_010000_06_000728_000762 x264_crf28                  453 kbps PSNR 38.54 sl 1-1 thr 1/0 QP I/P/B 24.7/24.8/  - I/P/B 2/298/0 15.7s
23:49:42 VIRAT_S_000002 mpeg4_q8                    997 kbps PSNR 36.31 sl 1-1 thr None/None QP I/P/B 16.0/16.0/  - I/P/B 2/298/0 21.9s
23:49:43 VIRAT_S_000207_01_000094_000156 nvenc_qp33                  181 kbps PSNR 38.39 sl 1-1 thr None/None QP I/P/B 26.0/33.0/  - I/P/B 2/298/0 8.1s
23:49:47 VIRAT_S_010000_04_000530_000605 x264_crf33                  185 kbps PSNR 35.30 sl 1-1 thr 1/0 QP I/P/B 29.1/30.5/  - I/P/B 2/298/0 13.3s
23:49:47 VIRAT_S_010000_07_000827_000860 x264_crf28                  508 kbps PSNR 38.50 sl 1-1 thr 1/0 QP I/P/B 24.1/25.3/  - I/P/B 2/298/0 15.2s
23:49:50 VIRAT_S_010000_05_000638_000718 x264_crf33                  219 kbps PSNR 34.97 sl 1-1 thr 1/0 QP I/P/B 29.2/31.1/  - I/P/B 2/298/0 13.8s
23:49:52 VIRAT_S_000207_01_000094_000156 nvenc_qp38                  117 kbps PSNR 36.60 sl 1-1 thr None/None QP I/P/B 30.0/38.0/  - I/P/B 2/298/0 8.7s
23:49:52 VIRAT_S_010000_06_000728_000762 x264_crf33                  175 kbps PSNR 35.25 sl 1-1 thr 1/0 QP I/P/B 29.7/29.7/  - I/P/B 2/298/0 13.7s
23:49:54 VIRAT_S_010000_08_000893_001024 x264_crf28                  451 kbps PSNR 38.55 sl 1-1 thr 1/0 QP I/P/B 24.1/24.3/  - I/P/B 2/298/0 15.4s
23:49:54 VIRAT_S_010001_00_000019_000065 x264_crf28                  575 kbps PSNR 38.42 sl 1-1 thr 1/0 QP I/P/B 24.1/26.1/  - I/P/B 2/298/0 15.5s
23:50:01 VIRAT_S_000207_01_000094_000156 nvenc_qp45                   67 kbps PSNR 33.56 sl 1-1 thr None/None QP I/P/B 36.0/45.0/  - I/P/B 2/298/0 8.9s
23:50:02 VIRAT_S_010000_07_000827_000860 x264_crf33                  212 kbps PSNR 35.14 sl 1-1 thr 1/0 QP I/P/B 29.1/30.9/  - I/P/B 2/298/0 14.5s
23:50:02 VIRAT_S_010000_04_000530_000605 x264_crf38                   83 kbps PSNR 32.06 sl 1-1 thr 1/0 QP I/P/B 34.1/36.1/  - I/P/B 2/298/0 14.6s
23:50:03 VIRAT_S_010000_05_000638_000718 x264_crf38                   94 kbps PSNR 31.74 sl 1-1 thr 1/0 QP I/P/B 34.2/36.7/  - I/P/B 2/298/0 13.3s
23:50:05 VIRAT_S_000002 mpeg4_q16                   468 kbps PSNR 33.34 sl 1-1 thr None/None QP I/P/B 32.0/32.0/  - I/P/B 2/298/0 22.8s
23:50:05 VIRAT_S_010000_06_000728_000762 x264_crf38                   76 kbps PSNR 31.92 sl 1-1 thr 1/0 QP I/P/B 34.6/35.1/  - I/P/B 2/298/0 13.3s
23:50:07 VIRAT_S_010000_08_000893_001024 x264_crf33                  180 kbps PSNR 35.24 sl 1-1 thr 1/0 QP I/P/B 29.1/29.4/  - I/P/B 2/298/0 13.9s
23:50:08 VIRAT_S_010001_00_000019_000065 x264_crf33                  243 kbps PSNR 34.97 sl 1-1 thr 1/0 QP I/P/B 29.1/31.7/  - I/P/B 2/298/0 14.2s
23:50:10 VIRAT_S_000207_01_000094_000156 nvenc_qp28_bf2              266 kbps PSNR 39.80 sl 1-1 thr None/None QP I/P/B 22.0/28.0/36.0 I/P/B 2/100/198 9.5s
23:50:15 VIRAT_S_010000_04_000530_000605 x264_crf45                   35 kbps PSNR 28.28 sl 1-1 thr 1/0 QP I/P/B 41.0/41.4/  - I/P/B 2/298/0 13.0s
23:50:16 VIRAT_S_010000_07_000827_000860 x264_crf38                   97 kbps PSNR 31.86 sl 1-1 thr 1/0 QP I/P/B 34.1/36.4/  - I/P/B 2/298/0 13.7s
23:50:16 VIRAT_S_010000_05_000638_000718 x264_crf45                   37 kbps PSNR 28.05 sl 1-1 thr 1/0 QP I/P/B 41.2/41.6/  - I/P/B 2/298/0 12.9s
23:50:18 VIRAT_S_010000_06_000728_000762 x264_crf45                   35 kbps PSNR 28.16 sl 1-1 thr 1/0 QP I/P/B 41.6/39.2/  - I/P/B 2/298/0 12.9s
23:50:21 VIRAT_S_010000_08_000893_001024 x264_crf38                   82 kbps PSNR 31.94 sl 1-1 thr 1/0 QP I/P/B 34.0/35.1/  - I/P/B 2/298/0 13.2s
23:50:21 VIRAT_S_000207_01_000094_000156 nvenc_qp28_bf2_bqeq         355 kbps PSNR 39.87 sl 1-1 thr None/None QP I/P/B 22.0/28.0/28.0 I/P/B 2/100/198 10.3s
23:50:22 VIRAT_S_010001_00_000019_000065 x264_crf38                  109 kbps PSNR 31.72 sl 1-1 thr 1/0 QP I/P/B 34.0/36.9/  - I/P/B 2/298/0 14.0s
23:50:26 VIRAT_S_000002 mpeg4_q31                   452 kbps PSNR 30.83 sl 1-1 thr None/None QP I/P/B 62.0/62.0/  - I/P/B 2/298/0 21.7s
23:50:27 VIRAT_S_000002 CPU arms done (579s elapsed)
23:50:28 VIRAT_S_010001_01_000071_000167 loaded 300 frames 1280x720 @ 2397/100 (h264_~1Mbps) in 0.3s
23:50:28 VIRAT_S_010000_07_000827_000860 x264_crf45                   38 kbps PSNR 28.08 sl 1-1 thr 1/0 QP I/P/B 41.1/43.0/  - I/P/B 2/298/0 12.6s
23:50:30 VIRAT_S_010000_04_000530_000605 x264_qp24                   719 kbps PSNR 40.06 sl 1-1 thr 1/0 QP I/P/B 21.0/24.0/  - I/P/B 2/298/0 15.1s
23:50:32 VIRAT_S_010000_05_000638_000718 x264_qp24                   947 kbps PSNR 40.07 sl 1-1 thr 1/0 QP I/P/B 21.0/24.0/  - I/P/B 2/298/0 15.6s
23:50:33 VIRAT_S_000207_03_000556_000590 nvenc_qp18                 5017 kbps PSNR 44.83 sl 1-1 thr None/None QP I/P/B 14.0/18.0/  - I/P/B 2/298/0 11.7s
23:50:33 VIRAT_S_010000_06_000728_000762 x264_qp24                   717 kbps PSNR 40.24 sl 1-1 thr 1/0 QP I/P/B 21.0/24.0/  - I/P/B 2/298/0 15.1s
23:50:34 VIRAT_S_010000_08_000893_001024 x264_crf45                   34 kbps PSNR 28.14 sl 1-1 thr 1/0 QP I/P/B 41.0/40.1/  - I/P/B 2/298/0 13.0s
23:50:35 VIRAT_S_010001_00_000019_000065 x264_crf45                   43 kbps PSNR 27.94 sl 1-1 thr 1/0 QP I/P/B 41.0/42.7/  - I/P/B 2/298/0 12.9s
23:50:35 VIRAT_S_010001_01_000071_000167 native                     1534 kbps (src h264) sl 1-1 QP I/P/B 31.0/20.8/  - I/P/B 2/298/0 d_known True 3.1s
23:50:41 VIRAT_S_000207_03_000556_000590 nvenc_qp23                  746 kbps PSNR 41.63 sl 1-1 thr None/None QP I/P/B 18.0/23.0/  - I/P/B 2/298/0 8.1s
23:50:42 VIRAT_S_010000_07_000827_000860 x264_qp24                   795 kbps PSNR 40.05 sl 1-1 thr 1/0 QP I/P/B 21.0/24.0/  - I/P/B 2/298/0 14.1s
23:50:48 VIRAT_S_010000_08_000893_001024 x264_qp24                   668 kbps PSNR 39.98 sl 1-1 thr 1/0 QP I/P/B 21.0/24.0/  - I/P/B 2/298/0 14.4s
23:50:49 VIRAT_S_010000_04_000530_000605 x264_qp24_bf2_pb1           773 kbps PSNR 40.13 sl 1-1 thr 1/0 QP I/P/B 21.0/24.0/24.0 I/P/B 2/100/198 18.8s
23:50:50 VIRAT_S_010001_00_000019_000065 x264_qp24                   959 kbps PSNR 40.51 sl 1-1 thr 1/0 QP I/P/B 21.0/24.0/  - I/P/B 2/298/0 15.1s
23:50:50 VIRAT_S_000207_03_000556_000590 nvenc_qp28                  306 kbps PSNR 40.06 sl 1-1 thr None/None QP I/P/B 22.0/28.0/  - I/P/B 2/298/0 8.8s
23:50:51 VIRAT_S_010000_05_000638_000718 x264_qp24_bf2_pb1          1001 kbps PSNR 40.14 sl 1-1 thr 1/0 QP I/P/B 21.0/24.0/24.0 I/P/B 2/100/198 18.8s
23:50:53 VIRAT_S_010000_06_000728_000762 x264_qp24_bf2_pb1           795 kbps PSNR 40.25 sl 1-1 thr 1/0 QP I/P/B 21.0/24.0/24.0 I/P/B 2/100/198 19.2s
23:50:53 VIRAT_S_010001_01_000071_000167 x264_crf12                 2247 kbps PSNR 53.46 sl 1-1 thr 1/0 QP I/P/B  8.1/ 9.9/  - I/P/B 2/298/0 17.4s
23:50:58 VIRAT_S_000207_03_000556_000590 nvenc_qp33                  172 kbps PSNR 38.50 sl 1-1 thr None/None QP I/P/B 26.0/33.0/  - I/P/B 2/298/0 8.0s
23:50:59 VIRAT_S_010000_04_000530_000605 mpeg4_q2                   2192 kbps PSNR 43.20 sl 1-1 thr None/None QP I/P/B  4.0/ 4.0/  - I/P/B 2/298/0 9.7s
23:51:01 VIRAT_S_010000_05_000638_000718 mpeg4_q2                   2696 kbps PSNR 43.13 sl 1-1 thr None/None QP I/P/B  4.0/ 4.0/  - I/P/B 2/298/0 9.9s
23:51:02 VIRAT_S_010000_07_000827_000860 x264_qp24_bf2_pb1           852 kbps PSNR 40.10 sl 1-1 thr 1/0 QP I/P/B 21.0/24.0/24.0 I/P/B 2/100/198 19.5s
23:51:03 VIRAT_S_010000_06_000728_000762 mpeg4_q2                   2433 kbps PSNR 43.28 sl 1-1 thr None/None QP I/P/B  4.0/ 4.0/  - I/P/B 2/298/0 10.1s
23:51:07 VIRAT_S_000207_03_000556_000590 nvenc_qp38                  110 kbps PSNR 36.67 sl 1-1 thr None/None QP I/P/B 30.0/38.0/  - I/P/B 2/298/0 8.9s
23:51:07 VIRAT_S_010000_08_000893_001024 x264_qp24_bf2_pb1           710 kbps PSNR 40.05 sl 1-1 thr 1/0 QP I/P/B 21.0/24.0/24.0 I/P/B 2/100/198 19.1s
23:51:09 VIRAT_S_010000_04_000530_000605 mpeg4_q4                    872 kbps PSNR 38.94 sl 1-1 thr None/None QP I/P/B  8.0/ 8.0/  - I/P/B 2/298/0 10.3s
23:51:10 VIRAT_S_010001_00_000019_000065 x264_qp24_bf2_pb1          1030 kbps PSNR 40.49 sl 1-1 thr 1/0 QP I/P/B 21.0/24.0/24.0 I/P/B 2/100/198 20.4s
23:51:11 VIRAT_S_010000_05_000638_000718 mpeg4_q4                   1114 kbps PSNR 38.81 sl 1-1 thr None/None QP I/P/B  8.0/ 8.0/  - I/P/B 2/298/0 10.3s
23:51:11 VIRAT_S_010001_01_000071_000167 x264_crf18                 1733 kbps PSNR 47.95 sl 1-1 thr 1/0 QP I/P/B 14.1/15.9/  - I/P/B 2/298/0 18.3s
23:51:12 VIRAT_S_010000_07_000827_000860 mpeg4_q2                   2338 kbps PSNR 43.16 sl 1-1 thr None/None QP I/P/B  4.0/ 4.0/  - I/P/B 2/298/0 10.6s
23:51:13 VIRAT_S_010000_06_000728_000762 mpeg4_q4                    930 kbps PSNR 39.03 sl 1-1 thr None/None QP I/P/B  8.0/ 8.0/  - I/P/B 2/298/0 10.2s
23:51:16 VIRAT_S_000207_03_000556_000590 nvenc_qp45                   62 kbps PSNR 33.70 sl 1-1 thr None/None QP I/P/B 36.0/45.0/  - I/P/B 2/298/0 8.6s
23:51:17 VIRAT_S_010000_08_000893_001024 mpeg4_q2                   2073 kbps PSNR 43.25 sl 1-1 thr None/None QP I/P/B  4.0/ 4.0/  - I/P/B 2/298/0 10.3s
23:51:19 VIRAT_S_010000_04_000530_000605 mpeg4_q8                    351 kbps PSNR 34.91 sl 1-1 thr None/None QP I/P/B 16.0/16.0/  - I/P/B 2/298/0 9.8s
23:51:21 VIRAT_S_010001_00_000019_000065 mpeg4_q2                   2693 kbps PSNR 43.13 sl 1-1 thr None/None QP I/P/B  4.0/ 4.0/  - I/P/B 2/298/0 10.3s
23:51:21 VIRAT_S_010000_05_000638_000718 mpeg4_q8                    447 kbps PSNR 34.80 sl 1-1 thr None/None QP I/P/B 16.0/16.0/  - I/P/B 2/298/0 9.9s
23:51:23 VIRAT_S_010000_07_000827_000860 mpeg4_q4                    976 kbps PSNR 38.87 sl 1-1 thr None/None QP I/P/B  8.0/ 8.0/  - I/P/B 2/298/0 10.3s
23:51:23 VIRAT_S_010000_06_000728_000762 mpeg4_q8                    363 kbps PSNR 34.97 sl 1-1 thr None/None QP I/P/B 16.0/16.0/  - I/P/B 2/298/0 10.0s
23:51:26 VIRAT_S_000207_03_000556_000590 nvenc_qp28_bf2              270 kbps PSNR 40.03 sl 1-1 thr None/None QP I/P/B 22.0/28.0/36.0 I/P/B 2/100/198 9.9s
23:51:28 VIRAT_S_010000_08_000893_001024 mpeg4_q4                    806 kbps PSNR 38.97 sl 1-1 thr None/None QP I/P/B  8.0/ 8.0/  - I/P/B 2/298/0 10.3s
23:51:29 VIRAT_S_010000_04_000530_000605 mpeg4_q16                   172 kbps PSNR 31.54 sl 1-1 thr None/None QP I/P/B 32.0/32.0/  - I/P/B 2/298/0 10.1s
23:51:29 VIRAT_S_010001_01_000071_000167 x264_crf23                 1097 kbps PSNR 42.86 sl 1-1 thr 1/0 QP I/P/B 19.1/20.5/  - I/P/B 2/298/0 18.1s
23:51:31 VIRAT_S_010000_05_000638_000718 mpeg4_q16                   201 kbps PSNR 31.42 sl 1-1 thr None/None QP I/P/B 32.0/32.0/  - I/P/B 2/298/0 10.2s
23:51:31 VIRAT_S_010001_00_000019_000065 mpeg4_q4                   1155 kbps PSNR 38.80 sl 1-1 thr None/None QP I/P/B  8.0/ 8.0/  - I/P/B 2/298/0 10.6s
23:51:33 VIRAT_S_010000_07_000827_000860 mpeg4_q8                    409 kbps PSNR 34.86 sl 1-1 thr None/None QP I/P/B 16.0/16.0/  - I/P/B 2/298/0 10.1s
23:51:33 VIRAT_S_010000_06_000728_000762 mpeg4_q16                   174 kbps PSNR 31.54 sl 1-1 thr None/None QP I/P/B 32.0/32.0/  - I/P/B 2/298/0 10.2s
23:51:36 VIRAT_S_000207_03_000556_000590 nvenc_qp28_bf2_bqeq         336 kbps PSNR 40.08 sl 1-1 thr None/None QP I/P/B 22.0/28.0/28.0 I/P/B 2/100/198 10.0s
23:51:38 VIRAT_S_010000_08_000893_001024 mpeg4_q8                    330 kbps PSNR 34.88 sl 1-1 thr None/None QP I/P/B 16.0/16.0/  - I/P/B 2/298/0 9.9s
23:51:39 VIRAT_S_010000_04_000530_000605 mpeg4_q31                   159 kbps PSNR 28.81 sl 1-1 thr None/None QP I/P/B 62.0/62.0/  - I/P/B 2/298/0 9.8s
23:51:39 VIRAT_S_010000_04_000530_000605 CPU arms done (651s elapsed)
23:51:40 VIRAT_S_010001_02_000195_000498 loaded 300 frames 1280x720 @ 2397/100 (h264_~1Mbps) in 0.4s
23:51:41 VIRAT_S_010000_05_000638_000718 mpeg4_q31                   172 kbps PSNR 28.67 sl 1-1 thr None/None QP I/P/B 62.0/62.0/  - I/P/B 2/298/0 10.2s
23:51:41 VIRAT_S_010000_05_000638_000718 CPU arms done (654s elapsed)
23:51:42 VIRAT_S_010001_00_000019_000065 mpeg4_q8                    479 kbps PSNR 34.79 sl 1-1 thr None/None QP I/P/B 16.0/16.0/  - I/P/B 2/298/0 10.4s
23:51:42 VIRAT_S_010001_03_000537_000563 loaded 300 frames 1280x720 @ 2397/100 (h264_~1Mbps) in 0.3s
23:51:43 VIRAT_S_010000_07_000827_000860 mpeg4_q16                   200 kbps PSNR 31.44 sl 1-1 thr None/None QP I/P/B 32.0/32.0/  - I/P/B 2/298/0 10.4s
23:51:44 VIRAT_S_010000_06_000728_000762 mpeg4_q31                   171 kbps PSNR 28.82 sl 1-1 thr None/None QP I/P/B 62.0/62.0/  - I/P/B 2/298/0 10.4s
23:51:44 VIRAT_S_010000_06_000728_000762 CPU arms done (656s elapsed)
23:51:44 VIRAT_S_010001_04_000583_000646 loaded 300 frames 1280x720 @ 2397/100 (h264_~1Mbps) in 0.3s
23:51:45 VIRAT_S_010001_01_000071_000167 x264_crf28                  472 kbps PSNR 38.51 sl 1-1 thr 1/0 QP I/P/B 24.1/24.9/  - I/P/B 2/298/0 15.8s
23:51:48 VIRAT_S_010000_08_000893_001024 mpeg4_q16                   168 kbps PSNR 31.48 sl 1-1 thr None/None QP I/P/B 32.0/32.0/  - I/P/B 2/298/0 10.1s
23:51:48 VIRAT_S_000207_04_000902_000934 nvenc_qp18                 5883 kbps PSNR 44.89 sl 1-1 thr None/None QP I/P/B 14.0/18.0/  - I/P/B 2/298/0 11.5s
23:51:49 VIRAT_S_010001_02_000195_000498 native                     1460 kbps (src h264) sl 1-1 QP I/P/B 31.0/24.2/  - I/P/B 2/298/0 d_known True 3.9s
23:51:50 VIRAT_S_010001_03_000537_000563 native                     1863 kbps (src h264) sl 1-1 QP I/P/B 31.0/22.0/  - I/P/B 2/298/0 d_known True 2.9s
23:51:51 VIRAT_S_010001_00_000019_000065 mpeg4_q16                   219 kbps PSNR 31.36 sl 1-1 thr None/None QP I/P/B 32.0/32.0/  - I/P/B 2/298/0 9.3s
23:51:52 VIRAT_S_010001_04_000583_000646 native                     1627 kbps (src h264) sl 1-1 QP I/P/B 31.0/21.1/  - I/P/B 2/298/0 d_known True 3.0s
23:51:52 VIRAT_S_010000_07_000827_000860 mpeg4_q31                   176 kbps PSNR 28.72 sl 1-1 thr None/None QP I/P/B 62.0/62.0/  - I/P/B 2/298/0 9.1s
23:51:53 VIRAT_S_010000_07_000827_000860 CPU arms done (665s elapsed)
23:51:53 VIRAT_S_010001_05_000649_000684 loaded 300 frames 1280x720 @ 2397/100 (h264_~1Mbps) in 0.3s
23:51:57 VIRAT_S_010000_08_000893_001024 mpeg4_q31                   164 kbps PSNR 28.73 sl 1-1 thr None/None QP I/P/B 62.0/62.0/  - I/P/B 2/298/0 9.2s
23:51:57 VIRAT_S_010000_08_000893_001024 CPU arms done (669s elapsed)
23:51:58 VIRAT_S_000207_04_000902_000934 nvenc_qp23                 1110 kbps PSNR 41.58 sl 1-1 thr None/None QP I/P/B 18.0/23.0/  - I/P/B 2/298/0 9.6s
23:51:58 VIRAT_S_010001_06_000685_000722 loaded 300 frames 1280x720 @ 2397/100 (h264_~1Mbps) in 0.3s
23:51:58 VIRAT_S_010001_01_000071_000167 x264_crf33                  191 kbps PSNR 35.17 sl 1-1 thr 1/0 QP I/P/B 29.1/30.3/  - I/P/B 2/298/0 13.4s
23:52:00 VIRAT_S_010001_00_000019_000065 mpeg4_q31                   193 kbps PSNR 28.58 sl 1-1 thr None/None QP I/P/B 62.0/62.0/  - I/P/B 2/298/0 9.3s
23:52:00 VIRAT_S_010001_00_000019_000065 CPU arms done (673s elapsed)
23:52:01 VIRAT_S_010001_07_000741_000810 loaded 300 frames 1280x720 @ 2397/100 (h264_~1Mbps) in 0.3s
23:52:01 VIRAT_S_010001_05_000649_000684 native                     1484 kbps (src h264) sl 1-1 QP I/P/B 31.0/21.3/  - I/P/B 2/298/0 d_known True 3.2s
23:52:06 VIRAT_S_010001_06_000685_000722 native                     1505 kbps (src h264) sl 1-1 QP I/P/B 31.0/20.5/  - I/P/B 2/298/0 d_known True 3.1s
23:52:06 VIRAT_S_000207_04_000902_000934 nvenc_qp28                  399 kbps PSNR 39.85 sl 1-1 thr None/None QP I/P/B 22.0/28.0/  - I/P/B 2/298/0 8.5s
23:52:07 VIRAT_S_010001_02_000195_000498 x264_crf12                 2300 kbps PSNR 53.22 sl 1-1 thr 1/0 QP I/P/B  8.1/11.2/  - I/P/B 2/298/0 18.0s
23:52:08 VIRAT_S_010001_03_000537_000563 x264_crf12                 2659 kbps PSNR 53.21 sl 1-1 thr 1/0 QP I/P/B  8.1/10.3/  - I/P/B 2/298/0 18.1s
23:52:09 VIRAT_S_010001_07_000741_000810 native                     1499 kbps (src h264) sl 1-1 QP I/P/B 31.0/20.6/  - I/P/B 2/298/0 d_known True 3.1s
23:52:10 VIRAT_S_010001_04_000583_000646 x264_crf12                 2334 kbps PSNR 53.52 sl 1-1 thr 1/0 QP I/P/B  8.1/ 9.9/  - I/P/B 2/298/0 17.7s
23:52:11 VIRAT_S_010001_01_000071_000167 x264_crf38                   89 kbps PSNR 31.88 sl 1-1 thr 1/0 QP I/P/B 34.0/36.1/  - I/P/B 2/298/0 12.7s
23:52:14 VIRAT_S_000207_04_000902_000934 nvenc_qp33                  201 kbps PSNR 38.20 sl 1-1 thr None/None QP I/P/B 26.0/33.0/  - I/P/B 2/298/0 7.6s
23:52:18 VIRAT_S_010001_05_000649_000684 x264_crf12                 2172 kbps PSNR 53.48 sl 1-1 thr 1/0 QP I/P/B  8.2/10.0/  - I/P/B 2/298/0 17.0s
23:52:23 VIRAT_S_000207_04_000902_000934 nvenc_qp38                  122 kbps PSNR 36.25 sl 1-1 thr None/None QP I/P/B 30.0/38.0/  - I/P/B 2/298/0 8.7s
23:52:24 VIRAT_S_010001_01_000071_000167 x264_crf45                   36 kbps PSNR 28.09 sl 1-1 thr 1/0 QP I/P/B 41.0/41.7/  - I/P/B 2/298/0 12.4s
23:52:24 VIRAT_S_010001_02_000195_000498 x264_crf18                 1802 kbps PSNR 48.26 sl 1-1 thr 1/0 QP I/P/B 14.0/17.2/  - I/P/B 2/298/0 17.1s
23:52:24 VIRAT_S_010001_06_000685_000722 x264_crf12                 2223 kbps PSNR 53.49 sl 1-1 thr 1/0 QP I/P/B  8.1/ 9.7/  - I/P/B 2/298/0 18.0s
23:52:26 VIRAT_S_010001_03_000537_000563 x264_crf18                 2080 kbps PSNR 47.82 sl 1-1 thr 1/0 QP I/P/B 14.1/16.3/  - I/P/B 2/298/0 17.3s
23:52:27 VIRAT_S_010001_07_000741_000810 x264_crf12                 2160 kbps PSNR 53.51 sl 1-1 thr 1/0 QP I/P/B  8.2/ 9.7/  - I/P/B 2/298/0 17.5s
23:52:27 VIRAT_S_010001_04_000583_000646 x264_crf18                 1835 kbps PSNR 48.01 sl 1-1 thr 1/0 QP I/P/B 14.0/15.8/  - I/P/B 2/298/0 16.7s
23:52:30 VIRAT_S_000207_04_000902_000934 nvenc_qp45                   67 kbps PSNR 33.19 sl 1-1 thr None/None QP I/P/B 36.0/45.0/  - I/P/B 2/298/0 7.4s
23:52:35 VIRAT_S_010001_05_000649_000684 x264_crf18                 1679 kbps PSNR 47.96 sl 1-1 thr 1/0 QP I/P/B 14.1/15.9/  - I/P/B 2/298/0 16.5s
23:52:38 VIRAT_S_010001_01_000071_000167 x264_qp24                   724 kbps PSNR 40.04 sl 1-1 thr 1/0 QP I/P/B 21.0/24.0/  - I/P/B 2/298/0 14.1s
23:52:40 VIRAT_S_000207_04_000902_000934 nvenc_qp28_bf2              314 kbps PSNR 39.79 sl 1-1 thr None/None QP I/P/B 22.0/28.0/36.0 I/P/B 2/100/198 9.6s
23:52:41 VIRAT_S_010001_02_000195_000498 x264_crf23                 1290 kbps PSNR 43.13 sl 1-1 thr 1/0 QP I/P/B 19.0/22.0/  - I/P/B 2/298/0 16.9s
23:52:41 VIRAT_S_010001_06_000685_000722 x264_crf18                 1695 kbps PSNR 47.91 sl 1-1 thr 1/0 QP I/P/B 14.0/15.7/  - I/P/B 2/298/0 17.0s
23:52:43 VIRAT_S_010001_03_000537_000563 x264_crf23                 1329 kbps PSNR 42.66 sl 1-1 thr 1/0 QP I/P/B 19.1/21.0/  - I/P/B 2/298/0 16.9s
23:52:44 VIRAT_S_010001_04_000583_000646 x264_crf23                 1159 kbps PSNR 42.79 sl 1-1 thr 1/0 QP I/P/B 19.0/20.5/  - I/P/B 2/298/0 16.9s
23:52:44 VIRAT_S_010001_07_000741_000810 x264_crf18                 1625 kbps PSNR 47.87 sl 1-1 thr 1/0 QP I/P/B 14.1/15.6/  - I/P/B 2/298/0 17.1s
23:52:49 VIRAT_S_000207_04_000902_000934 nvenc_qp28_bf2_bqeq         440 kbps PSNR 39.90 sl 1-1 thr None/None QP I/P/B 22.0/28.0/28.0 I/P/B 2/100/198 8.9s
23:52:51 VIRAT_S_010001_05_000649_000684 x264_crf23                 1092 kbps PSNR 42.88 sl 1-1 thr 1/0 QP I/P/B 19.1/20.5/  - I/P/B 2/298/0 16.2s
23:52:56 VIRAT_S_010001_02_000195_000498 x264_crf28                  635 kbps PSNR 38.45 sl 1-1 thr 1/0 QP I/P/B 24.0/27.0/  - I/P/B 2/298/0 15.5s
23:52:56 VIRAT_S_010001_01_000071_000167 x264_qp24_bf2_pb1           774 kbps PSNR 40.12 sl 1-1 thr 1/0 QP I/P/B 21.0/24.0/24.0 I/P/B 2/100/198 18.8s
23:52:58 VIRAT_S_010001_06_000685_000722 x264_crf23                 1050 kbps PSNR 42.82 sl 1-1 thr 1/0 QP I/P/B 19.0/20.2/  - I/P/B 2/298/0 16.8s
23:52:58 VIRAT_S_010001_03_000537_000563 x264_crf28                  622 kbps PSNR 38.20 sl 1-1 thr 1/0 QP I/P/B 24.1/25.8/  - I/P/B 2/298/0 15.6s
23:52:59 VIRAT_S_010001_04_000583_000646 x264_crf28                  508 kbps PSNR 38.42 sl 1-1 thr 1/0 QP I/P/B 24.0/24.8/  - I/P/B 2/298/0 15.0s
23:53:01 VIRAT_S_010001_07_000741_000810 x264_crf23                 1034 kbps PSNR 42.84 sl 1-1 thr 1/0 QP I/P/B 19.1/20.2/  - I/P/B 2/298/0 16.5s
23:53:01 VIRAT_S_000207_05_001125_001193 nvenc_qp18                 5445 kbps PSNR 44.83 sl 1-1 thr None/None QP I/P/B 14.0/18.0/  - I/P/B 2/298/0 11.1s
23:53:06 VIRAT_S_010001_01_000071_000167 mpeg4_q2                   2187 kbps PSNR 43.16 sl 1-1 thr None/None QP I/P/B  4.0/ 4.0/  - I/P/B 2/298/0 9.7s
23:53:06 VIRAT_S_010001_05_000649_000684 x264_crf28                  485 kbps PSNR 38.48 sl 1-1 thr 1/0 QP I/P/B 24.1/24.9/  - I/P/B 2/298/0 15.2s
23:53:10 VIRAT_S_000207_05_001125_001193 nvenc_qp23                  929 kbps PSNR 41.57 sl 1-1 thr None/None QP I/P/B 18.0/23.0/  - I/P/B 2/298/0 9.3s
23:53:10 VIRAT_S_010001_02_000195_000498 x264_crf33                  262 kbps PSNR 34.93 sl 1-1 thr 1/0 QP I/P/B 29.0/32.5/  - I/P/B 2/298/0 14.1s
23:53:12 VIRAT_S_010001_03_000537_000563 x264_crf33                  255 kbps PSNR 34.79 sl 1-1 thr 1/0 QP I/P/B 29.1/31.5/  - I/P/B 2/298/0 14.3s
23:53:13 VIRAT_S_010001_04_000583_000646 x264_crf33                  202 kbps PSNR 35.09 sl 1-1 thr 1/0 QP I/P/B 29.0/30.2/  - I/P/B 2/298/0 13.9s
23:53:13 VIRAT_S_010001_06_000685_000722 x264_crf28                  447 kbps PSNR 38.62 sl 1-1 thr 1/0 QP I/P/B 24.0/24.3/  - I/P/B 2/298/0 15.2s
23:53:16 VIRAT_S_010001_07_000741_000810 x264_crf28                  453 kbps PSNR 38.53 sl 1-1 thr 1/0 QP I/P/B 24.1/24.4/  - I/P/B 2/298/0 15.3s
23:53:16 VIRAT_S_010001_01_000071_000167 mpeg4_q4                    875 kbps PSNR 38.88 sl 1-1 thr None/None QP I/P/B  8.0/ 8.0/  - I/P/B 2/298/0 10.0s
23:53:18 VIRAT_S_000207_05_001125_001193 nvenc_qp28                  376 kbps PSNR 39.92 sl 1-1 thr None/None QP I/P/B 22.0/28.0/  - I/P/B 2/298/0 8.3s
23:53:20 VIRAT_S_010001_05_000649_000684 x264_crf33                  200 kbps PSNR 35.08 sl 1-1 thr 1/0 QP I/P/B 29.1/30.3/  - I/P/B 2/298/0 13.9s
23:53:24 VIRAT_S_010001_02_000195_000498 x264_crf38                  112 kbps PSNR 31.74 sl 1-1 thr 1/0 QP I/P/B 34.0/37.6/  - I/P/B 2/298/0 13.4s
23:53:26 VIRAT_S_010001_03_000537_000563 x264_crf38                  108 kbps PSNR 31.59 sl 1-1 thr 1/0 QP I/P/B 34.0/37.3/  - I/P/B 2/298/0 13.5s
23:53:26 VIRAT_S_010001_04_000583_000646 x264_crf38                   88 kbps PSNR 31.84 sl 1-1 thr 1/0 QP I/P/B 34.0/36.5/  - I/P/B 2/298/0 13.3s
23:53:26 VIRAT_S_010001_01_000071_000167 mpeg4_q8                    363 kbps PSNR 34.86 sl 1-1 thr None/None QP I/P/B 16.0/16.0/  - I/P/B 2/298/0 10.1s
23:53:27 VIRAT_S_010001_06_000685_000722 x264_crf33                  179 kbps PSNR 35.27 sl 1-1 thr 1/0 QP I/P/B 29.0/29.5/  - I/P/B 2/298/0 14.0s
23:53:27 VIRAT_S_000207_05_001125_001193 nvenc_qp33                  207 kbps PSNR 38.30 sl 1-1 thr None/None QP I/P/B 26.0/33.0/  - I/P/B 2/298/0 9.1s
23:53:30 VIRAT_S_010001_07_000741_000810 x264_crf33                  191 kbps PSNR 35.18 sl 1-1 thr 1/0 QP I/P/B 29.1/29.8/  - I/P/B 2/298/0 13.9s
23:53:34 VIRAT_S_010001_05_000649_000684 x264_crf38                   92 kbps PSNR 31.78 sl 1-1 thr 1/0 QP I/P/B 34.0/36.3/  - I/P/B 2/298/0 13.4s
23:53:36 VIRAT_S_000207_05_001125_001193 nvenc_qp38                  126 kbps PSNR 36.36 sl 1-1 thr None/None QP I/P/B 30.0/38.0/  - I/P/B 2/298/0 8.7s
23:53:36 VIRAT_S_010001_01_000071_000167 mpeg4_q16                   183 kbps PSNR 31.45 sl 1-1 thr None/None QP I/P/B 32.0/32.0/  - I/P/B 2/298/0 9.9s
23:53:37 VIRAT_S_010001_02_000195_000498 x264_crf45                   41 kbps PSNR 28.01 sl 1-1 thr 1/0 QP I/P/B 41.0/43.2/  - I/P/B 2/298/0 13.2s
23:53:39 VIRAT_S_010001_04_000583_000646 x264_crf45                   36 kbps PSNR 28.11 sl 1-1 thr 1/0 QP I/P/B 41.0/43.1/  - I/P/B 2/298/0 12.8s
23:53:39 VIRAT_S_010001_03_000537_000563 x264_crf45                   41 kbps PSNR 27.90 sl 1-1 thr 1/0 QP I/P/B 40.9/43.4/  - I/P/B 2/298/0 13.2s
23:53:40 VIRAT_S_010001_06_000685_000722 x264_crf38                   81 kbps PSNR 31.95 sl 1-1 thr 1/0 QP I/P/B 34.0/35.8/  - I/P/B 2/298/0 13.2s
23:53:44 VIRAT_S_010001_07_000741_000810 x264_crf38                   92 kbps PSNR 31.86 sl 1-1 thr 1/0 QP I/P/B 34.1/36.8/  - I/P/B 2/298/0 14.0s
23:53:45 VIRAT_S_000207_05_001125_001193 nvenc_qp45                   68 kbps PSNR 33.25 sl 1-1 thr None/None QP I/P/B 36.0/45.0/  - I/P/B 2/298/0 8.5s
23:53:45 VIRAT_S_010001_01_000071_000167 mpeg4_q31                   179 kbps PSNR 28.70 sl 1-1 thr None/None QP I/P/B 62.0/62.0/  - I/P/B 2/298/0 9.4s
23:53:46 VIRAT_S_010001_01_000071_000167 CPU arms done (778s elapsed)
23:53:46 VIRAT_S_010001_08_000826_000893 loaded 300 frames 1280x720 @ 2397/100 (h264_~1Mbps) in 0.3s
23:53:47 VIRAT_S_010001_05_000649_000684 x264_crf45                   38 kbps PSNR 27.97 sl 1-1 thr 1/0 QP I/P/B 41.0/43.0/  - I/P/B 2/298/0 12.7s
23:53:53 VIRAT_S_010001_02_000195_000498 x264_qp24                  1154 kbps PSNR 41.12 sl 1-1 thr 1/0 QP I/P/B 21.0/24.0/  - I/P/B 2/298/0 15.9s
23:53:53 VIRAT_S_010001_06_000685_000722 x264_crf45                   34 kbps PSNR 28.12 sl 1-1 thr 1/0 QP I/P/B 41.0/40.6/  - I/P/B 2/298/0 12.8s
23:53:54 VIRAT_S_010001_04_000583_000646 x264_qp24                   831 kbps PSNR 40.06 sl 1-1 thr 1/0 QP I/P/B 21.0/24.0/  - I/P/B 2/298/0 15.5s
23:53:55 VIRAT_S_010001_08_000826_000893 native                     1499 kbps (src h264) sl 1-1 QP I/P/B 31.0/20.7/  - I/P/B 2/298/0 d_known True 2.9s
23:53:55 VIRAT_S_000207_05_001125_001193 nvenc_qp28_bf2              299 kbps PSNR 39.82 sl 1-1 thr None/None QP I/P/B 22.0/28.0/36.0 I/P/B 2/100/198 10.1s
23:53:55 VIRAT_S_010001_03_000537_000563 x264_qp24                  1150 kbps PSNR 40.31 sl 1-1 thr 1/0 QP I/P/B 21.0/24.0/  - I/P/B 2/298/0 15.7s
23:53:56 VIRAT_S_010001_07_000741_000810 x264_crf45                   38 kbps PSNR 28.02 sl 1-1 thr 1/0 QP I/P/B 41.1/43.2/  - I/P/B 2/298/0 12.5s
23:54:01 VIRAT_S_010001_05_000649_000684 x264_qp24                   766 kbps PSNR 40.04 sl 1-1 thr 1/0 QP I/P/B 21.0/24.0/  - I/P/B 2/298/0 14.3s
23:54:03 VIRAT_S_000207_05_001125_001193 nvenc_qp28_bf2_bqeq         412 kbps PSNR 39.94 sl 1-1 thr None/None QP I/P/B 22.0/28.0/28.0 I/P/B 2/100/198 8.7s
23:54:07 VIRAT_S_010001_06_000685_000722 x264_qp24                   639 kbps PSNR 40.00 sl 1-1 thr 1/0 QP I/P/B 21.0/24.0/  - I/P/B 2/298/0 13.3s
23:54:10 VIRAT_S_010001_07_000741_000810 x264_qp24                   669 kbps PSNR 39.96 sl 1-1 thr 1/0 QP I/P/B 21.0/24.0/  - I/P/B 2/298/0 14.1s
23:54:12 VIRAT_S_010001_08_000826_000893 x264_crf12                 2192 kbps PSNR 53.55 sl 1-1 thr 1/0 QP I/P/B  8.1/ 9.7/  - I/P/B 2/298/0 17.6s
23:54:13 VIRAT_S_010001_04_000583_000646 x264_qp24_bf2_pb1           864 kbps PSNR 40.13 sl 1-1 thr 1/0 QP I/P/B 21.0/24.0/24.0 I/P/B 2/100/198 18.6s
23:54:14 VIRAT_S_010001_02_000195_000498 x264_qp24_bf2_pb1          1290 kbps PSNR 40.98 sl 1-1 thr 1/0 QP I/P/B 21.0/24.0/24.0 I/P/B 2/100/198 20.5s
23:54:14 VIRAT_S_010000_00_000000_000165 nvenc_qp18                 2164 kbps PSNR 47.71 sl 1-1 thr None/None QP I/P/B 14.0/18.0/  - I/P/B 2/298/0 9.6s
23:54:14 VIRAT_S_010001_03_000537_000563 x264_qp24_bf2_pb1          1195 kbps PSNR 40.31 sl 1-1 thr 1/0 QP I/P/B 21.0/24.0/24.0 I/P/B 2/100/198 19.5s
23:54:20 VIRAT_S_010001_05_000649_000684 x264_qp24_bf2_pb1           806 kbps PSNR 40.08 sl 1-1 thr 1/0 QP I/P/B 21.0/24.0/24.0 I/P/B 2/100/198 18.7s
23:54:23 VIRAT_S_010001_04_000583_000646 mpeg4_q2                   2401 kbps PSNR 43.17 sl 1-1 thr None/None QP I/P/B  4.0/ 4.0/  - I/P/B 2/298/0 10.2s
23:54:24 VIRAT_S_010000_00_000000_000165 nvenc_qp23                 1624 kbps PSNR 42.93 sl 1-1 thr None/None QP I/P/B 18.0/23.0/  - I/P/B 2/298/0 10.1s
23:54:24 VIRAT_S_010001_02_000195_000498 mpeg4_q2                   3345 kbps PSNR 43.28 sl 1-1 thr None/None QP I/P/B  4.0/ 4.0/  - I/P/B 2/298/0 10.5s
23:54:25 VIRAT_S_010001_03_000537_000563 mpeg4_q2                   3091 kbps PSNR 43.15 sl 1-1 thr None/None QP I/P/B  4.0/ 4.0/  - I/P/B 2/298/0 10.5s
23:54:26 VIRAT_S_010001_06_000685_000722 x264_qp24_bf2_pb1           678 kbps PSNR 40.07 sl 1-1 thr 1/0 QP I/P/B 21.0/24.0/24.0 I/P/B 2/100/198 19.1s
23:54:30 VIRAT_S_010001_07_000741_000810 x264_qp24_bf2_pb1           724 kbps PSNR 40.02 sl 1-1 thr 1/0 QP I/P/B 21.0/24.0/24.0 I/P/B 2/100/198 19.3s
23:54:30 VIRAT_S_010001_08_000826_000893 x264_crf18                 1674 kbps PSNR 47.97 sl 1-1 thr 1/0 QP I/P/B 14.0/15.7/  - I/P/B 2/298/0 17.6s
23:54:30 VIRAT_S_010001_05_000649_000684 mpeg4_q2                   2255 kbps PSNR 43.16 sl 1-1 thr None/None QP I/P/B  4.0/ 4.0/  - I/P/B 2/298/0 10.4s
23:54:33 VIRAT_S_010001_04_000583_000646 mpeg4_q4                    987 kbps PSNR 38.86 sl 1-1 thr None/None QP I/P/B  8.0/ 8.0/  - I/P/B 2/298/0 10.2s
23:54:34 VIRAT_S_010000_00_000000_000165 nvenc_qp28                  917 kbps PSNR 38.65 sl 1-1 thr None/None QP I/P/B 22.0/28.0/  - I/P/B 2/298/0 9.7s
23:54:34 VIRAT_S_010001_02_000195_000498 mpeg4_q4                   1427 kbps PSNR 38.92 sl 1-1 thr None/None QP I/P/B  8.0/ 8.0/  - I/P/B 2/298/0 10.2s
23:54:35 VIRAT_S_010001_03_000537_000563 mpeg4_q4                   1325 kbps PSNR 38.82 sl 1-1 thr None/None QP I/P/B  8.0/ 8.0/  - I/P/B 2/298/0 10.2s
23:54:36 VIRAT_S_010001_06_000685_000722 mpeg4_q2                   1987 kbps PSNR 43.24 sl 1-1 thr None/None QP I/P/B  4.0/ 4.0/  - I/P/B 2/298/0 10.3s
23:54:40 VIRAT_S_010001_05_000649_000684 mpeg4_q4                    934 kbps PSNR 38.86 sl 1-1 thr None/None QP I/P/B  8.0/ 8.0/  - I/P/B 2/298/0 10.0s
23:54:40 VIRAT_S_010001_07_000741_000810 mpeg4_q2                   2032 kbps PSNR 43.19 sl 1-1 thr None/None QP I/P/B  4.0/ 4.0/  - I/P/B 2/298/0 10.4s
23:54:43 VIRAT_S_010000_00_000000_000165 nvenc_qp33                  416 kbps PSNR 35.05 sl 1-1 thr None/None QP I/P/B 26.0/33.0/  - I/P/B 2/298/0 9.3s
23:54:44 VIRAT_S_010001_04_000583_000646 mpeg4_q8                    402 kbps PSNR 34.82 sl 1-1 thr None/None QP I/P/B 16.0/16.0/  - I/P/B 2/298/0 10.2s
23:54:45 VIRAT_S_010001_02_000195_000498 mpeg4_q8                    567 kbps PSNR 34.95 sl 1-1 thr None/None QP I/P/B 16.0/16.0/  - I/P/B 2/298/0 10.3s
23:54:45 VIRAT_S_010001_03_000537_000563 mpeg4_q8                    542 kbps PSNR 34.81 sl 1-1 thr None/None QP I/P/B 16.0/16.0/  - I/P/B 2/298/0 10.4s
23:54:46 VIRAT_S_010001_06_000685_000722 mpeg4_q4                    776 kbps PSNR 38.94 sl 1-1 thr None/None QP I/P/B  8.0/ 8.0/  - I/P/B 2/298/0 10.4s
23:54:48 VIRAT_S_010001_08_000826_000893 x264_crf23                 1061 kbps PSNR 42.89 sl 1-1 thr 1/0 QP I/P/B 19.0/20.3/  - I/P/B 2/298/0 17.8s
23:54:50 VIRAT_S_010001_05_000649_000684 mpeg4_q8                    390 kbps PSNR 34.80 sl 1-1 thr None/None QP I/P/B 16.0/16.0/  - I/P/B 2/298/0 10.1s
23:54:51 VIRAT_S_010001_07_000741_000810 mpeg4_q4                    825 kbps PSNR 38.89 sl 1-1 thr None/None QP I/P/B  8.0/ 8.0/  - I/P/B 2/298/0 10.4s
23:54:52 VIRAT_S_010000_00_000000_000165 nvenc_qp38                  218 kbps PSNR 32.58 sl 1-1 thr None/None QP I/P/B 30.0/38.0/  - I/P/B 2/298/0 9.2s
23:54:54 VIRAT_S_010001_04_000583_000646 mpeg4_q16                   188 kbps PSNR 31.43 sl 1-1 thr None/None QP I/P/B 32.0/32.0/  - I/P/B 2/298/0 10.1s
23:54:55 VIRAT_S_010001_02_000195_000498 mpeg4_q16                   236 kbps PSNR 31.52 sl 1-1 thr None/None QP I/P/B 32.0/32.0/  - I/P/B 2/298/0 10.0s
23:54:55 VIRAT_S_010001_03_000537_000563 mpeg4_q16                   235 kbps PSNR 31.39 sl 1-1 thr None/None QP I/P/B 32.0/32.0/  - I/P/B 2/298/0 9.9s
23:54:57 VIRAT_S_010001_06_000685_000722 mpeg4_q8                    321 kbps PSNR 34.87 sl 1-1 thr None/None QP I/P/B 16.0/16.0/  - I/P/B 2/298/0 10.0s
23:55:00 VIRAT_S_010001_05_000649_000684 mpeg4_q16                   192 kbps PSNR 31.38 sl 1-1 thr None/None QP I/P/B 32.0/32.0/  - I/P/B 2/298/0 10.0s
23:55:01 VIRAT_S_010001_07_000741_000810 mpeg4_q8                    356 kbps PSNR 34.82 sl 1-1 thr None/None QP I/P/B 16.0/16.0/  - I/P/B 2/298/0 10.3s
23:55:02 VIRAT_S_010000_00_000000_000165 nvenc_qp45                   99 kbps PSNR 29.77 sl 1-1 thr None/None QP I/P/B 36.0/45.0/  - I/P/B 2/298/0 9.3s
23:55:04 VIRAT_S_010001_08_000826_000893 x264_crf28                  463 kbps PSNR 38.56 sl 1-1 thr 1/0 QP I/P/B 24.1/24.5/  - I/P/B 2/298/0 16.3s
23:55:04 VIRAT_S_010001_04_000583_000646 mpeg4_q31                   181 kbps PSNR 28.71 sl 1-1 thr None/None QP I/P/B 62.0/62.0/  - I/P/B 2/298/0 10.3s
23:55:04 VIRAT_S_010001_04_000583_000646 CPU arms done (856s elapsed)
23:55:05 VIRAT_S_010001_09_000921_000952 loaded 300 frames 1280x720 @ 2397/100 (h264_~1Mbps) in 0.3s
23:55:05 VIRAT_S_010001_02_000195_000498 mpeg4_q31                   192 kbps PSNR 28.74 sl 1-1 thr None/None QP I/P/B 62.0/62.0/  - I/P/B 2/298/0 10.4s
23:55:05 VIRAT_S_010001_02_000195_000498 CPU arms done (858s elapsed)
23:55:06 VIRAT_S_010001_03_000537_000563 mpeg4_q31                   195 kbps PSNR 28.65 sl 1-1 thr None/None QP I/P/B 62.0/62.0/  - I/P/B 2/298/0 10.5s
23:55:06 VIRAT_S_010001_03_000537_000563 CPU arms done (858s elapsed)
23:55:06 VIRAT_S_010001_10_000962_001005 loaded 300 frames 1280x720 @ 2397/100 (h264_~1Mbps) in 0.3s
23:55:07 VIRAT_S_010002_00_000012_000120 loaded 300 frames 1280x720 @ 2397/100 (h264_~1Mbps) in 0.3s
23:55:07 VIRAT_S_010001_06_000685_000722 mpeg4_q16                   166 kbps PSNR 31.44 sl 1-1 thr None/None QP I/P/B 32.0/32.0/  - I/P/B 2/298/0 10.5s
23:55:10 VIRAT_S_010001_05_000649_000684 mpeg4_q31                   183 kbps PSNR 28.62 sl 1-1 thr None/None QP I/P/B 62.0/62.0/  - I/P/B 2/298/0 10.2s
23:55:10 VIRAT_S_010001_05_000649_000684 CPU arms done (863s elapsed)
23:55:11 VIRAT_S_010002_01_000123_000148 loaded 300 frames 1280x720 @ 2397/100 (h264_~1Mbps) in 0.3s
23:55:11 VIRAT_S_010001_07_000741_000810 mpeg4_q16                   188 kbps PSNR 31.34 sl 1-1 thr None/None QP I/P/B 32.0/32.0/  - I/P/B 2/298/0 10.4s
23:55:13 VIRAT_S_010000_00_000000_000165 nvenc_qp28_bf2              721 kbps PSNR 38.03 sl 1-1 thr None/None QP I/P/B 22.0/28.0/36.0 I/P/B 2/100/198 11.2s
23:55:13 VIRAT_S_010001_09_000921_000952 native                     1926 kbps (src h264) sl 1-1 QP I/P/B 31.0/21.4/  - I/P/B 2/298/0 d_known True 3.0s
23:55:14 VIRAT_S_010001_10_000962_001005 native                     1519 kbps (src h264) sl 1-1 QP I/P/B 31.0/22.1/  - I/P/B 2/298/0 d_known True 3.0s
23:55:15 VIRAT_S_010002_00_000012_000120 native                     1570 kbps (src h264) sl 1-1 QP I/P/B 31.0/23.2/  - I/P/B 2/298/0 d_known True 3.0s
23:55:16 VIRAT_S_010001_06_000685_000722 mpeg4_q31                   170 kbps PSNR 28.67 sl 1-1 thr None/None QP I/P/B 62.0/62.0/  - I/P/B 2/298/0 9.4s
23:55:16 VIRAT_S_010001_06_000685_000722 CPU arms done (869s elapsed)
23:55:17 VIRAT_S_010002_02_000174_000204 loaded 300 frames 1280x720 @ 2397/100 (h264_~1Mbps) in 0.3s
23:55:18 VIRAT_S_010001_08_000826_000893 x264_crf33                  190 kbps PSNR 35.19 sl 1-1 thr 1/0 QP I/P/B 29.1/29.9/  - I/P/B 2/298/0 13.8s
23:55:19 VIRAT_S_010002_01_000123_000148 native                     1563 kbps (src h264) sl 1-1 QP I/P/B 31.0/23.0/  - I/P/B 2/298/0 d_known True 3.0s
23:55:20 VIRAT_S_010001_07_000741_000810 mpeg4_q31                   181 kbps PSNR 28.58 sl 1-1 thr None/None QP I/P/B 62.0/62.0/  - I/P/B 2/298/0 9.0s
23:55:20 VIRAT_S_010001_07_000741_000810 CPU arms done (873s elapsed)
23:55:21 VIRAT_S_010002_03_000236_000261 loaded 300 frames 1280x720 @ 2397/100 (h264_~1Mbps) in 0.3s
23:55:23 VIRAT_S_010000_00_000000_000165 nvenc_qp28_bf2_bqeq        1127 kbps PSNR 38.43 sl 1-1 thr None/None QP I/P/B 22.0/28.0/28.0 I/P/B 2/100/198 10.7s
23:55:25 VIRAT_S_010002_02_000174_000204 native                     1593 kbps (src h264) sl 1-1 QP I/P/B 31.0/22.6/  - I/P/B 2/298/0 d_known True 3.1s
23:55:30 VIRAT_S_010002_03_000236_000261 native                     1867 kbps (src h264) sl 1-1 QP I/P/B 31.0/23.9/  - I/P/B 2/298/0 d_known True 3.4s
23:55:30 VIRAT_S_010001_08_000826_000893 x264_crf38                   88 kbps PSNR 31.86 sl 1-1 thr 1/0 QP I/P/B 34.0/36.1/  - I/P/B 2/298/0 12.5s
23:55:31 VIRAT_S_010001_09_000921_000952 x264_crf12                 2718 kbps PSNR 53.17 sl 1-1 thr 1/0 QP I/P/B  8.2/10.3/  - I/P/B 2/298/0 18.0s
23:55:32 VIRAT_S_010001_10_000962_001005 x264_crf12                 2290 kbps PSNR 53.32 sl 1-1 thr 1/0 QP I/P/B  8.0/10.3/  - I/P/B 2/298/0 17.6s
23:55:32 VIRAT_S_010002_00_000012_000120 x264_crf12                 2427 kbps PSNR 53.00 sl 1-1 thr 1/0 QP I/P/B  8.1/10.9/  - I/P/B 2/298/0 17.6s
23:55:34 VIRAT_S_010000_01_000184_000324 nvenc_qp18                 2191 kbps PSNR 46.90 sl 1-1 thr None/None QP I/P/B 14.0/18.0/  - I/P/B 2/298/0 9.2s
23:55:36 VIRAT_S_010002_01_000123_000148 x264_crf12                 2392 kbps PSNR 53.12 sl 1-1 thr 1/0 QP I/P/B  8.1/10.7/  - I/P/B 2/298/0 17.1s
23:55:42 VIRAT_S_010001_08_000826_000893 x264_crf45                   35 kbps PSNR 28.03 sl 1-1 thr 1/0 QP I/P/B 41.0/42.3/  - I/P/B 2/298/0 11.8s
23:55:42 VIRAT_S_010000_01_000184_000324 nvenc_qp23                 1241 kbps PSNR 41.17 sl 1-1 thr None/None QP I/P/B 18.0/23.0/  - I/P/B 2/298/0 8.7s
23:55:43 VIRAT_S_010002_02_000174_000204 x264_crf12                 2435 kbps PSNR 53.08 sl 1-1 thr 1/0 QP I/P/B  8.2/10.5/  - I/P/B 2/298/0 17.9s
23:55:48 VIRAT_S_010001_09_000921_000952 x264_crf18                 2141 kbps PSNR 47.74 sl 1-1 thr 1/0 QP I/P/B 14.1/16.3/  - I/P/B 2/298/0 17.2s
23:55:49 VIRAT_S_010001_10_000962_001005 x264_crf18                 1767 kbps PSNR 48.01 sl 1-1 thr 1/0 QP I/P/B 13.9/16.4/  - I/P/B 2/298/0 16.9s
23:55:50 VIRAT_S_010002_03_000236_000261 x264_crf12                 2966 kbps PSNR 52.02 sl 1-1 thr 1/0 QP I/P/B  8.5/11.4/  - I/P/B 2/298/0 19.4s
23:55:50 VIRAT_S_010002_00_000012_000120 x264_crf18                 1882 kbps PSNR 47.95 sl 1-1 thr 1/0 QP I/P/B 13.9/16.9/  - I/P/B 2/298/0 17.3s
23:55:51 VIRAT_S_010000_01_000184_000324 nvenc_qp28                  568 kbps PSNR 37.13 sl 1-1 thr None/None QP I/P/B 22.0/28.0/  - I/P/B 2/298/0 8.7s
23:55:53 VIRAT_S_010002_01_000123_000148 x264_crf18                 1853 kbps PSNR 48.04 sl 1-1 thr 1/0 QP I/P/B 14.1/16.8/  - I/P/B 2/298/0 16.6s
23:55:56 VIRAT_S_010001_08_000826_000893 x264_qp24                   686 kbps PSNR 40.03 sl 1-1 thr 1/0 QP I/P/B 21.0/24.0/  - I/P/B 2/298/0 14.0s
23:55:59 VIRAT_S_010000_01_000184_000324 nvenc_qp33                  256 kbps PSNR 35.02 sl 1-1 thr None/None QP I/P/B 26.0/33.0/  - I/P/B 2/298/0 8.2s
23:56:00 VIRAT_S_010002_02_000174_000204 x264_crf18                 1900 kbps PSNR 47.93 sl 1-1 thr 1/0 QP I/P/B 14.1/16.6/  - I/P/B 2/298/0 16.9s
23:56:05 VIRAT_S_010001_10_000962_001005 x264_crf23                 1191 kbps PSNR 42.94 sl 1-1 thr 1/0 QP I/P/B 18.9/21.0/  - I/P/B 2/298/0 16.7s
23:56:05 VIRAT_S_010001_09_000921_000952 x264_crf23                 1306 kbps PSNR 42.53 sl 1-1 thr 1/0 QP I/P/B 19.1/20.9/  - I/P/B 2/298/0 17.0s
23:56:06 VIRAT_S_010002_00_000012_000120 x264_crf23                 1274 kbps PSNR 42.84 sl 1-1 thr 1/0 QP I/P/B 19.0/21.7/  - I/P/B 2/298/0 16.6s
23:56:08 VIRAT_S_010000_01_000184_000324 nvenc_qp38                  135 kbps PSNR 33.85 sl 1-1 thr None/None QP I/P/B 30.0/38.0/  - I/P/B 2/298/0 8.8s
23:56:09 VIRAT_S_010002_03_000236_000261 x264_crf18                 2287 kbps PSNR 47.33 sl 1-1 thr 1/0 QP I/P/B 14.5/17.5/  - I/P/B 2/298/0 19.0s
23:56:09 VIRAT_S_010002_01_000123_000148 x264_crf23                 1246 kbps PSNR 42.88 sl 1-1 thr 1/0 QP I/P/B 19.1/21.6/  - I/P/B 2/298/0 16.5s
23:56:15 VIRAT_S_010001_08_000826_000893 x264_qp24_bf2_pb1           734 kbps PSNR 40.07 sl 1-1 thr 1/0 QP I/P/B 21.0/24.0/24.0 I/P/B 2/100/198 18.5s
23:56:16 VIRAT_S_010000_01_000184_000324 nvenc_qp45                   63 kbps PSNR 31.02 sl 1-1 thr None/None QP I/P/B 36.0/45.0/  - I/P/B 2/298/0 8.4s
23:56:17 VIRAT_S_010002_02_000174_000204 x264_crf23                 1254 kbps PSNR 42.83 sl 1-1 thr 1/0 QP I/P/B 19.1/21.4/  - I/P/B 2/298/0 16.7s
23:56:20 VIRAT_S_010001_10_000962_001005 x264_crf28                  545 kbps PSNR 38.48 sl 1-1 thr 1/0 QP I/P/B 23.9/25.9/  - I/P/B 2/298/0 15.1s
23:56:21 VIRAT_S_010001_09_000921_000952 x264_crf28                  569 kbps PSNR 38.21 sl 1-1 thr 1/0 QP I/P/B 24.1/25.5/  - I/P/B 2/298/0 15.2s
23:56:22 VIRAT_S_010002_00_000012_000120 x264_crf28                  607 kbps PSNR 38.28 sl 1-1 thr 1/0 QP I/P/B 24.0/26.7/  - I/P/B 2/298/0 15.4s
23:56:25 VIRAT_S_010001_08_000826_000893 mpeg4_q2                   2072 kbps PSNR 43.23 sl 1-1 thr None/None QP I/P/B  4.0/ 4.0/  - I/P/B 2/298/0 10.0s
23:56:25 VIRAT_S_010002_01_000123_000148 x264_crf28                  585 kbps PSNR 38.28 sl 1-1 thr 1/0 QP I/P/B 24.1/26.5/  - I/P/B 2/298/0 15.7s
23:56:27 VIRAT_S_010000_01_000184_000324 nvenc_qp28_bf2              481 kbps PSNR 37.12 sl 1-1 thr None/None QP I/P/B 22.0/28.0/36.0 I/P/B 2/100/198 10.1s
23:56:27 VIRAT_S_010002_03_000236_000261 x264_crf23                 1544 kbps PSNR 42.51 sl 1-1 thr 1/0 QP I/P/B 19.5/22.3/  - I/P/B 2/298/0 18.6s
23:56:32 VIRAT_S_010002_02_000174_000204 x264_crf28                  578 kbps PSNR 38.32 sl 1-1 thr 1/0 QP I/P/B 24.1/26.2/  - I/P/B 2/298/0 15.7s
23:56:34 VIRAT_S_010001_10_000962_001005 x264_crf33                  224 kbps PSNR 35.11 sl 1-1 thr 1/0 QP I/P/B 28.9/31.4/  - I/P/B 2/298/0 13.9s
23:56:35 VIRAT_S_010001_08_000826_000893 mpeg4_q4                    834 kbps PSNR 38.92 sl 1-1 thr None/None QP I/P/B  8.0/ 8.0/  - I/P/B 2/298/0 10.1s
23:56:35 VIRAT_S_010001_09_000921_000952 x264_crf33                  222 kbps PSNR 34.89 sl 1-1 thr 1/0 QP I/P/B 29.1/31.0/  - I/P/B 2/298/0 14.2s
23:56:36 VIRAT_S_010002_00_000012_000120 x264_crf33                  253 kbps PSNR 34.84 sl 1-1 thr 1/0 QP I/P/B 28.9/32.1/  - I/P/B 2/298/0 14.1s
23:56:37 VIRAT_S_010000_01_000184_000324 nvenc_qp28_bf2_bqeq         682 kbps PSNR 37.23 sl 1-1 thr None/None QP I/P/B 22.0/28.0/28.0 I/P/B 2/100/198 10.4s
23:56:39 VIRAT_S_010002_01_000123_000148 x264_crf33                  245 kbps PSNR 34.86 sl 1-1 thr 1/0 QP I/P/B 29.1/32.3/  - I/P/B 2/298/0 13.8s
23:56:44 VIRAT_S_010002_03_000236_000261 x264_crf28                  716 kbps PSNR 38.16 sl 1-1 thr 1/0 QP I/P/B 24.4/27.2/  - I/P/B 2/298/0 17.1s
23:56:45 VIRAT_S_010001_08_000826_000893 mpeg4_q8                    352 kbps PSNR 34.84 sl 1-1 thr None/None QP I/P/B 16.0/16.0/  - I/P/B 2/298/0 9.8s
23:56:46 VIRAT_S_010002_02_000174_000204 x264_crf33                  235 kbps PSNR 34.93 sl 1-1 thr 1/0 QP I/P/B 29.1/31.7/  - I/P/B 2/298/0 14.1s
23:56:48 VIRAT_S_010001_10_000962_001005 x264_crf38                  102 kbps PSNR 31.83 sl 1-1 thr 1/0 QP I/P/B 33.9/36.9/  - I/P/B 2/298/0 13.4s
23:56:48 VIRAT_S_010001_09_000921_000952 x264_crf38                   92 kbps PSNR 31.69 sl 1-1 thr 1/0 QP I/P/B 34.1/36.9/  - I/P/B 2/298/0 13.2s
23:56:49 VIRAT_S_010000_02_000388_000421 nvenc_qp18                 1952 kbps PSNR 46.88 sl 1-1 thr None/None QP I/P/B 14.0/18.0/  - I/P/B 2/298/0 10.8s
23:56:50 VIRAT_S_010002_00_000012_000120 x264_crf38                  110 kbps PSNR 31.64 sl 1-1 thr 1/0 QP I/P/B 33.9/37.3/  - I/P/B 2/298/0 13.6s
23:56:53 VIRAT_S_010002_01_000123_000148 x264_crf38                  107 kbps PSNR 31.62 sl 1-1 thr 1/0 QP I/P/B 34.1/37.6/  - I/P/B 2/298/0 13.7s
23:56:54 VIRAT_S_010001_08_000826_000893 mpeg4_q16                   181 kbps PSNR 31.39 sl 1-1 thr None/None QP I/P/B 32.0/32.0/  - I/P/B 2/298/0 9.3s
23:56:58 VIRAT_S_010000_02_000388_000421 nvenc_qp23                  892 kbps PSNR 40.64 sl 1-1 thr None/None QP I/P/B 18.0/23.0/  - I/P/B 2/298/0 9.3s
23:57:00 VIRAT_S_010002_03_000236_000261 x264_crf33                  295 kbps PSNR 34.75 sl 1-1 thr 1/0 QP I/P/B 29.5/32.4/  - I/P/B 2/298/0 15.3s
23:57:00 VIRAT_S_010002_02_000174_000204 x264_crf38                  100 kbps PSNR 31.71 sl 1-1 thr 1/0 QP I/P/B 34.1/36.9/  - I/P/B 2/298/0 13.8s
23:57:01 VIRAT_S_010001_10_000962_001005 x264_crf45                   42 kbps PSNR 28.02 sl 1-1 thr 1/0 QP I/P/B 40.9/43.2/  - I/P/B 2/298/0 13.2s
23:57:01 VIRAT_S_010001_09_000921_000952 x264_crf45                   36 kbps PSNR 28.00 sl 1-1 thr 1/0 QP I/P/B 41.1/41.5/  - I/P/B 2/298/0 13.1s
23:57:03 VIRAT_S_010002_00_000012_000120 x264_crf45                   40 kbps PSNR 27.90 sl 1-1 thr 1/0 QP I/P/B 40.9/42.3/  - I/P/B 2/298/0 13.2s
23:57:04 VIRAT_S_010001_08_000826_000893 mpeg4_q31                   179 kbps PSNR 28.64 sl 1-1 thr None/None QP I/P/B 62.0/62.0/  - I/P/B 2/298/0 9.7s
23:57:04 VIRAT_S_010001_08_000826_000893 CPU arms done (976s elapsed)
23:57:04 VIRAT_S_010002_04_000307_000350 loaded 300 frames 1280x720 @ 2397/100 (h264_~1Mbps) in 0.3s
23:57:06 VIRAT_S_010002_01_000123_000148 x264_crf45                   41 kbps PSNR 27.88 sl 1-1 thr 1/0 QP I/P/B 41.1/43.3/  - I/P/B 2/298/0 13.2s
23:57:07 VIRAT_S_010000_02_000388_000421 nvenc_qp28                  395 kbps PSNR 37.05 sl 1-1 thr None/None QP I/P/B 22.0/28.0/  - I/P/B 2/298/0 8.8s
23:57:12 VIRAT_S_010002_04_000307_000350 native                     1261 kbps (src h264) sl 1-1 QP I/P/B 31.0/23.1/  - I/P/B 2/298/0 d_known True 2.9s
23:57:13 VIRAT_S_010002_02_000174_000204 x264_crf45                   39 kbps PSNR 27.95 sl 1-1 thr 1/0 QP I/P/B 41.1/41.5/  - I/P/B 2/298/0 12.6s
23:57:13 VIRAT_S_010002_03_000236_000261 x264_crf38                  128 kbps PSNR 31.57 sl 1-1 thr 1/0 QP I/P/B 34.4/37.3/  - I/P/B 2/298/0 13.6s
23:57:16 VIRAT_S_010000_02_000388_000421 nvenc_qp33                  193 kbps PSNR 35.01 sl 1-1 thr None/None QP I/P/B 26.0/33.0/  - I/P/B 2/298/0 8.9s
23:57:16 VIRAT_S_010001_10_000962_001005 x264_qp24                   892 kbps PSNR 40.30 sl 1-1 thr 1/0 QP I/P/B 21.0/24.0/  - I/P/B 2/298/0 15.0s
23:57:17 VIRAT_S_010001_09_000921_000952 x264_qp24                  1035 kbps PSNR 40.11 sl 1-1 thr 1/0 QP I/P/B 21.0/24.0/  - I/P/B 2/298/0 15.4s
23:57:18 VIRAT_S_010002_00_000012_000120 x264_qp24                  1087 kbps PSNR 40.56 sl 1-1 thr 1/0 QP I/P/B 21.0/24.0/  - I/P/B 2/298/0 15.1s
23:57:21 VIRAT_S_010002_01_000123_000148 x264_qp24                  1059 kbps PSNR 40.54 sl 1-1 thr 1/0 QP I/P/B 21.0/24.0/  - I/P/B 2/298/0 15.4s
23:57:24 VIRAT_S_010000_02_000388_000421 nvenc_qp38                  120 kbps PSNR 33.98 sl 1-1 thr None/None QP I/P/B 30.0/38.0/  - I/P/B 2/298/0 7.9s
23:57:26 VIRAT_S_010002_03_000236_000261 x264_crf45                   50 kbps PSNR 27.77 sl 1-1 thr 1/0 QP I/P/B 41.4/42.7/  - I/P/B 2/298/0 12.2s
23:57:28 VIRAT_S_010002_02_000174_000204 x264_qp24                  1003 kbps PSNR 40.32 sl 1-1 thr 1/0 QP I/P/B 21.0/24.0/  - I/P/B 2/298/0 14.6s
23:57:29 VIRAT_S_010002_04_000307_000350 x264_crf12                 2011 kbps PSNR 53.30 sl 1-1 thr 1/0 QP I/P/B  8.0/10.5/  - I/P/B 2/298/0 16.5s
23:57:32 VIRAT_S_010000_02_000388_000421 nvenc_qp45                   61 kbps PSNR 31.04 sl 1-1 thr None/None QP I/P/B 36.0/45.0/  - I/P/B 2/298/0 8.1s
23:57:35 VIRAT_S_010001_10_000962_001005 x264_qp24_bf2_pb1           961 kbps PSNR 40.38 sl 1-1 thr 1/0 QP I/P/B 21.0/24.0/24.0 I/P/B 2/100/198 19.2s
23:57:36 VIRAT_S_010001_09_000921_000952 x264_qp24_bf2_pb1          1049 kbps PSNR 40.15 sl 1-1 thr 1/0 QP I/P/B 21.0/24.0/24.0 I/P/B 2/100/198 19.4s
23:57:38 VIRAT_S_010002_00_000012_000120 x264_qp24_bf2_pb1          1166 kbps PSNR 40.54 sl 1-1 thr 1/0 QP I/P/B 21.0/24.0/24.0 I/P/B 2/100/198 19.6s
23:57:41 VIRAT_S_010002_01_000123_000148 x264_qp24_bf2_pb1          1137 kbps PSNR 40.54 sl 1-1 thr 1/0 QP I/P/B 21.0/24.0/24.0 I/P/B 2/100/198 19.9s
23:57:42 VIRAT_S_010000_02_000388_000421 nvenc_qp28_bf2              349 kbps PSNR 37.05 sl 1-1 thr None/None QP I/P/B 22.0/28.0/36.0 I/P/B 2/100/198 9.8s
23:57:42 VIRAT_S_010002_03_000236_000261 x264_qp24                  1381 kbps PSNR 41.09 sl 1-1 thr 1/0 QP I/P/B 21.0/24.0/  - I/P/B 2/298/0 16.8s
23:57:46 VIRAT_S_010002_04_000307_000350 x264_crf18                 1545 kbps PSNR 48.26 sl 1-1 thr 1/0 QP I/P/B 13.9/16.6/  - I/P/B 2/298/0 17.3s
23:57:46 VIRAT_S_010001_10_000962_001005 mpeg4_q2                   2565 kbps PSNR 43.15 sl 1-1 thr None/None QP I/P/B  4.0/ 4.0/  - I/P/B 2/298/0 11.2s
23:57:47 VIRAT_S_010001_09_000921_000952 mpeg4_q2                   2913 kbps PSNR 43.17 sl 1-1 thr None/None QP I/P/B  4.0/ 4.0/  - I/P/B 2/298/0 10.7s
23:57:48 VIRAT_S_010002_00_000012_000120 mpeg4_q2                   3021 kbps PSNR 43.15 sl 1-1 thr None/None QP I/P/B  4.0/ 4.0/  - I/P/B 2/298/0 10.5s
23:57:48 VIRAT_S_010002_02_000174_000204 x264_qp24_bf2_pb1          1077 kbps PSNR 40.39 sl 1-1 thr 1/0 QP I/P/B 21.0/24.0/24.0 I/P/B 2/100/198 20.5s
23:57:51 VIRAT_S_010002_01_000123_000148 mpeg4_q2                   2918 kbps PSNR 43.17 sl 1-1 thr None/None QP I/P/B  4.0/ 4.0/  - I/P/B 2/298/0 10.0s
23:57:52 VIRAT_S_010000_02_000388_000421 nvenc_qp28_bf2_bqeq         518 kbps PSNR 37.14 sl 1-1 thr None/None QP I/P/B 22.0/28.0/28.0 I/P/B 2/100/198 10.0s
23:57:56 VIRAT_S_010001_10_000962_001005 mpeg4_q4                   1081 kbps PSNR 38.86 sl 1-1 thr None/None QP I/P/B  8.0/ 8.0/  - I/P/B 2/298/0 9.8s
23:57:57 VIRAT_S_010001_09_000921_000952 mpeg4_q4                   1192 kbps PSNR 38.87 sl 1-1 thr None/None QP I/P/B  8.0/ 8.0/  - I/P/B 2/298/0 10.6s
23:57:58 VIRAT_S_010002_00_000012_000120 mpeg4_q4                   1287 kbps PSNR 38.81 sl 1-1 thr None/None QP I/P/B  8.0/ 8.0/  - I/P/B 2/298/0 10.3s
23:57:59 VIRAT_S_010002_02_000174_000204 mpeg4_q2                   2819 kbps PSNR 43.15 sl 1-1 thr None/None QP I/P/B  4.0/ 4.0/  - I/P/B 2/298/0 10.5s
23:58:02 VIRAT_S_010002_01_000123_000148 mpeg4_q4                   1247 kbps PSNR 38.82 sl 1-1 thr None/None QP I/P/B  8.0/ 8.0/  - I/P/B 2/298/0 10.5s
23:58:02 VIRAT_S_010000_03_000442_000528 nvenc_qp18                 1951 kbps PSNR 46.78 sl 1-1 thr None/None QP I/P/B 14.0/18.0/  - I/P/B 2/298/0 9.9s
23:58:03 VIRAT_S_010002_04_000307_000350 x264_crf23                 1076 kbps PSNR 43.22 sl 1-1 thr 1/0 QP I/P/B 18.9/21.3/  - I/P/B 2/298/0 16.9s
23:58:06 VIRAT_S_010002_03_000236_000261 x264_qp24_bf2_pb1          1571 kbps PSNR 41.01 sl 1-1 thr 1/0 QP I/P/B 21.0/24.0/24.0 I/P/B 2/100/198 23.7s
23:58:06 VIRAT_S_010001_10_000962_001005 mpeg4_q8                    446 kbps PSNR 34.84 sl 1-1 thr None/None QP I/P/B 16.0/16.0/  - I/P/B 2/298/0 10.1s
23:58:07 VIRAT_S_010001_09_000921_000952 mpeg4_q8                    471 kbps PSNR 34.84 sl 1-1 thr None/None QP I/P/B 16.0/16.0/  - I/P/B 2/298/0 9.9s
23:58:09 VIRAT_S_010002_00_000012_000120 mpeg4_q8                    520 kbps PSNR 34.82 sl 1-1 thr None/None QP I/P/B 16.0/16.0/  - I/P/B 2/298/0 10.8s
23:58:10 VIRAT_S_010002_02_000174_000204 mpeg4_q4                   1179 kbps PSNR 38.84 sl 1-1 thr None/None QP I/P/B  8.0/ 8.0/  - I/P/B 2/298/0 11.1s
23:58:12 VIRAT_S_010002_01_000123_000148 mpeg4_q8                    510 kbps PSNR 34.83 sl 1-1 thr None/None QP I/P/B 16.0/16.0/  - I/P/B 2/298/0 10.2s
23:58:12 VIRAT_S_010000_03_000442_000528 nvenc_qp23                  929 kbps PSNR 40.79 sl 1-1 thr None/None QP I/P/B 18.0/23.0/  - I/P/B 2/298/0 9.6s
23:58:16 VIRAT_S_010001_10_000962_001005 mpeg4_q16                   207 kbps PSNR 31.40 sl 1-1 thr None/None QP I/P/B 32.0/32.0/  - I/P/B 2/298/0 10.3s
23:58:17 VIRAT_S_010002_03_000236_000261 mpeg4_q2                   4259 kbps PSNR 43.31 sl 1-1 thr None/None QP I/P/B  4.0/ 4.0/  - I/P/B 2/298/0 11.3s
23:58:18 VIRAT_S_010001_09_000921_000952 mpeg4_q16                   202 kbps PSNR 31.43 sl 1-1 thr None/None QP I/P/B 32.0/32.0/  - I/P/B 2/298/0 10.3s
23:58:20 VIRAT_S_010002_04_000307_000350 x264_crf28                  499 kbps PSNR 38.61 sl 1-1 thr 1/0 QP I/P/B 23.9/26.0/  - I/P/B 2/298/0 16.7s
23:58:20 VIRAT_S_010002_00_000012_000120 mpeg4_q16                   225 kbps PSNR 31.38 sl 1-1 thr None/None QP I/P/B 32.0/32.0/  - I/P/B 2/298/0 10.6s
23:58:21 VIRAT_S_010002_02_000174_000204 mpeg4_q8                    470 kbps PSNR 34.85 sl 1-1 thr None/None QP I/P/B 16.0/16.0/  - I/P/B 2/298/0 10.7s
23:58:22 VIRAT_S_010000_03_000442_000528 nvenc_qp28                  408 kbps PSNR 37.11 sl 1-1 thr None/None QP I/P/B 22.0/28.0/  - I/P/B 2/298/0 9.5s
23:58:23 VIRAT_S_010002_01_000123_000148 mpeg4_q16                   225 kbps PSNR 31.40 sl 1-1 thr None/None QP I/P/B 32.0/32.0/  - I/P/B 2/298/0 11.1s
23:58:26 VIRAT_S_010001_10_000962_001005 mpeg4_q31                   187 kbps PSNR 28.66 sl 1-1 thr None/None QP I/P/B 62.0/62.0/  - I/P/B 2/298/0 9.9s
23:58:26 VIRAT_S_010001_10_000962_001005 CPU arms done (1059s elapsed)
23:58:27 VIRAT_S_010002_05_000397_000420 loaded 300 frames 1280x720 @ 2397/100 (h264_~1Mbps) in 0.3s
23:58:28 VIRAT_S_010001_09_000921_000952 mpeg4_q31                   180 kbps PSNR 28.66 sl 1-1 thr None/None QP I/P/B 62.0/62.0/  - I/P/B 2/298/0 10.2s
23:58:28 VIRAT_S_010001_09_000921_000952 CPU arms done (1060s elapsed)
23:58:28 VIRAT_S_010002_03_000236_000261 mpeg4_q4                   1747 kbps PSNR 39.11 sl 1-1 thr None/None QP I/P/B  8.0/ 8.0/  - I/P/B 2/298/0 10.8s
23:58:29 VIRAT_S_010002_06_000441_000467 loaded 300 frames 1280x720 @ 2397/100 (h264_~1Mbps) in 0.3s
23:58:30 VIRAT_S_010002_00_000012_000120 mpeg4_q31                   196 kbps PSNR 28.57 sl 1-1 thr None/None QP I/P/B 62.0/62.0/  - I/P/B 2/298/0 10.2s
23:58:30 VIRAT_S_010002_00_000012_000120 CPU arms done (1062s elapsed)
23:58:31 VIRAT_S_010002_07_000522_000547 loaded 300 frames 1280x720 @ 2397/100 (h264_~1Mbps) in 0.3s
23:58:31 VIRAT_S_010000_03_000442_000528 nvenc_qp33                  197 kbps PSNR 35.00 sl 1-1 thr None/None QP I/P/B 26.0/33.0/  - I/P/B 2/298/0 9.5s
23:58:31 VIRAT_S_010002_02_000174_000204 mpeg4_q16                   206 kbps PSNR 31.42 sl 1-1 thr None/None QP I/P/B 32.0/32.0/  - I/P/B 2/298/0 10.5s
23:58:34 VIRAT_S_010002_01_000123_000148 mpeg4_q31                   188 kbps PSNR 28.58 sl 1-1 thr None/None QP I/P/B 62.0/62.0/  - I/P/B 2/298/0 10.4s
23:58:34 VIRAT_S_010002_01_000123_000148 CPU arms done (1066s elapsed)
23:58:34 VIRAT_S_010003_00_000000_000108 loaded 300 frames 1280x720 @ 2397/100 (h264_~1Mbps) in 0.3s
23:58:34 VIRAT_S_010002_04_000307_000350 x264_crf33                  207 kbps PSNR 35.21 sl 1-1 thr 1/0 QP I/P/B 28.9/31.2/  - I/P/B 2/298/0 14.9s
23:58:35 VIRAT_S_010002_05_000397_000420 native                     1897 kbps (src h264) sl 1-1 QP I/P/B 31.0/22.6/  - I/P/B 2/298/0 d_known True 3.1s
23:58:37 VIRAT_S_010002_06_000441_000467 native                     1518 kbps (src h264) sl 1-1 QP I/P/B 31.0/22.1/  - I/P/B 2/298/0 d_known True 3.0s
23:58:38 VIRAT_S_010002_03_000236_000261 mpeg4_q8                    669 kbps PSNR 35.14 sl 1-1 thr None/None QP I/P/B 16.0/16.0/  - I/P/B 2/298/0 10.1s
23:58:39 VIRAT_S_010002_07_000522_000547 native                     1639 kbps (src h264) sl 1-1 QP I/P/B 31.0/23.9/  - I/P/B 2/298/0 d_known True 2.9s
23:58:40 VIRAT_S_010000_03_000442_000528 nvenc_qp38                  122 kbps PSNR 33.95 sl 1-1 thr None/None QP I/P/B 30.0/38.0/  - I/P/B 2/298/0 8.8s
23:58:41 VIRAT_S_010002_02_000174_000204 mpeg4_q31                   184 kbps PSNR 28.63 sl 1-1 thr None/None QP I/P/B 62.0/62.0/  - I/P/B 2/298/0 9.5s
23:58:41 VIRAT_S_010002_02_000174_000204 CPU arms done (1073s elapsed)
23:58:42 VIRAT_S_010003_01_000111_000137 loaded 300 frames 1280x720 @ 2397/100 (h264_~1Mbps) in 0.2s
23:58:42 VIRAT_S_010003_00_000000_000108 native                      589 kbps (src h264) sl 1-1 QP I/P/B 31.0/29.0/  - I/P/B 2/298/0 d_known True 3.0s
23:58:47 VIRAT_S_010002_04_000307_000350 x264_crf38                   93 kbps PSNR 31.93 sl 1-1 thr 1/0 QP I/P/B 33.9/36.4/  - I/P/B 2/298/0 13.0s
23:58:48 VIRAT_S_010000_03_000442_000528 nvenc_qp45                   61 kbps PSNR 31.13 sl 1-1 thr None/None QP I/P/B 36.0/45.0/  - I/P/B 2/298/0 8.4s
23:58:48 VIRAT_S_010002_03_000236_000261 mpeg4_q16                   266 kbps PSNR 31.61 sl 1-1 thr None/None QP I/P/B 32.0/32.0/  - I/P/B 2/298/0 10.0s
23:58:49 VIRAT_S_010003_01_000111_000137 native                      720 kbps (src h264) sl 1-1 QP I/P/B 31.0/24.9/  - I/P/B 2/298/0 d_known True 3.0s
23:58:54 VIRAT_S_010002_05_000397_000420 x264_crf12                 2834 kbps PSNR 52.73 sl 1-1 thr 1/0 QP I/P/B  8.2/10.7/  - I/P/B 2/298/0 18.6s
23:58:55 VIRAT_S_010002_06_000441_000467 x264_crf12                 2278 kbps PSNR 53.30 sl 1-1 thr 1/0 QP I/P/B  8.1/10.4/  - I/P/B 2/298/0 17.6s
23:58:58 VIRAT_S_010002_07_000522_000547 x264_crf12                 2579 kbps PSNR 52.74 sl 1-1 thr 1/0 QP I/P/B  8.1/11.0/  - I/P/B 2/298/0 18.5s
23:58:58 VIRAT_S_010003_00_000000_000108 x264_crf12                 1092 kbps PSNR 54.16 sl 1-1 thr 1/0 QP I/P/B  7.8/10.6/  - I/P/B 2/298/0 15.5s
23:58:58 VIRAT_S_010002_03_000236_000261 mpeg4_q31                   212 kbps PSNR 28.77 sl 1-1 thr None/None QP I/P/B 62.0/62.0/  - I/P/B 2/298/0 9.8s
23:58:58 VIRAT_S_010002_03_000236_000261 CPU arms done (1091s elapsed)
23:58:58 VIRAT_S_010000_03_000442_000528 nvenc_qp28_bf2              342 kbps PSNR 37.06 sl 1-1 thr None/None QP I/P/B 22.0/28.0/36.0 I/P/B 2/100/198 10.0s
23:58:59 VIRAT_S_010003_02_000165_000202 loaded 300 frames 1280x720 @ 2397/100 (h264_~1Mbps) in 0.3s
23:59:00 VIRAT_S_010002_04_000307_000350 x264_crf45                   36 kbps PSNR 28.13 sl 1-1 thr 1/0 QP I/P/B 40.9/42.0/  - I/P/B 2/298/0 12.7s
23:59:05 VIRAT_S_010003_01_000111_000137 x264_crf12                 1197 kbps PSNR 54.86 sl 1-1 thr 1/0 QP I/P/B  7.5/10.1/  - I/P/B 2/298/0 15.3s
23:59:07 VIRAT_S_010003_02_000165_000202 native                     1254 kbps (src h264) sl 1-1 QP I/P/B 31.0/25.0/  - I/P/B 2/298/0 d_known True 2.9s
23:59:08 VIRAT_S_010000_03_000442_000528 nvenc_qp28_bf2_bqeq         528 kbps PSNR 37.16 sl 1-1 thr None/None QP I/P/B 22.0/28.0/28.0 I/P/B 2/100/198 9.7s
23:59:12 VIRAT_S_010002_05_000397_000420 x264_crf18                 2220 kbps PSNR 47.68 sl 1-1 thr 1/0 QP I/P/B 14.1/16.8/  - I/P/B 2/298/0 17.5s
23:59:12 VIRAT_S_010002_06_000441_000467 x264_crf18                 1770 kbps PSNR 47.98 sl 1-1 thr 1/0 QP I/P/B 14.0/16.5/  - I/P/B 2/298/0 17.2s
23:59:12 VIRAT_S_010003_00_000000_000108 x264_crf18                  815 kbps PSNR 49.15 sl 1-1 thr 1/0 QP I/P/B 13.8/16.4/  - I/P/B 2/298/0 14.6s
23:59:15 VIRAT_S_010002_04_000307_000350 x264_qp24                   834 kbps PSNR 40.54 sl 1-1 thr 1/0 QP I/P/B 21.0/24.0/  - I/P/B 2/298/0 14.4s
23:59:15 VIRAT_S_010002_07_000522_000547 x264_crf18                 2014 kbps PSNR 47.95 sl 1-1 thr 1/0 QP I/P/B 14.0/17.1/  - I/P/B 2/298/0 17.3s
23:59:17 VIRAT_S_010000_04_000530_000605 nvenc_qp18                 1677 kbps PSNR 46.64 sl 1-1 thr None/None QP I/P/B 14.0/18.0/  - I/P/B 2/298/0 8.6s
23:59:19 VIRAT_S_010003_01_000111_000137 x264_crf18                  920 kbps PSNR 49.31 sl 1-1 thr 1/0 QP I/P/B 13.4/15.9/  - I/P/B 2/298/0 14.9s
23:59:23 VIRAT_S_010003_02_000165_000202 x264_crf12                 2006 kbps PSNR 53.05 sl 1-1 thr 1/0 QP I/P/B  8.0/10.5/  - I/P/B 2/298/0 16.7s
23:59:26 VIRAT_S_010003_00_000000_000108 x264_crf23                  652 kbps PSNR 44.34 sl 1-1 thr 1/0 QP I/P/B 18.8/21.3/  - I/P/B 2/298/0 14.0s
23:59:26 VIRAT_S_010000_04_000530_000605 nvenc_qp23                  776 kbps PSNR 40.74 sl 1-1 thr None/None QP I/P/B 18.0/23.0/  - I/P/B 2/298/0 8.7s
23:59:29 VIRAT_S_010002_06_000441_000467 x264_crf23                 1165 kbps PSNR 42.90 sl 1-1 thr 1/0 QP I/P/B 19.0/21.2/  - I/P/B 2/298/0 16.7s
23:59:29 VIRAT_S_010002_05_000397_000420 x264_crf23                 1408 kbps PSNR 42.56 sl 1-1 thr 1/0 QP I/P/B 19.1/21.5/  - I/P/B 2/298/0 17.1s
23:59:32 VIRAT_S_010002_07_000522_000547 x264_crf23                 1374 kbps PSNR 42.83 sl 1-1 thr 1/0 QP I/P/B 19.0/21.9/  - I/P/B 2/298/0 16.9s
23:59:34 VIRAT_S_010002_04_000307_000350 x264_qp24_bf2_pb1           909 kbps PSNR 40.56 sl 1-1 thr 1/0 QP I/P/B 21.0/24.0/24.0 I/P/B 2/100/198 19.1s
23:59:35 VIRAT_S_010003_01_000111_000137 x264_crf23                  691 kbps PSNR 43.99 sl 1-1 thr 1/0 QP I/P/B 18.4/20.8/  - I/P/B 2/298/0 15.2s
23:59:35 VIRAT_S_010000_04_000530_000605 nvenc_qp28                  333 kbps PSNR 37.06 sl 1-1 thr None/None QP I/P/B 22.0/28.0/  - I/P/B 2/298/0 8.6s
23:59:40 VIRAT_S_010003_02_000165_000202 x264_crf18                 1414 kbps PSNR 47.61 sl 1-1 thr 1/0 QP I/P/B 14.0/16.8/  - I/P/B 2/298/0 16.9s
23:59:40 VIRAT_S_010003_00_000000_000108 x264_crf28                  402 kbps PSNR 39.60 sl 1-1 thr 1/0 QP I/P/B 23.8/26.5/  - I/P/B 2/298/0 14.3s
23:59:44 VIRAT_S_010002_06_000441_000467 x264_crf28                  529 kbps PSNR 38.44 sl 1-1 thr 1/0 QP I/P/B 24.0/26.0/  - I/P/B 2/298/0 15.1s
23:59:44 VIRAT_S_010000_04_000530_000605 nvenc_qp33                  162 kbps PSNR 35.08 sl 1-1 thr None/None QP I/P/B 26.0/33.0/  - I/P/B 2/298/0 9.0s
23:59:44 VIRAT_S_010002_04_000307_000350 mpeg4_q2                   2532 kbps PSNR 43.28 sl 1-1 thr None/None QP I/P/B  4.0/ 4.0/  - I/P/B 2/298/0 10.5s
23:59:44 VIRAT_S_010002_05_000397_000420 x264_crf28                  640 kbps PSNR 38.12 sl 1-1 thr 1/0 QP I/P/B 24.1/26.5/  - I/P/B 2/298/0 15.7s
23:59:48 VIRAT_S_010002_07_000522_000547 x264_crf28                  649 kbps PSNR 38.27 sl 1-1 thr 1/0 QP I/P/B 24.0/26.8/  - I/P/B 2/298/0 16.1s
23:59:49 VIRAT_S_010003_01_000111_000137 x264_crf28                  382 kbps PSNR 39.20 sl 1-1 thr 1/0 QP I/P/B 23.4/25.3/  - I/P/B 2/298/0 14.4s
23:59:52 VIRAT_S_010000_04_000530_000605 nvenc_qp38                  105 kbps PSNR 34.28 sl 1-1 thr None/None QP I/P/B 30.0/38.0/  - I/P/B 2/298/0 8.5s
23:59:54 VIRAT_S_010003_00_000000_000108 x264_crf33                  199 kbps PSNR 35.89 sl 1-1 thr 1/0 QP I/P/B 28.8/31.9/  - I/P/B 2/298/0 13.8s
23:59:54 VIRAT_S_010002_04_000307_000350 mpeg4_q4                   1057 kbps PSNR 38.98 sl 1-1 thr None/None QP I/P/B  8.0/ 8.0/  - I/P/B 2/298/0 10.1s
23:59:57 VIRAT_S_010003_02_000165_000202 x264_crf23                  921 kbps PSNR 42.85 sl 1-1 thr 1/0 QP I/P/B 19.0/21.3/  - I/P/B 2/298/0 16.6s
23:59:58 VIRAT_S_010002_06_000441_000467 x264_crf33                  219 kbps PSNR 35.05 sl 1-1 thr 1/0 QP I/P/B 29.0/31.6/  - I/P/B 2/298/0 14.0s
23:59:59 VIRAT_S_010002_05_000397_000420 x264_crf33                  259 kbps PSNR 34.75 sl 1-1 thr 1/0 QP I/P/B 29.1/32.1/  - I/P/B 2/298/0 14.4s
00:00:01 VIRAT_S_010000_04_000530_000605 nvenc_qp45                   55 kbps PSNR 31.49 sl 1-1 thr None/None QP I/P/B 36.0/45.0/  - I/P/B 2/298/0 8.7s
00:00:03 VIRAT_S_010002_07_000522_000547 x264_crf33                  265 kbps PSNR 34.86 sl 1-1 thr 1/0 QP I/P/B 29.1/32.1/  - I/P/B 2/298/0 14.9s
00:00:03 VIRAT_S_010003_01_000111_000137 x264_crf33                  173 kbps PSNR 35.66 sl 1-1 thr 1/0 QP I/P/B 28.4/31.0/  - I/P/B 2/298/0 14.3s
00:00:04 VIRAT_S_010002_04_000307_000350 mpeg4_q8                    427 kbps PSNR 34.97 sl 1-1 thr None/None QP I/P/B 16.0/16.0/  - I/P/B 2/298/0 10.0s
00:00:08 VIRAT_S_010003_00_000000_000108 x264_crf38                  101 kbps PSNR 32.55 sl 1-1 thr 1/0 QP I/P/B 33.8/37.5/  - I/P/B 2/298/0 13.6s
00:00:11 VIRAT_S_010002_06_000441_000467 x264_crf38                   99 kbps PSNR 31.77 sl 1-1 thr 1/0 QP I/P/B 33.9/36.9/  - I/P/B 2/298/0 13.7s
00:00:11 VIRAT_S_010000_04_000530_000605 nvenc_qp28_bf2              303 kbps PSNR 37.07 sl 1-1 thr None/None QP I/P/B 22.0/28.0/36.0 I/P/B 2/100/198 10.5s
00:00:12 VIRAT_S_010003_02_000165_000202 x264_crf28                  435 kbps PSNR 38.74 sl 1-1 thr 1/0 QP I/P/B 24.0/26.3/  - I/P/B 2/298/0 15.4s
00:00:12 VIRAT_S_010002_05_000397_000420 x264_crf38                  108 kbps PSNR 31.56 sl 1-1 thr 1/0 QP I/P/B 34.1/37.0/  - I/P/B 2/298/0 13.5s
00:00:14 VIRAT_S_010002_04_000307_000350 mpeg4_q16                   196 kbps PSNR 31.51 sl 1-1 thr None/None QP I/P/B 32.0/32.0/  - I/P/B 2/298/0 10.0s
00:00:16 VIRAT_S_010002_07_000522_000547 x264_crf38                  111 kbps PSNR 31.72 sl 1-1 thr 1/0 QP I/P/B 34.0/37.0/  - I/P/B 2/298/0 13.6s
00:00:17 VIRAT_S_010003_01_000111_000137 x264_crf38                   90 kbps PSNR 32.28 sl 1-1 thr 1/0 QP I/P/B 33.4/37.4/  - I/P/B 2/298/0 13.4s
00:00:21 VIRAT_S_010003_00_000000_000108 x264_crf45                   44 kbps PSNR 28.31 sl 1-1 thr 1/0 QP I/P/B 40.8/44.3/  - I/P/B 2/298/0 13.3s
00:00:21 VIRAT_S_010000_04_000530_000605 nvenc_qp28_bf2_bqeq         456 kbps PSNR 37.14 sl 1-1 thr None/None QP I/P/B 22.0/28.0/28.0 I/P/B 2/100/198 9.9s
00:00:24 VIRAT_S_010002_04_000307_000350 mpeg4_q31                   180 kbps PSNR 28.71 sl 1-1 thr None/None QP I/P/B 62.0/62.0/  - I/P/B 2/298/0 9.9s
00:00:24 VIRAT_S_010002_04_000307_000350 CPU arms done (1177s elapsed)
00:00:25 VIRAT_S_010002_06_000441_000467 x264_crf45                   39 kbps PSNR 27.94 sl 1-1 thr 1/0 QP I/P/B 40.9/42.3/  - I/P/B 2/298/0 13.3s
00:00:25 VIRAT_S_010003_03_000219_000259 loaded 300 frames 1280x720 @ 2397/100 (h264_~1Mbps) in 0.3s
00:00:26 VIRAT_S_010002_05_000397_000420 x264_crf45                   38 kbps PSNR 27.86 sl 1-1 thr 1/0 QP I/P/B 41.1/43.0/  - I/P/B 2/298/0 13.2s
00:00:26 VIRAT_S_010003_02_000165_000202 x264_crf33                  185 kbps PSNR 35.42 sl 1-1 thr 1/0 QP I/P/B 29.0/31.8/  - I/P/B 2/298/0 14.0s
00:00:30 VIRAT_S_010003_01_000111_000137 x264_crf45                   40 kbps PSNR 28.31 sl 1-1 thr 1/0 QP I/P/B 40.4/44.7/  - I/P/B 2/298/0 13.0s
00:00:30 VIRAT_S_010002_07_000522_000547 x264_crf45                   42 kbps PSNR 28.02 sl 1-1 thr 1/0 QP I/P/B 41.0/42.4/  - I/P/B 2/298/0 13.7s
00:00:32 VIRAT_S_010000_05_000638_000718 nvenc_qp18                 2037 kbps PSNR 46.87 sl 1-1 thr None/None QP I/P/B 14.0/18.0/  - I/P/B 2/298/0 9.3s
00:00:33 VIRAT_S_010003_03_000219_000259 native                      958 kbps (src h264) sl 1-1 QP I/P/B 31.0/27.9/  - I/P/B 2/298/0 d_known True 3.1s
00:00:35 VIRAT_S_010003_00_000000_000108 x264_qp24                   508 kbps PSNR 41.64 sl 1-1 thr 1/0 QP I/P/B 21.0/24.0/  - I/P/B 2/298/0 13.3s
00:00:39 VIRAT_S_010003_02_000165_000202 x264_crf38                   88 kbps PSNR 32.13 sl 1-1 thr 1/0 QP I/P/B 34.0/37.7/  - I/P/B 2/298/0 12.9s
00:00:40 VIRAT_S_010002_06_000441_000467 x264_qp24                   865 kbps PSNR 40.23 sl 1-1 thr 1/0 QP I/P/B 21.0/24.0/  - I/P/B 2/298/0 15.0s
00:00:41 VIRAT_S_010000_05_000638_000718 nvenc_qp23                 1047 kbps PSNR 40.77 sl 1-1 thr None/None QP I/P/B 18.0/23.0/  - I/P/B 2/298/0 9.1s
00:00:41 VIRAT_S_010002_05_000397_000420 x264_qp24                  1214 kbps PSNR 40.33 sl 1-1 thr 1/0 QP I/P/B 21.0/24.0/  - I/P/B 2/298/0 15.6s
00:00:43 VIRAT_S_010003_01_000111_000137 x264_qp24                   516 kbps PSNR 41.21 sl 1-1 thr 1/0 QP I/P/B 21.0/24.0/  - I/P/B 2/298/0 13.7s
00:00:45 VIRAT_S_010002_07_000522_000547 x264_qp24                  1230 kbps PSNR 40.93 sl 1-1 thr 1/0 QP I/P/B 21.0/24.0/  - I/P/B 2/298/0 15.2s
00:00:49 VIRAT_S_010000_05_000638_000718 nvenc_qp28                  467 kbps PSNR 36.97 sl 1-1 thr None/None QP I/P/B 22.0/28.0/  - I/P/B 2/298/0 8.4s
00:00:50 VIRAT_S_010003_03_000219_000259 x264_crf12                 1848 kbps PSNR 52.35 sl 1-1 thr 1/0 QP I/P/B  8.6/11.1/  - I/P/B 2/298/0 17.0s
00:00:51 VIRAT_S_010003_02_000165_000202 x264_crf45                   38 kbps PSNR 28.28 sl 1-1 thr 1/0 QP I/P/B 41.0/45.2/  - I/P/B 2/298/0 12.2s
00:00:53 VIRAT_S_010003_00_000000_000108 x264_qp24_bf2_pb1           647 kbps PSNR 41.54 sl 1-1 thr 1/0 QP I/P/B 21.0/24.0/24.0 I/P/B 2/100/198 18.0s
00:00:57 VIRAT_S_010000_05_000638_000718 nvenc_qp33                  215 kbps PSNR 34.95 sl 1-1 thr None/None QP I/P/B 26.0/33.0/  - I/P/B 2/298/0 8.2s
00:00:59 VIRAT_S_010002_06_000441_000467 x264_qp24_bf2_pb1           927 kbps PSNR 40.25 sl 1-1 thr 1/0 QP I/P/B 21.0/24.0/24.0 I/P/B 2/100/198 19.6s
00:01:01 VIRAT_S_010002_05_000397_000420 x264_qp24_bf2_pb1          1284 kbps PSNR 40.38 sl 1-1 thr 1/0 QP I/P/B 21.0/24.0/24.0 I/P/B 2/100/198 20.1s
00:01:02 VIRAT_S_010003_01_000111_000137 x264_qp24_bf2_pb1           636 kbps PSNR 41.19 sl 1-1 thr 1/0 QP I/P/B 21.0/24.0/24.0 I/P/B 2/100/198 18.1s
00:01:03 VIRAT_S_010003_00_000000_000108 mpeg4_q2                   1802 kbps PSNR 43.46 sl 1-1 thr None/None QP I/P/B  4.0/ 4.0/  - I/P/B 2/298/0 10.2s
00:01:06 VIRAT_S_010000_05_000638_000718 nvenc_qp38                  123 kbps PSNR 33.85 sl 1-1 thr None/None QP I/P/B 30.0/38.0/  - I/P/B 2/298/0 9.1s
00:01:07 VIRAT_S_010003_02_000165_000202 x264_qp24                   643 kbps PSNR 40.67 sl 1-1 thr 1/0 QP I/P/B 21.0/24.0/  - I/P/B 2/298/0 15.2s
00:01:07 VIRAT_S_010002_07_000522_000547 x264_qp24_bf2_pb1          1386 kbps PSNR 40.80 sl 1-1 thr 1/0 QP I/P/B 21.0/24.0/24.0 I/P/B 2/100/198 21.9s
00:01:08 VIRAT_S_010003_03_000219_000259 x264_crf18                 1301 kbps PSNR 47.66 sl 1-1 thr 1/0 QP I/P/B 14.5/17.4/  - I/P/B 2/298/0 17.3s
00:01:10 VIRAT_S_010002_06_000441_000467 mpeg4_q2                   2503 kbps PSNR 43.19 sl 1-1 thr None/None QP I/P/B  4.0/ 4.0/  - I/P/B 2/298/0 10.4s
00:01:12 VIRAT_S_010002_05_000397_000420 mpeg4_q2                   3352 kbps PSNR 43.15 sl 1-1 thr None/None QP I/P/B  4.0/ 4.0/  - I/P/B 2/298/0 10.5s
00:01:12 VIRAT_S_010003_01_000111_000137 mpeg4_q2                   1472 kbps PSNR 43.26 sl 1-1 thr None/None QP I/P/B  4.0/ 4.0/  - I/P/B 2/298/0 10.2s
00:01:13 VIRAT_S_010003_00_000000_000108 mpeg4_q4                    818 kbps PSNR 39.26 sl 1-1 thr None/None QP I/P/B  8.0/ 8.0/  - I/P/B 2/298/0 10.1s
00:01:15 VIRAT_S_010000_05_000638_000718 nvenc_qp45                   60 kbps PSNR 31.07 sl 1-1 thr None/None QP I/P/B 36.0/45.0/  - I/P/B 2/298/0 8.4s
00:01:18 VIRAT_S_010002_07_000522_000547 mpeg4_q2                   3737 kbps PSNR 43.25 sl 1-1 thr None/None QP I/P/B  4.0/ 4.0/  - I/P/B 2/298/0 10.2s
00:01:20 VIRAT_S_010002_06_000441_000467 mpeg4_q4                   1042 kbps PSNR 38.86 sl 1-1 thr None/None QP I/P/B  8.0/ 8.0/  - I/P/B 2/298/0 9.9s
00:01:22 VIRAT_S_010003_01_000111_000137 mpeg4_q4                    653 kbps PSNR 38.97 sl 1-1 thr None/None QP I/P/B  8.0/ 8.0/  - I/P/B 2/298/0 10.2s
00:01:22 VIRAT_S_010002_05_000397_000420 mpeg4_q4                   1405 kbps PSNR 38.84 sl 1-1 thr None/None QP I/P/B  8.0/ 8.0/  - I/P/B 2/298/0 10.4s
00:01:23 VIRAT_S_010003_00_000000_000108 mpeg4_q8                    382 kbps PSNR 35.32 sl 1-1 thr None/None QP I/P/B 16.0/16.0/  - I/P/B 2/298/0 10.1s
00:01:25 VIRAT_S_010003_03_000219_000259 x264_crf23                  959 kbps PSNR 43.12 sl 1-1 thr 1/0 QP I/P/B 19.5/22.3/  - I/P/B 2/298/0 17.2s
00:01:25 VIRAT_S_010000_05_000638_000718 nvenc_qp28_bf2              400 kbps PSNR 36.96 sl 1-1 thr None/None QP I/P/B 22.0/28.0/36.0 I/P/B 2/100/198 10.5s
00:01:27 VIRAT_S_010003_02_000165_000202 x264_qp24_bf2_pb1           785 kbps PSNR 40.67 sl 1-1 thr 1/0 QP I/P/B 21.0/24.0/24.0 I/P/B 2/100/198 20.7s
00:01:28 VIRAT_S_010002_07_000522_000547 mpeg4_q4                   1564 kbps PSNR 38.97 sl 1-1 thr None/None QP I/P/B  8.0/ 8.0/  - I/P/B 2/298/0 10.3s
00:01:29 VIRAT_S_010002_06_000441_000467 mpeg4_q8                    428 kbps PSNR 34.84 sl 1-1 thr None/None QP I/P/B 16.0/16.0/  - I/P/B 2/298/0 9.6s
00:01:32 VIRAT_S_010003_01_000111_000137 mpeg4_q8                    312 kbps PSNR 35.01 sl 1-1 thr None/None QP I/P/B 16.0/16.0/  - I/P/B 2/298/0 9.8s
00:01:32 VIRAT_S_010002_05_000397_000420 mpeg4_q8                    555 kbps PSNR 34.84 sl 1-1 thr None/None QP I/P/B 16.0/16.0/  - I/P/B 2/298/0 10.1s
00:01:33 VIRAT_S_010003_00_000000_000108 mpeg4_q16                   202 kbps PSNR 31.81 sl 1-1 thr None/None QP I/P/B 32.0/32.0/  - I/P/B 2/298/0 9.8s
00:01:36 VIRAT_S_010000_05_000638_000718 nvenc_qp28_bf2_bqeq         597 kbps PSNR 37.06 sl 1-1 thr None/None QP I/P/B 22.0/28.0/28.0 I/P/B 2/100/198 10.3s
00:01:38 VIRAT_S_010003_02_000165_000202 mpeg4_q2                   2363 kbps PSNR 43.28 sl 1-1 thr None/None QP I/P/B  4.0/ 4.0/  - I/P/B 2/298/0 11.1s
00:01:38 VIRAT_S_010002_07_000522_000547 mpeg4_q8                    604 kbps PSNR 34.99 sl 1-1 thr None/None QP I/P/B 16.0/16.0/  - I/P/B 2/298/0 10.5s
00:01:40 VIRAT_S_010002_06_000441_000467 mpeg4_q16                   200 kbps PSNR 31.40 sl 1-1 thr None/None QP I/P/B 32.0/32.0/  - I/P/B 2/298/0 10.2s
00:01:42 VIRAT_S_010003_03_000219_000259 x264_crf28                  550 kbps PSNR 38.74 sl 1-1 thr 1/0 QP I/P/B 24.5/27.1/  - I/P/B 2/298/0 16.8s
00:01:42 VIRAT_S_010003_01_000111_000137 mpeg4_q16                   182 kbps PSNR 31.61 sl 1-1 thr None/None QP I/P/B 32.0/32.0/  - I/P/B 2/298/0 10.2s
00:01:43 VIRAT_S_010002_05_000397_000420 mpeg4_q16                   230 kbps PSNR 31.44 sl 1-1 thr None/None QP I/P/B 32.0/32.0/  - I/P/B 2/298/0 10.1s
00:01:43 VIRAT_S_010003_00_000000_000108 mpeg4_q31                   175 kbps PSNR 28.91 sl 1-1 thr None/None QP I/P/B 62.0/62.0/  - I/P/B 2/298/0 10.1s
00:01:43 VIRAT_S_010003_00_000000_000108 CPU arms done (1255s elapsed)
00:01:44 VIRAT_S_010003_05_000499_000523 loaded 300 frames 1280x720 @ 2397/100 (h264_~1Mbps) in 0.3s
00:01:47 VIRAT_S_010000_06_000728_000762 nvenc_qp18                 1714 kbps PSNR 46.88 sl 1-1 thr None/None QP I/P/B 14.0/18.0/  - I/P/B 2/298/0 10.6s
00:01:49 VIRAT_S_010002_07_000522_000547 mpeg4_q16                   242 kbps PSNR 31.53 sl 1-1 thr None/None QP I/P/B 32.0/32.0/  - I/P/B 2/298/0 10.1s
00:01:49 VIRAT_S_010003_02_000165_000202 mpeg4_q4                    963 kbps PSNR 39.16 sl 1-1 thr None/None QP I/P/B  8.0/ 8.0/  - I/P/B 2/298/0 10.6s
00:01:50 VIRAT_S_010002_06_000441_000467 mpeg4_q31                   189 kbps PSNR 28.58 sl 1-1 thr None/None QP I/P/B 62.0/62.0/  - I/P/B 2/298/0 10.0s
00:01:50 VIRAT_S_010002_06_000441_000467 CPU arms done (1262s elapsed)
00:01:51 VIRAT_S_010003_06_000526_000560 loaded 300 frames 1280x720 @ 2397/100 (h264_~1Mbps) in 0.3s
00:01:52 VIRAT_S_010003_05_000499_000523 native                      795 kbps (src h264) sl 1-1 QP I/P/B 31.0/26.8/  - I/P/B 2/298/0 d_known True 3.1s
00:01:52 VIRAT_S_010003_01_000111_000137 mpeg4_q31                   162 kbps PSNR 28.78 sl 1-1 thr None/None QP I/P/B 62.0/62.0/  - I/P/B 2/298/0 9.9s
00:01:52 VIRAT_S_010003_01_000111_000137 CPU arms done (1264s elapsed)
00:01:53 VIRAT_S_010002_05_000397_000420 mpeg4_q31                   194 kbps PSNR 28.60 sl 1-1 thr None/None QP I/P/B 62.0/62.0/  - I/P/B 2/298/0 10.0s
00:01:53 VIRAT_S_010002_05_000397_000420 CPU arms done (1265s elapsed)
00:01:53 VIRAT_S_010003_07_000608_000636 loaded 300 frames 1280x720 @ 2397/100 (h264_~1Mbps) in 0.3s
00:01:54 VIRAT_S_010003_10_000901_000934 loaded 300 frames 1280x720 @ 2397/100 (h264_~1Mbps) in 0.3s
00:01:57 VIRAT_S_010000_06_000728_000762 nvenc_qp23                  783 kbps PSNR 40.81 sl 1-1 thr None/None QP I/P/B 18.0/23.0/  - I/P/B 2/298/0 9.5s
00:01:57 VIRAT_S_010003_03_000219_000259 x264_crf33                  263 kbps PSNR 35.14 sl 1-1 thr 1/0 QP I/P/B 29.5/32.3/  - I/P/B 2/298/0 15.5s
00:01:58 VIRAT_S_010003_06_000526_000560 native                     1154 kbps (src h264) sl 1-1 QP I/P/B 31.0/24.7/  - I/P/B 2/298/0 d_known True 3.0s
00:01:59 VIRAT_S_010002_07_000522_000547 mpeg4_q31                   201 kbps PSNR 28.73 sl 1-1 thr None/None QP I/P/B 62.0/62.0/  - I/P/B 2/298/0 10.1s
00:01:59 VIRAT_S_010002_07_000522_000547 CPU arms done (1271s elapsed)
00:01:59 VIRAT_S_010003_02_000165_000202 mpeg4_q8                    403 kbps PSNR 35.21 sl 1-1 thr None/None QP I/P/B 16.0/16.0/  - I/P/B 2/298/0 10.1s
00:01:59 VIRAT_S_010003_13_001066_001124 loaded 300 frames 1280x720 @ 2397/100 (h264_~1Mbps) in 0.2s
00:02:01 VIRAT_S_010003_07_000608_000636 native                      689 kbps (src h264) sl 1-1 QP I/P/B 31.0/25.8/  - I/P/B 2/298/0 d_known True 2.9s
00:02:01 VIRAT_S_010003_10_000901_000934 native                      644 kbps (src h264) sl 1-1 QP I/P/B 31.0/26.7/  - I/P/B 2/298/0 d_known True 2.9s
00:02:05 VIRAT_S_010000_06_000728_000762 nvenc_qp28                  327 kbps PSNR 37.16 sl 1-1 thr None/None QP I/P/B 22.0/28.0/  - I/P/B 2/298/0 8.4s
00:02:07 VIRAT_S_010003_05_000499_000523 x264_crf12                 1252 kbps PSNR 54.43 sl 1-1 thr 1/0 QP I/P/B  7.5/10.7/  - I/P/B 2/298/0 15.2s
00:02:07 VIRAT_S_010003_13_001066_001124 native                      608 kbps (src h264) sl 1-1 QP I/P/B 31.0/27.2/  - I/P/B 2/298/0 d_known True 3.0s
00:02:08 VIRAT_S_010003_02_000165_000202 mpeg4_q16                   199 kbps PSNR 31.77 sl 1-1 thr None/None QP I/P/B 32.0/32.0/  - I/P/B 2/298/0 9.2s
00:02:11 VIRAT_S_010003_03_000219_000259 x264_crf38                  128 kbps PSNR 31.91 sl 1-1 thr 1/0 QP I/P/B 34.4/37.8/  - I/P/B 2/298/0 13.3s
00:02:14 VIRAT_S_010000_06_000728_000762 nvenc_qp33                  155 kbps PSNR 35.12 sl 1-1 thr None/None QP I/P/B 26.0/33.0/  - I/P/B 2/298/0 8.4s
00:02:15 VIRAT_S_010003_06_000526_000560 x264_crf12                 1818 kbps PSNR 53.67 sl 1-1 thr 1/0 QP I/P/B  7.8/10.0/  - I/P/B 2/298/0 16.9s
00:02:16 VIRAT_S_010003_07_000608_000636 x264_crf12                 1187 kbps PSNR 54.62 sl 1-1 thr 1/0 QP I/P/B  7.6/10.3/  - I/P/B 2/298/0 15.6s
00:02:16 VIRAT_S_010003_10_000901_000934 x264_crf12                 1076 kbps PSNR 54.54 sl 1-1 thr 1/0 QP I/P/B  7.5/10.2/  - I/P/B 2/298/0 15.3s
00:02:18 VIRAT_S_010003_02_000165_000202 mpeg4_q31                   153 kbps PSNR 28.95 sl 1-1 thr None/None QP I/P/B 62.0/62.0/  - I/P/B 2/298/0 9.7s
00:02:18 VIRAT_S_010003_02_000165_000202 CPU arms done (1290s elapsed)
00:02:19 VIRAT_S_010004_03_000239_000277 loaded 300 frames 1280x720 @ 2397/100 (h264_~1Mbps) in 0.3s
00:02:22 VIRAT_S_010003_05_000499_000523 x264_crf18                  967 kbps PSNR 48.75 sl 1-1 thr 1/0 QP I/P/B 13.5/16.6/  - I/P/B 2/298/0 14.9s
00:02:22 VIRAT_S_010003_13_001066_001124 x264_crf12                 1015 kbps PSNR 54.82 sl 1-1 thr 1/0 QP I/P/B  7.4/10.6/  - I/P/B 2/298/0 15.1s
00:02:22 VIRAT_S_010000_06_000728_000762 nvenc_qp38                  103 kbps PSNR 34.33 sl 1-1 thr None/None QP I/P/B 30.0/38.0/  - I/P/B 2/298/0 8.9s
00:02:24 VIRAT_S_010003_03_000219_000259 x264_crf45                   51 kbps PSNR 27.86 sl 1-1 thr 1/0 QP I/P/B 41.4/45.6/  - I/P/B 2/298/0 13.2s
00:02:27 VIRAT_S_010004_03_000239_000277 native                      612 kbps (src h264) sl 1-1 QP I/P/B 31.0/29.3/  - I/P/B 2/298/0 d_known True 2.9s
00:02:31 VIRAT_S_010000_06_000728_000762 nvenc_qp45                   56 kbps PSNR 31.55 sl 1-1 thr None/None QP I/P/B 36.0/45.0/  - I/P/B 2/298/0 8.5s
00:02:31 VIRAT_S_010003_10_000901_000934 x264_crf18                  833 kbps PSNR 49.06 sl 1-1 thr 1/0 QP I/P/B 13.4/16.3/  - I/P/B 2/298/0 14.7s
00:02:31 VIRAT_S_010003_07_000608_000636 x264_crf18                  904 kbps PSNR 49.25 sl 1-1 thr 1/0 QP I/P/B 13.5/15.9/  - I/P/B 2/298/0 14.9s
00:02:31 VIRAT_S_010003_06_000526_000560 x264_crf18                 1323 kbps PSNR 47.96 sl 1-1 thr 1/0 QP I/P/B 13.8/16.2/  - I/P/B 2/298/0 15.9s
00:02:36 VIRAT_S_010003_13_001066_001124 x264_crf18                  806 kbps PSNR 49.28 sl 1-1 thr 1/0 QP I/P/B 13.4/16.3/  - I/P/B 2/298/0 14.2s
00:02:37 VIRAT_S_010003_05_000499_000523 x264_crf23                  696 kbps PSNR 43.43 sl 1-1 thr 1/0 QP I/P/B 18.5/21.5/  - I/P/B 2/298/0 14.7s
00:02:39 VIRAT_S_010003_03_000219_000259 x264_qp24                   806 kbps PSNR 41.68 sl 1-1 thr 1/0 QP I/P/B 21.0/24.0/  - I/P/B 2/298/0 15.4s
00:02:41 VIRAT_S_010000_06_000728_000762 nvenc_qp28_bf2              296 kbps PSNR 37.14 sl 1-1 thr None/None QP I/P/B 22.0/28.0/36.0 I/P/B 2/100/198 9.6s
00:02:43 VIRAT_S_010004_03_000239_000277 x264_crf12                 1347 kbps PSNR 52.86 sl 1-1 thr 1/0 QP I/P/B  8.7/11.2/  - I/P/B 2/298/0 16.8s
00:02:46 VIRAT_S_010003_10_000901_000934 x264_crf23                  625 kbps PSNR 43.71 sl 1-1 thr 1/0 QP I/P/B 18.4/21.4/  - I/P/B 2/298/0 14.7s
00:02:46 VIRAT_S_010003_07_000608_000636 x264_crf23                  706 kbps PSNR 43.95 sl 1-1 thr 1/0 QP I/P/B 18.5/21.0/  - I/P/B 2/298/0 15.1s
00:02:47 VIRAT_S_010003_06_000526_000560 x264_crf23                  873 kbps PSNR 42.89 sl 1-1 thr 1/0 QP I/P/B 18.8/20.7/  - I/P/B 2/298/0 16.0s
00:02:50 VIRAT_S_010000_06_000728_000762 nvenc_qp28_bf2_bqeq         452 kbps PSNR 37.22 sl 1-1 thr None/None QP I/P/B 22.0/28.0/28.0 I/P/B 2/100/198 9.8s
00:02:51 VIRAT_S_010003_05_000499_000523 x264_crf28                  385 kbps PSNR 38.81 sl 1-1 thr 1/0 QP I/P/B 23.5/26.6/  - I/P/B 2/298/0 14.1s
00:02:51 VIRAT_S_010003_13_001066_001124 x264_crf23                  620 kbps PSNR 43.95 sl 1-1 thr 1/0 QP I/P/B 18.4/21.5/  - I/P/B 2/298/0 14.4s
00:03:00 VIRAT_S_010004_03_000239_000277 x264_crf18                  960 kbps PSNR 48.12 sl 1-1 thr 1/0 QP I/P/B 14.7/17.1/  - I/P/B 2/298/0 16.7s
00:03:00 VIRAT_S_010003_10_000901_000934 x264_crf28                  368 kbps PSNR 39.01 sl 1-1 thr 1/0 QP I/P/B 23.4/26.4/  - I/P/B 2/298/0 14.4s
00:03:01 VIRAT_S_010003_03_000219_000259 x264_qp24_bf2_pb1          1128 kbps PSNR 41.28 sl 1-1 thr 1/0 QP I/P/B 21.0/24.0/24.0 I/P/B 2/100/198 21.5s
00:03:01 VIRAT_S_010003_07_000608_000636 x264_crf28                  392 kbps PSNR 39.12 sl 1-1 thr 1/0 QP I/P/B 23.6/25.9/  - I/P/B 2/298/0 14.5s
00:03:01 VIRAT_S_010000_07_000827_000860 nvenc_qp18                 1753 kbps PSNR 46.97 sl 1-1 thr None/None QP I/P/B 14.0/18.0/  - I/P/B 2/298/0 9.7s
00:03:02 VIRAT_S_010003_06_000526_000560 x264_crf28                  402 kbps PSNR 38.72 sl 1-1 thr 1/0 QP I/P/B 23.8/25.6/  - I/P/B 2/298/0 14.7s
00:03:04 VIRAT_S_010003_05_000499_000523 x264_crf33                  196 kbps PSNR 35.36 sl 1-1 thr 1/0 QP I/P/B 28.5/32.8/  - I/P/B 2/298/0 13.7s
00:03:05 VIRAT_S_010003_13_001066_001124 x264_crf28                  375 kbps PSNR 39.23 sl 1-1 thr 1/0 QP I/P/B 23.4/26.7/  - I/P/B 2/298/0 14.6s
00:03:10 VIRAT_S_010000_07_000827_000860 nvenc_qp23                  874 kbps PSNR 40.71 sl 1-1 thr None/None QP I/P/B 18.0/23.0/  - I/P/B 2/298/0 9.0s
00:03:11 VIRAT_S_010003_03_000219_000259 mpeg4_q2                   3727 kbps PSNR 43.38 sl 1-1 thr None/None QP I/P/B  4.0/ 4.0/  - I/P/B 2/298/0 10.3s
00:03:14 VIRAT_S_010003_10_000901_000934 x264_crf33                  187 kbps PSNR 35.43 sl 1-1 thr 1/0 QP I/P/B 28.4/32.4/  - I/P/B 2/298/0 13.4s
00:03:14 VIRAT_S_010003_07_000608_000636 x264_crf33                  175 kbps PSNR 35.63 sl 1-1 thr 1/0 QP I/P/B 28.5/31.4/  - I/P/B 2/298/0 13.6s
00:03:16 VIRAT_S_010003_06_000526_000560 x264_crf33                  168 kbps PSNR 35.37 sl 1-1 thr 1/0 QP I/P/B 28.8/31.6/  - I/P/B 2/298/0 13.7s
00:03:16 VIRAT_S_010004_03_000239_000277 x264_crf23                  763 kbps PSNR 43.92 sl 1-1 thr 1/0 QP I/P/B 19.7/22.3/  - I/P/B 2/298/0 16.2s
00:03:18 VIRAT_S_010003_05_000499_000523 x264_crf38                  107 kbps PSNR 32.01 sl 1-1 thr 1/0 QP I/P/B 33.5/38.8/  - I/P/B 2/298/0 13.7s
00:03:19 VIRAT_S_010000_07_000827_000860 nvenc_qp28                  401 kbps PSNR 37.00 sl 1-1 thr None/None QP I/P/B 22.0/28.0/  - I/P/B 2/298/0 8.8s
00:03:19 VIRAT_S_010003_13_001066_001124 x264_crf33                  193 kbps PSNR 35.65 sl 1-1 thr 1/0 QP I/P/B 28.4/32.1/  - I/P/B 2/298/0 13.9s
00:03:21 VIRAT_S_010003_03_000219_000259 mpeg4_q4                   1627 kbps PSNR 39.30 sl 1-1 thr None/None QP I/P/B  8.0/ 8.0/  - I/P/B 2/298/0 10.2s
00:03:28 VIRAT_S_010003_10_000901_000934 x264_crf38                  100 kbps PSNR 32.07 sl 1-1 thr 1/0 QP I/P/B 33.4/38.1/  - I/P/B 2/298/0 13.8s
00:03:28 VIRAT_S_010003_07_000608_000636 x264_crf38                   87 kbps PSNR 32.28 sl 1-1 thr 1/0 QP I/P/B 33.5/37.2/  - I/P/B 2/298/0 13.5s
00:03:28 VIRAT_S_010000_07_000827_000860 nvenc_qp33                  205 kbps PSNR 34.97 sl 1-1 thr None/None QP I/P/B 26.0/33.0/  - I/P/B 2/298/0 9.3s
00:03:29 VIRAT_S_010003_06_000526_000560 x264_crf38                   81 kbps PSNR 32.07 sl 1-1 thr 1/0 QP I/P/B 33.8/38.0/  - I/P/B 2/298/0 13.4s
00:03:32 VIRAT_S_010003_05_000499_000523 x264_crf45                   47 kbps PSNR 28.02 sl 1-1 thr 1/0 QP I/P/B 40.5/46.0/  - I/P/B 2/298/0 13.5s
00:03:32 VIRAT_S_010003_03_000219_000259 mpeg4_q8                    690 kbps PSNR 35.44 sl 1-1 thr None/None QP I/P/B 16.0/16.0/  - I/P/B 2/298/0 10.5s
00:03:33 VIRAT_S_010004_03_000239_000277 x264_crf28                  528 kbps PSNR 39.48 sl 1-1 thr 1/0 QP I/P/B 24.7/27.4/  - I/P/B 2/298/0 16.4s
00:03:33 VIRAT_S_010003_13_001066_001124 x264_crf38                  101 kbps PSNR 32.19 sl 1-1 thr 1/0 QP I/P/B 33.4/37.9/  - I/P/B 2/298/0 13.8s
00:03:37 VIRAT_S_010000_07_000827_000860 nvenc_qp38                  129 kbps PSNR 34.02 sl 1-1 thr None/None QP I/P/B 30.0/38.0/  - I/P/B 2/298/0 8.5s
00:03:41 VIRAT_S_010003_10_000901_000934 x264_crf45                   45 kbps PSNR 28.12 sl 1-1 thr 1/0 QP I/P/B 40.4/45.2/  - I/P/B 2/298/0 13.7s
00:03:42 VIRAT_S_010003_07_000608_000636 x264_crf45                   38 kbps PSNR 28.31 sl 1-1 thr 1/0 QP I/P/B 40.5/45.0/  - I/P/B 2/298/0 13.6s
00:03:42 VIRAT_S_010003_03_000219_000259 mpeg4_q16                   305 kbps PSNR 31.94 sl 1-1 thr None/None QP I/P/B 32.0/32.0/  - I/P/B 2/298/0 10.3s
00:03:42 VIRAT_S_010003_06_000526_000560 x264_crf45                   37 kbps PSNR 28.18 sl 1-1 thr 1/0 QP I/P/B 40.7/45.2/  - I/P/B 2/298/0 13.3s
00:03:46 VIRAT_S_010000_07_000827_000860 nvenc_qp45                   64 kbps PSNR 31.14 sl 1-1 thr None/None QP I/P/B 36.0/45.0/  - I/P/B 2/298/0 9.1s
00:03:46 VIRAT_S_010003_05_000499_000523 x264_qp24                   611 kbps PSNR 40.50 sl 1-1 thr 1/0 QP I/P/B 21.0/24.0/  - I/P/B 2/298/0 14.4s
00:03:46 VIRAT_S_010003_13_001066_001124 x264_crf45                   43 kbps PSNR 28.17 sl 1-1 thr 1/0 QP I/P/B 40.3/45.6/  - I/P/B 2/298/0 13.3s
00:03:48 VIRAT_S_010004_03_000239_000277 x264_crf33                  286 kbps PSNR 35.54 sl 1-1 thr 1/0 QP I/P/B 29.7/32.6/  - I/P/B 2/298/0 15.4s
00:03:51 VIRAT_S_010003_03_000219_000259 mpeg4_q31                   205 kbps PSNR 29.02 sl 1-1 thr None/None QP I/P/B 62.0/62.0/  - I/P/B 2/298/0 9.3s
00:03:51 VIRAT_S_010003_03_000219_000259 CPU arms done (1384s elapsed)
00:03:52 VIRAT_S_010004_06_000547_000715 loaded 300 frames 1280x720 @ 2397/100 (h264_~1Mbps) in 0.3s
00:03:55 VIRAT_S_010003_10_000901_000934 x264_qp24                   530 kbps PSNR 40.79 sl 1-1 thr 1/0 QP I/P/B 21.0/24.0/  - I/P/B 2/298/0 13.7s
00:03:56 VIRAT_S_010003_07_000608_000636 x264_qp24                   533 kbps PSNR 40.99 sl 1-1 thr 1/0 QP I/P/B 21.0/24.0/  - I/P/B 2/298/0 13.9s
00:03:56 VIRAT_S_010000_07_000827_000860 nvenc_qp28_bf2              344 kbps PSNR 36.97 sl 1-1 thr None/None QP I/P/B 22.0/28.0/36.0 I/P/B 2/100/198 10.1s
00:03:57 VIRAT_S_010003_06_000526_000560 x264_qp24                   545 kbps PSNR 40.29 sl 1-1 thr 1/0 QP I/P/B 21.0/24.0/  - I/P/B 2/298/0 14.2s
00:04:00 VIRAT_S_010003_13_001066_001124 x264_qp24                   529 kbps PSNR 41.05 sl 1-1 thr 1/0 QP I/P/B 21.0/24.0/  - I/P/B 2/298/0 13.4s
00:04:00 VIRAT_S_010004_06_000547_000715 native                      510 kbps (src h264) sl 1-1 QP I/P/B 31.0/27.6/  - I/P/B 2/298/0 d_known True 3.0s
00:04:02 VIRAT_S_010004_03_000239_000277 x264_crf38                  147 kbps PSNR 32.14 sl 1-1 thr 1/0 QP I/P/B 34.7/37.9/  - I/P/B 2/298/0 13.9s
00:04:04 VIRAT_S_010003_05_000499_000523 x264_qp24_bf2_pb1           778 kbps PSNR 40.47 sl 1-1 thr 1/0 QP I/P/B 21.0/24.0/24.0 I/P/B 2/100/198 18.2s
00:04:06 VIRAT_S_010000_07_000827_000860 nvenc_qp28_bf2_bqeq         535 kbps PSNR 37.08 sl 1-1 thr None/None QP I/P/B 22.0/28.0/28.0 I/P/B 2/100/198 9.6s
00:04:13 VIRAT_S_010003_10_000901_000934 x264_qp24_bf2_pb1           656 kbps PSNR 40.77 sl 1-1 thr 1/0 QP I/P/B 21.0/24.0/24.0 I/P/B 2/100/198 18.3s
00:04:14 VIRAT_S_010003_07_000608_000636 x264_qp24_bf2_pb1           633 kbps PSNR 40.98 sl 1-1 thr 1/0 QP I/P/B 21.0/24.0/24.0 I/P/B 2/100/198 18.9s
00:04:15 VIRAT_S_010004_06_000547_000715 x264_crf12                  886 kbps PSNR 55.71 sl 1-1 thr 1/0 QP I/P/B  7.3/10.7/  - I/P/B 2/298/0 15.0s
00:04:15 VIRAT_S_010003_05_000499_000523 mpeg4_q2                   1781 kbps PSNR 43.20 sl 1-1 thr None/None QP I/P/B  4.0/ 4.0/  - I/P/B 2/298/0 10.8s
00:04:16 VIRAT_S_010003_06_000526_000560 x264_qp24_bf2_pb1           639 kbps PSNR 40.31 sl 1-1 thr 1/0 QP I/P/B 21.0/24.0/24.0 I/P/B 2/100/198 19.3s
00:04:16 VIRAT_S_010004_03_000239_000277 x264_crf45                   61 kbps PSNR 27.87 sl 1-1 thr 1/0 QP I/P/B 41.6/45.3/  - I/P/B 2/298/0 13.8s
00:04:16 VIRAT_S_010000_08_000893_001024 nvenc_qp18                 1643 kbps PSNR 46.66 sl 1-1 thr None/None QP I/P/B 14.0/18.0/  - I/P/B 2/298/0 10.0s
00:04:18 VIRAT_S_010003_13_001066_001124 x264_qp24_bf2_pb1           660 kbps PSNR 41.00 sl 1-1 thr 1/0 QP I/P/B 21.0/24.0/24.0 I/P/B 2/100/198 18.5s
00:04:23 VIRAT_S_010003_10_000901_000934 mpeg4_q2                   1510 kbps PSNR 43.19 sl 1-1 thr None/None QP I/P/B  4.0/ 4.0/  - I/P/B 2/298/0 10.1s
00:04:25 VIRAT_S_010003_07_000608_000636 mpeg4_q2                   1565 kbps PSNR 43.26 sl 1-1 thr None/None QP I/P/B  4.0/ 4.0/  - I/P/B 2/298/0 10.1s
00:04:25 VIRAT_S_010003_05_000499_000523 mpeg4_q4                    840 kbps PSNR 38.95 sl 1-1 thr None/None QP I/P/B  8.0/ 8.0/  - I/P/B 2/298/0 10.0s
00:04:26 VIRAT_S_010000_08_000893_001024 nvenc_qp23                  692 kbps PSNR 40.46 sl 1-1 thr None/None QP I/P/B 18.0/23.0/  - I/P/B 2/298/0 9.3s
00:04:26 VIRAT_S_010003_06_000526_000560 mpeg4_q2                   1723 kbps PSNR 43.15 sl 1-1 thr None/None QP I/P/B  4.0/ 4.0/  - I/P/B 2/298/0 10.4s
00:04:29 VIRAT_S_010003_13_001066_001124 mpeg4_q2                   1527 kbps PSNR 43.31 sl 1-1 thr None/None QP I/P/B  4.0/ 4.0/  - I/P/B 2/298/0 10.7s
00:04:30 VIRAT_S_010004_06_000547_000715 x264_crf18                  699 kbps PSNR 50.46 sl 1-1 thr 1/0 QP I/P/B 13.2/16.5/  - I/P/B 2/298/0 14.8s
00:04:31 VIRAT_S_010004_03_000239_000277 x264_qp24                   694 kbps PSNR 42.80 sl 1-1 thr 1/0 QP I/P/B 21.0/24.0/  - I/P/B 2/298/0 15.0s
00:04:34 VIRAT_S_010003_10_000901_000934 mpeg4_q4                    716 kbps PSNR 38.89 sl 1-1 thr None/None QP I/P/B  8.0/ 8.0/  - I/P/B 2/298/0 10.2s
00:04:35 VIRAT_S_010003_07_000608_000636 mpeg4_q4                    688 kbps PSNR 39.01 sl 1-1 thr None/None QP I/P/B  8.0/ 8.0/  - I/P/B 2/298/0 10.1s
00:04:35 VIRAT_S_010000_08_000893_001024 nvenc_qp28                  302 kbps PSNR 36.92 sl 1-1 thr None/None QP I/P/B 22.0/28.0/  - I/P/B 2/298/0 9.2s
00:04:35 VIRAT_S_010003_05_000499_000523 mpeg4_q8                    409 kbps PSNR 34.98 sl 1-1 thr None/None QP I/P/B 16.0/16.0/  - I/P/B 2/298/0 10.0s
00:04:36 VIRAT_S_010003_06_000526_000560 mpeg4_q4                    688 kbps PSNR 39.00 sl 1-1 thr None/None QP I/P/B  8.0/ 8.0/  - I/P/B 2/298/0 10.2s
00:04:39 VIRAT_S_010003_13_001066_001124 mpeg4_q4                    735 kbps PSNR 39.02 sl 1-1 thr None/None QP I/P/B  8.0/ 8.0/  - I/P/B 2/298/0 9.9s
00:04:44 VIRAT_S_010003_10_000901_000934 mpeg4_q8                    352 kbps PSNR 34.93 sl 1-1 thr None/None QP I/P/B 16.0/16.0/  - I/P/B 2/298/0 9.9s
00:04:44 VIRAT_S_010000_08_000893_001024 nvenc_qp33                  153 kbps PSNR 35.03 sl 1-1 thr None/None QP I/P/B 26.0/33.0/  - I/P/B 2/298/0 9.4s
00:04:45 VIRAT_S_010004_06_000547_000715 x264_crf23                  569 kbps PSNR 45.07 sl 1-1 thr 1/0 QP I/P/B 18.2/21.6/  - I/P/B 2/298/0 14.9s
00:04:45 VIRAT_S_010003_07_000608_000636 mpeg4_q8                    316 kbps PSNR 35.09 sl 1-1 thr None/None QP I/P/B 16.0/16.0/  - I/P/B 2/298/0 10.1s
00:04:45 VIRAT_S_010003_05_000499_000523 mpeg4_q16                   226 kbps PSNR 31.57 sl 1-1 thr None/None QP I/P/B 32.0/32.0/  - I/P/B 2/298/0 10.2s
00:04:46 VIRAT_S_010003_06_000526_000560 mpeg4_q8                    304 kbps PSNR 35.05 sl 1-1 thr None/None QP I/P/B 16.0/16.0/  - I/P/B 2/298/0 9.9s
00:04:49 VIRAT_S_010003_13_001066_001124 mpeg4_q8                    363 kbps PSNR 35.04 sl 1-1 thr None/None QP I/P/B 16.0/16.0/  - I/P/B 2/298/0 10.0s
00:04:53 VIRAT_S_010004_03_000239_000277 x264_qp24_bf2_pb1          1088 kbps PSNR 42.17 sl 1-1 thr 1/0 QP I/P/B 21.0/24.0/24.0 I/P/B 2/100/198 21.9s
00:04:53 VIRAT_S_010000_08_000893_001024 nvenc_qp38                  104 kbps PSNR 34.25 sl 1-1 thr None/None QP I/P/B 30.0/38.0/  - I/P/B 2/298/0 8.9s
00:04:54 VIRAT_S_010003_10_000901_000934 mpeg4_q16                   202 kbps PSNR 31.50 sl 1-1 thr None/None QP I/P/B 32.0/32.0/  - I/P/B 2/298/0 10.0s
00:04:55 VIRAT_S_010003_07_000608_000636 mpeg4_q16                   176 kbps PSNR 31.69 sl 1-1 thr None/None QP I/P/B 32.0/32.0/  - I/P/B 2/298/0 10.0s
00:04:55 VIRAT_S_010003_05_000499_000523 mpeg4_q31                   177 kbps PSNR 28.74 sl 1-1 thr None/None QP I/P/B 62.0/62.0/  - I/P/B 2/298/0 9.8s
00:04:55 VIRAT_S_010003_05_000499_000523 CPU arms done (1447s elapsed)
00:04:56 VIRAT_S_010004_07_000729_000809 loaded 300 frames 1280x720 @ 2397/100 (h264_~1Mbps) in 0.3s
00:04:57 VIRAT_S_010003_06_000526_000560 mpeg4_q16                   171 kbps PSNR 31.62 sl 1-1 thr None/None QP I/P/B 32.0/32.0/  - I/P/B 2/298/0 10.2s
00:04:59 VIRAT_S_010003_13_001066_001124 mpeg4_q16                   203 kbps PSNR 31.63 sl 1-1 thr None/None QP I/P/B 32.0/32.0/  - I/P/B 2/298/0 10.0s
00:05:00 VIRAT_S_010004_06_000547_000715 x264_crf28                  387 kbps PSNR 39.97 sl 1-1 thr 1/0 QP I/P/B 23.2/26.3/  - I/P/B 2/298/0 15.5s
00:05:02 VIRAT_S_010000_08_000893_001024 nvenc_qp45                   57 kbps PSNR 31.42 sl 1-1 thr None/None QP I/P/B 36.0/45.0/  - I/P/B 2/298/0 9.1s
00:05:04 VIRAT_S_010004_07_000729_000809 native                      528 kbps (src h264) sl 1-1 QP I/P/B 31.0/26.0/  - I/P/B 2/298/0 d_known True 2.9s
00:05:04 VIRAT_S_010004_03_000239_000277 mpeg4_q2                   3480 kbps PSNR 43.73 sl 1-1 thr None/None QP I/P/B  4.0/ 4.0/  - I/P/B 2/298/0 10.8s
00:05:04 VIRAT_S_010003_10_000901_000934 mpeg4_q31                   173 kbps PSNR 28.74 sl 1-1 thr None/None QP I/P/B 62.0/62.0/  - I/P/B 2/298/0 10.2s
00:05:04 VIRAT_S_010003_10_000901_000934 CPU arms done (1456s elapsed)
00:05:05 VIRAT_S_010004_08_000811_000920 loaded 300 frames 1280x720 @ 2397/100 (h264_~1Mbps) in 0.3s
00:05:05 VIRAT_S_010003_07_000608_000636 mpeg4_q31                   160 kbps PSNR 28.88 sl 1-1 thr None/None QP I/P/B 62.0/62.0/  - I/P/B 2/298/0 10.1s
00:05:05 VIRAT_S_010003_07_000608_000636 CPU arms done (1457s elapsed)
00:05:06 VIRAT_S_010005_00_000048_000075 loaded 300 frames 1280x720 @ 2397/100 (h264_~1Mbps) in 0.3s
00:05:06 VIRAT_S_010003_06_000526_000560 mpeg4_q31                   150 kbps PSNR 28.82 sl 1-1 thr None/None QP I/P/B 62.0/62.0/  - I/P/B 2/298/0 9.8s
00:05:07 VIRAT_S_010003_06_000526_000560 CPU arms done (1459s elapsed)
00:05:07 VIRAT_S_010005_02_000177_000203 loaded 300 frames 1280x720 @ 2397/100 (h264_~1Mbps) in 0.3s
00:05:09 VIRAT_S_010003_13_001066_001124 mpeg4_q31                   169 kbps PSNR 28.81 sl 1-1 thr None/None QP I/P/B 62.0/62.0/  - I/P/B 2/298/0 9.8s
00:05:09 VIRAT_S_010003_13_001066_001124 CPU arms done (1461s elapsed)
00:05:10 VIRAT_S_010005_03_000215_000270 loaded 300 frames 1280x720 @ 2397/100 (h264_~1Mbps) in 0.3s
00:05:13 VIRAT_S_010000_08_000893_001024 nvenc_qp28_bf2              278 kbps PSNR 36.93 sl 1-1 thr None/None QP I/P/B 22.0/28.0/36.0 I/P/B 2/100/198 10.6s
00:05:13 VIRAT_S_010004_08_000811_000920 native                      963 kbps (src h264) sl 1-1 QP I/P/B 31.0/25.6/  - I/P/B 2/298/0 d_known True 3.3s
00:05:14 VIRAT_S_010005_00_000048_000075 native                      815 kbps (src h264) sl 1-1 QP I/P/B 31.0/27.3/  - I/P/B 2/298/0 d_known True 3.0s
00:05:14 VIRAT_S_010004_06_000547_000715 x264_crf33                  191 kbps PSNR 36.14 sl 1-1 thr 1/0 QP I/P/B 28.2/31.8/  - I/P/B 2/298/0 14.3s
00:05:14 VIRAT_S_010004_03_000239_000277 mpeg4_q4                   1619 kbps PSNR 39.59 sl 1-1 thr None/None QP I/P/B  8.0/ 8.0/  - I/P/B 2/298/0 10.7s
00:05:15 VIRAT_S_010005_02_000177_000203 native                     1094 kbps (src h264) sl 1-1 QP I/P/B 31.0/24.6/  - I/P/B 2/298/0 d_known True 2.9s
00:05:18 VIRAT_S_010005_03_000215_000270 native                     1563 kbps (src h264) sl 1-1 QP I/P/B 31.0/21.4/  - I/P/B 2/298/0 d_known True 3.0s
00:05:18 VIRAT_S_010004_07_000729_000809 x264_crf12                  909 kbps PSNR 55.25 sl 1-1 thr 1/0 QP I/P/B  7.4/10.1/  - I/P/B 2/298/0 14.8s
00:05:23 VIRAT_S_010000_08_000893_001024 nvenc_qp28_bf2_bqeq         414 kbps PSNR 36.99 sl 1-1 thr None/None QP I/P/B 22.0/28.0/28.0 I/P/B 2/100/198 9.5s
00:05:24 VIRAT_S_010004_03_000239_000277 mpeg4_q8                    725 kbps PSNR 35.64 sl 1-1 thr None/None QP I/P/B 16.0/16.0/  - I/P/B 2/298/0 9.2s
00:05:27 VIRAT_S_010004_06_000547_000715 x264_crf38                   94 kbps PSNR 32.54 sl 1-1 thr 1/0 QP I/P/B 33.2/37.6/  - I/P/B 2/298/0 12.6s
00:05:29 VIRAT_S_010004_08_000811_000920 x264_crf12                 1527 kbps PSNR 54.08 sl 1-1 thr 1/0 QP I/P/B  7.7/10.0/  - I/P/B 2/298/0 15.7s
00:05:30 VIRAT_S_010005_00_000048_000075 x264_crf12                 1419 kbps PSNR 53.82 sl 1-1 thr 1/0 QP I/P/B  7.6/10.8/  - I/P/B 2/298/0 16.0s
00:05:32 VIRAT_S_010005_02_000177_000203 x264_crf12                 1673 kbps PSNR 54.15 sl 1-1 thr 1/0 QP I/P/B  7.6/10.2/  - I/P/B 2/298/0 16.1s
00:05:33 VIRAT_S_010001_00_000019_000065 nvenc_qp18                 1813 kbps PSNR 47.17 sl 1-1 thr None/None QP I/P/B 14.0/18.0/  - I/P/B 2/298/0 9.3s
00:05:33 VIRAT_S_010004_07_000729_000809 x264_crf18                  710 kbps PSNR 49.75 sl 1-1 thr 1/0 QP I/P/B 13.4/15.8/  - I/P/B 2/298/0 14.7s
00:05:34 VIRAT_S_010004_03_000239_000277 mpeg4_q16                   333 kbps PSNR 32.07 sl 1-1 thr None/None QP I/P/B 32.0/32.0/  - I/P/B 2/298/0 10.0s
00:05:36 VIRAT_S_010005_03_000215_000270 x264_crf12                 2345 kbps PSNR 53.27 sl 1-1 thr 1/0 QP I/P/B  8.0/ 9.4/  - I/P/B 2/298/0 18.3s
00:05:40 VIRAT_S_010004_06_000547_000715 x264_crf45                   40 kbps PSNR 28.56 sl 1-1 thr 1/0 QP I/P/B 40.2/44.6/  - I/P/B 2/298/0 12.6s
00:05:42 VIRAT_S_010001_00_000019_000065 nvenc_qp23                 1084 kbps PSNR 41.51 sl 1-1 thr None/None QP I/P/B 18.0/23.0/  - I/P/B 2/298/0 9.3s
00:05:43 VIRAT_S_010004_03_000239_000277 mpeg4_q31                   223 kbps PSNR 29.11 sl 1-1 thr None/None QP I/P/B 62.0/62.0/  - I/P/B 2/298/0 9.6s
00:05:43 VIRAT_S_010004_03_000239_000277 CPU arms done (1496s elapsed)
00:05:44 VIRAT_S_010004_08_000811_000920 x264_crf18                 1145 kbps PSNR 48.41 sl 1-1 thr 1/0 QP I/P/B 13.6/16.2/  - I/P/B 2/298/0 15.2s
00:05:44 VIRAT_S_010005_04_000299_000323 loaded 300 frames 1280x720 @ 2397/100 (h264_~1Mbps) in 0.3s
00:05:46 VIRAT_S_010005_00_000048_000075 x264_crf18                 1072 kbps PSNR 48.73 sl 1-1 thr 1/0 QP I/P/B 13.5/17.0/  - I/P/B 2/298/0 15.6s
00:05:48 VIRAT_S_010005_02_000177_000203 x264_crf18                 1231 kbps PSNR 48.37 sl 1-1 thr 1/0 QP I/P/B 13.6/16.3/  - I/P/B 2/298/0 15.8s
00:05:48 VIRAT_S_010004_07_000729_000809 x264_crf23                  566 kbps PSNR 44.39 sl 1-1 thr 1/0 QP I/P/B 18.4/21.0/  - I/P/B 2/298/0 14.8s
00:05:51 VIRAT_S_010001_00_000019_000065 nvenc_qp28                  505 kbps PSNR 37.06 sl 1-1 thr None/None QP I/P/B 22.0/28.0/  - I/P/B 2/298/0 8.8s
00:05:52 VIRAT_S_010005_04_000299_000323 native                      821 kbps (src h264) sl 1-1 QP I/P/B 31.0/24.5/  - I/P/B 2/298/0 d_known True 2.9s
00:05:53 VIRAT_S_010004_06_000547_000715 x264_qp24                   512 kbps PSNR 42.80 sl 1-1 thr 1/0 QP I/P/B 21.0/24.0/  - I/P/B 2/298/0 13.2s
00:05:54 VIRAT_S_010005_03_000215_000270 x264_crf18                 1622 kbps PSNR 47.53 sl 1-1 thr 1/0 QP I/P/B 13.9/15.4/  - I/P/B 2/298/0 17.2s
00:06:00 VIRAT_S_010001_00_000019_000065 nvenc_qp33                  244 kbps PSNR 34.91 sl 1-1 thr None/None QP I/P/B 26.0/33.0/  - I/P/B 2/298/0 8.6s
00:06:00 VIRAT_S_010004_08_000811_000920 x264_crf23                  792 kbps PSNR 43.13 sl 1-1 thr 1/0 QP I/P/B 18.6/20.6/  - I/P/B 2/298/0 15.7s
00:06:01 VIRAT_S_010005_00_000048_000075 x264_crf23                  818 kbps PSNR 43.80 sl 1-1 thr 1/0 QP I/P/B 18.5/21.8/  - I/P/B 2/298/0 15.3s
00:06:02 VIRAT_S_010004_07_000729_000809 x264_crf28                  342 kbps PSNR 39.40 sl 1-1 thr 1/0 QP I/P/B 23.4/25.9/  - I/P/B 2/298/0 13.8s
00:06:03 VIRAT_S_010005_02_000177_000203 x264_crf23                  830 kbps PSNR 43.15 sl 1-1 thr 1/0 QP I/P/B 18.6/20.8/  - I/P/B 2/298/0 15.3s
00:06:07 VIRAT_S_010005_04_000299_000323 x264_crf12                 1393 kbps PSNR 54.27 sl 1-1 thr 1/0 QP I/P/B  7.8/10.1/  - I/P/B 2/298/0 15.7s
00:06:08 VIRAT_S_010001_00_000019_000065 nvenc_qp38                  142 kbps PSNR 33.64 sl 1-1 thr None/None QP I/P/B 30.0/38.0/  - I/P/B 2/298/0 8.7s
00:06:11 VIRAT_S_010004_06_000547_000715 x264_qp24_bf2_pb1           658 kbps PSNR 42.72 sl 1-1 thr 1/0 QP I/P/B 21.0/24.0/24.0 I/P/B 2/100/198 18.2s
00:06:11 VIRAT_S_010005_03_000215_000270 x264_crf23                  974 kbps PSNR 42.70 sl 1-1 thr 1/0 QP I/P/B 18.9/20.0/  - I/P/B 2/298/0 17.5s
00:06:14 VIRAT_S_010004_08_000811_000920 x264_crf28                  394 kbps PSNR 38.81 sl 1-1 thr 1/0 QP I/P/B 23.6/25.7/  - I/P/B 2/298/0 14.6s
00:06:15 VIRAT_S_010004_07_000729_000809 x264_crf33                  164 kbps PSNR 35.80 sl 1-1 thr 1/0 QP I/P/B 28.4/31.6/  - I/P/B 2/298/0 13.7s
00:06:16 VIRAT_S_010005_00_000048_000075 x264_crf28                  473 kbps PSNR 39.19 sl 1-1 thr 1/0 QP I/P/B 23.5/26.7/  - I/P/B 2/298/0 15.2s
00:06:17 VIRAT_S_010001_00_000019_000065 nvenc_qp45                   67 kbps PSNR 30.73 sl 1-1 thr None/None QP I/P/B 36.0/45.0/  - I/P/B 2/298/0 8.7s
00:06:18 VIRAT_S_010005_02_000177_000203 x264_crf28                  410 kbps PSNR 38.82 sl 1-1 thr 1/0 QP I/P/B 23.6/25.9/  - I/P/B 2/298/0 14.7s
00:06:20 VIRAT_S_010004_06_000547_000715 mpeg4_q2                   1509 kbps PSNR 43.74 sl 1-1 thr None/None QP I/P/B  4.0/ 4.0/  - I/P/B 2/298/0 9.5s
00:06:23 VIRAT_S_010005_04_000299_000323 x264_crf18                 1061 kbps PSNR 48.91 sl 1-1 thr 1/0 QP I/P/B 13.8/15.9/  - I/P/B 2/298/0 16.0s
00:06:26 VIRAT_S_010005_03_000215_000270 x264_crf28                  402 kbps PSNR 38.75 sl 1-1 thr 1/0 QP I/P/B 23.9/24.1/  - I/P/B 2/298/0 15.1s
00:06:27 VIRAT_S_010001_00_000019_000065 nvenc_qp28_bf2              424 kbps PSNR 37.02 sl 1-1 thr None/None QP I/P/B 22.0/28.0/36.0 I/P/B 2/100/198 10.5s
00:06:28 VIRAT_S_010004_08_000811_000920 x264_crf33                  178 kbps PSNR 35.43 sl 1-1 thr 1/0 QP I/P/B 28.6/31.6/  - I/P/B 2/298/0 13.6s
00:06:28 VIRAT_S_010004_07_000729_000809 x264_crf38                   85 kbps PSNR 32.39 sl 1-1 thr 1/0 QP I/P/B 33.4/37.7/  - I/P/B 2/298/0 13.0s
00:06:30 VIRAT_S_010005_00_000048_000075 x264_crf33                  219 kbps PSNR 35.65 sl 1-1 thr 1/0 QP I/P/B 28.5/32.3/  - I/P/B 2/298/0 14.1s
00:06:31 VIRAT_S_010004_06_000547_000715 mpeg4_q4                    707 kbps PSNR 39.35 sl 1-1 thr None/None QP I/P/B  8.0/ 8.0/  - I/P/B 2/298/0 10.0s
00:06:31 VIRAT_S_010005_02_000177_000203 x264_crf33                  188 kbps PSNR 35.44 sl 1-1 thr 1/0 QP I/P/B 28.6/32.0/  - I/P/B 2/298/0 13.7s
00:06:37 VIRAT_S_010001_00_000019_000065 nvenc_qp28_bf2_bqeq         631 kbps PSNR 37.14 sl 1-1 thr None/None QP I/P/B 22.0/28.0/28.0 I/P/B 2/100/198 10.0s
00:06:40 VIRAT_S_010005_04_000299_000323 x264_crf23                  805 kbps PSNR 43.73 sl 1-1 thr 1/0 QP I/P/B 18.8/20.9/  - I/P/B 2/298/0 16.5s
00:06:40 VIRAT_S_010005_03_000215_000270 x264_crf33                  154 kbps PSNR 35.52 sl 1-1 thr 1/0 QP I/P/B 28.9/29.2/  - I/P/B 2/298/0 13.8s
00:06:41 VIRAT_S_010004_06_000547_000715 mpeg4_q8                    335 kbps PSNR 35.32 sl 1-1 thr None/None QP I/P/B 16.0/16.0/  - I/P/B 2/298/0 10.4s
00:06:41 VIRAT_S_010004_07_000729_000809 x264_crf45                   37 kbps PSNR 28.43 sl 1-1 thr 1/0 QP I/P/B 40.3/45.4/  - I/P/B 2/298/0 12.9s
00:06:42 VIRAT_S_010004_08_000811_000920 x264_crf38                   90 kbps PSNR 32.14 sl 1-1 thr 1/0 QP I/P/B 33.6/38.1/  - I/P/B 2/298/0 13.4s
00:06:44 VIRAT_S_010005_00_000048_000075 x264_crf38                  104 kbps PSNR 32.41 sl 1-1 thr 1/0 QP I/P/B 33.5/38.0/  - I/P/B 2/298/0 13.6s
00:06:45 VIRAT_S_010005_02_000177_000203 x264_crf38                   98 kbps PSNR 32.16 sl 1-1 thr 1/0 QP I/P/B 33.6/38.1/  - I/P/B 2/298/0 13.6s
00:06:47 VIRAT_S_010001_01_000071_000167 nvenc_qp18                 1712 kbps PSNR 46.84 sl 1-1 thr None/None QP I/P/B 14.0/18.0/  - I/P/B 2/298/0 9.0s
00:06:50 VIRAT_S_010004_06_000547_000715 mpeg4_q16                   186 kbps PSNR 31.88 sl 1-1 thr None/None QP I/P/B 32.0/32.0/  - I/P/B 2/298/0 9.3s
00:06:54 VIRAT_S_010005_03_000215_000270 x264_crf38                   75 kbps PSNR 32.27 sl 1-1 thr 1/0 QP I/P/B 33.9/36.3/  - I/P/B 2/298/0 13.4s
00:06:55 VIRAT_S_010004_08_000811_000920 x264_crf45                   39 kbps PSNR 28.23 sl 1-1 thr 1/0 QP I/P/B 40.6/45.9/  - I/P/B 2/298/0 13.0s
00:06:55 VIRAT_S_010004_07_000729_000809 x264_qp24                   456 kbps PSNR 41.20 sl 1-1 thr 1/0 QP I/P/B 21.0/24.0/  - I/P/B 2/298/0 13.7s
00:06:55 VIRAT_S_010005_04_000299_000323 x264_crf28                  423 kbps PSNR 39.07 sl 1-1 thr 1/0 QP I/P/B 23.8/25.5/  - I/P/B 2/298/0 15.4s
00:06:57 VIRAT_S_010001_01_000071_000167 nvenc_qp23                  786 kbps PSNR 40.68 sl 1-1 thr None/None QP I/P/B 18.0/23.0/  - I/P/B 2/298/0 9.8s
00:06:57 VIRAT_S_010005_00_000048_000075 x264_crf45                   42 kbps PSNR 28.42 sl 1-1 thr 1/0 QP I/P/B 40.5/45.6/  - I/P/B 2/298/0 13.2s
00:06:58 VIRAT_S_010005_02_000177_000203 x264_crf45                   43 kbps PSNR 28.28 sl 1-1 thr 1/0 QP I/P/B 40.5/46.0/  - I/P/B 2/298/0 13.2s
00:07:00 VIRAT_S_010004_06_000547_000715 mpeg4_q31                   177 kbps PSNR 29.00 sl 1-1 thr None/None QP I/P/B 62.0/62.0/  - I/P/B 2/298/0 9.5s
00:07:00 VIRAT_S_010004_06_000547_000715 CPU arms done (1572s elapsed)
00:07:05 VIRAT_S_010005_03_000215_000270 x264_crf45                   33 kbps PSNR 28.44 sl 1-1 thr 1/0 QP I/P/B 40.9/44.5/  - I/P/B 2/298/0 11.8s
00:07:06 VIRAT_S_010001_01_000071_000167 nvenc_qp28                  345 kbps PSNR 36.92 sl 1-1 thr None/None QP I/P/B 22.0/28.0/  - I/P/B 2/298/0 8.5s
00:07:08 VIRAT_S_010004_08_000811_000920 x264_qp24                   532 kbps PSNR 40.35 sl 1-1 thr 1/0 QP I/P/B 21.0/24.0/  - I/P/B 2/298/0 13.5s
00:07:08 VIRAT_S_010005_04_000299_000323 x264_crf33                  180 kbps PSNR 35.62 sl 1-1 thr 1/0 QP I/P/B 28.8/31.2/  - I/P/B 2/298/0 12.9s
00:07:11 VIRAT_S_010005_00_000048_000075 x264_qp24                   656 kbps PSNR 41.54 sl 1-1 thr 1/0 QP I/P/B 21.0/24.0/  - I/P/B 2/298/0 13.4s
00:07:12 VIRAT_S_010005_02_000177_000203 x264_qp24                   610 kbps PSNR 40.44 sl 1-1 thr 1/0 QP I/P/B 21.0/24.0/  - I/P/B 2/298/0 13.5s
00:07:13 VIRAT_S_010004_07_000729_000809 x264_qp24_bf2_pb1           544 kbps PSNR 41.20 sl 1-1 thr 1/0 QP I/P/B 21.0/24.0/24.0 I/P/B 2/100/198 17.5s
00:07:14 VIRAT_S_010001_01_000071_000167 nvenc_qp33                  176 kbps PSNR 34.99 sl 1-1 thr None/None QP I/P/B 26.0/33.0/  - I/P/B 2/298/0 7.9s
00:07:19 VIRAT_S_010005_03_000215_000270 x264_qp24                   505 kbps PSNR 40.08 sl 1-1 thr 1/0 QP I/P/B 21.0/24.0/  - I/P/B 2/298/0 13.6s
00:07:20 VIRAT_S_010005_04_000299_000323 x264_crf38                   84 kbps PSNR 32.34 sl 1-1 thr 1/0 QP I/P/B 33.7/37.5/  - I/P/B 2/298/0 11.9s
00:07:22 VIRAT_S_010004_07_000729_000809 mpeg4_q2                   1275 kbps PSNR 43.30 sl 1-1 thr None/None QP I/P/B  4.0/ 4.0/  - I/P/B 2/298/0 9.3s
00:07:22 VIRAT_S_010001_01_000071_000167 nvenc_qp38                  116 kbps PSNR 34.12 sl 1-1 thr None/None QP I/P/B 30.0/38.0/  - I/P/B 2/298/0 8.3s
00:07:26 VIRAT_S_010004_08_000811_000920 x264_qp24_bf2_pb1           648 kbps PSNR 40.34 sl 1-1 thr 1/0 QP I/P/B 21.0/24.0/24.0 I/P/B 2/100/198 17.7s
00:07:29 VIRAT_S_010005_00_000048_000075 x264_qp24_bf2_pb1           824 kbps PSNR 41.41 sl 1-1 thr 1/0 QP I/P/B 21.0/24.0/24.0 I/P/B 2/100/198 18.4s
00:07:30 VIRAT_S_010005_02_000177_000203 x264_qp24_bf2_pb1           746 kbps PSNR 40.42 sl 1-1 thr 1/0 QP I/P/B 21.0/24.0/24.0 I/P/B 2/100/198 18.0s
00:07:31 VIRAT_S_010001_01_000071_000167 nvenc_qp45                   60 kbps PSNR 31.23 sl 1-1 thr None/None QP I/P/B 36.0/45.0/  - I/P/B 2/298/0 8.7s
00:07:31 VIRAT_S_010004_07_000729_000809 mpeg4_q4                    599 kbps PSNR 39.02 sl 1-1 thr None/None QP I/P/B  8.0/ 8.0/  - I/P/B 2/298/0 9.4s
00:07:32 VIRAT_S_010005_04_000299_000323 x264_crf45                   36 kbps PSNR 28.44 sl 1-1 thr 1/0 QP I/P/B 40.7/45.0/  - I/P/B 2/298/0 12.1s
00:07:35 VIRAT_S_010004_08_000811_000920 mpeg4_q2                   1628 kbps PSNR 43.15 sl 1-1 thr None/None QP I/P/B  4.0/ 4.0/  - I/P/B 2/298/0 9.5s
00:07:37 VIRAT_S_010005_03_000215_000270 x264_qp24_bf2_pb1           572 kbps PSNR 40.10 sl 1-1 thr 1/0 QP I/P/B 21.0/24.0/24.0 I/P/B 2/100/198 18.3s
00:07:39 VIRAT_S_010005_00_000048_000075 mpeg4_q2                   2247 kbps PSNR 43.40 sl 1-1 thr None/None QP I/P/B  4.0/ 4.0/  - I/P/B 2/298/0 9.9s
00:07:39 VIRAT_S_010005_02_000177_000203 mpeg4_q2                   1821 kbps PSNR 43.18 sl 1-1 thr None/None QP I/P/B  4.0/ 4.0/  - I/P/B 2/298/0 9.6s
00:07:41 VIRAT_S_010001_01_000071_000167 nvenc_qp28_bf2              309 kbps PSNR 36.92 sl 1-1 thr None/None QP I/P/B 22.0/28.0/36.0 I/P/B 2/100/198 9.9s
00:07:41 VIRAT_S_010004_07_000729_000809 mpeg4_q8                    294 kbps PSNR 35.11 sl 1-1 thr None/None QP I/P/B 16.0/16.0/  - I/P/B 2/298/0 9.6s
00:07:45 VIRAT_S_010004_08_000811_000920 mpeg4_q4                    699 kbps PSNR 38.95 sl 1-1 thr None/None QP I/P/B  8.0/ 8.0/  - I/P/B 2/298/0 9.4s
00:07:46 VIRAT_S_010005_04_000299_000323 x264_qp24                   564 kbps PSNR 40.73 sl 1-1 thr 1/0 QP I/P/B 21.0/24.0/  - I/P/B 2/298/0 14.0s
00:07:47 VIRAT_S_010005_03_000215_000270 mpeg4_q2                   1717 kbps PSNR 43.11 sl 1-1 thr None/None QP I/P/B  4.0/ 4.0/  - I/P/B 2/298/0 10.0s
00:07:49 VIRAT_S_010005_02_000177_000203 mpeg4_q4                    788 kbps PSNR 39.01 sl 1-1 thr None/None QP I/P/B  8.0/ 8.0/  - I/P/B 2/298/0 9.7s
00:07:49 VIRAT_S_010005_00_000048_000075 mpeg4_q4                    986 kbps PSNR 39.24 sl 1-1 thr None/None QP I/P/B  8.0/ 8.0/  - I/P/B 2/298/0 10.0s
00:07:50 VIRAT_S_010004_07_000729_000809 mpeg4_q16                   174 kbps PSNR 31.74 sl 1-1 thr None/None QP I/P/B 32.0/32.0/  - I/P/B 2/298/0 9.6s
00:07:51 VIRAT_S_010001_01_000071_000167 nvenc_qp28_bf2_bqeq         472 kbps PSNR 37.00 sl 1-1 thr None/None QP I/P/B 22.0/28.0/28.0 I/P/B 2/100/198 10.0s
00:07:54 VIRAT_S_010004_08_000811_000920 mpeg4_q8                    327 kbps PSNR 34.99 sl 1-1 thr None/None QP I/P/B 16.0/16.0/  - I/P/B 2/298/0 9.4s
00:07:57 VIRAT_S_010005_03_000215_000270 mpeg4_q4                    608 kbps PSNR 39.08 sl 1-1 thr None/None QP I/P/B  8.0/ 8.0/  - I/P/B 2/298/0 9.3s
00:07:58 VIRAT_S_010005_02_000177_000203 mpeg4_q8                    368 kbps PSNR 35.07 sl 1-1 thr None/None QP I/P/B 16.0/16.0/  - I/P/B 2/298/0 9.5s
00:07:59 VIRAT_S_010005_00_000048_000075 mpeg4_q8                    436 kbps PSNR 35.34 sl 1-1 thr None/None QP I/P/B 16.0/16.0/  - I/P/B 2/298/0 9.5s
00:08:00 VIRAT_S_010004_07_000729_000809 mpeg4_q31                   163 kbps PSNR 28.94 sl 1-1 thr None/None QP I/P/B 62.0/62.0/  - I/P/B 2/298/0 9.5s
00:08:00 VIRAT_S_010004_07_000729_000809 CPU arms done (1632s elapsed)
00:08:01 VIRAT_S_010001_02_000195_000498 nvenc_qp18                 1895 kbps PSNR 47.70 sl 1-1 thr None/None QP I/P/B 14.0/18.0/  - I/P/B 2/298/0 9.6s
00:08:03 VIRAT_S_010004_08_000811_000920 mpeg4_q16                   185 kbps PSNR 31.59 sl 1-1 thr None/None QP I/P/B 32.0/32.0/  - I/P/B 2/298/0 9.1s
00:08:05 VIRAT_S_010005_04_000299_000323 x264_qp24_bf2_pb1           666 kbps PSNR 40.73 sl 1-1 thr 1/0 QP I/P/B 21.0/24.0/24.0 I/P/B 2/100/198 18.4s
00:08:06 VIRAT_S_010005_03_000215_000270 mpeg4_q8                    267 kbps PSNR 35.12 sl 1-1 thr None/None QP I/P/B 16.0/16.0/  - I/P/B 2/298/0 9.2s
00:08:07 VIRAT_S_010005_02_000177_000203 mpeg4_q16                   205 kbps PSNR 31.69 sl 1-1 thr None/None QP I/P/B 32.0/32.0/  - I/P/B 2/298/0 8.7s
00:08:08 VIRAT_S_010005_00_000048_000075 mpeg4_q16                   215 kbps PSNR 31.88 sl 1-1 thr None/None QP I/P/B 32.0/32.0/  - I/P/B 2/298/0 9.0s
00:08:10 VIRAT_S_010001_02_000195_000498 nvenc_qp23                 1321 kbps PSNR 42.34 sl 1-1 thr None/None QP I/P/B 18.0/23.0/  - I/P/B 2/298/0 8.4s
00:08:12 VIRAT_S_010004_08_000811_000920 mpeg4_q31                   160 kbps PSNR 28.80 sl 1-1 thr None/None QP I/P/B 62.0/62.0/  - I/P/B 2/298/0 9.2s
00:08:12 VIRAT_S_010004_08_000811_000920 CPU arms done (1645s elapsed)
00:08:14 VIRAT_S_010005_04_000299_000323 mpeg4_q2                   1669 kbps PSNR 43.17 sl 1-1 thr None/None QP I/P/B  4.0/ 4.0/  - I/P/B 2/298/0 9.5s
00:08:15 VIRAT_S_010005_03_000215_000270 mpeg4_q16                   157 kbps PSNR 31.74 sl 1-1 thr None/None QP I/P/B 32.0/32.0/  - I/P/B 2/298/0 8.8s
00:08:16 VIRAT_S_010005_02_000177_000203 mpeg4_q31                   169 kbps PSNR 28.92 sl 1-1 thr None/None QP I/P/B 62.0/62.0/  - I/P/B 2/298/0 9.0s
00:08:16 VIRAT_S_010005_02_000177_000203 CPU arms done (1649s elapsed)
00:08:17 VIRAT_S_010005_00_000048_000075 mpeg4_q31                   171 kbps PSNR 29.04 sl 1-1 thr None/None QP I/P/B 62.0/62.0/  - I/P/B 2/298/0 9.0s
00:08:17 VIRAT_S_010005_00_000048_000075 CPU arms done (1649s elapsed)
00:08:18 VIRAT_S_010001_02_000195_000498 nvenc_qp28                  629 kbps PSNR 37.42 sl 1-1 thr None/None QP I/P/B 22.0/28.0/  - I/P/B 2/298/0 8.0s
00:08:22 VIRAT_S_010005_03_000215_000270 mpeg4_q31                   144 kbps PSNR 28.99 sl 1-1 thr None/None QP I/P/B 62.0/62.0/  - I/P/B 2/298/0 7.8s
00:08:22 VIRAT_S_010005_03_000215_000270 CPU arms done (1655s elapsed)
00:08:23 VIRAT_S_010005_04_000299_000323 mpeg4_q4                    703 kbps PSNR 38.99 sl 1-1 thr None/None QP I/P/B  8.0/ 8.0/  - I/P/B 2/298/0 8.2s
00:08:25 VIRAT_S_010001_02_000195_000498 nvenc_qp33                  281 kbps PSNR 35.10 sl 1-1 thr None/None QP I/P/B 26.0/33.0/  - I/P/B 2/298/0 7.2s
00:08:30 VIRAT_S_010005_04_000299_000323 mpeg4_q8                    313 kbps PSNR 35.13 sl 1-1 thr None/None QP I/P/B 16.0/16.0/  - I/P/B 2/298/0 7.5s
00:08:32 VIRAT_S_010001_02_000195_000498 nvenc_qp38                  146 kbps PSNR 33.66 sl 1-1 thr None/None QP I/P/B 30.0/38.0/  - I/P/B 2/298/0 6.8s
00:08:37 VIRAT_S_010005_04_000299_000323 mpeg4_q16                   171 kbps PSNR 31.80 sl 1-1 thr None/None QP I/P/B 32.0/32.0/  - I/P/B 2/298/0 7.2s
00:08:38 VIRAT_S_010001_02_000195_000498 nvenc_qp45                   65 kbps PSNR 30.84 sl 1-1 thr None/None QP I/P/B 36.0/45.0/  - I/P/B 2/298/0 6.8s
00:08:44 VIRAT_S_010005_04_000299_000323 mpeg4_q31                   155 kbps PSNR 29.08 sl 1-1 thr None/None QP I/P/B 62.0/62.0/  - I/P/B 2/298/0 6.9s
00:08:44 VIRAT_S_010005_04_000299_000323 CPU arms done (1677s elapsed)
00:08:44 CPU arms finished at 1677s; waiting for NVENC
00:08:46 VIRAT_S_010001_02_000195_000498 nvenc_qp28_bf2              524 kbps PSNR 37.34 sl 1-1 thr None/None QP I/P/B 22.0/28.0/36.0 I/P/B 2/100/198 7.8s
00:08:53 VIRAT_S_010001_02_000195_000498 nvenc_qp28_bf2_bqeq         758 kbps PSNR 37.49 sl 1-1 thr None/None QP I/P/B 22.0/28.0/28.0 I/P/B 2/100/198 7.0s
00:09:00 VIRAT_S_010001_03_000537_000563 nvenc_qp18                 2223 kbps PSNR 47.01 sl 1-1 thr None/None QP I/P/B 14.0/18.0/  - I/P/B 2/298/0 6.4s
00:09:07 VIRAT_S_010001_03_000537_000563 nvenc_qp23                 1284 kbps PSNR 41.23 sl 1-1 thr None/None QP I/P/B 18.0/23.0/  - I/P/B 2/298/0 6.3s
00:09:13 VIRAT_S_010001_03_000537_000563 nvenc_qp28                  608 kbps PSNR 37.05 sl 1-1 thr None/None QP I/P/B 22.0/28.0/  - I/P/B 2/298/0 6.2s
00:09:19 VIRAT_S_010001_03_000537_000563 nvenc_qp33                  281 kbps PSNR 34.93 sl 1-1 thr None/None QP I/P/B 26.0/33.0/  - I/P/B 2/298/0 6.0s
00:09:25 VIRAT_S_010001_03_000537_000563 nvenc_qp38                  147 kbps PSNR 33.60 sl 1-1 thr None/None QP I/P/B 30.0/38.0/  - I/P/B 2/298/0 5.8s
00:09:30 VIRAT_S_010001_03_000537_000563 nvenc_qp45                   66 kbps PSNR 30.68 sl 1-1 thr None/None QP I/P/B 36.0/45.0/  - I/P/B 2/298/0 5.7s
00:09:37 VIRAT_S_010001_03_000537_000563 nvenc_qp28_bf2              500 kbps PSNR 37.01 sl 1-1 thr None/None QP I/P/B 22.0/28.0/36.0 I/P/B 2/100/198 6.9s
00:09:44 VIRAT_S_010001_03_000537_000563 nvenc_qp28_bf2_bqeq         721 kbps PSNR 37.15 sl 1-1 thr None/None QP I/P/B 22.0/28.0/28.0 I/P/B 2/100/198 7.0s
00:09:51 VIRAT_S_010001_04_000583_000646 nvenc_qp18                 1837 kbps PSNR 47.02 sl 1-1 thr None/None QP I/P/B 14.0/18.0/  - I/P/B 2/298/0 6.3s
00:09:57 VIRAT_S_010001_04_000583_000646 nvenc_qp23                  905 kbps PSNR 40.69 sl 1-1 thr None/None QP I/P/B 18.0/23.0/  - I/P/B 2/298/0 6.2s
00:10:03 VIRAT_S_010001_04_000583_000646 nvenc_qp28                  401 kbps PSNR 36.93 sl 1-1 thr None/None QP I/P/B 22.0/28.0/  - I/P/B 2/298/0 6.0s
00:10:09 VIRAT_S_010001_04_000583_000646 nvenc_qp33                  189 kbps PSNR 34.97 sl 1-1 thr None/None QP I/P/B 26.0/33.0/  - I/P/B 2/298/0 5.9s
00:10:15 VIRAT_S_010001_04_000583_000646 nvenc_qp38                  115 kbps PSNR 34.02 sl 1-1 thr None/None QP I/P/B 30.0/38.0/  - I/P/B 2/298/0 5.9s
00:10:21 VIRAT_S_010001_04_000583_000646 nvenc_qp45                   59 kbps PSNR 31.20 sl 1-1 thr None/None QP I/P/B 36.0/45.0/  - I/P/B 2/298/0 5.8s
00:10:28 VIRAT_S_010001_04_000583_000646 nvenc_qp28_bf2              354 kbps PSNR 36.94 sl 1-1 thr None/None QP I/P/B 22.0/28.0/36.0 I/P/B 2/100/198 6.8s
00:10:35 VIRAT_S_010001_04_000583_000646 nvenc_qp28_bf2_bqeq         524 kbps PSNR 37.03 sl 1-1 thr None/None QP I/P/B 22.0/28.0/28.0 I/P/B 2/100/198 6.9s
00:10:42 VIRAT_S_010001_05_000649_000684 nvenc_qp18                 1695 kbps PSNR 46.76 sl 1-1 thr None/None QP I/P/B 14.0/18.0/  - I/P/B 2/298/0 6.3s
00:10:48 VIRAT_S_010001_05_000649_000684 nvenc_qp23                  836 kbps PSNR 40.73 sl 1-1 thr None/None QP I/P/B 18.0/23.0/  - I/P/B 2/298/0 6.1s
00:10:54 VIRAT_S_010001_05_000649_000684 nvenc_qp28                  378 kbps PSNR 36.89 sl 1-1 thr None/None QP I/P/B 22.0/28.0/  - I/P/B 2/298/0 5.9s
00:10:59 VIRAT_S_010001_05_000649_000684 nvenc_qp33                  190 kbps PSNR 34.96 sl 1-1 thr None/None QP I/P/B 26.0/33.0/  - I/P/B 2/298/0 5.7s
00:11:05 VIRAT_S_010001_05_000649_000684 nvenc_qp38                  122 kbps PSNR 34.03 sl 1-1 thr None/None QP I/P/B 30.0/38.0/  - I/P/B 2/298/0 6.0s
00:11:11 VIRAT_S_010001_05_000649_000684 nvenc_qp45                   63 kbps PSNR 31.06 sl 1-1 thr None/None QP I/P/B 36.0/45.0/  - I/P/B 2/298/0 5.8s
00:11:18 VIRAT_S_010001_05_000649_000684 nvenc_qp28_bf2              329 kbps PSNR 36.86 sl 1-1 thr None/None QP I/P/B 22.0/28.0/36.0 I/P/B 2/100/198 6.8s
00:11:25 VIRAT_S_010001_05_000649_000684 nvenc_qp28_bf2_bqeq         501 kbps PSNR 36.95 sl 1-1 thr None/None QP I/P/B 22.0/28.0/28.0 I/P/B 2/100/198 6.8s
00:11:32 VIRAT_S_010001_06_000685_000722 nvenc_qp18                 1548 kbps PSNR 46.78 sl 1-1 thr None/None QP I/P/B 14.0/18.0/  - I/P/B 2/298/0 6.3s
00:11:38 VIRAT_S_010001_06_000685_000722 nvenc_qp23                  664 kbps PSNR 40.49 sl 1-1 thr None/None QP I/P/B 18.0/23.0/  - I/P/B 2/298/0 6.0s
00:11:44 VIRAT_S_010001_06_000685_000722 nvenc_qp28                  291 kbps PSNR 36.93 sl 1-1 thr None/None QP I/P/B 22.0/28.0/  - I/P/B 2/298/0 5.9s
00:11:50 VIRAT_S_010001_06_000685_000722 nvenc_qp33                  149 kbps PSNR 35.02 sl 1-1 thr None/None QP I/P/B 26.0/33.0/  - I/P/B 2/298/0 5.7s
00:11:55 VIRAT_S_010001_06_000685_000722 nvenc_qp38                  103 kbps PSNR 34.26 sl 1-1 thr None/None QP I/P/B 30.0/38.0/  - I/P/B 2/298/0 5.7s
00:12:01 VIRAT_S_010001_06_000685_000722 nvenc_qp45                   56 kbps PSNR 31.43 sl 1-1 thr None/None QP I/P/B 36.0/45.0/  - I/P/B 2/298/0 5.8s
00:12:08 VIRAT_S_010001_06_000685_000722 nvenc_qp28_bf2              265 kbps PSNR 36.95 sl 1-1 thr None/None QP I/P/B 22.0/28.0/36.0 I/P/B 2/100/198 6.7s
00:12:15 VIRAT_S_010001_06_000685_000722 nvenc_qp28_bf2_bqeq         403 kbps PSNR 37.01 sl 1-1 thr None/None QP I/P/B 22.0/28.0/28.0 I/P/B 2/100/198 6.8s
00:12:22 VIRAT_S_010001_07_000741_000810 nvenc_qp18                 1586 kbps PSNR 46.94 sl 1-1 thr None/None QP I/P/B 14.0/18.0/  - I/P/B 2/298/0 6.4s
00:12:28 VIRAT_S_010001_07_000741_000810 nvenc_qp23                  701 kbps PSNR 40.48 sl 1-1 thr None/None QP I/P/B 18.0/23.0/  - I/P/B 2/298/0 6.0s
00:12:34 VIRAT_S_010001_07_000741_000810 nvenc_qp28                  325 kbps PSNR 36.87 sl 1-1 thr None/None QP I/P/B 22.0/28.0/  - I/P/B 2/298/0 5.9s
00:12:39 VIRAT_S_010001_07_000741_000810 nvenc_qp33                  178 kbps PSNR 34.97 sl 1-1 thr None/None QP I/P/B 26.0/33.0/  - I/P/B 2/298/0 5.8s
00:12:45 VIRAT_S_010001_07_000741_000810 nvenc_qp38                  122 kbps PSNR 34.12 sl 1-1 thr None/None QP I/P/B 30.0/38.0/  - I/P/B 2/298/0 5.8s
00:12:51 VIRAT_S_010001_07_000741_000810 nvenc_qp45                   64 kbps PSNR 31.07 sl 1-1 thr None/None QP I/P/B 36.0/45.0/  - I/P/B 2/298/0 5.8s
00:12:58 VIRAT_S_010001_07_000741_000810 nvenc_qp28_bf2              283 kbps PSNR 36.85 sl 1-1 thr None/None QP I/P/B 22.0/28.0/36.0 I/P/B 2/100/198 6.7s
00:13:05 VIRAT_S_010001_07_000741_000810 nvenc_qp28_bf2_bqeq         456 kbps PSNR 36.95 sl 1-1 thr None/None QP I/P/B 22.0/28.0/28.0 I/P/B 2/100/198 6.8s
00:13:12 VIRAT_S_010001_08_000826_000893 nvenc_qp18                 1609 kbps PSNR 46.85 sl 1-1 thr None/None QP I/P/B 14.0/18.0/  - I/P/B 2/298/0 6.4s
00:13:18 VIRAT_S_010001_08_000826_000893 nvenc_qp23                  724 kbps PSNR 40.62 sl 1-1 thr None/None QP I/P/B 18.0/23.0/  - I/P/B 2/298/0 6.1s
00:13:24 VIRAT_S_010001_08_000826_000893 nvenc_qp28                  326 kbps PSNR 36.94 sl 1-1 thr None/None QP I/P/B 22.0/28.0/  - I/P/B 2/298/0 5.9s
00:13:29 VIRAT_S_010001_08_000826_000893 nvenc_qp33                  170 kbps PSNR 34.98 sl 1-1 thr None/None QP I/P/B 26.0/33.0/  - I/P/B 2/298/0 5.7s
00:13:35 VIRAT_S_010001_08_000826_000893 nvenc_qp38                  115 kbps PSNR 34.14 sl 1-1 thr None/None QP I/P/B 30.0/38.0/  - I/P/B 2/298/0 5.7s
00:13:41 VIRAT_S_010001_08_000826_000893 nvenc_qp45                   60 kbps PSNR 31.22 sl 1-1 thr None/None QP I/P/B 36.0/45.0/  - I/P/B 2/298/0 5.7s
00:13:48 VIRAT_S_010001_08_000826_000893 nvenc_qp28_bf2              293 kbps PSNR 36.91 sl 1-1 thr None/None QP I/P/B 22.0/28.0/36.0 I/P/B 2/100/198 6.9s
00:13:54 VIRAT_S_010001_08_000826_000893 nvenc_qp28_bf2_bqeq         455 kbps PSNR 36.99 sl 1-1 thr None/None QP I/P/B 22.0/28.0/28.0 I/P/B 2/100/198 6.6s
00:14:02 VIRAT_S_010001_09_000921_000952 nvenc_qp18                 2217 kbps PSNR 47.01 sl 1-1 thr None/None QP I/P/B 14.0/18.0/  - I/P/B 2/298/0 6.5s
00:14:08 VIRAT_S_010001_09_000921_000952 nvenc_qp23                 1144 kbps PSNR 40.79 sl 1-1 thr None/None QP I/P/B 18.0/23.0/  - I/P/B 2/298/0 6.3s
00:14:14 VIRAT_S_010001_09_000921_000952 nvenc_qp28                  510 kbps PSNR 36.98 sl 1-1 thr None/None QP I/P/B 22.0/28.0/  - I/P/B 2/298/0 6.1s
00:14:20 VIRAT_S_010001_09_000921_000952 nvenc_qp33                  226 kbps PSNR 34.95 sl 1-1 thr None/None QP I/P/B 26.0/33.0/  - I/P/B 2/298/0 5.8s
00:14:26 VIRAT_S_010001_09_000921_000952 nvenc_qp38                  123 kbps PSNR 33.90 sl 1-1 thr None/None QP I/P/B 30.0/38.0/  - I/P/B 2/298/0 5.7s
00:14:31 VIRAT_S_010001_09_000921_000952 nvenc_qp45                   58 kbps PSNR 31.11 sl 1-1 thr None/None QP I/P/B 36.0/45.0/  - I/P/B 2/298/0 5.8s
00:14:38 VIRAT_S_010001_09_000921_000952 nvenc_qp28_bf2              429 kbps PSNR 36.98 sl 1-1 thr None/None QP I/P/B 22.0/28.0/36.0 I/P/B 2/100/198 6.7s
00:14:45 VIRAT_S_010001_09_000921_000952 nvenc_qp28_bf2_bqeq         605 kbps PSNR 37.07 sl 1-1 thr None/None QP I/P/B 22.0/28.0/28.0 I/P/B 2/100/198 7.0s
00:14:52 VIRAT_S_010001_10_000962_001005 nvenc_qp18                 1825 kbps PSNR 46.96 sl 1-1 thr None/None QP I/P/B 14.0/18.0/  - I/P/B 2/298/0 6.4s
00:14:58 VIRAT_S_010001_10_000962_001005 nvenc_qp23                 1007 kbps PSNR 41.21 sl 1-1 thr None/None QP I/P/B 18.0/23.0/  - I/P/B 2/298/0 6.2s
00:15:04 VIRAT_S_010001_10_000962_001005 nvenc_qp28                  451 kbps PSNR 37.15 sl 1-1 thr None/None QP I/P/B 22.0/28.0/  - I/P/B 2/298/0 6.0s
00:15:10 VIRAT_S_010001_10_000962_001005 nvenc_qp33                  218 kbps PSNR 35.01 sl 1-1 thr None/None QP I/P/B 26.0/33.0/  - I/P/B 2/298/0 5.9s
00:15:16 VIRAT_S_010001_10_000962_001005 nvenc_qp38                  132 kbps PSNR 33.97 sl 1-1 thr None/None QP I/P/B 30.0/38.0/  - I/P/B 2/298/0 5.9s
00:15:22 VIRAT_S_010001_10_000962_001005 nvenc_qp45                   66 kbps PSNR 30.99 sl 1-1 thr None/None QP I/P/B 36.0/45.0/  - I/P/B 2/298/0 5.8s
00:15:29 VIRAT_S_010001_10_000962_001005 nvenc_qp28_bf2              393 kbps PSNR 37.15 sl 1-1 thr None/None QP I/P/B 22.0/28.0/36.0 I/P/B 2/100/198 6.8s
00:15:36 VIRAT_S_010001_10_000962_001005 nvenc_qp28_bf2_bqeq         583 kbps PSNR 37.26 sl 1-1 thr None/None QP I/P/B 22.0/28.0/28.0 I/P/B 2/100/198 7.0s
00:15:43 VIRAT_S_010002_00_000012_000120 nvenc_qp18                 1975 kbps PSNR 47.22 sl 1-1 thr None/None QP I/P/B 14.0/18.0/  - I/P/B 2/298/0 6.3s
00:15:49 VIRAT_S_010002_00_000012_000120 nvenc_qp23                 1243 kbps PSNR 41.72 sl 1-1 thr None/None QP I/P/B 18.0/23.0/  - I/P/B 2/298/0 6.3s
00:15:55 VIRAT_S_010002_00_000012_000120 nvenc_qp28                  572 kbps PSNR 37.13 sl 1-1 thr None/None QP I/P/B 22.0/28.0/  - I/P/B 2/298/0 6.1s
00:16:01 VIRAT_S_010002_00_000012_000120 nvenc_qp33                  263 kbps PSNR 34.96 sl 1-1 thr None/None QP I/P/B 26.0/33.0/  - I/P/B 2/298/0 5.9s
00:16:07 VIRAT_S_010002_00_000012_000120 nvenc_qp38                  143 kbps PSNR 33.65 sl 1-1 thr None/None QP I/P/B 30.0/38.0/  - I/P/B 2/298/0 6.3s
00:16:13 VIRAT_S_010002_00_000012_000120 nvenc_qp45                   66 kbps PSNR 30.74 sl 1-1 thr None/None QP I/P/B 36.0/45.0/  - I/P/B 2/298/0 6.0s
00:16:20 VIRAT_S_010002_00_000012_000120 nvenc_qp28_bf2              483 kbps PSNR 37.08 sl 1-1 thr None/None QP I/P/B 22.0/28.0/36.0 I/P/B 2/100/198 6.9s
00:16:27 VIRAT_S_010002_00_000012_000120 nvenc_qp28_bf2_bqeq         696 kbps PSNR 37.20 sl 1-1 thr None/None QP I/P/B 22.0/28.0/28.0 I/P/B 2/100/198 7.0s
00:16:35 VIRAT_S_010002_01_000123_000148 nvenc_qp18                 1963 kbps PSNR 47.17 sl 1-1 thr None/None QP I/P/B 14.0/18.0/  - I/P/B 2/298/0 6.4s
00:16:41 VIRAT_S_010002_01_000123_000148 nvenc_qp23                 1213 kbps PSNR 41.77 sl 1-1 thr None/None QP I/P/B 18.0/23.0/  - I/P/B 2/298/0 6.3s
00:16:47 VIRAT_S_010002_01_000123_000148 nvenc_qp28                  554 kbps PSNR 37.13 sl 1-1 thr None/None QP I/P/B 22.0/28.0/  - I/P/B 2/298/0 6.1s
00:16:53 VIRAT_S_010002_01_000123_000148 nvenc_qp33                  259 kbps PSNR 34.97 sl 1-1 thr None/None QP I/P/B 26.0/33.0/  - I/P/B 2/298/0 6.0s
00:16:59 VIRAT_S_010002_01_000123_000148 nvenc_qp38                  144 kbps PSNR 33.65 sl 1-1 thr None/None QP I/P/B 30.0/38.0/  - I/P/B 2/298/0 5.8s
00:17:04 VIRAT_S_010002_01_000123_000148 nvenc_qp45                   66 kbps PSNR 30.72 sl 1-1 thr None/None QP I/P/B 36.0/45.0/  - I/P/B 2/298/0 5.7s
00:17:11 VIRAT_S_010002_01_000123_000148 nvenc_qp28_bf2              463 kbps PSNR 37.08 sl 1-1 thr None/None QP I/P/B 22.0/28.0/36.0 I/P/B 2/100/198 6.8s
00:17:18 VIRAT_S_010002_01_000123_000148 nvenc_qp28_bf2_bqeq         681 kbps PSNR 37.21 sl 1-1 thr None/None QP I/P/B 22.0/28.0/28.0 I/P/B 2/100/198 7.0s
00:17:25 VIRAT_S_010002_02_000174_000204 nvenc_qp18                 1958 kbps PSNR 46.85 sl 1-1 thr None/None QP I/P/B 14.0/18.0/  - I/P/B 2/298/0 6.3s
00:17:32 VIRAT_S_010002_02_000174_000204 nvenc_qp23                 1142 kbps PSNR 41.43 sl 1-1 thr None/None QP I/P/B 18.0/23.0/  - I/P/B 2/298/0 6.3s
00:17:38 VIRAT_S_010002_02_000174_000204 nvenc_qp28                  510 kbps PSNR 37.14 sl 1-1 thr None/None QP I/P/B 22.0/28.0/  - I/P/B 2/298/0 6.0s
00:17:43 VIRAT_S_010002_02_000174_000204 nvenc_qp33                  230 kbps PSNR 34.96 sl 1-1 thr None/None QP I/P/B 26.0/33.0/  - I/P/B 2/298/0 5.1s
00:17:49 VIRAT_S_010002_02_000174_000204 nvenc_qp38                  127 kbps PSNR 33.76 sl 1-1 thr None/None QP I/P/B 30.0/38.0/  - I/P/B 2/298/0 6.1s
00:17:56 VIRAT_S_010002_02_000174_000204 nvenc_qp45                   61 kbps PSNR 30.93 sl 1-1 thr None/None QP I/P/B 36.0/45.0/  - I/P/B 2/298/0 6.5s
00:18:02 VIRAT_S_010002_02_000174_000204 nvenc_qp28_bf2              440 kbps PSNR 37.14 sl 1-1 thr None/None QP I/P/B 22.0/28.0/36.0 I/P/B 2/100/198 6.9s
00:18:10 VIRAT_S_010002_02_000174_000204 nvenc_qp28_bf2_bqeq         631 kbps PSNR 37.24 sl 1-1 thr None/None QP I/P/B 22.0/28.0/28.0 I/P/B 2/100/198 7.1s
00:18:17 VIRAT_S_010002_03_000236_000261 nvenc_qp18                 2409 kbps PSNR 47.33 sl 1-1 thr None/None QP I/P/B 14.0/18.0/  - I/P/B 2/298/0 6.8s
00:18:24 VIRAT_S_010002_03_000236_000261 nvenc_qp23                 1622 kbps PSNR 42.33 sl 1-1 thr None/None QP I/P/B 18.0/23.0/  - I/P/B 2/298/0 6.5s
00:18:30 VIRAT_S_010002_03_000236_000261 nvenc_qp28                  731 kbps PSNR 37.78 sl 1-1 thr None/None QP I/P/B 22.0/28.0/  - I/P/B 2/298/0 6.6s
00:18:37 VIRAT_S_010002_03_000236_000261 nvenc_qp33                  317 kbps PSNR 34.96 sl 1-1 thr None/None QP I/P/B 26.0/33.0/  - I/P/B 2/298/0 6.5s
00:18:43 VIRAT_S_010002_03_000236_000261 nvenc_qp38                  164 kbps PSNR 33.17 sl 1-1 thr None/None QP I/P/B 30.0/38.0/  - I/P/B 2/298/0 6.3s
00:18:49 VIRAT_S_010002_03_000236_000261 nvenc_qp45                   73 kbps PSNR 30.55 sl 1-1 thr None/None QP I/P/B 36.0/45.0/  - I/P/B 2/298/0 6.3s
00:18:57 VIRAT_S_010002_03_000236_000261 nvenc_qp28_bf2              606 kbps PSNR 37.69 sl 1-1 thr None/None QP I/P/B 22.0/28.0/36.0 I/P/B 2/100/198 7.5s
00:19:05 VIRAT_S_010002_03_000236_000261 nvenc_qp28_bf2_bqeq         862 kbps PSNR 37.88 sl 1-1 thr None/None QP I/P/B 22.0/28.0/28.0 I/P/B 2/100/198 8.0s
00:19:14 VIRAT_S_010002_04_000307_000350 nvenc_qp18                 1588 kbps PSNR 47.04 sl 1-1 thr None/None QP I/P/B 14.0/18.0/  - I/P/B 2/298/0 7.9s
00:19:21 VIRAT_S_010002_04_000307_000350 nvenc_qp23                  957 kbps PSNR 41.61 sl 1-1 thr None/None QP I/P/B 18.0/23.0/  - I/P/B 2/298/0 7.9s
00:19:29 VIRAT_S_010002_04_000307_000350 nvenc_qp28                  428 kbps PSNR 37.22 sl 1-1 thr None/None QP I/P/B 22.0/28.0/  - I/P/B 2/298/0 7.7s
00:19:36 VIRAT_S_010002_04_000307_000350 nvenc_qp33                  199 kbps PSNR 35.11 sl 1-1 thr None/None QP I/P/B 26.0/33.0/  - I/P/B 2/298/0 7.4s
00:19:44 VIRAT_S_010002_04_000307_000350 nvenc_qp38                  119 kbps PSNR 34.11 sl 1-1 thr None/None QP I/P/B 30.0/38.0/  - I/P/B 2/298/0 7.4s
00:19:51 VIRAT_S_010002_04_000307_000350 nvenc_qp45                   60 kbps PSNR 31.32 sl 1-1 thr None/None QP I/P/B 36.0/45.0/  - I/P/B 2/298/0 7.4s
00:20:00 VIRAT_S_010002_04_000307_000350 nvenc_qp28_bf2              369 kbps PSNR 37.18 sl 1-1 thr None/None QP I/P/B 22.0/28.0/36.0 I/P/B 2/100/198 8.5s
00:20:09 VIRAT_S_010002_04_000307_000350 nvenc_qp28_bf2_bqeq         553 kbps PSNR 37.28 sl 1-1 thr None/None QP I/P/B 22.0/28.0/28.0 I/P/B 2/100/198 8.7s
00:20:16 VIRAT_S_010002_05_000397_000420 nvenc_qp18                 2340 kbps PSNR 46.70 sl 1-1 thr None/None QP I/P/B 14.0/18.0/  - I/P/B 2/298/0 7.0s
00:20:24 VIRAT_S_010002_05_000397_000420 nvenc_qp23                 1385 kbps PSNR 41.49 sl 1-1 thr None/None QP I/P/B 18.0/23.0/  - I/P/B 2/298/0 7.9s
00:20:32 VIRAT_S_010002_05_000397_000420 nvenc_qp28                  629 kbps PSNR 37.14 sl 1-1 thr None/None QP I/P/B 22.0/28.0/  - I/P/B 2/298/0 7.7s
00:20:39 VIRAT_S_010002_05_000397_000420 nvenc_qp33                  278 kbps PSNR 34.94 sl 1-1 thr None/None QP I/P/B 26.0/33.0/  - I/P/B 2/298/0 7.5s
00:20:47 VIRAT_S_010002_05_000397_000420 nvenc_qp38                  143 kbps PSNR 33.57 sl 1-1 thr None/None QP I/P/B 30.0/38.0/  - I/P/B 2/298/0 7.3s
00:20:54 VIRAT_S_010002_05_000397_000420 nvenc_qp45                   63 kbps PSNR 30.70 sl 1-1 thr None/None QP I/P/B 36.0/45.0/  - I/P/B 2/298/0 7.4s
00:21:03 VIRAT_S_010002_05_000397_000420 nvenc_qp28_bf2              528 kbps PSNR 37.12 sl 1-1 thr None/None QP I/P/B 22.0/28.0/36.0 I/P/B 2/100/198 8.6s
00:21:10 VIRAT_S_010002_05_000397_000420 nvenc_qp28_bf2_bqeq         744 kbps PSNR 37.24 sl 1-1 thr None/None QP I/P/B 22.0/28.0/28.0 I/P/B 2/100/198 7.2s
00:21:17 VIRAT_S_010002_06_000441_000467 nvenc_qp18                 1806 kbps PSNR 47.01 sl 1-1 thr None/None QP I/P/B 14.0/18.0/  - I/P/B 2/298/0 6.8s
00:21:24 VIRAT_S_010002_06_000441_000467 nvenc_qp23                  973 kbps PSNR 41.10 sl 1-1 thr None/None QP I/P/B 18.0/23.0/  - I/P/B 2/298/0 6.4s
00:21:30 VIRAT_S_010002_06_000441_000467 nvenc_qp28                  433 kbps PSNR 37.09 sl 1-1 thr None/None QP I/P/B 22.0/28.0/  - I/P/B 2/298/0 6.1s
00:21:36 VIRAT_S_010002_06_000441_000467 nvenc_qp33                  209 kbps PSNR 34.97 sl 1-1 thr None/None QP I/P/B 26.0/33.0/  - I/P/B 2/298/0 5.9s
00:21:42 VIRAT_S_010002_06_000441_000467 nvenc_qp38                  127 kbps PSNR 33.92 sl 1-1 thr None/None QP I/P/B 30.0/38.0/  - I/P/B 2/298/0 6.0s
00:21:48 VIRAT_S_010002_06_000441_000467 nvenc_qp45                   63 kbps PSNR 31.01 sl 1-1 thr None/None QP I/P/B 36.0/45.0/  - I/P/B 2/298/0 6.2s
00:21:55 VIRAT_S_010002_06_000441_000467 nvenc_qp28_bf2              377 kbps PSNR 37.07 sl 1-1 thr None/None QP I/P/B 22.0/28.0/36.0 I/P/B 2/100/198 6.9s
00:22:02 VIRAT_S_010002_06_000441_000467 nvenc_qp28_bf2_bqeq         564 kbps PSNR 37.17 sl 1-1 thr None/None QP I/P/B 22.0/28.0/28.0 I/P/B 2/100/198 6.9s
00:22:09 VIRAT_S_010002_07_000522_000547 nvenc_qp18                 2099 kbps PSNR 47.53 sl 1-1 thr None/None QP I/P/B 14.0/18.0/  - I/P/B 2/298/0 6.5s
00:22:16 VIRAT_S_010002_07_000522_000547 nvenc_qp23                 1415 kbps PSNR 42.13 sl 1-1 thr None/None QP I/P/B 18.0/23.0/  - I/P/B 2/298/0 6.6s
00:22:22 VIRAT_S_010002_07_000522_000547 nvenc_qp28                  665 kbps PSNR 37.43 sl 1-1 thr None/None QP I/P/B 22.0/28.0/  - I/P/B 2/298/0 6.2s
00:22:28 VIRAT_S_010002_07_000522_000547 nvenc_qp33                  291 kbps PSNR 35.05 sl 1-1 thr None/None QP I/P/B 26.0/33.0/  - I/P/B 2/298/0 6.0s
00:22:34 VIRAT_S_010002_07_000522_000547 nvenc_qp38                  147 kbps PSNR 33.62 sl 1-1 thr None/None QP I/P/B 30.0/38.0/  - I/P/B 2/298/0 5.9s
00:22:40 VIRAT_S_010002_07_000522_000547 nvenc_qp45                   65 kbps PSNR 30.97 sl 1-1 thr None/None QP I/P/B 36.0/45.0/  - I/P/B 2/298/0 5.9s
00:22:47 VIRAT_S_010002_07_000522_000547 nvenc_qp28_bf2              545 kbps PSNR 37.32 sl 1-1 thr None/None QP I/P/B 22.0/28.0/36.0 I/P/B 2/100/198 7.4s
00:22:55 VIRAT_S_010002_07_000522_000547 nvenc_qp28_bf2_bqeq         795 kbps PSNR 37.48 sl 1-1 thr None/None QP I/P/B 22.0/28.0/28.0 I/P/B 2/100/198 7.4s
00:23:01 VIRAT_S_010003_00_000000_000108 nvenc_qp18                  804 kbps PSNR 48.22 sl 1-1 thr None/None QP I/P/B 14.0/18.0/  - I/P/B 2/298/0 6.2s
00:23:07 VIRAT_S_010003_00_000000_000108 nvenc_qp23                  586 kbps PSNR 42.89 sl 1-1 thr None/None QP I/P/B 18.0/23.0/  - I/P/B 2/298/0 6.0s
00:23:14 VIRAT_S_010003_00_000000_000108 nvenc_qp28                  325 kbps PSNR 38.58 sl 1-1 thr None/None QP I/P/B 22.0/28.0/  - I/P/B 2/298/0 6.0s
00:23:19 VIRAT_S_010003_00_000000_000108 nvenc_qp33                  176 kbps PSNR 35.52 sl 1-1 thr None/None QP I/P/B 26.0/33.0/  - I/P/B 2/298/0 6.0s
00:23:25 VIRAT_S_010003_00_000000_000108 nvenc_qp38                  117 kbps PSNR 33.83 sl 1-1 thr None/None QP I/P/B 30.0/38.0/  - I/P/B 2/298/0 5.9s
00:23:31 VIRAT_S_010003_00_000000_000108 nvenc_qp45                   63 kbps PSNR 31.11 sl 1-1 thr None/None QP I/P/B 36.0/45.0/  - I/P/B 2/298/0 5.8s
00:23:38 VIRAT_S_010003_00_000000_000108 nvenc_qp28_bf2              314 kbps PSNR 38.45 sl 1-1 thr None/None QP I/P/B 22.0/28.0/36.0 I/P/B 2/100/198 6.7s
00:23:45 VIRAT_S_010003_00_000000_000108 nvenc_qp28_bf2_bqeq         481 kbps PSNR 38.59 sl 1-1 thr None/None QP I/P/B 22.0/28.0/28.0 I/P/B 2/100/198 7.0s
00:23:52 VIRAT_S_010003_01_000111_000137 nvenc_qp18                  898 kbps PSNR 48.37 sl 1-1 thr None/None QP I/P/B 14.0/18.0/  - I/P/B 2/298/0 6.3s
00:23:58 VIRAT_S_010003_01_000111_000137 nvenc_qp23                  559 kbps PSNR 42.26 sl 1-1 thr None/None QP I/P/B 18.0/23.0/  - I/P/B 2/298/0 6.0s
00:24:04 VIRAT_S_010003_01_000111_000137 nvenc_qp28                  277 kbps PSNR 37.82 sl 1-1 thr None/None QP I/P/B 22.0/28.0/  - I/P/B 2/298/0 5.8s
00:24:10 VIRAT_S_010003_01_000111_000137 nvenc_qp33                  162 kbps PSNR 35.51 sl 1-1 thr None/None QP I/P/B 26.0/33.0/  - I/P/B 2/298/0 5.8s
00:24:15 VIRAT_S_010003_01_000111_000137 nvenc_qp38                  115 kbps PSNR 34.64 sl 1-1 thr None/None QP I/P/B 30.0/38.0/  - I/P/B 2/298/0 5.7s
00:24:21 VIRAT_S_010003_01_000111_000137 nvenc_qp45                   64 kbps PSNR 31.43 sl 1-1 thr None/None QP I/P/B 36.0/45.0/  - I/P/B 2/298/0 5.8s
00:24:28 VIRAT_S_010003_01_000111_000137 nvenc_qp28_bf2              248 kbps PSNR 37.74 sl 1-1 thr None/None QP I/P/B 22.0/28.0/36.0 I/P/B 2/100/198 6.6s
00:24:35 VIRAT_S_010003_01_000111_000137 nvenc_qp28_bf2_bqeq         445 kbps PSNR 37.87 sl 1-1 thr None/None QP I/P/B 22.0/28.0/28.0 I/P/B 2/100/198 6.8s
00:24:42 VIRAT_S_010003_02_000165_000202 nvenc_qp18                 1325 kbps PSNR 46.70 sl 1-1 thr None/None QP I/P/B 14.0/18.0/  - I/P/B 2/298/0 6.2s
00:24:48 VIRAT_S_010003_02_000165_000202 nvenc_qp23                  719 kbps PSNR 41.48 sl 1-1 thr None/None QP I/P/B 18.0/23.0/  - I/P/B 2/298/0 6.2s
00:24:54 VIRAT_S_010003_02_000165_000202 nvenc_qp28                  338 kbps PSNR 37.66 sl 1-1 thr None/None QP I/P/B 22.0/28.0/  - I/P/B 2/298/0 5.9s
00:25:00 VIRAT_S_010003_02_000165_000202 nvenc_qp33                  171 kbps PSNR 35.28 sl 1-1 thr None/None QP I/P/B 26.0/33.0/  - I/P/B 2/298/0 5.8s
00:25:06 VIRAT_S_010003_02_000165_000202 nvenc_qp38                  113 kbps PSNR 34.31 sl 1-1 thr None/None QP I/P/B 30.0/38.0/  - I/P/B 2/298/0 6.0s
00:25:11 VIRAT_S_010003_02_000165_000202 nvenc_qp45                   60 kbps PSNR 31.60 sl 1-1 thr None/None QP I/P/B 36.0/45.0/  - I/P/B 2/298/0 5.9s
00:25:18 VIRAT_S_010003_02_000165_000202 nvenc_qp28_bf2              316 kbps PSNR 37.60 sl 1-1 thr None/None QP I/P/B 22.0/28.0/36.0 I/P/B 2/100/198 6.9s
00:25:25 VIRAT_S_010003_02_000165_000202 nvenc_qp28_bf2_bqeq         490 kbps PSNR 37.71 sl 1-1 thr None/None QP I/P/B 22.0/28.0/28.0 I/P/B 2/100/198 6.9s
00:25:32 VIRAT_S_010003_03_000219_000259 nvenc_qp18                 1318 kbps PSNR 47.57 sl 1-1 thr None/None QP I/P/B 14.0/18.0/  - I/P/B 2/298/0 6.3s
00:25:38 VIRAT_S_010003_03_000219_000259 nvenc_qp23                  930 kbps PSNR 42.72 sl 1-1 thr None/None QP I/P/B 18.0/23.0/  - I/P/B 2/298/0 6.1s
00:25:45 VIRAT_S_010003_03_000219_000259 nvenc_qp28                  519 kbps PSNR 38.59 sl 1-1 thr None/None QP I/P/B 22.0/28.0/  - I/P/B 2/298/0 6.1s
00:25:51 VIRAT_S_010003_03_000219_000259 nvenc_qp33                  270 kbps PSNR 35.35 sl 1-1 thr None/None QP I/P/B 26.0/33.0/  - I/P/B 2/298/0 6.0s
00:25:56 VIRAT_S_010003_03_000219_000259 nvenc_qp38                  157 kbps PSNR 33.05 sl 1-1 thr None/None QP I/P/B 30.0/38.0/  - I/P/B 2/298/0 5.9s
00:26:02 VIRAT_S_010003_03_000219_000259 nvenc_qp45                   76 kbps PSNR 30.60 sl 1-1 thr None/None QP I/P/B 36.0/45.0/  - I/P/B 2/298/0 5.9s
00:26:10 VIRAT_S_010003_03_000219_000259 nvenc_qp28_bf2              491 kbps PSNR 38.21 sl 1-1 thr None/None QP I/P/B 22.0/28.0/36.0 I/P/B 2/100/198 7.1s
00:26:17 VIRAT_S_010003_03_000219_000259 nvenc_qp28_bf2_bqeq         745 kbps PSNR 38.45 sl 1-1 thr None/None QP I/P/B 22.0/28.0/28.0 I/P/B 2/100/198 7.0s
00:26:23 VIRAT_S_010003_05_000499_000523 nvenc_qp18                 1021 kbps PSNR 47.83 sl 1-1 thr None/None QP I/P/B 14.0/18.0/  - I/P/B 2/298/0 6.1s
00:26:29 VIRAT_S_010003_05_000499_000523 nvenc_qp23                  676 kbps PSNR 41.29 sl 1-1 thr None/None QP I/P/B 18.0/23.0/  - I/P/B 2/298/0 6.0s
00:26:35 VIRAT_S_010003_05_000499_000523 nvenc_qp28                  390 kbps PSNR 37.55 sl 1-1 thr None/None QP I/P/B 22.0/28.0/  - I/P/B 2/298/0 5.9s
00:26:41 VIRAT_S_010003_05_000499_000523 nvenc_qp33                  228 kbps PSNR 35.42 sl 1-1 thr None/None QP I/P/B 26.0/33.0/  - I/P/B 2/298/0 5.9s
00:26:47 VIRAT_S_010003_05_000499_000523 nvenc_qp38                  152 kbps PSNR 34.64 sl 1-1 thr None/None QP I/P/B 30.0/38.0/  - I/P/B 2/298/0 5.8s
00:26:53 VIRAT_S_010003_05_000499_000523 nvenc_qp45                   79 kbps PSNR 31.45 sl 1-1 thr None/None QP I/P/B 36.0/45.0/  - I/P/B 2/298/0 5.9s
00:26:59 VIRAT_S_010003_05_000499_000523 nvenc_qp28_bf2              331 kbps PSNR 37.38 sl 1-1 thr None/None QP I/P/B 22.0/28.0/36.0 I/P/B 2/100/198 6.6s
00:27:06 VIRAT_S_010003_05_000499_000523 nvenc_qp28_bf2_bqeq         583 kbps PSNR 37.57 sl 1-1 thr None/None QP I/P/B 22.0/28.0/28.0 I/P/B 2/100/198 6.7s
00:27:13 VIRAT_S_010003_06_000526_000560 nvenc_qp18                 1185 kbps PSNR 46.76 sl 1-1 thr None/None QP I/P/B 14.0/18.0/  - I/P/B 2/298/0 6.2s
00:27:19 VIRAT_S_010003_06_000526_000560 nvenc_qp23                  587 kbps PSNR 40.93 sl 1-1 thr None/None QP I/P/B 18.0/23.0/  - I/P/B 2/298/0 6.1s
00:27:25 VIRAT_S_010003_06_000526_000560 nvenc_qp28                  268 kbps PSNR 37.28 sl 1-1 thr None/None QP I/P/B 22.0/28.0/  - I/P/B 2/298/0 5.9s
00:27:31 VIRAT_S_010003_06_000526_000560 nvenc_qp33                  145 kbps PSNR 35.09 sl 1-1 thr None/None QP I/P/B 26.0/33.0/  - I/P/B 2/298/0 5.8s
00:27:37 VIRAT_S_010003_06_000526_000560 nvenc_qp38                  103 kbps PSNR 34.34 sl 1-1 thr None/None QP I/P/B 30.0/38.0/  - I/P/B 2/298/0 5.7s
00:27:43 VIRAT_S_010003_06_000526_000560 nvenc_qp45                   58 kbps PSNR 31.51 sl 1-1 thr None/None QP I/P/B 36.0/45.0/  - I/P/B 2/298/0 5.7s
00:27:49 VIRAT_S_010003_06_000526_000560 nvenc_qp28_bf2              252 kbps PSNR 37.25 sl 1-1 thr None/None QP I/P/B 22.0/28.0/36.0 I/P/B 2/100/198 6.7s
00:27:56 VIRAT_S_010003_06_000526_000560 nvenc_qp28_bf2_bqeq         419 kbps PSNR 37.34 sl 1-1 thr None/None QP I/P/B 22.0/28.0/28.0 I/P/B 2/100/198 6.8s
00:28:03 VIRAT_S_010003_07_000608_000636 nvenc_qp18                  887 kbps PSNR 48.03 sl 1-1 thr None/None QP I/P/B 14.0/18.0/  - I/P/B 2/298/0 6.0s
00:28:09 VIRAT_S_010003_07_000608_000636 nvenc_qp23                  596 kbps PSNR 42.06 sl 1-1 thr None/None QP I/P/B 18.0/23.0/  - I/P/B 2/298/0 5.9s
00:28:15 VIRAT_S_010003_07_000608_000636 nvenc_qp28                  286 kbps PSNR 37.58 sl 1-1 thr None/None QP I/P/B 22.0/28.0/  - I/P/B 2/298/0 5.8s
00:28:20 VIRAT_S_010003_07_000608_000636 nvenc_qp33                  154 kbps PSNR 35.38 sl 1-1 thr None/None QP I/P/B 26.0/33.0/  - I/P/B 2/298/0 5.7s
00:28:26 VIRAT_S_010003_07_000608_000636 nvenc_qp38                  107 kbps PSNR 34.44 sl 1-1 thr None/None QP I/P/B 30.0/38.0/  - I/P/B 2/298/0 5.6s
00:28:32 VIRAT_S_010003_07_000608_000636 nvenc_qp45                   59 kbps PSNR 31.48 sl 1-1 thr None/None QP I/P/B 36.0/45.0/  - I/P/B 2/298/0 5.8s
00:28:38 VIRAT_S_010003_07_000608_000636 nvenc_qp28_bf2              266 kbps PSNR 37.53 sl 1-1 thr None/None QP I/P/B 22.0/28.0/36.0 I/P/B 2/100/198 6.6s
00:28:45 VIRAT_S_010003_07_000608_000636 nvenc_qp28_bf2_bqeq         453 kbps PSNR 37.64 sl 1-1 thr None/None QP I/P/B 22.0/28.0/28.0 I/P/B 2/100/198 6.8s
00:28:52 VIRAT_S_010003_10_000901_000934 nvenc_qp18                  837 kbps PSNR 48.01 sl 1-1 thr None/None QP I/P/B 14.0/18.0/  - I/P/B 2/298/0 6.1s
00:28:58 VIRAT_S_010003_10_000901_000934 nvenc_qp23                  588 kbps PSNR 41.63 sl 1-1 thr None/None QP I/P/B 18.0/23.0/  - I/P/B 2/298/0 5.9s
00:29:04 VIRAT_S_010003_10_000901_000934 nvenc_qp28                  332 kbps PSNR 37.63 sl 1-1 thr None/None QP I/P/B 22.0/28.0/  - I/P/B 2/298/0 5.8s
00:29:10 VIRAT_S_010003_10_000901_000934 nvenc_qp33                  192 kbps PSNR 35.21 sl 1-1 thr None/None QP I/P/B 26.0/33.0/  - I/P/B 2/298/0 6.0s
00:29:16 VIRAT_S_010003_10_000901_000934 nvenc_qp38                  131 kbps PSNR 34.34 sl 1-1 thr None/None QP I/P/B 30.0/38.0/  - I/P/B 2/298/0 5.9s
00:29:21 VIRAT_S_010003_10_000901_000934 nvenc_qp45                   71 kbps PSNR 31.29 sl 1-1 thr None/None QP I/P/B 36.0/45.0/  - I/P/B 2/298/0 5.7s
00:29:28 VIRAT_S_010003_10_000901_000934 nvenc_qp28_bf2              288 kbps PSNR 37.54 sl 1-1 thr None/None QP I/P/B 22.0/28.0/36.0 I/P/B 2/100/198 6.6s
00:29:34 VIRAT_S_010003_10_000901_000934 nvenc_qp28_bf2_bqeq         502 kbps PSNR 37.69 sl 1-1 thr None/None QP I/P/B 22.0/28.0/28.0 I/P/B 2/100/198 6.6s
00:29:41 VIRAT_S_010003_13_001066_001124 nvenc_qp18                  805 kbps PSNR 48.36 sl 1-1 thr None/None QP I/P/B 14.0/18.0/  - I/P/B 2/298/0 5.9s
00:29:47 VIRAT_S_010003_13_001066_001124 nvenc_qp23                  589 kbps PSNR 41.89 sl 1-1 thr None/None QP I/P/B 18.0/23.0/  - I/P/B 2/298/0 6.1s
00:29:53 VIRAT_S_010003_13_001066_001124 nvenc_qp28                  356 kbps PSNR 38.00 sl 1-1 thr None/None QP I/P/B 22.0/28.0/  - I/P/B 2/298/0 6.0s
00:29:59 VIRAT_S_010003_13_001066_001124 nvenc_qp33                  203 kbps PSNR 35.57 sl 1-1 thr None/None QP I/P/B 26.0/33.0/  - I/P/B 2/298/0 5.8s
00:30:05 VIRAT_S_010003_13_001066_001124 nvenc_qp38                  134 kbps PSNR 34.54 sl 1-1 thr None/None QP I/P/B 30.0/38.0/  - I/P/B 2/298/0 5.8s
00:30:11 VIRAT_S_010003_13_001066_001124 nvenc_qp45                   68 kbps PSNR 31.35 sl 1-1 thr None/None QP I/P/B 36.0/45.0/  - I/P/B 2/298/0 5.8s
00:30:18 VIRAT_S_010003_13_001066_001124 nvenc_qp28_bf2              308 kbps PSNR 37.87 sl 1-1 thr None/None QP I/P/B 22.0/28.0/36.0 I/P/B 2/100/198 7.0s
00:30:25 VIRAT_S_010003_13_001066_001124 nvenc_qp28_bf2_bqeq         525 kbps PSNR 38.04 sl 1-1 thr None/None QP I/P/B 22.0/28.0/28.0 I/P/B 2/100/198 7.1s
00:30:32 VIRAT_S_010004_03_000239_000277 nvenc_qp18                  987 kbps PSNR 48.26 sl 1-1 thr None/None QP I/P/B 14.0/18.0/  - I/P/B 2/298/0 6.2s
00:30:38 VIRAT_S_010004_03_000239_000277 nvenc_qp23                  795 kbps PSNR 43.74 sl 1-1 thr None/None QP I/P/B 18.0/23.0/  - I/P/B 2/298/0 6.1s
00:30:44 VIRAT_S_010004_03_000239_000277 nvenc_qp28                  567 kbps PSNR 40.19 sl 1-1 thr None/None QP I/P/B 22.0/28.0/  - I/P/B 2/298/0 6.1s
00:30:50 VIRAT_S_010004_03_000239_000277 nvenc_qp33                  311 kbps PSNR 36.11 sl 1-1 thr None/None QP I/P/B 26.0/33.0/  - I/P/B 2/298/0 5.8s
00:30:55 VIRAT_S_010004_03_000239_000277 nvenc_qp38                  180 kbps PSNR 33.37 sl 1-1 thr None/None QP I/P/B 30.0/38.0/  - I/P/B 2/298/0 5.6s
00:31:01 VIRAT_S_010004_03_000239_000277 nvenc_qp45                   88 kbps PSNR 30.63 sl 1-1 thr None/None QP I/P/B 36.0/45.0/  - I/P/B 2/298/0 6.2s
00:31:08 VIRAT_S_010004_03_000239_000277 nvenc_qp28_bf2              526 kbps PSNR 39.32 sl 1-1 thr None/None QP I/P/B 22.0/28.0/36.0 I/P/B 2/100/198 6.9s
00:31:15 VIRAT_S_010004_03_000239_000277 nvenc_qp28_bf2_bqeq         793 kbps PSNR 39.69 sl 1-1 thr None/None QP I/P/B 22.0/28.0/28.0 I/P/B 2/100/198 7.0s
00:31:22 VIRAT_S_010004_06_000547_000715 nvenc_qp18                  716 kbps PSNR 50.32 sl 1-1 thr None/None QP I/P/B 14.0/18.0/  - I/P/B 2/298/0 6.0s
00:31:28 VIRAT_S_010004_06_000547_000715 nvenc_qp23                  581 kbps PSNR 44.24 sl 1-1 thr None/None QP I/P/B 18.0/23.0/  - I/P/B 2/298/0 5.9s
00:31:34 VIRAT_S_010004_06_000547_000715 nvenc_qp28                  335 kbps PSNR 39.55 sl 1-1 thr None/None QP I/P/B 22.0/28.0/  - I/P/B 2/298/0 5.9s
00:31:40 VIRAT_S_010004_06_000547_000715 nvenc_qp33                  179 kbps PSNR 36.18 sl 1-1 thr None/None QP I/P/B 26.0/33.0/  - I/P/B 2/298/0 5.9s
00:31:45 VIRAT_S_010004_06_000547_000715 nvenc_qp38                  117 kbps PSNR 34.94 sl 1-1 thr None/None QP I/P/B 30.0/38.0/  - I/P/B 2/298/0 5.7s
00:31:51 VIRAT_S_010004_06_000547_000715 nvenc_qp45                   63 kbps PSNR 31.69 sl 1-1 thr None/None QP I/P/B 36.0/45.0/  - I/P/B 2/298/0 5.6s
00:31:58 VIRAT_S_010004_06_000547_000715 nvenc_qp28_bf2              303 kbps PSNR 39.36 sl 1-1 thr None/None QP I/P/B 22.0/28.0/36.0 I/P/B 2/100/198 6.5s
00:32:04 VIRAT_S_010004_06_000547_000715 nvenc_qp28_bf2_bqeq         502 kbps PSNR 39.57 sl 1-1 thr None/None QP I/P/B 22.0/28.0/28.0 I/P/B 2/100/198 6.4s
00:32:10 VIRAT_S_010004_07_000729_000809 nvenc_qp18                  707 kbps PSNR 48.24 sl 1-1 thr None/None QP I/P/B 14.0/18.0/  - I/P/B 2/298/0 5.8s
00:32:16 VIRAT_S_010004_07_000729_000809 nvenc_qp23                  511 kbps PSNR 42.57 sl 1-1 thr None/None QP I/P/B 18.0/23.0/  - I/P/B 2/298/0 5.9s
00:32:22 VIRAT_S_010004_07_000729_000809 nvenc_qp28                  265 kbps PSNR 37.78 sl 1-1 thr None/None QP I/P/B 22.0/28.0/  - I/P/B 2/298/0 5.8s
00:32:28 VIRAT_S_010004_07_000729_000809 nvenc_qp33                  153 kbps PSNR 35.60 sl 1-1 thr None/None QP I/P/B 26.0/33.0/  - I/P/B 2/298/0 5.6s
00:32:33 VIRAT_S_010004_07_000729_000809 nvenc_qp38                  109 kbps PSNR 34.75 sl 1-1 thr None/None QP I/P/B 30.0/38.0/  - I/P/B 2/298/0 5.6s
00:32:39 VIRAT_S_010004_07_000729_000809 nvenc_qp45                   60 kbps PSNR 31.68 sl 1-1 thr None/None QP I/P/B 36.0/45.0/  - I/P/B 2/298/0 5.6s
00:32:45 VIRAT_S_010004_07_000729_000809 nvenc_qp28_bf2              240 kbps PSNR 37.72 sl 1-1 thr None/None QP I/P/B 22.0/28.0/36.0 I/P/B 2/100/198 6.5s
00:32:53 VIRAT_S_010004_07_000729_000809 nvenc_qp28_bf2_bqeq         424 kbps PSNR 37.83 sl 1-1 thr None/None QP I/P/B 22.0/28.0/28.0 I/P/B 2/100/198 7.1s
00:32:59 VIRAT_S_010004_08_000811_000920 nvenc_qp18                 1076 kbps PSNR 47.43 sl 1-1 thr None/None QP I/P/B 14.0/18.0/  - I/P/B 2/298/0 5.9s
00:33:05 VIRAT_S_010004_08_000811_000920 nvenc_qp23                  580 kbps PSNR 41.00 sl 1-1 thr None/None QP I/P/B 18.0/23.0/  - I/P/B 2/298/0 5.7s
00:33:11 VIRAT_S_010004_08_000811_000920 nvenc_qp28                  292 kbps PSNR 37.35 sl 1-1 thr None/None QP I/P/B 22.0/28.0/  - I/P/B 2/298/0 5.7s
00:33:16 VIRAT_S_010004_08_000811_000920 nvenc_qp33                  167 kbps PSNR 35.14 sl 1-1 thr None/None QP I/P/B 26.0/33.0/  - I/P/B 2/298/0 5.6s
00:33:22 VIRAT_S_010004_08_000811_000920 nvenc_qp38                  117 kbps PSNR 34.28 sl 1-1 thr None/None QP I/P/B 30.0/38.0/  - I/P/B 2/298/0 5.5s
00:33:28 VIRAT_S_010004_08_000811_000920 nvenc_qp45                   63 kbps PSNR 31.37 sl 1-1 thr None/None QP I/P/B 36.0/45.0/  - I/P/B 2/298/0 6.2s
00:33:35 VIRAT_S_010004_08_000811_000920 nvenc_qp28_bf2              265 kbps PSNR 37.29 sl 1-1 thr None/None QP I/P/B 22.0/28.0/36.0 I/P/B 2/100/198 6.9s
00:33:42 VIRAT_S_010004_08_000811_000920 nvenc_qp28_bf2_bqeq         460 kbps PSNR 37.40 sl 1-1 thr None/None QP I/P/B 22.0/28.0/28.0 I/P/B 2/100/198 7.1s
00:33:49 VIRAT_S_010005_00_000048_000075 nvenc_qp18                 1073 kbps PSNR 48.05 sl 1-1 thr None/None QP I/P/B 14.0/18.0/  - I/P/B 2/298/0 6.2s
00:33:55 VIRAT_S_010005_00_000048_000075 nvenc_qp23                  743 kbps PSNR 42.74 sl 1-1 thr None/None QP I/P/B 18.0/23.0/  - I/P/B 2/298/0 6.0s
00:34:01 VIRAT_S_010005_00_000048_000075 nvenc_qp28                  398 kbps PSNR 38.33 sl 1-1 thr None/None QP I/P/B 22.0/28.0/  - I/P/B 2/298/0 5.7s
00:34:06 VIRAT_S_010005_00_000048_000075 nvenc_qp33                  204 kbps PSNR 35.40 sl 1-1 thr None/None QP I/P/B 26.0/33.0/  - I/P/B 2/298/0 5.6s
00:34:12 VIRAT_S_010005_00_000048_000075 nvenc_qp38                  125 kbps PSNR 33.70 sl 1-1 thr None/None QP I/P/B 30.0/38.0/  - I/P/B 2/298/0 5.5s
00:34:17 VIRAT_S_010005_00_000048_000075 nvenc_qp45                   63 kbps PSNR 31.19 sl 1-1 thr None/None QP I/P/B 36.0/45.0/  - I/P/B 2/298/0 5.5s
00:34:24 VIRAT_S_010005_00_000048_000075 nvenc_qp28_bf2              365 kbps PSNR 38.19 sl 1-1 thr None/None QP I/P/B 22.0/28.0/36.0 I/P/B 2/100/198 6.5s
00:34:30 VIRAT_S_010005_00_000048_000075 nvenc_qp28_bf2_bqeq         560 kbps PSNR 38.35 sl 1-1 thr None/None QP I/P/B 22.0/28.0/28.0 I/P/B 2/100/198 6.6s
00:34:37 VIRAT_S_010005_02_000177_000203 nvenc_qp18                 1192 kbps PSNR 47.49 sl 1-1 thr None/None QP I/P/B 14.0/18.0/  - I/P/B 2/298/0 5.9s
00:34:43 VIRAT_S_010005_02_000177_000203 nvenc_qp23                  663 kbps PSNR 41.13 sl 1-1 thr None/None QP I/P/B 18.0/23.0/  - I/P/B 2/298/0 6.1s
00:34:49 VIRAT_S_010005_02_000177_000203 nvenc_qp28                  341 kbps PSNR 37.39 sl 1-1 thr None/None QP I/P/B 22.0/28.0/  - I/P/B 2/298/0 6.0s
00:34:55 VIRAT_S_010005_02_000177_000203 nvenc_qp33                  197 kbps PSNR 35.28 sl 1-1 thr None/None QP I/P/B 26.0/33.0/  - I/P/B 2/298/0 5.8s
00:35:01 VIRAT_S_010005_02_000177_000203 nvenc_qp38                  134 kbps PSNR 34.46 sl 1-1 thr None/None QP I/P/B 30.0/38.0/  - I/P/B 2/298/0 5.6s
00:35:06 VIRAT_S_010005_02_000177_000203 nvenc_qp45                   70 kbps PSNR 31.44 sl 1-1 thr None/None QP I/P/B 36.0/45.0/  - I/P/B 2/298/0 5.5s
00:35:13 VIRAT_S_010005_02_000177_000203 nvenc_qp28_bf2              295 kbps PSNR 37.28 sl 1-1 thr None/None QP I/P/B 22.0/28.0/36.0 I/P/B 2/100/198 6.5s
00:35:20 VIRAT_S_010005_02_000177_000203 nvenc_qp28_bf2_bqeq         509 kbps PSNR 37.43 sl 1-1 thr None/None QP I/P/B 22.0/28.0/28.0 I/P/B 2/100/198 7.1s
00:35:27 VIRAT_S_010005_03_000215_000270 nvenc_qp18                 1276 kbps PSNR 45.85 sl 1-1 thr None/None QP I/P/B 14.0/18.0/  - I/P/B 2/298/0 6.2s
00:35:32 VIRAT_S_010005_03_000215_000270 nvenc_qp23                  482 kbps PSNR 40.66 sl 1-1 thr None/None QP I/P/B 18.0/23.0/  - I/P/B 2/298/0 5.8s
00:35:38 VIRAT_S_010005_03_000215_000270 nvenc_qp28                  213 kbps PSNR 37.16 sl 1-1 thr None/None QP I/P/B 22.0/28.0/  - I/P/B 2/298/0 5.5s
00:35:44 VIRAT_S_010005_03_000215_000270 nvenc_qp33                  123 kbps PSNR 35.13 sl 1-1 thr None/None QP I/P/B 26.0/33.0/  - I/P/B 2/298/0 5.6s
00:35:49 VIRAT_S_010005_03_000215_000270 nvenc_qp38                   94 kbps PSNR 34.55 sl 1-1 thr None/None QP I/P/B 30.0/38.0/  - I/P/B 2/298/0 5.4s
00:35:54 VIRAT_S_010005_03_000215_000270 nvenc_qp45                   54 kbps PSNR 31.79 sl 1-1 thr None/None QP I/P/B 36.0/45.0/  - I/P/B 2/298/0 5.4s
00:36:01 VIRAT_S_010005_03_000215_000270 nvenc_qp28_bf2              203 kbps PSNR 37.14 sl 1-1 thr None/None QP I/P/B 22.0/28.0/36.0 I/P/B 2/100/198 6.4s
00:36:07 VIRAT_S_010005_03_000215_000270 nvenc_qp28_bf2_bqeq         343 kbps PSNR 37.21 sl 1-1 thr None/None QP I/P/B 22.0/28.0/28.0 I/P/B 2/100/198 6.7s
00:36:14 VIRAT_S_010005_04_000299_000323 nvenc_qp18                 1022 kbps PSNR 47.58 sl 1-1 thr None/None QP I/P/B 14.0/18.0/  - I/P/B 2/298/0 6.0s
00:36:20 VIRAT_S_010005_04_000299_000323 nvenc_qp23                  627 kbps PSNR 41.83 sl 1-1 thr None/None QP I/P/B 18.0/23.0/  - I/P/B 2/298/0 5.9s
00:36:26 VIRAT_S_010005_04_000299_000323 nvenc_qp28                  284 kbps PSNR 37.44 sl 1-1 thr None/None QP I/P/B 22.0/28.0/  - I/P/B 2/298/0 5.7s
00:36:32 VIRAT_S_010005_04_000299_000323 nvenc_qp33                  150 kbps PSNR 35.22 sl 1-1 thr None/None QP I/P/B 26.0/33.0/  - I/P/B 2/298/0 5.9s
00:36:37 VIRAT_S_010005_04_000299_000323 nvenc_qp38                  102 kbps PSNR 34.33 sl 1-1 thr None/None QP I/P/B 30.0/38.0/  - I/P/B 2/298/0 5.6s
00:36:43 VIRAT_S_010005_04_000299_000323 nvenc_qp45                   56 kbps PSNR 31.60 sl 1-1 thr None/None QP I/P/B 36.0/45.0/  - I/P/B 2/298/0 5.5s
00:36:49 VIRAT_S_010005_04_000299_000323 nvenc_qp28_bf2              265 kbps PSNR 37.38 sl 1-1 thr None/None QP I/P/B 22.0/28.0/36.0 I/P/B 2/100/198 6.6s
00:36:56 VIRAT_S_010005_04_000299_000323 nvenc_qp28_bf2_bqeq         441 kbps PSNR 37.47 sl 1-1 thr None/None QP I/P/B 22.0/28.0/28.0 I/P/B 2/100/198 6.6s
00:36:57 NVENC finished at 3369s
04:25:25 RAFT VIRAT_S_000002 299 pairs 13706s peak VRAM 13.14 GB
04:28:24 RAFT VIRAT_S_000205_02_000409_000566 299 pairs 177s peak VRAM 6.80 GB
04:31:06 RAFT VIRAT_S_000206_07_001501_001600 299 pairs 162s peak VRAM 2.65 GB
04:33:49 RAFT VIRAT_S_000206_08_001618_001712 299 pairs 162s peak VRAM 2.65 GB
04:36:32 RAFT VIRAT_S_000207_00_000000_000045 299 pairs 163s peak VRAM 2.65 GB
04:39:15 RAFT VIRAT_S_000207_01_000094_000156 299 pairs 163s peak VRAM 2.65 GB
04:41:58 RAFT VIRAT_S_000207_03_000556_000590 299 pairs 163s peak VRAM 2.65 GB
04:44:42 RAFT VIRAT_S_000207_04_000902_000934 299 pairs 163s peak VRAM 2.65 GB
04:47:26 RAFT VIRAT_S_000207_05_001125_001193 299 pairs 164s peak VRAM 2.65 GB
04:50:10 RAFT VIRAT_S_010000_00_000000_000165 299 pairs 163s peak VRAM 2.65 GB
04:52:53 RAFT VIRAT_S_010000_01_000184_000324 299 pairs 163s peak VRAM 2.65 GB
04:55:35 RAFT VIRAT_S_010000_02_000388_000421 299 pairs 162s peak VRAM 2.65 GB
04:58:17 RAFT VIRAT_S_010000_03_000442_000528 299 pairs 162s peak VRAM 2.65 GB
05:00:59 RAFT VIRAT_S_010000_04_000530_000605 299 pairs 162s peak VRAM 2.65 GB
05:03:41 RAFT VIRAT_S_010000_05_000638_000718 299 pairs 162s peak VRAM 2.65 GB
05:06:23 RAFT VIRAT_S_010000_06_000728_000762 299 pairs 161s peak VRAM 2.65 GB
05:09:04 RAFT VIRAT_S_010000_07_000827_000860 299 pairs 161s peak VRAM 2.65 GB
05:11:46 RAFT VIRAT_S_010000_08_000893_001024 299 pairs 162s peak VRAM 2.65 GB
05:14:27 RAFT VIRAT_S_010001_00_000019_000065 299 pairs 161s peak VRAM 2.65 GB
05:17:09 RAFT VIRAT_S_010001_01_000071_000167 299 pairs 162s peak VRAM 2.65 GB
05:19:52 RAFT VIRAT_S_010001_02_000195_000498 299 pairs 162s peak VRAM 2.65 GB
05:22:34 RAFT VIRAT_S_010001_03_000537_000563 299 pairs 162s peak VRAM 2.65 GB
05:25:16 RAFT VIRAT_S_010001_04_000583_000646 299 pairs 162s peak VRAM 2.65 GB
05:27:58 RAFT VIRAT_S_010001_05_000649_000684 299 pairs 162s peak VRAM 2.65 GB
05:30:40 RAFT VIRAT_S_010001_06_000685_000722 299 pairs 162s peak VRAM 2.65 GB
05:33:23 RAFT VIRAT_S_010001_07_000741_000810 299 pairs 162s peak VRAM 2.65 GB
05:36:08 RAFT VIRAT_S_010001_08_000826_000893 299 pairs 165s peak VRAM 2.65 GB
05:38:49 RAFT VIRAT_S_010001_09_000921_000952 299 pairs 161s peak VRAM 2.65 GB
05:41:31 RAFT VIRAT_S_010001_10_000962_001005 299 pairs 162s peak VRAM 2.65 GB
05:44:12 RAFT VIRAT_S_010002_00_000012_000120 299 pairs 161s peak VRAM 2.65 GB
05:46:53 RAFT VIRAT_S_010002_01_000123_000148 299 pairs 161s peak VRAM 2.65 GB
05:49:35 RAFT VIRAT_S_010002_02_000174_000204 299 pairs 162s peak VRAM 2.65 GB
05:52:21 RAFT VIRAT_S_010002_03_000236_000261 299 pairs 166s peak VRAM 2.65 GB
05:55:08 RAFT VIRAT_S_010002_04_000307_000350 299 pairs 166s peak VRAM 2.65 GB
05:57:59 RAFT VIRAT_S_010002_05_000397_000420 299 pairs 171s peak VRAM 2.65 GB
06:00:48 RAFT VIRAT_S_010002_06_000441_000467 299 pairs 169s peak VRAM 2.65 GB
06:03:34 RAFT VIRAT_S_010002_07_000522_000547 299 pairs 166s peak VRAM 2.65 GB
06:06:21 RAFT VIRAT_S_010003_00_000000_000108 299 pairs 168s peak VRAM 2.65 GB
06:09:06 RAFT VIRAT_S_010003_01_000111_000137 299 pairs 165s peak VRAM 2.65 GB
06:11:48 RAFT VIRAT_S_010003_02_000165_000202 299 pairs 162s peak VRAM 2.65 GB
06:14:35 RAFT VIRAT_S_010003_03_000219_000259 299 pairs 167s peak VRAM 2.65 GB
06:17:22 RAFT VIRAT_S_010003_05_000499_000523 299 pairs 166s peak VRAM 2.65 GB
06:20:07 RAFT VIRAT_S_010003_06_000526_000560 299 pairs 165s peak VRAM 2.65 GB
06:22:52 RAFT VIRAT_S_010003_07_000608_000636 299 pairs 165s peak VRAM 2.65 GB
06:25:36 RAFT VIRAT_S_010003_10_000901_000934 299 pairs 164s peak VRAM 2.65 GB
06:28:21 RAFT VIRAT_S_010003_13_001066_001124 299 pairs 165s peak VRAM 2.65 GB
06:31:03 RAFT VIRAT_S_010004_03_000239_000277 299 pairs 162s peak VRAM 2.65 GB
06:33:47 RAFT VIRAT_S_010004_06_000547_000715 299 pairs 164s peak VRAM 2.65 GB
06:36:33 RAFT VIRAT_S_010004_07_000729_000809 299 pairs 166s peak VRAM 2.65 GB
06:39:16 RAFT VIRAT_S_010004_08_000811_000920 299 pairs 163s peak VRAM 2.65 GB
08:08:11 RAFT VIRAT_S_010005_00_000048_000075 299 pairs 5345s peak VRAM 2.65 GB
08:10:57 RAFT VIRAT_S_010005_02_000177_000203 299 pairs 166s peak VRAM 2.65 GB
08:13:45 RAFT VIRAT_S_010005_03_000215_000270 299 pairs 167s peak VRAM 2.65 GB
08:16:33 RAFT VIRAT_S_010005_04_000299_000323 299 pairs 168s peak VRAM 2.65 GB
08:16:34 DONE status done in 30956s: records 1242, ok 1242, failed 0, with mismatches 0, skipped 0; RAFT done (54 clips ok); data 7.4 GB, encodes 1.6 GB, free 49.1 GB
