clip,scene,eligible,arm,codec,d_known,n_source_frames,group,tau,n_frames,inframe_cells,valid_cells,reuse_inframe_cells,reuse_cells,stale_cells,moving_cells,gt_static_cells,missed_cells,flip_cells,flip_den,pix_cells,stale,missed,stale_of_reuse,reuse_share_inframe,flip,pix_of_inframe,pix_of_reuse,stale_mov,flip_nv18_cells,flip_nv18_den,flip_nv18
VIRAT_S_000205_02_000409_000566,VIRAT_S_000205,False,nvenc_qp18,h264_nvenc,True,300,d1,0.5,298,17164800,17164800,14737688,14737688,0,0,17164781,2427093,2092184,17164800,7883,0.0,0.1413994337248322,0.0,0.8585994593586875,0.12188804996271439,0.00045925382177479493,0.000534887154620182,,0,17164800,0.0
VIRAT_S_000205_02_000409_000566,VIRAT_S_000205,False,nvenc_qp18,h264_nvenc,True,300,d1,1.0,298,17164800,17164800,16397520,16397520,0,0,17164781,767275,1006596,17164800,10168,0.0,0.04470049170395227,0.0,0.9552992170022372,0.058643036912751675,0.0005923750932140194,0.0006200937702774566,,0,17164800,0.0
VIRAT_S_000205_02_000409_000566,VIRAT_S_000205,False,nvenc_qp18,h264_nvenc,True,300,d1,2.0,298,17164800,17164800,16799784,16799784,0,0,17164781,365013,529300,17164800,10581,0.0,0.021265205536912753,0.0,0.9787346196868009,0.03083636278896346,0.0006164359619686801,0.0006298295263796248,,0,17164800,0.0
VIRAT_S_000205_02_000409_000566,VIRAT_S_000205,False,nvenc_qp23,h264_nvenc,True,300,d1,0.5,298,17164800,17164800,16018852,16018852,0,0,17164781,1145936,2768100,17164800,7763,0.0,0.06676081282624907,0.0,0.9332384880686055,0.16126607941834453,0.0004522627703206562,0.00048461650060815844,,2136412,17164800,0.12446471849366145
VIRAT_S_000205_02_000409_000566,VIRAT_S_000205,False,nvenc_qp23,h264_nvenc,True,300,d1,1.0,298,17164800,17164800,16920228,16920228,0,0,17164781,244566,1321840,17164800,10006,0.0,0.014248112416107383,0.0,0.9857515380313199,0.07700876211782252,0.0005829371737509321,0.0005913631896686026,,819188,17164800,0.04772487882177479
VIRAT_S_000205_02_000409_000566,VIRAT_S_000205,False,nvenc_qp23,h264_nvenc,True,300,d1,2.0,298,17164800,17164800,17100908,17100908,0,0,17164781,63892,671656,17164800,10533,0.0,0.0037222688292319166,0.0,0.9962777311707681,0.0391298471290082,0.0006136395413870246,0.0006159322066407234,,383172,17164800,0.02232312639821029
VIRAT_S_000205_02_000409_000566,VIRAT_S_000205,False,nvenc_qp28,h264_nvenc,True,300,d1,0.5,298,17164800,17164800,16629388,16629388,0,0,17164781,535393,2938748,17164800,7711,0.0,0.03119133342654735,0.0,0.9688075596569724,0.1712078206562267,0.00044923331469052944,0.00046369716071331066,,2306660,17164800,0.1343831562266965
VIRAT_S_000205_02_000409_000566,VIRAT_S_000205,False,nvenc_qp28,h264_nvenc,True,300,d1,1.0,298,17164800,17164800,17068808,17068808,0,0,17164781,95989,1299980,17164800,9886,0.0,0.005592200316927666,0.0,0.994407624906786,0.07573522557792692,0.0005759461222967934,0.0005791851428641063,,792904,17164800,0.046193605518269946
VIRAT_S_000205_02_000409_000566,VIRAT_S_000205,False,nvenc_qp28,h264_nvenc,True,300,d1,2.0,298,17164800,17164800,17147208,17147208,0,0,17164781,17592,666172,17164800,10509,0.0,0.0010248881431767338,0.0,0.9989751118568233,0.038810356077554065,0.0006122413310961968,0.0006128694537326426,,373832,17164800,0.02177898956002983
VIRAT_S_000205_02_000409_000566,VIRAT_S_000205,False,nvenc_qp28_bf2_bqeq,h264_nvenc,True,300,B,0.5,198,11404800,11404800,11065132,11065132,0,0,11404792,339662,1996408,11404800,6251,0.0,0.02978237233445567,0.0,0.9702171015712683,0.17504980359147027,0.0005481025533108867,0.0005649277387743771,,1591456,11404800,0.13954264870931538
VIRAT_S_000205_02_000409_000566,VIRAT_S_000205,False,nvenc_qp28_bf2_bqeq,h264_nvenc,True,300,B,1.0,198,11404800,11404800,11339144,11339144,0,0,11404792,65656,821652,11404800,7349,0.0,0.005756874298540965,0.0,0.994243125701459,0.07204440235690236,0.0006443778058361392,0.0006481088872316993,,510572,11404800,0.04476816778900112
VIRAT_S_000205_02_000409_000566,VIRAT_S_000205,False,nvenc_qp28_bf2_bqeq,h264_nvenc,True,300,B,2.0,198,11404800,11404800,11390792,11390792,0,0,11404792,14008,382676,11404800,7740,0.0,0.0012282547699214365,0.0,0.9987717452300786,0.03355394219977553,0.0006786616161616162,0.0006794962106234579,,223296,11404800,0.019579124579124578
VIRAT_S_000205_02_000409_000566,VIRAT_S_000205,False,nvenc_qp28_bf2_bqeq,h264_nvenc,True,300,dgt1,0.5,99,5702400,5702400,5622128,5622128,0,0,5702389,80262,1043876,5702400,2524,0.0,0.014075126262626263,0.0,0.9859231200897868,0.1830590628507295,0.0004426206509539843,0.0004489403300671916,,826468,5702400,0.14493336139169471
VIRAT_S_000205_02_000409_000566,VIRAT_S_000205,False,nvenc_qp28_bf2_bqeq,h264_nvenc,True,300,dgt1,1.0,99,5702400,5702400,5686396,5686396,0,0,5702389,15998,481736,5702400,2731,0.0,0.0028054854096520765,0.0,0.9971934624017957,0.08447951739618406,0.0004789211560044893,0.0004802690491481775,,290152,5702400,0.0508824354657688
VIRAT_S_000205_02_000409_000566,VIRAT_S_000205,False,nvenc_qp28_bf2_bqeq,h264_nvenc,True,300,dgt1,2.0,99,5702400,5702400,5697372,5697372,0,0,5702389,5025,282852,5702400,3127,0.0,0.0008812079124579125,0.0,0.999118265993266,0.049602272727272724,0.0005483656004489338,0.0005488495397527141,,152360,5702400,0.026718574635241302
VIRAT_S_000205_02_000409_000566,VIRAT_S_000205,False,nvenc_qp28_bf2_bqeq,h264_nvenc,True,300,d1,0.5,1,57600,57600,56092,56092,0,0,57600,1508,9804,57600,21,0.0,0.026180555555555554,0.0,0.9738194444444445,0.17020833333333332,0.00036458333333333335,0.0003743849390287385,,8508,57600,0.14770833333333333
VIRAT_S_000205_02_000409_000566,VIRAT_S_000205,False,nvenc_qp28_bf2_bqeq,h264_nvenc,True,300,d1,1.0,1,57600,57600,57340,57340,0,0,57600,260,3640,57600,29,0.0,0.0045138888888888885,0.0,0.9954861111111111,0.06319444444444444,0.0005034722222222222,0.0005057551447506104,,2940,57600,0.051041666666666666
VIRAT_S_000205_02_000409_000566,VIRAT_S_000205,False,nvenc_qp28_bf2_bqeq,h264_nvenc,True,300,d1,2.0,1,57600,57600,57544,57544,0,0,57600,56,1656,57600,29,0.0,0.0009722222222222222,0.0,0.9990277777777777,0.02875,0.0005034722222222222,0.0005039621854580843,,1316,57600,0.022847222222222224
VIRAT_S_000205_02_000409_000566,VIRAT_S_000205,False,nvenc_qp45,h264_nvenc,True,300,d1,0.5,298,17164800,17164800,17157632,17157632,0,0,17164781,7157,3046632,17164800,10565,0.0,0.00041695796047725575,0.0,0.9995824011931395,0.17749300894854586,0.0006155038217747949,0.000615760962818179,,2430344,17164800,0.14158883296047725
VIRAT_S_000205_02_000409_000566,VIRAT_S_000205,False,nvenc_qp45,h264_nvenc,True,300,d1,1.0,298,17164800,17164800,17162244,17162244,0,0,17164781,2547,1271976,17164800,10990,0.0,0.00014838506711409397,0.0,0.9998510906040269,0.07410374720357941,0.0006402637956748695,0.000640359151169276,,769684,17164800,0.04484083706189411
VIRAT_S_000205_02_000409_000566,VIRAT_S_000205,False,nvenc_qp45,h264_nvenc,True,300,d1,2.0,298,17164800,17164800,17164428,17164428,0,0,17164781,372,655680,17164800,11264,0.0,2.1672259507829978e-05,0.0,0.9999783277404922,0.03819910514541387,0.0006562266964951529,0.000656240918718643,,365364,17164800,0.02128565436241611
VIRAT_S_000205_02_000409_000566,VIRAT_S_000205,False,x264_crf12,libx264,True,300,d1,0.5,298,17164800,17164800,14121192,14121192,0,0,17164781,3043594,0,17164800,8200,0.0,0.17731601882923193,0.0,0.8226831655480984,0.0,0.00047772184936614465,0.0005806875226963843,,2092184,17164800,0.12188804996271439
VIRAT_S_000205_02_000409_000566,VIRAT_S_000205,False,x264_crf12,libx264,True,300,d1,1.0,298,17164800,17164800,15895260,15895260,0,0,17164781,1269537,0,17164800,10530,0.0,0.07396165408277405,0.0,0.9260381711409396,0.0,0.0006134647651006712,0.0006624616395076268,,1006596,17164800,0.058643036912751675
VIRAT_S_000205_02_000409_000566,VIRAT_S_000205,False,x264_crf12,libx264,True,300,d1,2.0,298,17164800,17164800,16509492,16509492,0,0,17164781,655308,0,17164800,10997,0.0,0.03817743288590604,0.0,0.961822567114094,0.0,0.0006406716070096942,0.0006661016583671986,,529300,17164800,0.03083636278896346
VIRAT_S_000205_02_000409_000566,VIRAT_S_000205,False,x264_crf45,libx264,True,300,d1,0.5,298,17164800,17164800,17143392,17143392,0,0,17164781,21406,3053328,17164800,11084,0.0,0.0012470870618941088,0.0,0.9987527964205817,0.1778831096196868,0.0006457401193139448,0.0006465464944160409,,2440136,17164800,0.14215930275913496
VIRAT_S_000205_02_000409_000566,VIRAT_S_000205,False,x264_crf45,libx264,True,300,d1,1.0,298,17164800,17164800,17161604,17161604,0,0,17164781,3196,1272416,17164800,11158,0.0,0.00018619500372856078,0.0,0.9998138049962715,0.07412938105891126,0.0006500512677106637,0.0006501723265494297,,770268,17164800,0.04487486017897092
VIRAT_S_000205_02_000409_000566,VIRAT_S_000205,False,x264_crf45,libx264,True,300,d1,2.0,298,17164800,17164800,17163828,17163828,0,0,17164781,972,656152,17164800,11255,0.0,5.662751677852349e-05,0.0,0.9999433724832215,0.03822660328113348,0.0006557023676360924,0.0006557395005356614,,365860,17164800,0.021314550708426548
VIRAT_S_000205_02_000409_000566,VIRAT_S_000205,False,x264_qp24,libx264,True,300,d1,0.5,298,17164800,17164800,16016240,16016240,0,0,17164781,1148548,2759928,17164800,8069,0.0,0.06691298471290082,0.0,0.9330863161819538,0.16078998881431766,0.0004700899515287099,0.0005038011418410313,,2314864,17164800,0.1348611111111111
VIRAT_S_000205_02_000409_000566,VIRAT_S_000205,False,x264_qp24,libx264,True,300,d1,1.0,298,17164800,17164800,16871944,16871944,0,0,17164781,292850,1262692,17164800,10374,0.0,0.017061078486204324,0.0,0.9829385719612229,0.07356287285607756,0.0006043763982102908,0.0006148669056748884,,844088,17164800,0.049175521998508574
VIRAT_S_000205_02_000409_000566,VIRAT_S_000205,False,x264_qp24,libx264,True,300,d1,2.0,298,17164800,17164800,17090760,17090760,0,0,17164781,74040,657964,17164800,10917,0.0,0.004313478747203579,0.0,0.9956865212527964,0.03833216815809098,0.0006360109060402684,0.0006387662105137513,,388296,17164800,0.022621644295302012
VIRAT_S_000205_02_000409_000566,VIRAT_S_000205,False,x264_qp24_bf2_pb1,libx264,True,300,B,0.5,198,11404800,11404800,11057508,11057508,0,0,11404792,347290,1967040,11404800,6559,0.0,0.030451213524130192,0.0,0.9695486111111111,0.17247474747474748,0.0005751087261503928,0.0005931716260119368,,1570792,11404800,0.13773078002244668
VIRAT_S_000205_02_000409_000566,VIRAT_S_000205,False,x264_qp24_bf2_pb1,libx264,True,300,B,1.0,198,11404800,11404800,11330540,11330540,0,0,11404792,74260,819440,11404800,7635,0.0,0.006511293490460157,0.0,0.9934887065095398,0.07185044893378227,0.0006694549663299663,0.000673842552958641,,511600,11404800,0.04485830527497194
VIRAT_S_000205_02_000409_000566,VIRAT_S_000205,False,x264_qp24_bf2_pb1,libx264,True,300,B,2.0,198,11404800,11404800,11397408,11397408,0,0,11404792,7392,375268,11404800,7916,0.0,0.0006481481481481481,0.0,0.9993518518518518,0.0329043911335578,0.0006940937149270482,0.0006945438822581415,,216864,11404800,0.019015151515151516
VIRAT_S_000205_02_000409_000566,VIRAT_S_000205,False,x264_qp24_bf2_pb1,libx264,True,300,dgt1,0.5,99,5702400,5702400,5450816,5450816,0,0,5702389,251574,1003660,5702400,2598,0.0,0.044117213804713805,0.0,0.9558810325476992,0.17600659371492705,0.0004555976430976431,0.0004766258850051075,,866788,5702400,0.1520040684624018
VIRAT_S_000205_02_000409_000566,VIRAT_S_000205,False,x264_qp24_bf2_pb1,libx264,True,300,dgt1,1.0,99,5702400,5702400,5600388,5600388,0,0,5702389,102006,464720,5702400,2787,0.0,0.017888257575757575,0.0,0.9821106902356902,0.08149551066217733,0.0004887415824915825,0.0004976440918022108,,321352,5702400,0.05635381593714927
VIRAT_S_000205_02_000409_000566,VIRAT_S_000205,False,x264_qp24_bf2_pb1,libx264,True,300,dgt1,2.0,99,5702400,5702400,5663116,5663116,0,0,5702389,39281,279724,5702400,3171,0.0,0.006888503086419753,0.0,0.9931109708193041,0.049053731762065095,0.0005560816498316498,0.0005599390865382238,,161776,5702400,0.028369809203142537
VIRAT_S_000205_02_000409_000566,VIRAT_S_000205,False,x264_qp24_bf2_pb1,libx264,True,300,d1,0.5,1,57600,57600,54772,54772,0,0,57600,2828,9500,57600,25,0.0,0.04909722222222222,0.0,0.9509027777777778,0.16493055555555555,0.00043402777777777775,0.00045643759585189513,,8348,57600,0.14493055555555556
VIRAT_S_000205_02_000409_000566,VIRAT_S_000205,False,x264_qp24_bf2_pb1,libx264,True,300,d1,1.0,1,57600,57600,56960,56960,0,0,57600,640,3604,57600,31,0.0,0.011111111111111112,0.0,0.9888888888888889,0.06256944444444444,0.0005381944444444444,0.0005442415730337078,,3048,57600,0.05291666666666667
VIRAT_S_000205_02_000409_000566,VIRAT_S_000205,False,x264_qp24_bf2_pb1,libx264,True,300,d1,2.0,1,57600,57600,57484,57484,0,0,57600,116,1636,57600,31,0.0,0.002013888888888889,0.0,0.9979861111111111,0.028402777777777777,0.0005381944444444444,0.00053928049544221,,1360,57600,0.02361111111111111
VIRAT_S_000206_07_001501_001600,VIRAT_S_000206,True,nvenc_qp18,h264_nvenc,True,300,d1,0.5,298,17164800,17164749,14714992,14714990,15,2499,16997433,2300463,2071308,17164800,7748,8.738840282488256e-07,0.13402252488515853,1.019368684586262e-06,0.8572772184936615,0.12067184004474273,0.00045138888888888887,0.0005265378329801334,0.006002400960384154,0,17164800,0.0
VIRAT_S_000206_07_001501_001600,VIRAT_S_000206,True,nvenc_qp18,h264_nvenc,True,300,d1,1.0,298,17164800,17164749,16214104,16214098,46,2499,16997433,864588,1035464,17164800,54316,2.679911019963065e-06,0.0503699762810397,2.837037249929043e-06,0.9446136278896347,0.06032485085756898,0.003164382923191648,0.0033499230053045176,0.01840736294517807,0,17164800,0.0
VIRAT_S_000206_07_001501_001600,VIRAT_S_000206,True,nvenc_qp18,h264_nvenc,True,300,d1,2.0,298,17164800,17164749,16744068,16744056,448,2499,16997433,404512,556256,17164800,100583,2.610000297703159e-05,0.023566438402332593,2.6755763358650973e-05,0.9754886744966443,0.03240678598061148,0.005859841070096942,0.006007082627710303,0.1792717086834734,0,17164800,0.0
VIRAT_S_000206_07_001501_001600,VIRAT_S_000206,True,nvenc_qp23,h264_nvenc,True,300,d1,0.5,298,17164800,17164749,16285944,16285940,24,2499,16997433,729448,2689756,17164800,7806,1.3982144451981208e-06,0.042496863775869954,1.473663786063316e-06,0.948798937360179,0.15670185495898584,0.0004547678970917226,0.00047930902869370055,0.009603841536614645,2125232,17164800,0.12381338553318419
VIRAT_S_000206_07_001501_001600,VIRAT_S_000206,True,nvenc_qp23,h264_nvenc,True,300,d1,1.0,298,17164800,17164749,16836244,16836239,49,2499,16997433,241214,1291156,17164800,53683,2.85468782561283e-06,0.014052870799334148,2.910388715674564e-06,0.9808587341536167,0.07522115026099925,0.0031275051267710663,0.003188537776002771,0.0196078431372549,882532,17164800,0.051415221849366144
VIRAT_S_000206_07_001501_001600,VIRAT_S_000206,True,nvenc_qp23,h264_nvenc,True,300,d1,2.0,298,17164800,17164749,17049136,17049122,446,2499,16997433,100408,677452,17164800,101478,2.5983485106598414e-05,0.005849663167227205,2.6159704880990353e-05,0.9932615585384041,0.0394675149142431,0.0059119826621923935,0.0059520904754352365,0.17847138855542216,413492,17164800,0.02408953206562267
VIRAT_S_000206_07_001501_001600,VIRAT_S_000206,True,nvenc_qp28,h264_nvenc,True,300,d1,0.5,298,17164800,17164749,16748048,16748044,23,2499,16997433,267516,2783484,17164800,7935,1.3399555099815324e-06,0.015585197313400854,1.3732946963836493e-06,0.9757205443698732,0.1621623322147651,0.0004622832774049217,0.0004737865570960867,0.009203681472589036,2200720,17164800,0.12821122296793439
VIRAT_S_000206_07_001501_001600,VIRAT_S_000206,True,nvenc_qp28,h264_nvenc,True,300,d1,1.0,298,17164800,17164749,16973600,16973594,46,2499,16997433,102434,1283696,17164800,52859,2.679911019963065e-06,0.005967695769976013,2.710091922783118e-06,0.9888609246830723,0.0747865398956003,0.003079499906785981,0.0031141890936513174,0.01840736294517807,869008,17164800,0.050627330350484716
VIRAT_S_000206_07_001501_001600,VIRAT_S_000206,True,nvenc_qp28,h264_nvenc,True,300,d1,2.0,298,17164800,17164749,17110800,17110786,477,2499,16997433,38411,688892,17164800,101498,2.7789512098312653e-05,0.0022377839606043757,2.7877153042531184e-05,0.9968540268456376,0.04013399515287099,0.0059131478374347506,0.005931809149776749,0.1908763505402161,420964,17164800,0.02452484153616704
VIRAT_S_000206_07_001501_001600,VIRAT_S_000206,True,nvenc_qp28_bf2_bqeq,h264_nvenc,True,300,B,0.5,198,11404800,11404751,11088740,11088731,260,2133,11293804,226568,1891304,11404800,13465,2.2797516578836313e-05,0.01986610667782225,2.344722764038554e-05,0.9722871071829405,0.16583403479236813,0.0011806432379349045,0.0012142948612736885,0.12189404594467886,1508732,11404800,0.1322892115600449
VIRAT_S_000206_07_001501_001600,VIRAT_S_000206,True,nvenc_qp28_bf2_bqeq,h264_nvenc,True,300,B,1.0,198,11404800,11404751,11251004,11250991,280,2133,11293804,94555,883500,11404800,35398,2.455117170028526e-05,0.008290843000430259,2.4886696647433102e-05,0.9865148007856341,0.07746738215488215,0.003103780864197531,0.003146208107294247,0.13127051101734646,620904,11404800,0.05444234006734007
VIRAT_S_000206_07_001501_001600,VIRAT_S_000206,True,nvenc_qp28_bf2_bqeq,h264_nvenc,True,300,B,2.0,198,11404800,11404751,11346500,11346474,939,2133,11293804,37012,469596,11404800,61298,8.233410795202807e-05,0.0032453141677534214,8.275698688420738e-05,0.9948881172839507,0.041175294612794615,0.005374754489337823,0.005402370775128894,0.44022503516174405,301708,11404800,0.026454475308641975
VIRAT_S_000206_07_001501_001600,VIRAT_S_000206,True,nvenc_qp28_bf2_bqeq,h264_nvenc,True,300,dgt1,0.5,99,5702400,5702398,5530856,5530856,0,366,5647011,118852,943976,5702400,475,0.0,0.020842459610851436,0.0,0.9699172278338944,0.16554012345679012,8.329826038159372e-05,8.588182371770301e-05,0.0,750672,5702400,0.13164141414141414
VIRAT_S_000206_07_001501_001600,VIRAT_S_000206,True,nvenc_qp28_bf2_bqeq,h264_nvenc,True,300,dgt1,1.0,99,5702400,5702398,5562184,5562184,0,366,5647011,88544,502768,5702400,1168,0.0,0.015527502640117367,0.0,0.9754110549943883,0.08816778900112233,0.0002048260381593715,0.00020998945737861244,0.0,357064,5702400,0.06261644219977554
VIRAT_S_000206_07_001501_001600,VIRAT_S_000206,True,nvenc_qp28_bf2_bqeq,h264_nvenc,True,300,dgt1,2.0,99,5702400,5702398,5599624,5599624,1,366,5647011,59003,321400,5702400,7334,1.7536482020371078e-07,0.010347050486479548,1.7858341917243014e-07,0.9819767115600448,0.056362233445566776,0.001286125140291807,0.0013097307962106027,0.00273224043715847,222136,5702400,0.03895482603815937
VIRAT_S_000206_07_001501_001600,VIRAT_S_000206,True,nvenc_qp28_bf2_bqeq,h264_nvenc,True,300,d1,0.5,1,57600,57600,55312,55312,0,0,56618,1391,7040,57600,38,0.0,0.024149305555555556,0.0,0.9602777777777778,0.12222222222222222,0.0006597222222222222,0.0006870118599942147,,6296,57600,0.10930555555555556
VIRAT_S_000206_07_001501_001600,VIRAT_S_000206,True,nvenc_qp28_bf2_bqeq,h264_nvenc,True,300,d1,1.0,1,57600,57600,56292,56292,0,0,56618,736,3556,57600,234,0.0,0.012777777777777779,0.0,0.9772916666666667,0.06173611111111111,0.0040625,0.004156896184182477,,2440,57600,0.04236111111111111
VIRAT_S_000206_07_001501_001600,VIRAT_S_000206,True,nvenc_qp28_bf2_bqeq,h264_nvenc,True,300,d1,2.0,1,57600,57600,57380,57380,0,0,56618,185,1424,57600,524,0.0,0.0032118055555555554,0.0,0.9961805555555555,0.024722222222222222,0.009097222222222222,0.009132101777622866,,984,57600,0.017083333333333332
VIRAT_S_000206_07_001501_001600,VIRAT_S_000206,True,nvenc_qp45,h264_nvenc,True,300,d1,0.5,298,17164800,17164749,16873796,16873790,223,2499,16997433,162669,2876816,17164800,22295,1.2991742553299207e-05,0.009476922732747214,1.3215762433928596e-05,0.9830464671886652,0.1675997390007457,0.0012988791014168532,0.0013212794560275589,0.08923569427771108,2293252,17164800,0.13360202274422073
VIRAT_S_000206_07_001501_001600,VIRAT_S_000206,True,nvenc_qp45,h264_nvenc,True,300,d1,1.0,298,17164800,17164749,16995512,16995505,261,2499,16997433,84608,1340304,17164800,55010,1.5205582091529565e-05,0.0049291719908051085,1.5357001748403474e-05,0.990137490678598,0.078084451901566,0.0032048145041014167,0.0032367368514699645,0.10444177671068428,928256,17164800,0.05407904548844146
VIRAT_S_000206_07_001501_001600,VIRAT_S_000206,True,nvenc_qp45,h264_nvenc,True,300,d1,2.0,298,17164800,17164749,17112356,17112344,796,2499,16997433,29137,713472,17164800,97090,4.637411243240434e-05,0.0016974905954057354,4.6516128941774426e-05,0.9969446774794929,0.04156599552572707,0.0056563432140193885,0.005673678130585876,0.31852741096438575,446680,17164800,0.026023023862788965
VIRAT_S_000206_07_001501_001600,VIRAT_S_000206,True,x264_crf12,libx264,True,300,d1,0.5,298,17164800,17164749,14128388,14128386,28,2499,16997433,2886752,0,17164800,8199,1.6312501860644743e-06,0.1681790977543569,1.981825807986843e-06,0.8231023956002983,0.0,0.00047766359060402686,0.0005803209821247831,0.011204481792717087,2071308,17164800,0.12067184004474273
VIRAT_S_000206_07_001501_001600,VIRAT_S_000206,True,x264_crf12,libx264,True,300,d1,1.0,298,17164800,17164749,15804528,15804523,60,2499,16997433,1275666,0,17164800,56534,3.495536112995302e-06,0.07431894285200442,3.7963815801337375e-06,0.9207522371364654,0.0,0.0032936008575689783,0.003577076139192515,0.024009603841536616,1035464,17164800,0.06032485085756898
VIRAT_S_000206_07_001501_001600,VIRAT_S_000206,True,x264_crf12,libx264,True,300,d1,2.0,298,17164800,17164749,16481820,16481804,481,2499,16997433,670479,0,17164800,104088,2.8022547839179007e-05,0.03906139262508295,2.9183698580568e-05,0.9602104306487695,0.0,0.00606403803131991,0.006315321972937455,0.19247699079631853,556256,17164800,0.03240678598061148
VIRAT_S_000206_07_001501_001600,VIRAT_S_000206,True,x264_crf45,libx264,True,300,d1,0.5,298,17164800,17164749,16838004,16837996,433,2499,16997433,220233,2954016,17164800,39320,2.5226118948782765e-05,0.012830540079554906,2.571564929698285e-05,0.9809612695749441,0.1720973154362416,0.0022907345264727816,0.002335193648843414,0.17326930772308924,2375652,17164800,0.1384025447427293
VIRAT_S_000206_07_001501_001600,VIRAT_S_000206,True,x264_crf45,libx264,True,300,d1,1.0,298,17164800,17164749,16970700,16970689,519,2499,16997433,124830,1401100,17164800,66778,3.0236387377409365e-05,0.0072724628830867265,3.0582140772245606e-05,0.9886919742729307,0.08162635160328113,0.0038904036167039524,0.003934899562186592,0.20768307322929172,994116,17164800,0.05791596756152125
VIRAT_S_000206_07_001501_001600,VIRAT_S_000206,True,x264_crf45,libx264,True,300,d1,2.0,298,17164800,17164749,17090868,17090843,1033,2499,16997433,50138,737456,17164800,97938,6.018148007873578e-05,0.0029209864938893075,6.0441723091131317e-05,0.9956928131991052,0.04296327367636092,0.005705746644295302,0.005730428671030635,0.4133653461384554,474128,17164800,0.027622110365398956
VIRAT_S_000206_07_001501_001600,VIRAT_S_000206,True,x264_qp24,libx264,True,300,d1,0.5,298,17164800,17164749,16149648,16149646,28,2499,16997433,865724,2599324,17164800,8206,1.6312501860644743e-06,0.05043615843144575,1.7337841337203305e-06,0.9408585011185683,0.15143339858314692,0.0004780714019388516,0.000508122529977124,0.011204481792717087,2223776,17164800,0.12955443698732289
VIRAT_S_000206_07_001501_001600,VIRAT_S_000206,True,x264_qp24,libx264,True,300,d1,1.0,298,17164800,17164749,16725036,16725027,56,2499,16997433,353106,1240564,17164800,55207,3.2625003721289487e-06,0.020571579578588652,3.348275611154469e-06,0.9743798937360179,0.07227372296793438,0.003216291480238628,0.003300859860630494,0.022408963585434174,921204,17164800,0.053668204697986575
VIRAT_S_000206_07_001501_001600,VIRAT_S_000206,True,x264_qp24,libx264,True,300,d1,2.0,298,17164800,17164749,17036716,17036701,441,2499,16997433,115461,652632,17164800,103835,2.569219043051547e-05,0.00672663491904251,2.58852931679672e-05,0.9925379847129008,0.03802153243847875,0.006049298564504101,0.006094777890292942,0.17647058823529413,416800,17164800,0.024282252050708428
VIRAT_S_000206_07_001501_001600,VIRAT_S_000206,True,x264_qp24_bf2_pb1,libx264,True,300,B,0.5,198,11404800,11404751,11080860,11080845,242,2133,11293804,233330,1865568,11404800,12734,2.1219226969532258e-05,0.02045901747438414,2.183948967790814e-05,0.97159617003367,0.16357744107744107,0.0011165474186307519,0.0011491887813761747,0.11345522737927802,1488036,11404800,0.13047453703703704
VIRAT_S_000206_07_001501_001600,VIRAT_S_000206,True,x264_qp24_bf2_pb1,libx264,True,300,B,1.0,198,11404800,11404751,11253652,11253635,303,2133,11293804,89754,871788,11404800,33893,2.6567875089951547e-05,0.00786987808852644,2.6924633685027105e-05,0.9867469837261504,0.07644044612794612,0.0029718188832772168,0.0030117334355105347,0.1420534458509142,609320,11404800,0.05342662738496072
VIRAT_S_000206_07_001501_001600,VIRAT_S_000206,True,x264_qp24_bf2_pb1,libx264,True,300,B,2.0,198,11404800,11404751,11358256,11358227,882,2133,11293804,26362,450624,11404800,62174,7.733619085589857e-05,0.002311492815581857,7.765296467485639e-05,0.995918911335578,0.03951178451178451,0.005451564253647587,0.005473903740151657,0.41350210970464135,283568,11404800,0.02486391694725028
VIRAT_S_000206_07_001501_001600,VIRAT_S_000206,True,x264_qp24_bf2_pb1,libx264,True,300,dgt1,0.5,99,5702400,5702398,5281644,5281644,0,366,5647011,368420,899732,5702400,680,0.0,0.06460790705945113,0.0,0.9262142255892256,0.15778128507295175,0.00011924803591470258,0.0001287477914073724,0.0,806612,5702400,0.14145131874298542
VIRAT_S_000206_07_001501_001600,VIRAT_S_000206,True,x264_qp24_bf2_pb1,libx264,True,300,dgt1,1.0,99,5702400,5702398,5446068,5446068,0,366,5647011,205142,490036,5702400,1515,0.0,0.03597468994622964,0.0,0.9550484006734007,0.08593504489337822,0.0002656776094276094,0.0002781823510099397,0.0,392556,5702400,0.06884048821548822
VIRAT_S_000206_07_001501_001600,VIRAT_S_000206,True,x264_qp24_bf2_pb1,libx264,True,300,dgt1,2.0,99,5702400,5702398,5567000,5567000,1,366,5647011,92788,303744,5702400,8293,1.7536482020371078e-07,0.016271750937061916,1.7962996227770793e-07,0.9762556116722784,0.05326599326599327,0.0014542999438832771,0.0014896712771690318,0.00273224043715847,219016,5702400,0.03840768799102132
VIRAT_S_000206_07_001501_001600,VIRAT_S_000206,True,x264_qp24_bf2_pb1,libx264,True,300,d1,0.5,1,57600,57600,52696,52696,0,0,56618,4008,6704,57600,37,0.0,0.06958333333333333,0.0,0.9148611111111111,0.11638888888888889,0.0006423611111111111,0.0007021405799301655,,6792,57600,0.11791666666666667
VIRAT_S_000206_07_001501_001600,VIRAT_S_000206,True,x264_qp24_bf2_pb1,libx264,True,300,d1,1.0,1,57600,57600,54668,54668,0,0,56618,2382,3452,57600,227,0.0,0.041354166666666664,0.0,0.9490972222222223,0.059930555555555556,0.0039409722222222224,0.004152337747859809,,3056,57600,0.05305555555555556
VIRAT_S_000206_07_001501_001600,VIRAT_S_000206,True,x264_qp24_bf2_pb1,libx264,True,300,d1,2.0,1,57600,57600,56756,56756,0,0,56618,812,1736,57600,544,0.0,0.014097222222222223,0.0,0.9853472222222223,0.03013888888888889,0.009444444444444445,0.009584889703291282,,1352,57600,0.02347222222222222
VIRAT_S_000206_08_001618_001712,VIRAT_S_000206,True,nvenc_qp18,h264_nvenc,True,300,d1,0.5,298,17164800,17164634,14796008,14796007,204,23090,16903681,2129169,1962636,17164800,8804,1.188490241038638e-05,0.124043949903039,1.3787503614995586e-05,0.8619971103653989,0.11434074384787472,0.0005129101416853094,0.0005950253608946413,0.008834993503681247,0,17164800,0.0
VIRAT_S_000206_08_001618_001712,VIRAT_S_000206,True,nvenc_qp18,h264_nvenc,True,300,d1,1.0,298,17164800,17164634,16295384,16295381,288,23090,16903681,733355,969088,17164800,62563,1.6778685755839593e-05,0.04272476768220051,1.7673719933274344e-05,0.9493489000745712,0.05645786726323639,0.0036448429343773304,0.003839308113266923,0.012472932005197055,0,17164800,0.0
VIRAT_S_000206_08_001618_001712,VIRAT_S_000206,True,nvenc_qp18,h264_nvenc,True,300,d1,2.0,298,17164800,17164634,16789292,16789277,2553,23090,16903681,328451,519296,17164800,115704,0.00014873605810645306,0.019135333733303023,0.00015206134248663597,0.9781233687546607,0.030253542132736764,0.006740771812080537,0.006891535390533442,0.11056734517106973,0,17164800,0.0
VIRAT_S_000206_08_001618_001712,VIRAT_S_000206,True,nvenc_qp23,h264_nvenc,True,300,d1,0.5,298,17164800,17164634,16182388,16182386,167,23090,16903681,741415,2536952,17164800,8770,9.72930736536532e-06,0.04319433784606185,1.0319862596282155e-05,0.9427658929903058,0.14779968307233407,0.0005109293437733035,0.0005419472082859464,0.0072325682113469035,1985644,17164800,0.11568116144668159
VIRAT_S_000206_08_001618_001712,VIRAT_S_000206,True,nvenc_qp23,h264_nvenc,True,300,d1,1.0,298,17164800,17164634,16820540,16820536,243,23090,16903681,209999,1204196,17164800,63198,1.4157016106489657e-05,0.012234400104307496,1.4446626433307476e-05,0.9799438385533185,0.0701549683072334,0.0036818372483221474,0.0037571920996591073,0.010524036379385015,790820,17164800,0.046072194258016404
VIRAT_S_000206_08_001618_001712,VIRAT_S_000206,True,nvenc_qp23,h264_nvenc,True,300,d1,2.0,298,17164800,17164634,17050736,17050722,2524,23090,16903681,70729,618500,17164800,117620,0.0001470465376657609,0.004120623836197148,0.00014802892217701983,0.9933547725577927,0.03603304436987323,0.006852395600298285,0.006898235947116887,0.10931139021221307,364260,17164800,0.021221336689038032
VIRAT_S_000206_08_001618_001712,VIRAT_S_000206,True,nvenc_qp28,h264_nvenc,True,300,d1,0.5,298,17164800,17164634,16582260,16582258,122,23090,16903681,340183,2618808,17164800,9070,7.107637716015383e-06,0.019818832140551322,7.357260995456711e-06,0.9660619407158837,0.15256851230425056,0.0005284069724086503,0.0005469700752490915,0.005283672585534863,2063436,17164800,0.12021322706935123
VIRAT_S_000206_08_001618_001712,VIRAT_S_000206,True,nvenc_qp28,h264_nvenc,True,300,d1,1.0,298,17164800,17164634,16911492,16911488,179,23090,16903681,119388,1191116,17164800,63286,1.0428419271858637e-05,0.006955464357702005,1.0584521007258497e-05,0.9852425894854586,0.06939294369873229,0.003686964019388516,0.0037421890392639514,0.0077522737115634476,775252,17164800,0.045165221849366145
VIRAT_S_000206_08_001618_001712,VIRAT_S_000206,True,nvenc_qp28,h264_nvenc,True,300,d1,2.0,298,17164800,17164634,17075784,17075765,1934,23090,16903681,46632,622412,17164800,118451,0.00011267353559650616,0.0027167488686330277,0.00011325993301032194,0.99481403803132,0.036260952647278154,0.006900808631618196,0.006936782521962096,0.083759203118233,369428,17164800,0.02152241797166294
VIRAT_S_000206_08_001618_001712,VIRAT_S_000206,True,nvenc_qp28_bf2_bqeq,h264_nvenc,True,300,B,0.5,198,11404800,11404687,10963868,10963847,2106,16275,11231947,293647,1746696,11404800,14180,0.00018466092054959509,0.025747922761931125,0.00019208586183298618,0.9613380331088665,0.15315446127946128,0.0012433361391694724,0.001293339175553737,0.12940092165898617,1404140,11404800,0.12311833613916948
VIRAT_S_000206_08_001618_001712,VIRAT_S_000206,True,nvenc_qp28_bf2_bqeq,h264_nvenc,True,300,B,1.0,198,11404800,11404687,11166036,11166011,2134,16275,11231947,132313,799056,11404800,35524,0.0001871160514970731,0.011601633609059152,0.0001911156992412062,0.9790646043771044,0.07006313131313131,0.0031148288439955107,0.0031814334111048897,0.13112135176651304,561660,11404800,0.049247685185185186
VIRAT_S_000206_08_001618_001712,VIRAT_S_000206,True,nvenc_qp28_bf2_bqeq,h264_nvenc,True,300,B,2.0,198,11404800,11404687,11305464,11305436,2944,16275,11231947,50701,388012,11404800,67018,0.0002581394824776866,0.0044456283631457835,0.0002604057021772535,0.9912899831649832,0.03402181537598204,0.005876297699214366,0.0059279300699201735,0.18089093701996928,265696,11404800,0.02329685746352413
VIRAT_S_000206_08_001618_001712,VIRAT_S_000206,True,nvenc_qp28_bf2_bqeq,h264_nvenc,True,300,dgt1,0.5,99,5702400,5702347,5444008,5444008,29,6815,5614984,174356,946840,5702400,562,5.085625269735426e-06,0.030576182052758277,5.326957638563353e-06,0.9546871492704826,0.16604236812570147,9.855499438832772e-05,0.00010323276527146911,0.00425531914893617,749408,5702400,0.13141975308641976
VIRAT_S_000206_08_001618_001712,VIRAT_S_000206,True,nvenc_qp28_bf2_bqeq,h264_nvenc,True,300,dgt1,1.0,99,5702400,5702347,5497500,5497500,29,6815,5614984,121334,547788,5702400,1543,5.085625269735426e-06,0.021277905395795802,5.27512505684402e-06,0.9640677609427609,0.09606271043771043,0.000270587822671156,0.0002806730331969077,0.00425531914893617,377012,5702400,0.06611461840628508
VIRAT_S_000206_08_001618_001712,VIRAT_S_000206,True,nvenc_qp28_bf2_bqeq,h264_nvenc,True,300,dgt1,2.0,99,5702400,5702347,5550580,5550580,32,6815,5614984,78051,386264,5702400,6863,5.611724435570126e-06,0.013687521997521372,5.765163280233778e-06,0.9733761223344557,0.06773709315375982,0.0012035283389450057,0.0012364473622576378,0.004695524578136464,254460,5702400,0.044623316498316495
VIRAT_S_000206_08_001618_001712,VIRAT_S_000206,True,nvenc_qp28_bf2_bqeq,h264_nvenc,True,300,d1,0.5,1,57600,57600,55276,55276,0,0,56750,1509,7868,57600,35,0.0,0.026197916666666668,0.0,0.9596527777777778,0.13659722222222223,0.0006076388888888889,0.0006331861929227874,,6876,57600,0.119375
VIRAT_S_000206_08_001618_001712,VIRAT_S_000206,True,nvenc_qp28_bf2_bqeq,h264_nvenc,True,300,d1,1.0,1,57600,57600,56500,56500,0,0,56750,615,3656,57600,308,0.0,0.010677083333333334,0.0,0.9809027777777778,0.06347222222222222,0.005347222222222222,0.005451327433628319,,2580,57600,0.04479166666666667
VIRAT_S_000206_08_001618_001712,VIRAT_S_000206,True,nvenc_qp28_bf2_bqeq,h264_nvenc,True,300,d1,2.0,1,57600,57600,57216,57216,0,0,56750,350,1508,57600,547,0.0,0.006076388888888889,0.0,0.9933333333333333,0.026180555555555554,0.009496527777777777,0.009560262863534676,,1124,57600,0.01951388888888889
VIRAT_S_000206_08_001618_001712,VIRAT_S_000206,True,nvenc_qp45,h264_nvenc,True,300,d1,0.5,298,17164800,17164634,16766556,16766537,685,23090,16903681,203291,2726184,17164800,26765,3.990763799566014e-05,0.011843596548577733,4.0855186732955055e-05,0.9767987975391499,0.15882410514541387,0.0015592957680835198,0.0015963326040243447,0.029666522304027717,2171972,17164800,0.1265364000745712
VIRAT_S_000206_08_001618_001712,VIRAT_S_000206,True,nvenc_qp45,h264_nvenc,True,300,d1,1.0,298,17164800,17164634,16930152,16930132,721,23090,16903681,101752,1252584,17164800,66960,4.200497371514009e-05,0.005928002892458995,4.2586791408359956e-05,0.9863296979865772,0.07297399328859061,0.003901006711409396,0.003955073764252087,0.03122563880467735,838216,17164800,0.048833426547352725
VIRAT_S_000206_08_001618_001712,VIRAT_S_000206,True,nvenc_qp45,h264_nvenc,True,300,d1,2.0,298,17164800,17164634,17085188,17085156,2755,23090,16903681,31930,635784,17164800,117244,0.00016050444186575723,0.0018602202645276328,0.0001612510883716836,0.9953619034302759,0.03703998881431767,0.006830490305741984,0.006862318401178845,0.11931572109138155,386640,17164800,0.0225251677852349
VIRAT_S_000206_08_001618_001712,VIRAT_S_000206,True,x264_crf12,libx264,True,300,d1,0.5,298,17164800,17164634,14233916,14233914,237,23090,16903681,2690520,0,17164800,9091,1.3807460153243e-05,0.15674788055486646,1.6650374591275457e-05,0.8292503262490679,0.0,0.0005296304064131245,0.0006386857980614751,0.010264183629276743,1962636,17164800,0.11434074384787472
VIRAT_S_000206_08_001618_001712,VIRAT_S_000206,True,x264_crf12,libx264,True,300,d1,1.0,298,17164800,17164634,15879000,15878996,295,23090,16903681,1150317,0,17164800,63576,1.7186501034627362e-05,0.06701669257847269,1.8578000775363884e-05,0.9250908836689038,0.0,0.0037038590604026845,0.004003778575477045,0.012776093546990039,969088,17164800,0.05645786726323639
VIRAT_S_000206_08_001618_001712,VIRAT_S_000206,True,x264_crf12,libx264,True,300,d1,2.0,298,17164800,17164634,16543852,16543837,2559,23090,16903681,583190,0,17164800,121406,0.00014908561405969974,0.03397625606231977,0.00015467995725538156,0.9638243381804623,0.0,0.007072963273676361,0.007338436054674571,0.110827197921178,519296,17164800,0.030253542132736764
VIRAT_S_000206_08_001618_001712,VIRAT_S_000206,True,x264_crf45,libx264,True,300,d1,0.5,298,17164800,17164634,16550336,16550299,2957,23090,16903681,453796,2908836,17164800,50995,0.00017227282562506138,0.02643784889325342,0.0001786674669744637,0.9642020879940343,0.1694651845637584,0.0029709055741983592,0.0030812063271706386,0.12806409701169338,2369456,17164800,0.13804157345264728
VIRAT_S_000206_08_001618_001712,VIRAT_S_000206,True,x264_crf45,libx264,True,300,d1,1.0,298,17164800,17164634,16843856,16843817,3653,23090,16903681,215110,1375752,17164800,83570,0.00021282131620167373,0.012532163517148108,0.00021687483306188853,0.9813021998508575,0.08014960850111857,0.0048686847501864285,0.004961453006959927,0.1582070160242529,969280,17164800,0.056469052945563016
VIRAT_S_000206_08_001618_001712,VIRAT_S_000206,True,x264_crf45,libx264,True,300,d1,2.0,298,17164800,17164634,17052416,17052369,9033,23090,16903681,69509,683484,17164800,119449,0.000526256487612844,0.004049547459036995,0.0005297211196872412,0.9934526472781506,0.039818931767337806,0.006958950876211782,0.007004813863325877,0.3912083152880035,437612,17164800,0.02549473340790455
VIRAT_S_000206_08_001618_001712,VIRAT_S_000206,True,x264_qp24,libx264,True,300,d1,0.5,298,17164800,17164634,16091452,16091451,159,23090,16903681,831414,2496752,17164800,9353,9.263232761036442e-06,0.048437618885436184,9.881023159440376e-06,0.9374680741983594,0.1454576808351976,0.000544894202087994,0.0005812402758930643,0.006886097877869208,2095076,17164800,0.12205653430275913
VIRAT_S_000206_08_001618_001712,VIRAT_S_000206,True,x264_qp24,libx264,True,300,d1,1.0,298,17164800,17164634,16727252,16727248,197,23090,16903681,302750,1173548,17164800,63757,1.1477087131598612e-05,0.017638010807570964,1.1777191322804565e-05,0.974508995152871,0.06836945376584638,0.0037144038963460102,0.0038115645056342787,0.008531831961888264,837348,17164800,0.04878285794183445
VIRAT_S_000206_08_001618_001712,VIRAT_S_000206,True,x264_qp24,libx264,True,300,d1,2.0,298,17164800,17164634,17053508,17053492,2172,23090,16903681,75254,600520,17164800,122081,0.00012653925507529027,0.0043842472842706695,0.00012736394399457895,0.9935162658463833,0.03498555182699478,0.007112287938105891,0.0071587030656683655,0.09406669553919446,370696,17164800,0.021596290082028336
VIRAT_S_000206_08_001618_001712,VIRAT_S_000206,True,x264_qp24_bf2_pb1,libx264,True,300,B,0.5,198,11404800,11404687,10998752,10998732,1800,16275,11231947,260581,1721876,11404800,14428,0.00015782984662358554,0.02284858847945586,0.00016365522862089922,0.9643967452300786,0.15097818462401796,0.001265081369248036,0.0013117851916290139,0.11059907834101383,1380392,11404800,0.12103605499438833
VIRAT_S_000206_08_001618_001712,VIRAT_S_000206,True,x264_qp24_bf2_pb1,libx264,True,300,B,1.0,198,11404800,11404687,11212208,11212187,1831,16275,11231947,90159,770116,11404800,36669,0.00016054802731543618,0.007905433967631027,0.00016330444720552735,0.9831130751964086,0.06752560325476992,0.0032152251683501684,0.003270453063303856,0.11250384024577573,532224,11404800,0.04666666666666667
VIRAT_S_000206_08_001618_001712,VIRAT_S_000206,True,x264_qp24_bf2_pb1,libx264,True,300,B,2.0,198,11404800,11404687,11340000,11339973,3033,16275,11231947,21080,360564,11404800,69978,0.0002659432915607416,0.0018483628704584352,0.00026746095427211333,0.9943181818181818,0.03161510942760943,0.006135837542087542,0.006170899470899471,0.1863594470046083,240008,11404800,0.021044472502805837
VIRAT_S_000206_08_001618_001712,VIRAT_S_000206,True,x264_qp24_bf2_pb1,libx264,True,300,dgt1,0.5,99,5702400,5702347,5251292,5251292,40,6815,5614984,367396,923708,5702400,783,7.0146555444626575e-06,0.06442890971033506,7.617173069027584e-06,0.9208915544332211,0.16198583052749718,0.00013731060606060605,0.00014910616282621495,0.00586940572267058,798764,5702400,0.14007505611672277
VIRAT_S_000206_08_001618_001712,VIRAT_S_000206,True,x264_qp24_bf2_pb1,libx264,True,300,dgt1,1.0,99,5702400,5702347,5418300,5418300,46,6815,5614984,200913,543956,5702400,1818,8.066853876132056e-06,0.03523338723511565,8.48974770684532e-06,0.9501788720538721,0.09539071268237935,0.0003188131313131313,0.0003355295941531477,0.0067498165810711665,409580,5702400,0.07182589786756453
VIRAT_S_000206_08_001618_001712,VIRAT_S_000206,True,x264_qp24_bf2_pb1,libx264,True,300,dgt1,2.0,99,5702400,5702347,5535824,5535824,51,6815,5614984,93376,377044,5702400,7335,8.943685819189888e-06,0.016375011902993626,9.212720635627144e-06,0.9707884399551067,0.06612023007856341,0.001286300505050505,0.0013250059973004922,0.007483492296404989,253040,5702400,0.04437429854096521
VIRAT_S_000206_08_001618_001712,VIRAT_S_000206,True,x264_qp24_bf2_pb1,libx264,True,300,d1,0.5,1,57600,57600,53708,53708,0,0,56750,3079,7732,57600,39,0.0,0.05345486111111111,0.0,0.9324305555555555,0.1342361111111111,0.0006770833333333334,0.0007261488046473524,,6916,57600,0.12006944444444445
VIRAT_S_000206_08_001618_001712,VIRAT_S_000206,True,x264_qp24_bf2_pb1,libx264,True,300,d1,1.0,1,57600,57600,55940,55940,0,0,56750,1164,3752,57600,312,0.0,0.02020833333333333,0.0,0.9711805555555556,0.06513888888888889,0.005416666666666667,0.005577404361816232,,2916,57600,0.050625
VIRAT_S_000206_08_001618_001712,VIRAT_S_000206,True,x264_qp24_bf2_pb1,libx264,True,300,d1,2.0,1,57600,57600,57388,57388,0,0,56750,188,1192,57600,556,0.0,0.003263888888888889,0.0,0.9963194444444444,0.020694444444444446,0.009652777777777777,0.009688436606956159,,920,57600,0.01597222222222222
VIRAT_S_000207_00_000000_000045,VIRAT_S_000207,True,nvenc_qp18,h264_nvenc,True,300,d1,0.5,298,17164800,17163482,15324044,15324029,408,29092,17090501,1770527,1808652,17164800,6004,2.3771400232190648e-05,0.10315663220318581,2.6624851727962665e-05,0.8927598340790455,0.10536982662192394,0.0003497856077554064,0.0003918025816161843,0.014024474082221917,0,17164800,0.0
VIRAT_S_000207_00_000000_000045,VIRAT_S_000207,True,nvenc_qp18,h264_nvenc,True,300,d1,1.0,298,17164800,17163482,16385852,16385826,923,29092,17090501,718929,938972,17164800,18883,5.377696670174502e-05,0.04188712989590341,5.6329171321604414e-05,0.9546194537658463,0.05470334638329605,0.0011001002050708426,0.0011523965918891492,0.031726935239928505,0,17164800,0.0
VIRAT_S_000207_00_000000_000045,VIRAT_S_000207,True,nvenc_qp18,h264_nvenc,True,300,d1,2.0,298,17164800,17163482,16675008,16674954,3590,29092,17090501,453955,592108,17164800,34218,0.0002091650167489324,0.026448887236284573,0.00021529294773466842,0.9714653243847875,0.03449547912005966,0.001993498322147651,0.0020520529885203055,0.12340162243915853,0,17164800,0.0
VIRAT_S_000207_00_000000_000045,VIRAT_S_000207,True,nvenc_qp23,h264_nvenc,True,300,d1,0.5,298,17164800,17163482,16572864,16572852,384,29092,17090501,521314,2342328,17164800,6034,2.237308257147355e-05,0.030373440540794695,2.3170423533619922e-05,0.9655145413870246,0.136461129753915,0.0003515333706189411,0.00036408915200173005,0.013199505018561803,1675588,17164800,0.097617682699478
VIRAT_S_000207_00_000000_000045,VIRAT_S_000207,True,nvenc_qp23,h264_nvenc,True,300,d1,1.0,298,17164800,17163482,16948128,16948108,724,29092,17090501,156213,1228184,17164800,19009,4.218258276496576e-05,0.009101474863899995,4.271863266389381e-05,0.9873769574944071,0.07155247949291574,0.0011074408090976883,0.001121598798404166,0.024886566753746734,711204,17164800,0.04143386465324385
VIRAT_S_000207_00_000000_000045,VIRAT_S_000207,True,nvenc_qp23,h264_nvenc,True,300,d1,2.0,298,17164800,17163482,17045544,17045489,3319,29092,17090501,83420,760300,17164800,34510,0.00019337567983000186,0.004860319135709176,0.000194714273084216,0.993052293064877,0.04429413683818046,0.002010509880686055,0.0020245760416916,0.11408634676199643,431592,17164800,0.025144015659955256
VIRAT_S_000207_00_000000_000045,VIRAT_S_000207,True,nvenc_qp28,h264_nvenc,True,300,d1,0.5,298,17164800,17163482,16940420,16940402,335,29092,17090501,153370,2404876,17164800,6204,1.9518184014176145e-05,0.008935832484340881,1.9775209584754838e-05,0.986927898956003,0.14010509880686056,0.0003614373601789709,0.00036622468628286664,0.01151519318025574,1729464,17164800,0.10075643176733781
VIRAT_S_000207_00_000000_000045,VIRAT_S_000207,True,nvenc_qp28,h264_nvenc,True,300,d1,1.0,298,17164800,17163482,17049376,17049352,577,29092,17090501,54323,1236360,17164800,19057,3.361788709307354e-05,0.0031650337617972857,3.3842928458512674e-05,0.9932755406413124,0.07202880313199105,0.0011102372296793437,0.0011177535177827036,0.019833631238828545,714636,17164800,0.041633808724832216
VIRAT_S_000207_00_000000_000045,VIRAT_S_000207,True,nvenc_qp28,h264_nvenc,True,300,d1,2.0,298,17164800,17163482,17099368,17099310,2831,29092,17090501,29320,783044,17164800,34807,0.00016494322072875423,0.0017082780755093866,0.0001655622361370137,0.9961880126771067,0.04561917412378822,0.0020278127330350484,0.0020355723088712986,0.09731197580090746,453448,17164800,0.026417319164802385
VIRAT_S_000207_00_000000_000045,VIRAT_S_000207,True,nvenc_qp28_bf2_bqeq,h264_nvenc,True,300,B,0.5,198,11404800,11403883,11232732,11232456,2499,19190,11354984,130084,1613244,11404800,8951,0.0002191358855575772,0.011406991811473338,0.00022248028392009726,0.9849126683501683,0.1414530723905724,0.0007848449775533109,0.0007968675830599359,0.13022407503908284,1172760,11404800,0.1028303872053872
VIRAT_S_000207_00_000000_000045,VIRAT_S_000207,True,nvenc_qp28_bf2_bqeq,h264_nvenc,True,300,B,1.0,198,11404800,11403883,11320924,11320634,2649,19190,11354984,46115,815804,11404800,14855,0.0002322893000568315,0.004043798064220757,0.0002339974951932904,0.9926455527497194,0.07153163580246913,0.0013025217452300787,0.0013121720453206822,0.13804064616988015,490868,11404800,0.04304047418630752
VIRAT_S_000207_00_000000_000045,VIRAT_S_000207,True,nvenc_qp28_bf2_bqeq,h264_nvenc,True,300,B,2.0,198,11404800,11403883,11355360,11355020,3473,19190,11354984,22854,505048,11404800,22581,0.0003045453903727353,0.00200405423310639,0.00030585591218685655,0.9956649831649832,0.04428381032547699,0.0019799558080808083,0.0019885763199053133,0.18097967691505992,313164,11404800,0.027458964646464648
VIRAT_S_000207_00_000000_000045,VIRAT_S_000207,True,nvenc_qp28_bf2_bqeq,h264_nvenc,True,300,dgt1,0.5,99,5702400,5702002,5614704,5614691,61,9447,5678488,64224,828928,5702400,992,1.0697996949141723e-05,0.011263412394453737,1.0864355669795542e-05,0.9846212121212121,0.14536475869809204,0.0001739618406285073,0.00017667894870326202,0.006457076320525034,599420,5702400,0.10511714365881032
VIRAT_S_000207_00_000000_000045,VIRAT_S_000207,True,nvenc_qp28_bf2_bqeq,h264_nvenc,True,300,dgt1,1.0,99,5702400,5702002,5641700,5641687,75,9447,5678488,37438,455692,5702400,1452,1.315327493746933e-05,0.0065657640947863576,1.3293895957007187e-05,0.9893553591470258,0.07991231762065096,0.0002546296296296296,0.0002573692326780935,0.007939028262940616,262444,5702400,0.046023428731762066
VIRAT_S_000207_00_000000_000045,VIRAT_S_000207,True,nvenc_qp28_bf2_bqeq,h264_nvenc,True,300,dgt1,2.0,99,5702400,5702002,5656464,5656451,81,9447,5678488,23566,312152,5702400,3887,1.4205536932466877e-05,0.00413293436235203,1.431993311707288e-05,0.9919444444444444,0.05474046015712682,0.0006816428170594838,0.0006871784210064804,0.008574150523975865,175852,5702400,0.03083824354657688
VIRAT_S_000207_00_000000_000045,VIRAT_S_000207,True,nvenc_qp28_bf2_bqeq,h264_nvenc,True,300,d1,0.5,1,57600,57597,56572,56572,9,455,57029,483,6324,57600,20,0.00015625813844471066,0.00838585342986614,0.00015908930212826133,0.9821527777777778,0.10979166666666666,0.00034722222222222224,0.0003535317825072474,0.01978021978021978,4768,57600,0.08277777777777778
VIRAT_S_000207_00_000000_000045,VIRAT_S_000207,True,nvenc_qp28_bf2_bqeq,h264_nvenc,True,300,d1,1.0,1,57600,57597,56856,56856,17,455,57029,234,2992,57600,51,0.0002951542615066757,0.004062711599562477,0.000299000984944421,0.9870833333333333,0.051944444444444446,0.0008854166666666666,0.000897002954833263,0.03736263736263736,1724,57600,0.029930555555555554
VIRAT_S_000207_00_000000_000045,VIRAT_S_000207,True,nvenc_qp28_bf2_bqeq,h264_nvenc,True,300,d1,2.0,1,57600,57597,56940,56940,26,455,57029,167,1928,57600,80,0.00045141239995138635,0.0028994565689185203,0.00045662100456621003,0.9885416666666667,0.03347222222222222,0.001388888888888889,0.0014049877063575693,0.05714285714285714,1028,57600,0.017847222222222223
VIRAT_S_000207_00_000000_000045,VIRAT_S_000207,True,nvenc_qp45,h264_nvenc,True,300,d1,0.5,298,17164800,17163482,17042224,17042098,2064,29092,17090501,59302,2440608,17164800,12396,0.00012025531882167034,0.00345512641316022,0.00012111184902234455,0.9928588739746458,0.14218680089485458,0.000722175615212528,0.0007273698550142282,0.0709473394747697,1765964,17164800,0.10288287658463834
VIRAT_S_000207_00_000000_000045,VIRAT_S_000207,True,nvenc_qp45,h264_nvenc,True,300,d1,1.0,298,17164800,17163482,17071572,17071444,2250,29092,17090501,36836,1258172,17164800,21270,0.00013109228069222784,0.002146184556257291,0.00013179904406446227,0.9945686521252797,0.073299543251305,0.001239163870246085,0.0012459309546888828,0.07734084971813557,736848,17164800,0.04292785234899329
VIRAT_S_000207_00_000000_000045,VIRAT_S_000207,True,nvenc_qp45,h264_nvenc,True,300,d1,2.0,298,17164800,17163482,17114336,17114168,5487,29092,17090501,17879,799068,17164800,37269,0.00031969037518144626,0.0010416883939983739,0.00032061155412287643,0.9970600298284862,0.0465527125279642,0.0021712458053691273,0.0021776480256084723,0.1886085521792933,471208,17164800,0.027451994780014914
VIRAT_S_000207_00_000000_000045,VIRAT_S_000207,True,x264_crf12,libx264,True,300,d1,0.5,298,17164800,17163482,14649408,14649384,489,29092,17090501,2445050,0,17164800,6537,2.849072233711085e-05,0.14245652484734742,3.338024315561664e-05,0.8534563758389262,0.0,0.0003808375279642058,0.0004462296360371696,0.016808744672074796,1808652,17164800,0.10536982662192394
VIRAT_S_000207_00_000000_000045,VIRAT_S_000207,True,x264_crf12,libx264,True,300,d1,1.0,298,17164800,17163482,15864352,15864310,842,29092,17090501,1240073,0,17164800,19582,4.905764459682482e-05,0.07225066568660135,5.307511010563964e-05,0.9242375093214019,0.0,0.0011408230797912006,0.0012343397322500157,0.02894266465007562,938972,17164800,0.05470334638329605
VIRAT_S_000207_00_000000_000045,VIRAT_S_000207,True,x264_crf12,libx264,True,300,d1,2.0,298,17164800,17163482,16347588,16347516,3344,29092,17090501,782722,0,17164800,35754,0.00019483226072658218,0.045603916501325316,0.00020455707154530387,0.95239024049217,0.0,0.0020829837807606263,0.0021871116399556924,0.11494568953664237,592108,17164800,0.03449547912005966
VIRAT_S_000207_00_000000_000045,VIRAT_S_000207,True,x264_crf45,libx264,True,300,d1,0.5,298,17164800,17163482,17045468,17045219,6518,29092,17090501,69265,2479972,17164800,24886,0.0003797597713564182,0.004035603032065405,0.0003823946175170879,0.993047865398956,0.14448009880686055,0.0014498275540641313,0.0014599775142577487,0.2240478482056923,1806664,17164800,0.1052540082028337
VIRAT_S_000207_00_000000_000045,VIRAT_S_000207,True,x264_crf45,libx264,True,300,d1,1.0,298,17164800,17163482,17085820,17085560,7243,29092,17090501,35671,1277308,17164800,30512,0.0004220006173572472,0.0020783078864766483,0.00042392523276966044,0.9953987229679344,0.07441438292319165,0.0017775913497390008,0.0017858083486774414,0.24896878867042485,756888,17164800,0.04409535794183445
VIRAT_S_000207_00_000000_000045,VIRAT_S_000207,True,x264_crf45,libx264,True,300,d1,2.0,298,17164800,17163482,17118172,17117861,11008,29092,17090501,18655,810648,17164800,40435,0.0006413617003822418,0.0010869006650282267,0.0006430710005181138,0.9972835104399702,0.04722734899328859,0.0023556930462341535,0.0023621096925536206,0.37838581053210507,483252,17164800,0.02815366331096197
VIRAT_S_000207_00_000000_000045,VIRAT_S_000207,True,x264_qp24,libx264,True,300,d1,0.5,298,17164800,17163482,16310200,16310176,390,29092,17090501,783732,2146952,17164800,6586,2.2722661986652825e-05,0.04566276236954716,2.3911452580278716e-05,0.9502120618941089,0.1250787658463833,0.00038369220730797914,0.0004037963973464458,0.013405747284476832,1820036,17164800,0.10603304436987322
VIRAT_S_000207_00_000000_000045,VIRAT_S_000207,True,x264_qp24,libx264,True,300,d1,1.0,298,17164800,17163482,16708744,16708713,633,29092,17090501,395229,1105560,17164800,19618,3.688062830141343e-05,0.023027320446981563,3.7884425927957466e-05,0.9734307419835944,0.06440855704697987,0.0011429203952274423,0.0011741157803363317,0.021758559054035474,791540,17164800,0.046114140566741235
VIRAT_S_000207_00_000000_000045,VIRAT_S_000207,True,x264_qp24,libx264,True,300,d1,2.0,298,17164800,17163482,16938356,16938289,3240,29092,17090501,192000,744872,17164800,35860,0.00018877288419680808,0.011186541285736776,0.00019128260239272102,0.9868076528709918,0.0433953206562267,0.002089159209545116,0.002117088576955166,0.11137082359411522,479388,17164800,0.0279285514541387
VIRAT_S_000207_00_000000_000045,VIRAT_S_000207,True,x264_qp24_bf2_pb1,libx264,True,300,B,0.5,198,11404800,11403883,11210272,11209999,2648,19190,11354984,153417,1591616,11404800,9089,0.0002322016106268365,0.013453049281547346,0.00023621768387312078,0.9829433221099888,0.13955667789001122,0.0007969451459034793,0.0008107742613203319,0.13798853569567482,1160748,11404800,0.10177714646464646
VIRAT_S_000207_00_000000_000045,VIRAT_S_000207,True,x264_qp24_bf2_pb1,libx264,True,300,B,1.0,198,11404800,11403883,11310316,11310022,2775,19190,11354984,57873,802972,11404800,15043,0.00024333816823620517,0.005074850382102307,0.00024535761292064683,0.9917154180695847,0.07040649551066218,0.0013190060325476993,0.0013300247314044983,0.14460656591974988,482948,11404800,0.04234602974186308
VIRAT_S_000207_00_000000_000045,VIRAT_S_000207,True,x264_qp24_bf2_pb1,libx264,True,300,B,2.0,198,11404800,11403883,11349044,11348717,3651,19190,11354984,30242,490700,11404800,23229,0.00032015410891185047,0.0026519037419096636,0.0003217103748379663,0.9951111812570146,0.04302574354657688,0.00203677398989899,0.002046780327928943,0.19025534132360605,303648,11404800,0.026624579124579124
VIRAT_S_000207_00_000000_000045,VIRAT_S_000207,True,x264_qp24_bf2_pb1,libx264,True,300,dgt1,0.5,99,5702400,5702002,5379564,5379551,87,9447,5678488,299491,762700,5702400,1286,1.5257798927464424e-05,0.0525238328573017,1.617235341759935e-05,0.9433859427609428,0.13375070145903478,0.00022551907968574634,0.00023905283030371978,0.009209272785011114,673520,5702400,0.11811167227833895
VIRAT_S_000207_00_000000_000045,VIRAT_S_000207,True,x264_qp24_bf2_pb1,libx264,True,300,dgt1,1.0,99,5702400,5702002,5500700,5500687,113,9447,5678488,178534,419940,5702400,1783,1.9817600905787125e-05,0.03131075716914866,2.0542888551920878e-05,0.9646289281705949,0.07364267676767677,0.00031267536475869807,0.0003241405639282273,0.011961469249497194,315116,5702400,0.055260241301907966
VIRAT_S_000207_00_000000_000045,VIRAT_S_000207,True,x264_qp24_bf2_pb1,libx264,True,300,dgt1,2.0,99,5702400,5702002,5595432,5595418,136,9447,5678488,84749,314032,5702400,4307,2.3851271886611053e-05,0.014863025302341178,2.430560147606488e-05,0.9812415824915824,0.05507014590347924,0.0007552960157126824,0.0007697350267146486,0.01439610458346565,199276,5702400,0.03494598765432099
VIRAT_S_000207_00_000000_000045,VIRAT_S_000207,True,x264_qp24_bf2_pb1,libx264,True,300,d1,0.5,1,57600,57597,55304,55304,7,455,57029,1750,5928,57600,23,0.0001215341076792194,0.03038352691980485,0.00012657312310140314,0.9601388888888889,0.10291666666666667,0.0003993055555555556,0.00041588311876175323,0.015384615384615385,5228,57600,0.0907638888888889
VIRAT_S_000207_00_000000_000045,VIRAT_S_000207,True,x264_qp24_bf2_pb1,libx264,True,300,d1,1.0,1,57600,57597,56136,56136,25,455,57029,967,2560,57600,58,0.0004340503845686407,0.016789068875115023,0.0004453470143936155,0.9745833333333334,0.044444444444444446,0.0010069444444444444,0.001033205073393188,0.054945054945054944,2044,57600,0.035486111111111114
VIRAT_S_000207_00_000000_000045,VIRAT_S_000207,True,x264_qp24_bf2_pb1,libx264,True,300,d1,2.0,1,57600,57597,56876,56876,25,455,57029,227,1792,57600,76,0.0004340503845686407,0.003941177491883258,0.00043955271116112246,0.9874305555555556,0.03111111111111111,0.0013194444444444445,0.0013362402419298122,0.054945054945054944,1060,57600,0.01840277777777778
VIRAT_S_000207_01_000094_000156,VIRAT_S_000207,True,nvenc_qp18,h264_nvenc,True,300,d1,0.5,298,17164800,17163292,15508080,15508046,470,42796,17100117,1594141,1771792,17164800,1803,2.7384023997261132e-05,0.09288084127450608,3.0306848457890826e-05,0.9034815436241611,0.103222408650261,0.000105040548098434,0.00011626197440302088,0.01098233479764464,0,17164800,0.0
VIRAT_S_000207_01_000094_000156,VIRAT_S_000207,True,nvenc_qp18,h264_nvenc,True,300,d1,1.0,298,17164800,17163292,16489232,16489170,743,42796,17100117,615203,927764,17164800,5351,4.329006346801068e-05,0.035844114287632,4.505987869613813e-05,0.9606422445935868,0.05405038217747949,0.0003117426360924683,0.00032451481063520727,0.01736143564819142,0,17164800,0.0
VIRAT_S_000207_01_000094_000156,VIRAT_S_000207,True,nvenc_qp18,h264_nvenc,True,300,d1,2.0,298,17164800,17163292,16743836,16743732,3441,42796,17100117,371158,590812,17164800,13720,0.00020048601398845863,0.02162510548675627,0.00020550973940576688,0.9754751584638329,0.03441997576435496,0.000799310216256525,0.0008194060190269422,0.08040471072062809,0,17164800,0.0
VIRAT_S_000207_01_000094_000156,VIRAT_S_000207,True,nvenc_qp23,h264_nvenc,True,300,d1,0.5,298,17164800,17163292,16684760,16684733,460,42796,17100117,417313,2237784,17164800,1793,2.6801385188808766e-05,0.02431427490716816,2.757011454723309e-05,0.9720334638329605,0.13037052572706936,0.00010445796047725577,0.00010746333780048379,0.010748668099822414,1546472,17164800,0.09009554436987323
VIRAT_S_000207_01_000094_000156,VIRAT_S_000207,True,nvenc_qp23,h264_nvenc,True,300,d1,1.0,298,17164800,17163292,16996812,16996768,686,42796,17100117,107370,1168288,17164800,5213,3.9969022259832205e-05,0.0062557928863530374,4.0360614441522056e-05,0.9902132270693512,0.06806301267710664,0.0003037029269202088,0.00030670457495205573,0.01602953547060473,623956,17164800,0.03635090417598807
VIRAT_S_000207_01_000094_000156,VIRAT_S_000207,True,nvenc_qp23,h264_nvenc,True,300,d1,2.0,298,17164800,17163292,17063724,17063631,3423,42796,17100117,51312,728300,17164800,13937,0.00019943726413324436,0.0029896362539307726,0.00020060208756272332,0.9941114373601789,0.04242985645041014,0.0008119523676360925,0.0008167619213719115,0.0799841106645481,367616,17164800,0.021416853094705444
VIRAT_S_000207_01_000094_000156,VIRAT_S_000207,True,nvenc_qp28,h264_nvenc,True,300,d1,0.5,298,17164800,17163292,16989116,16989100,420,42796,17100117,113017,2266636,17164800,1864,2.447082995499931e-05,0.006584809021486088,2.472173334667522e-05,0.9897648676360925,0.13205140753169275,0.00010859433258762118,0.00010971730371374238,0.009814001308533507,1568460,17164800,0.09137653803131991
VIRAT_S_000207_01_000094_000156,VIRAT_S_000207,True,nvenc_qp28,h264_nvenc,True,300,d1,1.0,298,17164800,17163292,17056556,17056520,666,42796,17100117,47563,1154232,17164800,5253,3.880374464292747e-05,0.002771204964641981,3.9046651954795e-05,0.9936938385533184,0.06724412751677852,0.0003060332774049217,0.00030797542012584486,0.015562202074960277,604484,17164800,0.03521648956002983
VIRAT_S_000207_01_000094_000156,VIRAT_S_000207,True,nvenc_qp28,h264_nvenc,True,300,d1,2.0,298,17164800,17163292,17082516,17082422,3277,42796,17100117,32295,733308,17164800,13865,0.00019093073752983984,0.0018816320318969112,0.00019183462391925455,0.995206236017897,0.042721616331096196,0.0008077577367636092,0.0008116485885334455,0.07657257687634358,370608,17164800,0.021591163310961968
VIRAT_S_000207_01_000094_000156,VIRAT_S_000207,True,nvenc_qp28_bf2_bqeq,h264_nvenc,True,300,B,0.5,198,11404800,11403811,11270848,11270605,3844,28338,11361938,97831,1497696,11404800,5526,0.00033708029710418735,0.008578798789281934,0.00034106421083872606,0.9882547699214366,0.1313215488215488,0.00048453282828282826,0.0004902914137427814,0.13564824617121884,1047392,11404800,0.091837822671156
VIRAT_S_000207_01_000094_000156,VIRAT_S_000207,True,nvenc_qp28_bf2_bqeq,h264_nvenc,True,300,B,1.0,198,11404800,11403811,11335384,11335129,3964,28338,11361938,34366,733660,11404800,7233,0.0003476030951407385,0.003013553977700963,0.0003497092975298296,0.9939134399551066,0.0643290544332211,0.0006342066498316499,0.0006380904255206529,0.1398828428258875,396112,11404800,0.03473204264870931
VIRAT_S_000207_01_000094_000156,VIRAT_S_000207,True,nvenc_qp28_bf2_bqeq,h264_nvenc,True,300,B,2.0,198,11404800,11403811,11352916,11352646,4916,28338,11361938,20900,445120,11404800,10710,0.00043108395956404397,0.0018327206580326524,0.000433026802738322,0.9954506874298541,0.03902918069584736,0.0009390782828282828,0.0009433699676805501,0.17347730961959207,240260,11404800,0.021066568462401795
VIRAT_S_000207_01_000094_000156,VIRAT_S_000207,True,nvenc_qp28_bf2_bqeq,h264_nvenc,True,300,dgt1,0.5,99,5702400,5701884,5634628,5634626,68,14316,5681056,46889,792744,5702400,276,1.1925882743317823e-05,0.008223422293403374,1.2068236649601943e-05,0.9881151795735129,0.13901936026936026,4.84006734006734e-05,4.898282548555113e-05,0.004749930148086058,546984,5702400,0.09592171717171717
VIRAT_S_000207_01_000094_000156,VIRAT_S_000207,True,nvenc_qp28_bf2_bqeq,h264_nvenc,True,300,dgt1,1.0,99,5702400,5701884,5654140,5654137,86,14316,5681056,27454,439532,5702400,412,1.5082734057725482e-05,0.004814899776985993,1.5210101912988667e-05,0.99153689674523,0.07707842312008979,7.225028058361391e-05,7.286696120011178e-05,0.006007264599050014,229864,5702400,0.04031004489337823
VIRAT_S_000207_01_000094_000156,VIRAT_S_000207,True,nvenc_qp28_bf2_bqeq,h264_nvenc,True,300,dgt1,2.0,99,5702400,5701884,5662088,5662075,115,14316,5681056,19764,304352,5702400,1216,2.0168772286493376e-05,0.0034662227432196097,2.03105751866586e-05,0.9929306958473625,0.05337261503928171,0.0002132435465768799,0.0002147617627984588,0.008032970103380832,147980,5702400,0.02595047699214366
VIRAT_S_000207_01_000094_000156,VIRAT_S_000207,True,nvenc_qp28_bf2_bqeq,h264_nvenc,True,300,d1,0.5,1,57600,57597,56500,56500,0,142,57123,627,8208,57600,11,0.0,0.01088598364498151,0.0,0.9809027777777778,0.1425,0.00019097222222222223,0.00019469026548672567,0.0,6824,57600,0.11847222222222223
VIRAT_S_000207_01_000094_000156,VIRAT_S_000207,True,nvenc_qp28_bf2_bqeq,h264_nvenc,True,300,d1,1.0,1,57600,57597,56708,56708,0,142,57123,426,3684,57600,13,0.0,0.007396218553049638,0.0,0.9845138888888889,0.06395833333333334,0.00022569444444444443,0.0002292445510333639,0.0,2576,57600,0.04472222222222222
VIRAT_S_000207_01_000094_000156,VIRAT_S_000207,True,nvenc_qp28_bf2_bqeq,h264_nvenc,True,300,d1,2.0,1,57600,57597,57236,57236,9,142,57123,167,2224,57600,211,0.00015625813844471066,0.0028994565689185203,0.00015724369278076735,0.9936805555555556,0.03861111111111111,0.0036631944444444446,0.00368649101963799,0.06338028169014084,1732,57600,0.030069444444444444
VIRAT_S_000207_01_000094_000156,VIRAT_S_000207,True,nvenc_qp45,h264_nvenc,True,300,d1,0.5,298,17164800,17163292,17063496,17063381,2891,42796,17100117,42921,2281528,17164800,5512,0.00016844087952357857,0.0025007440297583937,0.00016942714928536143,0.9940981543624161,0.13291899701715137,0.0003211222967934377,0.00032302876268731803,0.06755304234040564,1582976,17164800,0.09222222222222222
VIRAT_S_000207_01_000094_000156,VIRAT_S_000207,True,nvenc_qp45,h264_nvenc,True,300,d1,1.0,298,17164800,17163292,17071940,17071821,3006,42796,17100117,35750,1164520,17164800,7518,0.00017514122582078077,0.002082933740217203,0.0001760796343869819,0.994590091349739,0.06784349366144668,0.0004379893736017897,0.0004403717445117544,0.07024020936536125,614988,17164800,0.03582843959731544
VIRAT_S_000207_01_000094_000156,VIRAT_S_000207,True,nvenc_qp45,h264_nvenc,True,300,d1,2.0,298,17164800,17163292,17093612,17093460,6521,42796,17100117,24955,743244,17164800,16564,0.0003799387669917869,0.0014539751464928757,0.0003814909327894996,0.9958526752423564,0.04330047539149888,0.0009649981357196122,0.0009690169637640072,0.15237405364987383,380624,17164800,0.02217468307233408
VIRAT_S_000207_01_000094_000156,VIRAT_S_000207,True,x264_crf12,libx264,True,300,d1,0.5,298,17164800,17163292,14810400,14810372,519,42796,17100117,2292039,0,17164800,2071,3.0238954158677718e-05,0.13354308718863492,3.50430090479834e-05,0.8628355704697986,0.0,0.00012065389634601043,0.0001398341705828337,0.012127301616973549,1771792,17164800,0.103222408650261
VIRAT_S_000207_01_000094_000156,VIRAT_S_000207,True,x264_crf12,libx264,True,300,d1,1.0,298,17164800,17163292,15940132,15940073,883,42796,17100117,1164606,0,17164800,5738,5.144700678634378e-05,0.06785446521564745,5.539497842952162e-05,0.9286523583146905,0.0,0.0003342887770320656,0.00035997192495018236,0.02063276941770259,927764,17164800,0.05405038217747949
VIRAT_S_000207_01_000094_000156,VIRAT_S_000207,True,x264_crf12,libx264,True,300,d1,2.0,298,17164800,17163292,16383088,16382978,3951,42796,17100117,733202,0,17164800,14838,0.0002302005932195292,0.042719193963489055,0.00024116494571377683,0.9544584265473527,0.0,0.0008644435123042506,0.0009056900628257627,0.09232171230956164,590812,17164800,0.03441997576435496
VIRAT_S_000207_01_000094_000156,VIRAT_S_000207,True,x264_crf45,libx264,True,300,d1,0.5,298,17164800,17163292,17039724,17039204,13573,42796,17100117,82700,2326212,17164800,17273,0.0007908156547123944,0.004818422945901055,0.0007965747695725693,0.9927132270693513,0.13552223154362417,0.0010063035980611484,0.0010136901278447938,0.3171558089541079,1629660,17164800,0.09494197427293065
VIRAT_S_000207_01_000094_000156,VIRAT_S_000207,True,x264_crf45,libx264,True,300,d1,1.0,298,17164800,17163292,17063652,17063130,14567,42796,17100117,61375,1206136,17164800,19801,0.0008487299522725594,0.003575945686876387,0.0008537120680672303,0.9941072427293065,0.07026799030574199,0.0011535817486950037,0.0011604198210324495,0.34038227871763715,658060,17164800,0.03833776099925429
VIRAT_S_000207_01_000094_000156,VIRAT_S_000207,True,x264_crf45,libx264,True,300,d1,2.0,298,17164800,17163292,17092908,17092334,19141,42796,17100117,40807,774612,17164800,27211,0.0011152289432586708,0.002377574185651564,0.001119858762413606,0.9958116610738255,0.04512793624161074,0.0015852791759880685,0.0015919467886915438,0.4472614263015235,414360,17164800,0.02414010067114094
VIRAT_S_000207_01_000094_000156,VIRAT_S_000207,True,x264_qp24,libx264,True,300,d1,0.5,298,17164800,17163292,16438272,16438245,520,42796,17100117,664142,2060752,17164800,1996,3.0297218039522955e-05,0.03869549035231703,3.1633547255196644e-05,0.9576733780760627,0.12005686055182699,0.00011628448918717375,0.00012142395502398305,0.012150668286755772,1691016,17164800,0.09851649888143177
VIRAT_S_000207_01_000094_000156,VIRAT_S_000207,True,x264_qp24,libx264,True,300,d1,1.0,298,17164800,17163292,16754972,16754922,721,42796,17100117,349334,1061848,17164800,5545,4.200825808941548e-05,0.02035355455118983,4.303213109556702e-05,0.976123928038777,0.06186195003728561,0.0003230448359433259,0.0003309465393317279,0.01684736891298252,713020,17164800,0.04153966256524981
VIRAT_S_000207_01_000094_000156,VIRAT_S_000207,True,x264_qp24,libx264,True,300,d1,2.0,298,17164800,17163292,16947388,16947279,3519,42796,17100117,168072,732468,17164800,14414,0.00020503059669438708,0.009792526981420581,0.00020764395275489357,0.9873338460104399,0.04267267897091723,0.0008397417971662938,0.0008505145453682892,0.08222731096364146,428168,17164800,0.02494453765846383
VIRAT_S_000207_01_000094_000156,VIRAT_S_000207,True,x264_qp24_bf2_pb1,libx264,True,300,B,0.5,198,11404800,11403811,11247044,11246761,3462,28338,11361938,121450,1480140,11404800,5546,0.00030358272335449967,0.010649948512826107,0.00030782195869548574,0.9861675785634119,0.12978219696969698,0.0004862864758698092,0.0004931073444720231,0.12216811348719034,1040996,11404800,0.0912770061728395
VIRAT_S_000207_01_000094_000156,VIRAT_S_000207,True,x264_qp24_bf2_pb1,libx264,True,300,B,1.0,198,11404800,11403811,11327508,11327222,3557,28338,11361938,41890,727712,11404800,7228,0.00031191327180010264,0.003673333414592718,0.0003140222730692486,0.9932228535353536,0.06380751964085297,0.0006337682379349046,0.0006380926855227117,0.1255205025054697,396124,11404800,0.0347330948372615
VIRAT_S_000207_01_000094_000156,VIRAT_S_000207,True,x264_qp24_bf2_pb1,libx264,True,300,B,2.0,198,11404800,11403811,11354616,11354312,4568,28338,11361938,19088,440164,11404800,10955,0.00040056784525804574,0.0016738264076807305,0.0004023141164343555,0.9955997474747474,0.03859462682379349,0.0009605604657687991,0.0009648058551693866,0.161196979321053,236272,11404800,0.0207168911335578
VIRAT_S_000207_01_000094_000156,VIRAT_S_000207,True,x264_qp24_bf2_pb1,libx264,True,300,dgt1,0.5,99,5702400,5701884,5431460,5431455,85,14316,5681056,250120,733488,5702400,359,1.4907353429147278e-05,0.0438662028199802,1.5649581926021664e-05,0.9524866722783389,0.12862794612794612,6.295594837261504e-05,6.609640870042309e-05,0.005937412685107572,616384,5702400,0.10809203142536476
VIRAT_S_000207_01_000094_000156,VIRAT_S_000207,True,x264_qp24_bf2_pb1,libx264,True,300,dgt1,1.0,99,5702400,5701884,5539724,5539719,116,14316,5681056,141961,407068,5702400,554,2.034415291507158e-05,0.024897209413590315,2.0939690262267816e-05,0.9714723625140291,0.07138538159371492,9.715207631874299e-05,0.00010000498219766905,0.008102822017323274,274936,5702400,0.04821408529741863
VIRAT_S_000207_01_000094_000156,VIRAT_S_000207,True,x264_qp24_bf2_pb1,libx264,True,300,dgt1,2.0,99,5702400,5701884,5615440,5615431,153,14316,5681056,66536,302184,5702400,1399,2.68332361724651e-05,0.011669125503079332,2.7246350280147688e-05,0.9847502805836139,0.052992424242424244,0.00024533529741863075,0.0002491345290840967,0.01068734283319363,166316,5702400,0.029165965207631876
VIRAT_S_000207_01_000094_000156,VIRAT_S_000207,True,x264_qp24_bf2_pb1,libx264,True,300,d1,0.5,1,57600,57597,55140,55140,0,142,57123,1986,8312,57600,10,0.0,0.03448096255013282,0.0,0.9572916666666667,0.14430555555555555,0.00017361111111111112,0.00018135654697134566,0.0,6672,57600,0.11583333333333333
VIRAT_S_000207_01_000094_000156,VIRAT_S_000207,True,x264_qp24_bf2_pb1,libx264,True,300,d1,1.0,1,57600,57597,56292,56292,0,142,57123,835,3756,57600,13,0.0,0.014497282844592601,0.0,0.9772916666666667,0.06520833333333333,0.00022569444444444443,0.0002309386768990265,0.0,2696,57600,0.04680555555555556
VIRAT_S_000207_01_000094_000156,VIRAT_S_000207,True,x264_qp24_bf2_pb1,libx264,True,300,d1,2.0,1,57600,57597,57212,57212,10,142,57123,207,2232,57600,213,0.0001736201538274563,0.0035939371842283454,0.0001747885059078515,0.9932638888888888,0.03875,0.0036979166666666666,0.003722995175837237,0.07042253521126761,1724,57600,0.029930555555555554
VIRAT_S_000207_03_000556_000590,VIRAT_S_000207,True,nvenc_qp18,h264_nvenc,True,300,d1,0.5,298,17164800,17164083,15572072,15572069,501,34805,17085143,1516880,1649196,17164800,2624,2.918885908440317e-05,0.08837524265059776,3.217298870175826e-05,0.9072096383296048,0.09608011744966442,0.0001528709917971663,0.00016850679858146044,0.014394483551213906,0,17164800,0.0
VIRAT_S_000207_03_000556_000590,VIRAT_S_000207,True,nvenc_qp18,h264_nvenc,True,300,d1,1.0,298,17164800,17164083,16393496,16393490,772,34805,17085143,708318,926580,17164800,6602,4.497764314003842e-05,0.041267453670551464,4.7091863904513316e-05,0.955064783743475,0.05398140380313199,0.0003846243475018643,0.00040272068874143744,0.022180721160752766,0,17164800,0.0
VIRAT_S_000207_03_000556_000590,VIRAT_S_000207,True,nvenc_qp18,h264_nvenc,True,300,d1,2.0,298,17164800,17164083,16629580,16629569,2283,34805,17085143,492486,626268,17164800,14107,0.00013301030995946595,0.028692823263555645,0.0001372855784777104,0.968818745339299,0.03648559843400447,0.0008218563571961223,0.0008483076541921083,0.0655940238471484,0,17164800,0.0
VIRAT_S_000207_03_000556_000590,VIRAT_S_000207,True,nvenc_qp23,h264_nvenc,True,300,d1,0.5,298,17164800,17164083,16649700,16649696,423,34805,17085143,438773,2110960,17164800,2611,2.4644485813777526e-05,0.02556343965477212,2.5405869272327854e-05,0.9699909116331096,0.12298191648023862,0.0001521136278896346,0.0001568196423959591,0.012153426231863239,1415668,17164800,0.08247506524981357
VIRAT_S_000207_03_000556_000590,VIRAT_S_000207,True,nvenc_qp23,h264_nvenc,True,300,d1,1.0,298,17164800,17164083,16915072,16915068,583,34805,17085143,186187,1201580,17164800,6424,3.396627713813782e-05,0.010847477258179188,3.4466311338506e-05,0.9854511558538405,0.07000256338553318,0.0003742542878448919,0.0003797796426760702,0.016750466886941533,658680,17164800,0.038373881431767336
VIRAT_S_000207_03_000556_000590,VIRAT_S_000207,True,nvenc_qp23,h264_nvenc,True,300,d1,2.0,298,17164800,17164083,16984412,16984393,1945,34805,17085143,137804,804436,17164800,14093,0.00011331802578675481,0.008028625822888411,0.00011451689795449269,0.9894908184190903,0.04686544556301268,0.0008210407345264728,0.000829760841882545,0.0558827754632955,439976,17164800,0.025632457121551083
VIRAT_S_000207_03_000556_000590,VIRAT_S_000207,True,nvenc_qp28,h264_nvenc,True,300,d1,0.5,298,17164800,17164083,16934988,16934982,395,34805,17085143,153108,2174424,17164800,2569,2.3013172332014474e-05,0.008920255163063474,2.3324500728728262e-05,0.986611437360179,0.1266792505592841,0.00014966675988068606,0.00015169777504418663,0.011348944117224537,1461892,17164800,0.0851680182699478
VIRAT_S_000207_03_000556_000590,VIRAT_S_000207,True,nvenc_qp28,h264_nvenc,True,300,d1,1.0,298,17164800,17164083,17000720,17000713,503,34805,17085143,100203,1227620,17164800,6495,2.9305381475957673e-05,0.005837946600467965,2.9586994380765088e-05,0.9904409023117077,0.07151962155108128,0.00037839065995525726,0.00038204264289983013,0.014451946559402384,676608,17164800,0.03941834451901566
VIRAT_S_000207_03_000556_000590,VIRAT_S_000207,True,nvenc_qp28,h264_nvenc,True,300,d1,2.0,298,17164800,17164083,17038464,17038450,1770,34805,17085143,83875,836848,17164800,14314,0.00010312231652573575,0.004886657795816997,0.00010388268885960871,0.9926398210290828,0.04875372856077554,0.0008339159209545115,0.0008400992014303637,0.05085476224680362,467820,17164800,0.027254614093959732
VIRAT_S_000207_03_000556_000590,VIRAT_S_000207,True,nvenc_qp28_bf2_bqeq,h264_nvenc,True,300,B,0.5,198,11404800,11404266,11240576,11240445,3083,23605,11351230,117708,1468460,11404800,4871,0.00027033743337800085,0.010321400781076134,0.0002742773973806197,0.9856004489337823,0.12875806677890012,0.00042710086980920315,0.00043334078253641094,0.13060792205041305,1007476,11404800,0.08833789281705948
VIRAT_S_000207_03_000556_000590,VIRAT_S_000207,True,nvenc_qp28_bf2_bqeq,h264_nvenc,True,300,B,1.0,198,11404800,11404266,11304968,11304833,3173,23605,11351230,58202,818148,11404800,6630,0.0002782292170315915,0.005103528802292054,0.0002806764151226294,0.991246492704826,0.0717371632996633,0.0005813341750841751,0.0005864678254728364,0.13442067358610463,475128,11404800,0.041660353535353536
VIRAT_S_000207_03_000556_000590,VIRAT_S_000207,True,nvenc_qp28_bf2_bqeq,h264_nvenc,True,300,B,2.0,198,11404800,11404266,11330904,11330764,3747,23605,11351230,42731,551416,11404800,10157,0.0003285612594444921,0.0037469311922398163,0.0003306926170203527,0.9935206228956229,0.048349466891133557,0.0008905899270482604,0.0008963980279066878,0.15873755560262656,336832,11404800,0.02953423120089787
VIRAT_S_000207_03_000556_000590,VIRAT_S_000207,True,nvenc_qp28_bf2_bqeq,h264_nvenc,True,300,dgt1,0.5,99,5702400,5702217,5590992,5590992,96,11200,5676313,85873,752308,5702400,268,1.6835557117521133e-05,0.015059581212009295,1.7170477081705714e-05,0.980462962962963,0.13192831088664422,4.699775533108866e-05,4.793424851976179e-05,0.008571428571428572,511716,5702400,0.08973695286195287
VIRAT_S_000207_03_000556_000590,VIRAT_S_000207,True,nvenc_qp28_bf2_bqeq,h264_nvenc,True,300,dgt1,1.0,99,5702400,5702217,5614964,5614964,110,11200,5676313,62015,446384,5702400,518,1.9290742530492964e-05,0.01087559452753201,1.959050850548641e-05,0.9846668069584736,0.07828002244668911,9.083894500561167e-05,9.22534855076542e-05,0.009821428571428571,244724,5702400,0.04291596520763188
VIRAT_S_000207_03_000556_000590,VIRAT_S_000207,True,nvenc_qp28_bf2_bqeq,h264_nvenc,True,300,dgt1,2.0,99,5702400,5702217,5621076,5621075,142,11200,5676313,56139,332888,5702400,1084,2.490259490300001e-05,0.009845118135630404,2.526207175673692e-05,0.9857386363636363,0.05837682379349046,0.00019009539842873175,0.00019284564022973538,0.012678571428571428,182120,5702400,0.03193742985409652
VIRAT_S_000207_03_000556_000590,VIRAT_S_000207,True,nvenc_qp28_bf2_bqeq,h264_nvenc,True,300,d1,0.5,1,57600,57600,57380,57380,0,0,57600,220,5744,57600,6,0.0,0.0038194444444444443,0.0,0.9961805555555555,0.09972222222222223,0.00010416666666666667,0.00010456605088881144,,4108,57600,0.07131944444444445
VIRAT_S_000207_03_000556_000590,VIRAT_S_000207,True,nvenc_qp28_bf2_bqeq,h264_nvenc,True,300,d1,1.0,1,57600,57600,57568,57568,0,0,57600,32,3372,57600,6,0.0,0.0005555555555555556,0.0,0.9994444444444445,0.058541666666666665,0.00010416666666666667,0.00010422456920511395,,1712,57600,0.029722222222222223
VIRAT_S_000207_03_000556_000590,VIRAT_S_000207,True,nvenc_qp28_bf2_bqeq,h264_nvenc,True,300,d1,2.0,1,57600,57600,57568,57568,0,0,57600,32,1932,57600,6,0.0,0.0005555555555555556,0.0,0.9994444444444445,0.033541666666666664,0.00010416666666666667,0.00010422456920511395,,1032,57600,0.017916666666666668
VIRAT_S_000207_03_000556_000590,VIRAT_S_000207,True,nvenc_qp45,h264_nvenc,True,300,d1,0.5,298,17164800,17164083,17066308,17066275,4975,34805,17085143,41062,2239400,17164800,7784,0.0002898494489918279,0.002392321221005515,0.00029151059619043993,0.9942619780014914,0.13046467188665176,0.0004534862043251305,0.00045610333529665586,0.1429392328688407,1520892,17164800,0.08860528523489933
VIRAT_S_000207_03_000556_000590,VIRAT_S_000207,True,nvenc_qp45,h264_nvenc,True,300,d1,1.0,298,17164800,17164083,17076620,17076587,5136,34805,17085143,34145,1274080,17164800,10120,0.0002992295015119654,0.001989328529814264,0.00030076267582040836,0.9948627423564504,0.07422632363907532,0.0005895786726323639,0.0005926231303384394,0.14756500502801323,718660,17164800,0.04186824198359433
VIRAT_S_000207_03_000556_000590,VIRAT_S_000207,True,nvenc_qp45,h264_nvenc,True,300,d1,2.0,298,17164800,17164083,17100380,17100332,7693,34805,17085143,25549,875212,17164800,17147,0.00044820337911439834,0.0014885152909130072,0.0004498743065339316,0.9962469705443698,0.050988767710663685,0.0009989629940343027,0.0010027262552060247,0.2210314609969832,504608,17164800,0.029397837434750187
VIRAT_S_000207_03_000556_000590,VIRAT_S_000207,True,x264_crf12,libx264,True,300,d1,0.5,298,17164800,17164083,14853532,14853524,579,34805,17085143,2235481,0,17164800,2811,3.373323235502881e-05,0.1302417961973267,3.898064863260732e-05,0.8653483873974646,0.0,0.0001637653803131991,0.00018924791759966585,0.016635540870564573,1649196,17164800,0.09608011744966442
VIRAT_S_000207_03_000556_000590,VIRAT_S_000207,True,x264_crf12,libx264,True,300,d1,1.0,298,17164800,17164083,15837676,15837665,767,34805,17085143,1264197,0,17164800,6772,4.468633716115216e-05,0.07365362891801444,4.842885614767076e-05,0.9226833985831469,0.0,0.00039452833706189413,0.00042758798702536915,0.02203706364028157,926580,17164800,0.05398140380313199
VIRAT_S_000207_03_000556_000590,VIRAT_S_000207,True,x264_crf12,libx264,True,300,d1,2.0,298,17164800,17164083,16259456,16259436,2230,34805,17085143,863866,0,17164800,14850,0.0001299224665832716,0.050329866151311436,0.00013715112873533868,0.9472557792692021,0.0,0.0008651426174496645,0.0009133146890031253,0.06407125413015372,626268,17164800,0.03648559843400447
VIRAT_S_000207_03_000556_000590,VIRAT_S_000207,True,x264_crf45,libx264,True,300,d1,0.5,298,17164800,17164083,17041492,17041415,11895,34805,17085143,79988,2273008,17164800,16532,0.0006930169237704106,0.00466019652783082,0.0006980054179773217,0.9928162285607756,0.13242263236390753,0.0009631338553318419,0.000970102852496718,0.3417612412009769,1561604,17164800,0.09097711595824012
VIRAT_S_000207_03_000556_000590,VIRAT_S_000207,True,x264_crf45,libx264,True,300,d1,1.0,298,17164800,17164083,17067456,17067379,12193,34805,17085143,58549,1301284,17164800,18397,0.0007103787601120316,0.0034111347515623177,0.0007144037757642811,0.9943288590604027,0.07581119500372856,0.001071786446681581,0.001077899365904327,0.3503232294210602,751336,17164800,0.0437719052945563
VIRAT_S_000207_03_000556_000590,VIRAT_S_000207,True,x264_crf45,libx264,True,300,d1,2.0,298,17164800,17164083,17092180,17092072,14694,34805,17085143,43065,894236,17164800,22812,0.0008560900107509384,0.00250901839614735,0.0008596968231821163,0.9957692486950037,0.05209708240119314,0.0013289988814317673,0.001334645434344829,0.4221807211607528,527432,17164800,0.03072753542132737
VIRAT_S_000207_03_000556_000590,VIRAT_S_000207,True,x264_qp24,libx264,True,300,d1,0.5,298,17164800,17164083,16557356,16557350,493,34805,17085143,531135,1993216,17164800,2711,2.8722769518185156e-05,0.030944560219150652,2.9775296167563044e-05,0.9646110645041014,0.11612229679343773,0.00015793950410141687,0.00016373387151910002,0.01416463151845999,1462020,17164800,0.08517547539149888
VIRAT_S_000207_03_000556_000590,VIRAT_S_000207,True,x264_qp24,libx264,True,300,d1,1.0,298,17164800,17164083,16822000,16821990,619,34805,17085143,279371,1124428,17164800,6682,3.6063680186118885e-05,0.01627648852548662,3.6797073354579335e-05,0.9800288963460104,0.06550778337061894,0.0003892850484712901,0.0003972179289026275,0.017784801034334146,675072,17164800,0.039328859060402684
VIRAT_S_000207_03_000556_000590,VIRAT_S_000207,True,x264_qp24,libx264,True,300,d1,2.0,298,17164800,17164083,16957312,16957293,1720,34805,17085143,165890,787160,17164800,14753,0.00010020925673687315,0.009664949767488306,0.0001014312838729625,0.9879120059656973,0.045858967188665174,0.0008594915175242357,0.000870008171106364,0.04941818704209165,458092,17164800,0.026687872856077554
VIRAT_S_000207_03_000556_000590,VIRAT_S_000207,True,x264_qp24_bf2_pb1,libx264,True,300,B,0.5,198,11404800,11404266,11235496,11235369,3288,23605,11351230,123824,1442316,11404800,5408,0.0002883131628111796,0.010857691323580141,0.0002926472641886528,0.9851550224466891,0.12646569865319865,0.00047418630751964086,0.00048133166528651695,0.13929252277059945,983932,11404800,0.08627349887766554
VIRAT_S_000207_03_000556_000590,VIRAT_S_000207,True,x264_qp24_bf2_pb1,libx264,True,300,B,1.0,198,11404800,11404266,11308956,11308828,3364,23605,11351230,55704,795752,11404800,7250,0.0002949773356742117,0.004884487962662393,0.0002974667224578886,0.9915961700336701,0.06977342873176207,0.0006356972502805836,0.000641084818085772,0.14251217962296123,455116,11404800,0.03990565375982043
VIRAT_S_000207_03_000556_000590,VIRAT_S_000207,True,x264_qp24_bf2_pb1,libx264,True,300,B,2.0,198,11404800,11404266,11337044,11336909,3971,23605,11351230,37755,530308,11404800,10868,0.0003482030320934289,0.0033106032426812914,0.00035027184217497026,0.994058992704826,0.04649866722783389,0.0009529320987654321,0.0009586273106111258,0.1682270705359034,317756,11404800,0.027861602132435465
VIRAT_S_000207_03_000556_000590,VIRAT_S_000207,True,x264_qp24_bf2_pb1,libx264,True,300,dgt1,0.5,99,5702400,5702217,5462740,5462740,140,11200,5676313,214363,717984,5702400,418,2.4551854129718317e-05,0.03759292219149148,2.5628164620684857e-05,0.9579720819304153,0.12590909090909091,7.330246913580247e-05,7.651837722461622e-05,0.0125,543096,5702400,0.09523989898989899
VIRAT_S_000207_03_000556_000590,VIRAT_S_000207,True,x264_qp24_bf2_pb1,libx264,True,300,dgt1,1.0,99,5702400,5702217,5546848,5546848,158,11200,5676313,130369,423260,5702400,723,2.770852108925353e-05,0.02286286193598034,2.8484645694275378e-05,0.9727216610549944,0.07422488776655443,0.00012678872053872053,0.00013034429643646265,0.014107142857142856,263608,5702400,0.04622755331088665
VIRAT_S_000207_03_000556_000590,VIRAT_S_000207,True,x264_qp24_bf2_pb1,libx264,True,300,dgt1,2.0,99,5702400,5702217,5589656,5589655,192,11200,5676313,87816,325772,5702400,1303,3.3671114235042266e-05,0.015400325873252456,3.434916824025812e-05,0.9802286756453423,0.05712892817059484,0.0002285002805836139,0.00023310915734349306,0.017142857142857144,189876,5702400,0.03329755892255892
VIRAT_S_000207_03_000556_000590,VIRAT_S_000207,True,x264_qp24_bf2_pb1,libx264,True,300,d1,0.5,1,57600,57600,52916,52916,0,0,57600,4684,4264,57600,5,0.0,0.08131944444444444,0.0,0.9186805555555555,0.07402777777777778,8.680555555555556e-05,9.448937939375614e-05,,5956,57600,0.10340277777777777
VIRAT_S_000207_03_000556_000590,VIRAT_S_000207,True,x264_qp24_bf2_pb1,libx264,True,300,d1,1.0,1,57600,57600,53508,53508,0,0,57600,4092,2080,57600,6,0.0,0.07104166666666667,0.0,0.9289583333333333,0.03611111111111111,0.00010416666666666667,0.00011213276519398969,,3628,57600,0.06298611111111112
VIRAT_S_000207_03_000556_000590,VIRAT_S_000207,True,x264_qp24_bf2_pb1,libx264,True,300,d1,2.0,1,57600,57600,53636,53636,0,0,57600,3964,2264,57600,6,0.0,0.06881944444444445,0.0,0.9311805555555556,0.03930555555555556,0.00010416666666666667,0.0001118651651875606,,3236,57600,0.05618055555555555
VIRAT_S_000207_04_000902_000934,VIRAT_S_000207,True,nvenc_qp18,h264_nvenc,True,300,d1,0.5,298,17164800,17163683,15558916,15558910,169,19581,17088434,1531934,1634568,17164800,2391,9.84637155090781e-06,0.08925438671874796,1.0861943413773844e-05,0.9064431860551827,0.09522790827740492,0.00013929670022371364,0.00015367394489436154,0.008630815586537971,0,17164800,0.0
VIRAT_S_000207_04_000902_000934,VIRAT_S_000207,True,nvenc_qp18,h264_nvenc,True,300,d1,1.0,298,17164800,17163683,16427868,16427860,255,19581,17088434,673066,895956,17164800,12165,1.4856951156695215e-05,0.039214543871498905,1.5522411318333612e-05,0.9570672539149888,0.052197287472035794,0.000708717841163311,0.0007405099675746117,0.01302282825187682,0,17164800,0.0
VIRAT_S_000207_04_000902_000934,VIRAT_S_000207,True,nvenc_qp18,h264_nvenc,True,300,d1,2.0,298,17164800,17163683,16704932,16704896,1271,19581,17088434,432585,589992,17164800,44670,7.40517055692534e-05,0.02520350672987843,7.608547817358456e-05,0.9732086595824012,0.034372203579418344,0.002602418903803132,0.0026740605708541645,0.06490986160053112,0,17164800,0.0
VIRAT_S_000207_04_000902_000934,VIRAT_S_000207,True,nvenc_qp23,h264_nvenc,True,300,d1,0.5,298,17164800,17163683,16637532,16637529,193,19581,17088434,453386,2100368,17164800,2411,1.1244672836243829e-05,0.02641542610638987,1.160028030604785e-05,0.9692820190156599,0.12236483967188665,0.0001404618754660701,0.00014491332007655943,0.009856493539655788,1432784,17164800,0.08347222222222223
VIRAT_S_000207_04_000902_000934,VIRAT_S_000207,True,nvenc_qp23,h264_nvenc,True,300,d1,1.0,298,17164800,17163683,16959940,16959929,278,19581,17088434,141224,1162908,17164800,12189,1.6196989888475566e-05,0.008228070863345588,1.6391578054365675e-05,0.9880651099925429,0.06774958053691275,0.0007101160514541387,0.0007186935802838925,0.014197436290281395,641616,17164800,0.037379753914988816
VIRAT_S_000207_04_000902_000934,VIRAT_S_000207,True,nvenc_qp23,h264_nvenc,True,300,d1,2.0,298,17164800,17163683,17063912,17063868,1362,19581,17088434,74706,748332,17164800,45285,7.935359794281914e-05,0.004352562325929697,7.981777636817163e-05,0.9941223900074572,0.04359689597315436,0.002638248042505593,0.002653846316131963,0.06955722383943619,409180,17164800,0.02383832028337062
VIRAT_S_000207_04_000902_000934,VIRAT_S_000207,True,nvenc_qp28,h264_nvenc,True,300,d1,0.5,298,17164800,17163683,16933156,16933155,131,19581,17088434,157742,2156696,17164800,2470,7.632394515792443e-06,0.009190451722978105,7.736301947274445e-06,0.9865047073079791,0.12564643922445937,0.00014389914243102163,0.00014586766932283621,0.006690158827434759,1479920,17164800,0.0862183072334079
VIRAT_S_000207_04_000902_000934,VIRAT_S_000207,True,nvenc_qp28,h264_nvenc,True,300,d1,1.0,298,17164800,17163683,17026388,17026380,235,19581,17088434,74475,1179796,17164800,12102,1.3691700085581864e-05,0.004339103676058338,1.3802111781835012e-05,0.9919362882177479,0.06873345451155854,0.0007050475391498881,0.0007107790566031973,0.012001429957611972,653552,17164800,0.038075130499627144
VIRAT_S_000207_04_000902_000934,VIRAT_S_000207,True,nvenc_qp28,h264_nvenc,True,300,d1,2.0,298,17164800,17163683,17102708,17102674,1317,19581,17088434,36147,771832,17164800,45524,7.673178303281411e-05,0.0021060165233767135,7.700550218053621e-05,0.9963825969425801,0.04496597688292319,0.0026521718866517525,0.0026618006926154617,0.06725907767734028,429848,17164800,0.025042412378821776
VIRAT_S_000207_04_000902_000934,VIRAT_S_000207,True,nvenc_qp28_bf2_bqeq,h264_nvenc,True,300,B,0.5,198,11404800,11404082,11233936,11233761,1804,12579,11354067,127711,1454776,11404800,6729,0.00015818897128238817,0.01119870937441523,0.00016058735805399456,0.9850182379349046,0.12755822109988776,0.0005900147306397306,0.0005989886358619098,0.14341362588441053,1009940,11404800,0.08855394219977554
VIRAT_S_000207_04_000902_000934,VIRAT_S_000207,True,nvenc_qp28_bf2_bqeq,h264_nvenc,True,300,B,1.0,198,11404800,11404082,11309080,11308903,1879,12579,11354067,56499,802708,11404800,10933,0.0001647655637691837,0.004954278652152799,0.00016615227843054273,0.9916070426487094,0.07038334736251403,0.0009586314534231201,0.0009667453055420954,0.14937594403370696,456112,11404800,0.03999298540965208
VIRAT_S_000207_04_000902_000934,VIRAT_S_000207,True,nvenc_qp28_bf2_bqeq,h264_nvenc,True,300,B,2.0,198,11404800,11404082,11350340,11350148,2222,12579,11354067,30381,535284,11404800,24572,0.0001948425134087952,0.0026640460845511285,0.00019576837235954985,0.995224817620651,0.046934974747474746,0.0021545314253647585,0.0021648690700014272,0.17664361236982273,308688,11404800,0.027066498316498315
VIRAT_S_000207_04_000902_000934,VIRAT_S_000207,True,nvenc_qp28_bf2_bqeq,h264_nvenc,True,300,dgt1,0.5,99,5702400,5702010,5609308,5609308,20,6827,5677059,68217,733796,5702400,389,3.5075350621973657e-06,0.011963675966895885,3.565502197419004e-06,0.9836749438832773,0.12868195847362515,6.82168911335578e-05,6.934901773979964e-05,0.0029295444558371173,508444,5702400,0.0891631593714927
VIRAT_S_000207_04_000902_000934,VIRAT_S_000207,True,nvenc_qp28_bf2_bqeq,h264_nvenc,True,300,dgt1,1.0,99,5702400,5702010,5635216,5635216,32,6827,5677059,42432,404476,5702400,702,5.612056099515785e-06,0.007441586387957931,5.678575586099982e-06,0.9882182940516274,0.07093083613916948,0.0001231060606060606,0.00012457375192006837,0.004687271129339388,229876,5702400,0.04031214927048261
VIRAT_S_000207_04_000902_000934,VIRAT_S_000207,True,nvenc_qp28_bf2_bqeq,h264_nvenc,True,300,dgt1,2.0,99,5702400,5702010,5644932,5644929,50,6827,5677059,33087,285920,5702400,1687,8.768837655493413e-06,0.005802690630146211,8.857507330915942e-06,0.989922138047138,0.050140291806958476,0.00029584034792368125,0.0002988521385200034,0.007323861139592793,172248,5702400,0.030206228956228955
VIRAT_S_000207_04_000902_000934,VIRAT_S_000207,True,nvenc_qp28_bf2_bqeq,h264_nvenc,True,300,d1,0.5,1,57600,57591,56588,56588,2,175,57308,732,7584,57600,12,3.472764841728742e-05,0.012710319320727198,3.53431823001343e-05,0.9824305555555556,0.13166666666666665,0.00020833333333333335,0.00021205909380080584,0.011428571428571429,6372,57600,0.110625
VIRAT_S_000207_04_000902_000934,VIRAT_S_000207,True,nvenc_qp28_bf2_bqeq,h264_nvenc,True,300,d1,1.0,1,57600,57591,56944,56944,2,175,57308,376,3800,57600,23,3.472764841728742e-05,0.006528797902450036,3.512222534419781e-05,0.9886111111111111,0.06597222222222222,0.0003993055555555556,0.0004039055914582748,0.011428571428571429,2640,57600,0.04583333333333333
VIRAT_S_000207_04_000902_000934,VIRAT_S_000207,True,nvenc_qp28_bf2_bqeq,h264_nvenc,True,300,d1,2.0,1,57600,57591,57176,57176,30,175,57308,222,2496,57600,122,0.0005209147262593114,0.003854768974318904,0.0005246956765076256,0.9926388888888888,0.043333333333333335,0.0021180555555555558,0.0021337624177976775,0.17142857142857143,1820,57600,0.03159722222222222
VIRAT_S_000207_04_000902_000934,VIRAT_S_000207,True,nvenc_qp45,h264_nvenc,True,300,d1,0.5,298,17164800,17163683,17028284,17028238,792,19581,17088434,68867,2193768,17164800,8357,4.614394241608867e-05,0.004012367275718154,4.651097782401209e-05,0.9920467468307234,0.12780620805369128,0.0004868684750186428,0.0004907717066499478,0.04044737245288801,1516104,17164800,0.08832634228187919
VIRAT_S_000207_04_000902_000934,VIRAT_S_000207,True,nvenc_qp45,h264_nvenc,True,300,d1,1.0,298,17164800,17163683,17057356,17057310,857,19581,17088434,48802,1206412,17164800,16839,4.9931008397207056e-05,0.002843329138623686,5.024238874711194e-05,0.9937404455630127,0.0702840697240865,0.0009810192953020134,0.000987198719426387,0.04376691690924876,680752,17164800,0.03965976882923192
VIRAT_S_000207_04_000902_000934,VIRAT_S_000207,True,nvenc_qp45,h264_nvenc,True,300,d1,2.0,298,17164800,17163683,17116328,17116259,1923,19581,17088434,20574,788180,17164800,43707,0.00011203889048754862,0.0011986937768543033,0.00011234931651828825,0.9971760812826249,0.04591839112602535,0.0025463157158836687,0.002553526667635722,0.09820744599356519,447228,17164800,0.02605494966442953
VIRAT_S_000207_04_000902_000934,VIRAT_S_000207,True,x264_crf12,libx264,True,300,d1,0.5,298,17164800,17163683,14880524,14880521,203,19581,17088434,2210473,0,17164800,2827,1.1827298371800505e-05,0.12878780154585703,1.3641995465078138e-05,0.8669209079045489,0.0,0.00016469752050708426,0.00018997986898848456,0.010367192686788214,1634568,17164800,0.09522790827740492
VIRAT_S_000207_04_000902_000934,VIRAT_S_000207,True,x264_crf12,libx264,True,300,d1,1.0,298,17164800,17163683,15901304,15901298,289,19581,17088434,1199639,0,17164800,12540,1.683787797758791e-05,0.06989403148496742,1.8174616940076214e-05,0.9263902870991797,0.0,0.0007305648769574944,0.0007886145689686833,0.014759205352127061,895956,17164800,0.052197287472035794
VIRAT_S_000207_04_000902_000934,VIRAT_S_000207,True,x264_crf12,libx264,True,300,d1,2.0,298,17164800,17163683,16365764,16365732,1443,19581,17088434,774373,0,17164800,46533,8.407286478082822e-05,0.04511694838456292,8.81720414338937e-05,0.9534491517524236,0.0,0.0027109549776286354,0.002843313639375467,0.07369388693120882,589992,17164800,0.034372203579418344
VIRAT_S_000207_04_000902_000934,VIRAT_S_000207,True,x264_crf45,libx264,True,300,d1,0.5,298,17164800,17163683,16941696,16941426,4815,19581,17088434,173798,2293708,17164800,24031,0.00028053419537053906,0.010125915282867902,0.00028421456375632133,0.9870022371364653,0.13362858873974645,0.001400016312453393,0.001418453028551569,0.2459016393442623,1625980,17164800,0.09472758202833706
VIRAT_S_000207_04_000902_000934,VIRAT_S_000207,True,x264_crf45,libx264,True,300,d1,1.0,298,17164800,17163683,17031584,17031303,5296,19581,17088434,92189,1270792,17164800,31486,0.00030855848363081515,0.005371166549743432,0.0003109568304903036,0.9922390007457121,0.07403476882923192,0.0018343353840417599,0.0018486830115155466,0.2704662683213319,747764,17164800,0.04356380499627144
VIRAT_S_000207_04_000902_000934,VIRAT_S_000207,True,x264_crf45,libx264,True,300,d1,2.0,298,17164800,17163683,17099716,17099417,6201,19581,17088434,40563,814696,17164800,46033,0.0003612860945986942,0.0023633039598785414,0.0003626439427730197,0.9962082867263237,0.047463180462341534,0.0026818255965697243,0.002692033013881634,0.3166845411368163,476056,17164800,0.02773443325876212
VIRAT_S_000207_04_000902_000934,VIRAT_S_000207,True,x264_qp24,libx264,True,300,d1,0.5,298,17164800,17163683,16472872,16472870,198,19581,17088434,618119,1959516,17164800,2759,1.1535985604022168e-05,0.03601319134127565,1.2019763404919725e-05,0.9596891312453393,0.11415897651006711,0.00016073592468307234,0.00016748749094875503,0.010111843113222002,1512668,17164800,0.08812616517524235
VIRAT_S_000207_04_000902_000934,VIRAT_S_000207,True,x264_qp24,libx264,True,300,d1,1.0,298,17164800,17163683,16789732,16789730,247,19581,17088434,311100,1071292,17164800,12297,1.4390850728249874e-05,0.01812548041116816,1.4711374155510541e-05,0.9781490026099925,0.062412145786726325,0.0007164079977628635,0.0007324119289098838,0.01261426893417088,683672,17164800,0.039829884414615956
VIRAT_S_000207_04_000902_000934,VIRAT_S_000207,True,x264_qp24,libx264,True,300,d1,2.0,298,17164800,17163683,16992912,16992875,1418,19581,17088434,147663,742268,17164800,46721,8.261630094193653e-05,0.008603223445690531,8.344673870666382e-05,0.9899860178970917,0.04324361483967189,0.002721907624906786,0.0027494404725923374,0.07241713906337777,443132,17164800,0.02581632177479493
VIRAT_S_000207_04_000902_000934,VIRAT_S_000207,True,x264_qp24_bf2_pb1,libx264,True,300,B,0.5,198,11404800,11404082,11213892,11213719,1475,12579,11354067,146784,1443196,11404800,6005,0.00012933965224031185,0.012871180687757243,0.00013153530956143988,0.9832607323232323,0.12654285914702582,0.0005265326879910214,0.0005354965073678256,0.11725892360283012,1001304,11404800,0.08779671717171718
VIRAT_S_000207_04_000902_000934,VIRAT_S_000207,True,x264_qp24_bf2_pb1,libx264,True,300,B,1.0,198,11404800,11404082,11311068,11310890,1519,12579,11354067,53946,794424,11404800,10309,0.00013319791983256522,0.00473041144390228,0.00013429535606835537,0.9917813552188552,0.06965698653198653,0.0009039176487093154,0.0009114081888642169,0.12075681691708402,448068,11404800,0.03928766835016835
VIRAT_S_000207_04_000902_000934,VIRAT_S_000207,True,x264_qp24_bf2_pb1,libx264,True,300,B,2.0,198,11404800,11404082,11355488,11355292,1906,12579,11354067,24851,528592,11404800,24015,0.0001671331370644301,0.002179131998524739,0.00016785125384710493,0.9956762065095398,0.046348204264870935,0.00210569234006734,0.0021148364561699154,0.15152237856745368,301716,11404800,0.026455176767676766
VIRAT_S_000207_04_000902_000934,VIRAT_S_000207,True,x264_qp24_bf2_pb1,libx264,True,300,dgt1,0.5,99,5702400,5702010,5446664,5446663,49,6827,5677059,231039,679080,5702400,591,8.593460902383546e-06,0.040518869661750855,8.99633408565942e-06,0.9551529180695847,0.11908670033670034,0.00010364057239057239,0.00010850678507064141,0.007177383916800937,544784,5702400,0.09553591470258137
VIRAT_S_000207_04_000902_000934,VIRAT_S_000207,True,x264_qp24_bf2_pb1,libx264,True,300,dgt1,1.0,99,5702400,5702010,5545532,5545531,64,6827,5677059,132307,369304,5702400,944,1.122411219903157e-05,0.02320357207370734,1.1540824494534428e-05,0.9724908810325477,0.06476290684624018,0.0001655443322109989,0.00017022713059811032,0.009374542258678776,251360,5702400,0.04407968574635241
VIRAT_S_000207_04_000902_000934,VIRAT_S_000207,True,x264_qp24_bf2_pb1,libx264,True,300,dgt1,2.0,99,5702400,5702010,5606796,5606794,96,6827,5677059,71489,279456,5702400,1996,1.6836168298547356e-05,0.012537508703071373,1.7122084385479473e-05,0.9832344276094276,0.049006734006734005,0.0003500280583613917,0.00035599654419386757,0.014061813388018164,181088,5702400,0.03175645342312009
VIRAT_S_000207_04_000902_000934,VIRAT_S_000207,True,x264_qp24_bf2_pb1,libx264,True,300,d1,0.5,1,57600,57591,55508,55508,10,175,57308,1820,7224,57600,20,0.00017363824208643713,0.03160216005973156,0.0001801542120054767,0.9636805555555555,0.12541666666666668,0.00034722222222222224,0.0003603084240109534,0.05714285714285714,6348,57600,0.11020833333333334
VIRAT_S_000207_04_000902_000934,VIRAT_S_000207,True,x264_qp24_bf2_pb1,libx264,True,300,d1,1.0,1,57600,57591,56596,56596,10,175,57308,732,3572,57600,32,0.00017363824208643713,0.012710319320727198,0.0001766909322213584,0.9825694444444445,0.06201388888888889,0.0005555555555555556,0.0005654109831083469,0.05714285714285714,2692,57600,0.04673611111111111
VIRAT_S_000207_04_000902_000934,VIRAT_S_000207,True,x264_qp24_bf2_pb1,libx264,True,300,d1,2.0,1,57600,57591,57212,57212,44,175,57308,214,2372,57600,143,0.0007640082651803233,0.003715858380649754,0.0007690694259945466,0.9932638888888888,0.041180555555555554,0.002482638888888889,0.0024994756344822763,0.25142857142857145,1760,57600,0.030555555555555555
VIRAT_S_000207_05_001125_001193,VIRAT_S_000207,True,nvenc_qp18,h264_nvenc,True,300,d1,0.5,298,17164800,17163484,15551112,15551093,1749,62631,17011101,1468607,1593916,17164800,4881,0.00010190238765043275,0.08556578606068559,0.00011246797893884372,0.9059885346756152,0.0928595730797912,0.0002843610178970917,0.00031386823013042413,0.027925468218613785,0,17164800,0.0
VIRAT_S_000207_05_001125_001193,VIRAT_S_000207,True,nvenc_qp18,h264_nvenc,True,300,d1,1.0,298,17164800,17163484,16348048,16348024,2992,62631,17011101,687076,905660,17164800,11517,0.00017432358138941954,0.04003126637925027,0.00018301906089690105,0.9524170395227443,0.05276263049962714,0.0006709661633109619,0.0007044877773786816,0.047771870160144336,0,17164800,0.0
VIRAT_S_000207_05_001125_001193,VIRAT_S_000207,True,nvenc_qp18,h264_nvenc,True,300,d1,2.0,298,17164800,17163484,16624372,16624274,8806,62631,17011101,463301,629768,17164800,47278,0.000513065995225678,0.02699341229321506,0.0005297073424078549,0.9685153337061894,0.03668950410141685,0.002754357755406413,0.0028438969002859177,0.14060129967587937,0,17164800,0.0
VIRAT_S_000207_05_001125_001193,VIRAT_S_000207,True,nvenc_qp23,h264_nvenc,True,300,d1,0.5,298,17164800,17163484,16560264,16560245,1793,62631,17011101,459630,2031140,17164800,5014,0.00010446596972968892,0.026779527979284394,0.00010827134501935207,0.96478048098434,0.11833170208799404,0.0002921094332587621,0.0003027729509626175,0.02862799572096885,1356536,17164800,0.07903010812826249
VIRAT_S_000207_05_001125_001193,VIRAT_S_000207,True,nvenc_qp23,h264_nvenc,True,300,d1,1.0,298,17164800,17163484,16835492,16835467,2928,62631,17011101,199644,1165304,17164800,11605,0.0001705947347286833,0.011631904105250427,0.00017391854945277135,0.9808149235645041,0.06788916853094705,0.0006760929343773304,0.0006893175441501798,0.046750011974900606,630580,17164800,0.03673681021625653
VIRAT_S_000207_05_001125_001193,VIRAT_S_000207,True,nvenc_qp23,h264_nvenc,True,300,d1,2.0,298,17164800,17163484,16961344,16961243,8669,62631,17011101,127329,796420,17164800,48294,0.0005050839328425395,0.007418598694763837,0.0005111064088876034,0.9881469052945563,0.04639844332587621,0.0028135486577181208,0.002847297949973776,0.138413884498092,432156,17164800,0.02517687360178971
VIRAT_S_000207_05_001125_001193,VIRAT_S_000207,True,nvenc_qp28,h264_nvenc,True,300,d1,0.5,298,17164800,17163484,16809112,16809098,1690,62631,17011101,210345,2077044,17164800,5129,9.846485713506652e-05,0.012255378919571342,0.00010054079046954215,0.979278057419836,0.12100601230425057,0.00029880919090231173,0.0003051321211971221,0.026983442704092222,1389728,17164800,0.08096383296047725
VIRAT_S_000207_05_001125_001193,VIRAT_S_000207,True,nvenc_qp28,h264_nvenc,True,300,d1,1.0,298,17164800,17163484,16893940,16893915,2686,62631,17011101,140482,1181080,17164800,11784,0.00015649503329277437,0.008184934946774209,0.00015899215782724135,0.9842200316927666,0.06880825876211782,0.0006865212527964206,0.0006975282260976421,0.042886110711947756,639596,17164800,0.03726207121551081
VIRAT_S_000207_05_001125_001193,VIRAT_S_000207,True,nvenc_qp28,h264_nvenc,True,300,d1,2.0,298,17164800,17163484,16992696,16992599,7766,62631,17011101,95099,819444,17164800,48515,0.00045247223698871396,0.0055407748217086925,0.00045702249549936416,0.9899734340044742,0.04773979306487696,0.0028264238441461594,0.0028550501933301223,0.12399610416566875,453580,17164800,0.02642500932140194
VIRAT_S_000207_05_001125_001193,VIRAT_S_000207,True,nvenc_qp28_bf2_bqeq,h264_nvenc,True,300,B,0.5,198,11404800,11403968,11166492,11166304,5899,41094,11303203,153242,1403276,11404800,11955,0.0005172760919707947,0.01343760347275615,0.0005282858141780843,0.9791045875420875,0.1230425785634119,0.001048242845117845,0.0010706137612421162,0.14354893658441623,959724,11404800,0.08415088383838384
VIRAT_S_000207_05_001125_001193,VIRAT_S_000207,True,nvenc_qp28_bf2_bqeq,h264_nvenc,True,300,B,1.0,198,11404800,11403968,11242420,11242227,6417,41094,11303203,83078,787384,11404800,14868,0.0005626988781448702,0.007285008165578858,0.0005707943808642184,0.985762135241302,0.06903970258136925,0.001303661616161616,0.001322491065090968,0.15615418309242224,451752,11404800,0.039610690235690235
VIRAT_S_000207_05_001125_001193,VIRAT_S_000207,True,nvenc_qp28_bf2_bqeq,h264_nvenc,True,300,B,2.0,198,11404800,11403968,11294816,11294592,8521,41094,11303203,52736,540928,11404800,28969,0.000747196063685903,0.0046243553121159235,0.0007544318555287345,0.9903563411896745,0.047429854096520764,0.002540070847362514,0.0025648049512271825,0.20735387161142746,330804,11404800,0.02900568181818182
VIRAT_S_000207_05_001125_001193,VIRAT_S_000207,True,nvenc_qp28_bf2_bqeq,h264_nvenc,True,300,dgt1,0.5,99,5702400,5701922,5537448,5537446,286,20843,5651350,115464,736012,5702400,1162,5.015852549368441e-05,0.020250013942667053,5.164835918941693e-05,0.9710732323232323,0.1290705667789001,0.00020377384960718295,0.0002098439569996865,0.013721633162212733,501144,5702400,0.08788299663299663
VIRAT_S_000207_05_001125_001193,VIRAT_S_000207,True,nvenc_qp28_bf2_bqeq,h264_nvenc,True,300,dgt1,1.0,99,5702400,5701922,5568084,5568082,375,20843,5651350,85184,446788,5702400,1491,6.576729741304774e-05,0.014939523900888157,6.734814609411283e-05,0.9764457070707071,0.07835086980920314,0.0002614688552188552,0.0002677761326876534,0.017991651873530683,251556,5702400,0.04411405723905724
VIRAT_S_000207_05_001125_001193,VIRAT_S_000207,True,nvenc_qp28_bf2_bqeq,h264_nvenc,True,300,dgt1,2.0,99,5702400,5701922,5579316,5579313,439,20843,5651350,75056,355112,5702400,2309,7.69915828382079e-05,0.013163280732356564,7.86835225053694e-05,0.9784154040404041,0.062274130190796854,0.0004049172278338945,0.0004138500131557345,0.02106222712661325,206272,5702400,0.03617283950617284
VIRAT_S_000207_05_001125_001193,VIRAT_S_000207,True,nvenc_qp28_bf2_bqeq,h264_nvenc,True,300,d1,0.5,1,57600,57594,55344,55344,15,694,56548,1227,6768,57600,9,0.00026044379622877385,0.0213043025315137,0.0002710320901994796,0.9608333333333333,0.1175,0.00015625,0.00016261925411968777,0.021613832853025938,4992,57600,0.08666666666666667
VIRAT_S_000207_05_001125_001193,VIRAT_S_000207,True,nvenc_qp28_bf2_bqeq,h264_nvenc,True,300,d1,1.0,1,57600,57594,55684,55684,15,694,56548,889,4044,57600,9,0.00026044379622877385,0.015435635656491996,0.0002693771999137993,0.9667361111111111,0.07020833333333333,0.00015625,0.00016162631994827957,0.021613832853025938,2136,57600,0.037083333333333336
VIRAT_S_000207_05_001125_001193,VIRAT_S_000207,True,nvenc_qp28_bf2_bqeq,h264_nvenc,True,300,d1,2.0,1,57600,57594,56396,56396,90,694,56548,495,2596,57600,299,0.001562662777372643,0.008594645275549536,0.0015958578622597348,0.9790972222222222,0.04506944444444445,0.005190972222222222,0.005301794453507341,0.12968299711815562,1576,57600,0.02736111111111111
VIRAT_S_000207_05_001125_001193,VIRAT_S_000207,True,nvenc_qp45,h264_nvenc,True,300,d1,0.5,298,17164800,17163484,16953952,16953833,10375,62631,17011101,91733,2160404,17164800,17499,0.00060448100164279,0.005344660792645596,0.0006119560101836558,0.9877162565249814,0.12586246271439225,0.0010194700782997764,0.0010321487285088456,0.16565279174849515,1467144,17164800,0.08547399328859061
VIRAT_S_000207_05_001125_001193,VIRAT_S_000207,True,nvenc_qp45,h264_nvenc,True,300,d1,1.0,298,17164800,17163484,16976784,16976655,11175,62631,17011101,77113,1245884,17164800,22757,0.0006510915849019931,0.004492852383583659,0.0006582568827604731,0.9890464205816555,0.07258365958240119,0.0013257946495152872,0.0013404776782222122,0.17842601906404176,702032,17164800,0.04089951528709918
VIRAT_S_000207_05_001125_001193,VIRAT_S_000207,True,nvenc_qp45,h264_nvenc,True,300,d1,2.0,298,17164800,17163484,17050076,17049876,17869,62631,17011101,45908,867936,17164800,53198,0.001041105640323375,0.002674748320329369,0.001048042812745383,0.9933163217747949,0.050564876957494405,0.0030992496271439224,0.00312010339426053,0.28530599862687805,503528,17164800,0.02933491797166294
VIRAT_S_000207_05_001125_001193,VIRAT_S_000207,True,x264_crf12,libx264,True,300,d1,0.5,298,17164800,17163484,14858084,14858058,1884,62631,17011101,2162098,0,17164800,5927,0.00010976792357542326,0.1259708110544456,0.00012679988192265774,0.8656135812826249,0.0,0.0003452996830723341,0.000398907423056701,0.030080950328112276,1593916,17164800,0.0928595730797912
VIRAT_S_000207_05_001125_001193,VIRAT_S_000207,True,x264_crf12,libx264,True,300,d1,1.0,298,17164800,17163484,15804524,15804489,3016,62631,17011101,1230721,0,17164800,12836,0.00017572189888719563,0.0717057795491871,0.0001908318579613678,0.9207520041014169,0.0,0.0007478094705443698,0.0008121725146546647,0.048155066979610736,905660,17164800,0.05276263049962714
VIRAT_S_000207_05_001125_001193,VIRAT_S_000207,True,x264_crf12,libx264,True,300,d1,2.0,298,17164800,17163484,16264508,16264388,9128,62631,17011101,827190,0,17164800,51057,0.0005318267549875072,0.04819476045772525,0.0005612261586479615,0.9475501025354214,0.0,0.0029745176174496646,0.0031391665828440674,0.14574252367038687,629768,17164800,0.03668950410141685
VIRAT_S_000207_05_001125_001193,VIRAT_S_000207,True,x264_crf45,libx264,True,300,d1,0.5,298,17164800,17163484,16903832,16903511,30063,62631,17011101,181609,2272564,17164800,43189,0.001751567455651778,0.010581126768900766,0.0017785062523401204,0.9847963273676361,0.13239676547352722,0.0025161376771066367,0.0025549827991664846,0.4800019159840973,1584976,17164800,0.09233873974645787
VIRAT_S_000207_05_001125_001193,VIRAT_S_000207,True,x264_crf45,libx264,True,300,d1,1.0,298,17164800,17163484,16966004,16965659,32062,62631,17011101,129980,1345008,17164800,50120,0.0018680356505707115,0.007573054515039021,0.0018898175426017934,0.9884183911260254,0.07835850111856824,0.0029199291573452648,0.0029541428847947933,0.5119190177388194,805748,17164800,0.04694188105891126
VIRAT_S_000207_05_001125_001193,VIRAT_S_000207,True,x264_crf45,libx264,True,300,d1,2.0,298,17164800,17163484,17053684,17053276,39080,62631,17011101,68731,916656,17164800,70373,0.0022769269922120706,0.004004489997485359,0.0022916417936354283,0.993526519388516,0.05340324384787472,0.004099843866517524,0.004126557053596162,0.6239721543644521,557312,17164800,0.032468307233407906
VIRAT_S_000207_05_001125_001193,VIRAT_S_000207,True,x264_qp24,libx264,True,300,d1,0.5,298,17164800,17163484,16517956,16517931,1888,62631,17011101,502165,1951696,17164800,5737,0.00011000097649171928,0.029257754427947147,0.00011430002946494933,0.9623156692766592,0.11370339299030574,0.0003342305182699478,0.00034731900242378655,0.03014481646469001,1397836,17164800,0.08143619500372856
VIRAT_S_000207_05_001125_001193,VIRAT_S_000207,True,x264_qp24,libx264,True,300,d1,1.0,298,17164800,17163484,16765636,16765598,2841,62631,17011101,269144,1109832,17164800,12498,0.00016552583379924495,0.015681198525893694,0.00016945414055615554,0.9767451994780015,0.0646574384787472,0.0007281180089485458,0.0007454533785655373,0.04536092350433491,650244,17164800,0.03788241051454139
VIRAT_S_000207_05_001125_001193,VIRAT_S_000207,True,x264_qp24,libx264,True,300,d1,2.0,298,17164800,17163484,16946296,16946179,8126,62631,17011101,144174,786116,17164800,50322,0.0004734469994553553,0.008400042788515432,0.000479518126180539,0.9872702274422073,0.04579814504101417,0.0029316974272930647,0.0029694984673937007,0.12974405645766474,454012,17164800,0.026450177106636837
VIRAT_S_000207_05_001125_001193,VIRAT_S_000207,True,x264_qp24_bf2_pb1,libx264,True,300,B,0.5,198,11404800,11403968,11180784,11180581,5922,41094,11303203,139619,1379464,11404800,12138,0.0005192929338279448,0.012243019271888521,0.0005296683598106396,0.9803577441077441,0.12095468574635242,0.0010642887205387205,0.00108561260104837,0.14410862899693386,938688,11404800,0.0823063973063973
VIRAT_S_000207_05_001125_001193,VIRAT_S_000207,True,x264_qp24_bf2_pb1,libx264,True,300,B,1.0,198,11404800,11403968,11260568,11260359,6381,41094,11303203,66408,766004,11404800,15282,0.0005595420821945484,0.0058232362630270445,0.0005666782027109438,0.9873533950617284,0.06716505331088664,0.0013399621212121212,0.001357125146795437,0.15527814279456856,430564,11404800,0.03775287598204265
VIRAT_S_000207_05_001125_001193,VIRAT_S_000207,True,x264_qp24_bf2_pb1,libx264,True,300,B,2.0,198,11404800,11403968,11314276,11314018,8614,41094,11303203,35280,521436,11404800,29993,0.0007553511198909012,0.003093660031315416,0.0007613563987612535,0.9920626402918069,0.045720749158249155,0.002629857603815937,0.002650898740670636,0.2096169757142162,311120,11404800,0.027279741863075198
VIRAT_S_000207_05_001125_001193,VIRAT_S_000207,True,x264_qp24_bf2_pb1,libx264,True,300,dgt1,0.5,99,5702400,5701922,5424604,5424601,384,20843,5651350,228608,698272,5702400,1448,6.734571255096089e-05,0.04009314753867205,7.078861652681921e-05,0.9512843714927048,0.12245230078563411,0.00025392817059483725,0.0002669319271968977,0.018423451518495417,525324,5702400,0.0921233164983165
VIRAT_S_000207_05_001125_001193,VIRAT_S_000207,True,x264_qp24_bf2_pb1,libx264,True,300,dgt1,1.0,99,5702400,5701922,5520864,5520861,487,20843,5651350,132809,419864,5702400,1894,8.5409796907078e-05,0.02329197067234522,8.821087870170975e-05,0.9681649831649831,0.07362934904601572,0.0003321408529741863,0.0003430622453297165,0.023365158566425178,257232,5702400,0.045109427609427606
VIRAT_S_000207_05_001125_001193,VIRAT_S_000207,True,x264_qp24_bf2_pb1,libx264,True,300,dgt1,2.0,99,5702400,5701922,5572708,5572704,648,20843,5651350,82274,341072,5702400,2814,0.0001136458899297465,0.014429169672962906,0.00011628107288669917,0.977256593714927,0.05981200897867565,0.0004934764309764309,0.0005049609633233968,0.031089574437461017,200376,5702400,0.035138888888888886
VIRAT_S_000207_05_001125_001193,VIRAT_S_000207,True,x264_qp24_bf2_pb1,libx264,True,300,d1,0.5,1,57600,57594,54580,54580,9,694,56548,1983,7004,57600,6,0.0001562662777372643,0.0344306698614439,0.00016489556614144376,0.9475694444444445,0.12159722222222222,0.00010416666666666667,0.00010993037742762916,0.012968299711815562,5100,57600,0.08854166666666667
VIRAT_S_000207_05_001125_001193,VIRAT_S_000207,True,x264_qp24_bf2_pb1,libx264,True,300,d1,1.0,1,57600,57594,55688,55688,17,694,56548,884,4000,57600,11,0.0002951696357259437,0.015348821057749071,0.0003052722310012929,0.9668055555555556,0.06944444444444445,0.00019097222222222223,0.0001975290906478954,0.024495677233429394,2220,57600,0.03854166666666667
VIRAT_S_000207_05_001125_001193,VIRAT_S_000207,True,x264_qp24_bf2_pb1,libx264,True,300,d1,2.0,1,57600,57594,56468,56468,96,694,56548,418,2492,57600,288,0.0016668402958641526,0.007257700454908498,0.001700077920238011,0.9803472222222223,0.043263888888888886,0.005,0.005100233760714033,0.138328530259366,1536,57600,0.02666666666666667
VIRAT_S_010000_00_000000_000165,VIRAT_S_010000,True,nvenc_qp18,h264_nvenc,True,300,d1,0.5,298,17164800,17163150,16302604,16302524,1258,26252,17061742,771596,248972,17164800,44241,7.329656852034737e-05,0.04495654935137198,7.716596522109092e-05,0.9497695283370619,0.014504800521998509,0.002577425894854586,0.002713738246969625,0.04792015846411702,0,17164800,0.0
VIRAT_S_010000_00_000000_000165,VIRAT_S_010000,True,nvenc_qp18,h264_nvenc,True,300,d1,1.0,298,17164800,17163150,16656416,16656301,1941,26252,17061742,434364,225028,17164800,77145,0.00011309112837678398,0.025307941723984234,0.00011653247620825297,0.970382177479493,0.013109852721849367,0.004494372203579418,0.004631548587643344,0.0739372238305653,0,17164800,0.0
VIRAT_S_010000_00_000000_000165,VIRAT_S_010000,True,nvenc_qp18,h264_nvenc,True,300,d1,2.0,298,17164800,17163150,16814612,16814417,5187,26252,17061742,311407,211556,17164800,109346,0.00030221725032992196,0.01814393045565645,0.00030848527189494585,0.9795984806114839,0.01232499067859806,0.006370362602535421,0.006503034384617379,0.19758494590888312,0,17164800,0.0
VIRAT_S_010000_00_000000_000165,VIRAT_S_010000,True,nvenc_qp23,h264_nvenc,True,300,d1,0.5,298,17164800,17163150,16478352,16478278,1073,26252,17061742,595182,153912,17164800,41770,6.251766138500217e-05,0.034677900035832585,6.511602729362862e-05,0.9600083892617449,0.008966722595078299,0.0024334684936614466,0.0025348408627270495,0.04087307633704099,297804,17164800,0.01734969239373602
VIRAT_S_010000_00_000000_000165,VIRAT_S_010000,True,nvenc_qp23,h264_nvenc,True,300,d1,1.0,298,17164800,17163150,16826160,16826057,1703,26252,17061742,263733,95084,17164800,75173,9.922421000806962e-05,0.015366235219059438,0.00010121206649900211,0.9802712527964206,0.005539476137211037,0.004379485924683072,0.004467626600484009,0.06487124790492153,249424,17164800,0.014531133482475764
VIRAT_S_010000_00_000000_000165,VIRAT_S_010000,True,nvenc_qp23,h264_nvenc,True,300,d1,2.0,298,17164800,17163150,16983572,16983385,4974,26252,17061742,141821,64444,17164800,108081,0.0002898069410335515,0.008263110209955632,0.00029287447702563415,0.9894418810589113,0.0037544276659209545,0.006296665268456376,0.00636385561294173,0.1894712783787902,218248,17164800,0.01271485831469053
VIRAT_S_010000_00_000000_000165,VIRAT_S_010000,True,nvenc_qp28,h264_nvenc,True,300,d1,0.5,298,17164800,17163150,16513652,16513583,1039,26252,17061742,559630,277980,17164800,39310,6.0536673046614404e-05,0.032606485406233704,6.291790218997295e-05,0.9620649235645041,0.016194770693512304,0.0022901519388516035,0.0023804546686583923,0.03957793691909188,445136,17164800,0.025933072334079047
VIRAT_S_010000_00_000000_000165,VIRAT_S_010000,True,nvenc_qp28,h264_nvenc,True,300,d1,1.0,298,17164800,17163150,16856512,16856426,1593,26252,17061742,232916,150820,17164800,73106,9.281513008975625e-05,0.013570702347762503,9.450401882344454e-05,0.9820395227442207,0.008786586502609993,0.004259065063385533,0.004336958915343815,0.06068109096449794,330760,17164800,0.019269668158090978
VIRAT_S_010000_00_000000_000165,VIRAT_S_010000,True,nvenc_qp28,h264_nvenc,True,300,d1,2.0,298,17164800,17163150,17008160,17007988,4721,26252,17061742,116141,94280,17164800,106617,0.0002750660572214308,0.00676688137084393,0.00027757545454524076,0.9908743475018643,0.005492636092468307,0.0062113744407158835,0.006268579317221851,0.17983391741581595,273788,17164800,0.015950549962714392
VIRAT_S_010000_00_000000_000165,VIRAT_S_010000,True,nvenc_qp28_bf2_bqeq,h264_nvenc,True,300,B,0.5,198,11404800,11403625,10942220,10941870,3493,17929,11340640,415327,459344,11404800,36470,0.0003063061088031218,0.03642061186684059,0.00031923245295365415,0.9594398849607183,0.04027637485970819,0.003197776374859708,0.003332961684192056,0.19482402811088181,581336,11404800,0.05097292368125701
VIRAT_S_010000_00_000000_000165,VIRAT_S_010000,True,nvenc_qp28_bf2_bqeq,h264_nvenc,True,300,B,1.0,198,11404800,11403625,11192820,11192440,4045,17929,11340640,170889,222256,11404800,50914,0.00035471176928388997,0.0149854980324239,0.00036140466243285646,0.9814130892255892,0.019487934904601573,0.004464260662177329,0.004548808968606661,0.22561213676167102,350704,11404800,0.030750561167227835
VIRAT_S_010000_00_000000_000165,VIRAT_S_010000,True,nvenc_qp28_bf2_bqeq,h264_nvenc,True,300,B,2.0,198,11404800,11403625,11307680,11307194,6914,17929,11340640,73269,126652,11404800,68405,0.0006062984358044043,0.006425062206096745,0.0006114691231087041,0.9914842873176206,0.011105148709315376,0.005997913159371493,0.006049428353119296,0.38563221596296504,255008,11404800,0.022359708193041526
VIRAT_S_010000_00_000000_000165,VIRAT_S_010000,True,nvenc_qp28_bf2_bqeq,h264_nvenc,True,300,dgt1,0.5,99,5702400,5701925,5248016,5248010,164,8323,5663502,418593,333860,5702400,11153,2.8762216269067027e-05,0.07341257557754619,3.124994045361956e-05,0.9203170594837261,0.058547278338945005,0.0019558431537598205,0.0021251840695607634,0.019704433497536946,375800,5702400,0.06590207631874298
VIRAT_S_010000_00_000000_000165,VIRAT_S_010000,True,nvenc_qp28_bf2_bqeq,h264_nvenc,True,300,dgt1,1.0,99,5702400,5701925,5485216,5485208,192,8323,5663502,185540,173672,5702400,19764,3.3672838558907736e-05,0.032539887844894484,3.500323050648216e-05,0.9619135802469135,0.03045594837261504,0.003465909090909091,0.0036031397851971556,0.023068605070287157,223756,5702400,0.039238916947250284
VIRAT_S_010000_00_000000_000165,VIRAT_S_010000,True,nvenc_qp28_bf2_bqeq,h264_nvenc,True,300,dgt1,2.0,99,5702400,5701925,5562756,5562746,303,8323,5663502,110783,121312,5702400,25544,5.313994835077627e-05,0.01942905246912227,5.446950121396878e-05,0.9755113636363636,0.02127384960718294,0.004479517396184063,0.0045919684415422855,0.03640514237654692,171744,5702400,0.030117845117845116
VIRAT_S_010000_00_000000_000165,VIRAT_S_010000,True,nvenc_qp28_bf2_bqeq,h264_nvenc,True,300,d1,0.5,1,57600,57600,57492,57492,0,0,57600,108,124,57600,0,0.0,0.001875,0.0,0.998125,0.0021527777777777778,0.0,0.0,,660,57600,0.011458333333333333
VIRAT_S_010000_00_000000_000165,VIRAT_S_010000,True,nvenc_qp28_bf2_bqeq,h264_nvenc,True,300,d1,1.0,1,57600,57600,57540,57540,0,0,57600,60,60,57600,0,0.0,0.0010416666666666667,0.0,0.9989583333333333,0.0010416666666666667,0.0,0.0,,612,57600,0.010625
VIRAT_S_010000_00_000000_000165,VIRAT_S_010000,True,nvenc_qp28_bf2_bqeq,h264_nvenc,True,300,d1,2.0,1,57600,57600,57572,57572,0,0,57600,28,28,57600,0,0.0,0.0004861111111111111,0.0,0.9995138888888889,0.0004861111111111111,0.0,0.0,,572,57600,0.009930555555555555
VIRAT_S_010000_00_000000_000165,VIRAT_S_010000,True,nvenc_qp45,h264_nvenc,True,300,d1,0.5,298,17164800,17163150,16853524,16853364,3976,26252,17061742,240391,548588,17164800,55877,0.0002316591068655812,0.014006228460393342,0.00023591729223910432,0.9818654455630127,0.03196005779269202,0.003255324850857569,0.003315449041992642,0.15145512722840165,732632,17164800,0.04268223340790455
VIRAT_S_010000_00_000000_000165,VIRAT_S_010000,True,nvenc_qp45,h264_nvenc,True,300,d1,1.0,298,17164800,17163150,17002340,17002164,4790,26252,17061742,101537,254744,17164800,80973,0.00027908629826110007,0.0059159886151434905,0.00028172884345780926,0.9905352815063385,0.01484107009694258,0.004717386744966443,0.004762462108156877,0.1824622885875362,449140,17164800,0.026166340417598806
VIRAT_S_010000_00_000000_000165,VIRAT_S_010000,True,nvenc_qp45,h264_nvenc,True,300,d1,2.0,298,17164800,17163150,17077820,17077565,7449,26252,17061742,49566,142324,17164800,108376,0.0004340112391956022,0.0028879314111920013,0.0004361863064201483,0.9949326528709918,0.008291620059656972,0.006313851603281134,0.006346009033939929,0.2837498095383209,334728,17164800,0.019500838926174498
VIRAT_S_010000_00_000000_000165,VIRAT_S_010000,True,x264_crf12,libx264,True,300,d1,0.5,298,17164800,17163150,16491784,16491663,1489,26252,17061742,583340,0,17164800,47775,8.675563634880543e-05,0.0339879334504447,9.028804432882239e-05,0.9607909209545116,0.0,0.002783312360178971,0.002896897024603281,0.05671948803900655,248972,17164800,0.014504800521998509
VIRAT_S_010000_00_000000_000165,VIRAT_S_010000,True,x264_crf12,libx264,True,300,d1,1.0,298,17164800,17163150,16856004,16855836,2226,26252,17061742,235961,0,17164800,80403,0.00012969647180150498,0.013748117332773995,0.0001320610855492424,0.9820099272930649,0.0,0.004684179250559284,0.004769991748934089,0.08479353953984459,225028,17164800,0.013109852721849367
VIRAT_S_010000_00_000000_000165,VIRAT_S_010000,True,x264_crf12,libx264,True,300,d1,2.0,298,17164800,17163150,17011416,17011138,5681,26252,17061742,116243,0,17164800,112400,0.00033099984559943835,0.006772824335859093,0.0003339576693810843,0.9910640380313199,0.0,0.006548284862043252,0.006607327691004676,0.21640255980496725,211556,17164800,0.01232499067859806
VIRAT_S_010000_00_000000_000165,VIRAT_S_010000,True,x264_crf45,libx264,True,300,d1,0.5,298,17164800,17163150,16707964,16707693,5927,26252,17061742,394172,704220,17164800,73259,0.0003453328788713028,0.02296618045055832,0.00035474676246445276,0.9733853001491425,0.041026985458612976,0.00426797865398956,0.004384675475719244,0.22577327441718725,887472,17164800,0.051703020134228186
VIRAT_S_010000_00_000000_000165,VIRAT_S_010000,True,x264_crf45,libx264,True,300,d1,1.0,298,17164800,17163150,17004076,17003754,7213,26252,17061742,111597,299304,17164800,96916,0.0004202608495526754,0.006502128105854694,0.00042420044420779084,0.9906364187173751,0.01743708053691275,0.005646206189410887,0.005699574619638256,0.2747600182843212,494868,17164800,0.028830397091722595
VIRAT_S_010000_00_000000_000165,VIRAT_S_010000,True,x264_crf45,libx264,True,300,d1,2.0,298,17164800,17163150,17085668,17085256,10119,26252,17061742,47533,150340,17164800,116260,0.0005895770881219356,0.0027694799614289916,0.0005922650500525132,0.9953898676360925,0.008758622296793438,0.006773163683818046,0.006804533483853251,0.38545634618314795,344392,17164800,0.020063851603281134
VIRAT_S_010000_00_000000_000165,VIRAT_S_010000,True,x264_qp24,libx264,True,300,d1,0.5,298,17164800,17163150,16457544,16457444,1311,26252,17061742,616416,213088,17164800,43436,7.638457975371654e-05,0.03591508551751864,7.966000066596004e-05,0.9587961409395973,0.012414243102162565,0.002530527591349739,0.002639275945426608,0.04993905226268475,395972,17164800,0.02306883855331842
VIRAT_S_010000_00_000000_000165,VIRAT_S_010000,True,x264_qp24,libx264,True,300,d1,1.0,298,17164800,17163150,16839568,16839422,2100,26252,17061742,251212,91364,17164800,77827,0.00012235516207689148,0.014636707131266696,0.00012470736822202093,0.9810523862788963,0.005322753542132737,0.004534104679343774,0.004621674380245384,0.07999390522626848,284088,17164800,0.016550615212527965
VIRAT_S_010000_00_000000_000165,VIRAT_S_010000,True,x264_qp24,libx264,True,300,d1,2.0,298,17164800,17163150,17007140,17006891,5640,26252,17061742,120049,46732,17164800,111437,0.00032861100672079425,0.006994578501032736,0.00033163027857355,0.9908149235645041,0.002722548471290082,0.0064921816741237886,0.0065523656534843605,0.2148407740362639,237072,17164800,0.013811521252796421
VIRAT_S_010000_00_000000_000165,VIRAT_S_010000,True,x264_qp24_bf2_pb1,libx264,True,300,B,0.5,198,11404800,11403625,11060200,11059764,3953,17929,11340640,298293,367228,11404800,37308,0.00034664415920376195,0.02615773493077859,0.0003574217316029528,0.9697846520763187,0.03219942480359147,0.0032712542087542087,0.0033731758919368546,0.22048078531987284,490356,11404800,0.04299558080808081
VIRAT_S_010000_00_000000_000165,VIRAT_S_010000,True,x264_qp24_bf2_pb1,libx264,True,300,B,1.0,198,11404800,11403625,11253132,11252676,4510,17929,11340640,111623,173048,11404800,52069,0.0003954882767541023,0.00978837869537099,0.0004007935534623053,0.9867013888888889,0.015173260381593714,0.004565533810325477,0.004627067379996965,0.25154777176641197,301528,11404800,0.026438692480359148
VIRAT_S_010000_00_000000_000165,VIRAT_S_010000,True,x264_qp24_bf2_pb1,libx264,True,300,B,2.0,198,11404800,11403625,11333268,11332741,6956,17929,11340640,48669,105640,11404800,69371,0.0006099814751888106,0.004267853423801642,0.0006137967857908339,0.993727904040404,0.009262766554433222,0.006082614337822671,0.006121005874033862,0.3879747894472642,233316,11404800,0.020457702020202022
VIRAT_S_010000_00_000000_000165,VIRAT_S_010000,True,x264_qp24_bf2_pb1,libx264,True,300,dgt1,0.5,99,5702400,5701925,5207800,5207790,253,8323,5663502,459142,349796,5702400,12438,4.437097997606072e-05,0.080524033550073,4.8581067977011364e-05,0.9132645903479237,0.0613418911335578,0.002181186868686869,0.002388340566073966,0.030397693139492973,388408,5702400,0.06811307519640852
VIRAT_S_010000_00_000000_000165,VIRAT_S_010000,True,x264_qp24_bf2_pb1,libx264,True,300,dgt1,1.0,99,5702400,5701925,5468864,5468852,286,8323,5663502,202217,180912,5702400,21764,5.015849910337299e-05,0.035464689556597116,5.229616745891094e-05,0.9590460157126823,0.031725589225589226,0.003816638608305275,0.003979619899123475,0.034362609635948574,224892,5702400,0.039438131313131314
VIRAT_S_010000_00_000000_000165,VIRAT_S_010000,True,x264_qp24_bf2_pb1,libx264,True,300,dgt1,2.0,99,5702400,5701925,5556824,5556808,379,8323,5663502,117495,123204,5702400,27692,6.646878028034392e-05,0.020606198783744086,6.82046239495768e-05,0.9744710998877666,0.021605639730639732,0.004856200897867565,0.00498342218504671,0.04553646521686892,167972,5702400,0.029456369248035914
VIRAT_S_010000_00_000000_000165,VIRAT_S_010000,True,x264_qp24_bf2_pb1,libx264,True,300,d1,0.5,1,57600,57600,57360,57360,0,0,57600,240,224,57600,0,0.0,0.004166666666666667,0.0,0.9958333333333333,0.0038888888888888888,0.0,0.0,,760,57600,0.013194444444444444
VIRAT_S_010000_00_000000_000165,VIRAT_S_010000,True,x264_qp24_bf2_pb1,libx264,True,300,d1,1.0,1,57600,57600,57488,57488,0,0,57600,112,112,57600,0,0.0,0.0019444444444444444,0.0,0.9980555555555556,0.0019444444444444444,0.0,0.0,,632,57600,0.010972222222222222
VIRAT_S_010000_00_000000_000165,VIRAT_S_010000,True,x264_qp24_bf2_pb1,libx264,True,300,d1,2.0,1,57600,57600,57536,57536,0,0,57600,64,64,57600,0,0.0,0.0011111111111111111,0.0,0.9988888888888889,0.0011111111111111111,0.0,0.0,,576,57600,0.01
VIRAT_S_010000_01_000184_000324,VIRAT_S_010000,True,nvenc_qp18,h264_nvenc,True,300,d1,0.5,298,17164800,17163598,16599708,16599648,386,21886,17096933,502587,184356,17164800,30409,2.248945704740929e-05,0.02928214701835827,2.325350513456671e-05,0.9670784395973154,0.010740352348993289,0.001771590697240865,0.001831899693657262,0.017636845471991226,0,17164800,0.0
VIRAT_S_010000_01_000184_000324,VIRAT_S_010000,True,nvenc_qp18,h264_nvenc,True,300,d1,1.0,298,17164800,17163598,16788328,16788252,685,21886,17096933,321576,163244,17164800,49571,3.991004683283773e-05,0.018735931708491426,4.0802342018692596e-05,0.9780672073079791,0.009510393363161819,0.00288794509694258,0.002952706189681307,0.03129854701635749,0,17164800,0.0
VIRAT_S_010000_01_000184_000324,VIRAT_S_010000,True,nvenc_qp18,h264_nvenc,True,300,d1,2.0,298,17164800,17163598,16893424,16893288,2973,21886,17096933,240287,154768,17164800,76084,0.00017321542953872493,0.013999803537696467,0.00017598705474032055,0.9841899701715138,0.009016592095451156,0.004432559656972409,0.004503764304974528,0.13584026318194278,0,17164800,0.0
VIRAT_S_010000_01_000184_000324,VIRAT_S_010000,True,nvenc_qp23,h264_nvenc,True,300,d1,0.5,298,17164800,17163598,16721240,16721186,336,21886,17096933,380760,156168,17164800,28463,1.9576314942822595e-05,0.022184159754848606,2.0094268432873122e-05,0.9741587434750186,0.009098154362416108,0.0016582191461595823,0.0017022062957053423,0.015352279996344696,254580,17164800,0.014831515659955257
VIRAT_S_010000_01_000184_000324,VIRAT_S_010000,True,nvenc_qp23,h264_nvenc,True,300,d1,1.0,298,17164800,17163598,16901904,16901833,602,21886,17096933,207639,94196,17164800,48253,3.5074230939223816e-05,0.012097638269085538,3.561743865295557e-05,0.984684004474273,0.00548774235645041,0.00281116004847129,0.002854885461424938,0.027506168326784246,194264,17164800,0.011317580164056673
VIRAT_S_010000_01_000184_000324,VIRAT_S_010000,True,nvenc_qp23,h264_nvenc,True,300,d1,2.0,298,17164800,17163598,17007164,17007029,2760,21886,17096933,125442,66484,17164800,74775,0.0001608054441731856,0.0073086074376712854,0.0001622858407544316,0.990816321774795,0.0038732755406413123,0.004356298937360179,0.00439667660051964,0.12610801425568857,163620,17164800,0.009532298657718121
VIRAT_S_010000_01_000184_000324,VIRAT_S_010000,True,nvenc_qp28,h264_nvenc,True,300,d1,0.5,298,17164800,17163598,16751068,16751020,323,21886,17096933,351068,259156,17164800,26188,1.8818897995630054e-05,0.020454219447460842,1.9282407877251653e-05,0.975896485831469,0.015098107755406412,0.0015256804623415361,0.001563363004675284,0.014758292972676596,380400,17164800,0.02216163310961969
VIRAT_S_010000_01_000184_000324,VIRAT_S_010000,True,nvenc_qp28,h264_nvenc,True,300,d1,1.0,298,17164800,17163598,16936480,16936415,603,21886,17096933,172590,136748,17164800,46836,3.513249378131555e-05,0.010055583916612355,3.5603756757259434e-05,0.9866983594332588,0.007966769202087994,0.0027286073825503357,0.0027653916280124323,0.027551859636297176,260504,17164800,0.015176640566741237
VIRAT_S_010000_01_000184_000324,VIRAT_S_010000,True,nvenc_qp28,h264_nvenc,True,300,d1,2.0,298,17164800,17163598,17034964,17034839,2743,21886,17096933,97213,91412,17164800,74163,0.0001598149758576261,0.0056639056682637285,0.00016102294832372646,0.9924359153616704,0.005325549962714392,0.004320644574944072,0.004353575387655647,0.12533126199396874,213708,17164800,0.012450363534675615
VIRAT_S_010000_01_000184_000324,VIRAT_S_010000,True,nvenc_qp28_bf2_bqeq,h264_nvenc,True,300,B,0.5,198,11404800,11404016,11113096,11112796,3092,14938,11359673,257140,301696,11404800,27624,0.0002711325554085508,0.02254819705619494,0.00027823780801879204,0.9744226992143659,0.026453423120089786,0.0024221380471380473,0.002485715951702388,0.20698888740125854,393280,11404800,0.034483726150392816
VIRAT_S_010000_01_000184_000324,VIRAT_S_010000,True,nvenc_qp28_bf2_bqeq,h264_nvenc,True,300,B,1.0,198,11404800,11404016,11258208,11257896,3303,14938,11359673,115574,164652,11404800,38005,0.00028963480935137237,0.010134499986671363,0.000293394076477523,0.9871464646464646,0.014437079124579125,0.003332368827160494,0.0033757592682600998,0.22111393760878298,256560,11404800,0.022495791245791246
VIRAT_S_010000_01_000184_000324,VIRAT_S_010000,True,nvenc_qp28_bf2_bqeq,h264_nvenc,True,300,B,2.0,198,11404800,11404016,11331312,11330953,4465,14938,11359673,52233,106976,11404800,50077,0.0003915287386478588,0.0045802285791251085,0.00039405335102881463,0.9935563973063973,0.009379910213243546,0.004390870510662177,0.004419347027069769,0.298902128799036,198252,11404800,0.01738320707070707
VIRAT_S_010000_01_000184_000324,VIRAT_S_010000,True,nvenc_qp28_bf2_bqeq,h264_nvenc,True,300,dgt1,0.5,99,5702400,5702007,5373988,5373981,31,6632,5680108,306988,266648,5702400,4749,5.436682206808936e-06,0.053838587009801986,5.768535467468158e-06,0.9424081088664422,0.04676066217732884,0.000832807239057239,0.0008837012661732776,0.004674306393244874,295544,5702400,0.05182800224466891
VIRAT_S_010000_01_000184_000324,VIRAT_S_010000,True,nvenc_qp28_bf2_bqeq,h264_nvenc,True,300,dgt1,1.0,99,5702400,5702007,5519336,5519328,43,6632,5680108,162118,148128,5702400,7860,7.541204351380137e-06,0.028431743419466162,7.79080351810945e-06,0.9678970258136925,0.025976430976430976,0.0013783670033670034,0.0014240843463778977,0.006483715319662244,178300,5702400,0.03126753647586981
VIRAT_S_010000_01_000184_000324,VIRAT_S_010000,True,nvenc_qp28_bf2_bqeq,h264_nvenc,True,300,dgt1,2.0,99,5702400,5702007,5582924,5582916,71,6632,5680108,99503,105540,5702400,12173,1.2451756022046273e-05,0.01745052224593902,1.2717368486289244e-05,0.9790481200897868,0.018507996632996633,0.0021347152076318745,0.002180398658480753,0.010705669481302775,136144,5702400,0.02387485970819304
VIRAT_S_010000_01_000184_000324,VIRAT_S_010000,True,nvenc_qp28_bf2_bqeq,h264_nvenc,True,300,d1,0.5,1,57600,57575,56252,56252,0,316,57152,909,392,57600,115,0.0,0.015788102475032567,0.0,0.9765972222222222,0.006805555555555555,0.0019965277777777776,0.0020443717556709096,0.0,764,57600,0.01326388888888889
VIRAT_S_010000_01_000184_000324,VIRAT_S_010000,True,nvenc_qp28_bf2_bqeq,h264_nvenc,True,300,d1,1.0,1,57600,57575,56736,56735,0,316,57152,435,168,57600,160,0.0,0.0075553625705601386,0.0,0.985,0.002916666666666667,0.002777777777777778,0.0028200789622109417,0.0,548,57600,0.00951388888888889
VIRAT_S_010000_01_000184_000324,VIRAT_S_010000,True,nvenc_qp28_bf2_bqeq,h264_nvenc,True,300,d1,2.0,1,57600,57575,57004,57002,0,316,57152,193,68,57600,284,0.0,0.0033521493703864524,0.0,0.9896527777777778,0.0011805555555555556,0.004930555555555555,0.004982106518840783,0.0,476,57600,0.008263888888888888
VIRAT_S_010000_01_000184_000324,VIRAT_S_010000,True,nvenc_qp45,h264_nvenc,True,300,d1,0.5,298,17164800,17163598,16967320,16967250,684,21886,17096933,140699,360464,17164800,40724,3.9851783990745995e-05,0.00819752361946487,4.031295584140034e-05,0.9884950596569724,0.02100018642803878,0.0023725298284862045,0.002400143334362763,0.03125285570684456,500596,17164800,0.02916410328113348
VIRAT_S_010000_01_000184_000324,VIRAT_S_010000,True,nvenc_qp45,h264_nvenc,True,300,d1,1.0,298,17164800,17163598,17026880,17026797,1034,21886,17096933,86284,198660,17164800,50903,6.024377872285286e-05,0.005027151067043169,6.072780453070534e-05,0.9919649515287099,0.011573685682326623,0.00296554576808352,0.0029895670845157775,0.047244814036370285,336992,17164800,0.019632736763609247
VIRAT_S_010000_01_000184_000324,VIRAT_S_010000,True,nvenc_qp45,h264_nvenc,True,300,d1,2.0,298,17164800,17163598,17090592,17090437,3933,21886,17096933,42558,127576,17164800,74534,0.00022914775794678947,0.0024795500337400117,0.00023012869711874542,0.9956767337807606,0.007432419835943326,0.004342258575689784,0.004361112827455011,0.1797039203143562,262784,17164800,0.015309470544369872
VIRAT_S_010000_01_000184_000324,VIRAT_S_010000,True,x264_crf12,libx264,True,300,d1,0.5,298,17164800,17163598,16745144,16745043,623,21886,17096933,357951,0,17164800,33543,3.6297750623150227e-05,0.020855242589578247,3.720504032148499e-05,0.9755513609246831,0.0,0.001954173657718121,0.0020031478976830536,0.02846568582655579,184356,17164800,0.010740352348993289
VIRAT_S_010000_01_000184_000324,VIRAT_S_010000,True,x264_crf12,libx264,True,300,d1,1.0,298,17164800,17163598,16931124,16931001,995,21886,17096933,179803,0,17164800,52069,5.797152788127524e-05,0.010475833796620032,5.876793699321145e-05,0.9863863255033557,0.0,0.0030334754847129008,0.003075342192284458,0.04546285296536599,163244,17164800,0.009510393363161819
VIRAT_S_010000_01_000184_000324,VIRAT_S_010000,True,x264_crf12,libx264,True,300,d1,2.0,298,17164800,17163598,17032752,17032570,3316,21886,17096933,102477,0,17164800,78622,0.00019319958437618966,0.0059706012690346165,0.00019468582838643846,0.9923070469798658,0.0,0.004580420395227442,0.004615930531953967,0.15151238234487802,154768,17164800,0.009016592095451156
VIRAT_S_010000_01_000184_000324,VIRAT_S_010000,True,x264_crf45,libx264,True,300,d1,0.5,298,17164800,17163598,16933748,16933614,1788,21886,17096933,180634,430412,17164800,52496,0.00010417396166002023,0.010524250218398264,0.00010558880106750987,0.9865391964951529,0.025075270320656227,0.003058351976137211,0.0031000815649317565,0.08169606140911999,572528,17164800,0.03335477255779269
VIRAT_S_010000_01_000184_000324,VIRAT_S_010000,True,x264_crf45,libx264,True,300,d1,1.0,298,17164800,17163598,17040588,17040423,2539,21886,17096933,78475,211640,17164800,61080,0.0001479293560709124,0.004572176533148819,0.00014899864868377975,0.992763562639821,0.012329884414615959,0.0035584451901565996,0.00358438335578561,0.1160102348533309,351772,17164800,0.020493801267710665
VIRAT_S_010000_01_000184_000324,VIRAT_S_010000,True,x264_crf45,libx264,True,300,d1,2.0,298,17164800,17163598,17101624,17101390,5736,21886,17096933,34409,127544,17164800,79427,0.0003341956622381857,0.0020047661335344724,0.00033541133206131196,0.9963194444444444,0.007430555555555556,0.004627318698732289,0.004644412717762944,0.26208535136617017,264728,17164800,0.01542272557792692
VIRAT_S_010000_01_000184_000324,VIRAT_S_010000,True,x264_qp24,libx264,True,300,d1,0.5,298,17164800,17163598,16723124,16723046,524,21886,17096933,379390,192764,17164800,29022,3.052972925606857e-05,0.02210433966118293,3.1334004582657965e-05,0.9742685029828486,0.01123019202087994,0.0016907857941834451,0.0017354412967337922,0.023942246184775657,321104,17164800,0.01870712155108128
VIRAT_S_010000_01_000184_000324,VIRAT_S_010000,True,x264_qp24,libx264,True,300,d1,1.0,298,17164800,17163598,16920476,16920376,950,21886,17096933,189930,89568,17164800,49934,5.534969998714722e-05,0.011065861598483022,5.614532443014269e-05,0.9857659862043251,0.005218120805369128,0.0029090930275913495,0.00295109901163537,0.04340674403728411,222196,17164800,0.012944863907531693
VIRAT_S_010000_01_000184_000324,VIRAT_S_010000,True,x264_qp24,libx264,True,300,d1,2.0,298,17164800,17163598,17031952,17031782,3342,21886,17096933,102936,50472,17164800,78027,0.00019471441827057474,0.005997343913554722,0.00019622139362751356,0.9922604399701715,0.002940436241610738,0.004545756431767338,0.004581213004827632,0.1527003563922142,183520,17164800,0.010691648023862788
VIRAT_S_010000_01_000184_000324,VIRAT_S_010000,True,x264_qp24_bf2_pb1,libx264,True,300,B,0.5,198,11404800,11404016,11217088,11216750,3269,14938,11359673,153733,237408,11404800,28448,0.000286653403502766,0.013480601921288079,0.0002914391423540687,0.9835409652076319,0.020816498316498316,0.002494388327721661,0.002536130589329423,0.21883786316776008,329616,11404800,0.02890151515151515
VIRAT_S_010000_01_000184_000324,VIRAT_S_010000,True,x264_qp24_bf2_pb1,libx264,True,300,B,1.0,198,11404800,11404016,11308096,11307749,3491,14938,11359673,66449,130548,11404800,38899,0.00030612022992601904,0.005826806977471796,0.0003087263433243875,0.9915207631874299,0.011446759259259259,0.003410756874298541,0.0034399248113917676,0.23369929040032134,221736,11404800,0.019442340067340066
VIRAT_S_010000_01_000184_000324,VIRAT_S_010000,True,x264_qp24_bf2_pb1,libx264,True,300,B,2.0,198,11404800,11404016,11352024,11351643,4836,14938,11359673,31999,92032,11404800,50864,0.0004240611377605924,0.0028059413455751026,0.00042601762581857095,0.9953724747474747,0.008069584736251403,0.004459876543209876,0.004480610682288903,0.32373811755255055,182044,11404800,0.015962051066217734
VIRAT_S_010000_01_000184_000324,VIRAT_S_010000,True,x264_qp24_bf2_pb1,libx264,True,300,dgt1,0.5,99,5702400,5702007,5336352,5336344,77,6632,5680108,344839,288772,5702400,5628,1.3504017094331874e-05,0.060476775984315695,1.4429354629311753e-05,0.9358080808080808,0.05064043209876543,0.0009869528619528619,0.0010546530663644378,0.011610373944511459,312356,5702400,0.05477623456790123
VIRAT_S_010000_01_000184_000324,VIRAT_S_010000,True,x264_qp24_bf2_pb1,libx264,True,300,dgt1,1.0,99,5702400,5702007,5501376,5501364,96,6632,5680108,180326,158168,5702400,9069,1.683617715656961e-05,0.031625005020162196,1.7450217800530924e-05,0.9647474747474748,0.02773709315375982,0.0015903829966329966,0.0016484966670156703,0.014475271411338963,184644,5702400,0.0323800505050505
VIRAT_S_010000_01_000184_000324,VIRAT_S_010000,True,x264_qp24_bf2_pb1,libx264,True,300,dgt1,2.0,99,5702400,5702007,5576588,5576576,155,6632,5680108,106209,107396,5702400,13592,2.7183411034044678e-05,0.018626599371063556,2.7794833245346248e-05,0.9779370089786756,0.01883347362514029,0.0023835578002244667,0.002437332648565754,0.023371531966224365,134464,5702400,0.023580246913580245
VIRAT_S_010000_01_000184_000324,VIRAT_S_010000,True,x264_qp24_bf2_pb1,libx264,True,300,d1,0.5,1,57600,57575,56416,56416,0,316,57152,745,260,57600,121,0.0,0.012939643942683456,0.0,0.9794444444444445,0.0045138888888888885,0.0021006944444444445,0.002144781622234827,0.0,648,57600,0.01125
VIRAT_S_010000_01_000184_000324,VIRAT_S_010000,True,x264_qp24_bf2_pb1,libx264,True,300,d1,1.0,1,57600,57575,56780,56779,0,316,57152,393,132,57600,181,0.0,0.0068258792878853666,0.0,0.9857638888888889,0.0022916666666666667,0.003142361111111111,0.0031877421627333567,0.0,536,57600,0.009305555555555555
VIRAT_S_010000_01_000184_000324,VIRAT_S_010000,True,x264_qp24_bf2_pb1,libx264,True,300,d1,2.0,1,57600,57575,57052,57051,0,316,57152,149,60,57600,314,0.0,0.0025879287885366914,0.0,0.9904861111111111,0.0010416666666666667,0.005451388888888889,0.005503750964032812,0.0,476,57600,0.008263888888888888
VIRAT_S_010000_02_000388_000421,VIRAT_S_010000,False,nvenc_qp18,h264_nvenc,True,292,d1,0.5,290,16704000,16703987,16327208,16327207,4,84,16700593,373956,194824,16704000,5482,2.3946378789686556e-07,0.022387230066690068,2.4498985037673623e-07,0.9774430076628352,0.01166331417624521,0.00032818486590038316,0.0003357585693769566,0.047619047619047616,0,16704000,0.0
VIRAT_S_010000_02_000388_000421,VIRAT_S_010000,False,nvenc_qp18,h264_nvenc,True,292,d1,1.0,290,16704000,16703987,16444728,16444727,4,84,16700593,257926,156960,16704000,10465,2.3946378789686556e-07,0.015440984239271737,2.432390638044645e-07,0.9844784482758621,0.009396551724137931,0.0006264966475095785,0.0006363741619806664,0.047619047619047616,0,16704000,0.0
VIRAT_S_010000_02_000388_000421,VIRAT_S_010000,False,nvenc_qp18,h264_nvenc,True,292,d1,2.0,290,16704000,16703987,16494500,16494499,6,84,16700593,209028,145152,16704000,12790,3.5919568184529837e-07,0.012513659164126504,3.637576382283572e-07,0.9874580938697318,0.008689655172413793,0.0007656848659003832,0.0007754099851465641,0.07142857142857142,0,16704000,0.0
VIRAT_S_010000_02_000388_000421,VIRAT_S_010000,False,nvenc_qp23,h264_nvenc,True,292,d1,0.5,290,16704000,16703987,16470584,16470583,4,84,16700593,230559,173544,16704000,5178,2.3946378789686556e-07,0.013802632868428357,2.428572200510449e-07,0.9860263409961686,0.010389367816091954,0.00030998563218390807,0.0003143786522687963,0.047619047619047616,258184,16704000,0.015456417624521072
VIRAT_S_010000_02_000388_000421,VIRAT_S_010000,False,nvenc_qp23,h264_nvenc,True,292,d1,1.0,290,16704000,16703987,16570484,16570483,4,84,16700593,132156,95924,16704000,10289,2.3946378789686556e-07,0.007911644088324541,2.413930843174577e-07,0.9920069444444445,0.005742576628352491,0.0006159602490421456,0.0006209233236639316,0.047619047619047616,194004,16704000,0.011614224137931034
VIRAT_S_010000_02_000388_000421,VIRAT_S_010000,False,nvenc_qp23,h264_nvenc,True,292,d1,2.0,290,16704000,16703987,16615400,16615399,6,84,16700593,88135,64884,16704000,12749,3.5919568184529837e-07,0.005276285236572562,3.6111079848278095e-07,0.9946958812260537,0.00388433908045977,0.0007632303639846744,0.0007673002154627635,0.07142857142857142,160068,16704000,0.009582614942528735
VIRAT_S_010000_02_000388_000421,VIRAT_S_010000,False,nvenc_qp28,h264_nvenc,True,292,d1,0.5,290,16704000,16703987,16527844,16527843,4,84,16700593,173362,221236,16704000,5012,2.3946378789686556e-07,0.010378480299344102,2.4201585167526094e-07,0.9894542624521073,0.013244492337164751,0.0003000478927203065,0.0003032458438015267,0.047619047619047616,326772,16704000,0.0195625
VIRAT_S_010000_02_000388_000421,VIRAT_S_010000,False,nvenc_qp28,h264_nvenc,True,292,d1,1.0,290,16704000,16703987,16615432,16615431,4,84,16700593,87354,113896,16704000,10216,2.3946378789686556e-07,0.005229529931985699,2.407400686747157e-07,0.9946977969348659,0.0068184865900383146,0.0006115900383141762,0.0006148500983904602,0.047619047619047616,234352,16704000,0.014029693486590038
VIRAT_S_010000_02_000388_000421,VIRAT_S_010000,False,nvenc_qp28,h264_nvenc,True,292,d1,2.0,290,16704000,16703987,16650076,16650075,5,84,16700593,53532,77360,16704000,12760,2.9932973487108197e-07,0.003204743873423752,3.0029894760233815e-07,0.9967717911877395,0.0046312260536398465,0.0007638888888888889,0.0007663628682535743,0.05952380952380952,194688,16704000,0.011655172413793104
VIRAT_S_010000_02_000388_000421,VIRAT_S_010000,False,nvenc_qp28_bf2_bqeq,h264_nvenc,True,292,B,0.5,193,11116800,11116787,10980560,10980557,34,84,11114558,135516,231096,11116800,5374,3.0584376582910154e-06,0.0121902128735578,3.0963820869924902e-06,0.98774467472654,0.020787996545768565,0.00048341249280368454,0.0004894103761556788,0.40476190476190477,307232,11116800,0.027636729994242947
VIRAT_S_010000_02_000388_000421,VIRAT_S_010000,False,nvenc_qp28_bf2_bqeq,h264_nvenc,True,292,B,1.0,193,11116800,11116787,11060848,11060845,41,84,11114558,55464,118360,11116800,7449,3.6881159997038713e-06,0.004989211361160379,3.7067692386974052e-06,0.9949668969487623,0.010646948762233736,0.0006700669257340241,0.0006734565017076448,0.4880952380952381,204848,11116800,0.018426885434657456
VIRAT_S_010000_02_000388_000421,VIRAT_S_010000,False,nvenc_qp28_bf2_bqeq,h264_nvenc,True,292,B,2.0,193,11116800,11116787,11090504,11090501,48,84,11114558,26137,77280,11116800,8936,4.317794341116727e-06,0.002351128972786831,4.328028102607808e-06,0.997634571099597,0.006951640759930915,0.0008038284398388026,0.0008057343471495975,0.5714285714285714,161200,11116800,0.014500575705238918
VIRAT_S_010000_02_000388_000421,VIRAT_S_010000,False,nvenc_qp28_bf2_bqeq,h264_nvenc,True,292,dgt1,0.5,97,5587200,5587200,5442948,5442948,0,0,5586035,143273,155940,5587200,1078,0.0,0.025643077033218786,0.0,0.9741817010309278,0.027910223367697596,0.00019294100801832761,0.0001980544366765951,,184804,5587200,0.03307631729667812
VIRAT_S_010000_02_000388_000421,VIRAT_S_010000,False,nvenc_qp28_bf2_bqeq,h264_nvenc,True,292,dgt1,1.0,97,5587200,5587200,5511872,5511872,0,0,5586035,75000,84072,5587200,1856,0.0,0.013423539518900343,0.0,0.9865177548682703,0.015047250859106529,0.00033218785796105383,0.0003367277034009498,,116584,5587200,0.02086626575028637
VIRAT_S_010000_02_000388_000421,VIRAT_S_010000,False,nvenc_qp28_bf2_bqeq,h264_nvenc,True,292,dgt1,2.0,97,5587200,5587200,5541116,5541116,0,0,5586035,45952,54504,5587200,2551,0.0,0.00822451317296678,0.0,0.99175186139748,0.009755154639175258,0.00045657932416953034,0.0004603765739609133,,86632,5587200,0.015505441008018327
VIRAT_S_010000_02_000388_000421,VIRAT_S_010000,False,nvenc_qp45,h264_nvenc,True,292,d1,0.5,290,16704000,16703987,16662592,16662589,22,84,16700593,39460,261360,16704000,7012,1.3170508334327607e-06,0.002362310267602579,1.3203230302325766e-06,0.9975210727969349,0.015646551724137932,0.00041977969348659005,0.00042082288277838165,0.2619047619047619,378280,16704000,0.022646072796934865
VIRAT_S_010000_02_000388_000421,VIRAT_S_010000,False,nvenc_qp45,h264_nvenc,True,292,d1,1.0,290,16704000,16703987,16688620,16688617,22,84,16700593,14588,132316,16704000,10700,1.3170508334327607e-06,0.0008733244344598688,1.3182638201835419e-06,0.9990792624521073,0.007921216475095786,0.0006405651340996169,0.0006411554700148964,0.2619047619047619,262324,16704000,0.01570426245210728
VIRAT_S_010000_02_000388_000421,VIRAT_S_010000,False,nvenc_qp45,h264_nvenc,True,292,d1,2.0,290,16704000,16703987,16699340,16699337,24,84,16700593,4409,86560,16704000,13114,1.4367827273811935e-06,0.0002639489602093201,1.4371828055209617e-06,0.9997210249042146,0.005181992337164751,0.0007850814176245211,0.0007853004969058657,0.2857142857142857,211408,16704000,0.012656130268199233
VIRAT_S_010000_02_000388_000421,VIRAT_S_010000,False,x264_crf12,libx264,True,292,d1,0.5,290,16704000,16703987,16445448,16445447,2,84,16700593,255803,0,16704000,6066,1.1973189394843278e-07,0.015313888833845477,1.2161420726356664e-07,0.9845215517241379,0.0,0.00036314655172413796,0.0003688558682013406,0.023809523809523808,194824,16704000,0.01166331417624521
VIRAT_S_010000_02_000388_000421,VIRAT_S_010000,False,x264_crf12,libx264,True,292,d1,1.0,290,16704000,16703987,16575448,16575445,10,84,16700593,127359,0,16704000,10870,5.986594697421639e-07,0.007624467140689226,6.033020531273822e-07,0.9923041187739463,0.0,0.0006507423371647509,0.0006557892130577708,0.11904761904761904,156960,16704000,0.009396551724137931
VIRAT_S_010000_02_000388_000421,VIRAT_S_010000,False,x264_crf12,libx264,True,292,d1,2.0,290,16704000,16703987,16619596,16619593,12,84,16700593,84051,0,16704000,13021,7.183913636905967e-07,0.005031792709129862,7.220393423593465e-07,0.9949470785440613,0.0,0.0007795138888888889,0.0007834727149805566,0.14285714285714285,145152,16704000,0.008689655172413793
VIRAT_S_010000_02_000388_000421,VIRAT_S_010000,False,x264_crf45,libx264,True,292,d1,0.5,290,16704000,16703987,16624864,16624860,39,84,16700593,76979,292272,16704000,8157,2.3347719319944396e-06,0.004608420732128204,2.345884416470274e-06,0.9952624521072797,0.01749712643678161,0.0004883261494252873,0.0004906506302848553,0.4642857142857143,409680,16704000,0.024525862068965516
VIRAT_S_010000_02_000388_000421,VIRAT_S_010000,False,x264_crf45,libx264,True,292,d1,1.0,290,16704000,16703987,16680724,16680720,39,84,16700593,22266,141140,16704000,11264,2.3347719319944396e-06,0.0013329751753279023,2.3380285743061452e-06,0.998606561302682,0.008449473180076628,0.0006743295019157089,0.0006752704498917433,0.4642857142857143,270884,16704000,0.016216714559386974
VIRAT_S_010000_02_000388_000421,VIRAT_S_010000,False,x264_crf45,libx264,True,292,d1,2.0,290,16704000,16703987,16692964,16692960,41,84,16700593,10793,92544,16704000,13235,2.4545038259428724e-06,0.0006461331656927176,2.456125216857885e-06,0.9993393199233717,0.005540229885057472,0.0007923251915708812,0.0007928490111163002,0.4880952380952381,216872,16704000,0.01298323754789272
VIRAT_S_010000_02_000388_000421,VIRAT_S_010000,False,x264_qp24,libx264,True,292,d1,0.5,290,16704000,16703987,16447684,16447683,5,84,16700593,253491,200228,16704000,5378,2.9932973487108197e-07,0.015175478764441088,3.039941856856069e-07,0.9846554118773946,0.01198682950191571,0.0003219588122605364,0.00032697612624367055,0.05952380952380952,309860,16704000,0.018550047892720307
VIRAT_S_010000_02_000388_000421,VIRAT_S_010000,False,x264_qp24,libx264,True,292,d1,1.0,290,16704000,16703987,16575764,16575763,5,84,16700593,127091,85364,16704000,10562,2.9932973487108197e-07,0.007608423066900136,3.0164523949817575e-07,0.9923230363984674,0.005110392720306513,0.0006323036398467433,0.0006371953654745567,0.05952380952380952,209196,16704000,0.012523706896551724
VIRAT_S_010000_02_000388_000421,VIRAT_S_010000,False,x264_qp24,libx264,True,292,d1,2.0,290,16704000,16703987,16628856,16628855,9,84,16700593,74821,47964,16704000,12982,5.387935227679475e-07,0.004479230018557845,5.412278836997496e-07,0.9955014367816092,0.0028714080459770115,0.0007771791187739463,0.0007806911070731504,0.10714285714285714,170556,16704000,0.010210488505747127
VIRAT_S_010000_02_000388_000421,VIRAT_S_010000,False,x264_qp24_bf2_pb1,libx264,True,292,B,0.5,193,11116800,11116787,11060072,11060067,51,84,11114558,56039,184120,11116800,5593,4.587656487436523e-06,0.005040934939205006,4.611183639303451e-06,0.9948970926885434,0.016562320092112837,0.0005031124064478987,0.0005056929104982318,0.6071428571428571,261576,11116800,0.02352979274611399
VIRAT_S_010000_02_000388_000421,VIRAT_S_010000,False,x264_qp24_bf2_pb1,libx264,True,292,B,1.0,193,11116800,11116787,11092644,11092639,53,84,11114558,23682,99580,11116800,7510,4.767564584983053e-06,0.0021302917830484653,4.777943282928436e-06,0.99782707253886,0.008957613701784686,0.0006755541162924583,0.0006770252430349338,0.6309523809523809,186724,11116800,0.016796560161197467
VIRAT_S_010000_02_000388_000421,VIRAT_S_010000,False,x264_qp24_bf2_pb1,libx264,True,292,B,2.0,193,11116800,11116787,11105424,11105419,53,84,11114558,11228,68776,11116800,8998,4.767564584983053e-06,0.0010100040596262212,4.772444875785416e-06,0.9989766839378238,0.006186672423719056,0.0008094055843408175,0.0008102347105342398,0.6309523809523809,152920,11116800,0.013755757052389177
VIRAT_S_010000_02_000388_000421,VIRAT_S_010000,False,x264_qp24_bf2_pb1,libx264,True,292,dgt1,0.5,97,5587200,5587200,5370040,5370040,0,0,5586035,216186,206192,5587200,1199,0.0,0.038693084192439865,0.0,0.9611325887743414,0.03690435280641466,0.00021459765177548682,0.0002232758042770631,,225912,5587200,0.04043384879725086
VIRAT_S_010000_02_000388_000421,VIRAT_S_010000,False,x264_qp24_bf2_pb1,libx264,True,292,dgt1,1.0,97,5587200,5587200,5469772,5469772,0,0,5586035,117148,114476,5587200,2033,0.0,0.0209672107674685,0.0,0.9789826746849942,0.02048897479954181,0.00036386741122565865,0.00037167911203611414,,138844,5587200,0.02485037227949599
VIRAT_S_010000_02_000388_000421,VIRAT_S_010000,False,x264_qp24_bf2_pb1,libx264,True,292,dgt1,2.0,97,5587200,5587200,5518212,5518212,0,0,5586035,68897,71432,5587200,2706,0.0,0.012331221363115694,0.0,0.9876524914089347,0.012784936998854525,0.0004843213058419244,0.0004903762305616384,,97928,5587200,0.01752720504009164
VIRAT_S_010000_03_000442_000528,VIRAT_S_010000,False,nvenc_qp18,h264_nvenc,True,300,d1,0.5,298,17164800,17164765,16759340,16759338,41,330,17156032,400368,204892,17164800,9570,2.3886141173502813e-06,0.02332499163256823,2.4463973457662827e-06,0.9763784023117077,0.011936754287844891,0.0005575363534675615,0.0005710248732945331,0.12424242424242424,0,17164800,0.0
VIRAT_S_010000_03_000442_000528,VIRAT_S_010000,False,nvenc_qp18,h264_nvenc,True,300,d1,1.0,298,17164800,17164765,16885804,16885802,50,330,17156032,275452,171908,17164800,14099,2.9129440455491235e-06,0.016047525264691942,2.961067528803192e-06,0.983746038404176,0.010015147278150633,0.0008213902870991797,0.0008349617228768023,0.15151515151515152,0,17164800,0.0
VIRAT_S_010000_03_000442_000528,VIRAT_S_010000,False,nvenc_qp18,h264_nvenc,True,300,d1,2.0,298,17164800,17164765,16938360,16938356,108,330,17156032,224745,160912,17164800,17699,6.291959138386106e-06,0.013093392190338756,6.376061525687617e-06,0.9868078859060403,0.009374533929903058,0.0010311218307233409,0.0010449063545703362,0.32727272727272727,0,17164800,0.0
VIRAT_S_010000_03_000442_000528,VIRAT_S_010000,False,nvenc_qp23,h264_nvenc,True,300,d1,0.5,298,17164800,17164765,16905112,16905110,50,330,17156032,254432,174368,17164800,8868,2.9129440455491235e-06,0.014822923587943092,2.9576855755449094e-06,0.9848708985831469,0.010158463832960478,0.0005166387024608502,0.0005245750516175225,0.15151515151515152,284324,17164800,0.01656436428038777
VIRAT_S_010000_03_000442_000528,VIRAT_S_010000,False,nvenc_qp23,h264_nvenc,True,300,d1,1.0,298,17164800,17164765,17018912,17018910,60,330,17156032,142165,95248,17164800,13771,3.4955328546589482e-06,0.008282373804709822,3.525490175340254e-06,0.9915007457121551,0.00554903057419836,0.0008022814131245339,0.0008091586583208139,0.18181818181818182,211372,17164800,0.012314271066368381
VIRAT_S_010000_03_000442_000528,VIRAT_S_010000,False,nvenc_qp23,h264_nvenc,True,300,d1,2.0,298,17164800,17164765,17072536,17072531,116,330,17156032,90480,63904,17164800,17492,6.758030185673966e-06,0.005271263544825694,6.794540305710969e-06,0.9946248135719612,0.0037229679343773305,0.0010190622669649515,0.0010245695191388087,0.3515151515151515,177360,17164800,0.010332774049217001
VIRAT_S_010000_03_000442_000528,VIRAT_S_010000,False,nvenc_qp28,h264_nvenc,True,300,d1,0.5,298,17164800,17164765,16956716,16956714,27,330,17156032,202339,231700,17164800,8577,1.5729897845965266e-06,0.011788043704647281,1.5922896381928716e-06,0.987877283743475,0.013498555182699478,0.0004996854026845638,0.0005058172820727787,0.08181818181818182,362944,17164800,0.021144668158090976
VIRAT_S_010000_03_000442_000528,VIRAT_S_010000,False,nvenc_qp28,h264_nvenc,True,300,d1,1.0,298,17164800,17164765,17062172,17062170,31,330,17156032,98721,114316,17164800,13543,1.8060253082404566e-06,0.005751374982413101,1.8168849566028236e-06,0.9940210197613721,0.0066599086502609995,0.0007889984153616704,0.0007937441962254278,0.09393939393939393,252416,17164800,0.01470544369873229
VIRAT_S_010000_03_000442_000528,VIRAT_S_010000,False,nvenc_qp28,h264_nvenc,True,300,d1,2.0,298,17164800,17164765,17105868,17105865,116,330,17156032,57276,76404,17164800,17500,6.758030185673966e-06,0.003336835663057432,6.781299864110935e-06,0.9965666946308724,0.004451202460850112,0.001019528337061894,0.0010230407483560612,0.3515151515151515,210724,17164800,0.012276519388516033
VIRAT_S_010000_03_000442_000528,VIRAT_S_010000,False,nvenc_qp28_bf2_bqeq,h264_nvenc,True,300,B,0.5,198,11404800,11404788,11230068,11230064,30,126,11400215,172180,252524,11404800,6123,2.630474148226166e-06,0.015097167961386042,2.671400626033832e-06,0.9846790824915825,0.022141905162738496,0.0005368792087542088,0.0005452326735688511,0.23809523809523808,346316,11404800,0.03036581088664422
VIRAT_S_010000_03_000442_000528,VIRAT_S_010000,False,nvenc_qp28_bf2_bqeq,h264_nvenc,True,300,B,1.0,198,11404800,11404788,11324248,11324244,47,126,11400215,78959,134184,11404800,8401,4.121076165554327e-06,0.006923320275659662,4.1503874342516815e-06,0.9929370089786757,0.01176557239057239,0.0007366196689113356,0.0007418594153006893,0.373015873015873,233084,11404800,0.02043735970819304
VIRAT_S_010000_03_000442_000528,VIRAT_S_010000,False,nvenc_qp28_bf2_bqeq,h264_nvenc,True,300,B,2.0,198,11404800,11404788,11366844,11366839,79,126,11400215,37116,86192,11404800,10225,6.92691525699557e-06,0.0032544226161854125,6.950041255972747e-06,0.9966719276094276,0.007557519640852974,0.0008965523288439955,0.0008995460833279668,0.626984126984127,181776,11404800,0.01593855218855219
VIRAT_S_010000_03_000442_000528,VIRAT_S_010000,False,nvenc_qp28_bf2_bqeq,h264_nvenc,True,300,dgt1,0.5,99,5702400,5702377,5531716,5531712,31,204,5698217,169051,165000,5702400,3107,5.436329446474689e-06,0.029645707395354604,5.604051693219025e-06,0.9700680415263748,0.028935185185185185,0.0005448583052749719,0.0005616701942037516,0.15196078431372548,199840,5702400,0.035044893378226714
VIRAT_S_010000_03_000442_000528,VIRAT_S_010000,False,nvenc_qp28_bf2_bqeq,h264_nvenc,True,300,dgt1,1.0,99,5702400,5702377,5614524,5614519,31,204,5698217,86339,88288,5702400,4263,5.436329446474689e-06,0.015140878970296071,5.5213990726543095e-06,0.9845896464646464,0.015482603815937149,0.0007475799663299663,0.0007592807511375853,0.15196078431372548,124952,5702400,0.021912177328843995
VIRAT_S_010000_03_000442_000528,VIRAT_S_010000,False,nvenc_qp28_bf2_bqeq,h264_nvenc,True,300,dgt1,2.0,99,5702400,5702377,5648840,5648835,34,204,5698217,52148,58136,5702400,5433,5.962425844520627e-06,0.00914495832176652,6.018940188552153e-06,0.9906074635241302,0.010195005611672279,0.000952756734006734,0.0009617903852826421,0.16666666666666666,94624,5702400,0.01659371492704826
VIRAT_S_010000_03_000442_000528,VIRAT_S_010000,False,nvenc_qp28_bf2_bqeq,h264_nvenc,True,300,d1,0.5,1,57600,57600,56904,56904,0,0,57600,696,260,57600,53,0.0,0.012083333333333333,0.0,0.9879166666666667,0.0045138888888888885,0.0009201388888888889,0.0009313932236749613,,896,57600,0.015555555555555555
VIRAT_S_010000_03_000442_000528,VIRAT_S_010000,False,nvenc_qp28_bf2_bqeq,h264_nvenc,True,300,d1,1.0,1,57600,57600,57328,57328,0,0,57600,272,180,57600,109,0.0,0.004722222222222222,0.0,0.9952777777777778,0.003125,0.0018923611111111112,0.0019013396595032096,,748,57600,0.012986111111111111
VIRAT_S_010000_03_000442_000528,VIRAT_S_010000,False,nvenc_qp28_bf2_bqeq,h264_nvenc,True,300,d1,2.0,1,57600,57600,57460,57460,0,0,57600,140,56,57600,130,0.0,0.0024305555555555556,0.0,0.9975694444444444,0.0009722222222222222,0.0022569444444444442,0.0022624434389140274,,608,57600,0.010555555555555556
VIRAT_S_010000_03_000442_000528,VIRAT_S_010000,False,nvenc_qp45,h264_nvenc,True,300,d1,0.5,298,17164800,17164765,17118208,17118197,179,330,17156032,44938,271304,17164800,12716,1.0428339683065863e-05,0.0026180375903777304,1.0456708729313023e-05,0.9972856077554064,0.01580583519761372,0.0007408184190902311,0.0007428347640126817,0.5424242424242425,415524,17164800,0.024207913870246085
VIRAT_S_010000_03_000442_000528,VIRAT_S_010000,False,nvenc_qp45,h264_nvenc,True,300,d1,1.0,298,17164800,17164765,17142144,17142133,186,330,17156032,21467,138208,17164800,15096,1.083615184944274e-05,0.0012506433965160607,1.085045834144444e-05,0.9986800894854586,0.008051826994780015,0.0008794742729306488,0.0008806366344839945,0.5636363636363636,287116,17164800,0.01672702274422073
VIRAT_S_010000_03_000442_000528,VIRAT_S_010000,False,nvenc_qp45,h264_nvenc,True,300,d1,2.0,298,17164800,17164765,17155080,17155066,217,330,17156032,9102,89488,17164800,17700,1.2642177157683195e-05,0.0005302723340517624,1.2649324695107556e-05,0.9994337248322148,0.005213460104399702,0.0010311800894854586,0.0010317643520170118,0.6575757575757576,232432,17164800,0.013541200596569724
VIRAT_S_010000_03_000442_000528,VIRAT_S_010000,False,x264_crf12,libx264,True,300,d1,0.5,298,17164800,17164765,16904944,16904940,59,330,17156032,254909,0,17164800,10555,3.4372739737479657e-06,0.01485071307413763,3.490104076086635e-06,0.9848611111111111,0.0,0.0006149212341536167,0.0006243735560437231,0.1787878787878788,204892,17164800,0.011936754287844891
VIRAT_S_010000_03_000442_000528,VIRAT_S_010000,False,x264_crf12,libx264,True,300,d1,1.0,298,17164800,17164765,17035432,17035428,69,330,17156032,125996,0,17164800,14850,4.01986278285779e-06,0.0073403859592601475,4.05038253221463e-06,0.9924631804623415,0.0,0.0008651426174496645,0.0008717125576856519,0.20909090909090908,171908,17164800,0.010015147278150633
VIRAT_S_010000_03_000442_000528,VIRAT_S_010000,False,x264_crf12,libx264,True,300,d1,2.0,298,17164800,17164765,17081800,17081794,127,330,17156032,81430,0,17164800,18234,7.398877875694774e-06,0.004744020672581302,7.434816272810689e-06,0.9951645227442207,0.0,0.0010622902684563759,0.0010674519078785608,0.38484848484848483,160912,17164800,0.009374533929903058
VIRAT_S_010000_03_000442_000528,VIRAT_S_010000,False,x264_crf45,libx264,True,300,d1,0.5,298,17164800,17164765,17094208,17094184,230,330,17156032,67812,301888,17164800,15530,1.3399542609525969e-05,0.0039506512323355435,1.345486862666273e-05,0.9958873974645787,0.017587621178225207,0.0009047585756897838,0.0009084948539294713,0.696969696969697,445460,17164800,0.02595194817300522
VIRAT_S_010000_03_000442_000528,VIRAT_S_010000,False,x264_crf45,libx264,True,300,d1,1.0,298,17164800,17164765,17145372,17145348,230,330,17156032,17804,139300,17164800,17146,1.3399542609525969e-05,0.001037241115739132,1.3414717508212723e-05,0.998868148769575,0.008115445563012677,0.0009989047352721848,0.0010000366279600116,0.696969696969697,287728,17164800,0.01676267710663684
VIRAT_S_010000_03_000442_000528,VIRAT_S_010000,False,x264_crf45,libx264,True,300,d1,2.0,298,17164800,17164765,17156068,17156042,238,330,17156032,8389,88316,17164800,18565,1.3865613656813827e-05,0.0004887337519622319,1.3872663636519426e-05,0.9994912844891872,0.005145180835197613,0.0010815739187173751,0.0010821244121904856,0.7212121212121212,230868,17164800,0.01345008389261745
VIRAT_S_010000_03_000442_000528,VIRAT_S_010000,False,x264_qp24,libx264,True,300,d1,0.5,298,17164800,17164765,16902864,16902863,47,330,17156032,256662,189824,17164800,9241,2.738167402816176e-06,0.014952840892374582,2.7805940330936835e-06,0.984739932885906,0.011058911260253542,0.0005383692207307979,0.0005467120838220079,0.14242424242424243,325092,17164800,0.018939457494407157
VIRAT_S_010000_03_000442_000528,VIRAT_S_010000,False,x264_qp24,libx264,True,300,d1,1.0,298,17164800,17164765,17030188,17030186,58,330,17156032,130945,83604,17164800,14337,3.379015092836983e-06,0.007628709160888599,3.405717353879752e-06,0.9921576715137956,0.004870665548098434,0.0008352558724832214,0.0008418579994536761,0.17575757575757575,225096,17164800,0.013113814317673379
VIRAT_S_010000_03_000442_000528,VIRAT_S_010000,False,x264_qp24,libx264,True,300,d1,2.0,298,17164800,17164765,17086164,17086159,125,330,17156032,76947,47636,17164800,18114,7.2823601138728086e-06,0.004482846109457368,7.315863091289271e-06,0.9954187639821029,0.0027752143922445934,0.0010552992170022371,0.0010601560420466524,0.3787878787878788,187380,17164800,0.010916526845637584
VIRAT_S_010000_03_000442_000528,VIRAT_S_010000,False,x264_qp24_bf2_pb1,libx264,True,300,B,0.5,198,11404800,11404788,11329928,11329926,43,126,11400215,72609,189776,11404800,6352,3.770346279124171e-06,0.00636653658095179,3.795258680418566e-06,0.9934350448933782,0.016640011223344558,0.0005569584736251403,0.000560639043778566,0.3412698412698413,285344,11404800,0.025019640852974187
VIRAT_S_010000_03_000442_000528,VIRAT_S_010000,False,x264_qp24_bf2_pb1,libx264,True,300,B,1.0,198,11404800,11404788,11373176,11373174,46,126,11400215,30046,99528,11404800,8541,4.033393693946788e-06,0.002634507541920113,4.0446053142245076e-06,0.9972271324354658,0.008726851851851852,0.0007488952020202021,0.0007509775633473007,0.36507936507936506,200180,11404800,0.01755225869809203
VIRAT_S_010000_03_000442_000528,VIRAT_S_010000,False,x264_qp24_bf2_pb1,libx264,True,300,B,2.0,198,11404800,11404788,11391256,11391250,83,126,11400215,12629,69324,11404800,10357,7.277645143425726e-06,0.0011073419339316084,7.286294304839241e-06,0.9988124298540966,0.006078493265993266,0.0009081264029180696,0.0009092061489970903,0.6587301587301587,165500,11404800,0.014511433782267116
VIRAT_S_010000_03_000442_000528,VIRAT_S_010000,False,x264_qp24_bf2_pb1,libx264,True,300,dgt1,0.5,99,5702400,5702377,5473024,5473019,43,204,5698217,227711,207532,5702400,3490,7.54071503865844e-06,0.03993264563181284,7.8567240493775e-06,0.9597755331088664,0.03639379910213244,0.0006120230078563412,0.0006376730670283923,0.2107843137254902,232692,5702400,0.04080597643097643
VIRAT_S_010000_03_000442_000528,VIRAT_S_010000,False,x264_qp24_bf2_pb1,libx264,True,300,dgt1,1.0,99,5702400,5702377,5580120,5580109,45,204,5698217,120766,114484,5702400,4579,7.891445970689065e-06,0.021178185868805238,8.064358599446713e-06,0.9785563973063973,0.020076459034792368,0.0008029952300785634,0.0008205916718636875,0.22058823529411764,142516,5702400,0.024992283950617283
VIRAT_S_010000_03_000442_000528,VIRAT_S_010000,False,x264_qp24_bf2_pb1,libx264,True,300,dgt1,2.0,99,5702400,5702377,5629580,5629569,49,204,5698217,71404,73204,5702400,5866,8.592907834750315e-06,0.012521795735357378,8.704041108653255e-06,0.987229938271605,0.012837401795735129,0.001028689674523008,0.0010419960281228796,0.24019607843137256,103028,5702400,0.018067480359147025
VIRAT_S_010000_03_000442_000528,VIRAT_S_010000,False,x264_qp24_bf2_pb1,libx264,True,300,d1,0.5,1,57600,57600,56760,56760,0,0,57600,840,372,57600,61,0.0,0.014583333333333334,0.0,0.9854166666666667,0.006458333333333333,0.0010590277777777779,0.0010747004933051444,,912,57600,0.015833333333333335
VIRAT_S_010000_03_000442_000528,VIRAT_S_010000,False,x264_qp24_bf2_pb1,libx264,True,300,d1,1.0,1,57600,57600,57140,57140,0,0,57600,460,256,57600,112,0.0,0.00798611111111111,0.0,0.9920138888888889,0.0044444444444444444,0.0019444444444444444,0.001960098004900245,,760,57600,0.013194444444444444
VIRAT_S_010000_03_000442_000528,VIRAT_S_010000,False,x264_qp24_bf2_pb1,libx264,True,300,d1,2.0,1,57600,57600,57436,57436,0,0,57600,164,64,57600,136,0.0,0.0028472222222222223,0.0,0.9971527777777778,0.0011111111111111111,0.002361111111111111,0.002367852914548367,,616,57600,0.010694444444444444
VIRAT_S_010000_04_000530_000605,VIRAT_S_010000,False,nvenc_qp18,h264_nvenc,True,300,d1,0.5,298,17164800,17164754,16863372,16863372,25,763,17160702,297783,179444,17164800,4310,1.4564729561518913e-06,0.017348515452071146,1.482503024899172e-06,0.982439177852349,0.010454185309470544,0.0002510952647278151,0.00025558352149261725,0.0327653997378768,0,17164800,0.0
VIRAT_S_010000_04_000530_000605,VIRAT_S_010000,False,nvenc_qp18,h264_nvenc,True,300,d1,1.0,298,17164800,17164754,16935992,16935991,28,763,17160702,225534,148280,17164800,6709,1.6312497108901182e-06,0.013139366867710426,1.6532838261427984e-06,0.9866699291573453,0.008638609246830723,0.0003908580350484713,0.0003961385905236611,0.03669724770642202,0,17164800,0.0
VIRAT_S_010000_04_000530_000605,VIRAT_S_010000,False,nvenc_qp18,h264_nvenc,True,300,d1,2.0,298,17164800,17164754,16967988,16967985,113,763,17160702,195286,139152,17164800,9909,6.583257761806549e-06,0.01137715110860313,6.659600418081464e-06,0.9885339765100671,0.00810682326621924,0.0005772860738255033,0.000583982025446977,0.14809960681520315,0,17164800,0.0
VIRAT_S_010000_04_000530_000605,VIRAT_S_010000,False,nvenc_qp23,h264_nvenc,True,300,d1,0.5,298,17164800,17164754,17006684,17006684,17,763,17160702,154418,148348,17164800,3936,9.90401610183286e-07,0.00899622563772251,9.996069780563923e-07,0.9907883575689784,0.008642570842654735,0.00022930648769574943,0.0002314384156252918,0.022280471821756225,225664,17164800,0.013146905294556302
VIRAT_S_010000_04_000530_000605,VIRAT_S_010000,False,nvenc_qp23,h264_nvenc,True,300,d1,1.0,298,17164800,17164754,17062912,17062911,20,763,17160702,98561,80080,17164800,6483,1.165178364921513e-06,0.0057420572412514624,1.172132937926008e-06,0.9940641312453393,0.004665361670395228,0.0003776915548098434,0.0003799468695613035,0.02621231979030144,172480,17164800,0.010048471290082028
VIRAT_S_010000_04_000530_000605,VIRAT_S_010000,False,nvenc_qp23,h264_nvenc,True,300,d1,2.0,298,17164800,17164754,17088668,17088665,118,763,17160702,74585,58120,17164800,9770,6.874552353036927e-06,0.004345241417383553,6.905161988955837e-06,0.9955646439224459,0.003385999254287845,0.000569188105891126,0.0005717239049877966,0.15465268676277852,148376,17164800,0.008644202087994034
VIRAT_S_010000_04_000530_000605,VIRAT_S_010000,False,nvenc_qp28,h264_nvenc,True,300,d1,0.5,298,17164800,17164754,17054352,17054352,135,763,17160702,107137,183400,17164800,3835,7.864953963220213e-06,0.006241685724129807,7.915868043535163e-06,0.9935654362416108,0.01068465697240865,0.00022342235272184937,0.00022486928849598038,0.17693315858453473,280972,17164800,0.01636908090976883
VIRAT_S_010000_04_000530_000605,VIRAT_S_010000,False,nvenc_qp28,h264_nvenc,True,300,d1,1.0,298,17164800,17164754,17104948,17104947,137,763,17160702,57006,90572,17164800,6587,7.981471799712364e-06,0.0033211078935357886,8.009378807195368e-06,0.9965130965697241,0.005276612602535422,0.00038375046607009693,0.00038509324904115465,0.17955439056356487,204692,17164800,0.011925102535421327
VIRAT_S_010000_04_000530_000605,VIRAT_S_010000,False,nvenc_qp28,h264_nvenc,True,300,d1,2.0,298,17164800,17164754,17125592,17125591,241,763,17160702,38046,64692,17164800,9832,1.4040399297304232e-05,0.002216518803590194,1.4072507045158325e-05,0.9977157904548845,0.0037688758389261747,0.000572800149142431,0.0005741115402025227,0.31585845347313235,176844,17164800,0.010302712527964206
VIRAT_S_010000_04_000530_000605,VIRAT_S_010000,False,nvenc_qp28_bf2_bqeq,h264_nvenc,True,300,B,0.5,198,11404800,11404794,11312160,11312158,52,358,11402420,90807,191356,11404800,3517,4.559486124869945e-06,0.007962178010405097,4.5968240542609115e-06,0.9918771043771044,0.01677854938271605,0.00030837892817059485,0.00031090437193250447,0.1452513966480447,259888,11404800,0.02278759820426487
VIRAT_S_010000_04_000530_000605,VIRAT_S_010000,False,nvenc_qp28_bf2_bqeq,h264_nvenc,True,300,B,1.0,198,11404800,11404794,11360864,11360862,112,358,11402420,42473,101644,11404800,5049,9.820431653566036e-06,0.003724135657338484,9.858406870887086e-06,0.9961475869809203,0.008912387766554434,0.0004427083333333333,0.00044442042436209077,0.3128491620111732,183580,11404800,0.016096731200897867
VIRAT_S_010000_04_000530_000605,VIRAT_S_010000,False,nvenc_qp28_bf2_bqeq,h264_nvenc,True,300,B,2.0,198,11404800,11404794,11383844,11383841,178,358,11402420,20441,67780,11404800,6715,1.5607471735131736e-05,0.0017923164592012798,1.5636198713597634e-05,0.9981625280583614,0.005943111672278339,0.000588787177328844,0.0005898710488302546,0.4972067039106145,148448,11404800,0.013016273849607183
VIRAT_S_010000_04_000530_000605,VIRAT_S_010000,False,nvenc_qp28_bf2_bqeq,h264_nvenc,True,300,dgt1,0.5,99,5702400,5702360,5611328,5611328,137,405,5700682,89847,104720,5702400,953,2.4025140468157045e-05,0.015756107997390554,2.44148978637499e-05,0.9840291806958473,0.0183641975308642,0.0001671226150392817,0.00016983501944637703,0.33827160493827163,131864,5702400,0.023124298540965208
VIRAT_S_010000_04_000530_000605,VIRAT_S_010000,False,nvenc_qp28_bf2_bqeq,h264_nvenc,True,300,dgt1,1.0,99,5702400,5702360,5655436,5655436,137,405,5700682,45743,54728,5702400,1281,2.4025140468157045e-05,0.008021766426532172,2.4224480658962458e-05,0.9917641694725028,0.00959736251402918,0.0002246422558922559,0.00022650773521263435,0.33827160493827163,84968,5702400,0.014900392817059484
VIRAT_S_010000_04_000530_000605,VIRAT_S_010000,False,nvenc_qp28_bf2_bqeq,h264_nvenc,True,300,dgt1,2.0,99,5702400,5702360,5670540,5670540,138,405,5700682,30668,40544,5702400,1638,2.4200506456975708e-05,0.005378124145090805,2.4336306595139087e-05,0.9944128787878788,0.007109988776655443,0.00028724747474747475,0.00028886137828143353,0.34074074074074073,69940,5702400,0.012265011223344557
VIRAT_S_010000_04_000530_000605,VIRAT_S_010000,False,nvenc_qp28_bf2_bqeq,h264_nvenc,True,300,d1,0.5,1,57600,57600,57452,57452,0,0,57600,148,216,57600,13,0.0,0.0025694444444444445,0.0,0.9974305555555556,0.00375,0.00022569444444444443,0.00022627584766413703,,576,57600,0.01
VIRAT_S_010000_04_000530_000605,VIRAT_S_010000,False,nvenc_qp28_bf2_bqeq,h264_nvenc,True,300,d1,1.0,1,57600,57600,57600,57600,0,0,57600,0,112,57600,19,0.0,0.0,0.0,1.0,0.0019444444444444444,0.0003298611111111111,0.0003298611111111111,,448,57600,0.0077777777777777776
VIRAT_S_010000_04_000530_000605,VIRAT_S_010000,False,nvenc_qp28_bf2_bqeq,h264_nvenc,True,300,d1,2.0,1,57600,57600,57600,57600,0,0,57600,0,96,57600,19,0.0,0.0,0.0,1.0,0.0016666666666666668,0.0003298611111111111,0.0003298611111111111,,432,57600,0.0075
VIRAT_S_010000_04_000530_000605,VIRAT_S_010000,False,nvenc_qp45,h264_nvenc,True,300,d1,0.5,298,17164800,17164754,17135644,17135643,167,763,17160702,26114,197652,17164800,4869,9.729239347094634e-06,0.0015213733910780195,9.74576792945558e-06,0.9983014075316927,0.011514960850111857,0.00028366191275167784,0.0002841445585587562,0.21887287024901703,304432,17164800,0.017735831469052946
VIRAT_S_010000_04_000530_000605,VIRAT_S_010000,False,nvenc_qp45,h264_nvenc,True,300,d1,1.0,298,17164800,17164754,17151308,17151307,167,763,17160702,11147,107252,17164800,7294,9.729239347094634e-06,0.0006494121616890053,9.736867283642e-06,0.9992139727815064,0.006248368754660701,0.00042493941088739745,0.00042527368758114544,0.21887287024901703,229388,17164800,0.013363860924683073
VIRAT_S_010000_04_000530_000605,VIRAT_S_010000,False,nvenc_qp45,h264_nvenc,True,300,d1,2.0,298,17164800,17164754,17159372,17159368,326,763,17160702,4438,79504,17164800,9921,1.8992407348220663e-05,0.00025855307917608373,1.899836870448842e-05,0.9996837714392245,0.004631804623415362,0.0005779851789709172,0.0005781680122093046,0.4272608125819135,198624,17164800,0.01157158836689038
VIRAT_S_010000_04_000530_000605,VIRAT_S_010000,False,x264_crf12,libx264,True,300,d1,0.5,298,17164800,17164754,16971136,16971131,38,763,17160702,190178,0,17164800,4833,2.2138388933508748e-06,0.011079564554202176,2.2390964986364196e-06,0.988717375093214,0.0,0.00028156459731543625,0.0002847776365707045,0.04980340760157274,179444,17164800,0.010454185309470544
VIRAT_S_010000_04_000530_000605,VIRAT_S_010000,False,x264_crf12,libx264,True,300,d1,1.0,298,17164800,17164754,17058712,17058706,55,763,17160702,102960,0,17164800,7217,3.204240503534161e-06,0.005998338222615949,3.224160144386098e-06,0.9938194444444445,0.0,0.0004204534862043251,0.00042306828323263794,0.07208387942332896,148280,17164800,0.008638609246830723
VIRAT_S_010000_04_000530_000605,VIRAT_S_010000,False,x264_crf12,libx264,True,300,d1,2.0,298,17164800,17164754,17087436,17087428,142,763,17160702,75960,0,17164800,10301,8.272766390942743e-06,0.004425347429971907,8.310203267571925e-06,0.9954928691275168,0.0,0.0006001235085756897,0.0006028405900101103,0.18610747051114024,139152,17164800,0.00810682326621924
VIRAT_S_010000_04_000530_000605,VIRAT_S_010000,False,x264_crf45,libx264,True,300,d1,0.5,298,17164800,17164754,17088504,17088499,192,763,17160702,73809,250192,17164800,6978,1.1185712303246524e-05,0.004300032496824598,1.1235626955884188e-05,0.9955550894854586,0.014575876211782251,0.00040652964205816557,0.0004083446976985229,0.2516382699868938,356700,17164800,0.020780900447427295
VIRAT_S_010000_04_000530_000605,VIRAT_S_010000,False,x264_crf45,libx264,True,300,d1,1.0,298,17164800,17164754,17144944,17144939,194,763,17160702,17810,115856,17164800,8366,1.1302230139738676e-05,0.0010375913339626074,1.1315292518684377e-05,0.9988432140193885,0.006749627143922446,0.0004873928038777032,0.000487957266002152,0.254259501965924,237952,17164800,0.013862788963460104
VIRAT_S_010000_04_000530_000605,VIRAT_S_010000,False,x264_crf45,libx264,True,300,d1,2.0,298,17164800,17164754,17156380,17156371,305,763,17160702,7323,81896,17164800,9992,1.7768970065053072e-05,0.000426630058316012,1.777765239513648e-05,0.9995094612229679,0.004771159582401193,0.0005821215510812826,0.0005824072444186944,0.399737876802097,200984,17164800,0.011709079045488442
VIRAT_S_010000_04_000530_000605,VIRAT_S_010000,False,x264_qp24,libx264,True,300,d1,0.5,298,17164800,17164754,16998344,16998340,51,763,17160702,162900,157344,17164800,4301,2.971204830549858e-06,0.009490377782285724,3.0002929697841083e-06,0.9903024794929157,0.009166666666666667,0.00025057093586875465,0.0002530246475774346,0.06684141546526867,258956,17164800,0.015086456002982848
VIRAT_S_010000_04_000530_000605,VIRAT_S_010000,False,x264_qp24,libx264,True,300,d1,1.0,298,17164800,17164754,17066808,17066804,55,763,17160702,94842,69096,17164800,6937,3.204240503534161e-06,0.005525392324294307,3.2226303178966606e-06,0.9942911073825503,0.004025447427293065,0.0004041410328113348,0.0004064614777408875,0.07208387942332896,187032,17164800,0.010896252796420581
VIRAT_S_010000_04_000530_000605,VIRAT_S_010000,False,x264_qp24,libx264,True,300,d1,2.0,298,17164800,17164754,17098488,17098484,173,763,17160702,64941,44700,17164800,10277,1.0078792856571088e-05,0.003783392409818399,1.0117856062560867e-05,0.996136744966443,0.0026041666666666665,0.000598725298284862,0.0006010472972814906,0.22673656618610746,161412,17164800,0.00940366331096197
VIRAT_S_010000_04_000530_000605,VIRAT_S_010000,False,x264_qp24_bf2_pb1,libx264,True,300,B,0.5,198,11404800,11404794,11370084,11370082,90,358,11402420,32951,155096,11404800,3625,7.891418293044136e-06,0.0028892236019344144,7.915510195968683e-06,0.9969560185185186,0.013599186307519641,0.0003178486251402918,0.0003188191045906081,0.25139664804469275,224428,11404800,0.0196783810325477
VIRAT_S_010000_04_000530_000605,VIRAT_S_010000,False,x264_qp24_bf2_pb1,libx264,True,300,B,1.0,198,11404800,11404794,11387328,11387326,127,358,11402420,16024,85252,11404800,5059,1.1135668035740059e-05,0.0014050231858637693,1.1152749995916513e-05,0.9984680134680135,0.007475098204264871,0.0004435851571268238,0.0004442657662974141,0.3547486033519553,167788,11404800,0.014712051066217733
VIRAT_S_010000_04_000530_000605,VIRAT_S_010000,False,x264_qp24_bf2_pb1,libx264,True,300,B,2.0,198,11404800,11404794,11395076,11395073,193,358,11402420,9161,64260,11404800,6702,1.6922708117305757e-05,0.0008032586998064147,1.6937144676475526e-05,0.9991473765432098,0.005634469696969697,0.0005876473063973064,0.0005881487758396697,0.5391061452513967,144904,11404800,0.012705527497194164
VIRAT_S_010000_04_000530_000605,VIRAT_S_010000,False,x264_qp24_bf2_pb1,libx264,True,300,dgt1,0.5,99,5702400,5702360,5554832,5554829,83,405,5700682,146228,146304,5702400,1145,1.4555377071949157e-05,0.02564341781297568,1.4941954108758344e-05,0.97412177328844,0.025656565656565655,0.0002007926487093154,0.00020612684596041787,0.20493827160493827,166128,5702400,0.029132996632996632
VIRAT_S_010000_04_000530_000605,VIRAT_S_010000,False,x264_qp24_bf2_pb1,libx264,True,300,dgt1,1.0,99,5702400,5702360,5617628,5617625,84,405,5700682,83437,83704,5702400,1451,1.4730743060767823e-05,0.014632012009062915,1.4952938296878129e-05,0.9851339786756453,0.014678731762065095,0.00025445426487093154,0.00025829407002386063,0.2074074074074074,106696,5702400,0.018710718294051628
VIRAT_S_010000_04_000530_000605,VIRAT_S_010000,False,x264_qp24_bf2_pb1,libx264,True,300,dgt1,2.0,99,5702400,5702360,5645924,5645920,88,405,5700682,55175,59544,5702400,1844,1.543220701604248e-05,0.009675818433069817,1.5586476606115566e-05,0.9900960998877666,0.010441919191919192,0.0003233726150392817,0.00032660730112555534,0.21728395061728395,83852,5702400,0.014704685746352412
VIRAT_S_010000_04_000530_000605,VIRAT_S_010000,False,x264_qp24_bf2_pb1,libx264,True,300,d1,0.5,1,57600,57600,57312,57312,0,0,57600,288,228,57600,12,0.0,0.005,0.0,0.995,0.003958333333333334,0.00020833333333333335,0.00020938023450586265,,548,57600,0.00951388888888889
VIRAT_S_010000_04_000530_000605,VIRAT_S_010000,False,x264_qp24_bf2_pb1,libx264,True,300,d1,1.0,1,57600,57600,57444,57444,0,0,57600,156,124,57600,19,0.0,0.0027083333333333334,0.0,0.9972916666666667,0.0021527777777777778,0.0003298611111111111,0.0003307569110786157,,460,57600,0.00798611111111111
VIRAT_S_010000_04_000530_000605,VIRAT_S_010000,False,x264_qp24_bf2_pb1,libx264,True,300,d1,2.0,1,57600,57600,57480,57480,0,0,57600,120,72,57600,19,0.0,0.0020833333333333333,0.0,0.9979166666666667,0.00125,0.0003298611111111111,0.00033054975643702155,,440,57600,0.007638888888888889
VIRAT_S_010000_05_000638_000718,VIRAT_S_010000,False,nvenc_qp18,h264_nvenc,True,300,d1,0.5,298,17164800,17164741,16828140,16828139,24,532,17154042,328244,193084,17164800,16893,1.3982150968663029e-06,0.019123154843990946,1.426182657511921e-06,0.9803866051454139,0.011248834824757643,0.0009841652684563758,0.0010038542584028894,0.045112781954887216,0,17164800,0.0
VIRAT_S_010000_05_000638_000718,VIRAT_S_010000,False,nvenc_qp18,h264_nvenc,True,300,d1,1.0,298,17164800,17164741,16916716,16916710,44,532,17154042,242475,167572,17164800,30297,2.5633943442548884e-06,0.014126341900527367,2.600978559069701e-06,0.9855469332587621,0.009762537285607756,0.0017650657158836689,0.0017909504421543755,0.08270676691729323,0,17164800,0.0
VIRAT_S_010000_05_000638_000718,VIRAT_S_010000,False,nvenc_qp18,h264_nvenc,True,300,d1,2.0,298,17164800,17164741,16951740,16951720,213,532,17154042,211344,158940,17164800,38586,1.2409158984688437e-05,0.012312682143004662,1.25650966391611e-05,0.9875873881431767,0.009259647651006711,0.0022479725950782996,0.0022762265112607908,0.40037593984962405,0,17164800,0.0
VIRAT_S_010000_05_000638_000718,VIRAT_S_010000,False,nvenc_qp23,h264_nvenc,True,300,d1,0.5,298,17164800,17164741,16976460,16976459,25,532,17154042,179765,121892,17164800,15917,1.4564740592357322e-06,0.010472922370340455,1.4726274778503573e-06,0.9890275447427294,0.007101277032065622,0.000927304716629381,0.0009375924073687918,0.046992481203007516,228120,17164800,0.013289988814317673
VIRAT_S_010000_05_000638_000718,VIRAT_S_010000,False,nvenc_qp23,h264_nvenc,True,300,d1,1.0,298,17164800,17164741,17055788,17055782,42,532,17154042,103183,68708,17164800,29850,2.44687641951603e-06,0.006011334514164822,2.462508022206194e-06,0.993649095824012,0.00400284302759135,0.0017390240492170023,0.0017501390143920645,0.07894736842105263,181848,17164800,0.01059423937360179
VIRAT_S_010000_05_000638_000718,VIRAT_S_010000,False,nvenc_qp23,h264_nvenc,True,300,d1,2.0,298,17164800,17164741,17089380,17089361,212,532,17154042,73636,51340,17164800,38477,1.2350900022319009e-05,0.004289956953035295,1.2405378995738929e-05,0.9956061241610739,0.0029910048471290082,0.0022416223900074573,0.0022515152685468986,0.39849624060150374,162224,17164800,0.00945096942580164
VIRAT_S_010000_05_000638_000718,VIRAT_S_010000,False,nvenc_qp28,h264_nvenc,True,300,d1,0.5,298,17164800,17164741,17019564,17019563,17,532,17154042,136667,155036,17164800,15671,9.904023602802978e-07,0.007962077610142792,9.988505580313666e-07,0.9915387304250559,0.009032205443698732,0.0009129730611483968,0.0009207638926590598,0.03195488721804511,284552,17164800,0.016577647278150635
VIRAT_S_010000_05_000638_000718,VIRAT_S_010000,False,nvenc_qp28,h264_nvenc,True,300,d1,1.0,298,17164800,17164741,17094160,17094158,32,532,17154042,64685,79176,17164800,29669,1.864286795821737e-06,0.0037684809808665332,1.8719845692311958e-06,0.995884601043997,0.004612695749440716,0.0017284792132736763,0.001735621990200162,0.06015037593984962,216508,17164800,0.012613488068605518
VIRAT_S_010000_05_000638_000718,VIRAT_S_010000,False,nvenc_qp28,h264_nvenc,True,300,d1,2.0,298,17164800,17164741,17124548,17124531,204,532,17154042,38436,57484,17164800,38489,1.1884828323363574e-05,0.002239241477631384,1.1912735011545717e-05,0.9976549683072334,0.00334894668158091,0.002242321495152871,0.0022475921700239915,0.38345864661654133,192544,17164800,0.01121737509321402
VIRAT_S_010000_05_000638_000718,VIRAT_S_010000,False,nvenc_qp28_bf2_bqeq,h264_nvenc,True,300,B,0.5,198,11404800,11404753,11288820,11288804,60,335,11397222,111142,173592,11404800,13723,5.260964441755117e-06,0.009745235166425788,5.315000597051734e-06,0.9898305976430977,0.015220959595959595,0.0012032652918069584,0.0012156274969394498,0.1791044776119403,267300,11404800,0.0234375
VIRAT_S_010000_05_000638_000718,VIRAT_S_010000,False,nvenc_qp28_bf2_bqeq,h264_nvenc,True,300,B,1.0,198,11404800,11404753,11354124,11354107,75,335,11397222,47639,92904,11404800,20708,6.5762055521938965e-06,0.0041771180840128675,6.605539299567989e-06,0.9955566077441077,0.008146043771043771,0.001815726711560045,0.0018238307067986927,0.22388059701492538,192452,11404800,0.016874649270482604
VIRAT_S_010000_05_000638_000718,VIRAT_S_010000,False,nvenc_qp28_bf2_bqeq,h264_nvenc,True,300,B,2.0,198,11404800,11404753,11383148,11383114,199,335,11397222,20654,63004,11404800,25498,1.7448865398487805e-05,0.0018109993263335032,1.7482035232186905e-05,0.9981015011223344,0.005524340628507295,0.0022357253086419753,0.0022399779041790547,0.5940298507462687,160204,11404800,0.014047067901234568
VIRAT_S_010000_05_000638_000718,VIRAT_S_010000,False,nvenc_qp28_bf2_bqeq,h264_nvenc,True,300,dgt1,0.5,99,5702400,5702388,5589388,5589385,18,197,5699220,110394,117744,5702400,2788,3.1565722991841314e-06,0.019359257910896276,3.2203900786938097e-06,0.9801816778900112,0.020648148148148148,0.0004889169472502805,0.0004988023733546499,0.09137055837563451,153968,5702400,0.027000561167227835
VIRAT_S_010000_05_000638_000718,VIRAT_S_010000,False,nvenc_qp28_bf2_bqeq,h264_nvenc,True,300,dgt1,1.0,99,5702400,5702388,5636612,5636609,19,197,5699220,63314,71592,5702400,4121,3.331937426916583e-06,0.01110306769725245,3.3708210024857142e-06,0.9884631032547699,0.012554713804713805,0.0007226781705948372,0.0007311129451521588,0.09644670050761421,109072,5702400,0.019127384960718294
VIRAT_S_010000_05_000638_000718,VIRAT_S_010000,False,nvenc_qp28_bf2_bqeq,h264_nvenc,True,300,dgt1,2.0,99,5702400,5702388,5659244,5659240,25,197,5699220,41054,51220,5702400,7175,4.384128193311293e-06,0.007199439953928074,4.417554300577463e-06,0.9924319584736251,0.008982182940516274,0.0012582421436588102,0.0012678371881473922,0.12690355329949238,87792,5702400,0.015395622895622896
VIRAT_S_010000_05_000638_000718,VIRAT_S_010000,False,nvenc_qp28_bf2_bqeq,h264_nvenc,True,300,d1,0.5,1,57600,57600,57548,57548,0,0,57600,52,84,57600,0,0.0,0.0009027777777777777,0.0,0.9990972222222222,0.0014583333333333334,0.0,0.0,,468,57600,0.008125
VIRAT_S_010000_05_000638_000718,VIRAT_S_010000,False,nvenc_qp28_bf2_bqeq,h264_nvenc,True,300,d1,1.0,1,57600,57600,57600,57600,0,0,57600,0,16,57600,0,0.0,0.0,0.0,1.0,0.0002777777777777778,0.0,0.0,,320,57600,0.005555555555555556
VIRAT_S_010000_05_000638_000718,VIRAT_S_010000,False,nvenc_qp28_bf2_bqeq,h264_nvenc,True,300,d1,2.0,1,57600,57600,57600,57600,0,0,57600,0,16,57600,0,0.0,0.0,0.0,1.0,0.0002777777777777778,0.0,0.0,,320,57600,0.005555555555555556
VIRAT_S_010000_05_000638_000718,VIRAT_S_010000,False,nvenc_qp45,h264_nvenc,True,300,d1,0.5,298,17164800,17164741,17091884,17091876,41,532,17154042,65529,190452,17164800,18831,2.3886174571466006e-06,0.0038176515451063316,2.3988004593527357e-06,0.9957520041014168,0.011095497762863536,0.001097070749440716,0.001101750983098177,0.07706766917293233,332224,17164800,0.01935495898583147
VIRAT_S_010000_05_000638_000718,VIRAT_S_010000,False,nvenc_qp45,h264_nvenc,True,300,d1,1.0,298,17164800,17164741,17131252,17131242,66,532,17154042,28025,106172,17164800,29079,3.845091516382333e-06,0.0016327074204032558,3.852610336133247e-06,0.9980455350484713,0.006185449291573453,0.001694106543624161,0.0016974240995345816,0.12406015037593984,252832,17164800,0.014729679343773304
VIRAT_S_010000_05_000638_000718,VIRAT_S_010000,False,nvenc_qp45,h264_nvenc,True,300,d1,2.0,298,17164800,17164741,17153392,17153367,226,532,17154042,9418,75016,17164800,37927,1.3166525495491018e-05,0.000548682907595285,1.3175255913314278e-05,0.9993353840417599,0.004370339299030575,0.0022095800708426547,0.002211049569671118,0.424812030075188,217660,17164800,0.01268060216256525
VIRAT_S_010000_05_000638_000718,VIRAT_S_010000,False,x264_crf12,libx264,True,300,d1,0.5,298,17164800,17164741,16973656,16973652,53,532,17154042,183165,0,17164800,19529,3.087725005579752e-06,0.010671002842396514,3.1224865456178787e-06,0.9888641871737509,0.0,0.001137735365398956,0.0011505476486621386,0.09962406015037593,193084,17164800,0.011248834824757643
VIRAT_S_010000_05_000638_000718,VIRAT_S_010000,False,x264_crf12,libx264,True,300,d1,1.0,298,17164800,17164741,17065888,17065880,70,532,17154042,93717,0,17164800,32113,4.07812736586005e-06,0.005459855176375804,4.101751565111204e-06,0.994237509321402,0.0,0.0018708636278896346,0.00188170694662944,0.13157894736842105,167572,17164800,0.009762537285607756
VIRAT_S_010000_05_000638_000718,VIRAT_S_010000,False,x264_crf12,libx264,True,300,d1,2.0,298,17164800,17164741,17096224,17096200,236,532,17154042,67288,0,17164800,39967,1.3749115119185311e-05,0.0039201290599141575,1.38042371989097e-05,0.9960048471290082,0.0,0.0023284279455630125,0.002337767684840816,0.44360902255639095,158940,17164800,0.009259647651006711
VIRAT_S_010000_05_000638_000718,VIRAT_S_010000,False,x264_crf45,libx264,True,300,d1,0.5,298,17164800,17164741,17046772,17046758,131,532,17154042,112167,253372,17164800,25833,7.631924070395236e-06,0.006534733032091775,7.684745685953892e-06,0.9931238348247576,0.014761139075316928,0.0015049986017897092,0.0015154188722650834,0.2462406015037594,395216,17164800,0.023024794929157346
VIRAT_S_010000_05_000638_000718,VIRAT_S_010000,False,x264_crf45,libx264,True,300,d1,1.0,298,17164800,17164741,17129964,17129945,170,532,17154042,30710,114484,17164800,32443,9.904023602802979e-06,0.0017891327343651734,9.92414161283063e-06,0.9979704977628635,0.0066696961222967935,0.001890089019388516,0.0018939327601622514,0.31954887218045114,262240,17164800,0.015277777777777777
VIRAT_S_010000_05_000638_000718,VIRAT_S_010000,False,x264_crf45,libx264,True,300,d1,2.0,298,17164800,17164741,17152756,17152725,274,532,17154042,10355,75860,17164800,38721,1.5962955689223624e-05,0.0006032715553354402,1.5974138220020434e-05,0.9992983314690529,0.004419509694258017,0.002255837527964206,0.002257421489584531,0.5150375939849624,219424,17164800,0.012783370618941088
VIRAT_S_010000_05_000638_000718,VIRAT_S_010000,False,x264_qp24,libx264,True,300,d1,0.5,298,17164800,17164741,16973028,16973027,33,532,17154042,183438,129780,17164800,17078,1.9225457581911664e-06,0.01068690753912337,1.94426132710447e-06,0.988827600671141,0.007560822147651007,0.000994943139448173,0.0010061846360001291,0.06203007518796992,264512,17164800,0.015410141685309471
VIRAT_S_010000_05_000638_000718,VIRAT_S_010000,False,x264_qp24,libx264,True,300,d1,1.0,298,17164800,17164741,17062220,17062213,49,532,17154042,97031,60660,17164800,30909,2.854689156102035e-06,0.005652925377668093,2.8718431776698603e-06,0.9940238161819538,0.0035339765100671143,0.0018007200782997762,0.0018115462114543124,0.09210526315789473,201864,17164800,0.011760346756152125
VIRAT_S_010000_05_000638_000718,VIRAT_S_010000,False,x264_qp24,libx264,True,300,d1,2.0,298,17164800,17164741,17100636,17100610,219,532,17154042,62781,38532,17164800,39563,1.2758712758905013e-05,0.00365755591651514,1.2806560701635789e-05,0.996261884787472,0.0022448266219239374,0.0023048914056674123,0.0023135396835532902,0.4116541353383459,179512,17164800,0.010458146905294556
VIRAT_S_010000_05_000638_000718,VIRAT_S_010000,False,x264_qp24_bf2_pb1,libx264,True,300,B,0.5,198,11404800,11404753,11343624,11343618,55,335,11397222,56640,134532,11404800,13501,4.822550738275525e-06,0.004966350433016831,4.8485412678741474e-06,0.9946359427609428,0.011796085858585858,0.0011837998035914702,0.0011901840187932887,0.16417910447761194,226408,11404800,0.01985199214365881
VIRAT_S_010000_05_000638_000718,VIRAT_S_010000,False,x264_qp24_bf2_pb1,libx264,True,300,B,1.0,198,11404800,11404753,11376760,11376748,63,335,11397222,25119,77564,11404800,20520,5.524012663842873e-06,0.00220250276354078,5.53761057201935e-06,0.9975413860830528,0.006800996071829405,0.0017992424242424243,0.001803676969541416,0.1880597014925373,175296,11404800,0.015370370370370371
VIRAT_S_010000_05_000638_000718,VIRAT_S_010000,False,x264_qp24_bf2_pb1,libx264,True,300,B,2.0,198,11404800,11404753,11392968,11392943,175,335,11397222,10983,57448,11404800,25618,1.534447962178576e-05,0.0009630195410632742,1.5360385810760223e-05,0.9989625420875421,0.005037177328843996,0.002246247194163861,0.002248580001277981,0.5223880597014925,153480,11404800,0.013457491582491583
VIRAT_S_010000_05_000638_000718,VIRAT_S_010000,False,x264_qp24_bf2_pb1,libx264,True,300,dgt1,0.5,99,5702400,5702388,5546216,5546213,20,197,5699220,153725,145860,5702400,3667,3.5073025546490348e-06,0.026958004260671145,3.6060641738786447e-06,0.9726108305274972,0.025578703703703704,0.0006430625701459035,0.000661171508646616,0.10152284263959391,173084,5702400,0.03035283389450056
VIRAT_S_010000_05_000638_000718,VIRAT_S_010000,False,x264_qp24_bf2_pb1,libx264,True,300,dgt1,1.0,99,5702400,5702388,5607764,5607761,28,197,5699220,92358,91336,5702400,5110,4.910223576508648e-06,0.01619637246711378,4.9930801259183475e-06,0.9834041806958473,0.016017115600448932,0.0008961139169472503,0.0009112366354932197,0.14213197969543148,121112,5702400,0.021238776655443322
VIRAT_S_010000_05_000638_000718,VIRAT_S_010000,False,x264_qp24_bf2_pb1,libx264,True,300,dgt1,2.0,99,5702400,5702388,5639432,5639428,35,197,5699220,61066,64480,5702400,8403,6.137779470635811e-06,0.010708846890109898,6.206303192451433e-06,0.9889576318742985,0.011307519640852973,0.0014735900673400674,0.0014900436781576584,0.17766497461928935,95372,5702400,0.016724887766554432
VIRAT_S_010000_05_000638_000718,VIRAT_S_010000,False,x264_qp24_bf2_pb1,libx264,True,300,d1,0.5,1,57600,57600,57464,57464,0,0,57600,136,136,57600,0,0.0,0.002361111111111111,0.0,0.9976388888888889,0.002361111111111111,0.0,0.0,,456,57600,0.007916666666666667
VIRAT_S_010000_05_000638_000718,VIRAT_S_010000,False,x264_qp24_bf2_pb1,libx264,True,300,d1,1.0,1,57600,57600,57568,57568,0,0,57600,32,16,57600,0,0.0,0.0005555555555555556,0.0,0.9994444444444445,0.0002777777777777778,0.0,0.0,,288,57600,0.005
VIRAT_S_010000_05_000638_000718,VIRAT_S_010000,False,x264_qp24_bf2_pb1,libx264,True,300,d1,2.0,1,57600,57600,57584,57584,0,0,57600,16,0,57600,0,0.0,0.0002777777777777778,0.0,0.9997222222222222,0.0,0.0,0.0,,304,57600,0.005277777777777778
VIRAT_S_010000_06_000728_000762,VIRAT_S_010000,True,nvenc_qp18,h264_nvenc,True,300,d1,0.5,298,17164800,17164629,14419152,14419123,174,2899,16194819,1833962,294780,17164800,109056,1.0137125597063589e-05,0.10684542031173526,1.2067308115757109e-05,0.8400419463087249,0.017173517897091723,0.006353467561521253,0.007563274178675695,0.06002069679199724,0,17164800,0.0
VIRAT_S_010000_06_000728_000762,VIRAT_S_010000,True,nvenc_qp18,h264_nvenc,True,300,d1,1.0,298,17164800,17164629,16407400,16407364,263,2899,16194819,527429,230732,17164800,319461,1.5322207080619105e-05,0.030727666761687655,1.602938777977986e-05,0.9558748135719612,0.013442160700969426,0.0186114024049217,0.019470543779026538,0.09072093825457055,0,17164800,0.0
VIRAT_S_010000_06_000728_000762,VIRAT_S_010000,True,nvenc_qp18,h264_nvenc,True,300,d1,2.0,298,17164800,17164629,16821572,16821529,509,2899,16194819,309445,188748,17164800,368374,2.965400533853659e-05,0.018028062243582426,3.0258842700922133e-05,0.980003961595824,0.010996224832214765,0.02146101323639075,0.02189890457324678,0.1755777854432563,0,17164800,0.0
VIRAT_S_010000_06_000728_000762,VIRAT_S_010000,True,nvenc_qp23,h264_nvenc,True,300,d1,0.5,298,17164800,17164629,14587040,14587022,142,2899,16194819,1671105,324596,17164800,108694,8.27282663668408e-06,0.09735747856828132,9.73468059484657e-06,0.8498228933631619,0.018910561148396718,0.006332377889634601,0.0074514089218923095,0.048982407726802346,427336,17164800,0.024896066368381806
VIRAT_S_010000_06_000728_000762,VIRAT_S_010000,True,nvenc_qp23,h264_nvenc,True,300,d1,1.0,298,17164800,17164629,16542168,16542140,232,2899,16194819,397214,189060,17164800,318424,1.3516167462751452e-05,0.02314142647650584,1.4024787603054986e-05,0.9637262304250559,0.011014401565995527,0.018550988068605518,0.019249230209728255,0.08002759572266299,315424,17164800,0.01837621178225205
VIRAT_S_010000_06_000728_000762,VIRAT_S_010000,True,nvenc_qp23,h264_nvenc,True,300,d1,2.0,298,17164800,17164629,16954664,16954629,485,2899,16194819,178154,98440,17164800,367823,2.825578111825196e-05,0.010379134905857854,2.8605757165196597e-05,0.9877577367636092,0.005734992542878449,0.021428912658463833,0.021694502468465313,0.16729906864436012,221292,17164800,0.01289219798657718
VIRAT_S_010000_06_000728_000762,VIRAT_S_010000,True,nvenc_qp28,h264_nvenc,True,300,d1,0.5,298,17164800,17164629,14635676,14635662,192,2899,16194819,1627033,605232,17164800,107600,1.1185793762277063e-05,0.09478987282509864,1.3118641302320318e-05,0.8526563665175242,0.03526006711409396,0.006268642803877704,0.007351898197254435,0.06622973439116937,724196,17164800,0.042190762490678595
VIRAT_S_010000_06_000728_000762,VIRAT_S_010000,True,nvenc_qp28,h264_nvenc,True,300,d1,1.0,298,17164800,17164629,16581916,16581888,267,2899,16194819,361115,305384,17164800,316632,1.5555244450666543e-05,0.02103832247117022,1.6101905886712056e-05,0.9660418997017152,0.017791293810589113,0.01844658836689038,0.019095018935085667,0.0921007243877199,451636,17164800,0.026311754287844893
VIRAT_S_010000_06_000728_000762,VIRAT_S_010000,True,nvenc_qp28,h264_nvenc,True,300,d1,2.0,298,17164800,17164629,16966260,16966225,530,2899,16194819,165139,152644,17164800,366088,3.0877451531285644e-05,0.009620889563066,3.12385342054582e-05,0.9884333053691275,0.0088928504847129,0.02132783370618941,0.02157741305390817,0.18282166264229044,294080,17164800,0.017132736763609248
VIRAT_S_010000_06_000728_000762,VIRAT_S_010000,True,nvenc_qp28_bf2_bqeq,h264_nvenc,True,300,B,0.5,198,11404800,11404703,9634648,9634593,434,1763,10808445,1365886,1479500,11404800,100436,3.805447629806756e-05,0.11976515302502835,4.504601284143502e-05,0.8447888608305275,0.12972608024691357,0.008806467452300785,0.010424459720791045,0.24617129892229156,1568200,11404800,0.13750350729517397
VIRAT_S_010000_06_000728_000762,VIRAT_S_010000,True,nvenc_qp28_bf2_bqeq,h264_nvenc,True,300,B,1.0,198,11404800,11404703,10904568,10904508,667,1763,10808445,371875,571416,11404800,195286,5.8484644448873414e-05,0.03260716215056192,6.116736307589485e-05,0.956138468013468,0.050103114478114476,0.0171231411335578,0.01790864158946966,0.37833238797504254,677832,11404800,0.05943392255892256
VIRAT_S_010000_06_000728_000762,VIRAT_S_010000,True,nvenc_qp28_bf2_bqeq,h264_nvenc,True,300,B,2.0,198,11404800,11404703,11257196,11257133,1126,1763,10808445,122008,209544,11404800,224985,9.873119887470985e-05,0.010698042728512965,0.0001000254682964126,0.9870577300785635,0.0183733164983165,0.01972722011784512,0.019985882807761365,0.6386840612592173,314736,11404800,0.027596801346801345
VIRAT_S_010000_06_000728_000762,VIRAT_S_010000,True,nvenc_qp28_bf2_bqeq,h264_nvenc,True,300,dgt1,0.5,99,5702400,5702326,4236700,4236699,105,1136,5328774,1206665,1262472,5702400,56745,1.8413538615645616e-05,0.21160926260617158,2.478344579116902e-05,0.7429678731762065,0.22139309764309764,0.009951073232323233,0.01339367904265112,0.09242957746478873,1284380,5702400,0.22523498877665543
VIRAT_S_010000_06_000728_000762,VIRAT_S_010000,True,nvenc_qp28_bf2_bqeq,h264_nvenc,True,300,dgt1,1.0,99,5702400,5702326,5243920,5243914,127,1136,5328774,340236,518876,5702400,112344,2.227161337320946e-05,0.059666178327931446,2.4218551257705598e-05,0.9195987654320987,0.0909925645342312,0.019701178451178452,0.021423667790507864,0.11179577464788733,555924,5702400,0.09748947811447811
VIRAT_S_010000_06_000728_000762,VIRAT_S_010000,True,nvenc_qp28_bf2_bqeq,h264_nvenc,True,300,dgt1,2.0,99,5702400,5702326,5561944,5561934,172,1136,5328774,119059,150236,5702400,136035,3.0163129922771864e-05,0.020879023752763345,3.092449496883638e-05,0.9753689674523008,0.026346099887766556,0.02385574494949495,0.024458175055340363,0.15140845070422534,188324,5702400,0.03302539281705948
VIRAT_S_010000_06_000728_000762,VIRAT_S_010000,True,nvenc_qp28_bf2_bqeq,h264_nvenc,True,300,d1,0.5,1,57600,57600,53032,53032,0,0,57600,4568,2148,57600,476,0.0,0.07930555555555556,0.0,0.9206944444444445,0.03729166666666667,0.008263888888888888,0.00897571277719113,,2544,57600,0.04416666666666667
VIRAT_S_010000_06_000728_000762,VIRAT_S_010000,True,nvenc_qp28_bf2_bqeq,h264_nvenc,True,300,d1,1.0,1,57600,57600,56492,56492,0,0,57600,1108,980,57600,500,0.0,0.01923611111111111,0.0,0.9807638888888889,0.017013888888888887,0.008680555555555556,0.008850810734263258,,1360,57600,0.02361111111111111
VIRAT_S_010000_06_000728_000762,VIRAT_S_010000,True,nvenc_qp28_bf2_bqeq,h264_nvenc,True,300,d1,2.0,1,57600,57600,57136,57136,0,0,57600,464,392,57600,513,0.0,0.008055555555555555,0.0,0.9919444444444444,0.006805555555555555,0.00890625,0.008978577429291515,,716,57600,0.012430555555555556
VIRAT_S_010000_06_000728_000762,VIRAT_S_010000,True,nvenc_qp45,h264_nvenc,True,300,d1,0.5,298,17164800,17164629,15897508,15897472,1016,2899,16194819,705148,1977672,17164800,158318,5.9191491992049466e-05,0.04108145885355285,6.390953228286862e-05,0.9261691368381805,0.1152167225950783,0.009223410700969426,0.009958667735848914,0.3504656778199379,2109500,17164800,0.1228968586875466
VIRAT_S_010000_06_000728_000762,VIRAT_S_010000,True,nvenc_qp45,h264_nvenc,True,300,d1,1.0,298,17164800,17164629,16937068,16937026,1481,2899,16194819,83365,578320,17164800,330367,8.628208626006423e-05,0.004856790088501184,8.744156146421455e-05,0.986732615585384,0.03369220730797912,0.019246772464578673,0.019505560230377538,0.5108658157985512,750212,17164800,0.043706422445935866
VIRAT_S_010000_06_000728_000762,VIRAT_S_010000,True,nvenc_qp45,h264_nvenc,True,300,d1,2.0,298,17164800,17164629,17119204,17119142,1779,2899,16194819,27137,203804,17164800,371166,0.00010364337032859842,0.0015809837777443368,0.00010391875947988515,0.9973436334824758,0.0118733687546607,0.021623671700223713,0.021681265086858012,0.6136598827181787,366040,17164800,0.021325037285607754
VIRAT_S_010000_06_000728_000762,VIRAT_S_010000,True,x264_crf12,libx264,True,300,d1,0.5,298,17164800,17164629,14552388,14552342,261,2899,16194819,1698834,0,17164800,110878,1.5205688395595384e-05,0.09897295187679267,1.7935257431415506e-05,0.847804110738255,0.0,0.006459615026099925,0.007619230603252195,0.09003104518799586,294780,17164800,0.017173517897091723
VIRAT_S_010000_06_000728_000762,VIRAT_S_010000,True,x264_crf12,libx264,True,300,d1,1.0,298,17164800,17164629,16584988,16584933,364,2899,16194819,358887,0,17164800,323931,2.1206400674316933e-05,0.020908520656053795,2.194763162443888e-05,0.9662208706189411,0.0,0.018871819071588365,0.019531578798851104,0.12556053811659193,230732,17164800,0.013442160700969426
VIRAT_S_010000_06_000728_000762,VIRAT_S_010000,True,x264_crf12,libx264,True,300,d1,2.0,298,17164800,17164629,16987056,16986992,642,2899,16194819,151405,0,17164800,371978,3.740249789261393e-05,0.008820755753008119,3.779362467469226e-05,0.9896448545861297,0.0,0.021670977815063386,0.02189773201430548,0.2214556743704726,188748,17164800,0.010996224832214765
VIRAT_S_010000_06_000728_000762,VIRAT_S_010000,True,x264_crf45,libx264,True,300,d1,0.5,298,17164800,17164629,14081192,14081097,1415,2899,16194819,2250236,2471484,17164800,122106,8.243696965428149e-05,0.13109726985651715,0.00010048932977309935,0.8203528150633855,0.14398559843400446,0.007113744407158837,0.008671567009383865,0.48809934460158677,2579008,17164800,0.1502498135719612
VIRAT_S_010000_06_000728_000762,VIRAT_S_010000,True,x264_crf45,libx264,True,300,d1,1.0,298,17164800,17164629,16909340,16909237,2304,2899,16194819,76417,619752,17164800,334204,0.00013422952514732477,0.004452004176728783,0.00013625688728592544,0.985117216629381,0.03610598434004474,0.01947031133482476,0.01976446153427632,0.7947568126940324,791564,17164800,0.04611553877703207
VIRAT_S_010000_06_000728_000762,VIRAT_S_010000,True,x264_crf45,libx264,True,300,d1,2.0,298,17164800,17164629,17146048,17145938,2393,2899,16194819,15559,187376,17164800,377963,0.00013941460663088027,0.0009064571101420252,0.00013956658422537162,0.9989075316927666,0.010916293810589112,0.022019656506338553,0.022043738592123385,0.8254570541566058,351500,17164800,0.020477954884414618
VIRAT_S_010000_06_000728_000762,VIRAT_S_010000,True,x264_qp24,libx264,True,300,d1,0.5,298,17164800,17164629,14513556,14513519,181,2899,16194819,1733750,513528,17164800,111332,1.0544940994646608e-05,0.10100713507993676,1.2471131225996948e-05,0.8455418064876957,0.029917505592841162,0.006486064504101417,0.00767089746992398,0.06243532252500862,668756,17164800,0.03896089671886652
VIRAT_S_010000_06_000728_000762,VIRAT_S_010000,True,x264_qp24,libx264,True,300,d1,1.0,298,17164800,17164629,16585048,16584999,303,2899,16194819,363980,206700,17164800,325430,1.7652580781093492e-05,0.0212052354874667,1.826952175275983e-05,0.9662243661446681,0.012042086129753915,0.018959148956002984,0.0196218907536475,0.10451879958606416,379544,17164800,0.02211176360924683
VIRAT_S_010000_06_000728_000762,VIRAT_S_010000,True,x264_qp24,libx264,True,300,d1,2.0,298,17164800,17164629,16995612,16995555,557,2899,16194819,144681,81476,17164800,372469,3.245045377910586e-05,0.008429019933958375,3.2773275129879545e-05,0.9901433165548098,0.004746690902311708,0.021699582867263235,0.02191559797905483,0.19213521904104863,241488,17164800,0.014068791946308725
VIRAT_S_010000_06_000728_000762,VIRAT_S_010000,True,x264_qp24_bf2_pb1,libx264,True,300,B,0.5,198,11404800,11404703,9615732,9615680,393,1763,10808445,1328427,1312496,11404800,93796,3.4459468168526614e-05,0.11648063084150459,4.087074445073047e-05,0.8431302609427609,0.1150827721661055,0.00822425645342312,0.009754431591895448,0.22291548496880317,1408476,11404800,0.12349852693602693
VIRAT_S_010000_06_000728_000762,VIRAT_S_010000,True,x264_qp24_bf2_pb1,libx264,True,300,B,1.0,198,11404800,11404703,11075364,11075307,637,1763,10808445,221150,437500,11404800,204996,5.5854150695550776e-05,0.01939112311824341,5.751533569227471e-05,0.9711142676767677,0.038361040965207635,0.017974537037037035,0.018509188501614936,0.36131593874078277,551372,11404800,0.0483456088664422
VIRAT_S_010000_06_000728_000762,VIRAT_S_010000,True,x264_qp24_bf2_pb1,libx264,True,300,B,2.0,198,11404800,11404703,11349032,11348974,1091,1763,10808445,45892,130444,11404800,231340,9.566228949583343e-05,0.004023953977582757,9.613203801506639e-05,0.9951101290684624,0.011437640291806958,0.020284441638608305,0.02038411734146137,0.6188315371525809,239156,11404800,0.02096976711560045
VIRAT_S_010000_06_000728_000762,VIRAT_S_010000,True,x264_qp24_bf2_pb1,libx264,True,300,dgt1,0.5,99,5702400,5702326,4172816,4172810,69,1136,5328774,1265358,1290212,5702400,58401,1.2100325375995691e-05,0.22190207995824862,1.653561988204591e-05,0.7317648709315376,0.22625771604938272,0.010241477272727272,0.013995584756193419,0.06073943661971831,1310256,5702400,0.22977272727272727
VIRAT_S_010000_06_000728_000762,VIRAT_S_010000,True,x264_qp24_bf2_pb1,libx264,True,300,dgt1,1.0,99,5702400,5702326,5257884,5257876,94,1136,5328774,333426,509648,5702400,116702,1.6484501236863694e-05,0.058471928823431,1.7877941587059107e-05,0.922047558922559,0.08937429854096521,0.020465418069584736,0.022195620899966604,0.08274647887323944,541872,5702400,0.09502525252525253
VIRAT_S_010000_06_000728_000762,VIRAT_S_010000,True,x264_qp24_bf2_pb1,libx264,True,300,dgt1,2.0,99,5702400,5702326,5590360,5590351,308,1136,5328774,99362,123012,5702400,139898,5.4013046605893806e-05,0.017424819275502663,5.5094930532984425e-05,0.9803521324354658,0.021571969696969697,0.02453317901234568,0.025024864230568336,0.2711267605633803,156780,5702400,0.02749368686868687
VIRAT_S_010000_06_000728_000762,VIRAT_S_010000,True,x264_qp24_bf2_pb1,libx264,True,300,d1,0.5,1,57600,57600,52392,52392,0,0,57600,5208,2620,57600,491,0.0,0.09041666666666667,0.0,0.9095833333333333,0.04548611111111111,0.008524305555555556,0.009371659795388608,,3080,57600,0.05347222222222222
VIRAT_S_010000_06_000728_000762,VIRAT_S_010000,True,x264_qp24_bf2_pb1,libx264,True,300,d1,1.0,1,57600,57600,56320,56320,0,0,57600,1280,832,57600,513,0.0,0.022222222222222223,0.0,0.9777777777777777,0.014444444444444444,0.00890625,0.009108664772727273,,1276,57600,0.022152777777777778
VIRAT_S_010000_06_000728_000762,VIRAT_S_010000,True,x264_qp24_bf2_pb1,libx264,True,300,d1,2.0,1,57600,57600,57184,57184,0,0,57600,416,248,57600,523,0.0,0.007222222222222222,0.0,0.9927777777777778,0.0043055555555555555,0.009079861111111111,0.009145914941242306,,636,57600,0.011041666666666667
VIRAT_S_010000_07_000827_000860,VIRAT_S_010000,True,nvenc_qp18,h264_nvenc,True,300,d1,0.5,298,17164800,17163877,16835972,16835891,291,3491,17150688,317436,190868,17164800,9275,1.6954211452342615e-05,0.018494422909229657,1.728450249529413e-05,0.9808428877703207,0.011119733407904548,0.0005403500186428039,0.0005509037434844867,0.08335720423947293,0,17164800,0.0
VIRAT_S_010000_07_000827_000860,VIRAT_S_010000,True,nvenc_qp18,h264_nvenc,True,300,d1,1.0,298,17164800,17163877,16903452,16903366,368,3491,17150688,251933,169928,17164800,14150,2.1440377369285507e-05,0.014678093999391862,2.1770811801625783e-05,0.9847741890380313,0.009899794929157345,0.0008243614839671887,0.0008371071187116099,0.10541392151246061,0,17164800,0.0
VIRAT_S_010000_07_000827_000860,VIRAT_S_010000,True,nvenc_qp18,h264_nvenc,True,300,d1,2.0,298,17164800,17163877,16941016,16940921,585,3491,17150688,217650,161892,17164800,21789,3.408320858976093e-05,0.012680701452241821,3.4531770734306596e-05,0.9869626211782252,0.009431627516778524,0.0012694001677852349,0.0012861684328732113,0.16757376109997135,0,17164800,0.0
VIRAT_S_010000_07_000827_000860,VIRAT_S_010000,True,nvenc_qp23,h264_nvenc,True,300,d1,0.5,298,17164800,17163877,16988892,16988831,253,3491,17150688,164288,117588,17164800,8455,1.4740259441383785e-05,0.009571730209905373,1.48921370752349e-05,0.989751817673378,0.006850531319910515,0.0004925778337061894,0.0004976781299215982,0.07247207103981668,225040,17164800,0.01311055182699478
VIRAT_S_010000_07_000827_000860,VIRAT_S_010000,True,nvenc_qp23,h264_nvenc,True,300,d1,1.0,298,17164800,17163877,17045580,17045515,324,3491,17150688,109522,73632,17164800,13685,1.887685398817528e-05,0.006380959266953498,1.9007932585199097e-05,0.9930543903803132,0.004289709172259508,0.0007972711595824012,0.00080284742437629,0.09281008307075336,184616,17164800,0.010755499627143922
VIRAT_S_010000_07_000827_000860,VIRAT_S_010000,True,nvenc_qp23,h264_nvenc,True,300,d1,2.0,298,17164800,17163877,17081500,17081423,547,3491,17150688,77042,55064,17164800,21464,3.18692565788021e-05,0.004488612916533951,3.2023093157988066e-05,0.9951470451155854,0.0032079604772557793,0.0012504660700969426,0.0012565641190761935,0.1566886279003151,165204,17164800,0.009624580536912751
VIRAT_S_010000_07_000827_000860,VIRAT_S_010000,True,nvenc_qp28,h264_nvenc,True,300,d1,0.5,298,17164800,17163877,17036044,17035968,285,3491,17150688,117320,141716,17164800,8500,1.660464008219122e-05,0.00683528552436026,1.672931059743714e-05,0.9924988348247576,0.008256198732289336,0.0004951994780014915,0.0004989421252962248,0.08163849899742194,272824,17164800,0.015894388516032813
VIRAT_S_010000_07_000827_000860,VIRAT_S_010000,True,nvenc_qp28,h264_nvenc,True,300,d1,1.0,298,17164800,17163877,17084984,17084903,336,3491,17150688,70154,83124,17164800,13755,1.957599672847807e-05,0.00408730498360015,1.9666485668663148e-05,0.9953500186428039,0.0048427013422818795,0.0008013492729306488,0.0008050929400928909,0.09624749355485535,218676,17164800,0.012739793064876957
VIRAT_S_010000_07_000827_000860,VIRAT_S_010000,True,nvenc_qp28,h264_nvenc,True,300,d1,2.0,298,17164800,17163877,17115816,17115725,542,3491,17150688,42728,61732,17164800,21424,3.1577947103675935e-05,0.002489414250638128,3.166678595268386e-05,0.9971462527964206,0.00359642990305742,0.0012481357196122297,0.0012517077771810588,0.15525637353193927,196200,17164800,0.01143036912751678
VIRAT_S_010000_07_000827_000860,VIRAT_S_010000,True,nvenc_qp28_bf2_bqeq,h264_nvenc,True,300,B,0.5,198,11404800,11404170,11296288,11295855,626,2349,11395421,102630,164764,11404800,9377,5.489220171218072e-05,0.008999339715209437,5.54185584004044e-05,0.9904854096520763,0.014446899551066218,0.0008221976711560045,0.0008300956916112621,0.2664963814389102,260012,11404800,0.022798470819304154
VIRAT_S_010000_07_000827_000860,VIRAT_S_010000,True,nvenc_qp28_bf2_bqeq,h264_nvenc,True,300,B,1.0,198,11404800,11404170,11350200,11349752,659,2349,11395421,49732,97552,11404800,11672,5.7785880077199833e-05,0.004360860983306983,5.8062942696897697e-05,0.9952125420875421,0.008553591470258137,0.001023428731762065,0.0010283519233141266,0.28054491272882076,196028,11404800,0.017188201459034793
VIRAT_S_010000_07_000827_000860,VIRAT_S_010000,True,nvenc_qp28_bf2_bqeq,h264_nvenc,True,300,B,2.0,198,11404800,11404170,11375220,11374765,826,2349,11395421,26257,72188,11404800,14887,7.242964634866019e-05,0.0023024034191002065,7.261688483234598e-05,0.9974063552188552,0.006329615600448934,0.001305327581369248,0.0013087219412020164,0.35163899531715626,168828,11404800,0.01480324074074074
VIRAT_S_010000_07_000827_000860,VIRAT_S_010000,True,nvenc_qp28_bf2_bqeq,h264_nvenc,True,300,dgt1,0.5,99,5702400,5702107,5614556,5614522,96,1140,5697693,84260,92228,5702400,2093,1.6835881894184026e-05,0.014776993837541105,1.709851702424534e-05,0.9845952581369248,0.016173540965207633,0.0003670384399551066,0.00037278103557966116,0.08421052631578947,126524,5702400,0.022187850729517396
VIRAT_S_010000_07_000827_000860,VIRAT_S_010000,True,nvenc_qp28_bf2_bqeq,h264_nvenc,True,300,dgt1,1.0,99,5702400,5702107,5644728,5644693,111,1140,5697693,54151,58812,5702400,2520,1.946648844015028e-05,0.009496665004707909,1.9664488396446007e-05,0.9898863636363636,0.010313552188552188,0.00044191919191919195,0.0004464342657431855,0.09736842105263158,94176,5702400,0.016515151515151514
VIRAT_S_010000_07_000827_000860,VIRAT_S_010000,True,nvenc_qp28_bf2_bqeq,h264_nvenc,True,300,dgt1,2.0,99,5702400,5702107,5657308,5657273,122,1140,5697693,41720,49936,5702400,3218,2.13955999071922e-05,0.0073165936731808085,2.156516045805108e-05,0.9920924523007857,0.008757014590347924,0.0005643237934904601,0.0005688217788389813,0.10701754385964912,85328,5702400,0.014963524130190796
VIRAT_S_010000_07_000827_000860,VIRAT_S_010000,True,nvenc_qp28_bf2_bqeq,h264_nvenc,True,300,d1,0.5,1,57600,57600,57412,57412,0,2,57574,169,136,57600,27,0.0,0.0029340277777777776,0.0,0.9967361111111112,0.002361111111111111,0.00046875,0.0004702849578485334,0.0,460,57600,0.00798611111111111
VIRAT_S_010000_07_000827_000860,VIRAT_S_010000,True,nvenc_qp28_bf2_bqeq,h264_nvenc,True,300,d1,1.0,1,57600,57600,57484,57484,0,2,57574,97,76,57600,33,0.0,0.0016840277777777778,0.0,0.9979861111111111,0.0013194444444444445,0.0005729166666666667,0.0005740727854707397,0.0,372,57600,0.006458333333333333
VIRAT_S_010000_07_000827_000860,VIRAT_S_010000,True,nvenc_qp28_bf2_bqeq,h264_nvenc,True,300,d1,2.0,1,57600,57600,57544,57544,2,2,57574,45,48,57600,51,3.472222222222222e-05,0.00078125,3.475601279021271e-05,0.9990277777777777,0.0008333333333333334,0.0008854166666666666,0.000886278326150424,1.0,364,57600,0.006319444444444444
VIRAT_S_010000_07_000827_000860,VIRAT_S_010000,True,nvenc_qp45,h264_nvenc,True,300,d1,0.5,298,17164800,17163877,17123032,17122957,607,3491,17150688,34191,174288,17164800,14003,3.5364970280316036e-05,0.001992032452807719,3.544948457208647e-05,0.9975666480238627,0.010153803131991051,0.0008157974459358688,0.0008177874105473843,0.17387568032082498,317140,17164800,0.018476183818046235
VIRAT_S_010000_07_000827_000860,VIRAT_S_010000,True,nvenc_qp45,h264_nvenc,True,300,d1,1.0,298,17164800,17163877,17136936,17136839,694,3491,17150688,20915,107564,17164800,16898,4.043375514751125e-05,0.0012185475344527346,4.049755033585832e-05,0.998376677852349,0.006266545488441462,0.0009844565622669648,0.0009860572508411073,0.19879690633056432,253660,17164800,0.01477791759880686
VIRAT_S_010000_07_000827_000860,VIRAT_S_010000,True,nvenc_qp45,h264_nvenc,True,300,d1,2.0,298,17164800,17163877,17147496,17147386,851,3491,17150688,11833,80364,17164800,21698,4.958087266647273e-05,0.0006894130038335745,4.9628555629411967e-05,0.9989918903803132,0.004681907158836689,0.001264098620432513,0.0012653742563928868,0.24376969349756517,222560,17164800,0.01296607009694258
VIRAT_S_010000_07_000827_000860,VIRAT_S_010000,True,x264_crf12,libx264,True,300,d1,0.5,298,17164800,17163877,16981744,16981613,471,3491,17150688,172363,0,17164800,11816,2.7441352556884437e-05,0.010042195012234124,2.7735881155694693e-05,0.9893353840417599,0.0,0.0006883855331841909,0.0006958060373539962,0.1349183615010026,190868,17164800,0.011119733407904548
VIRAT_S_010000_07_000827_000860,VIRAT_S_010000,True,x264_crf12,libx264,True,300,d1,1.0,298,17164800,17163877,17052028,17051891,577,3491,17150688,104149,0,17164800,16379,3.361711342955907e-05,0.0060679181049829245,3.3837889299198546e-05,0.9934300428784489,0.0,0.0009542202647278151,0.0009605309116311561,0.16528215411057004,169928,17164800,0.009899794929157345
VIRAT_S_010000_07_000827_000860,VIRAT_S_010000,True,x264_crf12,libx264,True,300,d1,2.0,298,17164800,17163877,17085084,17084937,815,3491,17150688,74262,0,17164800,23432,4.748344444556437e-05,0.004326644848363805,4.77028390564156e-05,0.9953558445190157,0.0,0.0013651193139448173,0.0013714887208046505,0.23345746204525925,161892,17164800,0.009431627516778524
VIRAT_S_010000_07_000827_000860,VIRAT_S_010000,True,x264_crf45,libx264,True,300,d1,0.5,298,17164800,17163877,17111636,17111468,1210,3491,17150688,47569,204636,17164800,21434,7.049689298053115e-05,0.0027714600844552777,7.071281084708805e-05,0.9969027311707681,0.01192184004474273,0.001248718307233408,0.001252597939787873,0.3466055571469493,348632,17164800,0.0203108687546607
VIRAT_S_010000_07_000827_000860,VIRAT_S_010000,True,x264_crf45,libx264,True,300,d1,1.0,298,17164800,17163877,17143572,17143383,1312,3491,17150688,16797,115160,17164800,23098,7.643960627310484e-05,0.0009786250507388277,7.65309857453456e-05,0.9987632829977628,0.006709079045488442,0.0013456608873974646,0.001347327149791187,0.3758235462618161,262840,17164800,0.015312733035048471
VIRAT_S_010000_07_000827_000860,VIRAT_S_010000,True,x264_crf45,libx264,True,300,d1,2.0,298,17164800,17163877,17150860,17150633,1473,3491,17150688,10227,81736,17164800,25105,8.581977137216726e-05,0.0005958444004230513,8.58860428066999e-05,0.9991878728560776,0.004761838180462341,0.0014625862229679344,0.00146377499437346,0.4219421369235176,225108,17164800,0.013114513422818792
VIRAT_S_010000_07_000827_000860,VIRAT_S_010000,True,x264_qp24,libx264,True,300,d1,0.5,298,17164800,17163877,16983292,16983189,390,3491,17150688,170369,129308,17164800,9848,2.272213905984062e-05,0.00992602079355381,2.2963885051270407e-05,0.9894255686055182,0.007533324011931394,0.0005737322893363162,0.0005798640216513972,0.11171584073331424,258824,17164800,0.015078765846383296
VIRAT_S_010000_07_000827_000860,VIRAT_S_010000,True,x264_qp24,libx264,True,300,d1,1.0,298,17164800,17163877,17047644,17047533,491,3491,17150688,107857,67784,17164800,15006,2.8606590457389085e-05,0.006283953211736486,2.8801821354444657e-05,0.9931746364653243,0.003949011931394482,0.0008742309843400447,0.0008802389350692682,0.14064737897450588,205744,17164800,0.011986390753169276
VIRAT_S_010000_07_000827_000860,VIRAT_S_010000,True,x264_qp24,libx264,True,300,d1,2.0,298,17164800,17163877,17089208,17089091,747,3491,17150688,69839,43580,17164800,22878,4.3521635583848565e-05,0.004068952486667202,4.3712096799063215e-05,0.9955961036539895,0.0025389168530947056,0.0013328439597315436,0.0013387396302976709,0.21397880263534805,183056,17164800,0.01066461595824012
VIRAT_S_010000_07_000827_000860,VIRAT_S_010000,True,x264_qp24_bf2_pb1,libx264,True,300,B,0.5,198,11404800,11404170,11357332,11356872,645,2349,11395421,41792,120104,11404800,9668,5.655825895264627e-05,0.0036646244312387487,5.6793807308913936e-05,0.9958378928170595,0.010531004489337822,0.0008477132435465768,0.000851256263354809,0.27458492975734355,216384,11404800,0.01897306397306397
VIRAT_S_010000_07_000827_000860,VIRAT_S_010000,True,x264_qp24_bf2_pb1,libx264,True,300,B,1.0,198,11404800,11404170,11376828,11376343,708,2349,11395421,23352,80188,11404800,12007,6.20825540131373e-05,0.002047672035755342,6.223441047795412e-05,0.9975473484848485,0.007031074635241302,0.0010528023288439955,0.0010553908347739809,0.30140485312899107,179320,11404800,0.015723204264870932
VIRAT_S_010000_07_000827_000860,VIRAT_S_010000,True,x264_qp24_bf2_pb1,libx264,True,300,B,2.0,198,11404800,11404170,11389836,11389346,871,2349,11395421,12016,64492,11404800,15263,7.637557139186807e-05,0.001053649673759686,7.647497933595134e-05,0.9986879208754209,0.005654812008978676,0.0013382961560044894,0.001340054413426146,0.3707960834397616,161884,11404800,0.014194374298540965
VIRAT_S_010000_07_000827_000860,VIRAT_S_010000,True,x264_qp24_bf2_pb1,libx264,True,300,dgt1,0.5,99,5702400,5702107,5569096,5569047,119,1140,5697693,129837,127032,5702400,2647,2.086947859799895e-05,0.022770004140574705,2.1368108403466517e-05,0.9766231762065095,0.022276936026936027,0.0004641905162738496,0.0004753015570211036,0.10438596491228071,153736,5702400,0.026959876543209877
VIRAT_S_010000_07_000827_000860,VIRAT_S_010000,True,x264_qp24_bf2_pb1,libx264,True,300,dgt1,1.0,99,5702400,5702107,5612728,5612677,135,1140,5697693,86281,84028,5702400,3173,2.367545891369629e-05,0.015131424226167626,2.4052693572069087e-05,0.9842746913580247,0.014735549943883278,0.000556432379349046,0.0005653222461519603,0.11842105263157894,112744,5702400,0.01977132435465769
VIRAT_S_010000_07_000827_000860,VIRAT_S_010000,True,x264_qp24_bf2_pb1,libx264,True,300,dgt1,2.0,99,5702400,5702107,5634572,5634519,167,1140,5697693,64629,67760,5702400,3971,2.9287419545090962e-05,0.011334231363950203,2.9638732250259515e-05,0.9881053591470258,0.011882716049382716,0.0006963734567901234,0.0007047562796251428,0.14649122807017545,97472,5702400,0.017093153759820425
VIRAT_S_010000_07_000827_000860,VIRAT_S_010000,True,x264_qp24_bf2_pb1,libx264,True,300,d1,0.5,1,57600,57600,57064,57064,0,2,57574,517,428,57600,36,0.0,0.008975694444444444,0.0,0.9906944444444444,0.007430555555555556,0.000625,0.0006308706014299734,0.0,648,57600,0.01125
VIRAT_S_010000_07_000827_000860,VIRAT_S_010000,True,x264_qp24_bf2_pb1,libx264,True,300,d1,1.0,1,57600,57600,57356,57356,0,2,57574,225,204,57600,43,0.0,0.00390625,0.0,0.9957638888888889,0.0035416666666666665,0.0007465277777777778,0.0007497036055512937,0.0,444,57600,0.0077083333333333335
VIRAT_S_010000_07_000827_000860,VIRAT_S_010000,True,x264_qp24_bf2_pb1,libx264,True,300,d1,2.0,1,57600,57600,57532,57532,2,2,57574,57,60,57600,59,3.472222222222222e-05,0.0009895833333333334,3.476326218452339e-05,0.9988194444444445,0.0010416666666666667,0.0010243055555555556,0.0010255162344434401,1.0,376,57600,0.006527777777777778
VIRAT_S_010000_08_000893_001024,VIRAT_S_010000,False,nvenc_qp18,h264_nvenc,True,300,d1,0.5,298,17164800,17164683,16864928,16864917,109,1559,17151269,288762,186572,17164800,8821,6.350248355882832e-06,0.016823031337077417,6.463121045896639e-06,0.9825298284862043,0.010869453765846384,0.0005139005406413125,0.0005230381060624748,0.06991661321359846,0,17164800,0.0
VIRAT_S_010000_08_000893_001024,VIRAT_S_010000,False,nvenc_qp18,h264_nvenc,True,300,d1,1.0,298,17164800,17164683,16929540,16929527,153,1559,17151269,228633,157348,17164800,16938,8.913651361927278e-06,0.013319966351839995,9.037464543457121e-06,0.9862940436241611,0.009166899701715138,0.0009867869127516778,0.0010004997182439688,0.09813983322642719,0,17164800,0.0
VIRAT_S_010000_08_000893_001024,VIRAT_S_010000,False,nvenc_qp18,h264_nvenc,True,300,d1,2.0,298,17164800,17164683,16956936,16956919,348,1559,17151269,205380,150372,17164800,21404,2.0274187411442437e-05,0.011965266122304734,2.0522596115485365e-05,0.9878901006711409,0.008760486577181209,0.0012469705443698732,0.001262256341593788,0.22322001282873638,0,17164800,0.0
VIRAT_S_010000_08_000893_001024,VIRAT_S_010000,False,nvenc_qp23,h264_nvenc,True,300,d1,0.5,298,17164800,17164683,17028700,17028697,70,1559,17151269,124790,129448,17164800,8373,4.078141145979801e-06,0.007270160480097419,4.110707942011065e-06,0.9920709824757643,0.00754148023862789,0.000487800615212528,0.0004916993076394557,0.04490057729313662,212636,17164800,0.01238791014168531
VIRAT_S_010000_08_000893_001024,VIRAT_S_010000,False,nvenc_qp23,h264_nvenc,True,300,d1,1.0,298,17164800,17164683,17075176,17075168,117,1559,17151269,82721,73496,17164800,16569,6.816321629709095e-06,0.004819255910522787,6.852055569819283e-06,0.9947786167039523,0.004281785980611484,0.0009652894295302014,0.0009703560302980186,0.0750481077613855,171404,17164800,0.009985784862043252
VIRAT_S_010000_08_000893_001024,VIRAT_S_010000,False,nvenc_qp23,h264_nvenc,True,300,d1,2.0,298,17164800,17164683,17094268,17094257,328,1559,17151269,67952,55992,17164800,21328,1.910900422687678e-05,0.003958826387880277,1.9187730709793354e-05,0.9958908929903058,0.0032620246085011185,0.0012425428784489188,0.0012476696867043387,0.21039127645926875,153004,17164800,0.008913823639075317
VIRAT_S_010000_08_000893_001024,VIRAT_S_010000,False,nvenc_qp28,h264_nvenc,True,300,d1,0.5,298,17164800,17164683,17072688,17072679,53,1559,17151269,80775,155316,17164800,8148,3.087735439098992e-06,0.004705883586664549,3.104375124724128e-06,0.9946336689038031,0.009048517897091723,0.0004746923937360179,0.00047725349400164755,0.03399615137908916,258232,17164800,0.015044276659209545
VIRAT_S_010000_08_000893_001024,VIRAT_S_010000,False,nvenc_qp28,h264_nvenc,True,300,d1,1.0,298,17164800,17164683,17115528,17115518,92,1559,17151269,42320,85952,17164800,16478,5.3598426490020235e-06,0.0024655276185409306,5.375239008249707e-06,0.9971294742729306,0.005007457121551082,0.0009599878821774795,0.0009627514850841878,0.059012187299550996,205444,17164800,0.01196891312453393
VIRAT_S_010000_08_000893_001024,VIRAT_S_010000,False,nvenc_qp28,h264_nvenc,True,300,d1,2.0,298,17164800,17164683,17132076,17132060,328,1559,17151269,30117,66024,17164800,21323,1.910900422687678e-05,0.001754591098478195,1.9145391739230424e-05,0.9980935402684564,0.003846476510067114,0.0012422515846383297,0.0012446244109587186,0.21039127645926875,184796,17164800,0.01076598620432513
VIRAT_S_010000_08_000893_001024,VIRAT_S_010000,False,nvenc_qp28_bf2_bqeq,h264_nvenc,True,300,B,0.5,198,11404800,11404712,11333044,11333015,238,1073,11395799,66868,141808,11404800,8167,2.0868567307968845e-05,0.005863190582980088,2.100058986950957e-05,0.9937082631874299,0.012434062850729517,0.0007161019921436588,0.0007206360444731353,0.22180801491146318,223240,11404800,0.019574214365881033
VIRAT_S_010000_08_000893_001024,VIRAT_S_010000,False,nvenc_qp28_bf2_bqeq,h264_nvenc,True,300,B,1.0,198,11404800,11404712,11372872,11372838,312,1073,11395799,28175,81092,11404800,11405,2.735711344574067e-05,0.0024704701004286647,2.743378565666723e-05,0.9972004769921436,0.007110339506172839,0.0010000175364758698,0.0010028249680467695,0.2907735321528425,170124,11404800,0.014916877104377104
VIRAT_S_010000_08_000893_001024,VIRAT_S_010000,False,nvenc_qp28_bf2_bqeq,h264_nvenc,True,300,B,2.0,198,11404800,11404712,11388752,11388716,501,1073,11395799,14343,61104,11404800,14367,4.392921101383358e-05,0.0012576380710008284,4.3990911705937705e-05,0.9985928731762065,0.005357744107744108,0.0012597327441077441,0.0012615078456357641,0.46691519105312207,148440,11404800,0.01301557239057239
VIRAT_S_010000_08_000893_001024,VIRAT_S_010000,False,nvenc_qp28_bf2_bqeq,h264_nvenc,True,300,dgt1,0.5,99,5702400,5702371,5633772,5633772,7,486,5697870,64788,104600,5702400,1507,1.2275595537365073e-06,0.011361589766782976,1.242506796512177e-06,0.9879650673400674,0.018343153759820426,0.0002642746913580247,0.00026749396319197864,0.01440329218106996,125800,5702400,0.022060886644219978
VIRAT_S_010000_08_000893_001024,VIRAT_S_010000,False,nvenc_qp28_bf2_bqeq,h264_nvenc,True,300,dgt1,1.0,99,5702400,5702371,5662496,5662496,9,486,5697870,37392,60372,5702400,2377,1.5782908548040806e-06,0.006557272404759354,1.5894050962685006e-06,0.9930022446689113,0.010587121212121213,0.00041684203142536476,0.00041977954598113623,0.018518518518518517,90368,5702400,0.01584736251402918
VIRAT_S_010000_08_000893_001024,VIRAT_S_010000,False,nvenc_qp28_bf2_bqeq,h264_nvenc,True,300,dgt1,2.0,99,5702400,5702371,5672636,5672636,12,486,5697870,27648,46480,5702400,3610,2.104387806405441e-06,0.004848509505958136,2.1154186519283097e-06,0.99478044332211,0.008150953984287317,0.0006330667789001122,0.0006363884444550999,0.024691358024691357,77092,5702400,0.013519219977553312
VIRAT_S_010000_08_000893_001024,VIRAT_S_010000,False,nvenc_qp28_bf2_bqeq,h264_nvenc,True,300,d1,0.5,1,57600,57600,57300,57300,0,0,57600,300,224,57600,21,0.0,0.005208333333333333,0.0,0.9947916666666666,0.0038888888888888888,0.00036458333333333335,0.0003664921465968586,,500,57600,0.008680555555555556
VIRAT_S_010000_08_000893_001024,VIRAT_S_010000,False,nvenc_qp28_bf2_bqeq,h264_nvenc,True,300,d1,1.0,1,57600,57600,57512,57512,0,0,57600,88,104,57600,62,0.0,0.0015277777777777779,0.0,0.9984722222222222,0.0018055555555555555,0.0010763888888888889,0.0010780358881624704,,392,57600,0.006805555555555555
VIRAT_S_010000_08_000893_001024,VIRAT_S_010000,False,nvenc_qp28_bf2_bqeq,h264_nvenc,True,300,d1,2.0,1,57600,57600,57552,57552,0,0,57600,48,64,57600,65,0.0,0.0008333333333333334,0.0,0.9991666666666666,0.0011111111111111111,0.0011284722222222221,0.0011294134000556018,,344,57600,0.0059722222222222225
VIRAT_S_010000_08_000893_001024,VIRAT_S_010000,False,nvenc_qp45,h264_nvenc,True,300,d1,0.5,298,17164800,17164683,17120724,17120693,225,1559,17151269,35643,182528,17164800,9749,1.3108310826363644e-05,0.0020765312123736863,1.3141991390184966e-05,0.9974321868008948,0.01063385533184191,0.0005679646718866518,0.0005694268536774496,0.14432328415651058,294948,17164800,0.017183305369127516
VIRAT_S_010000_08_000893_001024,VIRAT_S_010000,False,nvenc_qp45,h264_nvenc,True,300,d1,1.0,298,17164800,17164683,17143536,17143504,242,1559,17151269,14865,108568,17164800,15800,1.4098716533244454e-05,0.0008660224019284248,1.4116134017876391e-05,0.9987611856823266,0.006325037285607756,0.0009204884414615958,0.0009216301701119302,0.15522771007055805,236044,17164800,0.0137516312453393
VIRAT_S_010000_08_000893_001024,VIRAT_S_010000,False,nvenc_qp45,h264_nvenc,True,300,d1,2.0,298,17164800,17164683,17157256,17157212,495,1559,17151269,4955,83244,17164800,21110,2.8838283818000017e-05,0.0002886741339761416,2.885084126721754e-05,0.9995604958985832,0.004849692393736018,0.0012298424683072334,0.0012303832267817184,0.3175112251443233,209040,17164800,0.01217841163310962
VIRAT_S_010000_08_000893_001024,VIRAT_S_010000,False,x264_crf12,libx264,True,300,d1,0.5,298,17164800,17164683,16979356,16979345,129,1559,17151269,174561,0,17164800,9969,7.515431540448489e-06,0.010169777094048284,7.597466215569564e-06,0.9891962621178225,0.0,0.0005807815995525727,0.0005871247413623932,0.08274534958306606,186572,17164800,0.010869453765846384
VIRAT_S_010000_08_000893_001024,VIRAT_S_010000,False,x264_crf12,libx264,True,300,d1,1.0,298,17164800,17164683,17058488,17058474,177,1559,17151269,99920,0,17164800,17918,1.0311871183406066e-05,0.005821255190090024,1.0376074671157573e-05,0.99380639448173,0.0,0.001043880499627144,0.0010503861772508795,0.11353431686978832,157348,17164800,0.009166899701715138
VIRAT_S_010000_08_000893_001024,VIRAT_S_010000,False,x264_crf12,libx264,True,300,d1,2.0,298,17164800,17164683,17083588,17083569,409,1559,17151269,79062,0,17164800,22100,2.382799612436769e-05,0.0046060856469065,2.3941133143782776e-05,0.9952686894108874,0.0,0.0012875186428038777,0.0012936392518948596,0.26234765875561256,150372,17164800,0.008760486577181209
VIRAT_S_010000_08_000893_001024,VIRAT_S_010000,False,x264_crf45,libx264,True,300,d1,0.5,298,17164800,17164683,17073728,17073690,302,1559,17151269,81549,232252,17164800,12069,1.7594266086941426e-05,0.004750976175907239,1.768803345966806e-05,0.9946942580164057,0.013530714019388516,0.000703125,0.0007068754990122837,0.19371391917896089,344448,17164800,0.020067114093959733
VIRAT_S_010000_08_000893_001024,VIRAT_S_010000,False,x264_crf45,libx264,True,300,d1,1.0,298,17164800,17164683,17138928,17138885,361,1559,17151269,20463,114888,17164800,17080,2.1031556481410115e-05,0.0011921571752883523,2.1063213855510437e-05,0.9984927293064877,0.006693232662192394,0.0009950596569724087,0.0009965617452853527,0.23155869146889033,242244,17164800,0.014112835570469799
VIRAT_S_010000_08_000893_001024,VIRAT_S_010000,False,x264_crf45,libx264,True,300,d1,2.0,298,17164800,17164683,17153852,17153803,526,1559,17151269,8135,85888,17164800,21011,3.064431775407679e-05,0.0004739382603220811,3.066375427070021e-05,0.999362183072334,0.00500372856077554,0.001224074850857569,0.0012248560848024106,0.3373957665169981,211604,17164800,0.012327787099179716
VIRAT_S_010000_08_000893_001024,VIRAT_S_010000,False,x264_qp24,libx264,True,300,d1,0.5,298,17164800,17164683,17005028,17005019,95,1559,17151269,148617,137184,17164800,8919,5.5346201266868724e-06,0.008658301467029714,5.58658593677549e-06,0.9906918810589113,0.007992170022371365,0.0005196098993288591,0.0005244919326213399,0.06093649775497113,245284,17164800,0.01428994220730798
VIRAT_S_010000_08_000893_001024,VIRAT_S_010000,False,x264_qp24,libx264,True,300,d1,1.0,298,17164800,17164683,17069876,17069867,134,1559,17151269,88356,67572,17164800,17112,7.806727336589904e-06,0.005147546272774161,7.850090454717661e-06,0.9944698452647278,0.003936661073825503,0.0009969239373601789,0.0010024677390743787,0.08595253367543297,190008,17164800,0.011069630872483222
VIRAT_S_010000_08_000893_001024,VIRAT_S_010000,False,x264_qp24,libx264,True,300,d1,2.0,298,17164800,17164683,17098068,17098052,384,1559,17151269,64488,46960,17164800,21923,2.237151714366062e-05,0.0037570166603135054,2.245869880381695e-05,0.9961122762863535,0.0027358314690529456,0.001277206841909023,0.0012821916487874537,0.24631173829377806,170676,17164800,0.009943372483221476
VIRAT_S_010000_08_000893_001024,VIRAT_S_010000,False,x264_qp24_bf2_pb1,libx264,True,300,B,0.5,198,11404800,11404712,11367684,11367644,292,1073,11395799,32181,115464,11404800,7928,2.5603452327423962e-05,0.0028217284224275017,2.5686940935166514e-05,0.9967455808080808,0.010124158249158249,0.0006951459034792368,0.000697415586147539,0.2721342031686859,197088,11404800,0.017281144781144783
VIRAT_S_010000_08_000893_001024,VIRAT_S_010000,False,x264_qp24_bf2_pb1,libx264,True,300,B,1.0,198,11404800,11404712,11385632,11385589,360,1073,11395799,15559,74740,11404800,11238,3.156590012970078e-05,0.0013642606669944843,3.161891756324596e-05,0.9983193041526375,0.006553381032547699,0.000985374579124579,0.0009870334821993193,0.33550792171481825,163964,11404800,0.014376753647586981
VIRAT_S_010000_08_000893_001024,VIRAT_S_010000,False,x264_qp24_bf2_pb1,libx264,True,300,B,2.0,198,11404800,11404712,11395092,11395047,520,1073,11395799,8195,60308,11404800,14377,4.559518907623445e-05,0.0007185626432302718,4.56338617997802e-05,0.9991487794612794,0.0052879489337822674,0.0012606095679012345,0.0012616835388428633,0.4846225535880708,147724,11404800,0.012952791806958474
VIRAT_S_010000_08_000893_001024,VIRAT_S_010000,False,x264_qp24_bf2_pb1,libx264,True,300,dgt1,0.5,99,5702400,5702371,5572432,5572432,10,486,5697870,126161,138652,5702400,1866,1.7536565053378674e-06,0.02212430583699307,1.7945485920689565e-06,0.9772081930415264,0.024314674523007857,0.00032723063973063974,0.0003348627672800673,0.0205761316872428,154420,5702400,0.027079826038159373
VIRAT_S_010000_08_000893_001024,VIRAT_S_010000,False,x264_qp24_bf2_pb1,libx264,True,300,dgt1,1.0,99,5702400,5702371,5621468,5621468,11,486,5697870,78417,84632,5702400,2767,1.929022155871654e-06,0.013751648217907954,1.9567842421232317e-06,0.985807379349046,0.014841470258136924,0.0004852342873176207,0.0004922201816322711,0.02263374485596708,107980,5702400,0.01893588664421998
VIRAT_S_010000_08_000893_001024,VIRAT_S_010000,False,x264_qp24_bf2_pb1,libx264,True,300,dgt1,2.0,99,5702400,5702371,5643848,5643848,14,486,5697870,56456,64732,5702400,4215,2.4551191074730145e-06,0.009900443166535464,2.480577081452229e-06,0.9897320426487093,0.011351711560044893,0.0007391624579124579,0.0007468308855943676,0.02880658436213992,89720,5702400,0.015733726150392816
VIRAT_S_010000_08_000893_001024,VIRAT_S_010000,False,x264_qp24_bf2_pb1,libx264,True,300,d1,0.5,1,57600,57600,57228,57228,0,0,57600,372,304,57600,29,0.0,0.006458333333333333,0.0,0.9935416666666667,0.005277777777777778,0.0005034722222222222,0.0005067449500244636,,532,57600,0.009236111111111112
VIRAT_S_010000_08_000893_001024,VIRAT_S_010000,False,x264_qp24_bf2_pb1,libx264,True,300,d1,1.0,1,57600,57600,57500,57500,0,0,57600,100,84,57600,65,0.0,0.001736111111111111,0.0,0.9982638888888888,0.0014583333333333334,0.0011284722222222221,0.0011304347826086956,,356,57600,0.0061805555555555555
VIRAT_S_010000_08_000893_001024,VIRAT_S_010000,False,x264_qp24_bf2_pb1,libx264,True,300,d1,2.0,1,57600,57600,57532,57532,0,0,57600,68,52,57600,65,0.0,0.0011805555555555556,0.0,0.9988194444444445,0.0009027777777777777,0.0011284722222222221,0.0011298060209970105,,348,57600,0.0060416666666666665
VIRAT_S_010001_00_000019_000065,VIRAT_S_010001,False,nvenc_qp18,h264_nvenc,True,300,d1,0.5,298,17164800,17164718,16874020,16874011,61,677,17160127,286911,172148,17164800,8367,3.553801466473262e-06,0.016715159549955904,3.6150266821563645e-06,0.9830595171513795,0.010029129381058911,0.00048745106263982103,0.0004958510183109893,0.09010339734121123,0,17164800,0.0
VIRAT_S_010001_00_000019_000065,VIRAT_S_010001,False,nvenc_qp18,h264_nvenc,True,300,d1,1.0,298,17164800,17164718,16939332,16939321,76,677,17160127,222387,153888,17164800,11857,4.4276870729830805e-06,0.012956053224993267,4.4866025031345705e-06,0.9868645134228188,0.008965324384787471,0.0006907741424310216,0.0006999685701891905,0.11225997045790251,0,17164800,0.0
VIRAT_S_010001_00_000019_000065,VIRAT_S_010001,False,nvenc_qp18,h264_nvenc,True,300,d1,2.0,298,17164800,17164718,16966356,16966341,179,677,17160127,197181,148512,17164800,15380,1.0428368237683834e-05,0.01148757585181417,1.0550300739564293e-05,0.9884388982102909,0.008652125279642058,0.0008960197613721104,0.0009064998989765392,0.26440177252584934,0,17164800,0.0
VIRAT_S_010001_00_000019_000065,VIRAT_S_010001,False,nvenc_qp23,h264_nvenc,True,300,d1,0.5,298,17164800,17164718,17012072,17012064,50,677,17160127,148829,103184,17164800,7864,2.9129520216993953e-06,0.008670634728749986,2.939090753479413e-06,0.9911022557792692,0.006011372110365399,0.0004581469052945563,0.00046225997632739856,0.07385524372230429,204364,17164800,0.011905993661446682
VIRAT_S_010001_00_000019_000065,VIRAT_S_010001,False,nvenc_qp23,h264_nvenc,True,300,d1,1.0,298,17164800,17164718,17071656,17071645,71,677,17160127,90101,58172,17164800,11667,4.136391870813141e-06,0.005249197802142744,4.158943089549952e-06,0.9945735458612975,0.0033890287099179717,0.0006797049776286353,0.0006834134895876533,0.10487444608567208,165428,17164800,0.009637630499627145
VIRAT_S_010001_00_000019_000065,VIRAT_S_010001,False,nvenc_qp23,h264_nvenc,True,300,d1,2.0,298,17164800,17164718,17097252,17097238,177,677,17160127,66301,43880,17164800,15301,1.031185015681586e-05,0.003862632639813832,1.0352549341595408e-05,0.9960647371364654,0.002556394481730052,0.0008914173191648024,0.0008949391399272819,0.2614475627769572,149376,17164800,0.008702460850111856
VIRAT_S_010001_00_000019_000065,VIRAT_S_010001,False,nvenc_qp28,h264_nvenc,True,300,d1,0.5,298,17164800,17164718,17047820,17047812,49,677,17160127,113098,138156,17164800,7738,2.8546929812654074e-06,0.006588980955003164,2.87426914374701e-06,0.9931848900074571,0.008048797539149888,0.00045080630126771064,0.0004538996774954217,0.0723781388478582,259280,17164800,0.015105331841909023
VIRAT_S_010001_00_000019_000065,VIRAT_S_010001,False,nvenc_qp28,h264_nvenc,True,300,d1,1.0,298,17164800,17164718,17105064,17105053,70,677,17160127,56596,69908,17164800,11551,4.078132830379153e-06,0.0032972286524019794,4.0923579716473255e-06,0.9965198545861298,0.004072753542132736,0.000672946961222968,0.000675297093305234,0.103397341211226,197860,17164800,0.011527078672632364
VIRAT_S_010001_00_000019_000065,VIRAT_S_010001,False,nvenc_qp28,h264_nvenc,True,300,d1,2.0,298,17164800,17164718,17127256,17127241,174,677,17160127,36259,50532,17164800,15265,1.0137073035513895e-05,0.0021124145470959674,1.0159254488215586e-05,0.9978127330350485,0.0029439317673378078,0.0008893200037285607,0.0008912694479489301,0.2570162481536189,176388,17164800,0.010276146532438479
VIRAT_S_010001_00_000019_000065,VIRAT_S_010001,False,nvenc_qp28_bf2_bqeq,h264_nvenc,True,300,B,0.5,198,11404800,11404755,11301924,11301894,171,431,11401278,101256,173528,11404800,7079,1.4993746029616594e-05,0.00887840203494069,1.5130207379400303e-05,0.9909795875420876,0.015215347923681257,0.0006207035634118968,0.0006263535306024001,0.39675174013921116,260876,11404800,0.02287422839506173
VIRAT_S_010001_00_000019_000065,VIRAT_S_010001,False,nvenc_qp28_bf2_bqeq,h264_nvenc,True,300,B,1.0,198,11404800,11404755,11358832,11358802,180,431,11401278,44827,94108,11404800,8939,1.5782890557491153e-05,0.0039305535278925325,1.5846741584191713e-05,0.995969416386083,0.008251613355780023,0.0007837927890011223,0.0007869647160905276,0.4176334106728538,185940,11404800,0.016303661616161615
VIRAT_S_010001_00_000019_000065,VIRAT_S_010001,False,nvenc_qp28_bf2_bqeq,h264_nvenc,True,300,B,2.0,198,11404800,11404755,11383728,11383693,281,431,11401278,20635,64312,11404800,10790,2.4638845814750077e-05,0.0018093330369657217,2.4684432371814665e-05,0.9981523569023569,0.0056390291806958474,0.0009460928731762065,0.0009478441508792199,0.6519721577726219,153860,11404800,0.01349081088664422
VIRAT_S_010001_00_000019_000065,VIRAT_S_010001,False,nvenc_qp28_bf2_bqeq,h264_nvenc,True,300,dgt1,0.5,99,5702400,5702363,5606168,5606165,12,246,5701249,95177,100720,5702400,1585,2.1043907587082757e-06,0.01669079993679813,2.140500680946779e-06,0.9831242985409652,0.01766273849607183,0.0002779531425364759,0.0002827243136488239,0.04878048780487805,131480,5702400,0.02305695847362514
VIRAT_S_010001_00_000019_000065,VIRAT_S_010001,False,nvenc_qp28_bf2_bqeq,h264_nvenc,True,300,dgt1,1.0,99,5702400,5702363,5652392,5652389,12,246,5701249,48981,52252,5702400,2137,2.1043907587082757e-06,0.008589596979357505,2.12299613490862e-06,0.9912303591470258,0.009163159371492705,0.0003747544893378227,0.0003780700276980082,0.04878048780487805,85216,5702400,0.01494388327721661
VIRAT_S_010001_00_000019_000065,VIRAT_S_010001,False,nvenc_qp28_bf2_bqeq,h264_nvenc,True,300,dgt1,2.0,99,5702400,5702363,5669000,5668997,15,246,5701249,32407,37016,5702400,2764,2.630488448385345e-06,0.005683082609788258,2.6459707069874973e-06,0.9941428170594837,0.006491301907968575,0.0004847081930415264,0.0004875639442582466,0.06097560975609756,69796,5702400,0.012239758698092032
VIRAT_S_010001_00_000019_000065,VIRAT_S_010001,False,nvenc_qp28_bf2_bqeq,h264_nvenc,True,300,d1,0.5,1,57600,57600,57448,57448,0,0,57600,152,260,57600,16,0.0,0.002638888888888889,0.0,0.9973611111111111,0.0045138888888888885,0.0002777777777777778,0.0002785127419579446,,540,57600,0.009375
VIRAT_S_010001_00_000019_000065,VIRAT_S_010001,False,nvenc_qp28_bf2_bqeq,h264_nvenc,True,300,d1,1.0,1,57600,57600,57556,57556,0,0,57600,44,160,57600,44,0.0,0.0007638888888888889,0.0,0.9992361111111111,0.002777777777777778,0.0007638888888888889,0.0007644728612134269,,412,57600,0.007152777777777778
VIRAT_S_010001_00_000019_000065,VIRAT_S_010001,False,nvenc_qp28_bf2_bqeq,h264_nvenc,True,300,d1,2.0,1,57600,57600,57580,57580,0,0,57600,20,112,57600,58,0.0,0.00034722222222222224,0.0,0.9996527777777777,0.0019444444444444444,0.0010069444444444444,0.001007294199374783,,360,57600,0.00625
VIRAT_S_010001_00_000019_000065,VIRAT_S_010001,False,nvenc_qp45,h264_nvenc,True,300,d1,0.5,298,17164800,17164718,17138052,17138040,96,677,17160127,24263,160812,17164800,9957,5.592867881662839e-06,0.0014135390980498485,5.601574042305888e-06,0.9984416946308725,0.009368708053691275,0.0005800824944071589,0.0005809878508946058,0.14180206794682423,291000,17164800,0.016953299776286353
VIRAT_S_010001_00_000019_000065,VIRAT_S_010001,False,nvenc_qp45,h264_nvenc,True,300,d1,1.0,298,17164800,17164718,17150088,17150076,107,677,17160127,12490,89612,17164800,12340,6.233717326436706e-06,0.000727655415020509,6.239039407172306e-06,0.9991428970917225,0.005220684190902312,0.0007189131245339299,0.0007195298356486567,0.15805022156573117,225796,17164800,0.013154595451155854
VIRAT_S_010001_00_000019_000065,VIRAT_S_010001,False,nvenc_qp45,h264_nvenc,True,300,d1,2.0,298,17164800,17164718,17158160,17158145,184,677,17160127,5343,67444,17164800,15186,1.0719663439853775e-05,0.0003112780530387974,1.0723769964643613e-05,0.9996131618195376,0.003929203952274422,0.0008847175615212528,0.0008850599364966873,0.2717872968980798,200468,17164800,0.011679017524235644
VIRAT_S_010001_00_000019_000065,VIRAT_S_010001,False,x264_crf12,libx264,True,300,d1,0.5,298,17164800,17164718,17004928,17004913,101,677,17160127,156115,0,17164800,9111,5.884163083832779e-06,0.009095110097352022,5.939459966657871e-06,0.9906860551826995,0.0,0.000530795581655481,0.0005357858616043537,0.14918759231905465,172148,17164800,0.010029129381058911
VIRAT_S_010001_00_000019_000065,VIRAT_S_010001,False,x264_crf12,libx264,True,300,d1,1.0,298,17164800,17164718,17076156,17076137,156,677,17160127,85716,0,17164800,12527,9.088410307702113e-06,0.004993731909839707,9.1355556587535e-06,0.9948357102908277,0.0,0.0007298075130499627,0.0007335960154029982,0.23042836041358936,153888,17164800,0.008965324384787471
VIRAT_S_010001_00_000019_000065,VIRAT_S_010001,False,x264_crf12,libx264,True,300,d1,2.0,298,17164800,17164718,17099804,17099782,251,677,17160127,63884,0,17164800,15866,1.4623019148930965e-05,0.0037218205390848833,1.4678549703148263e-05,0.99621341349739,0.0,0.0009243335197613721,0.0009278468922801688,0.3707533234859675,148512,17164800,0.008652125279642058
VIRAT_S_010001_00_000019_000065,VIRAT_S_010001,False,x264_crf45,libx264,True,300,d1,0.5,298,17164800,17164718,17119832,17119813,243,677,17160127,42738,182960,17164800,12480,1.4156946825459061e-05,0.002489874870067775,1.4194080274124489e-05,0.9973802199850857,0.010659023117076808,0.0007270693512304251,0.0007289791161502052,0.35893648449039883,311908,17164800,0.018171373974645785
VIRAT_S_010001_00_000019_000065,VIRAT_S_010001,False,x264_crf45,libx264,True,300,d1,1.0,298,17164800,17164718,17148264,17148242,265,677,17160127,15006,93876,17164800,14142,1.5438645715006794e-05,0.0008742351607524224,1.545347913797811e-05,0.9990366331096197,0.005469099552572707,0.0008238954138702461,0.0008246898928078085,0.3914327917282127,228884,17164800,0.01333449850857569
VIRAT_S_010001_00_000019_000065,VIRAT_S_010001,False,x264_crf45,libx264,True,300,d1,2.0,298,17164800,17164718,17156116,17156087,327,677,17160127,7748,68424,17164800,15815,1.9050706221914043e-05,0.0004513910452825383,1.906029037973519e-05,0.9994940809097689,0.0039862975391498886,0.0009213623228933632,0.0009218286936273921,0.48301329394387,200328,17164800,0.01167086129753915
VIRAT_S_010001_00_000019_000065,VIRAT_S_010001,False,x264_qp24,libx264,True,300,d1,0.5,298,17164800,17164718,17008596,17008580,106,677,17160127,152399,114916,17164800,8324,6.175458286002718e-06,0.008878619503099323,6.232148715530632e-06,0.9908997483221477,0.006694863907531693,0.00048494593586875464,0.0004893995953575474,0.15657311669128507,237464,17164800,0.013834358687546606
VIRAT_S_010001_00_000019_000065,VIRAT_S_010001,False,x264_qp24,libx264,True,300,d1,1.0,298,17164800,17164718,17075232,17075212,135,677,17160127,86698,51252,17164800,12092,7.864970458588367e-06,0.005050942287545883,7.906197592158739e-06,0.9947818791946309,0.0029858780760626397,0.0007044649515287099,0.0007081602170910474,0.19940915805022155,182996,17164800,0.01066112043251305
VIRAT_S_010001_00_000019_000065,VIRAT_S_010001,False,x264_qp24,libx264,True,300,d1,2.0,298,17164800,17164718,17103744,17103719,241,677,17160127,59943,33340,17164800,15726,1.4040428744591085e-05,0.003492221660734537,1.409050277311034e-05,0.9964429530201342,0.0019423471290082029,0.000916177293064877,0.0009194478121281516,0.3559822747415066,164188,17164800,0.009565389634601044
VIRAT_S_010001_00_000019_000065,VIRAT_S_010001,False,x264_qp24_bf2_pb1,libx264,True,300,B,0.5,198,11404800,11404755,11364112,11364086,188,431,11401278,39033,127284,11404800,7114,1.6484352360046312e-05,0.0034225198173919564,1.65433454129087e-05,0.996432379349046,0.011160563973063973,0.0006237724466891134,0.000626005797901323,0.4361948955916473,214000,11404800,0.01876402918069585
VIRAT_S_010001_00_000019_000065,VIRAT_S_010001,False,x264_qp24_bf2_pb1,libx264,True,300,B,1.0,198,11404800,11404755,11386196,11386169,197,431,11401278,17451,73184,11404800,9069,1.7273496887920873e-05,0.001530151239548767,1.730169295748201e-05,0.9983687570145904,0.006416947250280584,0.0007951914983164983,0.0007964907682952234,0.45707656612529,164328,11404800,0.014408670033670034
VIRAT_S_010001_00_000019_000065,VIRAT_S_010001,False,x264_qp24_bf2_pb1,libx264,True,300,B,2.0,198,11404800,11404755,11394556,11394523,273,431,11401278,9799,57036,11404800,10844,2.3937384012194915e-05,0.0008592030254047544,2.3958879191344825e-05,0.9991017817059483,0.005001052188552188,0.000950827721661055,0.0009516825403289079,0.6334106728538283,145984,11404800,0.012800224466891134
VIRAT_S_010001_00_000019_000065,VIRAT_S_010001,False,x264_qp24_bf2_pb1,libx264,True,300,dgt1,0.5,99,5702400,5702363,5565404,5565400,15,246,5701249,135978,131588,5702400,1872,2.630488448385345e-06,0.023845903882302826,2.695224062960434e-06,0.9759757295173962,0.023075897867564536,0.0003282828282828283,0.00033636372130397,0.06097560975609756,155892,5702400,0.027337962962962963
VIRAT_S_010001_00_000019_000065,VIRAT_S_010001,False,x264_qp24_bf2_pb1,libx264,True,300,dgt1,1.0,99,5702400,5702363,5624304,5624300,18,246,5701249,77125,75396,5702400,2468,3.156586138062414e-06,0.013525094772114648,3.2003982717849332e-06,0.9863047138047139,0.013221801346801346,0.00043280022446689115,0.0004388098509611145,0.07317073170731707,101784,5702400,0.0178493265993266
VIRAT_S_010001_00_000019_000065,VIRAT_S_010001,False,x264_qp24_bf2_pb1,libx264,True,300,dgt1,2.0,99,5702400,5702363,5648352,5648348,20,246,5701249,53116,54368,5702400,3135,3.5073179311804597e-06,0.009314734961629064,3.54085831821977e-06,0.9905218855218855,0.009534231200897867,0.0005497685185185186,0.0005550291483250335,0.08130081300813008,81868,5702400,0.014356762065095398
VIRAT_S_010001_00_000019_000065,VIRAT_S_010001,False,x264_qp24_bf2_pb1,libx264,True,300,d1,0.5,1,57600,57600,57376,57376,0,0,57600,224,228,57600,16,0.0,0.0038888888888888888,0.0,0.9961111111111111,0.003958333333333334,0.0002777777777777778,0.0002788622420524261,,524,57600,0.009097222222222222
VIRAT_S_010001_00_000019_000065,VIRAT_S_010001,False,x264_qp24_bf2_pb1,libx264,True,300,d1,1.0,1,57600,57600,57480,57480,0,0,57600,120,140,57600,44,0.0,0.0020833333333333333,0.0,0.9979166666666667,0.0024305555555555556,0.0007638888888888889,0.0007654836464857342,,392,57600,0.006805555555555555
VIRAT_S_010001_00_000019_000065,VIRAT_S_010001,False,x264_qp24_bf2_pb1,libx264,True,300,d1,2.0,1,57600,57600,57536,57536,0,0,57600,64,124,57600,58,0.0,0.0011111111111111111,0.0,0.9988888888888889,0.0021527777777777778,0.0010069444444444444,0.0010080645161290322,,340,57600,0.005902777777777778
VIRAT_S_010001_01_000071_000167,VIRAT_S_010001,False,nvenc_qp18,h264_nvenc,True,300,d1,0.5,298,17164800,17164724,16841000,16840992,109,1809,17145199,307462,186552,17164800,14571,6.350233187553729e-06,0.0179124348285472,6.47230281921635e-06,0.9811358128262491,0.010868288590604026,0.0008488884228187919,0.0008652099043999763,0.06025428413488115,0,17164800,0.0
VIRAT_S_010001_01_000071_000167,VIRAT_S_010001,False,nvenc_qp18,h264_nvenc,True,300,d1,1.0,298,17164800,17164724,16917108,16917097,164,1809,17145199,235988,163564,17164800,24753,9.554479291365245e-06,0.013748429628114033,9.694334672195827e-06,0.9855697706935123,0.009529036167039522,0.001442079138702461,0.001463193354325101,0.09065782200110559,0,17164800,0.0
VIRAT_S_010001_01_000071_000167,VIRAT_S_010001,False,nvenc_qp18,h264_nvenc,True,300,d1,2.0,298,17164800,17164724,16952288,16952275,484,1809,17145199,209104,156328,17164800,31768,2.819736571354133e-05,0.012182194132570963,2.8550740239879307e-05,0.9876193139448173,0.00910747576435496,0.0018507643549589858,0.0018739653314054127,0.267551133222775,0,17164800,0.0
VIRAT_S_010001_01_000071_000167,VIRAT_S_010001,False,nvenc_qp23,h264_nvenc,True,300,d1,0.5,298,17164800,17164724,16988468,16988460,91,1809,17145199,159629,116164,17164800,13477,5.301570826306324e-06,0.009299829114642333,5.356577347210989e-06,0.9897271159582401,0.006767570842654736,0.0007851533370618942,0.0007933028452006385,0.050304035378662244,219212,17164800,0.012771019761372111
VIRAT_S_010001_01_000071_000167,VIRAT_S_010001,False,nvenc_qp23,h264_nvenc,True,300,d1,1.0,298,17164800,17164724,17057872,17057864,124,1809,17145199,94786,69672,17164800,24223,7.224118488593233e-06,0.005522139476288696,7.26937440701837e-06,0.9937705070842655,0.0040590044742729306,0.0014112019947800148,0.0014200481748250897,0.0685461580983969,178348,17164800,0.01039033370618941
VIRAT_S_010001_01_000071_000167,VIRAT_S_010001,False,nvenc_qp23,h264_nvenc,True,300,d1,2.0,298,17164800,17164724,17091096,17091080,444,1809,17145199,69909,52656,17164800,31480,2.586700491076932e-05,0.004072829834024712,2.5978463619619123e-05,0.995706096196868,0.0030676733780760626,0.001833985831469053,0.0018418947503425175,0.24543946932006633,160568,17164800,0.009354492915734527
VIRAT_S_010001_01_000071_000167,VIRAT_S_010001,False,nvenc_qp28,h264_nvenc,True,300,d1,0.5,298,17164800,17164724,17028988,17028980,82,1809,17145199,119304,142340,17164800,13298,4.7772396456826225e-06,0.006950534130347799,4.815320706231377e-06,0.9920877609992543,0.008292552199850858,0.0007747250186428039,0.0007809037154762221,0.04532891100055279,267740,17164800,0.015598200969425801
VIRAT_S_010001_01_000071_000167,VIRAT_S_010001,False,nvenc_qp28,h264_nvenc,True,300,d1,1.0,298,17164800,17164724,17093656,17093645,124,1809,17145199,59205,79344,17164800,24063,7.224118488593233e-06,0.0034492252832029223,7.254157904882195e-06,0.9958552386278896,0.00462248322147651,0.0014018805928411634,0.0014077152365766575,0.0685461580983969,212108,17164800,0.012357149515287099
VIRAT_S_010001_01_000071_000167,VIRAT_S_010001,False,nvenc_qp28,h264_nvenc,True,300,d1,2.0,298,17164800,17164724,17124004,17123990,443,1809,17145199,36739,59468,17164800,31422,2.580874589070002e-05,0.0021403781383260226,2.5870138910382452e-05,0.9976232755406413,0.00346453206562267,0.0018306068232662193,0.0018349680366811407,0.2448866777224986,190692,17164800,0.011109479865771812
VIRAT_S_010001_01_000071_000167,VIRAT_S_010001,False,nvenc_qp28_bf2_bqeq,h264_nvenc,True,300,B,0.5,198,11404800,11404735,11304316,11304294,316,1597,11391000,91534,152044,11404800,11946,2.770778979081934e-05,0.008025964654154612,2.7953979257793542e-05,0.9911893237934905,0.013331579685746352,0.0010474537037037037,0.0010567645136600923,0.19787100814026298,241732,11404800,0.02119563692480359
VIRAT_S_010001_01_000071_000167,VIRAT_S_010001,False,nvenc_qp28_bf2_bqeq,h264_nvenc,True,300,B,1.0,198,11404800,11404735,11360768,11360742,416,1597,11391000,37309,85588,11404800,17545,3.647607769930647e-05,0.0032713605357774646,3.6617326579549115e-05,0.9961391694725028,0.00750455948372615,0.0015383873456790123,0.0015443498186038128,0.2604884157795867,180260,11404800,0.015805625701459033
VIRAT_S_010001_01_000071_000167,VIRAT_S_010001,False,nvenc_qp28_bf2_bqeq,h264_nvenc,True,300,B,2.0,198,11404800,11404735,11381704,11381673,699,1597,11391000,20197,65008,11404800,21767,6.129033248032505e-05,0.0017709311088771461,6.141452139768908e-05,0.9979748877665544,0.005700056116722784,0.0019085823512906847,0.0019124552878901086,0.4376956793988729,158576,11404800,0.01390432098765432
VIRAT_S_010001_01_000071_000167,VIRAT_S_010001,False,nvenc_qp28_bf2_bqeq,h264_nvenc,True,300,dgt1,0.5,99,5702400,5702389,5608324,5608322,2,212,5696675,89097,100088,5702400,2176,3.507301939590582e-07,0.015624504045585104,3.5661290489383455e-07,0.9835023849607183,0.017551907968574636,0.0003815937149270483,0.00038799470216057416,0.009433962264150943,135304,5702400,0.023727553310886645
VIRAT_S_010001_01_000071_000167,VIRAT_S_010001,False,nvenc_qp28_bf2_bqeq,h264_nvenc,True,300,dgt1,1.0,99,5702400,5702389,5642896,5642894,2,212,5696675,55212,66416,5702400,3074,3.507301939590582e-07,0.009682257734433762,3.5442806474833656e-07,0.9895650953984287,0.01164702581369248,0.0005390712682379349,0.0005447557424414698,0.009433962264150943,102276,5702400,0.01793560606060606
VIRAT_S_010001_01_000071_000167,VIRAT_S_010001,False,nvenc_qp28_bf2_bqeq,h264_nvenc,True,300,dgt1,2.0,99,5702400,5702389,5660836,5660834,8,212,5696675,38106,50836,5702400,5451,1.4029207758362329e-06,0.006682462385501936,1.4132193242197175e-06,0.9927111391694725,0.008914842873176206,0.0009559132996632997,0.0009629319768316906,0.03773584905660377,86036,5702400,0.015087682379349047
VIRAT_S_010001_01_000071_000167,VIRAT_S_010001,False,nvenc_qp28_bf2_bqeq,h264_nvenc,True,300,d1,0.5,1,57600,57600,57268,57268,0,0,57524,282,448,57600,30,0.0,0.004895833333333334,0.0,0.9942361111111111,0.0077777777777777776,0.0005208333333333333,0.000523852762450234,,768,57600,0.013333333333333334
VIRAT_S_010001_01_000071_000167,VIRAT_S_010001,False,nvenc_qp28_bf2_bqeq,h264_nvenc,True,300,d1,1.0,1,57600,57600,57500,57500,0,0,57524,64,224,57600,106,0.0,0.0011111111111111111,0.0,0.9982638888888888,0.0038888888888888888,0.0018402777777777777,0.0018434782608695653,,464,57600,0.008055555555555555
VIRAT_S_010001_01_000071_000167,VIRAT_S_010001,False,nvenc_qp28_bf2_bqeq,h264_nvenc,True,300,d1,2.0,1,57600,57600,57584,57584,0,0,57524,16,112,57600,118,0.0,0.0002777777777777778,0.0,0.9997222222222222,0.0019444444444444444,0.0020486111111111113,0.0020491803278688526,,360,57600,0.00625
VIRAT_S_010001_01_000071_000167,VIRAT_S_010001,False,nvenc_qp45,h264_nvenc,True,300,d1,0.5,298,17164800,17164724,17115004,17114978,844,1809,17145199,41336,174204,17164800,16676,4.9170612938489425e-05,0.002408194853584596,4.931353110708059e-05,0.9970989466815809,0.010148909395973155,0.0009715231170768084,0.0009743497576746111,0.4665561083471531,311132,17164800,0.018126165175242355
VIRAT_S_010001_01_000071_000167,VIRAT_S_010001,False,nvenc_qp45,h264_nvenc,True,300,d1,1.0,298,17164800,17164724,17138944,17138917,866,1809,17145199,19259,105488,17164800,24925,5.0452311380014035e-05,0.0011220104675146538,5.0528280170794925e-05,0.9984936614466816,0.006145600298284862,0.0014520996457867263,0.0014542902993323276,0.4787175234936429,246348,17164800,0.014351929530201342
VIRAT_S_010001_01_000071_000167,VIRAT_S_010001,False,nvenc_qp45,h264_nvenc,True,300,d1,2.0,298,17164800,17164724,17154260,17154230,1014,1809,17145199,7616,78036,17164800,31271,5.9074646350270476e-05,0.00044370069684779084,5.9110784920104256e-05,0.9993859526472781,0.0045462807606263984,0.0018218097501864281,0.0018229291149836834,0.560530679933665,215652,17164800,0.012563618568232663
VIRAT_S_010001_01_000071_000167,VIRAT_S_010001,False,x264_crf12,libx264,True,300,d1,0.5,298,17164800,17164724,16980232,16980222,137,1809,17145199,168537,0,17164800,16082,7.981485749494137e-06,0.00981880046541966,8.068210180055361e-06,0.9892472967934377,0.0,0.0009369174123788217,0.0009471013116899698,0.07573244886677723,186552,17164800,0.010868288590604026
VIRAT_S_010001_01_000071_000167,VIRAT_S_010001,False,x264_crf12,libx264,True,300,d1,1.0,298,17164800,17164724,17059248,17059235,190,1809,17145199,94166,0,17164800,25819,1.1069213813167052e-05,0.005486018883845729,1.1137662386384853e-05,0.9938506711409396,0.0,0.0015041829791200597,0.001513489926402383,0.10503040353786622,163564,17164800,0.009529036167039522
VIRAT_S_010001_01_000071_000167,VIRAT_S_010001,False,x264_crf12,libx264,True,300,d1,2.0,298,17164800,17164724,17091072,17091056,529,1809,17145199,70649,0,17164800,32573,3.081902161665984e-05,0.004115941508875995,3.095186160527471e-05,0.9957046979865772,0.0,0.001897662658463833,0.001905848854887511,0.2924267551133223,156328,17164800,0.00910747576435496
VIRAT_S_010001_01_000071_000167,VIRAT_S_010001,False,x264_crf45,libx264,True,300,d1,0.5,298,17164800,17164724,17094280,17094250,1108,1809,17145199,61351,203440,17164800,21420,6.45509942367847e-05,0.003574249140271641,6.481711686678269e-05,0.9958915920954512,0.011852162565249813,0.0012479026845637585,0.001253050728079802,0.6124930901050304,340880,17164800,0.01985924683072334
VIRAT_S_010001_01_000071_000167,VIRAT_S_010001,False,x264_crf45,libx264,True,300,d1,1.0,298,17164800,17164724,17135596,17135566,1139,1809,17145199,22874,114156,17164800,27098,6.6357023858933e-05,0.0013326168250651744,6.646993743889172e-05,0.9982986111111111,0.006650587248322148,0.0015786959358687546,0.0015813864892706387,0.6296296296296297,255200,17164800,0.014867636092468307
VIRAT_S_010001_01_000071_000167,VIRAT_S_010001,False,x264_crf45,libx264,True,300,d1,2.0,298,17164800,17164724,17154116,17154072,1219,1809,17145199,8250,79180,17164800,32107,7.101774546447703e-05,0.0004806369155717272,7.106184467454724e-05,0.9993775633855332,0.004612928784489187,0.0018705140753169276,0.0018716790769049247,0.673852957435047,216996,17164800,0.012641918344519016
VIRAT_S_010001_01_000071_000167,VIRAT_S_010001,False,x264_qp24,libx264,True,300,d1,0.5,298,17164800,17164724,16985740,16985731,66,1809,17145199,162546,117676,17164800,14215,3.845095324573818e-06,0.009469770676184482,3.885614343003548e-06,0.9895681860551827,0.006855658090976883,0.0008281483035048471,0.000836878463935042,0.03648424543946932,247436,17164800,0.014415315063385533
VIRAT_S_010001_01_000071_000167,VIRAT_S_010001,False,x264_qp24,libx264,True,300,d1,1.0,298,17164800,17164724,17062908,17062895,122,1809,17145199,90355,59244,17164800,25031,7.1076004484546325e-06,0.005263993758361626,7.150017625965582e-06,0.9940638982102908,0.0034514821029082775,0.0014582750745712155,0.001466983236386201,0.06744057490326147,195704,17164800,0.011401472781506338
VIRAT_S_010001_01_000071_000167,VIRAT_S_010001,False,x264_qp24,libx264,True,300,d1,2.0,298,17164800,17164724,17099648,17099632,450,1809,17145199,61758,40400,17164800,32239,2.621655903118512e-05,0.003597960561439846,2.6316355813973073e-05,0.9962043251304996,0.0023536539895600297,0.0018782042319164802,0.0018853604471858133,0.24875621890547264,176880,17164800,0.010304809843400448
VIRAT_S_010001_01_000071_000167,VIRAT_S_010001,False,x264_qp24_bf2_pb1,libx264,True,300,B,0.5,198,11404800,11404735,11348816,11348787,370,1597,11391000,47587,118992,11404800,11958,3.244266526140239e-05,0.004172565167011772,3.2602603256189404e-05,0.995091189674523,0.010433501683501684,0.0010485058922558924,0.0010536781986772894,0.2316844082654978,208792,11404800,0.018307379349046016
VIRAT_S_010001_01_000071_000167,VIRAT_S_010001,False,x264_qp24_bf2_pb1,libx264,True,300,B,1.0,198,11404800,11404735,11377168,11377138,417,1597,11391000,21144,75116,11404800,17272,3.6563760578391347e-05,0.0018539667953705193,3.6652451609534844e-05,0.9975771604938272,0.00658634960718294,0.0015144500561167227,0.0015181282371852117,0.26111458985597996,169868,11404800,0.014894430415263749
VIRAT_S_010001_01_000071_000167,VIRAT_S_010001,False,x264_qp24_bf2_pb1,libx264,True,300,B,2.0,198,11404800,11404735,11392340,11392306,727,1597,11391000,9791,58516,11404800,21697,6.374545309470145e-05,0.0008585030691199752,6.381499935131658e-05,0.9989074775533109,0.005130822109988777,0.0019024445847362515,0.0019045253214001689,0.45522855353788355,151788,11404800,0.013309132996632996
VIRAT_S_010001_01_000071_000167,VIRAT_S_010001,False,x264_qp24_bf2_pb1,libx264,True,300,dgt1,0.5,99,5702400,5702389,5567784,5567782,3,212,5696675,129657,126204,5702400,2662,5.260952909385874e-07,0.022737312379074805,5.388141992628304e-07,0.9763930976430977,0.022131734006734006,0.00046682098765432096,0.0004781076277384324,0.014150943396226415,153220,5702400,0.02686938832772166
VIRAT_S_010001_01_000071_000167,VIRAT_S_010001,False,x264_qp24_bf2_pb1,libx264,True,300,dgt1,1.0,99,5702400,5702389,5614064,5614062,6,212,5696675,84039,85184,5702400,3657,1.0521905818771747e-06,0.014737507385062647,1.0687448767042473e-06,0.9845089786756454,0.01493827160493827,0.0006413089225589225,0.000651399770291183,0.02830188679245283,113996,5702400,0.0199908810325477
VIRAT_S_010001_01_000071_000167,VIRAT_S_010001,False,x264_qp24_bf2_pb1,libx264,True,300,dgt1,2.0,99,5702400,5702389,5638984,5638982,7,212,5696675,60026,65848,5702400,6229,1.2275556788567038e-06,0.010526465311293214,1.241358812636749e-06,0.9888790684624018,0.011547418630751965,0.0010923470819304152,0.0011046316144894186,0.0330188679245283,95088,5702400,0.016675084175084176
VIRAT_S_010001_01_000071_000167,VIRAT_S_010001,False,x264_qp24_bf2_pb1,libx264,True,300,d1,0.5,1,57600,57600,57068,57068,0,0,57524,481,456,57600,39,0.0,0.008350694444444445,0.0,0.9907638888888889,0.007916666666666667,0.0006770833333333334,0.0006833952477745848,,736,57600,0.012777777777777779
VIRAT_S_010001_01_000071_000167,VIRAT_S_010001,False,x264_qp24_bf2_pb1,libx264,True,300,d1,1.0,1,57600,57600,57460,57460,0,0,57524,120,184,57600,106,0.0,0.0020833333333333333,0.0,0.9975694444444444,0.0031944444444444446,0.0018402777777777777,0.0018447615732683606,,440,57600,0.007638888888888889
VIRAT_S_010001_01_000071_000167,VIRAT_S_010001,False,x264_qp24_bf2_pb1,libx264,True,300,d1,2.0,1,57600,57600,57536,57536,0,0,57524,64,128,57600,118,0.0,0.0011111111111111111,0.0,0.9988888888888889,0.0022222222222222222,0.0020486111111111113,0.0020508898776418244,,376,57600,0.006527777777777778
VIRAT_S_010001_02_000195_000498,VIRAT_S_010001,False,nvenc_qp18,h264_nvenc,True,300,d1,0.5,298,17164800,17164697,16736156,16736147,132,970,17158605,423994,182060,17164800,16219,7.69020274578689e-06,0.024701513810584597,7.887120016333508e-06,0.9750277311707681,0.010606590231170767,0.0009448988627889634,0.0009690994754111995,0.1360824742268041,0,17164800,0.0
VIRAT_S_010001_02_000195_000498,VIRAT_S_010001,False,nvenc_qp18,h264_nvenc,True,300,d1,1.0,298,17164800,17164697,16878192,16878183,146,970,17158605,282707,164420,17164800,22369,8.505830309733985e-06,0.01647025869434223,8.650220228089718e-06,0.9833025727069351,0.00957890566741238,0.001303190249813572,0.00132531967879024,0.15051546391752577,0,17164800,0.0
VIRAT_S_010001_02_000195_000498,VIRAT_S_010001,False,nvenc_qp18,h264_nvenc,True,300,d1,2.0,298,17164800,17164697,16937552,16937532,354,970,17158605,225609,157520,17164800,27314,2.0623725545519388e-05,0.013143779933895716,2.0900329516720618e-05,0.9867608128262491,0.009176920208799403,0.0015912798284862043,0.0016126297353950558,0.3649484536082474,0,17164800,0.0
VIRAT_S_010001_02_000195_000498,VIRAT_S_010001,False,nvenc_qp23,h264_nvenc,True,300,d1,0.5,298,17164800,17164697,16867996,16867988,103,970,17158605,292024,119972,17164800,15263,6.000688506182195e-06,0.017013058838149023,6.106241005151296e-06,0.9827085663683818,0.006989420208799404,0.0008892034862043252,0.0009048496335901431,0.10618556701030928,231056,17164800,0.0134610365398956
VIRAT_S_010001_02_000195_000498,VIRAT_S_010001,False,nvenc_qp23,h264_nvenc,True,300,d1,1.0,298,17164800,17164697,17004240,17004232,133,970,17158605,156591,70428,17164800,21998,7.748461857497398e-06,0.009122852561859962,7.821582297865613e-06,0.9906459731543624,0.004103048098434005,0.0012815762490678599,0.0012936773416512587,0.13711340206185568,183640,17164800,0.010698639075316927
VIRAT_S_010001_02_000195_000498,VIRAT_S_010001,False,nvenc_qp23,h264_nvenc,True,300,d1,2.0,298,17164800,17164697,17065524,17065507,335,970,17158605,97579,50060,17164800,27145,1.951680242301976e-05,0.005684865861599538,1.9630240109479313e-05,0.994216303131991,0.002916433631618195,0.0015814340976882924,0.0015906338416564296,0.34536082474226804,161140,17164800,0.009387816927665922
VIRAT_S_010001_02_000195_000498,VIRAT_S_010001,False,nvenc_qp28,h264_nvenc,True,300,d1,0.5,298,17164800,17164697,16906148,16906142,91,970,17158605,253848,201588,17164800,14275,5.301579165656114e-06,0.014788958989488716,5.382659154288424e-06,0.984931254660701,0.011744267337807606,0.0008316438292319165,0.0008443673863496286,0.09381443298969072,336568,17164800,0.01960803504847129
VIRAT_S_010001_02_000195_000498,VIRAT_S_010001,False,nvenc_qp28,h264_nvenc,True,300,d1,1.0,298,17164800,17164697,17041552,17041546,112,970,17158605,119247,100108,17164800,21591,6.5250205115767555e-06,0.006947224294142798,6.572173674853209e-06,0.9928197240865027,0.0058321681580909765,0.0012578649328859061,0.001266962070121313,0.1154639175257732,237888,17164800,0.013859060402684564
VIRAT_S_010001_02_000195_000498,VIRAT_S_010001,False,nvenc_qp28,h264_nvenc,True,300,d1,2.0,298,17164800,17164697,17097576,17097563,309,970,17158605,65481,65688,17164800,27058,1.8002065518546583e-05,0.003814864893915692,1.8072751069845453e-05,0.9960836129753915,0.003826901565995526,0.0015763655853840417,0.0015825635166060966,0.3185567010309278,201968,17164800,0.01176640566741238
VIRAT_S_010001_02_000195_000498,VIRAT_S_010001,False,nvenc_qp28_bf2_bqeq,h264_nvenc,True,300,B,0.5,198,11404800,11404742,11209112,11209080,245,547,11400924,193707,272480,11404800,12101,2.1482292190388874e-05,0.016984777033974115,2.185727999086455e-05,0.9828416105499439,0.02389169472502806,0.001061044472502806,0.0010795681227915288,0.44789762340036565,368676,11404800,0.03232638888888889
VIRAT_S_010001_02_000195_000498,VIRAT_S_010001,False,nvenc_qp28_bf2_bqeq,h264_nvenc,True,300,B,1.0,198,11404800,11404742,11323576,11323544,260,547,11400924,79625,135384,11404800,15234,2.2797534569392277e-05,0.006981744961876385,2.29610093801022e-05,0.9928780864197531,0.011870791245791245,0.001335753367003367,0.001345334724648821,0.4753199268738574,233368,11404800,0.02046226150392817
VIRAT_S_010001_02_000195_000498,VIRAT_S_010001,False,nvenc_qp28_bf2_bqeq,h264_nvenc,True,300,B,2.0,198,11404800,11404742,11369980,11369943,334,547,11400924,34098,82408,11404800,17738,2.9286063639142384e-05,0.00298980897595053,2.937569695819935e-05,0.9969468995510662,0.007225729517396184,0.0015553100448933781,0.001560073104789982,0.6106032906764168,179140,11404800,0.0157074214365881
VIRAT_S_010001_02_000195_000498,VIRAT_S_010001,False,nvenc_qp28_bf2_bqeq,h264_nvenc,True,300,dgt1,0.5,99,5702400,5702355,5475144,5475140,22,423,5700081,225323,201400,5702400,3290,3.85805513686889e-06,0.039514025345668585,4.018162092658818e-06,0.9601473063973064,0.03531846240179574,0.0005769500561167228,0.0006008974375833768,0.05200945626477541,236560,5702400,0.041484287317620654
VIRAT_S_010001_02_000195_000498,VIRAT_S_010001,False,nvenc_qp28_bf2_bqeq,h264_nvenc,True,300,dgt1,1.0,99,5702400,5702355,5593076,5593072,22,423,5700081,107426,97544,5702400,5303,3.85805513686889e-06,0.01883888323333079,3.9334376528676905e-06,0.9808284231200898,0.017105780022446688,0.000929959315375982,0.0009481365888823968,0.05200945626477541,132964,5702400,0.02331719977553311
VIRAT_S_010001_02_000195_000498,VIRAT_S_010001,False,nvenc_qp28_bf2_bqeq,h264_nvenc,True,300,dgt1,2.0,99,5702400,5702355,5637252,5637248,28,423,5700081,63403,62472,5702400,7307,4.910251992378587e-06,0.011118739538313556,4.966962603028996e-06,0.9885753367003367,0.010955387205387206,0.0012813902918069585,0.0012961989281302308,0.06619385342789598,97816,5702400,0.01715347923681257
VIRAT_S_010001_02_000195_000498,VIRAT_S_010001,False,nvenc_qp28_bf2_bqeq,h264_nvenc,True,300,d1,0.5,1,57600,57600,57304,57304,0,0,57600,296,480,57600,35,0.0,0.005138888888888889,0.0,0.9948611111111111,0.008333333333333333,0.0006076388888888889,0.0006107776071478431,,696,57600,0.012083333333333333
VIRAT_S_010001_02_000195_000498,VIRAT_S_010001,False,nvenc_qp28_bf2_bqeq,h264_nvenc,True,300,d1,1.0,1,57600,57600,57488,57488,0,0,57600,112,168,57600,61,0.0,0.0019444444444444444,0.0,0.9980555555555556,0.002916666666666667,0.0010590277777777779,0.0010610910102978014,,392,57600,0.006805555555555555
VIRAT_S_010001_02_000195_000498,VIRAT_S_010001,False,nvenc_qp28_bf2_bqeq,h264_nvenc,True,300,d1,2.0,1,57600,57600,57552,57552,0,0,57600,48,112,57600,73,0.0,0.0008333333333333334,0.0,0.9991666666666666,0.0019444444444444444,0.001267361111111111,0.0012684181262162914,,340,57600,0.005902777777777778
VIRAT_S_010001_02_000195_000498,VIRAT_S_010001,False,nvenc_qp45,h264_nvenc,True,300,d1,0.5,298,17164800,17164697,17093380,17093370,319,970,17158605,68518,288316,17164800,19123,1.8584656635651652e-05,0.003991797816180501,1.866220645782546e-05,0.9958391592095451,0.01679693325876212,0.00111408230797912,0.0011187371953352702,0.3288659793814433,435272,17164800,0.025358407904548845
VIRAT_S_010001_02_000195_000498,VIRAT_S_010001,False,nvenc_qp45,h264_nvenc,True,300,d1,1.0,298,17164800,17164697,17129564,17129549,338,970,17158605,32740,145688,17164800,23251,1.969157975815128e-05,0.0019074033174019908,1.9731984770877506e-05,0.9979471942580164,0.008487602535421327,0.0013545744780014914,0.001357360876202103,0.34845360824742266,293740,17164800,0.01711292878448919
VIRAT_S_010001_02_000195_000498,VIRAT_S_010001,False,nvenc_qp45,h264_nvenc,True,300,d1,2.0,298,17164800,17164697,17150472,17150451,496,970,17158605,13085,88592,17164800,27637,2.8896519408411344e-05,0.0007623204767319807,2.8920522264983e-05,0.9991652684563759,0.005161260253542133,0.001610097408650261,0.001611442530561258,0.511340206185567,233280,17164800,0.013590604026845638
VIRAT_S_010001_02_000195_000498,VIRAT_S_010001,False,x264_crf12,libx264,True,300,d1,0.5,298,17164800,17164697,16885320,16885308,156,970,17158605,275039,0,17164800,17708,9.088421426839052e-06,0.016023527825746064,9.238800974196029e-06,0.983717841163311,0.0,0.001031646159582401,0.0010487216114352586,0.16082474226804125,182060,17164800,0.010606590231170767
VIRAT_S_010001_02_000195_000498,VIRAT_S_010001,False,x264_crf12,libx264,True,300,d1,1.0,298,17164800,17164697,17027644,17027629,191,970,17158605,133503,0,17164800,23419,1.1127490336706788e-05,0.007777766190687782,1.1217063749744607e-05,0.992009461222968,0.0,0.0013643619500372855,0.0013753517515400252,0.19690721649484536,164420,17164800,0.00957890566741238
VIRAT_S_010001_02_000195_000498,VIRAT_S_010001,False,x264_crf12,libx264,True,300,d1,2.0,298,17164800,17164697,17083336,17083308,419,970,17158605,80076,0,17164800,28211,2.4410567806702327e-05,0.004665156629330538,2.452686563983978e-05,0.9952540082028337,0.0,0.0016435379381058912,0.001651375351980433,0.43195876288659796,157520,17164800,0.009176920208799403
VIRAT_S_010001_02_000195_000498,VIRAT_S_010001,False,x264_crf45,libx264,True,300,d1,0.5,298,17164800,17164697,17044900,17044869,454,970,17158605,117847,338212,17164800,22853,2.6449636716570063e-05,0.006865661537748089,2.663558165216758e-05,0.9930147744220731,0.01970381245339299,0.001331387490678598,0.0013407529524960546,0.46804123711340206,484568,17164800,0.028230331841909023
VIRAT_S_010001_02_000195_000498,VIRAT_S_010001,False,x264_crf45,libx264,True,300,d1,1.0,298,17164800,17164697,17133408,17133374,490,970,17158605,29590,146564,17164800,25980,2.8546964738148306e-05,0.0017238871155138946,2.8599153908623017e-05,0.9981711409395974,0.00853863721103654,0.001513562639821029,0.0015163358042953276,0.5051546391752577,295056,17164800,0.01718959731543624
VIRAT_S_010001_02_000195_000498,VIRAT_S_010001,False,x264_crf45,libx264,True,300,d1,2.0,298,17164800,17164697,17152272,17152233,575,970,17158605,11474,86080,17164800,28691,3.349898923354138e-05,0.0006684650477663544,3.352333191835722e-05,0.9992701342281879,0.005014914243102162,0.0016715021439224458,0.0016727230071911174,0.5927835051546392,230808,17164800,0.01344658836689038
VIRAT_S_010001_02_000195_000498,VIRAT_S_010001,False,x264_qp24,libx264,True,300,d1,0.5,298,17164800,17164697,16868516,16868505,127,970,17158605,291634,152796,17164800,15660,7.398907187234357e-06,0.016990337784581925,7.528823686509267e-06,0.9827388609246831,0.00890170581655481,0.0009123322147651006,0.0009283567090311916,0.1309278350515464,293288,17164800,0.01708659582401193
VIRAT_S_010001_02_000195_000498,VIRAT_S_010001,False,x264_qp24,libx264,True,300,d1,1.0,298,17164800,17164697,17020096,17020083,150,970,17158605,140853,62556,17164800,22670,8.738866756576012e-06,0.008205970661760006,8.813118008883976e-06,0.9915697240865026,0.0036444351230425056,0.0013207261372110365,0.0013319548843907813,0.15463917525773196,206984,17164800,0.012058631618195377
VIRAT_S_010001_02_000195_000498,VIRAT_S_010001,False,x264_qp24,libx264,True,300,d1,2.0,298,17164800,17164697,17084216,17084190,365,970,17158605,79058,34776,17164800,28021,2.1264575774334963e-05,0.004605848853609242,2.1364782292868435e-05,0.9953052759134974,0.002026006711409396,0.0016324687733035048,0.0016401689138090972,0.37628865979381443,177824,17164800,0.010359806114839672
VIRAT_S_010001_02_000195_000498,VIRAT_S_010001,False,x264_qp24_bf2_pb1,libx264,True,300,B,0.5,198,11404800,11404742,11306632,11306609,270,547,11400924,96276,209176,11404800,12277,2.367436282206121e-05,0.008441751685395425,2.387983877394186e-05,0.9913923961840628,0.018341049382716048,0.0010764765712682378,0.0010858229046456982,0.4936014625228519,306308,11404800,0.026857814253647586
VIRAT_S_010001_02_000195_000498,VIRAT_S_010001,False,x264_qp24_bf2_pb1,libx264,True,300,B,1.0,198,11404800,11404742,11363640,11363617,276,547,11400924,39582,107032,11404800,15634,2.4200459773662568e-05,0.003470661589714173,2.4288041386822523e-05,0.9963909932659932,0.009384820426487092,0.0013708263187429855,0.001375791559746701,0.5045703839122486,205536,11404800,0.018021885521885522
VIRAT_S_010001_02_000195_000498,VIRAT_S_010001,False,x264_qp24_bf2_pb1,libx264,True,300,B,2.0,198,11404800,11404742,11385592,11385563,339,547,11400924,18527,72068,11404800,18005,2.972447776547685e-05,0.0016244997037197335,2.977454869820667e-05,0.9983157968574635,0.006319093714927049,0.0015787212401795734,0.00158138461311454,0.6197440585009141,168448,11404800,0.014769921436588103
VIRAT_S_010001_02_000195_000498,VIRAT_S_010001,False,x264_qp24_bf2_pb1,libx264,True,300,dgt1,0.5,99,5702400,5702355,5437524,5437520,40,423,5700081,263024,229196,5702400,3916,7.014645703397982e-06,0.04612550428726377,7.356294781444482e-06,0.9535500841750841,0.0401929012345679,0.0006867283950617284,0.0007201807293172407,0.09456264775413711,258212,5702400,0.04528128507295174
VIRAT_S_010001_02_000195_000498,VIRAT_S_010001,False,x264_qp24_bf2_pb1,libx264,True,300,dgt1,1.0,99,5702400,5702355,5570080,5570074,44,423,5700081,130497,115460,5702400,5951,7.71611027373778e-06,0.022884755508908162,7.899356453792176e-06,0.9767957351290685,0.020247615039281706,0.0010435956790123457,0.0010683868095251773,0.10401891252955082,145472,5702400,0.025510662177328843
VIRAT_S_010001_02_000195_000498,VIRAT_S_010001,False,x264_qp24_bf2_pb1,libx264,True,300,dgt1,2.0,99,5702400,5702355,5623760,5623754,55,423,5700081,76977,74156,5702400,7903,9.645137842172225e-06,0.013499159557761662,9.779944144071735e-06,0.986209315375982,0.013004349046015712,0.0013859076879910214,0.0014052875656144644,0.13002364066193853,104572,5702400,0.01833824354657688
VIRAT_S_010001_02_000195_000498,VIRAT_S_010001,False,x264_qp24_bf2_pb1,libx264,True,300,d1,0.5,1,57600,57600,57032,57032,0,0,57600,568,560,57600,40,0.0,0.00986111111111111,0.0,0.9901388888888889,0.009722222222222222,0.0006944444444444445,0.0007013606396409033,,752,57600,0.013055555555555556
VIRAT_S_010001_02_000195_000498,VIRAT_S_010001,False,x264_qp24_bf2_pb1,libx264,True,300,d1,1.0,1,57600,57600,57316,57316,0,0,57600,284,244,57600,62,0.0,0.004930555555555555,0.0,0.9950694444444445,0.0042361111111111115,0.0010763888888888889,0.0010817223811850094,,420,57600,0.007291666666666667
VIRAT_S_010001_02_000195_000498,VIRAT_S_010001,False,x264_qp24_bf2_pb1,libx264,True,300,d1,2.0,1,57600,57600,57520,57520,0,0,57600,80,144,57600,74,0.0,0.001388888888888889,0.0,0.9986111111111111,0.0025,0.0012847222222222223,0.001286509040333797,,308,57600,0.005347222222222222
VIRAT_S_010001_03_000537_000563,VIRAT_S_010001,False,nvenc_qp18,h264_nvenc,True,196,d1,0.5,195,11232000,11231905,11103088,11103078,62,1105,11225230,123253,80128,11232000,6458,5.519989707890158e-06,0.010973472443009445,5.584037147176666e-06,0.988522792022792,0.007133903133903134,0.0005749643874643875,0.0005816399906044157,0.056108597285067875,0,11232000,0.0
VIRAT_S_010001_03_000537_000563,VIRAT_S_010001,False,nvenc_qp18,h264_nvenc,True,196,d1,1.0,195,11232000,11231905,11136980,11136968,77,1105,11225230,90321,69932,11232000,8609,6.855471088831325e-06,0.008041467587199144,6.913910500595853e-06,0.9915402421652422,0.006226139601139601,0.0007664707977207977,0.0007730102774719897,0.06968325791855204,0,11232000,0.0
VIRAT_S_010001_03_000537_000563,VIRAT_S_010001,False,nvenc_qp18,h264_nvenc,True,196,d1,2.0,195,11232000,11231905,11153496,11153478,137,1105,11225230,76586,67444,11232000,11671,1.2197396612595993e-05,0.006818611802717349,1.2283164049814774e-05,0.9930106837606838,0.00600462962962963,0.0010390847578347579,0.0010463983669335606,0.12398190045248869,0,11232000,0.0
VIRAT_S_010001_03_000537_000563,VIRAT_S_010001,False,nvenc_qp23,h264_nvenc,True,196,d1,0.5,195,11232000,11231905,11171280,11171274,27,1105,11225230,54844,48144,11232000,6038,2.403866485694101e-06,0.0048828760570891585,2.41691323657445e-06,0.9945940170940171,0.004286324786324787,0.000537571225071225,0.0005404931216476536,0.024434389140271493,102440,11232000,0.00912037037037037
VIRAT_S_010001_03_000537_000563,VIRAT_S_010001,False,nvenc_qp23,h264_nvenc,True,196,d1,1.0,195,11232000,11231905,11202548,11202538,46,1105,11225230,24592,22724,11232000,8347,4.095476234886246e-06,0.0021894772080070122,4.106212360091972e-06,0.997377849002849,0.002023148148148148,0.0007431445868945869,0.0007450983472688535,0.0416289592760181,80592,11232000,0.0071752136752136755
VIRAT_S_010001_03_000537_000563,VIRAT_S_010001,False,nvenc_qp23,h264_nvenc,True,196,d1,2.0,195,11232000,11231905,11218576,11218558,147,1105,11225230,11434,14508,11232000,11533,1.3087717533223439e-05,0.0010179929406454204,1.3103288319229619e-05,0.9988048433048433,0.0012916666666666667,0.001026798433048433,0.0010280270865036703,0.1330316742081448,72080,11232000,0.006417378917378917
VIRAT_S_010001_03_000537_000563,VIRAT_S_010001,False,nvenc_qp28,h264_nvenc,True,196,d1,0.5,195,11232000,11231905,11174996,11174986,46,1105,11225230,51260,66844,11232000,5751,4.095476234886246e-06,0.004563785039136282,4.116336253128192e-06,0.9949248575498576,0.0059512108262108265,0.0005120192307692307,0.000514631056691206,0.0416289592760181,125084,11232000,0.01113639601139601
VIRAT_S_010001_03_000537_000563,VIRAT_S_010001,False,nvenc_qp28,h264_nvenc,True,196,d1,1.0,195,11232000,11231905,11206992,11206982,56,1105,11225230,20171,29128,11232000,8250,4.9857971555136905e-06,0.0017958663289976188,4.996884977597002e-06,0.9977735042735043,0.0025933048433048433,0.000734508547008547,0.0007361475764415643,0.05067873303167421,89876,11232000,0.008001780626780627
VIRAT_S_010001_03_000537_000563,VIRAT_S_010001,False,nvenc_qp28,h264_nvenc,True,196,d1,2.0,195,11232000,11231905,11221696,11221685,177,1105,11225230,8336,17996,11232000,11487,1.575868029510577e-05,0.000742171519435038,1.5773032303081044e-05,0.9990826210826211,0.001602207977207977,0.0010227029914529914,0.0010236420590969493,0.16018099547511314,78360,11232000,0.0069764957264957265
VIRAT_S_010001_03_000537_000563,VIRAT_S_010001,False,nvenc_qp28_bf2_bqeq,h264_nvenc,True,196,B,0.5,130,7488000,7487905,7431744,7431715,200,1104,7483069,52815,67820,7488000,6783,2.670974057496723e-05,0.007053374742334471,2.691168862099798e-05,0.9924871794871795,0.00905715811965812,0.0009058493589743589,0.0009127063580230966,0.18115942028985507,106524,7488000,0.014225961538461538
VIRAT_S_010001_03_000537_000563,VIRAT_S_010001,False,nvenc_qp28_bf2_bqeq,h264_nvenc,True,196,B,1.0,130,7488000,7487905,7466336,7466305,305,1104,7483069,18851,28180,7488000,7872,4.0732354376825027e-05,0.0025175265978935363,4.085019296693612e-05,0.9971068376068376,0.0037633547008547007,0.0010512820512820513,0.0010543324061494152,0.276268115942029,69380,7488000,0.009265491452991452
VIRAT_S_010001_03_000537_000563,VIRAT_S_010001,False,nvenc_qp28_bf2_bqeq,h264_nvenc,True,196,B,2.0,130,7488000,7487905,7478856,7478809,483,1104,7483069,7681,14956,7488000,9125,6.450402348854586e-05,0.0010257875867816166,6.458247563214946e-05,0.9987788461538462,0.0019973290598290596,0.001218616452991453,0.0012201063906030548,0.4375,56112,7488000,0.007493589743589744
VIRAT_S_010001_03_000537_000563,VIRAT_S_010001,False,nvenc_qp28_bf2_bqeq,h264_nvenc,True,196,dgt1,0.5,65,3744000,3744000,3692084,3692084,0,1,3742161,50293,58248,3744000,483,0.0,0.013432959401709401,0.0,0.986133547008547,0.015557692307692307,0.00012900641025641026,0.00013082042553744716,0.0,77944,3744000,0.020818376068376068
VIRAT_S_010001_03_000537_000563,VIRAT_S_010001,False,nvenc_qp28_bf2_bqeq,h264_nvenc,True,196,dgt1,1.0,65,3744000,3744000,3721516,3721516,0,1,3742161,20878,25696,3744000,647,0.0,0.0055763888888888885,0.0,0.9939946581196581,0.006863247863247863,0.00017280982905982907,0.00017385388105277527,0.0,46068,3744000,0.01230448717948718
VIRAT_S_010001_03_000537_000563,VIRAT_S_010001,False,nvenc_qp28_bf2_bqeq,h264_nvenc,True,196,dgt1,2.0,65,3744000,3744000,3730440,3730440,0,1,3742161,12036,18520,3744000,811,0.0,0.00321474358974359,0.0,0.9963782051282051,0.004946581196581197,0.00021661324786324785,0.00021740062834410954,0.0,38448,3744000,0.01026923076923077
VIRAT_S_010001_03_000537_000563,VIRAT_S_010001,False,nvenc_qp45,h264_nvenc,True,196,d1,0.5,195,11232000,11231905,11210632,11210607,505,1105,11225230,18633,70056,11232000,8010,4.496120649168596e-05,0.0016589349714051177,4.5046624148005545e-05,0.9980975783475784,0.0062371794871794875,0.0007131410256410257,0.0007145003064947632,0.45701357466063347,130024,11232000,0.011576210826210825
VIRAT_S_010001_03_000537_000563,VIRAT_S_010001,False,nvenc_qp45,h264_nvenc,True,196,d1,1.0,195,11232000,11231905,11218808,11218783,519,1105,11225230,10715,33560,11232000,9269,4.6207655780564386e-05,0.0009539788664523071,4.626170236112063e-05,0.9988254985754986,0.002987891737891738,0.0008252314814814815,0.0008262018567391473,0.46968325791855203,95636,11232000,0.00851460113960114
VIRAT_S_010001_03_000537_000563,VIRAT_S_010001,False,nvenc_qp45,h264_nvenc,True,196,d1,2.0,195,11232000,11231905,11225700,11225670,550,1105,11225230,4736,19360,11232000,11648,4.896765063450946e-05,0.00042165598800915783,4.899484841439308e-05,0.9994391025641025,0.0017236467236467236,0.001037037037037037,0.001037619034893147,0.497737556561086,80420,11232000,0.007159900284900285
VIRAT_S_010001_03_000537_000563,VIRAT_S_010001,False,x264_crf12,libx264,True,196,d1,0.5,195,11232000,11231905,11163960,11163946,82,1105,11225230,62501,0,11232000,7239,7.300631549145047e-06,0.005564594786013593,7.345073148866897e-06,0.9939423076923077,0.0,0.0006444978632478632,0.0006484258273945804,0.07420814479638009,80128,11232000,0.007133903133903134
VIRAT_S_010001_03_000537_000563,VIRAT_S_010001,False,x264_crf12,libx264,True,196,d1,1.0,195,11232000,11231905,11199776,11199757,105,1105,11225230,27644,0,11232000,9145,9.34836966658817e-06,0.0024612031529825085,9.375203408431094e-06,0.9971310541310542,0.0,0.0008141915954415955,0.0008165341878266137,0.09502262443438914,69932,11232000,0.006226139601139601
VIRAT_S_010001_03_000537_000563,VIRAT_S_010001,False,x264_crf12,libx264,True,196,d1,2.0,195,11232000,11231905,11215228,11215202,158,1105,11225230,14971,0,11232000,12100,1.4067070545913628e-05,0.0013328994502713476,1.408802088451015e-05,0.9985067663817664,0.0,0.0010772792022792023,0.0010788902374521498,0.1429864253393665,67444,11232000,0.00600462962962963
VIRAT_S_010001_03_000537_000563,VIRAT_S_010001,False,x264_crf45,libx264,True,196,d1,0.5,195,11232000,11231905,11194292,11194257,588,1105,11225230,35538,91380,11232000,9821,5.2350870132893755e-05,0.003164022487725813,5.252693412345277e-05,0.9966428062678062,0.00813568376068376,0.0008743767806267806,0.0008773221209523568,0.5321266968325792,151444,11232000,0.013483262108262109
VIRAT_S_010001_03_000537_000563,VIRAT_S_010001,False,x264_crf45,libx264,True,196,d1,1.0,195,11232000,11231905,11221156,11221118,600,1105,11225230,8953,34404,11232000,10697,5.341925523764668e-05,0.0007971043202377513,5.347060783069922e-05,0.9990345441595442,0.003063034188034188,0.0009523682336182336,0.0009532885916566885,0.5429864253393665,96952,11232000,0.008631766381766381
VIRAT_S_010001_03_000537_000563,VIRAT_S_010001,False,x264_crf45,libx264,True,196,d1,2.0,195,11232000,11231905,11226776,11226728,649,1105,11225230,3928,19156,11232000,12165,5.7781827748721164e-05,0.0003497180576224603,5.780847278031498e-05,0.9995349002849003,0.0017054843304843304,0.0010830662393162393,0.0010835702075110431,0.5873303167420815,80576,11232000,0.007173789173789174
VIRAT_S_010001_03_000537_000563,VIRAT_S_010001,False,x264_qp24,libx264,True,196,d1,0.5,195,11232000,11231905,11162104,11162093,56,1105,11225230,64129,58384,11232000,6286,4.9857971555136905e-06,0.005709539031891741,5.016980238383608e-06,0.9937770655270656,0.005198005698005698,0.0005596509971509972,0.00056315547678108,0.05067873303167421,115416,11232000,0.010275641025641026
VIRAT_S_010001_03_000537_000563,VIRAT_S_010001,False,x264_qp24,libx264,True,196,d1,1.0,195,11232000,11231905,11200120,11200103,81,1105,11225230,27074,23928,11232000,8680,7.2115994570823025e-06,0.002410454860506744,7.232076347869301e-06,0.9971616809116809,0.00213034188034188,0.0007727920227920228,0.0007749916965175373,0.07330316742081448,84380,11232000,0.007512464387464388
VIRAT_S_010001_03_000537_000563,VIRAT_S_010001,False,x264_qp24,libx264,True,196,d1,2.0,195,11232000,11231905,11219504,11219481,150,1105,11225230,10668,13188,11232000,11938,1.335481380941167e-05,0.000949794358125358,1.3369602390698821e-05,0.9988874643874643,0.0011741452991452992,0.0010628561253561253,0.0010640399076465412,0.13574660633484162,74440,11232000,0.006627492877492877
VIRAT_S_010001_03_000537_000563,VIRAT_S_010001,False,x264_qp24_bf2_pb1,libx264,True,196,B,0.5,130,7488000,7487905,7465556,7465517,227,1104,7483069,19157,38088,7488000,6785,3.0315555552587807e-05,0.002558392500973236,3.040646749582112e-05,0.9970026709401709,0.005086538461538462,0.0009061164529914529,0.0009088405471742493,0.2056159420289855,76936,7488000,0.01027457264957265
VIRAT_S_010001_03_000537_000563,VIRAT_S_010001,False,x264_qp24_bf2_pb1,libx264,True,196,B,1.0,130,7488000,7487905,7478696,7478656,335,1104,7483069,6683,16892,7488000,8014,4.4738815463070114e-05,0.00089250598131253,4.479414483030106e-05,0.9987574786324787,0.0022558760683760682,0.0010702457264957265,0.0010715771840438494,0.30344202898550726,58276,7488000,0.00778258547008547
VIRAT_S_010001_03_000537_000563,VIRAT_S_010001,False,x264_qp24_bf2_pb1,libx264,True,196,B,2.0,130,7488000,7487905,7484620,7484561,536,1104,7483069,2194,9672,7488000,9265,7.158210474091217e-05,0.00029300585410739054,7.161408665117434e-05,0.9995486111111112,0.0012916666666666667,0.0012373130341880342,0.0012378717957625103,0.4855072463768116,50948,7488000,0.006803952991452991
VIRAT_S_010001_03_000537_000563,VIRAT_S_010001,False,x264_qp24_bf2_pb1,libx264,True,196,dgt1,0.5,65,3744000,3744000,3680704,3680704,0,1,3742161,61592,61260,3744000,736,0.0,0.0164508547008547,0.0,0.9830940170940171,0.01636217948717949,0.00019658119658119659,0.0001999617464485055,0.0,78116,3744000,0.020864316239316238
VIRAT_S_010001_03_000537_000563,VIRAT_S_010001,False,x264_qp24_bf2_pb1,libx264,True,196,dgt1,1.0,65,3744000,3744000,3715144,3715144,0,1,3742161,27208,26764,3744000,901,0.0,0.007267094017094017,0.0,0.9922927350427351,0.007148504273504274,0.0002406517094017094,0.00024252088209770602,0.0,45008,3744000,0.012021367521367522
VIRAT_S_010001_03_000537_000563,VIRAT_S_010001,False,x264_qp24_bf2_pb1,libx264,True,196,dgt1,2.0,65,3744000,3744000,3726944,3726944,0,1,3742161,15536,17960,3744000,1093,0.0,0.00414957264957265,0.0,0.9954444444444445,0.004797008547008547,0.0002919337606837607,0.000293269767401925,0.0,36560,3744000,0.009764957264957266
VIRAT_S_010001_04_000583_000646,VIRAT_S_010001,False,nvenc_qp18,h264_nvenc,True,300,d1,0.5,298,17164800,17164782,16852916,16852916,28,293,17143502,302979,177608,17164800,14604,1.6312470499188396e-06,0.01765119999776286,1.6614335465743733e-06,0.981830024235645,0.010347222222222223,0.0008508109619686801,0.000866556268363291,0.09556313993174062,0,17164800,0.0
VIRAT_S_010001_04_000583_000646,VIRAT_S_010001,False,nvenc_qp18,h264_nvenc,True,300,d1,1.0,298,17164800,17164782,16935988,16935988,37,293,17143502,224930,158340,17164800,22397,2.155576458821324e-06,0.013104157104937307,2.1846968715376984e-06,0.9866696961222968,0.009224692393736017,0.001304821495152871,0.0013224501576170225,0.12627986348122866,0,17164800,0.0
VIRAT_S_010001_04_000583_000646,VIRAT_S_010001,False,nvenc_qp18,h264_nvenc,True,300,d1,2.0,298,17164800,17164782,16963220,16963219,152,293,17143502,200211,151764,17164800,26970,8.855341128130844e-06,0.011664057253975029,8.960563440229122e-06,0.9882561987322893,0.008841582774049218,0.0015712388143176734,0.0015899104061610945,0.5187713310580204,0,17164800,0.0
VIRAT_S_010001_04_000583_000646,VIRAT_S_010001,False,nvenc_qp23,h264_nvenc,True,300,d1,0.5,298,17164800,17164782,16982996,16982996,21,293,17143502,172889,116656,17164800,13948,1.2234352874391296e-06,0.01007230968619351,1.2365309395350502e-06,0.9894083240119314,0.006796234153616704,0.0008125932140193885,0.0008212920735540419,0.07167235494880546,214088,17164800,0.012472501864280387
VIRAT_S_010001_04_000583_000646,VIRAT_S_010001,False,nvenc_qp23,h264_nvenc,True,300,d1,1.0,298,17164800,17164782,17063556,17063556,26,293,17143502,97375,66892,17164800,21979,1.5147294034960654e-06,0.005672952910208822,1.5237152209070605e-06,0.9941016498881432,0.003897045115585384,0.001280469332587621,0.0012880668015506265,0.08873720136518772,169200,17164800,0.00985738255033557
VIRAT_S_010001_04_000583_000646,VIRAT_S_010001,False,nvenc_qp23,h264_nvenc,True,300,d1,2.0,298,17164800,17164782,17089976,17089975,159,293,17143502,73451,51952,17164800,26856,9.263152890610553e-06,0.004279168823699596,9.303699976155611e-06,0.9956408463832961,0.0030266592095451158,0.0015645973154362416,0.0015714474964739565,0.5426621160409556,152100,17164800,0.008861157718120806
VIRAT_S_010001_04_000583_000646,VIRAT_S_010001,False,nvenc_qp28,h264_nvenc,True,300,d1,0.5,298,17164800,17164782,17019496,17019496,15,293,17143502,136882,156212,17164800,13651,8.73882348170807e-07,0.007974584238821093,8.813421972072498e-07,0.991534768829232,0.009100717747949292,0.0007952903616703953,0.0008020801556050778,0.051194539249146756,279548,17164800,0.01628612043251305
VIRAT_S_010001_04_000583_000646,VIRAT_S_010001,False,nvenc_qp28,h264_nvenc,True,300,d1,1.0,298,17164800,17164782,17100420,17100420,29,293,17143502,60541,76084,17164800,21824,1.6895058731302268e-06,0.0035270474160405884,1.6958647799293819e-06,0.9962493008948546,0.004432559656972409,0.0012714392244593587,0.0012762259640406494,0.09897610921501707,205984,17164800,0.012000372856077555
VIRAT_S_010001_04_000583_000646,VIRAT_S_010001,False,nvenc_qp28,h264_nvenc,True,300,d1,2.0,298,17164800,17164782,17126220,17126217,150,293,17143502,37234,55100,17164800,26849,8.738823481708069e-06,0.0021692090234527884,8.75850165859746e-06,0.9977523769574944,0.003210057792692021,0.0015641895041014168,0.0015677131322615265,0.5119453924914675,182848,17164800,0.010652498135719612
VIRAT_S_010001_04_000583_000646,VIRAT_S_010001,False,nvenc_qp28_bf2_bqeq,h264_nvenc,True,300,B,0.5,198,11404800,11404795,11273540,11273536,37,86,11397852,129575,193424,11404800,9299,3.244249458232261e-06,0.011361449285147169,3.282022605862083e-06,0.9884908108866443,0.016959876543209875,0.0008153584455667789,0.0008248518211670868,0.43023255813953487,283524,11404800,0.024860058922558922
VIRAT_S_010001_04_000583_000646,VIRAT_S_010001,False,nvenc_qp28_bf2_bqeq,h264_nvenc,True,300,B,1.0,198,11404800,11404795,11355216,11355212,37,86,11397852,48573,96204,11404800,13052,3.244249458232261e-06,0.004258998079316638,3.2584156068596517e-06,0.9956523569023569,0.008435395622895622,0.0011444304152637486,0.0011494277167426847,0.43023255813953487,189052,11404800,0.016576529180695847
VIRAT_S_010001_04_000583_000646,VIRAT_S_010001,False,nvenc_qp28_bf2_bqeq,h264_nvenc,True,300,B,2.0,198,11404800,11404795,11382324,11382319,63,86,11397852,22171,65836,11404800,15804,5.52399232077385e-06,0.0019440068848234448,5.534900225516435e-06,0.9980292508417509,0.005772657126823793,0.0013857323232323233,0.001388468646648962,0.7325581395348837,156752,11404800,0.01374438832772166
VIRAT_S_010001_04_000583_000646,VIRAT_S_010001,False,nvenc_qp28_bf2_bqeq,h264_nvenc,True,300,dgt1,0.5,99,5702400,5702387,5578564,5578564,3,207,5688050,118748,125300,5702400,4551,5.260954754561554e-07,0.020824261839822517,5.377728031801732e-07,0.9782835297418631,0.02197320426487093,0.0007980850168350168,0.0008158013424243228,0.014492753623188406,157184,5702400,0.027564534231200897
VIRAT_S_010001_04_000583_000646,VIRAT_S_010001,False,nvenc_qp28_bf2_bqeq,h264_nvenc,True,300,dgt1,1.0,99,5702400,5702387,5643616,5643616,7,207,5688050,56206,60764,5702400,6134,1.2275561093976962e-06,0.009856574097829559,1.2403395269982934e-06,0.9896913580246913,0.010655864197530864,0.0010756874298540966,0.0010868918083725043,0.033816425120772944,95104,5702400,0.016677890011223346
VIRAT_S_010001_04_000583_000646,VIRAT_S_010001,False,nvenc_qp28_bf2_bqeq,h264_nvenc,True,300,dgt1,2.0,99,5702400,5702387,5664820,5664820,9,207,5688050,35778,41596,5702400,7677,1.5782864263684664e-06,0.00627421464029011,1.5887530406967918e-06,0.9934097923681257,0.007294472502805836,0.0013462752525252525,0.0013552063437143635,0.043478260869565216,75580,5702400,0.013254068462401796
VIRAT_S_010001_04_000583_000646,VIRAT_S_010001,False,nvenc_qp28_bf2_bqeq,h264_nvenc,True,300,d1,0.5,1,57600,57600,57384,57384,0,0,57600,216,392,57600,12,0.0,0.00375,0.0,0.99625,0.006805555555555555,0.00020833333333333335,0.00020911752404851526,,808,57600,0.014027777777777778
VIRAT_S_010001_04_000583_000646,VIRAT_S_010001,False,nvenc_qp28_bf2_bqeq,h264_nvenc,True,300,d1,1.0,1,57600,57600,57556,57556,0,0,57600,44,148,57600,24,0.0,0.0007638888888888889,0.0,0.9992361111111111,0.0025694444444444445,0.0004166666666666667,0.0004169851970255056,,604,57600,0.010486111111111111
VIRAT_S_010001_04_000583_000646,VIRAT_S_010001,False,nvenc_qp28_bf2_bqeq,h264_nvenc,True,300,d1,2.0,1,57600,57600,57584,57584,0,0,57600,16,72,57600,24,0.0,0.0002777777777777778,0.0,0.9997222222222222,0.00125,0.0004166666666666667,0.0004167824395665463,,528,57600,0.009166666666666667
VIRAT_S_010001_04_000583_000646,VIRAT_S_010001,False,nvenc_qp45,h264_nvenc,True,300,d1,0.5,298,17164800,17164782,17120264,17120264,59,293,17143502,41378,179540,17164800,17129,3.4372705694718405e-06,0.0024106335868407766,3.4462085397748538e-06,0.9974053877703206,0.010459778150633856,0.0009979143363161819,0.0010005102725051437,0.20136518771331058,314020,17164800,0.018294416480238627
VIRAT_S_010001_04_000583_000646,VIRAT_S_010001,False,nvenc_qp45,h264_nvenc,True,300,d1,1.0,298,17164800,17164782,17144256,17144256,59,293,17143502,18271,94376,17164800,22331,3.4372705694718405e-06,0.0010644469588952541,3.4413858495813407e-06,0.9988031319910514,0.005498228933631618,0.0013009764168530947,0.0013025353797796767,0.20136518771331058,232964,17164800,0.013572194258016406
VIRAT_S_010001_04_000583_000646,VIRAT_S_010001,False,nvenc_qp45,h264_nvenc,True,300,d1,2.0,298,17164800,17164782,17156912,17156912,146,293,17143502,6948,70296,17164800,26743,8.50578818886252e-06,0.0004047823036727178,8.50968985561038e-06,0.9995404548844146,0.0040953579418344516,0.0015580140753169278,0.0015587303822506054,0.49829351535836175,205236,17164800,0.011956795302013422
VIRAT_S_010001_04_000583_000646,VIRAT_S_010001,False,x264_crf12,libx264,True,300,d1,0.5,298,17164800,17164782,16989268,16989267,46,293,17143502,166837,0,17164800,16093,2.679905867723808e-06,0.009719727288118195,2.7075917989869723e-06,0.9897737229679344,0.0,0.0009375582587621179,0.0009472450490509655,0.15699658703071673,177608,17164800,0.010347222222222223
VIRAT_S_010001_04_000583_000646,VIRAT_S_010001,False,x264_crf12,libx264,True,300,d1,1.0,298,17164800,17164782,17075824,17075823,63,293,17143502,85303,0,17164800,23564,3.6703058623173893e-06,0.004969652396400956,3.689426858078817e-06,0.9948163683818046,0.0,0.00137280947054437,0.001379962688769807,0.2150170648464164,158340,17164800,0.009224692393736017
VIRAT_S_010001_04_000583_000646,VIRAT_S_010001,False,x264_crf12,libx264,True,300,d1,2.0,298,17164800,17164782,17098872,17098870,171,293,17143502,64778,0,17164800,27712,9.962258769147198e-06,0.0037738900499872355,1.0000660862384474e-05,0.9961591163310962,0.0,0.0016144668158090977,0.001620691704107733,0.5836177474402731,151764,17164800,0.008841582774049218
VIRAT_S_010001_04_000583_000646,VIRAT_S_010001,False,x264_crf45,libx264,True,300,d1,0.5,298,17164800,17164782,17069812,17069807,85,293,17143502,84402,230136,17164800,19654,4.951999972967906e-06,0.004917161196687497,4.9795524928899315e-06,0.9944661167039522,0.013407438478747204,0.0011450177106636838,0.0011513893650381152,0.2901023890784983,365352,17164800,0.021284955257270692
VIRAT_S_010001_04_000583_000646,VIRAT_S_010001,False,x264_crf45,libx264,True,300,d1,1.0,298,17164800,17164782,17136676,17136667,134,293,17143502,24475,105732,17164800,23950,7.806682310325875e-06,0.0014258846980987,7.819490219422482e-06,0.9983615305741984,0.0061598154362416105,0.0013952973527218493,0.0013975872567118617,0.45733788395904434,245048,17164800,0.014276193139448173
VIRAT_S_010001_04_000583_000646,VIRAT_S_010001,False,x264_crf45,libx264,True,300,d1,2.0,298,17164800,17164782,17153752,17153742,193,293,17143502,9343,73912,17164800,27141,1.1243952879797716e-05,0.0005443121852639899,1.1251189390629754e-05,0.9993563571961223,0.004306021625652498,0.001581201062639821,0.0015822194468009098,0.658703071672355,209428,17164800,0.012201016032811336
VIRAT_S_010001_04_000583_000646,VIRAT_S_010001,False,x264_qp24,libx264,True,300,d1,0.5,298,17164800,17164782,16979252,16979252,20,293,17143502,176772,127568,17164800,14442,1.1651764642277426e-06,0.010298528696723326,1.1779081905374865e-06,0.9891902032065623,0.0074319537658463835,0.0008413730425055929,0.0008505675043871191,0.06825938566552901,252536,17164800,0.014712434750186429
VIRAT_S_010001_04_000583_000646,VIRAT_S_010001,False,x264_qp24,libx264,True,300,d1,1.0,298,17164800,17164782,17073428,17073428,32,293,17143502,87656,54444,17164800,22657,1.8642823427643881e-06,0.00510673540741735,1.8742574719031235e-06,0.9946767803877703,0.0031718400447427295,0.001319968773303505,0.0013270328606534083,0.10921501706484642,187520,17164800,0.010924683072334079
VIRAT_S_010001_04_000583_000646,VIRAT_S_010001,False,x264_qp24,libx264,True,300,d1,2.0,298,17164800,17164782,17102880,17102876,169,293,17143502,60761,36032,17164800,27626,9.845741122724425e-06,0.0035398643571470934,9.88137901485107e-06,0.9963926174496645,0.002099179716629381,0.001609456562266965,0.0016152835078068722,0.5767918088737202,169060,17164800,0.009849226323639075
VIRAT_S_010001_04_000583_000646,VIRAT_S_010001,False,x264_qp24_bf2_pb1,libx264,True,300,B,0.5,198,11404800,11404795,11349424,11349420,43,86,11397852,53391,130764,11404800,9268,3.7703439649726276e-06,0.004681451968229153,3.788739865120861e-06,0.9951445005611672,0.011465698653198653,0.0008126402918069585,0.0008166053184725497,0.5,218864,11404800,0.019190516273849607
VIRAT_S_010001_04_000583_000646,VIRAT_S_010001,False,x264_qp24_bf2_pb1,libx264,True,300,B,1.0,198,11404800,11404795,11381868,11381864,43,86,11397852,22018,77040,11404800,13198,3.7703439649726276e-06,0.0019305914749015655,3.7779400632444736e-06,0.9979892676767677,0.006755050505050505,0.0011572320426487092,0.00115956361468961,0.5,167672,11404800,0.014701879910213244
VIRAT_S_010001_04_000583_000646,VIRAT_S_010001,False,x264_qp24_bf2_pb1,libx264,True,300,B,2.0,198,11404800,11404795,11392404,11392399,70,86,11397852,12129,61252,11404800,15871,6.137769245304278e-06,0.0010635000453756511,6.144447714656062e-06,0.9989130892255892,0.005370721099887767,0.0013916070426487092,0.0013931212411357602,0.813953488372093,150152,11404800,0.013165684624017958
VIRAT_S_010001_04_000583_000646,VIRAT_S_010001,False,x264_qp24_bf2_pb1,libx264,True,300,dgt1,0.5,99,5702400,5702387,5538068,5538068,14,207,5688050,159035,155540,5702400,4950,2.4551122187953924e-06,0.027889197979723227,2.5279574031954824e-06,0.9711819584736251,0.027276234567901233,0.0008680555555555555,0.0008938135104155457,0.06763285024154589,179648,5702400,0.03150392817059484
VIRAT_S_010001_04_000583_000646,VIRAT_S_010001,False,x264_qp24_bf2_pb1,libx264,True,300,dgt1,1.0,99,5702400,5702387,5616668,5616668,20,207,5688050,83043,82104,5702400,6698,3.507303169707703e-06,0.01456284885610184,3.560830015233231e-06,0.9849656285072952,0.014398148148148148,0.0011745931537598204,0.001192521972101609,0.0966183574879227,109492,5702400,0.019201038159371492
VIRAT_S_010001_04_000583_000646,VIRAT_S_010001,False,x264_qp24_bf2_pb1,libx264,True,300,dgt1,2.0,99,5702400,5702387,5644204,5644204,23,207,5688050,56512,59180,5702400,8423,4.033398645163859e-06,0.009910235836326086,4.074976737198017e-06,0.9897944725028058,0.010378086419753086,0.0014770973625140291,0.001492327350322561,0.1111111111111111,87428,5702400,0.01533179012345679
VIRAT_S_010001_04_000583_000646,VIRAT_S_010001,False,x264_qp24_bf2_pb1,libx264,True,300,d1,0.5,1,57600,57600,57248,57248,0,0,57600,352,392,57600,17,0.0,0.006111111111111111,0.0,0.9938888888888889,0.006805555555555555,0.0002951388888888889,0.00029695360536612634,,800,57600,0.013888888888888888
VIRAT_S_010001_04_000583_000646,VIRAT_S_010001,False,x264_qp24_bf2_pb1,libx264,True,300,d1,1.0,1,57600,57600,57400,57400,0,0,57600,200,144,57600,18,0.0,0.003472222222222222,0.0,0.9965277777777778,0.0025,0.0003125,0.00031358885017421603,,600,57600,0.010416666666666666
VIRAT_S_010001_04_000583_000646,VIRAT_S_010001,False,x264_qp24_bf2_pb1,libx264,True,300,d1,2.0,1,57600,57600,57480,57480,0,0,57600,120,80,57600,24,0.0,0.0020833333333333333,0.0,0.9979166666666667,0.001388888888888889,0.0004166666666666667,0.0004175365344467641,,536,57600,0.009305555555555555
VIRAT_S_010001_05_000649_000684,VIRAT_S_010001,False,nvenc_qp18,h264_nvenc,True,300,d1,0.5,298,17164800,17164753,16886748,16886748,53,650,17158447,273143,179176,17164800,6522,3.0877228469294024e-06,0.015913016633562975,3.138555747974684e-06,0.9838010346756152,0.010438571961222968,0.00037996364653243846,0.0003862200110998281,0.08153846153846153,0,17164800,0.0
VIRAT_S_010001_05_000649_000684,VIRAT_S_010001,False,nvenc_qp18,h264_nvenc,True,300,d1,1.0,298,17164800,17164753,16940960,16940960,63,650,17158447,220112,149608,17164800,10622,3.6703120633311764e-06,0.012823487760062728,3.718797517968285e-06,0.9869593586875466,0.008715976882923191,0.0006188245712155108,0.0006270010672358591,0.09692307692307692,0,17164800,0.0
VIRAT_S_010001_05_000649_000684,VIRAT_S_010001,False,nvenc_qp18,h264_nvenc,True,300,d1,2.0,298,17164800,17164753,16967576,16967571,147,650,17158447,196049,143060,17164800,14804,8.564061481106078e-06,0.011421603328635139,8.663585377070178e-06,0.9885099739000746,0.00833449850857569,0.0008624627143922446,0.0008724876199169522,0.22615384615384615,0,17164800,0.0
VIRAT_S_010001_05_000649_000684,VIRAT_S_010001,False,nvenc_qp23,h264_nvenc,True,300,d1,0.5,298,17164800,17164753,17036852,17036852,44,650,17158447,122991,128864,17164800,6196,2.5633925521678057e-06,0.007165323031447059,2.5826367453329994e-06,0.9925459079045489,0.007507457121551081,0.00036097129008202835,0.00036368221077461965,0.06769230769230769,205440,17164800,0.011968680089485458
VIRAT_S_010001_05_000649_000684,VIRAT_S_010001,False,nvenc_qp23,h264_nvenc,True,300,d1,1.0,298,17164800,17164753,17076720,17076720,44,650,17158447,84359,73336,17164800,10332,2.5633925521678057e-06,0.004914664370643726,2.576607217311053e-06,0.9948685682326622,0.0042724645786726325,0.0006019295302013423,0.0006050342220285863,0.06769230769230769,167672,17164800,0.009768363161819537
VIRAT_S_010001_05_000649_000684,VIRAT_S_010001,False,nvenc_qp23,h264_nvenc,True,300,d1,2.0,298,17164800,17164753,17096852,17096847,144,650,17158447,66765,55704,17164800,14660,8.389284716185546e-06,0.0038896569033064444,8.422605641847295e-06,0.9960414336316182,0.003245246085011186,0.0008540734526472782,0.0008574677958258047,0.22153846153846155,149420,17164800,0.00870502423564504
VIRAT_S_010001_05_000649_000684,VIRAT_S_010001,False,nvenc_qp28,h264_nvenc,True,300,d1,0.5,298,17164800,17164753,17082744,17082744,39,650,17158447,77217,149332,17164800,6155,2.2720979439669187e-06,0.0044985791522895785,2.2830055873927514e-06,0.99521951901566,0.008699897464578672,0.0003585826808351976,0.0003603051125744201,0.06,247700,17164800,0.014430695376584639
VIRAT_S_010001_05_000649_000684,VIRAT_S_010001,False,nvenc_qp28,h264_nvenc,True,300,d1,1.0,298,17164800,17164753,17117664,17117664,42,650,17158447,43610,79696,17164800,10348,2.446874708887451e-06,0.0025406715727281366,2.4536058191117666e-06,0.9972539149888143,0.004642990305741983,0.0006028616703952274,0.0006045217384802039,0.06461538461538462,197192,17164800,0.011488161819537658
VIRAT_S_010001_05_000649_000684,VIRAT_S_010001,False,nvenc_qp28,h264_nvenc,True,300,d1,2.0,298,17164800,17164753,17133180,17133176,150,650,17158447,30443,59992,17164800,14672,8.73883824602661e-06,0.0017735763514919207,8.754944208826199e-06,0.9981578579418344,0.0034950596569724088,0.000854772557792692,0.0008563500762847294,0.23076923076923078,176412,17164800,0.010277544742729306
VIRAT_S_010001_05_000649_000684,VIRAT_S_010001,False,nvenc_qp28_bf2_bqeq,h264_nvenc,True,300,B,0.5,198,11404800,11404776,11336516,11336515,67,349,11401331,65909,149624,11404800,4634,5.874731779037133e-06,0.005779070101859081,5.9101055306679345e-06,0.9940126964085297,0.013119388327721661,0.00040632014590347924,0.00040876756139187736,0.19197707736389685,220556,11404800,0.019338874859708192
VIRAT_S_010001_05_000649_000684,VIRAT_S_010001,False,nvenc_qp28_bf2_bqeq,h264_nvenc,True,300,B,1.0,198,11404800,11404776,11373476,11373475,75,349,11401331,29538,83968,11404800,6532,6.57619228996694e-06,0.0025899675714805797,6.59429066314385e-06,0.9972534371492705,0.007362514029180696,0.0005727413019079686,0.0005743187043257488,0.2148997134670487,167384,11404800,0.014676627384960719
VIRAT_S_010001_05_000649_000684,VIRAT_S_010001,False,nvenc_qp28_bf2_bqeq,h264_nvenc,True,300,B,2.0,198,11404800,11404776,11387764,11387759,136,349,11401331,16291,64396,11404800,8879,1.1924828685806719e-05,0.0014284366479446857,1.194264824185338e-05,0.9985062429854097,0.005646394500561167,0.0007785318462401796,0.000779696523391247,0.38968481375358166,146752,11404800,0.0128675645342312
VIRAT_S_010001_05_000649_000684,VIRAT_S_010001,False,nvenc_qp28_bf2_bqeq,h264_nvenc,True,300,dgt1,0.5,99,5702400,5702377,5644104,5644102,34,301,5699516,56841,81316,5702400,1936,5.962425844520627e-06,0.009967948453776382,6.023987518297862e-06,0.9897769360269361,0.014259960718294051,0.00033950617283950616,0.0003430128147886715,0.11295681063122924,107276,5702400,0.01881242985409652
VIRAT_S_010001_05_000649_000684,VIRAT_S_010001,False,nvenc_qp28_bf2_bqeq,h264_nvenc,True,300,dgt1,1.0,99,5702400,5702377,5666656,5666654,37,301,5699516,34340,47172,5702400,2426,6.488522242566565e-06,0.006022050102965833,6.529426359894216e-06,0.9937317620650954,0.008272306397306398,0.00042543490460157126,0.0004281184529288526,0.12292358803986711,78556,5702400,0.013775953984287317
VIRAT_S_010001_05_000649_000684,VIRAT_S_010001,False,nvenc_qp28_bf2_bqeq,h264_nvenc,True,300,dgt1,2.0,99,5702400,5702377,5675276,5675274,39,301,5699516,25823,36248,5702400,3263,6.83925317459719e-06,0.0045284624289134165,6.8719149066635375e-06,0.9952434062850729,0.00635662177328844,0.0005722152076318743,0.000574950011241744,0.12956810631229235,67480,5702400,0.01183361391694725
VIRAT_S_010001_05_000649_000684,VIRAT_S_010001,False,nvenc_qp28_bf2_bqeq,h264_nvenc,True,300,d1,0.5,1,57600,57600,57480,57480,0,0,57600,120,1108,57600,2,0.0,0.0020833333333333333,0.0,0.9979166666666667,0.01923611111111111,3.472222222222222e-05,3.479471120389701e-05,,976,57600,0.016944444444444446
VIRAT_S_010001_05_000649_000684,VIRAT_S_010001,False,nvenc_qp28_bf2_bqeq,h264_nvenc,True,300,d1,1.0,1,57600,57600,57544,57544,0,0,57600,56,552,57600,2,0.0,0.0009722222222222222,0.0,0.9990277777777777,0.009583333333333333,3.472222222222222e-05,3.475601279021271e-05,,744,57600,0.012916666666666667
VIRAT_S_010001_05_000649_000684,VIRAT_S_010001,False,nvenc_qp28_bf2_bqeq,h264_nvenc,True,300,d1,2.0,1,57600,57600,57584,57584,0,0,57600,16,352,57600,2,0.0,0.0002777777777777778,0.0,0.9997222222222222,0.006111111111111111,3.472222222222222e-05,3.473186996387885e-05,,592,57600,0.010277777777777778
VIRAT_S_010001_05_000649_000684,VIRAT_S_010001,False,nvenc_qp45,h264_nvenc,True,300,d1,0.5,298,17164800,17164753,17141312,17141310,135,650,17158447,20223,164924,17164800,8255,7.864954421423949e-06,0.0011781701723293076,7.875710782898156e-06,0.9986316181953766,0.009608268083519762,0.0004809260812826249,0.0004815850735346279,0.2076923076923077,272492,17164800,0.015875046607009693
VIRAT_S_010001_05_000649_000684,VIRAT_S_010001,False,nvenc_qp45,h264_nvenc,True,300,d1,1.0,298,17164800,17164753,17150348,17150346,136,650,17158447,11736,97596,17164800,10865,7.923213343064127e-06,0.000683726704369122,7.929869169986424e-06,0.9991580443698732,0.005685822147651007,0.0006329814504101417,0.0006335148417979623,0.20923076923076922,222500,17164800,0.012962574571215512
VIRAT_S_010001_05_000649_000684,VIRAT_S_010001,False,nvenc_qp45,h264_nvenc,True,300,d1,2.0,298,17164800,17164753,17158768,17158760,237,650,17158447,4972,75852,17164800,14635,1.3807364428722044e-05,0.00028966335839496204,1.3812186894624088e-05,0.9996485831469053,0.004419043624161074,0.0008526169835943326,0.0008529167129015323,0.3646153846153846,198856,17164800,0.011585104399701715
VIRAT_S_010001_05_000649_000684,VIRAT_S_010001,False,x264_crf12,libx264,True,300,d1,0.5,298,17164800,17164753,16994900,16994900,60,650,17158447,165108,0,17164800,7363,3.4955352984106443e-06,0.009619014034166411,3.5304709059776756e-06,0.990101836316182,0.0,0.0004289592654735272,0.0004332476213452271,0.09230769230769231,179176,17164800,0.010438571961222968
VIRAT_S_010001_05_000649_000684,VIRAT_S_010001,False,x264_crf12,libx264,True,300,d1,1.0,298,17164800,17164753,17066344,17066340,79,650,17158447,94886,0,17164800,11289,4.602454809574015e-06,0.005527956038749873,4.628994851854586e-06,0.9942640753169276,0.0,0.0006576831655480984,0.0006614773498061448,0.12153846153846154,149608,17164800,0.008715976882923191
VIRAT_S_010001_05_000649_000684,VIRAT_S_010001,False,x264_crf12,libx264,True,300,d1,2.0,298,17164800,17164753,17090884,17090876,154,650,17158447,72799,0,17164800,15223,8.97187393258732e-06,0.004241191236483275,9.01065574403559e-06,0.995693745339299,0.0,0.0008868731357196122,0.0008907087544447671,0.23692307692307693,143060,17164800,0.00833449850857569
VIRAT_S_010001_05_000649_000684,VIRAT_S_010001,False,x264_crf45,libx264,True,300,d1,0.5,298,17164800,17164753,17128000,17127992,164,650,17158447,33473,183604,17164800,11058,9.554463148989094e-06,0.0019501008840616583,9.57496944183533e-06,0.9978560775540641,0.010696541759880687,0.0006442253914988814,0.0006456095282578234,0.2523076923076923,291476,17164800,0.016981030947054436
VIRAT_S_010001_05_000649_000684,VIRAT_S_010001,False,x264_crf45,libx264,True,300,d1,1.0,298,17164800,17164753,17150104,17150096,177,650,17158447,12269,100680,17164800,12645,1.03118291303114e-05,0.0007147787096033366,1.0320641936931432e-05,0.9991438292319165,0.005865492170022371,0.0007366820469798657,0.0007373133130854484,0.2723076923076923,225888,17164800,0.013159955257270694
VIRAT_S_010001_05_000649_000684,VIRAT_S_010001,False,x264_crf45,libx264,True,300,d1,2.0,298,17164800,17164753,17157144,17157133,255,650,17158447,6473,77396,17164800,14871,1.4856025018245239e-05,0.0003771099997768683,1.4862623026819225e-05,0.999553970917226,0.004508995152870992,0.0008663660514541387,0.0008667526483428711,0.3923076923076923,200520,17164800,0.011682046979865772
VIRAT_S_010001_05_000649_000684,VIRAT_S_010001,False,x264_qp24,libx264,True,300,d1,0.5,298,17164800,17164753,17021768,17021767,40,650,17158447,138139,132100,17164800,6487,2.3303568656070963e-06,0.008047829176452467,2.349932295513151e-06,0.9916671327367637,0.007695982475764355,0.00037792458985831467,0.00038110024763585073,0.06153846153846154,235252,17164800,0.013705490305741983
VIRAT_S_010001_05_000649_000684,VIRAT_S_010001,False,x264_qp24,libx264,True,300,d1,1.0,298,17164800,17164753,17077732,17077729,55,650,17158447,83436,60876,17164800,10745,3.2042406902097573e-06,0.004860891385969842,3.220568730186549e-06,0.9949275260999254,0.003546560402684564,0.000625990398956003,0.0006291819077615225,0.08461538461538462,181596,17164800,0.010579558165548099
VIRAT_S_010001_05_000649_000684,VIRAT_S_010001,False,x264_qp24,libx264,True,300,d1,2.0,298,17164800,17164753,17104060,17104052,141,650,17158447,59581,41352,17164800,15045,8.214507951265013e-06,0.00347112481024341,8.24366062497939e-06,0.9964613627889635,0.0024091163310961967,0.0008765030760626398,0.0008796157169701229,0.2169230769230769,162980,17164800,0.009495013049962715
VIRAT_S_010001_05_000649_000684,VIRAT_S_010001,False,x264_qp24_bf2_pb1,libx264,True,300,B,0.5,198,11404800,11404776,11374400,11374400,69,349,11401331,27978,120204,11404800,4493,6.050096906769585e-06,0.002453182771849267,6.066254044169363e-06,0.997334455667789,0.010539772727272727,0.00039395693041526376,0.00039500984667323113,0.1977077363896848,191304,11404800,0.0167739898989899
VIRAT_S_010001_05_000649_000684,VIRAT_S_010001,False,x264_qp24_bf2_pb1,libx264,True,300,B,1.0,198,11404800,11404776,11387216,11387216,73,349,11401331,15704,74492,11404800,6400,6.400827162234488e-06,0.001376966982955211,6.4106977508813395e-06,0.9984581930415264,0.0065316358024691355,0.0005611672278338945,0.0005620337754197338,0.20916905444126074,158644,11404800,0.013910283389450056
VIRAT_S_010001_05_000649_000684,VIRAT_S_010001,False,x264_qp24_bf2_pb1,libx264,True,300,B,2.0,198,11404800,11404776,11395328,11395325,120,349,11401331,8633,60696,11404800,8784,1.0521907663947103e-05,0.000756963573857128,1.0530634273265572e-05,0.9991694725028059,0.0053219696969696965,0.0007702020202020202,0.0007708422258666008,0.3438395415472779,143796,11404800,0.012608375420875421
VIRAT_S_010001_05_000649_000684,VIRAT_S_010001,False,x264_qp24_bf2_pb1,libx264,True,300,dgt1,0.5,99,5702400,5702377,5591364,5591362,42,301,5699516,109617,119656,5702400,2175,7.365349572643128e-06,0.019223036288200518,7.511586622364998e-06,0.9805281986531986,0.0209834455667789,0.00038141835016835017,0.0003889927395175846,0.13953488372093023,136440,5702400,0.023926767676767678
VIRAT_S_010001_05_000649_000684,VIRAT_S_010001,False,x264_qp24_bf2_pb1,libx264,True,300,dgt1,1.0,99,5702400,5702377,5630000,5629998,43,301,5699516,71032,75100,5702400,2727,7.54071503865844e-06,0.012456559781999683,7.637658130606797e-06,0.9873035914702581,0.013169893378226712,0.00047821969696969696,0.00048436944937833035,0.14285714285714285,97380,5702400,0.0170770202020202
VIRAT_S_010001_05_000649_000684,VIRAT_S_010001,False,x264_qp24_bf2_pb1,libx264,True,300,dgt1,2.0,99,5702400,5702377,5648860,5648858,45,301,5699516,52279,57280,5702400,3618,7.891445970689065e-06,0.009167931197814526,7.966211931686015e-06,0.9906109708193042,0.010044893378226711,0.0006344696969696969,0.0006404832125419996,0.14950166112956811,81352,5702400,0.014266273849607183
VIRAT_S_010001_05_000649_000684,VIRAT_S_010001,False,x264_qp24_bf2_pb1,libx264,True,300,d1,0.5,1,57600,57600,57120,57120,0,0,57600,480,932,57600,2,0.0,0.008333333333333333,0.0,0.9916666666666667,0.016180555555555556,3.472222222222222e-05,3.5014005602240894e-05,,936,57600,0.01625
VIRAT_S_010001_05_000649_000684,VIRAT_S_010001,False,x264_qp24_bf2_pb1,libx264,True,300,d1,1.0,1,57600,57600,57344,57344,0,0,57600,256,432,57600,2,0.0,0.0044444444444444444,0.0,0.9955555555555555,0.0075,3.472222222222222e-05,3.487723214285714e-05,,624,57600,0.010833333333333334
VIRAT_S_010001_05_000649_000684,VIRAT_S_010001,False,x264_qp24_bf2_pb1,libx264,True,300,d1,2.0,1,57600,57600,57408,57408,0,0,57600,192,304,57600,2,0.0,0.0033333333333333335,0.0,0.9966666666666667,0.005277777777777778,3.472222222222222e-05,3.483835005574136e-05,,512,57600,0.008888888888888889
VIRAT_S_010001_06_000685_000722,VIRAT_S_010001,False,nvenc_qp18,h264_nvenc,True,300,d1,0.5,298,17164800,17164738,16872640,16872634,40,752,17157489,286706,184220,17164800,5930,2.330358902070046e-06,0.016703196984422367,2.3707027604581477e-06,0.9829791200596569,0.010732429157345265,0.00034547445935868756,0.00035145655925806514,0.05319148936170213,0,17164800,0.0
VIRAT_S_010001_06_000685_000722,VIRAT_S_010001,False,nvenc_qp18,h264_nvenc,True,300,d1,1.0,298,17164800,17164738,16930428,16930422,47,752,17157489,229932,155104,17164800,8099,2.7381717099323042e-06,0.013395602076769247,2.776067838120042e-06,0.9863457774049217,0.009036167039522744,0.0004718377143922446,0.00047836947772377636,0.0625,0,17164800,0.0
VIRAT_S_010001_06_000685_000722,VIRAT_S_010001,False,nvenc_qp18,h264_nvenc,True,300,d1,2.0,298,17164800,17164738,16959720,16959710,166,752,17157489,203567,148020,17164800,11418,9.670989443590691e-06,0.011859604265442327,9.787903212967674e-06,0.988052293064877,0.00862346196868009,0.0006651985458612976,0.0006732422469238879,0.22074468085106383,0,17164800,0.0
VIRAT_S_010001_06_000685_000722,VIRAT_S_010001,False,nvenc_qp23,h264_nvenc,True,300,d1,0.5,298,17164800,17164738,17030392,17030387,42,752,17157489,128749,140988,17164800,5680,2.4468768471735484e-06,0.00750078445706541,2.4661800110590558e-06,0.9921695563012677,0.008213786353467561,0.00033090976882923194,0.0003335213892903933,0.05585106382978723,214632,17164800,0.012504194630872482
VIRAT_S_010001_06_000685_000722,VIRAT_S_010001,False,nvenc_qp23,h264_nvenc,True,300,d1,1.0,298,17164800,17164738,17072300,17072295,48,752,17157489,87926,81600,17164800,7973,2.7964306824840553e-06,0.005122478420585272,2.8115727850297806e-06,0.9946110645041014,0.0047539149888143175,0.00046449711036539897,0.00046701381770470295,0.06382978723404255,173632,17164800,0.01011558538404176
VIRAT_S_010001_06_000685_000722,VIRAT_S_010001,False,nvenc_qp23,h264_nvenc,True,300,d1,2.0,298,17164800,17164738,17093192,17093184,158,752,17157489,69980,61316,17164800,11357,9.204917663176683e-06,0.004076962899171545,9.243450488803022e-06,0.995828206562267,0.003572194258016406,0.0006616447613721104,0.0006644165700590036,0.21010638297872342,153336,17164800,0.008933165548098435
VIRAT_S_010001_06_000685_000722,VIRAT_S_010001,False,nvenc_qp28,h264_nvenc,True,300,d1,0.5,298,17164800,17164738,17080168,17080163,47,752,17157489,79016,163436,17164800,5618,2.7381717099323042e-06,0.0046033909751491695,2.751730179624164e-06,0.9950694444444445,0.009521579045488442,0.00032729772557792694,0.00032891948135404755,0.0625,261536,17164800,0.01523676360924683
VIRAT_S_010001_06_000685_000722,VIRAT_S_010001,False,nvenc_qp28,h264_nvenc,True,300,d1,1.0,298,17164800,17164738,17114796,17114791,49,752,17157489,45500,89848,17164800,7994,2.8546896550358064e-06,0.0026507832511046777,2.8630206468778964e-06,0.9970868288590604,0.005234433258762118,0.0004657205443698732,0.0004670812319352214,0.06515957446808511,207776,17164800,0.012104772557792692
VIRAT_S_010001_06_000685_000722,VIRAT_S_010001,False,nvenc_qp28,h264_nvenc,True,300,d1,2.0,298,17164800,17164738,17131564,17131555,153,752,17157489,31589,65960,17164800,11319,8.913622800417926e-06,0.0018403426839372673,8.93088806007394e-06,0.9980637117822521,0.0038427479492915734,0.0006594309284116331,0.0006607102538915886,0.20345744680851063,183580,17164800,0.010695143549589859
VIRAT_S_010001_06_000685_000722,VIRAT_S_010001,False,nvenc_qp28_bf2_bqeq,h264_nvenc,True,300,B,0.5,198,11404800,11404761,11331756,11331748,109,504,11399749,69729,146616,11404800,4866,9.557412031694483e-06,0.006114025537229583,9.618992586139402e-06,0.9935953282828283,0.012855639730639731,0.0004266624579124579,0.0004294127053212229,0.21626984126984128,221560,11404800,0.019426907968574634
VIRAT_S_010001_06_000685_000722,VIRAT_S_010001,False,nvenc_qp28_bf2_bqeq,h264_nvenc,True,300,B,1.0,198,11404800,11404761,11372308,11372300,122,504,11399749,29869,83568,11404800,6004,1.0697286861162633e-05,0.0026189939447218576,1.0727821109186357e-05,0.9971510241301907,0.0073274410774410775,0.0005264450056116723,0.0005279491199147965,0.24206349206349206,168932,11404800,0.014812359708193041
VIRAT_S_010001_06_000685_000722,VIRAT_S_010001,False,nvenc_qp28_bf2_bqeq,h264_nvenc,True,300,B,2.0,198,11404800,11404761,11386380,11386369,203,504,11399749,17288,65088,11404800,7501,1.77995838755411e-05,0.0015158581578342588,1.7828334915195528e-05,0.9983848905723905,0.005707070707070707,0.0006577055274971941,0.0006587695123472078,0.4027777777777778,149376,11404800,0.013097643097643098
VIRAT_S_010001_06_000685_000722,VIRAT_S_010001,False,nvenc_qp28_bf2_bqeq,h264_nvenc,True,300,dgt1,0.5,99,5702400,5702377,5642096,5642096,14,248,5700140,58535,105920,5702400,1482,2.455116524214376e-06,0.01026501755320632,2.48134735743596e-06,0.9894248035914702,0.018574635241301908,0.00025989057239057237,0.00026266834169429235,0.056451612903225805,126524,5702400,0.022187850729517396
VIRAT_S_010001_06_000685_000722,VIRAT_S_010001,False,nvenc_qp28_bf2_bqeq,h264_nvenc,True,300,dgt1,1.0,99,5702400,5702377,5666052,5666051,15,248,5700140,34617,58268,5702400,1820,2.6304819902296884e-06,0.006070626337052075,2.647346449934884e-06,0.9936258417508418,0.010218153759820426,0.0003191638608305275,0.0003212113125682574,0.06048387096774194,88188,5702400,0.01546506734006734
VIRAT_S_010001_06_000685_000722,VIRAT_S_010001,False,nvenc_qp28_bf2_bqeq,h264_nvenc,True,300,dgt1,2.0,99,5702400,5702377,5674648,5674647,15,248,5700140,26089,43872,5702400,2136,2.6304819902296884e-06,0.00457510964287349,2.643336228667616e-06,0.9951332772166106,0.007693602693602693,0.00037457912457912457,0.00037641101263021073,0.06048387096774194,73988,5702400,0.012974887766554434
VIRAT_S_010001_06_000685_000722,VIRAT_S_010001,False,nvenc_qp28_bf2_bqeq,h264_nvenc,True,300,d1,0.5,1,57600,57600,57480,57480,0,0,57600,120,240,57600,21,0.0,0.0020833333333333333,0.0,0.9979166666666667,0.004166666666666667,0.00036458333333333335,0.0003653444676409186,,680,57600,0.011805555555555555
VIRAT_S_010001_06_000685_000722,VIRAT_S_010001,False,nvenc_qp28_bf2_bqeq,h264_nvenc,True,300,d1,1.0,1,57600,57600,57552,57552,0,0,57600,48,120,57600,22,0.0,0.0008333333333333334,0.0,0.9991666666666666,0.0020833333333333333,0.00038194444444444446,0.00038226299694189603,,540,57600,0.009375
VIRAT_S_010001_06_000685_000722,VIRAT_S_010001,False,nvenc_qp28_bf2_bqeq,h264_nvenc,True,300,d1,2.0,1,57600,57600,57592,57592,0,0,57600,8,88,57600,42,0.0,0.0001388888888888889,0.0,0.9998611111111111,0.0015277777777777779,0.0007291666666666667,0.0007292679538824837,,520,57600,0.009027777777777777
VIRAT_S_010001_06_000685_000722,VIRAT_S_010001,False,nvenc_qp45,h264_nvenc,True,300,d1,0.5,298,17164800,17164738,17147880,17147867,169,752,17157489,13915,184140,17164800,7771,9.845766361245945e-06,0.0008106736030576173,9.855453159276311e-06,0.9990142617449664,0.010727768456375839,0.0004527288404175988,0.0004531755528963347,0.2247340425531915,290960,17164800,0.01695096942580164
VIRAT_S_010001_06_000685_000722,VIRAT_S_010001,False,nvenc_qp45,h264_nvenc,True,300,d1,1.0,298,17164800,17164738,17155052,17155039,186,752,17157489,7119,107472,17164800,9386,1.0836168894625715e-05,0.0004147456255959165,1.084229537455438e-05,0.9994320935868755,0.006261185682326622,0.0005468167412378822,0.0005471274584303213,0.2473404255319149,233016,17164800,0.013575223713646532
VIRAT_S_010001_06_000685_000722,VIRAT_S_010001,False,nvenc_qp45,h264_nvenc,True,300,d1,2.0,298,17164800,17164738,17159932,17159918,265,752,17157489,3299,82136,17164800,11554,1.5438627726214057e-05,0.00019219635044822705,1.5442964237940997e-05,0.9997163963460104,0.00478514168530947,0.0006731217375093213,0.0006733126914488938,0.3523936170212766,206012,17164800,0.012002004101416852
VIRAT_S_010001_06_000685_000722,VIRAT_S_010001,False,x264_crf12,libx264,True,300,d1,0.5,298,17164800,17164738,16980556,16980549,78,752,17157489,179039,0,17164800,6876,4.54419985903659e-06,0.010430628186692974,4.593491058504646e-06,0.9892661726323639,0.0,0.00040058724832214767,0.0004049337371520697,0.10372340425531915,184220,17164800,0.010732429157345265
VIRAT_S_010001_06_000685_000722,VIRAT_S_010001,False,x264_crf12,libx264,True,300,d1,1.0,298,17164800,17164738,17056660,17056653,90,752,17157489,103906,0,17164800,8819,5.243307529657604e-06,0.006053456801962256,5.276533444163987e-06,0.9936998974645787,0.0,0.0005137840231170768,0.0005170414371864128,0.1196808510638298,155104,17164800,0.009036167039522744
VIRAT_S_010001_06_000685_000722,VIRAT_S_010001,False,x264_crf12,libx264,True,300,d1,2.0,298,17164800,17164738,17084188,17084177,204,752,17157489,79273,0,17164800,11970,1.1884830400557236e-05,0.0046183635310949695,1.1940873710217355e-05,0.9953036446681581,0.0,0.0006973573825503356,0.0007006478739288049,0.2712765957446808,148020,17164800,0.00862346196868009
VIRAT_S_010001_06_000685_000722,VIRAT_S_010001,False,x264_crf45,libx264,True,300,d1,0.5,298,17164800,17164738,17117140,17117126,286,752,17157489,45419,214776,17164800,9062,1.666206614980083e-05,0.0026460642743279857,1.6708412381844943e-05,0.9972233873974646,0.01251258389261745,0.0005279409023117076,0.0005294108712086248,0.3803191489361702,319596,17164800,0.018619267337807607
VIRAT_S_010001_06_000685_000722,VIRAT_S_010001,False,x264_crf45,libx264,True,300,d1,1.0,298,17164800,17164738,17153104,17153089,290,752,17157489,9839,111396,17164800,10344,1.6895102040007835e-05,0.0005732100309366796,1.6906575835990822e-05,0.9993186055182699,0.006489793064876958,0.0006026286353467561,0.0006030395431637329,0.38563829787234044,236996,17164800,0.013807093586875466
VIRAT_S_010001_06_000685_000722,VIRAT_S_010001,False,x264_crf45,libx264,True,300,d1,2.0,298,17164800,17164738,17158840,17158819,366,752,17157489,4842,83060,17164800,11770,2.132278395394092e-05,0.00028208994509557907,2.1330139329519124e-05,0.9996527777777777,0.004838972781506338,0.0006857056301267711,0.0006859438050590833,0.4867021276595745,207136,17164800,0.012067486950037285
VIRAT_S_010001_06_000685_000722,VIRAT_S_010001,False,x264_qp24,libx264,True,300,d1,0.5,298,17164800,17164738,17005412,17005405,58,752,17157489,153850,147768,17164800,6167,3.379020408001567e-06,0.008963142927086915,3.410680310171972e-06,0.9907142524235645,0.008608780760626399,0.00035928178598061146,0.00036264925542527283,0.07712765957446809,251324,17164800,0.014641825130499627
VIRAT_S_010001_06_000685_000722,VIRAT_S_010001,False,x264_qp24,libx264,True,300,d1,1.0,298,17164800,17164738,17066092,17066085,77,752,17157489,94297,70208,17164800,8489,4.485940886484839e-06,0.005493646334712479,4.5118725237803515e-06,0.994249394108874,0.004090231170768083,0.0004945586316181953,0.0004974190927835148,0.1023936170212766,190800,17164800,0.011115771812080536
VIRAT_S_010001_06_000685_000722,VIRAT_S_010001,False,x264_qp24,libx264,True,300,d1,2.0,298,17164800,17164738,17097660,17097648,183,752,17157489,65715,47016,17164800,11862,1.066139197697046e-05,0.003828488381238327,1.0703226549055168e-05,0.9960885067114094,0.0027390939597315435,0.0006910654362416107,0.0006937791487256151,0.24335106382978725,169236,17164800,0.009859479865771813
VIRAT_S_010001_06_000685_000722,VIRAT_S_010001,False,x264_qp24_bf2_pb1,libx264,True,300,B,0.5,198,11404800,11404761,11374472,11374458,119,504,11399749,27188,113548,11404800,4851,1.0434238823593058e-05,0.0023839166818138495,1.0462036960354506e-05,0.9973407687991022,0.009956158810325477,0.0004253472222222222,0.0004264813346940412,0.2361111111111111,187636,11404800,0.016452370931537598
VIRAT_S_010001_06_000685_000722,VIRAT_S_010001,False,x264_qp24_bf2_pb1,libx264,True,300,B,1.0,198,11404800,11404761,11387536,11387522,139,504,11399749,14859,74244,11404800,5981,1.2187892407390212e-05,0.0013028769300820946,1.220634304811881e-05,0.998486251402918,0.006509890572390572,0.0005244283108866442,0.0005252233670216278,0.2757936507936508,158560,11404800,0.013902918069584736
VIRAT_S_010001_06_000685_000722,VIRAT_S_010001,False,x264_qp24_bf2_pb1,libx264,True,300,B,2.0,198,11404800,11404761,11395188,11395168,243,504,11399749,8633,60888,11404800,7515,2.1306891043135407e-05,0.000756964569446041,2.1324828207886008e-05,0.999157196969697,0.005338804713804714,0.0006589330808080808,0.0006594889000514954,0.48214285714285715,144480,11404800,0.012668350168350169
VIRAT_S_010001_06_000685_000722,VIRAT_S_010001,False,x264_qp24_bf2_pb1,libx264,True,300,dgt1,0.5,99,5702400,5702377,5575092,5575088,27,248,5700140,125628,143068,5702400,1724,4.734867582413439e-06,0.022030812764571688,4.842972882221769e-06,0.9776746632996633,0.025089085297418632,0.00030232884399551067,0.00030923256513076374,0.10887096774193548,155992,5702400,0.02735549943883277
VIRAT_S_010001_06_000685_000722,VIRAT_S_010001,False,x264_qp24_bf2_pb1,libx264,True,300,dgt1,1.0,99,5702400,5702377,5620880,5620876,32,248,5700140,79882,84800,5702400,2117,5.611694912490002e-06,0.014008544156235198,5.693062789501138e-06,0.9857042648709315,0.014870931537598204,0.00037124719416386083,0.0003766314171446464,0.12903225806451613,106136,5702400,0.018612514029180696
VIRAT_S_010001_06_000685_000722,VIRAT_S_010001,False,x264_qp24_bf2_pb1,libx264,True,300,dgt1,2.0,99,5702400,5702377,5642864,5642860,32,248,5700140,57954,64256,5702400,2469,5.611694912490002e-06,0.010163130217451424,5.6708832046160986e-06,0.9895594837261504,0.011268237934904602,0.0004329755892255892,0.0004375437720987073,0.12903225806451613,88036,5702400,0.01543841189674523
VIRAT_S_010001_06_000685_000722,VIRAT_S_010001,False,x264_qp24_bf2_pb1,libx264,True,300,d1,0.5,1,57600,57600,57396,57396,0,0,57600,204,188,57600,22,0.0,0.0035416666666666665,0.0,0.9964583333333333,0.003263888888888889,0.00038194444444444446,0.00038330197226287547,,644,57600,0.011180555555555555
VIRAT_S_010001_06_000685_000722,VIRAT_S_010001,False,x264_qp24_bf2_pb1,libx264,True,300,d1,1.0,1,57600,57600,57512,57512,0,0,57600,88,96,57600,22,0.0,0.0015277777777777779,0.0,0.9984722222222222,0.0016666666666666668,0.00038194444444444446,0.00038252886354152174,,548,57600,0.00951388888888889
VIRAT_S_010001_06_000685_000722,VIRAT_S_010001,False,x264_qp24_bf2_pb1,libx264,True,300,d1,2.0,1,57600,57600,57552,57552,0,0,57600,48,64,57600,42,0.0,0.0008333333333333334,0.0,0.9991666666666666,0.0011111111111111111,0.0007291666666666667,0.0007297748123436197,,528,57600,0.009166666666666667
VIRAT_S_010001_07_000741_000810,VIRAT_S_010001,False,nvenc_qp18,h264_nvenc,True,300,d1,0.5,298,17164800,17164724,16861572,16861565,40,849,17158382,297634,199044,17164800,7252,2.330360802772011e-06,0.017339865179306118,2.3722590400120035e-06,0.9823343120805369,0.011596057046979866,0.0004224925428784489,0.0004300903854041604,0.04711425206124853,0,17164800,0.0
VIRAT_S_010001_07_000741_000810,VIRAT_S_010001,False,nvenc_qp18,h264_nvenc,True,300,d1,1.0,298,17164800,17164724,16920720,16920713,59,849,17158382,239356,158964,17164800,13033,3.437282184088716e-06,0.013944646007707435,3.486850701858722e-06,0.9857802013422818,0.00926104586129754,0.0007592864466815809,0.0007702390914807408,0.06949352179034157,0,17164800,0.0
VIRAT_S_010001_07_000741_000810,VIRAT_S_010001,False,nvenc_qp18,h264_nvenc,True,300,d1,2.0,298,17164800,17164724,16954024,16954015,159,849,17158382,209024,148536,17164800,19180,9.263184191018743e-06,0.012177533410965419,9.378309503678038e-06,0.9877204511558538,0.008653523489932886,0.001117403057419836,0.0011312948477600361,0.1872791519434629,0,17164800,0.0
VIRAT_S_010001_07_000741_000810,VIRAT_S_010001,False,nvenc_qp23,h264_nvenc,True,300,d1,0.5,298,17164800,17164724,17029764,17029758,33,849,17158382,129418,159836,17164800,6806,1.922547662286909e-06,0.007539765859328702,1.937784435926805e-06,0.9921329697986577,0.009311847501864281,0.0003965091349739001,0.00039965321891718525,0.038869257950530034,223392,17164800,0.013014541387024608
VIRAT_S_010001_07_000741_000810,VIRAT_S_010001,False,nvenc_qp23,h264_nvenc,True,300,d1,1.0,298,17164800,17164724,17070564,17070557,42,849,17158382,89501,87880,17164800,12768,2.446878842910611e-06,0.005214240555222444,2.460376659062736e-06,0.9945099272930649,0.0051197800149142434,0.000743847874720358,0.0007479541976468967,0.04946996466431095,179684,17164800,0.010468167412378823
VIRAT_S_010001_07_000741_000810,VIRAT_S_010001,False,nvenc_qp23,h264_nvenc,True,300,d1,2.0,298,17164800,17164724,17090688,17090677,159,849,17158382,72364,64536,17164800,19094,9.263184191018743e-06,0.004215855728294845,9.303317826438355e-06,0.9956823266219239,0.0037597874720357942,0.0011123928038777031,0.00111721658016342,0.1872791519434629,156504,17164800,0.009117729306487696
VIRAT_S_010001_07_000741_000810,VIRAT_S_010001,False,nvenc_qp28,h264_nvenc,True,300,d1,0.5,298,17164800,17164724,17079204,17079199,26,849,17158382,79931,180868,17164800,6826,1.514734521801807e-06,0.00465670173315924,1.5223196357159372e-06,0.9950132829977628,0.010537145786726324,0.00039767431021625653,0.00039966733812653093,0.030624263839811542,265392,17164800,0.015461409395973154
VIRAT_S_010001_07_000741_000810,VIRAT_S_010001,False,nvenc_qp28,h264_nvenc,True,300,d1,1.0,298,17164800,17164724,17113644,17113639,40,849,17158382,46389,98224,17164800,12868,2.330360802772011e-06,0.0027025776819947704,2.3373170370135774e-06,0.9970197147651007,0.005722408650261,0.0007496737509321402,0.0007519146711243964,0.04711425206124853,211868,17164800,0.012343167412378822
VIRAT_S_010001_07_000741_000810,VIRAT_S_010001,False,nvenc_qp28,h264_nvenc,True,300,d1,2.0,298,17164800,17164724,17130276,17130265,165,849,17158382,32763,72612,17164800,19192,9.612738311434544e-06,0.0019087402745304846,9.632075160541884e-06,0.9979886744966443,0.004230285234899329,0.0011181021625652498,0.001120355562280491,0.19434628975265017,186732,17164800,0.010878775167785236
VIRAT_S_010001_07_000741_000810,VIRAT_S_010001,False,nvenc_qp28_bf2_bqeq,h264_nvenc,True,300,B,0.5,198,11404800,11404738,11328432,11328411,154,622,11400491,73284,154804,11404800,6937,1.3503159827082393e-05,0.006425750420570819,1.3594139548785792e-05,0.993303872053872,0.01357358305274972,0.0006082526655443322,0.0006123530599821759,0.24758842443729903,224476,11404800,0.019682589786756452
VIRAT_S_010001_07_000741_000810,VIRAT_S_010001,False,nvenc_qp28_bf2_bqeq,h264_nvenc,True,300,B,1.0,198,11404800,11404738,11368184,11368162,172,622,11400491,34123,90192,11404800,9771,1.5081451235442673e-05,0.0029920020959709904,1.5129974396916581e-05,0.9967894219977553,0.007908249158249158,0.0008567445286195286,0.0008595040333618808,0.2765273311897106,173920,11404800,0.015249719416386084
VIRAT_S_010001_07_000741_000810,VIRAT_S_010001,False,nvenc_qp28_bf2_bqeq,h264_nvenc,True,300,B,2.0,198,11404800,11404738,11385600,11385577,266,622,11400491,17957,67112,11404800,13027,2.3323639701324135e-05,0.0015745210455514191,2.336289148982085e-05,0.9983164983164983,0.005884539842873176,0.0011422383557800225,0.0011441645587408657,0.42765273311897106,149832,11404800,0.013137626262626262
VIRAT_S_010001_07_000741_000810,VIRAT_S_010001,False,nvenc_qp28_bf2_bqeq,h264_nvenc,True,300,dgt1,0.5,99,5702400,5702386,5646284,5646284,0,207,5700395,54243,111888,5702400,1123,0.0,0.009512333959854699,0.0,0.9901592312008979,0.019621212121212123,0.00019693462401795735,0.00019889187295573513,0.0,124408,5702400,0.021816778900112233
VIRAT_S_010001_07_000741_000810,VIRAT_S_010001,False,nvenc_qp28_bf2_bqeq,h264_nvenc,True,300,dgt1,1.0,99,5702400,5702386,5663648,5663648,0,207,5700395,36891,67304,5702400,1374,0.0,0.006469397196191208,0.0,0.9932042648709315,0.011802749719416385,0.00024095117845117844,0.00024259982258784444,0.0,94636,5702400,0.01659581930415264
VIRAT_S_010001_07_000741_000810,VIRAT_S_010001,False,nvenc_qp28_bf2_bqeq,h264_nvenc,True,300,dgt1,2.0,99,5702400,5702386,5671368,5671368,3,207,5700395,29201,52512,5702400,2189,5.260955677149881e-07,0.005120838890948456,5.28972903891971e-07,0.9945580808080808,0.009208754208754208,0.0003838734567901235,0.0003859738955398415,0.014492753623188406,80400,5702400,0.0140993265993266
VIRAT_S_010001_07_000741_000810,VIRAT_S_010001,False,nvenc_qp28_bf2_bqeq,h264_nvenc,True,300,d1,0.5,1,57600,57600,57224,57224,4,20,57496,291,264,57600,33,6.944444444444444e-05,0.005052083333333333,6.990074094785405e-05,0.9934722222222222,0.004583333333333333,0.0005729166666666667,0.0005766811128197959,0.2,476,57600,0.008263888888888888
VIRAT_S_010001_07_000741_000810,VIRAT_S_010001,False,nvenc_qp28_bf2_bqeq,h264_nvenc,True,300,d1,1.0,1,57600,57600,57420,57420,4,20,57496,96,112,57600,70,6.944444444444444e-05,0.0016666666666666668,6.966213862765588e-05,0.996875,0.0019444444444444444,0.0012152777777777778,0.0012190874259839777,0.2,328,57600,0.005694444444444445
VIRAT_S_010001_07_000741_000810,VIRAT_S_010001,False,nvenc_qp28_bf2_bqeq,h264_nvenc,True,300,d1,2.0,1,57600,57600,57528,57528,8,20,57496,31,80,57600,138,0.0001388888888888889,0.0005381944444444444,0.00013906271728549575,0.99875,0.001388888888888889,0.002395833333333333,0.0023988318731748017,0.4,320,57600,0.005555555555555556
VIRAT_S_010001_07_000741_000810,VIRAT_S_010001,False,nvenc_qp45,h264_nvenc,True,300,d1,0.5,298,17164800,17164724,17136528,17136517,91,849,17158382,23393,198296,17164800,9645,5.301570826306324e-06,0.0013628532564811413,5.310297302538199e-06,0.998352908277405,0.011552479492915735,0.0005619057606263983,0.0005628327978689732,0.1071849234393404,292716,17164800,0.017053271812080537
VIRAT_S_010001_07_000741_000810,VIRAT_S_010001,False,nvenc_qp45,h264_nvenc,True,300,d1,1.0,298,17164800,17164724,17147656,17147645,97,849,17158382,12976,118116,17164800,13600,5.6511249467221266e-06,0.0007559690444192403,5.6567534492345746e-06,0.9990012117822521,0.006881291946308724,0.0007923191648023862,0.00079311131503921,0.11425206124852769,240248,17164800,0.013996551081282624
VIRAT_S_010001_07_000741_000810,VIRAT_S_010001,False,nvenc_qp45,h264_nvenc,True,300,d1,2.0,298,17164800,17164724,17157488,17157466,196,849,17158382,5480,91224,17164800,18942,1.1418767933582853e-05,0.00031925942997976546,1.1423598333227062e-05,0.9995740119313945,0.005314597315436241,0.0011035374720357943,0.0011040077661718312,0.2308598351001178,212344,17164800,0.012370898583146906
VIRAT_S_010001_07_000741_000810,VIRAT_S_010001,False,x264_crf12,libx264,True,300,d1,0.5,298,17164800,17164724,16957768,16957756,77,849,17158382,201756,0,17164800,8928,4.485944545336121e-06,0.011754106853101746,4.540695124991774e-06,0.9879385719612229,0.0,0.0005201342281879194,0.000526484381670984,0.09069493521790342,199044,17164800,0.011596057046979866
VIRAT_S_010001_07_000741_000810,VIRAT_S_010001,False,x264_crf12,libx264,True,300,d1,1.0,298,17164800,17164724,17044188,17044176,108,849,17158382,116213,0,17164800,14326,6.291974167484429e-06,0.006770455499313592,6.336475286338278e-06,0.9929732941834452,0.0,0.0008346150260999254,0.0008405211207480227,0.127208480565371,158964,17164800,0.00926104586129754
VIRAT_S_010001_07_000741_000810,VIRAT_S_010001,False,x264_crf12,libx264,True,300,d1,2.0,298,17164800,17164724,17075760,17075744,208,849,17158382,87576,0,17164800,20166,1.2117876174414456e-05,0.005102091941589041,1.2181021219338965e-05,0.9948126398210291,0.0,0.0011748461968680089,0.001180972325682722,0.24499411071849234,148536,17164800,0.008653523489932886
VIRAT_S_010001_07_000741_000810,VIRAT_S_010001,False,x264_crf45,libx264,True,300,d1,0.5,298,17164800,17164724,17121448,17121419,242,849,17158382,39752,222960,17164800,14010,1.4098682856770665e-05,0.0023159125657948245,1.4134342486449283e-05,0.9974743661446681,0.012989373601789709,0.0008162052572706935,0.0008182719125158106,0.2850412249705536,317812,17164800,0.01851533370618941
VIRAT_S_010001_07_000741_000810,VIRAT_S_010001,False,x264_crf45,libx264,True,300,d1,1.0,298,17164800,17164724,17147616,17147586,255,849,17158382,14148,122580,17164800,16138,1.4856050117671569e-05,0.0008242486159404602,1.487089786282454e-05,0.9989988814317673,0.0071413590604026845,0.0009401799030574198,0.0009411220778445237,0.3003533568904594,245176,17164800,0.014283650260999254
VIRAT_S_010001_07_000741_000810,VIRAT_S_010001,False,x264_crf45,libx264,True,300,d1,2.0,298,17164800,17164724,17155900,17155863,349,849,17158382,7382,92724,17164800,19631,2.0332398004185793e-05,0.00043006808615157457,2.0342899683915637e-05,0.9994814970171514,0.0054019854586129755,0.001143677759134974,0.0011442710670964509,0.4110718492343934,213876,17164800,0.01246015100671141
VIRAT_S_010001_07_000741_000810,VIRAT_S_010001,False,x264_qp24,libx264,True,300,d1,0.5,298,17164800,17164724,16995976,16995970,58,849,17158382,163330,166728,17164800,7706,3.3790231640194156e-06,0.009515445747918813,3.4125736865857023e-06,0.9901645227442207,0.009713366890380314,0.0004489420208799403,0.0004534014404350771,0.06831566548881036,262292,17164800,0.015280807233407905
VIRAT_S_010001_07_000741_000810,VIRAT_S_010001,False,x264_qp24,libx264,True,300,d1,1.0,298,17164800,17164724,17063348,17063340,81,849,17158382,96888,78584,17164800,13570,4.718980625613322e-06,0.005644599936474364,4.7470190478534685e-06,0.9940895320656227,0.004578206562266965,0.0007905714019388516,0.0007952718305926832,0.09540636042402827,195572,17164800,0.011393782624906786
VIRAT_S_010001_07_000741_000810,VIRAT_S_010001,False,x264_qp24,libx264,True,300,d1,2.0,298,17164800,17164724,17096308,17096294,202,849,17158382,66964,52372,17164800,19970,1.1768322053998654e-05,0.0039012570199206233,1.1815426197045979e-05,0.9960097408650261,0.003051127889634601,0.0011634274794929157,0.0011680884551214215,0.23792697290930506,171876,17164800,0.010013282997762864
VIRAT_S_010001_07_000741_000810,VIRAT_S_010001,False,x264_qp24_bf2_pb1,libx264,True,300,B,0.5,198,11404800,11404738,11371344,11371323,157,622,11400491,30396,120756,11404800,6864,1.376620839514244e-05,0.0026652080915843925,1.3806660843245768e-05,0.9970664983164983,0.0105881734006734,0.0006018518518518519,0.0006036225797056179,0.25241157556270094,192076,11404800,0.016841680695847364
VIRAT_S_010001_07_000741_000810,VIRAT_S_010001,False,x264_qp24_bf2_pb1,libx264,True,300,B,1.0,198,11404800,11404738,11385984,11385962,168,622,11400491,16283,78472,11404800,9677,1.473071981136261e-05,0.0014277399445739131,1.4755011478169345e-05,0.9983501683501683,0.006880611672278339,0.0008485023849607183,0.0008499045844434701,0.27009646302250806,163256,11404800,0.014314674523007857
VIRAT_S_010001_07_000741_000810,VIRAT_S_010001,False,x264_qp24_bf2_pb1,libx264,True,300,B,2.0,198,11404800,11404738,11395272,11395247,271,622,11400491,8261,63568,11404800,13091,2.376205398142421e-05,0.0007243480735813484,2.3781845185102174e-05,0.9991645622895623,0.005573793490460157,0.0011478500280583614,0.001148809787076605,0.43569131832797425,147272,11404800,0.012913159371492705
VIRAT_S_010001_07_000741_000810,VIRAT_S_010001,False,x264_qp24_bf2_pb1,libx264,True,300,dgt1,0.5,99,5702400,5702386,5576816,5576816,12,207,5700395,123788,143828,5702400,1478,2.1043822708599523e-06,0.021708106045434314,2.1517654518277096e-06,0.9779769921436589,0.025222362514029182,0.00025918911335578,0.00026502577815011287,0.057971014492753624,152452,5702400,0.026734708193041527
VIRAT_S_010001_07_000741_000810,VIRAT_S_010001,False,x264_qp24_bf2_pb1,libx264,True,300,dgt1,1.0,99,5702400,5702386,5617932,5617932,13,207,5700395,82711,90700,5702400,1805,2.279747460098282e-06,0.01450463016709146,2.314018752807973e-06,0.9851872895622895,0.015905583613916946,0.0003165333894500561,0.00032129260375526083,0.06280193236714976,110016,5702400,0.019292929292929292
VIRAT_S_010001_07_000741_000810,VIRAT_S_010001,False,x264_qp24_bf2_pb1,libx264,True,300,dgt1,2.0,99,5702400,5702386,5640408,5640408,14,207,5700395,60294,69496,5702400,2713,2.455112649336611e-06,0.01057346871993583,2.482089948103045e-06,0.9891287878787879,0.012187149270482605,0.0004757645903479237,0.0004809935735145401,0.06763285024154589,91768,5702400,0.01609287317620651
VIRAT_S_010001_07_000741_000810,VIRAT_S_010001,False,x264_qp24_bf2_pb1,libx264,True,300,d1,0.5,1,57600,57600,57120,57120,4,20,57496,394,208,57600,43,6.944444444444444e-05,0.006840277777777778,7.002801120448179e-05,0.9916666666666667,0.003611111111111111,0.0007465277777777778,0.0007528011204481793,0.2,484,57600,0.008402777777777778
VIRAT_S_010001_07_000741_000810,VIRAT_S_010001,False,x264_qp24_bf2_pb1,libx264,True,300,d1,1.0,1,57600,57600,57304,57304,4,20,57496,218,132,57600,80,6.944444444444444e-05,0.0037847222222222223,6.980315510261064e-05,0.9948611111111111,0.0022916666666666667,0.001388888888888889,0.0013960631020522127,0.2,404,57600,0.007013888888888889
VIRAT_S_010001_07_000741_000810,VIRAT_S_010001,False,x264_qp24_bf2_pb1,libx264,True,300,d1,2.0,1,57600,57600,57432,57432,8,20,57496,132,72,57600,138,0.0001388888888888889,0.0022916666666666667,0.0001392951664577239,0.9970833333333333,0.00125,0.002395833333333333,0.0024028416213957376,0.4,360,57600,0.00625
VIRAT_S_010001_08_000826_000893,VIRAT_S_010001,False,nvenc_qp18,h264_nvenc,True,300,d1,0.5,298,17164800,17164800,16848968,16848968,5,31,17155521,307956,199028,17164800,5550,2.912938105891126e-07,0.017941135346756152,2.9675408013119856e-07,0.9816000186428039,0.011595124906785981,0.000323336129753915,0.0003293970289456304,0.16129032258064516,0,17164800,0.0
VIRAT_S_010001_08_000826_000893,VIRAT_S_010001,False,nvenc_qp18,h264_nvenc,True,300,d1,1.0,298,17164800,17164800,16921592,16921592,8,31,17155521,242240,163696,17164800,8723,4.6607009694258014e-07,0.014112602535421327,4.7276875603666605e-07,0.9858310029828486,0.009536726323639074,0.0005081911819537658,0.0005154952323634797,0.25806451612903225,0,17164800,0.0
VIRAT_S_010001_08_000826_000893,VIRAT_S_010001,False,nvenc_qp18,h264_nvenc,True,300,d1,2.0,298,17164800,17164800,16949452,16949452,21,31,17155521,215067,156056,17164800,9629,1.223434004474273e-06,0.012529537192393737,1.2389781097347573e-06,0.9874540920954512,0.00909162938105891,0.0005609736204325131,0.0005681009627921894,0.6774193548387096,0,17164800,0.0
VIRAT_S_010001_08_000826_000893,VIRAT_S_010001,False,nvenc_qp23,h264_nvenc,True,300,d1,0.5,298,17164800,17164800,17019824,17019824,5,31,17155521,137104,161140,17164800,5495,2.912938105891126e-07,0.007987509321401938,2.9377507076453907e-07,0.9915538777032066,0.009387816927665922,0.00032013189783743474,0.0003228588027702284,0.16129032258064516,237008,17164800,0.013807792692020879
VIRAT_S_010001_08_000826_000893,VIRAT_S_010001,False,nvenc_qp23,h264_nvenc,True,300,d1,1.0,298,17164800,17164800,17073128,17073128,5,31,17155521,90687,91488,17164800,8702,2.912938105891126e-07,0.005283312360178971,2.9285787583856925e-07,0.994659302759135,0.0053299776286353465,0.0005069677479492916,0.0005096898471094459,0.16129032258064516,190096,17164800,0.01107475764354959
VIRAT_S_010001_08_000826_000893,VIRAT_S_010001,False,nvenc_qp23,h264_nvenc,True,300,d1,2.0,298,17164800,17164800,17089872,17089872,23,31,17155521,74651,67372,17164800,9630,1.339951528709918e-06,0.004349074850857569,1.3458263467391681e-06,0.9956347874720358,0.003925009321401939,0.0005610318791946309,0.0005634916399607908,0.7419354838709677,166436,17164800,0.009696355331841908
VIRAT_S_010001_08_000826_000893,VIRAT_S_010001,False,nvenc_qp28,h264_nvenc,True,300,d1,0.5,298,17164800,17164800,17075880,17075880,5,31,17155521,81092,184068,17164800,5404,2.912938105891126e-07,0.004724319537658464,2.9281067798555625e-07,0.9948196308724833,0.010723573825503355,0.0003148303504847129,0.00031646978076678916,0.16129032258064516,283440,17164800,0.016512863534675615
VIRAT_S_010001_08_000826_000893,VIRAT_S_010001,False,nvenc_qp28,h264_nvenc,True,300,d1,1.0,298,17164800,17164800,17120972,17120972,5,31,17155521,42909,97924,17164800,8664,2.912938105891126e-07,0.0024998252237136464,2.9203949401938163e-07,0.9974466349739001,0.0057049310216256525,0.0005047539149888144,0.0005060460352367844,0.16129032258064516,221348,17164800,0.01289546047725578
VIRAT_S_010001_08_000826_000893,VIRAT_S_010001,False,nvenc_qp28,h264_nvenc,True,300,d1,2.0,298,17164800,17164800,17131768,17131768,22,31,17155521,32729,71076,17164800,9600,1.2816927665920955e-06,0.0019067510253542132,1.2841640162299653e-06,0.9980755965697241,0.0041407997762863535,0.0005592841163310962,0.0005603624798094394,0.7096774193548387,194516,17164800,0.011332261372110365
VIRAT_S_010001_08_000826_000893,VIRAT_S_010001,False,nvenc_qp28_bf2_bqeq,h264_nvenc,True,300,B,0.5,198,11404800,11404800,11323036,11323036,2,13,11396632,77939,184672,11404800,5092,1.7536475869809203e-07,0.006833876964085298,1.766310731503459e-07,0.9928307379349046,0.016192480359147027,0.0004464786756453423,0.00044970271224078063,0.15384615384615385,256060,11404800,0.022451950056116724
VIRAT_S_010001_08_000826_000893,VIRAT_S_010001,False,nvenc_qp28_bf2_bqeq,h264_nvenc,True,300,B,1.0,198,11404800,11404800,11371952,11371952,2,13,11396632,32316,97324,11404800,6637,1.7536475869809203e-07,0.002833543771043771,1.7587130160239862e-07,0.9971198092031426,0.008533599887766554,0.0005819479517396184,0.0005836289143675597,0.15384615384615385,184960,11404800,0.016217732884399552
VIRAT_S_010001_08_000826_000893,VIRAT_S_010001,False,nvenc_qp28_bf2_bqeq,h264_nvenc,True,300,B,2.0,198,11404800,11404800,11386740,11386740,13,13,11396632,17868,71436,11404800,7220,1.1398709315375983e-06,0.0015667087542087543,1.141678829937278e-06,0.9984164562289563,0.006263678451178451,0.0006330667789001122,0.0006340708578574728,1.0,158760,11404800,0.013920454545454545
VIRAT_S_010001_08_000826_000893,VIRAT_S_010001,False,nvenc_qp28_bf2_bqeq,h264_nvenc,True,300,dgt1,0.5,99,5702400,5702400,5643088,5643088,3,18,5701289,59283,106016,5702400,1709,5.260942760942761e-07,0.01039614898989899,5.316238201495351e-07,0.9895987654320988,0.018591470258136924,0.0002996983726150393,0.0003028483695451852,0.16666666666666666,131464,5702400,0.02305415263748597
VIRAT_S_010001_08_000826_000893,VIRAT_S_010001,False,nvenc_qp28_bf2_bqeq,h264_nvenc,True,300,dgt1,1.0,99,5702400,5702400,5671200,5671200,3,18,5701289,31171,55092,5702400,1958,5.260942760942761e-07,0.0054662948933782264,5.289885738468049e-07,0.9945286195286195,0.009661195286195285,0.0003433641975308642,0.000345253209197348,0.16666666666666666,87516,5702400,0.015347222222222222
VIRAT_S_010001_08_000826_000893,VIRAT_S_010001,False,nvenc_qp28_bf2_bqeq,h264_nvenc,True,300,dgt1,2.0,99,5702400,5702400,5679320,5679320,3,18,5701289,23051,38268,5702400,2239,5.260942760942761e-07,0.004042333052749719,5.28232253157068e-07,0.995952581369248,0.006710858585858586,0.00039264169472502804,0.0003942373382728918,0.16666666666666666,71296,5702400,0.012502805836139169
VIRAT_S_010001_08_000826_000893,VIRAT_S_010001,False,nvenc_qp28_bf2_bqeq,h264_nvenc,True,300,d1,0.5,1,57600,57600,57476,57476,0,0,57600,124,308,57600,13,0.0,0.0021527777777777778,0.0,0.9978472222222222,0.005347222222222222,0.00022569444444444443,0.00022618136265571716,,676,57600,0.01173611111111111
VIRAT_S_010001_08_000826_000893,VIRAT_S_010001,False,nvenc_qp28_bf2_bqeq,h264_nvenc,True,300,d1,1.0,1,57600,57600,57584,57584,0,0,57600,16,200,57600,21,0.0,0.0002777777777777778,0.0,0.9997222222222222,0.003472222222222222,0.00036458333333333335,0.000364684634620728,,556,57600,0.009652777777777777
VIRAT_S_010001_08_000826_000893,VIRAT_S_010001,False,nvenc_qp28_bf2_bqeq,h264_nvenc,True,300,d1,2.0,1,57600,57600,57584,57584,0,0,57600,16,112,57600,21,0.0,0.0002777777777777778,0.0,0.9997222222222222,0.0019444444444444444,0.00036458333333333335,0.000364684634620728,,480,57600,0.008333333333333333
VIRAT_S_010001_08_000826_000893,VIRAT_S_010001,False,nvenc_qp45,h264_nvenc,True,300,d1,0.5,298,17164800,17164800,17147252,17147252,5,31,17155521,14354,211400,17164800,7065,2.912938105891126e-07,0.0008362462714392244,2.915919122201038e-07,0.9989776752423565,0.01231590231170768,0.00041159815436241613,0.00041201937196700674,0.16129032258064516,318820,17164800,0.018574058538404176
VIRAT_S_010001_08_000826_000893,VIRAT_S_010001,False,nvenc_qp45,h264_nvenc,True,300,d1,1.0,298,17164800,17164800,17159816,17159816,7,31,17155521,4637,115072,17164800,9169,4.0781133482475764e-07,0.00027014587994034304,4.0792978199766243e-07,0.9997096383296048,0.006703952274422073,0.0005341745898583146,0.0005343297387337953,0.22580645161290322,245208,17164800,0.014285514541387025
VIRAT_S_010001_08_000826_000893,VIRAT_S_010001,False,nvenc_qp45,h264_nvenc,True,300,d1,2.0,298,17164800,17164800,17162824,17162824,23,31,17155521,1864,86284,17164800,9846,1.339951528709918e-06,0.00010859433258762118,1.340105800770316e-06,0.9998848806860552,0.005026799030574199,0.0005736157718120806,0.0005736818136688927,0.7419354838709677,215948,17164800,0.012580863161819538
VIRAT_S_010001_08_000826_000893,VIRAT_S_010001,False,x264_crf12,libx264,True,300,d1,0.5,298,17164800,17164800,16956780,16956780,5,31,17155521,200136,0,17164800,5848,2.912938105891126e-07,0.011659675615212528,2.9486730381593673e-07,0.9878810123042505,0.0,0.0003406972408650261,0.00034487679854311963,0.16129032258064516,199028,17164800,0.011595124906785981
VIRAT_S_010001_08_000826_000893,VIRAT_S_010001,False,x264_crf12,libx264,True,300,d1,1.0,298,17164800,17164800,17051872,17051872,5,31,17155521,111946,0,17164800,8871,2.912938105891126e-07,0.0065218353840417595,2.9322293763406154e-07,0.9934209545115585,0.0,0.0005168134787472035,0.000520236135950352,0.16129032258064516,163696,17164800,0.009536726323639074
VIRAT_S_010001_08_000826_000893,VIRAT_S_010001,False,x264_crf12,libx264,True,300,d1,2.0,298,17164800,17164800,17079180,17079180,25,31,17155521,85333,0,17164800,9733,1.456469052945563e-06,0.004971394947800149,1.4637705088886e-06,0.995011884787472,0.0,0.0005670325316927666,0.0005698751345205098,0.8064516129032258,156056,17164800,0.00909162938105891
VIRAT_S_010001_08_000826_000893,VIRAT_S_010001,False,x264_crf45,libx264,True,300,d1,0.5,298,17164800,17164800,17106012,17106012,14,31,17155521,53405,241192,17164800,6853,8.156226696495153e-07,0.003111309190902312,8.184257090431131e-07,0.9965750838926174,0.01405154735272185,0.00039924729679343773,0.0004006193845766038,0.45161290322580644,347476,17164800,0.0202435216256525
VIRAT_S_010001_08_000826_000893,VIRAT_S_010001,False,x264_crf45,libx264,True,300,d1,1.0,298,17164800,17164800,17155984,17155984,14,31,17155521,8184,118072,17164800,9406,8.156226696495153e-07,0.0004767897091722595,8.160417962618757e-07,0.9994863907531693,0.00687872856077554,0.0005479819164802386,0.0005482635096885145,0.45161290322580644,247968,17164800,0.014446308724832215
VIRAT_S_010001_08_000826_000893,VIRAT_S_010001,False,x264_crf45,libx264,True,300,d1,2.0,298,17164800,17164800,17160864,17160864,16,31,17155521,3831,87844,17164800,10054,9.321401938851603e-07,0.00022318931767337808,9.323539887035991e-07,0.9997706935123043,0.005117682699478002,0.0005857335943325877,0.0005858679376516241,0.5161290322580645,217196,17164800,0.01265357009694258
VIRAT_S_010001_08_000826_000893,VIRAT_S_010001,False,x264_qp24,libx264,True,300,d1,0.5,298,17164800,17164800,16993856,16993856,5,31,17155521,163080,169100,17164800,5591,2.912938105891126e-07,0.009500838926174498,2.9422398306776284e-07,0.990041014168531,0.009851556674123789,0.0003257247390007457,0.0003290012578663724,0.16129032258064516,272696,17164800,0.01588693139448173
VIRAT_S_010001_08_000826_000893,VIRAT_S_010001,False,x264_qp24,libx264,True,300,d1,1.0,298,17164800,17164800,17068920,17068920,5,31,17155521,94954,78808,17164800,8812,2.912938105891126e-07,0.005531902498135719,2.929300740761571e-07,0.9944141498881431,0.004591256524981357,0.0005133762117822521,0.0005162599625518193,0.16129032258064516,203232,17164800,0.011840044742729306
VIRAT_S_010001_08_000826_000893,VIRAT_S_010001,False,x264_qp24,libx264,True,300,d1,2.0,298,17164800,17164800,17096560,17096560,22,31,17155521,67976,51116,17164800,9723,1.2816927665920955e-06,0.003960197613721104,1.2868085743564788e-06,0.9960244220730798,0.002977954884414616,0.0005664499440715884,0.0005687108985667292,0.7096774193548387,178316,17164800,0.010388469425801641
VIRAT_S_010001_08_000826_000893,VIRAT_S_010001,False,x264_qp24_bf2_pb1,libx264,True,300,B,0.5,198,11404800,11404800,11375704,11375704,5,13,11396632,25142,144924,11404800,5162,4.384118967452301e-07,0.0022045103815937148,4.3953323680011363e-07,0.9974487934904601,0.012707281144781144,0.0004526164421997755,0.00045377411367243734,0.38461538461538464,217056,11404800,0.019031986531986532
VIRAT_S_010001_08_000826_000893,VIRAT_S_010001,False,x264_qp24_bf2_pb1,libx264,True,300,B,1.0,198,11404800,11404800,11393656,11393656,5,13,11396632,10600,83276,11404800,6715,4.384118967452301e-07,0.0009294332210998878,4.38840702229381e-07,0.9990228675645342,0.007301837822671156,0.000588787177328844,0.0005893630630940587,0.38461538461538464,171672,11404800,0.015052609427609427
VIRAT_S_010001_08_000826_000893,VIRAT_S_010001,False,x264_qp24_bf2_pb1,libx264,True,300,B,2.0,198,11404800,11404800,11396940,11396940,13,13,11396632,7678,66468,11404800,7298,1.1398709315375983e-06,0.0006732253086419753,1.1406570535599907e-06,0.9993108164983165,0.0058280723905723905,0.0006399060044893378,0.000640347321298524,1.0,154176,11404800,0.013518518518518518
VIRAT_S_010001_08_000826_000893,VIRAT_S_010001,False,x264_qp24_bf2_pb1,libx264,True,300,dgt1,0.5,99,5702400,5702400,5575200,5575200,3,18,5701289,127171,149480,5702400,1807,5.260942760942761e-07,0.02230131172839506,5.380972879896685e-07,0.9776936026936027,0.026213524130190798,0.0003168841189674523,0.00032411393313244366,0.16666666666666666,165432,5702400,0.02901094276094276
VIRAT_S_010001_08_000826_000893,VIRAT_S_010001,False,x264_qp24_bf2_pb1,libx264,True,300,dgt1,1.0,99,5702400,5702400,5623672,5623672,3,18,5701289,78699,86676,5702400,2071,5.260942760942761e-07,0.013801031144781145,5.334592771413411e-07,0.9861938832772166,0.015199915824915824,0.0003631804152637486,0.00036826472098657246,0.16666666666666666,109612,5702400,0.019222081930415264
VIRAT_S_010001_08_000826_000893,VIRAT_S_010001,False,x264_qp24_bf2_pb1,libx264,True,300,dgt1,2.0,99,5702400,5702400,5646428,5646428,3,18,5701289,55945,61808,5702400,2334,5.260942760942761e-07,0.009810781425364758,5.313093516821608e-07,0.9901844837261504,0.010838945005611672,0.0004093013468013468,0.0004133586756087211,0.16666666666666666,86508,5702400,0.015170454545454546
VIRAT_S_010001_08_000826_000893,VIRAT_S_010001,False,x264_qp24_bf2_pb1,libx264,True,300,d1,0.5,1,57600,57600,56968,56968,0,0,57600,632,584,57600,15,0.0,0.010972222222222222,0.0,0.9890277777777777,0.010138888888888888,0.00026041666666666666,0.0002633057154893976,,784,57600,0.01361111111111111
VIRAT_S_010001_08_000826_000893,VIRAT_S_010001,False,x264_qp24_bf2_pb1,libx264,True,300,d1,1.0,1,57600,57600,57296,57296,0,0,57600,304,328,57600,21,0.0,0.005277777777777778,0.0,0.9947222222222222,0.005694444444444445,0.00036458333333333335,0.00036651773247696175,,620,57600,0.010763888888888889
VIRAT_S_010001_08_000826_000893,VIRAT_S_010001,False,x264_qp24_bf2_pb1,libx264,True,300,d1,2.0,1,57600,57600,57456,57456,0,0,57600,144,208,57600,21,0.0,0.0025,0.0,0.9975,0.003611111111111111,0.00036458333333333335,0.0003654970760233918,,544,57600,0.009444444444444445
VIRAT_S_010001_09_000921_000952,VIRAT_S_010001,False,nvenc_qp18,h264_nvenc,True,270,d1,0.5,268,15436800,15436764,14990028,14990028,48,906,15427768,438903,168128,15436800,14834,3.109459987857559e-06,0.028432319105221794,3.2021287752097593e-06,0.9710579912935323,0.010891376451077944,0.0009609504560530679,0.000989591213572116,0.052980132450331126,0,15436800,0.0
VIRAT_S_010001_09_000921_000952,VIRAT_S_010001,False,nvenc_qp18,h264_nvenc,True,270,d1,1.0,268,15436800,15436764,15156308,15156308,65,906,15427768,274088,142480,15436800,22760,4.210727066890444e-06,0.01775553477399797,4.288643382016254e-06,0.981829653814262,0.009229892205638475,0.001474398839137645,0.0015016849749952296,0.0717439293598234,0,15436800,0.0
VIRAT_S_010001_09_000921_000952,VIRAT_S_010001,False,nvenc_qp18,h264_nvenc,True,270,d1,2.0,268,15436800,15436764,15226440,15226439,112,906,15427768,207900,131868,15436800,26359,7.255406638334303e-06,0.01346784857240805,7.355626617622151e-06,0.9863728233830846,0.008542444029850747,0.0017075430140961858,0.0017311334757172392,0.12362030905077263,0,15436800,0.0
VIRAT_S_010001_09_000921_000952,VIRAT_S_010001,False,nvenc_qp23,h264_nvenc,True,270,d1,0.5,268,15436800,15436764,15101036,15101036,46,906,15427768,327879,151808,15436800,14390,2.9798991550301604e-06,0.02124013815330726,3.046148621856143e-06,0.9782491189883914,0.009834162520729686,0.0009321880182421227,0.0009529147536632586,0.05077262693156733,232896,15436800,0.015087064676616916
VIRAT_S_010001_09_000921_000952,VIRAT_S_010001,False,nvenc_qp23,h264_nvenc,True,270,d1,1.0,268,15436800,15436764,15263324,15263322,62,906,15427768,167155,84176,15436800,22479,4.016385817649346e-06,0.01082837050563188,4.062025291741863e-06,0.9887621786898839,0.0054529436152570485,0.0014561955845771143,0.001472746041425839,0.0684326710816777,172048,15436800,0.011145315091210613
VIRAT_S_010001_09_000921_000952,VIRAT_S_010001,False,nvenc_qp23,h264_nvenc,True,270,d1,2.0,268,15436800,15436764,15331916,15331908,134,906,15427768,102562,58080,15436800,26327,8.680575799435685e-06,0.006644009068221811,8.739942869471954e-06,0.993205586650083,0.0037624378109452736,0.0017054700456053068,0.0017171369840533956,0.1479028697571744,142964,15436800,0.009261245854063018
VIRAT_S_010001_09_000921_000952,VIRAT_S_010001,False,nvenc_qp28,h264_nvenc,True,270,d1,0.5,268,15436800,15436764,15149236,15149236,40,906,15427768,280068,224400,15436800,13952,2.5912166565479657e-06,0.018142921664151893,2.64039717910527e-06,0.9813715277777778,0.014536691542288557,0.0009038142620232172,0.0009209705360719181,0.04415011037527594,327768,15436800,0.02123289800995025
VIRAT_S_010001_09_000921_000952,VIRAT_S_010001,False,nvenc_qp28,h264_nvenc,True,270,d1,1.0,268,15436800,15436764,15305528,15305528,54,906,15427768,125396,113468,15436800,22339,3.4981424863397536e-06,0.008123205096612218,3.528137023433625e-06,0.9914961650082919,0.007350487147595356,0.0014471263474295191,0.001459538017897847,0.059602649006622516,224020,15436800,0.01451207504145937
VIRAT_S_010001_09_000921_000952,VIRAT_S_010001,False,nvenc_qp28,h264_nvenc,True,270,d1,2.0,268,15436800,15436764,15365152,15365147,126,906,15427768,69500,74988,15436800,26253,8.162332468126091e-06,0.00450223894075209,8.200377126232506e-06,0.995358623548922,0.004857742537313432,0.0017006763059701493,0.0017086065923721419,0.1390728476821192,181984,15436800,0.011788971807628524
VIRAT_S_010001_09_000921_000952,VIRAT_S_010001,False,nvenc_qp28_bf2_bqeq,h264_nvenc,True,270,B,0.5,178,10252800,10252773,10055536,10055529,272,703,10247102,194262,257592,10252800,14131,2.6529408190350064e-05,0.01894726431571244,2.7049795192276807e-05,0.9807599875156054,0.025124063670411985,0.0013782576466916355,0.0014052955506300212,0.3869132290184922,333804,10252800,0.03255735018726592
VIRAT_S_010001_09_000921_000952,VIRAT_S_010001,False,nvenc_qp28_bf2_bqeq,h264_nvenc,True,270,B,1.0,178,10252800,10252773,10171708,10171698,288,703,10247102,78631,126308,10252800,16999,2.8089961613311834e-05,0.007669242262556676,2.831385674250258e-05,0.9920907459425717,0.012319366416978776,0.0016579861111111112,0.0016712040888314922,0.4096728307254623,206940,10252800,0.02018375468164794
VIRAT_S_010001_09_000921_000952,VIRAT_S_010001,False,nvenc_qp28_bf2_bqeq,h264_nvenc,True,270,B,2.0,178,10252800,10252773,10216156,10216145,430,703,10247102,35781,79404,10252800,18890,4.193987324209753e-05,0.0034898851266871897,4.20902404967823e-05,0.9964259519350811,0.007744616104868914,0.0018424235330836455,0.0018490320625487709,0.6116642958748222,158356,10252800,0.015445146691635455
VIRAT_S_010001_09_000921_000952,VIRAT_S_010001,False,nvenc_qp28_bf2_bqeq,h264_nvenc,True,270,dgt1,0.5,89,5126400,5126391,4928320,4928320,10,203,5123124,196295,219908,5126400,5001,1.9506900663644266e-06,0.038291070657700516,2.029089020193494e-06,0.9613607990012485,0.04289715980024969,0.0009755383895131086,0.0010147474189987663,0.04926108374384237,244000,5126400,0.04759675405742821
VIRAT_S_010001_09_000921_000952,VIRAT_S_010001,False,nvenc_qp28_bf2_bqeq,h264_nvenc,True,270,dgt1,1.0,89,5126400,5126391,5031620,5031620,92,203,5123124,93733,103700,5126400,5945,1.7946348610552725e-05,0.01828440319905368,1.828436964635644e-05,0.9815113920099875,0.020228620474406992,0.0011596832084893882,0.00118152801682162,0.45320197044334976,130716,5126400,0.025498595505617977
VIRAT_S_010001_09_000921_000952,VIRAT_S_010001,False,nvenc_qp28_bf2_bqeq,h264_nvenc,True,270,dgt1,2.0,89,5126400,5126391,5069124,5069124,95,203,5123124,56462,65580,5126400,6670,1.8531555630462053e-05,0.011013986252706826,1.874091065833071e-05,0.9888272471910112,0.012792602996254681,0.0013011079900124844,0.0013158092009585877,0.46798029556650245,91620,5126400,0.017872191011235956
VIRAT_S_010001_09_000921_000952,VIRAT_S_010001,False,nvenc_qp28_bf2_bqeq,h264_nvenc,True,270,d1,0.5,1,57600,57600,55724,55724,0,0,57542,1829,1212,57600,45,0.0,0.031753472222222225,0.0,0.9674305555555556,0.021041666666666667,0.00078125,0.000807551503840356,,1524,57600,0.026458333333333334
VIRAT_S_010001_09_000921_000952,VIRAT_S_010001,False,nvenc_qp28_bf2_bqeq,h264_nvenc,True,270,d1,1.0,1,57600,57600,56772,56772,0,0,57542,786,648,57600,58,0.0,0.013645833333333333,0.0,0.985625,0.01125,0.0010069444444444444,0.0010216303811738181,,992,57600,0.017222222222222222
VIRAT_S_010001_09_000921_000952,VIRAT_S_010001,False,nvenc_qp28_bf2_bqeq,h264_nvenc,True,270,d1,2.0,1,57600,57600,57244,57244,0,0,57542,354,288,57600,118,0.0,0.006145833333333333,0.0,0.9938194444444445,0.005,0.0020486111111111113,0.002061351408007826,,628,57600,0.010902777777777779
VIRAT_S_010001_09_000921_000952,VIRAT_S_010001,False,nvenc_qp45,h264_nvenc,True,270,d1,0.5,268,15436800,15436764,15369168,15369165,534,906,15427768,65365,339988,15436800,19891,3.459274236491534e-05,0.004234371918881445,3.474489342784725e-05,0.9956187810945274,0.022024512852404643,0.0012885442578772803,0.0012942144948900293,0.5894039735099338,454308,15436800,0.02943019278606965
VIRAT_S_010001_09_000921_000952,VIRAT_S_010001,False,nvenc_qp45,h264_nvenc,True,270,d1,1.0,268,15436800,15436764,15408312,15408309,536,906,15427768,26430,165572,15436800,24235,3.472230319774274e-05,0.0017121464058140682,3.478642594719511e-05,0.998154539800995,0.010725798092868988,0.0015699497305140962,0.0015728523669562248,0.5916114790286976,287188,15436800,0.018604114842454396
VIRAT_S_010001_09_000921_000952,VIRAT_S_010001,False,nvenc_qp45,h264_nvenc,True,270,d1,2.0,268,15436800,15436764,15425760,15425750,609,906,15427768,10249,99108,15436800,26998,3.9451273595942775e-05,0.0006639344878240025,3.947944184237395e-05,0.9992848258706468,0.006420242537313433,0.0017489376036484245,0.0017501892937527876,0.6721854304635762,215112,15436800,0.013935012437810946
VIRAT_S_010001_09_000921_000952,VIRAT_S_010001,False,x264_crf12,libx264,True,270,d1,0.5,268,15436800,15436764,15105556,15105556,63,906,15427768,323485,0,15436800,15529,4.081166234063046e-06,0.020955493003585467,4.1706508519117076e-06,0.978541925787728,0.0,0.001005972740464345,0.0010280323345926493,0.0695364238410596,168128,15436800,0.010891376451077944
VIRAT_S_010001_09_000921_000952,VIRAT_S_010001,False,x264_crf12,libx264,True,270,d1,1.0,268,15436800,15436764,15278692,15278692,80,906,15427768,151766,0,15436800,23431,5.182433313095931e-06,0.009831464677441464,5.236050311113019e-06,0.9897577218076286,0.0,0.0015178663971807628,0.0015335736854961144,0.08830022075055188,142480,15436800,0.009229892205638475
VIRAT_S_010001_09_000921_000952,VIRAT_S_010001,False,x264_crf12,libx264,True,270,d1,2.0,268,15436800,15436764,15343116,15343111,143,906,15427768,91333,0,15436800,26932,9.263599547158977e-06,0.005916589772312383,9.320143743990381e-06,0.9939311256218906,0.0,0.0017446621061359868,0.0017553148917077862,0.15783664459161148,131868,15436800,0.008542444029850747
VIRAT_S_010001_09_000921_000952,VIRAT_S_010001,False,x264_crf45,libx264,True,270,d1,0.5,268,15436800,15436764,15285944,15285933,540,906,15427768,148354,397324,15436800,21452,3.498142486339754e-05,0.009610433896637922,3.5326597336256806e-05,0.990227508291874,0.02573875414593698,0.0013896662520729685,0.0014033807791000673,0.5960264900662252,508828,15436800,0.032962012852404646
VIRAT_S_010001_09_000921_000952,VIRAT_S_010001,False,x264_crf45,libx264,True,270,d1,1.0,268,15436800,15436764,15410100,15410089,717,906,15427768,25633,167040,15436800,26068,4.644755856862228e-05,0.00166051641393235,4.652795970224442e-05,0.9982703669154229,0.01082089552238806,0.0016886919568822555,0.0016916178350562293,0.7913907284768212,288344,15436800,0.018679000829187397
VIRAT_S_010001_09_000921_000952,VIRAT_S_010001,False,x264_crf45,libx264,True,270,d1,2.0,268,15436800,15436764,15426412,15426395,746,906,15427768,9918,97648,15436800,27741,4.832619064461956e-05,0.000642492169991068,4.835867355918217e-05,0.9993270626036485,0.006325663349917081,0.00179706934079602,0.0017982794703006765,0.8233995584988962,213372,15436800,0.013822294776119404
VIRAT_S_010001_09_000921_000952,VIRAT_S_010001,False,x264_qp24,libx264,True,270,d1,0.5,268,15436800,15436764,15088792,15088792,52,906,15427768,340239,188468,15436800,14802,3.3685816535123555e-06,0.022040824100180583,3.4462666063658375e-06,0.9774559494195688,0.012209007048092869,0.0009588774875621891,0.0009809930443735986,0.05739514348785872,296292,15436800,0.019193874378109453
VIRAT_S_010001_09_000921_000952,VIRAT_S_010001,False,x264_qp24,libx264,True,270,d1,1.0,268,15436800,15436764,15273372,15273372,74,906,15427768,157237,81856,15436800,23132,4.793750814613737e-06,0.010185878335640811,4.845033565606862e-06,0.9894130907960199,0.005302653399668325,0.0014984970978441127,0.00151453130323808,0.08167770419426049,197592,15436800,0.012800062189054726
VIRAT_S_010001_09_000921_000952,VIRAT_S_010001,False,x264_qp24,libx264,True,270,d1,2.0,268,15436800,15436764,15347488,15347479,148,906,15427768,87123,45484,15436800,26840,9.587501629227473e-06,0.0056438642192107105,9.64327757021202e-06,0.9942143449419569,0.0029464655887230513,0.0017387023217247098,0.0017488203932786916,0.16335540838852097,158752,15436800,0.010283996683250415
VIRAT_S_010001_09_000921_000952,VIRAT_S_010001,False,x264_qp24_bf2_pb1,libx264,True,270,B,0.5,178,10252800,10252773,10141600,10141589,134,703,10247102,107842,203176,10252800,14594,1.306963491730481e-05,0.01051832513994019,1.3212919592777818e-05,0.9891541822721598,0.0198166354556804,0.0014234160424469414,0.0014390234282558965,0.1906116642958748,281692,10252800,0.027474641073657928
VIRAT_S_010001_09_000921_000952,VIRAT_S_010001,False,x264_qp24_bf2_pb1,libx264,True,270,B,1.0,178,10252800,10252773,10206716,10206705,169,703,10247102,43229,101900,10252800,17390,1.648334553003368e-05,0.004216322745075893,1.6557743169808473e-05,0.9955052278401998,0.009938748439450687,0.0016961220349563046,0.0017037801384892064,0.24039829302987198,183404,10252800,0.01788818664169788
VIRAT_S_010001_09_000921_000952,VIRAT_S_010001,False,x264_qp24_bf2_pb1,libx264,True,270,B,2.0,178,10252800,10252773,10233248,10233234,363,703,10247102,18746,67296,10252800,19088,3.540505578344512e-05,0.001828383404177582,3.54726570310031e-05,0.9980930087390761,0.006563670411985019,0.0018617353308364544,0.0018652924271941812,0.5163584637268848,146016,10252800,0.014241573033707865
VIRAT_S_010001_09_000921_000952,VIRAT_S_010001,False,x264_qp24_bf2_pb1,libx264,True,270,dgt1,0.5,89,5126400,5126391,4879956,4879956,2,203,5123124,244755,242816,5126400,5123,3.9013801327288534e-07,0.047744114719302524,4.0983976085030276e-07,0.9519264981273409,0.04736579275905119,0.0009993367665418228,0.0010498045474180504,0.009852216748768473,260812,5126400,0.05087624843945069
VIRAT_S_010001_09_000921_000952,VIRAT_S_010001,False,x264_qp24_bf2_pb1,libx264,True,270,dgt1,1.0,89,5126400,5126391,5002076,5002076,94,203,5123124,123442,118836,5126400,6178,1.833648662382561e-05,0.024079708317215755,1.8792197479606468e-05,0.9757482833957553,0.023181179775280898,0.0012051342072409489,0.0012350871917979655,0.4630541871921182,140516,5126400,0.027410268414481898
VIRAT_S_010001_09_000921_000952,VIRAT_S_010001,False,x264_qp24_bf2_pb1,libx264,True,270,dgt1,2.0,89,5126400,5126391,5049820,5049820,101,203,5123124,75900,75700,5126400,6907,1.970196967028071e-05,0.014805737603706,2.0000712896697307e-05,0.9850616416978777,0.014766697877652933,0.0013473392634207242,0.0013677715245295871,0.4975369458128079,96964,5126400,0.0189146379525593
VIRAT_S_010001_09_000921_000952,VIRAT_S_010001,False,x264_qp24_bf2_pb1,libx264,True,270,d1,0.5,1,57600,57600,55308,55308,0,0,57542,2245,980,57600,34,0.0,0.038975694444444445,0.0,0.9602083333333333,0.017013888888888887,0.0005902777777777778,0.0006147392782237651,,1300,57600,0.022569444444444444
VIRAT_S_010001_09_000921_000952,VIRAT_S_010001,False,x264_qp24_bf2_pb1,libx264,True,270,d1,1.0,1,57600,57600,56588,56588,0,0,57542,970,336,57600,57,0.0,0.016840277777777777,0.0,0.9824305555555556,0.005833333333333334,0.0009895833333333334,0.0010072806955538276,,672,57600,0.011666666666666667
VIRAT_S_010001_09_000921_000952,VIRAT_S_010001,False,x264_qp24_bf2_pb1,libx264,True,270,d1,2.0,1,57600,57600,57264,57264,0,0,57542,334,188,57600,118,0.0,0.005798611111111111,0.0,0.9941666666666666,0.003263888888888889,0.0020486111111111113,0.00206063146130204,,512,57600,0.008888888888888889
VIRAT_S_010001_10_000962_001005,VIRAT_S_010001,False,nvenc_qp18,h264_nvenc,True,300,d1,0.5,298,17164800,17164750,16818200,16818198,54,981,17151704,336053,177728,17164800,10634,3.145982318414192e-06,0.019578088815741565,3.210807721493111e-06,0.9798075130499627,0.01035421327367636,0.0006195236763609247,0.0006322912083338288,0.05504587155963303,0,17164800,0.0
VIRAT_S_010001_10_000962_001005,VIRAT_S_010001,False,nvenc_qp18,h264_nvenc,True,300,d1,1.0,298,17164800,17164750,16914936,16914934,63,981,17151704,245359,160320,17164800,15921,3.6703127048165573e-06,0.014294353253033106,3.7245194098895096e-06,0.9854432326621924,0.009340044742729307,0.0009275377516778523,0.000941239151008316,0.06422018348623854,0,17164800,0.0
VIRAT_S_010001_10_000962_001005,VIRAT_S_010001,False,nvenc_qp18,h264_nvenc,True,300,d1,2.0,298,17164800,17164750,16954528,16954517,204,981,17151704,208188,152632,17164800,21436,1.1884822091786947e-05,0.012128810498259514,1.2032191775206571e-05,0.9877498135719612,0.008892151379567488,0.0012488348247576436,0.001264323017426377,0.20795107033639143,0,17164800,0.0
VIRAT_S_010001_10_000962_001005,VIRAT_S_010001,False,nvenc_qp23,h264_nvenc,True,300,d1,0.5,298,17164800,17164750,16950788,16950786,49,981,17151704,203440,116508,17164800,10077,2.8546876593017667e-06,0.011852197089966356,2.89072140961487e-06,0.9875319258016406,0.006787611856823266,0.0005870735458612976,0.000594485636891925,0.04994903160040775,221004,17164800,0.012875419463087248
VIRAT_S_010001_10_000962_001005,VIRAT_S_010001,False,nvenc_qp23,h264_nvenc,True,300,d1,1.0,298,17164800,17164750,17042636,17042634,63,981,17151704,117651,68676,17164800,15655,3.6703127048165573e-06,0.0068542215878471865,3.696611685728861e-06,0.9928828765846384,0.004000978747203579,0.0009120409209545116,0.0009185785579179183,0.06422018348623854,175604,17164800,0.010230471662938105
VIRAT_S_010001_10_000962_001005,VIRAT_S_010001,False,nvenc_qp23,h264_nvenc,True,300,d1,2.0,298,17164800,17164750,17080476,17080464,190,981,17151704,82231,50180,17164800,21311,1.1069197046272157e-05,0.0047906902226947665,1.1123819587102551e-05,0.9950873881431768,0.002923424683072334,0.0012415524794929158,0.001247681856173095,0.19367991845056065,155340,17164800,0.00904991610738255
VIRAT_S_010001_10_000962_001005,VIRAT_S_010001,False,nvenc_qp28,h264_nvenc,True,300,d1,0.5,298,17164800,17164750,16989388,16989387,59,981,17151704,164810,171908,17164800,9671,3.4372769775266172e-06,0.009601654553663758,3.4727562565971334e-06,0.9897807140193885,0.010015147278150633,0.0005634204884414616,0.0005692376911987648,0.060142711518858305,298244,17164800,0.01737532624906786
VIRAT_S_010001_10_000962_001005,VIRAT_S_010001,False,nvenc_qp28,h264_nvenc,True,300,d1,1.0,298,17164800,17164750,17081536,17081534,73,981,17151704,78778,88728,17164800,15655,4.252902023041408e-06,0.004589522131111726,4.273620858641853e-06,0.9951491424310216,0.005169183445190156,0.0009120409209545116,0.0009164866672411662,0.0744138634046891,218872,17164800,0.012751211782252051
VIRAT_S_010001_10_000962_001005,VIRAT_S_010001,False,nvenc_qp28,h264_nvenc,True,300,d1,2.0,298,17164800,17164750,17115196,17115183,187,981,17151704,47464,61660,17164800,21280,1.0894420250804702e-05,0.00276520194002243,1.0925971402117056e-05,0.9971101323639076,0.0035922352721849365,0.0012397464578672633,0.0012433395445778125,0.1906218144750255,189604,17164800,0.011046094332587622
VIRAT_S_010001_10_000962_001005,VIRAT_S_010001,False,nvenc_qp28_bf2_bqeq,h264_nvenc,True,300,B,0.5,198,11404800,11404766,11251328,11251320,179,637,11397247,149609,212160,11404800,8353,1.5695192694001788e-05,0.013118112199759294,1.5909244426431745e-05,0.9865432098765432,0.018602693602693603,0.0007324109147025813,0.0007424012525454773,0.28100470957613816,301928,11404800,0.026473765432098766
VIRAT_S_010001_10_000962_001005,VIRAT_S_010001,False,nvenc_qp28_bf2_bqeq,h264_nvenc,True,300,B,1.0,198,11404800,11404766,11345352,11345344,192,637,11397247,57182,104468,11404800,11042,1.6835067023733762e-05,0.005013868763287208,1.6923241816202313e-05,0.9947874579124579,0.00916000280583614,0.0009681888327721661,0.0009732620019193764,0.30141287284144425,195956,11404800,0.01718188832772166
VIRAT_S_010001_10_000962_001005,VIRAT_S_010001,False,nvenc_qp28_bf2_bqeq,h264_nvenc,True,300,B,2.0,198,11404800,11404766,11378400,11378384,258,637,11397247,25180,67760,11404800,13586,2.2622121313142242e-05,0.002207848894050084,2.267457312040093e-05,0.9976851851851852,0.005941358024691358,0.0011912528058361392,0.001194016733459889,0.4050235478806907,157780,11404800,0.01383452581369248
VIRAT_S_010001_10_000962_001005,VIRAT_S_010001,False,nvenc_qp28_bf2_bqeq,h264_nvenc,True,300,dgt1,0.5,99,5702400,5702384,5554964,5554964,17,344,5696857,142898,146396,5702400,2386,2.981209262652252e-06,0.025059343600851856,3.0603258634979453e-06,0.9741449214365882,0.02567269921436588,0.0004184203142536476,0.00042952573590035865,0.04941860465116279,179788,5702400,0.03152847923681257
VIRAT_S_010001_10_000962_001005,VIRAT_S_010001,False,nvenc_qp28_bf2_bqeq,h264_nvenc,True,300,dgt1,1.0,99,5702400,5702384,5632160,5632160,17,344,5696857,68380,72092,5702400,3683,2.981209262652252e-06,0.011991475845891823,3.018380159654555e-06,0.987682379349046,0.01264239618406285,0.0006458684062850729,0.0006539231840004546,0.04941860465116279,106804,5702400,0.018729657687991022
VIRAT_S_010001_10_000962_001005,VIRAT_S_010001,False,nvenc_qp28_bf2_bqeq,h264_nvenc,True,300,dgt1,2.0,99,5702400,5702384,5657084,5657084,21,344,5696857,43643,50044,5702400,4722,3.6826702656292527e-06,0.007653465638231308,3.712159833582107e-06,0.9920531705948372,0.008775953984287318,0.0008280723905723905,0.0008347056540083194,0.061046511627906974,83768,5702400,0.014689955106621773
VIRAT_S_010001_10_000962_001005,VIRAT_S_010001,False,nvenc_qp28_bf2_bqeq,h264_nvenc,True,300,d1,0.5,1,57600,57600,57592,57592,0,0,57600,8,8,57600,0,0.0,0.0001388888888888889,0.0,0.9998611111111111,0.0001388888888888889,0.0,0.0,,312,57600,0.005416666666666667
VIRAT_S_010001_10_000962_001005,VIRAT_S_010001,False,nvenc_qp28_bf2_bqeq,h264_nvenc,True,300,d1,1.0,1,57600,57600,57600,57600,0,0,57600,0,0,57600,0,0.0,0.0,0.0,1.0,0.0,0.0,0.0,,304,57600,0.005277777777777778
VIRAT_S_010001_10_000962_001005,VIRAT_S_010001,False,nvenc_qp28_bf2_bqeq,h264_nvenc,True,300,d1,2.0,1,57600,57600,57600,57600,0,0,57600,0,0,57600,0,0.0,0.0,0.0,1.0,0.0,0.0,0.0,,288,57600,0.005
VIRAT_S_010001_10_000962_001005,VIRAT_S_010001,False,nvenc_qp45,h264_nvenc,True,300,d1,0.5,298,17164800,17164750,17113100,17113091,122,981,17151704,46189,210132,17164800,12948,7.1075896823431745e-06,0.002690921801948761,7.129045243784422e-06,0.9969880219985086,0.012242030201342282,0.000754334451901566,0.0007566133546815013,0.12436289500509684,348332,17164800,0.020293391126025354
VIRAT_S_010001_10_000962_001005,VIRAT_S_010001,False,nvenc_qp45,h264_nvenc,True,300,d1,1.0,298,17164800,17164750,17138632,17138622,163,981,17151704,21937,111072,17164800,16659,9.49620588706506e-06,0.001278026187389854,9.510682947555527e-06,0.9984754847129008,0.006470917225950783,0.0009705327181208054,0.0009720145691908199,0.16615698267074414,250736,17164800,0.014607568978374348
VIRAT_S_010001_10_000962_001005,VIRAT_S_010001,False,nvenc_qp45,h264_nvenc,True,300,d1,2.0,298,17164800,17164750,17154216,17154199,300,981,17151704,8586,76928,17164800,21534,1.747767954674551e-05,0.0005002111886278565,1.7488429509299735e-05,0.999383389261745,0.004481730052199851,0.0012545441834451903,0.0012553182261433574,0.3058103975535168,212672,17164800,0.01239000745712155
VIRAT_S_010001_10_000962_001005,VIRAT_S_010001,False,x264_crf12,libx264,True,300,d1,0.5,298,17164800,17164750,16958144,16958142,102,981,17151704,196373,0,17164800,11978,5.9424110458934734e-06,0.011440481218776853,6.014809877166968e-06,0.9879604772557793,0.0,0.0006978234526472781,0.0007063272961946779,0.10397553516819572,177728,17164800,0.01035421327367636
VIRAT_S_010001_10_000962_001005,VIRAT_S_010001,False,x264_crf12,libx264,True,300,d1,1.0,298,17164800,17164750,17056088,17056084,122,981,17151704,104528,0,17164800,17067,7.1075896823431745e-06,0.006089689625540716,7.152872839978978e-06,0.9936665734526473,0.0,0.000994302293064877,0.0010006397715584018,0.12436289500509684,160320,17164800,0.009340044742729307
VIRAT_S_010001_10_000962_001005,VIRAT_S_010001,False,x264_crf12,libx264,True,300,d1,2.0,298,17164800,17164750,17091152,17091140,266,981,17151704,71879,0,17164800,22251,1.549687586478102e-05,0.004187593760468402,1.55636195128002e-05,0.9957093586875466,0.0,0.001296315715883669,0.0013019017091416658,0.2711518858307849,152632,17164800,0.008892151379567488
VIRAT_S_010001_10_000962_001005,VIRAT_S_010001,False,x264_crf45,libx264,True,300,d1,0.5,298,17164800,17164750,17059684,17059668,315,981,17151704,95845,256500,17164800,16579,1.8351563524082786e-05,0.005583827320526078,1.8464603179850862e-05,0.993876071961223,0.014943372483221477,0.0009658720171513796,0.0009718233936806801,0.3211009174311927,394204,17164800,0.022965837061894107
VIRAT_S_010001_10_000962_001005,VIRAT_S_010001,False,x264_crf45,libx264,True,300,d1,1.0,298,17164800,17164750,17136804,17136788,347,981,17151704,24387,118444,17164800,19872,2.0215849342402306e-05,0.0014207605703549426,2.0248835429369845e-05,0.9983689876957494,0.006900400820283371,0.001157718120805369,0.001159609458099655,0.35372069317023447,258652,17164800,0.015068745339299031
VIRAT_S_010001_10_000962_001005,VIRAT_S_010001,False,x264_crf45,libx264,True,300,d1,2.0,298,17164800,17164750,17153888,17153863,434,981,17151704,9263,78000,17164800,22400,2.5284376410958504e-05,0.0005396524854716789,2.5300423583888947e-05,0.9993642803877704,0.004544183445190157,0.0013049962714392245,0.0013058264108988004,0.44240570846075433,213832,17164800,0.012457587621178226
VIRAT_S_010001_10_000962_001005,VIRAT_S_010001,False,x264_qp24,libx264,True,300,d1,0.5,298,17164800,17164750,16944880,16944877,74,981,17151704,209408,136160,17164800,10483,4.311160954863892e-06,0.012199886395082946,4.367101631956373e-06,0.9871877330350485,0.007932513049962715,0.0006107266032811335,0.000618652950035645,0.07543323139653414,267072,17164800,0.015559284116331095
VIRAT_S_010001_10_000962_001005,VIRAT_S_010001,False,x264_qp24,libx264,True,300,d1,1.0,298,17164800,17164750,17050520,17050517,82,981,17151704,109777,62368,17164800,16201,4.777232409443773e-06,0.00639549075867694,4.809238335705597e-06,0.9933421886651752,0.003633482475764355,0.0009438502050708427,0.0009501762996084577,0.0835881753312946,197216,17164800,0.011489560029828486
VIRAT_S_010001_10_000962_001005,VIRAT_S_010001,False,x264_qp24,libx264,True,300,d1,2.0,298,17164800,17164750,17092764,17092751,233,981,17151704,70111,37980,17164800,21985,1.3574331114639012e-05,0.004084591969006248,1.3631509638208619e-05,0.9958032718120805,0.0022126677852348994,0.001280818885160328,0.0012862167874078177,0.23751274209989806,172188,17164800,0.010031459731543624
VIRAT_S_010001_10_000962_001005,VIRAT_S_010001,False,x264_qp24_bf2_pb1,libx264,True,300,B,0.5,198,11404800,11404766,11341792,11341782,170,637,11397247,59006,144760,11404800,8472,1.4906048927264268e-05,0.0051738019000126785,1.4988826270862904e-05,0.9944753086419753,0.012692901234567901,0.0007428451178451179,0.0007469719070848769,0.2668759811616955,236112,11404800,0.020702861952861952
VIRAT_S_010001_10_000962_001005,VIRAT_S_010001,False,x264_qp24_bf2_pb1,libx264,True,300,B,1.0,198,11404800,11404766,11375224,11375214,172,637,11397247,27235,82396,11404800,11027,1.5081414208761494e-05,0.0023880367207884845,1.5120594654307162e-05,0.9974067059483727,0.007224677328843995,0.0009668735970819304,0.000969387503929593,0.27001569858712715,174972,11404800,0.01534196127946128
VIRAT_S_010001_10_000962_001005,VIRAT_S_010001,False,x264_qp24_bf2_pb1,libx264,True,300,B,2.0,198,11404800,11404766,11388804,11388791,242,637,11397247,14712,61420,11404800,13649,2.1219199061164428e-05,0.0012899870106935995,2.1248963125234277e-05,0.9985974326599326,0.005385451739618406,0.0011967767957351291,0.001198457713382371,0.37990580847723704,151928,11404800,0.013321408529741863
VIRAT_S_010001_10_000962_001005,VIRAT_S_010001,False,x264_qp24_bf2_pb1,libx264,True,300,dgt1,0.5,99,5702400,5702384,5514796,5514795,28,344,5696857,183091,170172,5702400,2880,4.910227020839003e-06,0.0321077991240155,5.0772512849525686e-06,0.9671008698092032,0.02984217171717172,0.000505050505050505,0.0005222314660415363,0.08139534883720931,196188,5702400,0.03440446127946128
VIRAT_S_010001_10_000962_001005,VIRAT_S_010001,False,x264_qp24_bf2_pb1,libx264,True,300,dgt1,1.0,99,5702400,5702384,5604692,5604691,28,344,5696857,95886,90528,5702400,4263,4.910227020839003e-06,0.016815072432863166,4.9958151127332445e-06,0.9828654601571268,0.015875420875420876,0.0007475799663299663,0.0007606127152036187,0.08139534883720931,117768,5702400,0.0206523569023569
VIRAT_S_010001_10_000962_001005,VIRAT_S_010001,False,x264_qp24_bf2_pb1,libx264,True,300,dgt1,2.0,99,5702400,5702384,5637624,5637623,39,344,5696857,63197,63856,5702400,5312,6.8392447790257545e-06,0.011082557751284375,6.917809154673876e-06,0.9886405723905723,0.011198092031425366,0.0009315375982042648,0.0009422409156765332,0.11337209302325581,90892,5702400,0.01593925364758698
VIRAT_S_010001_10_000962_001005,VIRAT_S_010001,False,x264_qp24_bf2_pb1,libx264,True,300,d1,0.5,1,57600,57600,57512,57512,0,0,57600,88,88,57600,0,0.0,0.0015277777777777779,0.0,0.9984722222222222,0.0015277777777777779,0.0,0.0,,360,57600,0.00625
VIRAT_S_010001_10_000962_001005,VIRAT_S_010001,False,x264_qp24_bf2_pb1,libx264,True,300,d1,1.0,1,57600,57600,57536,57536,0,0,57600,64,64,57600,0,0.0,0.0011111111111111111,0.0,0.9988888888888889,0.0011111111111111111,0.0,0.0,,336,57600,0.005833333333333334
VIRAT_S_010001_10_000962_001005,VIRAT_S_010001,False,x264_qp24_bf2_pb1,libx264,True,300,d1,2.0,1,57600,57600,57568,57568,0,0,57600,32,32,57600,0,0.0,0.0005555555555555556,0.0,0.9994444444444445,0.0005555555555555556,0.0,0.0,,288,57600,0.005
VIRAT_S_010002_00_000012_000120,VIRAT_S_010002,False,nvenc_qp18,h264_nvenc,True,300,d1,0.5,298,17164800,17164772,16813136,16813126,9,271,17157999,345672,154696,17164800,20272,5.243297143708055e-07,0.020138455669553898,5.352960538093867e-07,0.979512490678598,0.009012397464578673,0.001181021625652498,0.0012057239054034893,0.033210332103321034,0,17164800,0.0
VIRAT_S_010002_00_000012_000120,VIRAT_S_010002,False,nvenc_qp18,h264_nvenc,True,300,d1,1.0,298,17164800,17164772,16934724,16934713,15,271,17157999,226879,139132,17164800,29957,8.738828572846759e-07,0.013217711251859332,8.857546035766889e-07,0.9865960570469798,0.008105658090976882,0.0017452577367636092,0.0017689688949167402,0.055350553505535055,0,17164800,0.0
VIRAT_S_010002_00_000012_000120,VIRAT_S_010002,False,nvenc_qp18,h264_nvenc,True,300,d1,2.0,298,17164800,17164772,16978392,16978381,40,271,17157999,185524,134108,17164800,34475,2.330354286092469e-06,0.01080841621432548,2.3559372357116972e-06,0.9891401006711409,0.007812966070096943,0.0020084708240119312,0.0020305220894888043,0.14760147601476015,0,17164800,0.0
VIRAT_S_010002_00_000012_000120,VIRAT_S_010002,False,nvenc_qp23,h264_nvenc,True,300,d1,0.5,298,17164800,17164772,16922616,16922606,8,271,17157999,236177,105920,17164800,19429,4.6607085721849377e-07,0.013759402105661525,4.727404278040864e-07,0.9858906599552573,0.0061707680835197615,0.0011319094891871738,0.0011481085430290446,0.02952029520295203,193048,17164800,0.011246737509321402
VIRAT_S_010002_00_000012_000120,VIRAT_S_010002,False,nvenc_qp23,h264_nvenc,True,300,d1,1.0,298,17164800,17164772,17040864,17040854,13,271,17157999,120746,60592,17164800,29652,7.573651429800524e-07,0.007034523965713031,7.628725649547846e-07,0.9927796420581656,0.003530014914243102,0.0017274888143176733,0.0017400526170504031,0.04797047970479705,150124,17164800,0.008746038404175989
VIRAT_S_010002_00_000012_000120,VIRAT_S_010002,False,nvenc_qp23,h264_nvenc,True,300,d1,2.0,298,17164800,17164772,17085212,17085202,38,271,17157999,78716,44352,17164800,34428,2.2138365717878453e-06,0.004585904199601369,2.2241469547740787e-06,0.9953633016405667,0.0025838926174496643,0.002005732662192394,0.0020150759615976672,0.14022140221402213,131612,17164800,0.0076675521998508574
VIRAT_S_010002_00_000012_000120,VIRAT_S_010002,False,nvenc_qp28,h264_nvenc,True,300,d1,0.5,298,17164800,17164772,16952484,16952477,6,271,17157999,206341,177436,17164800,18346,3.495531429138703e-07,0.012021190843665153,3.539305789944443e-07,0.9876307326621924,0.010337201715137957,0.001068815249813572,0.0010822012868438632,0.02214022140221402,287868,17164800,0.016770833333333332
VIRAT_S_010002_00_000012_000120,VIRAT_S_010002,False,nvenc_qp28,h264_nvenc,True,300,d1,1.0,298,17164800,17164772,17074952,17074945,10,271,17157999,86610,83032,17164800,29219,5.825885715231173e-07,0.005045799617961718,5.856534237738394e-07,0.9947655667412378,0.00483734153616704,0.0017022627703206562,0.0017112200373974697,0.03690036900369004,197076,17164800,0.011481403803131991
VIRAT_S_010002_00_000012_000120,VIRAT_S_010002,False,nvenc_qp28,h264_nvenc,True,300,d1,2.0,298,17164800,17164772,17114976,17114969,44,271,17157999,48963,54772,17164800,34342,2.5633897147017156e-06,0.002852528422748639,2.570848945154385e-06,0.9970973154362416,0.003190948918717375,0.002000722408650261,0.002006546781017981,0.16236162361623616,167096,17164800,0.009734806114839671
VIRAT_S_010002_00_000012_000120,VIRAT_S_010002,False,nvenc_qp28_bf2_bqeq,h264_nvenc,True,300,B,0.5,198,11404800,11404775,11238900,11238885,21,114,11401006,164268,241028,11404800,15255,1.8413340026436296e-06,0.014403440664107797,1.8685127572708502e-06,0.9854534932659933,0.02113390852974186,0.001337594696969697,0.001357339241384833,0.18421052631578946,321296,11404800,0.02817199775533109
VIRAT_S_010002_00_000012_000120,VIRAT_S_010002,False,nvenc_qp28_bf2_bqeq,h264_nvenc,True,300,B,1.0,198,11404800,11404775,11341080,11341065,21,114,11401006,62681,115284,11404800,19865,1.8413340026436296e-06,0.0054960312676050165,1.8516779508802744e-06,0.9944128787878788,0.01010837542087542,0.001741810465768799,0.0017515968496827463,0.18421052631578946,198336,11404800,0.01739057239057239
VIRAT_S_010002_00_000012_000120,VIRAT_S_010002,False,nvenc_qp28_bf2_bqeq,h264_nvenc,True,300,B,2.0,198,11404800,11404775,11376480,11376465,24,114,11401006,27967,70764,11404800,22498,2.104381717307005e-06,0.0024522184786635423,2.1096184095850514e-06,0.997516835016835,0.006204755892255893,0.001972678170594837,0.001977588849978201,0.21052631578947367,152348,11404800,0.013358235129068462
VIRAT_S_010002_00_000012_000120,VIRAT_S_010002,False,nvenc_qp28_bf2_bqeq,h264_nvenc,True,300,dgt1,0.5,99,5702400,5702397,5502040,5502040,5,126,5699449,197623,179492,5702400,3951,8.768242547826817e-07,0.034656127940583585,9.087538440287602e-07,0.9648639169472503,0.031476571268237934,0.0006928661616161616,0.0007180972875515263,0.03968253968253968,208560,5702400,0.03657407407407407
VIRAT_S_010002_00_000012_000120,VIRAT_S_010002,False,nvenc_qp28_bf2_bqeq,h264_nvenc,True,300,dgt1,1.0,99,5702400,5702397,5614304,5614304,5,126,5699449,86293,83148,5702400,6455,8.768242547826817e-07,0.01513275908359239,8.90582341105861e-07,0.9845510662177329,0.014581228956228957,0.001131979517396184,0.0011497418023676666,0.03968253968253968,112308,5702400,0.01969486531986532
VIRAT_S_010002_00_000012_000120,VIRAT_S_010002,False,nvenc_qp28_bf2_bqeq,h264_nvenc,True,300,dgt1,2.0,99,5702400,5702397,5653612,5653612,5,126,5699449,47340,49268,5702400,9021,8.768242547826817e-07,0.00830177204428243,8.843903684936285e-07,0.9914443041526375,0.008639870931537598,0.0015819654882154883,0.0015956171028362045,0.03968253968253968,78360,5702400,0.013741582491582492
VIRAT_S_010002_00_000012_000120,VIRAT_S_010002,False,nvenc_qp28_bf2_bqeq,h264_nvenc,True,300,d1,0.5,1,57600,57600,57252,57252,0,31,57544,293,432,57600,29,0.0,0.005086805555555555,0.0,0.9939583333333334,0.0075,0.0005034722222222222,0.0005065325228812967,0.0,608,57600,0.010555555555555556
VIRAT_S_010002_00_000012_000120,VIRAT_S_010002,False,nvenc_qp28_bf2_bqeq,h264_nvenc,True,300,d1,1.0,1,57600,57600,57468,57468,0,31,57544,77,172,57600,38,0.0,0.0013368055555555555,0.0,0.9977083333333333,0.0029861111111111113,0.0006597222222222222,0.0006612375582933111,0.0,356,57600,0.0061805555555555555
VIRAT_S_010002_00_000012_000120,VIRAT_S_010002,False,nvenc_qp28_bf2_bqeq,h264_nvenc,True,300,d1,2.0,1,57600,57600,57520,57520,4,31,57544,35,88,57600,52,6.944444444444444e-05,0.0006076388888888889,6.954102920723227e-05,0.9986111111111111,0.0015277777777777779,0.0009027777777777777,0.0009040333796940194,0.12903225806451613,272,57600,0.004722222222222222
VIRAT_S_010002_00_000012_000120,VIRAT_S_010002,False,nvenc_qp45,h264_nvenc,True,300,d1,0.5,298,17164800,17164772,17102384,17102376,23,271,17157999,58423,237688,17164800,23298,1.3399537145031697e-06,0.003403657211409508,1.3448423774567931e-06,0.996363721103654,0.013847408650261,0.0013573126398210291,0.0013622662197270276,0.08487084870848709,358984,17164800,0.0209139634601044
VIRAT_S_010002_00_000012_000120,VIRAT_S_010002,False,nvenc_qp45,h264_nvenc,True,300,d1,1.0,298,17164800,17164772,17137760,17137752,25,271,17157999,24105,116240,17164800,29629,1.4564714288077932e-06,0.001404329751656474,1.458767754370585e-06,0.9984246830723341,0.00677199850857569,0.0017261488627889634,0.0017288723847223909,0.09225092250922509,238892,17164800,0.013917552199850858
VIRAT_S_010002_00_000012_000120,VIRAT_S_010002,False,nvenc_qp45,h264_nvenc,True,300,d1,2.0,298,17164800,17164772,17155244,17155236,52,271,17157999,8655,70928,17164800,34411,3.0294605719202096e-06,0.000504230408653258,3.0311445438582133e-06,0.9994432792692021,0.004132177479492916,0.002004742263236391,0.0020058589665061014,0.1918819188191882,191436,17164800,0.011152824384787471
VIRAT_S_010002_00_000012_000120,VIRAT_S_010002,False,x264_crf12,libx264,True,300,d1,0.5,298,17164800,17164772,16935680,16935669,17,271,17157999,223167,0,17164800,21241,9.904005715892994e-07,0.01300145437410995,1.003798550857365e-06,0.9866517524235645,0.0,0.001237474366144668,0.0012542159511752702,0.06273062730627306,154696,17164800,0.009012397464578673
VIRAT_S_010002_00_000012_000120,VIRAT_S_010002,False,x264_crf12,libx264,True,300,d1,1.0,298,17164800,17164772,17058016,17058004,27,271,17157999,103632,0,17164800,30526,1.5729891431124164e-06,0.0060374818844083685,1.58283466225005e-06,0.9937788963460105,0.0,0.0017784069724086503,0.0017895398855294778,0.0996309963099631,139132,17164800,0.008105658090976882
VIRAT_S_010002_00_000012_000120,VIRAT_S_010002,False,x264_crf12,libx264,True,300,d1,2.0,298,17164800,17164772,17099332,17099320,49,271,17157999,64699,0,17164800,34885,2.8546840004632744e-06,0.003769289798897416,2.865611030146228e-06,0.9961859153616704,0.0,0.002032356916480239,0.0020401381761579926,0.18081180811808117,134108,17164800,0.007812966070096943
VIRAT_S_010002_00_000012_000120,VIRAT_S_010002,False,x264_crf45,libx264,True,300,d1,0.5,298,17164800,17164772,17023536,17023523,24,271,17157999,136316,310392,17164800,24725,1.3982125716554813e-06,0.007941614371574524,1.4098139380432592e-06,0.9917701342281879,0.018083053691275167,0.0014404478933631617,0.0014524009582967956,0.08856088560885608,428712,17164800,0.02497623042505593
VIRAT_S_010002_00_000012_000120,VIRAT_S_010002,False,x264_crf45,libx264,True,300,d1,1.0,298,17164800,17164772,17133212,17133199,24,271,17157999,28520,120956,17164800,30101,1.3982125716554813e-06,0.0016615426059839304,1.4007891929580694e-06,0.9981597222222223,0.00704674683072334,0.0017536469985085757,0.0017568801459994774,0.08856088560885608,243160,17164800,0.014166200596569724
VIRAT_S_010002_00_000012_000120,VIRAT_S_010002,False,x264_crf45,libx264,True,300,d1,2.0,298,17164800,17164772,17154384,17154370,50,271,17157999,9363,70508,17164800,34727,2.9129428576155863e-06,0.0005454776795170947,2.9147091965487513e-06,0.9993931767337808,0.0041077087994034304,0.0020231520320656226,0.0020243804732364623,0.18450184501845018,190664,17164800,0.011107848620432513
VIRAT_S_010002_00_000012_000120,VIRAT_S_010002,False,x264_qp24,libx264,True,300,d1,0.5,298,17164800,17164772,16925816,16925805,14,271,17157999,233065,125432,17164800,19429,8.156240001323641e-07,0.013578100542203531,8.271393886435534e-07,0.9860770879940343,0.007307513049962714,0.0011319094891871738,0.00114789148127334,0.05166051660516605,241408,17164800,0.0140641312453393
VIRAT_S_010002_00_000012_000120,VIRAT_S_010002,False,x264_qp24,libx264,True,300,d1,1.0,298,17164800,17164772,17052856,17052844,25,271,17157999,108825,52152,17164800,29922,1.4564714288077932e-06,0.0063400201296003236,1.4660311206740646e-06,0.9934782811334825,0.0030383109619686803,0.0017432186800894855,0.0017546620929655419,0.09225092250922509,169892,17164800,0.009897697613721104
VIRAT_S_010002_00_000012_000120,VIRAT_S_010002,False,x264_qp24,libx264,True,300,d1,2.0,298,17164800,17164772,17099252,17099239,49,271,17157999,64760,29632,17164800,34816,2.8546840004632744e-06,0.003772843589183707,2.8656246046973203e-06,0.996181254660701,0.0017263236390753168,0.002028337061894109,0.0020361124568489897,0.18081180811808117,147044,17164800,0.008566601416853096
VIRAT_S_010002_00_000012_000120,VIRAT_S_010002,False,x264_qp24_bf2_pb1,libx264,True,300,B,0.5,198,11404800,11404775,11320824,11320806,27,114,11401006,82345,182400,11404800,15348,2.367429431970381e-06,0.007220221354651889,2.3849891959989423e-06,0.9926367845117845,0.015993265993265993,0.0013457491582491582,0.0013557317029219782,0.23684210526315788,261164,11404800,0.022899480920314255
VIRAT_S_010002_00_000012_000120,VIRAT_S_010002,False,x264_qp24_bf2_pb1,libx264,True,300,B,1.0,198,11404800,11404775,11373976,11373958,28,114,11401006,29749,92028,11404800,20030,2.4551120035248394e-06,0.0026084688211735875,2.4617639699390486e-06,0.997297278338945,0.008069234006734007,0.0017562780583613917,0.0017610376529720126,0.24561403508771928,172560,11404800,0.015130471380471381
VIRAT_S_010002_00_000012_000120,VIRAT_S_010002,False,x264_qp24_bf2_pb1,libx264,True,300,B,2.0,198,11404800,11404775,11389684,11389666,30,114,11401006,14732,61392,11404800,22595,2.6304771466337564e-06,0.0012917396441402833,2.633966614999948e-06,0.9986745931537598,0.005382996632996633,0.001981183361391695,0.001983812720352909,0.2631578947368421,140728,11404800,0.012339365881032547
VIRAT_S_010002_00_000012_000120,VIRAT_S_010002,False,x264_qp24_bf2_pb1,libx264,True,300,dgt1,0.5,99,5702400,5702397,5467912,5467912,13,126,5699449,231807,205124,5702400,4527,2.2797430624349727e-06,0.040650800005681824,2.377507172756255e-06,0.9588790684624018,0.03597152076318743,0.0007938762626262626,0.000827921151620582,0.10317460317460317,228024,5702400,0.03998737373737374
VIRAT_S_010002_00_000012_000120,VIRAT_S_010002,False,x264_qp24_bf2_pb1,libx264,True,300,dgt1,1.0,99,5702400,5702397,5593680,5593680,13,126,5699449,106955,99356,5702400,7045,2.2797430624349727e-06,0.018756147634056346,2.3240514294704025e-06,0.9809343434343434,0.01742354096520763,0.0012354447250280585,0.0012594571015860758,0.10317460317460317,123060,5702400,0.021580387205387207
VIRAT_S_010002_00_000012_000120,VIRAT_S_010002,False,x264_qp24_bf2_pb1,libx264,True,300,dgt1,2.0,99,5702400,5702397,5638140,5638140,15,126,5699449,62853,62236,5702400,9565,2.6304727643480454e-06,0.011022206977171179,2.6604518511423982e-06,0.9887310606060606,0.010914001122334456,0.0016773639169472502,0.0016964814637451357,0.11904761904761904,86456,5702400,0.015161335578002245
VIRAT_S_010002_00_000012_000120,VIRAT_S_010002,False,x264_qp24_bf2_pb1,libx264,True,300,d1,0.5,1,57600,57600,57112,57112,3,31,57544,438,292,57600,34,5.208333333333334e-05,0.007604166666666667,5.252836531727133e-05,0.9915277777777778,0.005069444444444444,0.0005902777777777778,0.0005953214735957417,0.0967741935483871,492,57600,0.008541666666666666
VIRAT_S_010002_00_000012_000120,VIRAT_S_010002,False,x264_qp24_bf2_pb1,libx264,True,300,d1,1.0,1,57600,57600,57352,57352,3,31,57544,198,112,57600,47,5.208333333333334e-05,0.0034375,5.230855070442182e-05,0.9956944444444444,0.0019444444444444444,0.0008159722222222223,0.0008195006277026084,0.0967741935483871,304,57600,0.005277777777777778
VIRAT_S_010002_00_000012_000120,VIRAT_S_010002,False,x264_qp24_bf2_pb1,libx264,True,300,d1,2.0,1,57600,57600,57500,57500,4,31,57544,55,60,57600,52,6.944444444444444e-05,0.0009548611111111111,6.956521739130434e-05,0.9982638888888888,0.0010416666666666667,0.0009027777777777777,0.0009043478260869566,0.12903225806451613,244,57600,0.0042361111111111115
VIRAT_S_010002_01_000123_000148,VIRAT_S_010002,False,nvenc_qp18,h264_nvenc,True,248,d1,0.5,247,14227200,14227175,13958064,13958062,77,482,14219138,263409,136200,14227200,11220,5.41217775138072e-06,0.01851449778329148,5.516525145109686e-06,0.981082995951417,0.009573211875843455,0.0007886302294197031,0.0008038364059657557,0.15975103734439833,0,14227200,0.0
VIRAT_S_010002_01_000123_000148,VIRAT_S_010002,False,nvenc_qp18,h264_nvenc,True,248,d1,1.0,247,14227200,14227175,14032276,14032274,83,482,14219138,191107,125700,14227200,16369,5.833905887851945e-06,0.013432533162767732,5.914935811544159e-06,0.9862992015294647,0.008835188933873145,0.0011505426225820962,0.0011665249457750119,0.17219917012448133,0,14227200,0.0
VIRAT_S_010002_01_000123_000148,VIRAT_S_010002,False,nvenc_qp18,h264_nvenc,True,248,d1,2.0,247,14227200,14227175,14060640,14060636,183,482,14219138,165629,120672,14227200,20317,1.2862708162372362e-05,0.01164173491926542,1.3015058493797862e-05,0.9882928475033739,0.008481781376518218,0.0014280392487629329,0.001444955563900363,0.3796680497925311,0,14227200,0.0
VIRAT_S_010002_01_000123_000148,VIRAT_S_010002,False,nvenc_qp23,h264_nvenc,True,248,d1,0.5,247,14227200,14227175,14057708,14057706,67,482,14219138,163538,86716,14227200,10584,4.709297523928679e-06,0.011494762663705199,4.7660692292184795e-06,0.988086763382816,0.00609508547008547,0.0007439271255060729,0.0007528965603781214,0.13900414937759337,165724,14227200,0.011648391812865496
VIRAT_S_010002_01_000123_000148,VIRAT_S_010002,False,nvenc_qp23,h264_nvenc,True,248,d1,1.0,247,14227200,14227175,14128728,14128726,77,482,14219138,94448,54776,14227200,15952,5.41217775138072e-06,0.006638563172239043,5.449889820214505e-06,0.9930786099865048,0.003850089968511021,0.0011212325686009896,0.0011290471442298273,0.15975103734439833,135060,14227200,0.00949308367071525
VIRAT_S_010002_01_000123_000148,VIRAT_S_010002,False,nvenc_qp23,h264_nvenc,True,248,d1,2.0,247,14227200,14227175,14158064,14158061,167,482,14219138,68060,42112,14227200,20211,1.1738099798449095e-05,0.004783802828038595,1.1795400514237084e-05,0.9951405757984705,0.0029599640125955915,0.0014205887314439945,0.0014275256843025996,0.34647302904564314,121608,14227200,0.008547570850202428
VIRAT_S_010002_01_000123_000148,VIRAT_S_010002,False,nvenc_qp28,h264_nvenc,True,248,d1,0.5,247,14227200,14227175,14089352,14089351,62,482,14219138,131905,132544,14227200,10017,4.357857410202658e-06,0.009271341640206154,4.400486580254832e-06,0.9903109536662168,0.009316239316239316,0.0007040738866396761,0.0007109624346101935,0.12863070539419086,233008,14227200,0.016377642825011245
VIRAT_S_010002_01_000123_000148,VIRAT_S_010002,False,nvenc_qp28,h264_nvenc,True,248,d1,1.0,247,14227200,14227175,14161176,14161175,80,482,14219138,61882,67880,14227200,15594,5.623041819616333e-06,0.004349563423518723,5.649248738187333e-06,0.9953593117408907,0.004771142600089968,0.0010960695006747639,0.001101179732530688,0.16597510373443983,171764,14227200,0.012072930724246514
VIRAT_S_010002_01_000123_000148,VIRAT_S_010002,False,nvenc_qp28,h264_nvenc,True,248,d1,2.0,247,14227200,14227175,14188956,14188954,178,482,14219138,37044,48012,14227200,20170,1.2511268048646341e-05,0.002603749514573343,1.2544969840623911e-05,0.9973119095816464,0.0033746626180836707,0.0014177069275753487,0.0014215281237040978,0.36929460580912865,150636,14227200,0.010587887989203779
VIRAT_S_010002_01_000123_000148,VIRAT_S_010002,False,nvenc_qp28_bf2_bqeq,h264_nvenc,True,248,B,0.5,164,9446400,9446389,9327220,9327214,80,156,9442495,116709,173348,9446400,6152,8.468844550018001e-06,0.012354879732350638,8.577052054343343e-06,0.9873835535230352,0.018350694444444444,0.0006512533875338753,0.0006595748786883981,0.5128205128205128,246152,9446400,0.026057757452574527
VIRAT_S_010002_01_000123_000148,VIRAT_S_010002,False,nvenc_qp28_bf2_bqeq,h264_nvenc,True,248,B,1.0,164,9446400,9446389,9399884,9399878,88,156,9442495,44990,87708,9446400,8898,9.315729005019802e-06,0.004762666453816374,9.361823632179056e-06,0.9950757960704607,0.009284806910569106,0.0009419461382113822,0.0009466074262193023,0.5641025641025641,162924,9446400,0.017247205284552845
VIRAT_S_010002_01_000123_000148,VIRAT_S_010002,False,nvenc_qp28_bf2_bqeq,h264_nvenc,True,248,B,2.0,164,9446400,9446389,9427556,9427549,89,156,9442495,18223,57436,9446400,11035,9.421589561895026e-06,0.0019290969279372255,9.440417652562717e-06,0.9980051659891599,0.006080199864498645,0.0011681698848238482,0.0011705048477039012,0.5705128205128205,130868,9446400,0.01385374322493225
VIRAT_S_010002_01_000123_000148,VIRAT_S_010002,False,nvenc_qp28_bf2_bqeq,h264_nvenc,True,248,dgt1,0.5,82,4723200,4723186,4604588,4604587,30,326,4719070,115515,109564,4723200,3460,6.351644843120724e-06,0.024457008468436348,6.515242300775292e-06,0.974887364498645,0.02319698509485095,0.0007325542005420054,0.0007514244488323385,0.09202453987730061,134924,4723200,0.028566226287262873
VIRAT_S_010002_01_000123_000148,VIRAT_S_010002,False,nvenc_qp28_bf2_bqeq,h264_nvenc,True,248,dgt1,1.0,82,4723200,4723186,4666816,4666815,30,326,4719070,53436,53496,4723200,4730,6.351644843120724e-06,0.011313549794566634,6.428367098331518e-06,0.9880623306233063,0.011326219512195122,0.001001439701897019,0.0010135389953235781,0.09202453987730061,79148,4723200,0.016757283197831978
VIRAT_S_010002_01_000123_000148,VIRAT_S_010002,False,nvenc_qp28_bf2_bqeq,h264_nvenc,True,248,dgt1,2.0,82,4723200,4723186,4685588,4685587,44,326,4719070,35092,39044,4723200,6005,9.315745769910395e-06,0.007429730694493082,9.39049899190859e-06,0.9920367547425474,0.008266429539295394,0.001271383807588076,0.0012815894184465217,0.13496932515337423,64796,4723200,0.013718665311653116
VIRAT_S_010002_01_000123_000148,VIRAT_S_010002,False,nvenc_qp28_bf2_bqeq,h264_nvenc,True,248,d1,0.5,1,57600,57600,57184,57184,0,0,57573,397,464,57600,17,0.0,0.006892361111111111,0.0,0.9927777777777778,0.008055555555555555,0.0002951388888888889,0.00029728595411303863,,1028,57600,0.017847222222222223
VIRAT_S_010002_01_000123_000148,VIRAT_S_010002,False,nvenc_qp28_bf2_bqeq,h264_nvenc,True,248,d1,1.0,1,57600,57600,57476,57476,0,0,57573,124,252,57600,41,0.0,0.0021527777777777778,0.0,0.9978472222222222,0.004375,0.0007118055555555556,0.0007133412206834157,,820,57600,0.01423611111111111
VIRAT_S_010002_01_000123_000148,VIRAT_S_010002,False,nvenc_qp28_bf2_bqeq,h264_nvenc,True,248,d1,2.0,1,57600,57600,57540,57540,0,0,57573,60,124,57600,41,0.0,0.0010416666666666667,0.0,0.9989583333333333,0.0021527777777777778,0.0007118055555555556,0.0007125477928397637,,660,57600,0.011458333333333333
VIRAT_S_010002_01_000123_000148,VIRAT_S_010002,False,nvenc_qp45,h264_nvenc,True,248,d1,0.5,247,14227200,14227175,14181076,14181075,93,482,14219138,42766,171492,14227200,12859,6.536786115303987e-06,0.0030059375807214013,6.558035974000561e-06,0.9967580409356726,0.012053812415654522,0.0009038320962663068,0.0009067718133659251,0.19294605809128632,281404,14227200,0.01977929599640126
VIRAT_S_010002_01_000123_000148,VIRAT_S_010002,False,nvenc_qp45,h264_nvenc,True,248,d1,1.0,247,14227200,14227175,14203548,14203547,108,482,14219138,20819,91436,14227200,15972,7.59110645648205e-06,0.0014633263455324055,7.603734475620773e-06,0.9983375506072875,0.006426844354475933,0.001122638326585695,0.0011245077638347826,0.22406639004149378,202832,14227200,0.014256635177687809
VIRAT_S_010002_01_000123_000148,VIRAT_S_010002,False,nvenc_qp45,h264_nvenc,True,248,d1,2.0,247,14227200,14227175,14216436,14216430,179,482,14219138,9319,64476,14227200,19636,1.2581556071391545e-05,0.0006550140839625576,1.2591065408122856e-05,0.9992434210526315,0.004531882591093117,0.0013801731893837157,0.0013812181899879828,0.37136929460580914,173268,14227200,0.012178643724696356
VIRAT_S_010002_01_000123_000148,VIRAT_S_010002,False,x264_crf12,libx264,True,248,d1,0.5,247,14227200,14227175,14070192,14070189,106,482,14219138,151506,0,14227200,12598,7.450530410991641e-06,0.010649057174034901,7.533658574166985e-06,0.9889642375168691,0.0,0.0008854869545659019,0.0008953680234072143,0.21991701244813278,136200,14227200,0.009573211875843455
VIRAT_S_010002_01_000123_000148,VIRAT_S_010002,False,x264_crf12,libx264,True,248,d1,1.0,247,14227200,14227175,14145024,14145020,115,482,14219138,78544,0,14227200,17293,8.083122615698479e-06,0.0055207024584993155,8.130069805486312e-06,0.9942240215924426,0.0,0.0012154886414754837,0.0012225500642487422,0.23858921161825727,125700,14227200,0.008835188933873145
VIRAT_S_010002_01_000123_000148,VIRAT_S_010002,False,x264_crf12,libx264,True,248,d1,2.0,247,14227200,14227175,14170032,14170026,203,482,14219138,56377,0,14227200,20865,1.4268468617276444e-05,0.003962627858306375,1.4326014645280114e-05,0.9959817813765183,0.0,0.0014665570175438597,0.0014724737389442734,0.4211618257261411,120672,14227200,0.008481781376518218
VIRAT_S_010002_01_000123_000148,VIRAT_S_010002,False,x264_crf45,libx264,True,248,d1,0.5,247,14227200,14227175,14122068,14122063,141,482,14219138,102445,234532,14227200,14910,9.910611207073787e-06,0.00720065649013244,9.984376928498336e-06,0.9926104925775978,0.016484761583445796,0.0010479925775978408,0.0010557943779905322,0.2925311203319502,345108,14227200,0.02425691632928475
VIRAT_S_010002_01_000123_000148,VIRAT_S_010002,False,x264_crf45,libx264,True,248,d1,1.0,247,14227200,14227175,14204152,14204147,159,482,14219138,20707,92872,14227200,17331,1.117579561648746e-05,0.0014554540869849426,1.1193914002720473e-05,0.9983800044984256,0.006527777777777778,0.0012181595816464239,0.0012201361967965423,0.32987551867219916,204884,14227200,0.014400865946918579
VIRAT_S_010002_01_000123_000148,VIRAT_S_010002,False,x264_crf45,libx264,True,248,d1,2.0,247,14227200,14227175,14218344,14218334,233,482,14219138,7601,62280,14227200,19961,1.637710929963257e-05,0.0005342592608862969,1.638729263217477e-05,0.9993775303643725,0.00437753036437247,0.0014030167566351777,0.0014038906359277845,0.483402489626556,171368,14227200,0.012045096716149348
VIRAT_S_010002_01_000123_000148,VIRAT_S_010002,False,x264_qp24,libx264,True,248,d1,0.5,247,14227200,14227175,14066356,14066353,102,482,14219138,155056,92788,14227200,11083,7.169378320010825e-06,0.010898579654780376,7.251346528840844e-06,0.9886946131354026,0.006521873594242015,0.0007790007872244714,0.0007879083964603199,0.21161825726141079,197564,14227200,0.01388635852451642
VIRAT_S_010002_01_000123_000148,VIRAT_S_010002,False,x264_qp24,libx264,True,248,d1,1.0,247,14227200,14227175,14142536,14142533,116,482,14219138,80739,41400,14227200,16527,8.153410638443682e-06,0.0056749846684250385,8.20220819000387e-06,0.9940491452991453,0.002909919028340081,0.0011616481106612685,0.0011686022931106557,0.24066390041493776,150140,14227200,0.010553025191183086
VIRAT_S_010002_01_000123_000148,VIRAT_S_010002,False,x264_qp24,libx264,True,248,d1,2.0,247,14227200,14227175,14173012,14173008,211,482,14219138,53274,24772,14227200,20697,1.4830772799238079e-05,0.0037445241237280065,1.4887453672501984e-05,0.9961912393162393,0.0017411718398560503,0.0014547486504723347,0.0014603106241637275,0.43775933609958506,133436,14227200,0.009378936122357176
VIRAT_S_010002_01_000123_000148,VIRAT_S_010002,False,x264_qp24_bf2_pb1,libx264,True,248,B,0.5,164,9446400,9446389,9394136,9394134,78,156,9442495,49923,123064,9446400,6129,8.257123436267552e-06,0.005284876580881859,8.303053799317745e-06,0.994467310298103,0.013027608401084011,0.0006488185975609756,0.0006524282807913362,0.5,196684,9446400,0.02082105352303523
VIRAT_S_010002_01_000123_000148,VIRAT_S_010002,False,x264_qp24_bf2_pb1,libx264,True,248,B,1.0,164,9446400,9446389,9424916,9424914,78,156,9442495,20061,69308,9446400,8908,8.257123436267552e-06,0.0021236686314738892,8.275937584151962e-06,0.9977256944444445,0.0073369749322493225,0.0009430047425474255,0.0009451543122506343,0.5,144884,9446400,0.015337483062330624
VIRAT_S_010002_01_000123_000148,VIRAT_S_010002,False,x264_qp24_bf2_pb1,libx264,True,248,B,2.0,164,9446400,9446389,9437556,9437552,84,156,9442495,8372,51780,9446400,11220,8.892286777518901e-06,0.0008862645821593838,8.900613209866287e-06,0.9990637703252032,0.005481453252032521,0.0011877540650406504,0.001188867117715646,0.5384615384615384,125348,9446400,0.013269393631436314
VIRAT_S_010002_01_000123_000148,VIRAT_S_010002,False,x264_qp24_bf2_pb1,libx264,True,248,dgt1,0.5,82,4723200,4723186,4576284,4576283,31,326,4719070,143939,132564,4723200,3859,6.563366337891415e-06,0.030474980235798463,6.77405658697244e-06,0.9688948170731707,0.028066565040650405,0.0008170308265582656,0.0008432606018332778,0.0950920245398773,151644,4723200,0.03210619918699187
VIRAT_S_010002_01_000123_000148,VIRAT_S_010002,False,x264_qp24_bf2_pb1,libx264,True,248,dgt1,1.0,82,4723200,4723186,4646380,4646379,55,326,4719070,73991,70532,4723200,5262,1.1644682212387994e-05,0.015665485119578184,1.1837174711748655e-05,0.9837356029810298,0.01493309620596206,0.0011140752032520326,0.0011324945441397389,0.1687116564417178,90624,4723200,0.0191869918699187
VIRAT_S_010002_01_000123_000148,VIRAT_S_010002,False,x264_qp24_bf2_pb1,libx264,True,248,dgt1,2.0,82,4723200,4723186,4669388,4669387,67,326,4719070,51486,52628,4723200,6555,1.4185340149636284e-05,0.010900692879763786,1.4348778544164362e-05,0.9886068766937669,0.011142445799457995,0.0013878302845528455,0.001403824227072156,0.20552147239263804,73500,4723200,0.015561483739837399
VIRAT_S_010002_01_000123_000148,VIRAT_S_010002,False,x264_qp24_bf2_pb1,libx264,True,248,d1,0.5,1,57600,57600,57084,57084,0,0,57573,498,412,57600,22,0.0,0.008645833333333333,0.0,0.9910416666666667,0.007152777777777778,0.00038194444444444446,0.00038539695886763366,,840,57600,0.014583333333333334
VIRAT_S_010002_01_000123_000148,VIRAT_S_010002,False,x264_qp24_bf2_pb1,libx264,True,248,d1,1.0,1,57600,57600,57352,57352,0,0,57573,248,248,57600,42,0.0,0.0043055555555555555,0.0,0.9956944444444444,0.0043055555555555555,0.0007291666666666667,0.0007323197098619054,,656,57600,0.01138888888888889
VIRAT_S_010002_01_000123_000148,VIRAT_S_010002,False,x264_qp24_bf2_pb1,libx264,True,248,d1,2.0,1,57600,57600,57472,57472,0,0,57573,128,128,57600,42,0.0,0.0022222222222222222,0.0,0.9977777777777778,0.0022222222222222222,0.0007291666666666667,0.0007307906458797328,,600,57600,0.010416666666666666
VIRAT_S_010002_02_000174_000204,VIRAT_S_010002,True,nvenc_qp18,h264_nvenc,True,300,d1,0.5,298,17164800,17163641,16716368,16716319,470,23647,17057230,349900,164700,17164800,13626,2.73834671792541e-05,0.020386117374512784,2.811623779134629e-05,0.9738749067859807,0.009595218120805368,0.0007938338926174497,0.000815129219457241,0.019875671332515752,0,17164800,0.0
VIRAT_S_010002_02_000174_000204,VIRAT_S_010002,True,nvenc_qp18,h264_nvenc,True,300,d1,1.0,298,17164800,17163641,16828908,16828827,774,23647,17057230,254767,153068,17164800,30522,4.5095326801580156e-05,0.014843412303951125,4.5992510351434476e-05,0.9804313478747203,0.008917552199850857,0.001778173937360179,0.0018136649151567054,0.03273142470503658,0,17164800,0.0
VIRAT_S_010002_02_000174_000204,VIRAT_S_010002,True,nvenc_qp18,h264_nvenc,True,300,d1,2.0,298,17164800,17163641,16925660,16925454,3296,23647,17057230,202841,147208,17164800,65475,0.00019203384643153511,0.011818063544908683,0.00019473628299719465,0.986067999627144,0.008576155853840417,0.0038144924496644294,0.0038683868162305043,0.13938343130206793,0,17164800,0.0
VIRAT_S_010002_02_000174_000204,VIRAT_S_010002,True,nvenc_qp23,h264_nvenc,True,300,d1,0.5,298,17164800,17163641,16841940,16841886,416,23647,17057230,223926,106432,17164800,12576,2.423728158844618e-05,0.013046532492726921,2.4700321567311405e-05,0.9811905760626398,0.0062005965697240865,0.0007326621923937361,0.0007467073270656468,0.017592083562396922,198972,17164800,0.011591862416107383
VIRAT_S_010002_02_000174_000204,VIRAT_S_010002,True,nvenc_qp23,h264_nvenc,True,300,d1,1.0,298,17164800,17163641,16947456,16947368,703,23647,17057230,135265,73080,17164800,29402,4.0958675376629e-05,0.007880903591493203,4.1481367490220314e-05,0.987337807606264,0.0042575503355704696,0.0017129241237882177,0.0017348916557151704,0.029728929673954414,166764,17164800,0.009715464205816555
VIRAT_S_010002_02_000174_000204,VIRAT_S_010002,True,nvenc_qp23,h264_nvenc,True,300,d1,2.0,298,17164800,17163641,17041592,17041384,3249,23647,17057230,85892,56548,17164800,64430,0.0001892954997136097,0.005004299495660624,0.00019065352907956303,0.9928220544369873,0.003294416480238628,0.003753612043251305,0.0037807500613792422,0.13739586416881633,148444,17164800,0.008648163683818046
VIRAT_S_010002_02_000174_000204,VIRAT_S_010002,True,nvenc_qp28,h264_nvenc,True,300,d1,0.5,298,17164800,17163641,16881472,16881412,419,23647,17057230,184482,152604,17164800,12172,2.44120696768244e-05,0.010748418706730116,2.4820198689540897e-05,0.9834936614466816,0.008890520134228188,0.0007091256524981357,0.0007210271710902936,0.017718949549625745,266328,17164800,0.015515939597315436
VIRAT_S_010002_02_000174_000204,VIRAT_S_010002,True,nvenc_qp28,h264_nvenc,True,300,d1,1.0,298,17164800,17163641,16983368,16983284,689,23647,17057230,99073,91968,17164800,28778,4.014299763086399e-05,0.005772260093298386,4.056930332201946e-05,0.9894299962714392,0.005357941834451901,0.0016765706562266965,0.0016944813302049394,0.029136888400219902,208044,17164800,0.012120385906040268
VIRAT_S_010002_02_000174_000204,VIRAT_S_010002,True,nvenc_qp28,h264_nvenc,True,300,d1,2.0,298,17164800,17163641,17072568,17072359,3119,23647,17057230,54652,67612,17164800,64160,0.00018172134921722028,0.003184172868682117,0.00018269297172113122,0.994626677852349,0.0039389914243102165,0.003737882177479493,0.0037580755279463525,0.1318983380555673,182044,17164800,0.010605658090976883
VIRAT_S_010002_02_000174_000204,VIRAT_S_010002,True,nvenc_qp28_bf2_bqeq,h264_nvenc,True,300,B,0.5,198,11404800,11403949,11184096,11183840,2753,16977,11336936,167986,221600,11404800,16213,0.00024140760362923404,0.014730511334275522,0.00024615874332966134,0.9806481481481482,0.019430415263748595,0.0014215944163860831,0.0014496477855697948,0.16216057018318902,306172,11404800,0.026845889450056115
VIRAT_S_010002_02_000174_000204,VIRAT_S_010002,True,nvenc_qp28_bf2_bqeq,h264_nvenc,True,300,B,1.0,198,11404800,11403949,11279968,11279688,3452,16977,11336936,81375,133252,11404800,25387,0.0003027021604533658,0.007135686068045376,0.00030603683364291634,0.9890544332210999,0.01168385241301908,0.0022259925645342314,0.0022506269521331977,0.2033339223655534,219052,11404800,0.01920700056116723
VIRAT_S_010002_02_000174_000204,VIRAT_S_010002,True,nvenc_qp28_bf2_bqeq,h264_nvenc,True,300,B,2.0,198,11404800,11403949,11344200,11343788,7135,16977,11336936,39697,93728,11404800,44053,0.0006256604620031184,0.003480987156291211,0.0006289786092617387,0.9946864478114478,0.008218294051627386,0.003862671857463524,0.003883306006593678,0.4202744890145491,179180,11404800,0.015710928731762067
VIRAT_S_010002_02_000174_000204,VIRAT_S_010002,True,nvenc_qp28_bf2_bqeq,h264_nvenc,True,300,dgt1,0.5,99,5702400,5702092,5527432,5527428,71,6670,5662694,137640,128680,5702400,3206,1.2451570406089554e-05,0.024138509164706567,1.284503389279788e-05,0.9693167789001123,0.022565937149270483,0.000562219416386083,0.0005800161811126758,0.010644677661169416,157580,5702400,0.027633978675645342
VIRAT_S_010002_02_000174_000204,VIRAT_S_010002,True,nvenc_qp28_bf2_bqeq,h264_nvenc,True,300,dgt1,1.0,99,5702400,5702092,5587240,5587236,77,6670,5662694,78962,82908,5702400,4237,1.3503815792519657e-05,0.013847900033882301,1.3781411774981404e-05,0.9798049943883277,0.014539141414141414,0.0007430204826038159,0.0007583350634660404,0.011544227886056972,112652,5702400,0.019755190796857464
VIRAT_S_010002_02_000174_000204,VIRAT_S_010002,True,nvenc_qp28_bf2_bqeq,h264_nvenc,True,300,dgt1,2.0,99,5702400,5702092,5613368,5613361,121,6670,5662694,55571,81232,5702400,6758,2.122028195967375e-05,0.009745721394884544,2.155571323490508e-05,0.9843869248035915,0.014245230078563412,0.001185115039281706,0.0012039118048202077,0.018140929535232383,109780,5702400,0.019251543209876543
VIRAT_S_010002_02_000174_000204,VIRAT_S_010002,True,nvenc_qp28_bf2_bqeq,h264_nvenc,True,300,d1,0.5,1,57600,57600,56712,56712,0,0,57600,888,676,57600,40,0.0,0.015416666666666667,0.0,0.9845833333333334,0.01173611111111111,0.0006944444444444445,0.0007053180984624065,,832,57600,0.014444444444444444
VIRAT_S_010002_02_000174_000204,VIRAT_S_010002,True,nvenc_qp28_bf2_bqeq,h264_nvenc,True,300,d1,1.0,1,57600,57600,57184,57184,0,0,57600,416,320,57600,90,0.0,0.007222222222222222,0.0,0.9927777777777778,0.005555555555555556,0.0015625,0.0015738668158925574,,500,57600,0.008680555555555556
VIRAT_S_010002_02_000174_000204,VIRAT_S_010002,True,nvenc_qp28_bf2_bqeq,h264_nvenc,True,300,d1,2.0,1,57600,57600,57452,57452,0,0,57600,148,216,57600,141,0.0,0.0025694444444444445,0.0,0.9974305555555556,0.00375,0.002447916666666667,0.0024542226554341014,,400,57600,0.006944444444444444
VIRAT_S_010002_02_000174_000204,VIRAT_S_010002,True,nvenc_qp45,h264_nvenc,True,300,d1,0.5,298,17164800,17163641,16976272,16976196,1177,23647,17057230,99652,209108,17164800,19002,6.857519334038739e-05,0.005805994194355382,6.933237575720732e-05,0.9890165920954511,0.012182373228933632,0.0011070329977628636,0.0011193270230354462,0.049773755656108594,335800,17164800,0.0195632923191648
VIRAT_S_010002_02_000174_000204,VIRAT_S_010002,True,nvenc_qp45,h264_nvenc,True,300,d1,1.0,298,17164800,17163641,17032288,17032187,1554,23647,17057230,58147,135184,17164800,33971,9.054022977991674e-05,0.0033878009916427404,9.123901704461089e-05,0.9922800149142431,0.007875652498135719,0.001979108407904549,0.001994505964201639,0.0657165813845308,262652,17164800,0.01530178038777032
VIRAT_S_010002_02_000174_000204,VIRAT_S_010002,True,nvenc_qp45,h264_nvenc,True,300,d1,2.0,298,17164800,17163641,17100704,17100474,4434,23647,17057230,26476,96684,17164800,64469,0.0002583367946230057,0.001542563142633897,0.0002592910582478591,0.9962658463832961,0.005632690156599553,0.0037558841349739002,0.0037699617512822864,0.1875079291242018,221684,17164800,0.012915035421327367
VIRAT_S_010002_02_000174_000204,VIRAT_S_010002,True,x264_crf12,libx264,True,300,d1,0.5,298,17164800,17163641,16847276,16847209,739,23647,17057230,220268,0,17164800,15962,4.305613243716761e-05,0.012833407550297748,4.386483244791467e-05,0.9815014448173005,0.0,0.0009299263609246831,0.0009474528701257105,0.0312513215207003,164700,17164800,0.009595218120805368
VIRAT_S_010002_02_000174_000204,VIRAT_S_010002,True,x264_crf12,libx264,True,300,d1,1.0,298,17164800,17163641,16960112,16960011,1077,23647,17057230,124997,0,17164800,32801,6.274892372778014e-05,0.007282662227670691,6.350231730392156e-05,0.9880751304996271,0.0,0.0019109456562266965,0.0019340084546611484,0.045544889415147796,153068,17164800,0.008917552199850857
VIRAT_S_010002_02_000174_000204,VIRAT_S_010002,True,x264_crf12,libx264,True,300,d1,2.0,298,17164800,17163641,17054388,17054145,3754,23647,17057230,76095,0,17164800,68151,0.00021871816125727635,0.004433499861713491,0.00022012243944214148,0.993567533557047,0.0,0.003970392897091723,0.003996097661200156,0.15875163868566838,147208,17164800,0.008576155853840417
VIRAT_S_010002_02_000174_000204,VIRAT_S_010002,True,x264_crf45,libx264,True,300,d1,0.5,298,17164800,17163641,16936128,16936024,2634,23647,17057230,147103,274908,17164800,28544,0.0001534639415960751,0.008570617388233651,0.0001555264683139325,0.9866778523489933,0.016015799776286352,0.001662938105891126,0.0016853911354472522,0.11138833678690743,403128,17164800,0.023485738255033556
VIRAT_S_010002_02_000174_000204,VIRAT_S_010002,True,x264_crf45,libx264,True,300,d1,1.0,298,17164800,17163641,17040288,17040154,3384,23647,17057230,58866,156232,17164800,42938,0.0001971609636906295,0.0034296918701573866,0.00019858975452921376,0.9927460850111857,0.009101882923191649,0.0025015147278150632,0.0025197930926989026,0.1431048335941134,285524,17164800,0.016634274794929158
VIRAT_S_010002_02_000174_000204,VIRAT_S_010002,True,x264_crf45,libx264,True,300,d1,2.0,298,17164800,17163641,17108704,17108414,7031,23647,17057230,23429,103100,17164800,69364,0.0004096450164624161,0.0013650367075377539,0.0004109673754680007,0.9967319164802386,0.006006478374347502,0.004041060775540641,0.004054310601200419,0.29733158540195376,230132,17164800,0.013407205443698732
VIRAT_S_010002_02_000174_000204,VIRAT_S_010002,True,x264_qp24,libx264,True,300,d1,0.5,298,17164800,17163641,16841700,16841627,519,23647,17057230,224649,124048,17164800,13643,3.0238339289431654e-05,0.013088656422026073,3.081650009230106e-05,0.9811765939597316,0.007226882923191648,0.0007948242915734526,0.0008100726173723555,0.021947815790586543,242564,17164800,0.014131478374347502
VIRAT_S_010002_02_000174_000204,VIRAT_S_010002,True,x264_qp24,libx264,True,300,d1,1.0,298,17164800,17163641,16956156,16956060,857,23647,17057230,127349,66236,17164800,30899,4.9931130580044174e-05,0.007419696088959213,5.0542401949509496e-05,0.987844658836689,0.0038588273676360926,0.001800137490678598,0.0018222880232996205,0.036241383685034045,189064,17164800,0.011014634601043996
VIRAT_S_010002_02_000174_000204,VIRAT_S_010002,True,x264_qp24,libx264,True,300,d1,2.0,298,17164800,17163641,17056572,17056325,3471,23647,17057230,73390,41712,17164800,67561,0.00020222981825359783,0.004275899268692465,0.00020350221985099368,0.9936947706935123,0.002430089485458613,0.003936020227442208,0.003960995210526477,0.14678394722374932,165792,17164800,0.009658836689038032
VIRAT_S_010002_02_000174_000204,VIRAT_S_010002,True,x264_qp24_bf2_pb1,libx264,True,300,B,0.5,198,11404800,11403949,11264560,11264307,3038,16977,11336936,87662,154312,11404800,16705,0.00026639894654036073,0.007686986323772581,0.0002697014561126574,0.9877034231200897,0.01353044332210999,0.0014647341470258137,0.0014829695966819831,0.17894798845496848,239260,11404800,0.02097888608305275
VIRAT_S_010002_02_000174_000204,VIRAT_S_010002,True,x264_qp24_bf2_pb1,libx264,True,300,B,1.0,198,11404800,11403949,11311892,11311610,3675,16977,11336936,49743,106552,11404800,26041,0.0003222567901697912,0.004361910071677802,0.00032488743865815743,0.9918536054994388,0.009342732884399551,0.0022833368406285073,0.002302090578658283,0.21646934087294575,192464,11404800,0.016875701459034793
VIRAT_S_010002_02_000174_000204,VIRAT_S_010002,True,x264_qp24_bf2_pb1,libx264,True,300,B,2.0,198,11404800,11403949,11360468,11360040,6869,16977,11336936,23462,81460,11404800,44517,0.0006023352086194001,0.002057357499581943,0.0006046633638613949,0.9961128647586981,0.007142606621773288,0.0039033564814814816,0.003918588565189392,0.40460623196088824,166888,11404800,0.014633136924803591
VIRAT_S_010002_02_000174_000204,VIRAT_S_010002,True,x264_qp24_bf2_pb1,libx264,True,300,dgt1,0.5,99,5702400,5702092,5491628,5491622,96,6670,5662694,173704,151468,5702400,3836,1.683592618288165e-05,0.030463205434075775,1.7481174050216857e-05,0.9630380190796858,0.026562149270482605,0.0006726992143658811,0.0006985178165746114,0.0143928035982009,174792,5702400,0.030652356902356903
VIRAT_S_010002_02_000174_000204,VIRAT_S_010002,True,x264_qp24_bf2_pb1,libx264,True,300,dgt1,1.0,99,5702400,5702092,5561176,5561170,132,6670,5662694,105464,101716,5702400,5030,2.3149398501462272e-05,0.018495667905744067,2.3736012385882827e-05,0.9752342873176206,0.01783740179573513,0.0008820847362514029,0.0009044849506651111,0.019790104947526237,125836,5702400,0.02206719977553311
VIRAT_S_010002_02_000174_000204,VIRAT_S_010002,True,x264_qp24_bf2_pb1,libx264,True,300,dgt1,2.0,99,5702400,5702092,5595692,5595683,190,6670,5662694,74204,94580,5702400,8020,3.3321103903619935e-05,0.01301346944244323,3.395474690042306e-05,0.981287177328844,0.016585998877665546,0.001406425364758698,0.0014332454323790515,0.02848575712143928,118744,5702400,0.02082351290684624
VIRAT_S_010002_02_000174_000204,VIRAT_S_010002,True,x264_qp24_bf2_pb1,libx264,True,300,d1,0.5,1,57600,57600,56336,56336,0,0,57600,1264,860,57600,47,0.0,0.021944444444444444,0.0,0.9780555555555556,0.014930555555555556,0.0008159722222222223,0.000834280034081227,,1168,57600,0.020277777777777777
VIRAT_S_010002_02_000174_000204,VIRAT_S_010002,True,x264_qp24_bf2_pb1,libx264,True,300,d1,1.0,1,57600,57600,57028,57028,0,0,57600,572,420,57600,96,0.0,0.009930555555555555,0.0,0.9900694444444444,0.007291666666666667,0.0016666666666666668,0.0016833836010380866,,600,57600,0.010416666666666666
VIRAT_S_010002_02_000174_000204,VIRAT_S_010002,True,x264_qp24_bf2_pb1,libx264,True,300,d1,2.0,1,57600,57600,57476,57476,0,0,57600,124,144,57600,157,0.0,0.0021527777777777778,0.0,0.9978472222222222,0.0025,0.0027256944444444446,0.002731574918226738,,392,57600,0.006805555555555555
VIRAT_S_010002_03_000236_000261,VIRAT_S_010002,False,nvenc_qp18,h264_nvenc,True,207,d1,0.5,206,11865600,11865484,11454736,11454721,107,1163,11856149,403618,146624,11865600,14267,9.017752668159175e-06,0.03401614295716888,9.3411266847966e-06,0.9653735167206041,0.012357065803667746,0.0012023833603020497,0.001245511027054661,0.09200343938091143,0,11865600,0.0
VIRAT_S_010002_03_000236_000261,VIRAT_S_010002,False,nvenc_qp18,h264_nvenc,True,207,d1,1.0,206,11865600,11865484,11602728,11602709,160,1163,11856149,257103,122624,11865600,22804,1.348448997107914e-05,0.021668142656464752,1.3789883035073964e-05,0.9778458737864077,0.010334412081984897,0.0019218581445523194,0.001965399861136105,0.13757523645743766,0,11865600,0.0
VIRAT_S_010002_03_000236_000261,VIRAT_S_010002,False,nvenc_qp18,h264_nvenc,True,207,d1,2.0,206,11865600,11865484,11667176,11667147,341,1163,11856149,196165,113744,11865600,29263,2.8738819250862416e-05,0.016532406094854624,2.922736809607353e-05,0.9832773732470335,0.009586030204962244,0.0024662048274002157,0.002508147644297129,0.293207222699914,0,11865600,0.0
VIRAT_S_010002_03_000236_000261,VIRAT_S_010002,False,nvenc_qp23,h264_nvenc,True,207,d1,0.5,206,11865600,11865484,11545360,11545345,123,1163,11856149,312923,141208,11865600,13360,1.0366201665267089e-05,0.026372544095124986,1.0653644390877881e-05,0.9730110571736785,0.01190062028047465,0.0011259439050701186,0.00115717483040806,0.1057609630266552,203184,11865600,0.01712378640776699
VIRAT_S_010002_03_000236_000261,VIRAT_S_010002,False,nvenc_qp23,h264_nvenc,True,207,d1,1.0,206,11865600,11865484,11687152,11687133,156,1163,11856149,172543,80040,11865600,22416,1.3147377721802161e-05,0.014541589706749425,1.3348012724763207e-05,0.9849608953613808,0.006745550161812297,0.00188915857605178,0.0019180036333916082,0.13413585554600171,148304,11865600,0.012498651564185545
VIRAT_S_010002_03_000236_000261,VIRAT_S_010002,False,nvenc_qp23,h264_nvenc,True,207,d1,2.0,206,11865600,11865484,11751328,11751300,284,1163,11856149,111863,53592,11865600,28986,2.3934969698665473e-05,0.009427596885217661,2.4167538910588617e-05,0.9903694714131608,0.004516585760517799,0.0024428600323624598,0.0024666148370635216,0.24419604471195186,120488,11865600,0.010154395900755123
VIRAT_S_010002_03_000236_000261,VIRAT_S_010002,False,nvenc_qp28,h264_nvenc,True,207,d1,0.5,206,11865600,11865484,11592308,11592296,108,1163,11856149,266070,224796,11865600,12828,9.10203073047842e-06,0.022423864041281417,9.316532290065747e-06,0.9769677049622438,0.018945186084142394,0.0010811084142394822,0.0011065958564938061,0.09286328460877043,307076,11865600,0.025879517259978425
VIRAT_S_010002_03_000236_000261,VIRAT_S_010002,False,nvenc_qp28,h264_nvenc,True,207,d1,1.0,206,11865600,11865484,11725868,11725854,149,1163,11856149,133781,117364,11865600,21959,1.2557431285567449e-05,0.011274803455130865,1.2706963603674411e-05,0.9882237729234088,0.00989111380798274,0.0018506438781014025,0.0018726971854023942,0.12811693895098883,207540,11865600,0.01749089805825243
VIRAT_S_010002_03_000236_000261,VIRAT_S_010002,False,nvenc_qp28,h264_nvenc,True,207,d1,2.0,206,11865600,11865484,11782820,11782800,305,1163,11856149,80376,78076,11865600,28847,2.570480900736961e-05,0.006773933536971606,2.5885188579964016e-05,0.9930235302049623,0.006580029665587918,0.0024311454962243797,0.002448225467248078,0.2622527944969905,167212,11865600,0.014092165587918015
VIRAT_S_010002_03_000236_000261,VIRAT_S_010002,False,nvenc_qp28_bf2_bqeq,h264_nvenc,True,207,B,0.5,137,7891200,7891112,7684604,7684573,337,877,7885173,202875,273720,7891200,11220,4.270627511052942e-05,0.025709304341390668,4.385409573179928e-05,0.9738194444444445,0.034686739659367395,0.0014218369829683698,0.0014600622231152054,0.38426453819840367,335356,7891200,0.04249746553122465
VIRAT_S_010002_03_000236_000261,VIRAT_S_010002,False,nvenc_qp28_bf2_bqeq,h264_nvenc,True,207,B,1.0,137,7891200,7891112,7800612,7800575,378,877,7885173,87600,144016,7891200,15829,4.790199404089056e-05,0.011101097031698448,4.845796623966823e-05,0.9885203771289538,0.018250202757502026,0.002005905312246553,0.0020291997602239413,0.43101482326111745,210728,7891200,0.02670417680454177
VIRAT_S_010002_03_000236_000261,VIRAT_S_010002,False,nvenc_qp28_bf2_bqeq,h264_nvenc,True,207,B,2.0,137,7891200,7891112,7851604,7851557,531,877,7885173,38301,90016,7891200,19241,6.729089639077484e-05,0.00485368855492103,6.762989812084405e-05,0.9949822587185726,0.011407137064071371,0.002438285685320357,0.002450582072147296,0.6054732041049031,156040,7891200,0.019773925385239255
VIRAT_S_010002_03_000236_000261,VIRAT_S_010002,False,nvenc_qp28_bf2_bqeq,h264_nvenc,True,207,dgt1,0.5,69,3974400,3974372,3757612,3757610,15,286,3970976,214707,188560,3974400,2856,3.7741811788126526e-06,0.05402287455728855,3.991899106080727e-06,0.9454539049919485,0.047443639291465375,0.0007185990338164251,0.0007600571852548906,0.05244755244755245,206260,3974400,0.05189714170692432
VIRAT_S_010002_03_000236_000261,VIRAT_S_010002,False,nvenc_qp28_bf2_bqeq,h264_nvenc,True,207,dgt1,1.0,69,3974400,3974372,3854920,3854918,15,286,3970976,117460,107820,3974400,4399,3.7741811788126526e-06,0.029554354750888946,3.891133352252888e-06,0.9699376006441224,0.027128623188405795,0.0011068337359098229,0.001141139115727434,0.05244755244755245,127092,3974400,0.03197765700483092
VIRAT_S_010002_03_000236_000261,VIRAT_S_010002,False,nvenc_qp28_bf2_bqeq,h264_nvenc,True,207,dgt1,2.0,69,3974400,3974372,3898588,3898586,15,286,3970976,73990,72208,3974400,6731,3.7741811788126526e-06,0.01861677769468988,3.847548829242192e-06,0.9809249194847021,0.018168276972624797,0.0016935889694041867,0.0017265225255913166,0.05244755244755245,91800,3974400,0.02309782608695652
VIRAT_S_010002_03_000236_000261,VIRAT_S_010002,False,nvenc_qp45,h264_nvenc,True,207,d1,0.5,206,11865600,11865484,11789080,11789026,338,1163,11856149,71079,311632,11865600,17300,2.8485985063904682e-05,0.005990400391589589,2.8670731576976758e-05,0.9935511057173678,0.026263484358144552,0.0014579962243797195,0.0014674597169584056,0.29062768701633707,408568,11865600,0.03443298274002157
VIRAT_S_010002_03_000236_000261,VIRAT_S_010002,False,nvenc_qp45,h264_nvenc,True,207,d1,1.0,206,11865600,11865484,11827484,11827429,375,1163,11856149,33700,166532,11865600,23464,3.160427336971673e-05,0.002840170700158544,3.1705960779811066e-05,0.996787688781014,0.014034857065803668,0.0019774811218985977,0.001983853877967622,0.32244196044711954,268972,11865600,0.02266821736785329
VIRAT_S_010002_03_000236_000261,VIRAT_S_010002,False,nvenc_qp45,h264_nvenc,True,207,d1,2.0,206,11865600,11865484,11851464,11851409,507,1163,11856149,12030,104280,11865600,29513,4.272897759585702e-05,0.001013865089700513,4.277972349110557e-05,0.9988086569579288,0.008788430420711974,0.0024872741370010787,0.0024902408681324096,0.43594153052450557,203496,11865600,0.017150080906148866
VIRAT_S_010002_03_000236_000261,VIRAT_S_010002,False,x264_crf12,libx264,True,207,d1,0.5,206,11865600,11865484,11554568,11554547,154,1163,11856149,303964,0,11865600,16020,1.2978821597163672e-05,0.025617496934806874,1.3328086336920001e-05,0.9737870819848975,0.0,0.001350121359223301,0.0013864646432475882,0.13241616509028376,146624,11865600,0.012357065803667746
VIRAT_S_010002_03_000236_000261,VIRAT_S_010002,False,x264_crf12,libx264,True,207,d1,1.0,206,11865600,11865484,11707048,11707022,220,1163,11856149,152997,0,11865600,24242,1.8541173710233817e-05,0.01289429070065747,1.8792140306902987e-05,0.9866376752966559,0.0,0.0020430488133764834,0.0020707184253451424,0.18916595012897677,122624,11865600,0.010334412081984897
VIRAT_S_010002_03_000236_000261,VIRAT_S_010002,False,x264_crf12,libx264,True,207,d1,2.0,206,11865600,11865484,11767840,11767804,425,1163,11856149,95798,0,11865600,30407,3.5818176485678964e-05,0.008073669814058996,3.6115489347035355e-05,0.9917610571736786,0.0,0.002562617988133765,0.0025839066472691675,0.3654342218400688,113744,11865600,0.009586030204962244
VIRAT_S_010002_03_000236_000261,VIRAT_S_010002,False,x264_crf45,libx264,True,207,d1,0.5,206,11865600,11865484,11753472,11753407,615,1163,11856149,107391,350392,11865600,21450,5.183100832633544e-05,0.009050705390526,5.232525343502526e-05,0.9905501618122977,0.029530070118662353,0.0018077467637540453,0.0018249926489806586,0.528804815133276,448280,11865600,0.03777980043149946
VIRAT_S_010002_03_000236_000261,VIRAT_S_010002,False,x264_crf45,libx264,True,207,d1,1.0,206,11865600,11865484,11830908,11830843,622,1163,11856149,31464,168252,11865600,26177,5.2420954762570155e-05,0.002651724952812713,5.2574444610582693e-05,0.9970762540453074,0.014179813915857604,0.002206125269687163,0.002212594333418872,0.5348237317282889,271292,11865600,0.022863740560949298
VIRAT_S_010002_03_000236_000261,VIRAT_S_010002,False,x264_crf45,libx264,True,207,d1,2.0,206,11865600,11865484,11851364,11851293,697,1163,11856149,12665,103876,11865600,30217,5.87418094365135e-05,0.0010673816592732333,5.881214817657449e-05,0.9988002292340885,0.00875438241639698,0.002546605312837109,0.002549664325557801,0.5993121238177128,203492,11865600,0.017149743797195253
VIRAT_S_010002_03_000236_000261,VIRAT_S_010002,False,x264_qp24,libx264,True,207,d1,0.5,206,11865600,11865484,11540152,11540133,130,1163,11856149,318250,178824,11865600,14152,1.0956148101501801e-05,0.026821493333099602,1.126503481372355e-05,0.9725721413160734,0.0150707928802589,0.0011926914778856526,0.001226327001585421,0.1117798796216681,269040,11865600,0.022673948220064726
VIRAT_S_010002_03_000236_000261,VIRAT_S_010002,False,x264_qp24,libx264,True,207,d1,1.0,206,11865600,11865484,11701040,11701018,176,1163,11856149,158828,77336,11865600,23324,1.4832938968187053e-05,0.013385716082040986,1.5041426310086865e-05,0.9861313376483279,0.006517664509169363,0.0019656823085221144,0.0019933270888741516,0.15133276010318142,173208,11865600,0.014597491909385113
VIRAT_S_010002_03_000236_000261,VIRAT_S_010002,False,x264_qp24,libx264,True,207,d1,2.0,206,11865600,11865484,11771208,11771178,390,1163,11856149,92289,41608,11865600,30112,3.28684443045054e-05,0.007777938093380767,3.31317732175998e-05,0.9920449029126214,0.0035066073354908306,0.0025377562028047465,0.0025581061858731915,0.3353396388650043,137920,11865600,0.0116235167206041
VIRAT_S_010002_03_000236_000261,VIRAT_S_010002,False,x264_qp24_bf2_pb1,libx264,True,207,B,0.5,137,7891200,7891112,7784372,7784337,330,877,7885173,103107,213568,7891200,11378,4.181920114680922e-05,0.0130662193110426,4.239282035194519e-05,0.9864623884833739,0.027064071370640715,0.0014418592862935928,0.0014616464886313245,0.37628278221208666,275812,7891200,0.03495184509326845
VIRAT_S_010002_03_000236_000261,VIRAT_S_010002,False,x264_qp24_bf2_pb1,libx264,True,207,B,1.0,137,7891200,7891112,7844544,7844507,370,877,7885173,43666,116660,7891200,15801,4.6888195225210335e-05,0.00553356738568658,4.7166762678648896e-05,0.9940875912408759,0.014783556366585564,0.0020023570559610706,0.0020142662212105636,0.4218928164196123,183884,7891200,0.02330241281427413
VIRAT_S_010002_03_000236_000261,VIRAT_S_010002,False,x264_qp24_bf2_pb1,libx264,True,207,B,2.0,137,7891200,7891112,7869996,7869946,510,877,7885173,19864,79200,7891200,19312,6.462967449961425e-05,0.002517262459333995,6.48034942044075e-05,0.9973129562043795,0.010036496350364963,0.0024472830494728305,0.002453876723698462,0.5815279361459521,145056,7891200,0.01838199513381995
VIRAT_S_010002_03_000236_000261,VIRAT_S_010002,False,x264_qp24_bf2_pb1,libx264,True,207,dgt1,0.5,69,3974400,3974372,3711216,3711214,23,286,3970976,261132,221732,3974400,3441,5.787077807512734e-06,0.06570396530571371,6.197432969373364e-06,0.933780193236715,0.05579005636070854,0.0008657910628019324,0.0009271893632706908,0.08041958041958042,232016,3974400,0.05837761674718196
VIRAT_S_010002_03_000236_000261,VIRAT_S_010002,False,x264_qp24_bf2_pb1,libx264,True,207,dgt1,1.0,69,3974400,3974372,3827824,3827820,36,286,3970976,144633,128212,3974400,5038,9.058034829150366e-06,0.03639140976234736,9.404830948163706e-06,0.9631199677938809,0.032259460547504025,0.0012676127214170693,0.001316152466780082,0.1258741258741259,140132,3974400,0.03525865539452496
VIRAT_S_010002_03_000236_000261,VIRAT_S_010002,False,x264_qp24_bf2_pb1,libx264,True,207,dgt1,2.0,69,3974400,3974372,3883612,3883608,36,286,3970976,89051,82760,3974400,7409,9.058034829150366e-06,0.022406307210296367,9.269730621628136e-06,0.9771568035426731,0.020823268921095008,0.0018641807568438003,0.0019077600954987264,0.1258741258741259,96232,3974400,0.024212962962962964
VIRAT_S_010002_04_000307_000350,VIRAT_S_010002,False,nvenc_qp18,h264_nvenc,True,300,d1,0.5,298,17164800,17164728,16694980,16694978,37,734,17156539,462685,173748,17164800,21385,2.1555832402354408e-06,0.02695556841914419,2.2162353253774876e-06,0.9726288683818046,0.010122343400447428,0.0012458636278896346,0.0012809239663659376,0.05040871934604905,0,17164800,0.0
VIRAT_S_010002_04_000307_000350,VIRAT_S_010002,False,nvenc_qp18,h264_nvenc,True,300,d1,1.0,298,17164800,17164728,16863604,16863600,38,734,17156539,297413,157276,17164800,30152,2.213842246728291e-06,0.017326985898057923,2.2533741312649733e-06,0.9824526938851603,0.009162705070842655,0.0017566181953765846,0.0017879926497325245,0.051771117166212535,0,17164800,0.0
VIRAT_S_010002_04_000307_000350,VIRAT_S_010002,False,nvenc_qp18,h264_nvenc,True,300,d1,2.0,298,17164800,17164728,16934024,16934013,185,734,17156539,229272,147368,17164800,37150,1.0777916201177206e-05,0.013357158936628649,1.0924758354679425e-05,0.9865552759134973,0.008585477255779269,0.0021643130126771065,0.0021938081580609547,0.25204359673024523,0,17164800,0.0
VIRAT_S_010002_04_000307_000350,VIRAT_S_010002,False,nvenc_qp23,h264_nvenc,True,300,d1,0.5,298,17164800,17164728,16818460,16818459,35,734,17156539,339211,129420,17164800,20600,2.0390652272497416e-06,0.01976209585144606,2.081046783180314e-06,0.9798226603281134,0.00753984899328859,0.001200130499627144,0.0012248446052730154,0.047683923705722074,227208,17164800,0.013236856823266219
VIRAT_S_010002_04_000307_000350,VIRAT_S_010002,False,nvenc_qp23,h264_nvenc,True,300,d1,1.0,298,17164800,17164728,16980064,16980061,36,734,17156539,180904,78328,17164800,29806,2.097324233742591e-06,0.010539287310582492,2.1201337262569318e-06,0.989237509321402,0.004563292319164802,0.001736460663683818,0.0017553526300018657,0.04904632152588556,179820,17164800,0.010476090604026846
VIRAT_S_010002_04_000307_000350,VIRAT_S_010002,False,nvenc_qp23,h264_nvenc,True,300,d1,2.0,298,17164800,17164728,17049956,17049945,183,734,17156539,113284,55340,17164800,37125,1.0661398188191506e-05,0.006599813291535992,1.073317245304897e-05,0.9933093307233408,0.003224039895600298,0.002162856543624161,0.002177424973999933,0.24931880108991825,154460,17164800,0.008998648396718866
VIRAT_S_010002_04_000307_000350,VIRAT_S_010002,False,nvenc_qp28,h264_nvenc,True,300,d1,0.5,298,17164800,17164728,16857708,16857707,39,734,17156539,299967,224292,17164800,19531,2.2721012532211404e-06,0.017475779400640663,2.3134818988134033e-06,0.9821092002237136,0.013066974272930649,0.0011378518829231916,0.0011585798021890045,0.05313351498637602,344520,17164800,0.020071308724832215
VIRAT_S_010002_04_000307_000350,VIRAT_S_010002,False,nvenc_qp28,h264_nvenc,True,300,d1,1.0,298,17164800,17164728,17021576,17021573,44,734,17156539,139431,111152,17164800,29635,2.5633962856853893e-06,0.008123111534304533,2.5849549862401082e-06,0.9916559470544369,0.006475577926920209,0.0017264984153616703,0.0017410256253592498,0.05994550408719346,237300,17164800,0.013824804250559285
VIRAT_S_010002_04_000307_000350,VIRAT_S_010002,False,nvenc_qp28,h264_nvenc,True,300,d1,2.0,298,17164800,17164728,17084736,17084724,190,734,17156539,78509,71848,17164800,37089,1.1069211233641454e-05,0.004573856340747142,1.1121045912125944e-05,0.9953355704697987,0.004185775540641312,0.0021607592281879195,0.0021708851690772396,0.25885558583106266,195424,17164800,0.011385160328113349
VIRAT_S_010002_04_000307_000350,VIRAT_S_010002,False,nvenc_qp28_bf2_bqeq,h264_nvenc,True,300,B,0.5,198,11404800,11404744,11190424,11190395,239,531,11397797,211006,303644,11404800,20810,2.095619156379135e-05,0.01850159898372116,2.1357601764727697e-05,0.9812030022446689,0.02662422839506173,0.0018246703142536477,0.0018596256942543018,0.4500941619585687,389364,11404800,0.03414036195286195
VIRAT_S_010002_04_000307_000350,VIRAT_S_010002,False,nvenc_qp28_bf2_bqeq,h264_nvenc,True,300,B,1.0,198,11404800,11404744,11317204,11317172,256,531,11397797,85949,150752,11404800,25404,2.2446799331927134e-05,0.007536249827264864,2.2620492115874886e-05,0.992319374298541,0.013218294051627385,0.002227483164983165,0.002244724050215937,0.4821092278719397,241748,11404800,0.021197039842873175
VIRAT_S_010002_04_000307_000350,VIRAT_S_010002,False,nvenc_qp28_bf2_bqeq,h264_nvenc,True,300,B,2.0,198,11404800,11404744,11364764,11364730,322,531,11397797,39227,93792,11404800,28888,2.82338647846896e-05,0.003439533583568382,2.8333273205786676e-05,0.9964895482603816,0.008223905723905724,0.0025329685746352413,0.0025418917629965745,0.6064030131826742,182840,11404800,0.016031846240179573
VIRAT_S_010002_04_000307_000350,VIRAT_S_010002,False,nvenc_qp28_bf2_bqeq,h264_nvenc,True,300,dgt1,0.5,99,5702400,5702384,5443800,5443800,3,203,5701154,257467,235580,5702400,2664,5.260957522327503e-07,0.04515076501336985,5.510856387082553e-07,0.9546506734006734,0.04131242985409652,0.0004671717171717172,0.0004893640471729307,0.014778325123152709,262776,5702400,0.046081649831649835
VIRAT_S_010002_04_000307_000350,VIRAT_S_010002,False,nvenc_qp28_bf2_bqeq,h264_nvenc,True,300,dgt1,1.0,99,5702400,5702384,5572252,5572252,10,203,5701154,129056,119904,5702400,4066,1.7536525074425013e-06,0.022631937800049944,1.7946065612251563e-06,0.9771766273849607,0.021026936026936026,0.0007130331088664422,0.0007296870277941486,0.04926108374384237,148404,5702400,0.02602483164983165
VIRAT_S_010002_04_000307_000350,VIRAT_S_010002,False,nvenc_qp28_bf2_bqeq,h264_nvenc,True,300,dgt1,2.0,99,5702400,5702384,5623380,5623380,10,203,5701154,77991,76928,5702400,5810,1.7536525074425013e-06,0.013676911270794812,1.7782899252762574e-06,0.9861426767676768,0.013490460157126823,0.0010188692480359147,0.0010331864465855055,0.04926108374384237,105104,5702400,0.018431537598204265
VIRAT_S_010002_04_000307_000350,VIRAT_S_010002,False,nvenc_qp28_bf2_bqeq,h264_nvenc,True,300,d1,0.5,1,57600,57600,56780,56780,0,0,57588,808,412,57600,42,0.0,0.014027777777777778,0.0,0.9857638888888889,0.007152777777777778,0.0007291666666666667,0.0007396970764353645,,748,57600,0.012986111111111111
VIRAT_S_010002_04_000307_000350,VIRAT_S_010002,False,nvenc_qp28_bf2_bqeq,h264_nvenc,True,300,d1,1.0,1,57600,57600,57292,57292,0,0,57588,301,92,57600,83,0.0,0.005225694444444444,0.0,0.9946527777777778,0.0015972222222222223,0.0014409722222222222,0.0014487188438176359,,448,57600,0.0077777777777777776
VIRAT_S_010002_04_000307_000350,VIRAT_S_010002,False,nvenc_qp28_bf2_bqeq,h264_nvenc,True,300,d1,2.0,1,57600,57600,57440,57440,0,0,57588,160,48,57600,100,0.0,0.002777777777777778,0.0,0.9972222222222222,0.0008333333333333334,0.001736111111111111,0.0017409470752089136,,384,57600,0.006666666666666667
VIRAT_S_010002_04_000307_000350,VIRAT_S_010002,False,nvenc_qp45,h264_nvenc,True,300,d1,0.5,298,17164800,17164728,17091384,17091369,84,734,17156539,70289,341928,17164800,26412,4.893756545399379e-06,0.004094967307375916,4.914761362884389e-06,0.9957228747203579,0.01992030201342282,0.0015387304250559285,0.001545340037998093,0.11444141689373297,475988,17164800,0.027730471662938107
VIRAT_S_010002_04_000307_000350,VIRAT_S_010002,False,nvenc_qp45,h264_nvenc,True,300,d1,1.0,298,17164800,17164728,17128612,17128593,102,734,17156539,33408,167740,17164800,31837,5.942418662270675e-06,0.0019463168889131246,5.95495496915596e-06,0.9978917319164803,0.00977232475764355,0.0018547842095451156,0.0018587028534477867,0.13896457765667575,307240,17164800,0.01789942207307979
VIRAT_S_010002_04_000307_000350,VIRAT_S_010002,False,nvenc_qp45,h264_nvenc,True,300,d1,2.0,298,17164800,17164728,17151100,17151080,226,734,17156539,12353,101756,17164800,37951,1.3166535467384045e-05,0.000719673507206173,1.3177012759546338e-05,0.9992018549589858,0.0059281785980611484,0.0022109782811334825,0.002212744372081091,0.3079019073569482,236340,17164800,0.013768875838926175
VIRAT_S_010002_04_000307_000350,VIRAT_S_010002,False,x264_crf12,libx264,True,300,d1,0.5,298,17164800,17164728,16831672,16831667,54,734,17156539,326069,0,17164800,23400,3.145986350613887e-06,0.018996455988117028,3.208238375913687e-06,0.9805923750932141,0.0,0.001363255033557047,0.001390236216580266,0.07356948228882834,173748,17164800,0.010122343400447428
VIRAT_S_010002_04_000307_000350,VIRAT_S_010002,False,x264_crf12,libx264,True,300,d1,1.0,298,17164800,17164728,17004688,17004682,58,734,17156539,156488,0,17164800,31625,3.379022376585286e-06,0.009116835408053072,3.41082532446064e-06,0.9906720730797912,0.0,0.0018424333519761371,0.0018597812556160984,0.07901907356948229,157276,17164800,0.009162705070842655
VIRAT_S_010002_04_000307_000350,VIRAT_S_010002,False,x264_crf12,libx264,True,300,d1,2.0,298,17164800,17164728,17069424,17069413,216,734,17156539,94005,0,17164800,38141,1.2583945402455548e-05,0.005476637905360341,1.2654213709633717e-05,0.9944435123042505,0.0,0.002222047445935869,0.002234463213287103,0.29427792915531337,147368,17164800,0.008585477255779269
VIRAT_S_010002_04_000307_000350,VIRAT_S_010002,False,x264_crf45,libx264,True,300,d1,0.5,298,17164800,17164728,17038948,17038916,324,734,17156539,122735,386436,17164800,31848,1.887591810368332e-05,0.007150419161899914,1.9015294165426955e-05,0.9926680182699478,0.022513282997762864,0.0018554250559284116,0.0018691294791204245,0.44141689373297005,520280,17164800,0.0303108687546607
VIRAT_S_010002_04_000307_000350,VIRAT_S_010002,False,x264_crf45,libx264,True,300,d1,1.0,298,17164800,17164728,17131476,17131443,347,734,17156539,31438,167876,17164800,35624,2.0215875253018864e-05,0.0018315466461222107,2.0255153053948813e-05,0.9980585850111857,0.009780247949291573,0.0020754101416853095,0.002079447211670495,0.47275204359673023,307504,17164800,0.017914802386278895
VIRAT_S_010002_04_000307_000350,VIRAT_S_010002,False,x264_crf45,libx264,True,300,d1,2.0,298,17164800,17164728,17151732,17151695,402,734,17156539,12062,99292,17164800,38877,2.3420120610125602e-05,0.0007027201363167538,2.3437916777321426e-05,0.9992386744966443,0.005784629008202834,0.002264925894854586,0.0022666515544902404,0.547683923705722,233756,17164800,0.013618335197613721
VIRAT_S_010002_04_000307_000350,VIRAT_S_010002,False,x264_qp24,libx264,True,300,d1,0.5,298,17164800,17164728,16808656,16808653,45,734,17156539,349106,172920,17164800,20959,2.621655292178239e-06,0.020338568720692805,2.6771925150694703e-06,0.9792514914243102,0.01007410514541387,0.0012210453952274422,0.0012469170646362208,0.06130790190735695,298692,17164800,0.017401426174496644
VIRAT_S_010002_04_000307_000350,VIRAT_S_010002,False,x264_qp24,libx264,True,300,d1,1.0,298,17164800,17164728,16993520,16993515,49,734,17156539,167496,77560,17164800,30604,2.854691318149638e-06,0.009758150551526363,2.883452893647959e-06,0.9900214392244594,0.004518549589858314,0.0017829511558538403,0.0018009217631191183,0.0667574931880109,209228,17164800,0.01218936428038777
VIRAT_S_010002_04_000307_000350,VIRAT_S_010002,False,x264_qp24,libx264,True,300,d1,2.0,298,17164800,17164728,17067832,17067820,201,734,17156539,95546,42416,17164800,37966,1.1710060305062801e-05,0.005566415034365823,1.1776547912973068e-05,0.994350764354959,0.00247110365398956,0.0022118521625652497,0.0022244184264293204,0.273841961852861,173144,17164800,0.010087155108128262
VIRAT_S_010002_04_000307_000350,VIRAT_S_010002,False,x264_qp24_bf2_pb1,libx264,True,300,B,0.5,198,11404800,11404744,11281324,11281300,237,531,11397797,120179,246616,11404800,20843,2.078082594401067e-05,0.010537632409811216,2.1008217138095786e-05,0.9891733305274972,0.02162387766554433,0.001827563832772166,0.0018475668281488947,0.4463276836158192,331712,11404800,0.02908529741863075
VIRAT_S_010002_04_000307_000350,VIRAT_S_010002,False,x264_qp24_bf2_pb1,libx264,True,300,B,1.0,198,11404800,11404744,11354096,11354068,255,531,11397797,48974,124852,11404800,25566,2.2359116522036795e-05,0.0042941779315695296,2.245891076220435e-05,0.9955541526374859,0.010947320426487094,0.0022416877104377104,0.0022516984179101534,0.480225988700565,214648,11404800,0.01882084736251403
VIRAT_S_010002_04_000307_000350,VIRAT_S_010002,False,x264_qp24_bf2_pb1,libx264,True,300,B,2.0,198,11404800,11404744,11380812,11380775,328,531,11397797,23234,81408,11404800,29138,2.875996164403164e-05,0.0020372224049921683,2.8820532872321963e-05,0.9978966750841751,0.007138047138047138,0.0025548891694725027,0.0025602742581109328,0.6177024482109228,168360,11404800,0.014762205387205388
VIRAT_S_010002_04_000307_000350,VIRAT_S_010002,False,x264_qp24_bf2_pb1,libx264,True,300,dgt1,0.5,99,5702400,5702384,5402464,5402464,8,203,5701154,298837,263780,5702400,3211,1.402922005954001e-06,0.05240562543665948,1.4808057952815603e-06,0.9474017957351291,0.04625771604938272,0.0005630962401795735,0.0005943584260811363,0.03940886699507389,284016,5702400,0.049806397306397306
VIRAT_S_010002_04_000307_000350,VIRAT_S_010002,False,x264_qp24_bf2_pb1,libx264,True,300,dgt1,1.0,99,5702400,5702384,5547168,5547168,12,203,5701154,154170,137436,5702400,4823,2.1043830089310013e-06,0.02703606070724104,2.1632660124950243e-06,0.9727777777777777,0.024101430976430978,0.0008457842312008979,0.000869452664855292,0.059113300492610835,159160,5702400,0.027911054994388326
VIRAT_S_010002_04_000307_000350,VIRAT_S_010002,False,x264_qp24_bf2_pb1,libx264,True,300,dgt1,2.0,99,5702400,5702384,5608944,5608944,13,203,5701154,92467,86260,5702400,6450,2.2797482596752515e-06,0.016215498640568576,2.317726830576308e-06,0.9836111111111111,0.015126964085297418,0.0011311026936026937,0.001149949081324399,0.06403940886699508,108940,5702400,0.019104236812570147
VIRAT_S_010002_04_000307_000350,VIRAT_S_010002,False,x264_qp24_bf2_pb1,libx264,True,300,d1,0.5,1,57600,57600,56868,56868,0,0,57588,720,380,57600,46,0.0,0.0125,0.0,0.9872916666666667,0.006597222222222222,0.0007986111111111112,0.0008088907645776184,,724,57600,0.012569444444444444
VIRAT_S_010002_04_000307_000350,VIRAT_S_010002,False,x264_qp24_bf2_pb1,libx264,True,300,d1,1.0,1,57600,57600,57256,57256,0,0,57588,337,128,57600,85,0.0,0.005850694444444445,0.0,0.9940277777777777,0.0022222222222222222,0.0014756944444444444,0.0014845605700712589,,484,57600,0.008402777777777778
VIRAT_S_010002_04_000307_000350,VIRAT_S_010002,False,x264_qp24_bf2_pb1,libx264,True,300,d1,2.0,1,57600,57600,57464,57464,0,0,57588,136,120,57600,100,0.0,0.002361111111111111,0.0,0.9976388888888889,0.0020833333333333333,0.001736111111111111,0.0017402199638034248,,456,57600,0.007916666666666667
VIRAT_S_010003_00_000000_000108,VIRAT_S_010003,True,nvenc_qp18,h264_nvenc,True,300,d1,0.5,298,17164800,17162654,16627356,16627276,1121,41193,17017315,406881,220028,17164800,31496,6.531623838597457e-05,0.02370734736014605,6.741934156863698e-05,0.968689177852349,0.012818558911260254,0.0018349179716629382,0.0018942278014616395,0.027213361493457627,0,17164800,0.0
VIRAT_S_010003_00_000000_000108,VIRAT_S_010003,True,nvenc_qp18,h264_nvenc,True,300,d1,1.0,298,17164800,17162654,16724652,16724537,1423,41193,17017315,333308,218824,17164800,52142,8.291258449887762e-05,0.019420539503971823,8.508456766247101e-05,0.9743575223713646,0.012748415361670396,0.0030377283743475017,0.0031176732406749032,0.034544704197315076,0,17164800,0.0
VIRAT_S_010003_00_000000_000108,VIRAT_S_010003,True,nvenc_qp18,h264_nvenc,True,300,d1,2.0,298,17164800,17162654,16823324,16823103,4188,41193,17017315,282938,217016,17164800,93515,0.00024401820371138403,0.016485678730107825,0.0002489433726940862,0.9801060309470544,0.012643083519761372,0.005448068139448173,0.005558651786056073,0.10166775908528149,0,17164800,0.0
VIRAT_S_010003_00_000000_000108,VIRAT_S_010003,True,nvenc_qp23,h264_nvenc,True,300,d1,0.5,298,17164800,17162654,16789228,16789152,1064,41193,17017315,245022,73876,17164800,30900,6.199507372228094e-05,0.014276463302237521,6.337425499513019e-05,0.9781196401938852,0.004303924310216256,0.001800195749440716,0.0018404658034306283,0.025829631248027576,217976,17164800,0.012699011931394482
VIRAT_S_010003_00_000000_000108,VIRAT_S_010003,True,nvenc_qp23,h264_nvenc,True,300,d1,1.0,298,17164800,17162654,16884724,16884614,1361,41193,17017315,172910,69320,17164800,51559,7.930008960152667e-05,0.01007478214033797,8.060592916130626e-05,0.9836831189410887,0.004038497390007457,0.0030037635160328115,0.0030535885573255445,0.03303959410579468,212824,17164800,0.01239886278896346
VIRAT_S_010003_00_000000_000108,VIRAT_S_010003,True,nvenc_qp23,h264_nvenc,True,300,d1,2.0,298,17164800,17162654,16983204,16982987,4103,41193,17017315,122804,65496,17164800,93081,0.00023906558973920932,0.007155303602811081,0.00024159472064602065,0.9894204418344519,0.003815715883668904,0.005422783836689038,0.005480767939901093,0.09960430170174545,208232,17164800,0.012131338553318419
VIRAT_S_010003_00_000000_000108,VIRAT_S_010003,True,nvenc_qp28,h264_nvenc,True,300,d1,0.5,298,17164800,17162654,16837320,16837254,968,41193,17017315,196841,66384,17164800,30046,5.640153323606011e-05,0.011469146904668708,5.7491560084560106e-05,0.9809214205816554,0.0038674496644295303,0.0017504427665920954,0.0017844882677290686,0.023499138203092757,259436,17164800,0.015114420208799403
VIRAT_S_010003_00_000000_000108,VIRAT_S_010003,True,nvenc_qp28,h264_nvenc,True,300,d1,1.0,298,17164800,17162654,16931348,16931254,1258,41193,17017315,125933,50312,17164800,51071,7.329868678818556e-05,0.007337618063033841,7.430046232842529e-05,0.9863993754660701,0.0029311148396718866,0.002975333240119314,0.0030163575871218285,0.030539169276333357,244344,17164800,0.014235178970917226
VIRAT_S_010003_00_000000_000108,VIRAT_S_010003,True,nvenc_qp28,h264_nvenc,True,300,d1,2.0,298,17164800,17162654,17029216,17029021,4038,41193,17017315,76623,41388,17164800,92927,0.00023527829670166398,0.0044645192987052005,0.00023712461215474453,0.9921010439970172,0.0024112136465324384,0.005413811987322894,0.005456915926135414,0.09802636370257083,235012,17164800,0.013691508202833706
VIRAT_S_010003_00_000000_000108,VIRAT_S_010003,True,nvenc_qp28_bf2_bqeq,h264_nvenc,True,300,B,0.5,198,11404800,11403252,11185124,11184758,3297,27740,11316895,159727,198432,11404800,31390,0.00028912804873557123,0.014007144628567359,0.0002947761587689246,0.980738285634119,0.0173989898989899,0.0027523498877665546,0.002806406080075643,0.1188536409516943,330936,11404800,0.029017255892255893
VIRAT_S_010003_00_000000_000108,VIRAT_S_010003,True,nvenc_qp28_bf2_bqeq,h264_nvenc,True,300,B,1.0,198,11404800,11403252,11265456,11265066,3633,27740,11316895,86861,123124,11404800,40990,0.00031859332758760395,0.007617213054661951,0.00032250143940568127,0.9877819865319866,0.010795805274971941,0.0035941007295173964,0.0036385566638403276,0.1309661139149243,257252,11404800,0.022556467452300787
VIRAT_S_010003_00_000000_000108,VIRAT_S_010003,True,nvenc_qp28_bf2_bqeq,h264_nvenc,True,300,B,2.0,198,11404800,11403252,11317444,11316936,5698,27740,11316895,50563,93292,11404800,58862,0.0004996820205323885,0.004434085995819438,0.0005034931716499943,0.9923404180695847,0.008180064534231202,0.005161160213243547,0.005200997681101846,0.20540735400144197,228188,11404800,0.020008066778900113
VIRAT_S_010003_00_000000_000108,VIRAT_S_010003,True,nvenc_qp28_bf2_bqeq,h264_nvenc,True,300,dgt1,0.5,99,5702400,5701802,5494172,5494169,199,13453,5642820,153993,115132,5702400,7086,3.490124700927882e-05,0.027007777541205393,3.622021819860292e-05,0.9634841470258136,0.020190095398428733,0.0012426346801346802,0.001289730281469164,0.01479223964914889,167964,5702400,0.02945496632996633
VIRAT_S_010003_00_000000_000108,VIRAT_S_010003,True,nvenc_qp28_bf2_bqeq,h264_nvenc,True,300,dgt1,1.0,99,5702400,5701802,5548584,5548580,245,13453,5642820,109273,92336,5702400,10528,4.2968871946097044e-05,0.01916464303741168,4.415544157243836e-05,0.9730260942760943,0.016192480359147027,0.0018462401795735128,0.0018974210357092908,0.0182115513268416,145016,5702400,0.025430695847362513
VIRAT_S_010003_00_000000_000108,VIRAT_S_010003,True,nvenc_qp28_bf2_bqeq,h264_nvenc,True,300,dgt1,2.0,99,5702400,5701802,5586112,5586107,278,13453,5642820,81097,88516,5702400,15478,4.875651592251011e-05,0.014223047380459722,4.9766322055771575e-05,0.9796071829405163,0.015522586980920313,0.0027142957351290685,0.0027708001558149928,0.020664535791273322,141212,5702400,0.02476360830527497
VIRAT_S_010003_00_000000_000108,VIRAT_S_010003,True,nvenc_qp28_bf2_bqeq,h264_nvenc,True,300,d1,0.5,1,57600,57600,57168,57168,0,0,57600,432,452,57600,11,0.0,0.0075,0.0,0.9925,0.007847222222222222,0.00019097222222222223,0.0001924153372516093,,744,57600,0.012916666666666667
VIRAT_S_010003_00_000000_000108,VIRAT_S_010003,True,nvenc_qp28_bf2_bqeq,h264_nvenc,True,300,d1,1.0,1,57600,57600,57472,57472,0,0,57600,128,184,57600,11,0.0,0.0022222222222222222,0.0,0.9977777777777778,0.0031944444444444446,0.00019097222222222223,0.00019139755011135856,,472,57600,0.008194444444444445
VIRAT_S_010003_00_000000_000108,VIRAT_S_010003,True,nvenc_qp28_bf2_bqeq,h264_nvenc,True,300,d1,2.0,1,57600,57600,57488,57488,0,0,57600,112,72,57600,11,0.0,0.0019444444444444444,0.0,0.9980555555555556,0.00125,0.00019097222222222223,0.00019134428054550515,,392,57600,0.006805555555555555
VIRAT_S_010003_00_000000_000108,VIRAT_S_010003,True,nvenc_qp45,h264_nvenc,True,300,d1,0.5,298,17164800,17162654,16942316,16942189,2860,41193,17017315,112401,178604,17164800,37933,0.0001666408936519958,0.006549161918663628,0.000168809355154756,0.9870383575689784,0.010405247949291574,0.0022099296234153617,0.002238950093954097,0.06942927196368315,386960,17164800,0.022543810589112603
VIRAT_S_010003_00_000000_000108,VIRAT_S_010003,True,nvenc_qp45,h264_nvenc,True,300,d1,1.0,298,17164800,17162654,16991784,16991631,3238,41193,17017315,79590,129532,17164800,54555,0.00018866545931649033,0.004637394659357463,0.0001905644019694166,0.9899203020134228,0.007546373974645787,0.0031783067673378075,0.003210669344666811,0.078605588328114,339060,17164800,0.019753215883668903
VIRAT_S_010003_00_000000_000108,VIRAT_S_010003,True,nvenc_qp45,h264_nvenc,True,300,d1,2.0,298,17164800,17162654,17068208,17067929,7355,41193,17017315,41250,90084,17164800,92561,0.0004285467737099402,0.002403474427673016,0.00043092515793802515,0.9943726696495153,0.005248182326621924,0.005392489280387771,0.005423006328490959,0.17854975359891243,299180,17164800,0.01742985645041014
VIRAT_S_010003_00_000000_000108,VIRAT_S_010003,True,x264_crf12,libx264,True,300,d1,0.5,298,17164800,17162654,16836800,16836717,1143,41193,17017315,197571,0,17164800,32519,6.659809141406684e-05,0.011511681118782677,6.788734407069977e-05,0.9808911260253542,0.0,0.0018945166853094706,0.0019314240235674238,0.027747432816255187,220028,17164800,0.012818558911260254
VIRAT_S_010003_00_000000_000108,VIRAT_S_010003,True,x264_crf12,libx264,True,300,d1,1.0,298,17164800,17162654,16935196,16935078,1448,41193,17017315,122997,0,17164800,53235,8.43692356671643e-05,0.0071665489498302535,8.550300152145741e-05,0.9866235551826995,0.0,0.003101405201342282,0.003143453432720826,0.03515160342776685,218824,17164800,0.012748415361670396
VIRAT_S_010003_00_000000_000108,VIRAT_S_010003,True,x264_crf12,libx264,True,300,d1,2.0,298,17164800,17162654,17033236,17033011,4222,41193,17017315,73479,0,17164800,94655,0.0002459992493002539,0.004281330847781468,0.00024787161823590674,0.9923352442207308,0.0,0.005514483128262491,0.005557076764509105,0.10249314203869589,217016,17164800,0.012643083519761372
VIRAT_S_010003_00_000000_000108,VIRAT_S_010003,True,x264_crf45,libx264,True,300,d1,0.5,298,17164800,17162654,16864200,16863870,4949,41193,17017315,185936,274544,17164800,52936,0.0002883586652740305,0.010833755665062058,0.00029346763228132094,0.9824874161073825,0.015994593586875466,0.003083985831469053,0.003138957080679783,0.12014177166023353,479460,17164800,0.027932746085011187
VIRAT_S_010003_00_000000_000108,VIRAT_S_010003,True,x264_crf45,libx264,True,300,d1,1.0,298,17164800,17162654,16961788,16961443,5642,41193,17017315,108461,187664,17164800,67847,0.00032873703565893713,0.006319593694541648,0.00033263679275401275,0.9881727721849366,0.010933072334079046,0.003952682233407905,0.003999991038680592,0.13696501832835675,395648,17164800,0.023049962714392244
VIRAT_S_010003_00_000000_000108,VIRAT_S_010003,True,x264_crf45,libx264,True,300,d1,2.0,298,17164800,17162654,17062464,17062034,10100,41193,17017315,51681,111836,17164800,99027,0.0005884870719878172,0.0030112475611289487,0.0005919575591046179,0.9940380313199105,0.006515426920208799,0.005769190436241611,0.005803792465144542,0.24518728910251741,319332,17164800,0.018603887024608502
VIRAT_S_010003_00_000000_000108,VIRAT_S_010003,True,x264_qp24,libx264,True,300,d1,0.5,298,17164800,17162654,16821800,16821718,1116,41193,17017315,212301,41608,17164800,32183,6.502490815231723e-05,0.012369939987137188,6.634280755390144e-05,0.9800172445935869,0.0024240305741983596,0.0018749417412378822,0.0019131721932254574,0.027091981647367272,245228,17164800,0.014286679716629381
VIRAT_S_010003_00_000000_000108,VIRAT_S_010003,True,x264_qp24,libx264,True,300,d1,1.0,298,17164800,17162654,16923344,16923226,1453,41193,17017315,134663,25876,17164800,53134,8.466056590082164e-05,0.007846280650999548,8.585833457521633e-05,0.985933072334079,0.0015075037285607756,0.0030955210663683817,0.0031396868136699223,0.03527298327385721,231188,17164800,0.013468726696495154
VIRAT_S_010003_00_000000_000108,VIRAT_S_010003,True,x264_qp24,libx264,True,300,d1,2.0,298,17164800,17162654,17023420,17023198,4195,41193,17017315,83069,19368,17164800,94615,0.0002444260660385043,0.004840102235936237,0.0002464284325424635,0.9917633762117822,0.0011283557046979865,0.005512152777777778,0.005557931367492549,0.10183769086980797,225112,17164800,0.013114746457867263
VIRAT_S_010003_00_000000_000108,VIRAT_S_010003,True,x264_qp24_bf2_pb1,libx264,True,300,B,0.5,198,11404800,11403252,11246608,11246254,3399,27740,11316895,98167,146388,11404800,31489,0.0002980728655299383,0.008608684610319934,0.0003022339705292091,0.9861293490460157,0.012835648148148148,0.00276103044332211,0.0027998664130553853,0.12253064167267484,279292,11404800,0.02448898709315376
VIRAT_S_010003_00_000000_000108,VIRAT_S_010003,True,x264_qp24_bf2_pb1,libx264,True,300,B,1.0,198,11404800,11403252,11289484,11289105,3674,27740,11316895,62394,101976,11404800,41018,0.0003221887931618103,0.0054715970496837215,0.0003254465256546024,0.9898888187429854,0.008941498316498316,0.0035965558361391696,0.0036332927173642303,0.13244412400865177,236552,11404800,0.020741442199775532
VIRAT_S_010003_00_000000_000108,VIRAT_S_010003,True,x264_qp24_bf2_pb1,libx264,True,300,B,2.0,198,11404800,11403252,11332888,11332391,5889,27740,11316895,35449,81808,11404800,59211,0.0005164316284512523,0.0031086746131717513,0.00051966085533053,0.9936945847362514,0.007173120089786757,0.005191761363636364,0.005224705300184737,0.2122927180966114,216048,11404800,0.018943602693602693
VIRAT_S_010003_00_000000_000108,VIRAT_S_010003,True,x264_qp24_bf2_pb1,libx264,True,300,dgt1,0.5,99,5702400,5701802,5477716,5477708,221,13453,5642820,170650,129940,5702400,8360,3.875967632688753e-05,0.02992913468408759,4.034534151875201e-05,0.9605983445566779,0.02278689674523008,0.0014660493827160495,0.0015261835407312098,0.016427562625436706,178796,5702400,0.03135451739618406
VIRAT_S_010003_00_000000_000108,VIRAT_S_010003,True,x264_qp24_bf2_pb1,libx264,True,300,dgt1,1.0,99,5702400,5701802,5540760,5540750,274,13453,5642820,118069,99440,5702400,12588,4.8054983319308524e-05,0.020707313231851966,4.945178901773226e-05,0.9716540404040404,0.01743827160493827,0.0022074915824915825,0.0022718904987763413,0.020367204341039172,148688,5702400,0.026074635241301908
VIRAT_S_010003_00_000000_000108,VIRAT_S_010003,True,x264_qp24_bf2_pb1,libx264,True,300,dgt1,2.0,99,5702400,5701802,5580648,5580633,338,13453,5642820,87403,94220,5702400,17894,5.927950497053388e-05,0.015329013529407019,6.056660597462689e-05,0.9786489898989899,0.016522867564534232,0.0031379769921436587,0.003206437675338061,0.02512450754478555,143564,5702400,0.025176066217732884
VIRAT_S_010003_00_000000_000108,VIRAT_S_010003,True,x264_qp24_bf2_pb1,libx264,True,300,d1,0.5,1,57600,57600,56996,56996,0,0,57600,604,456,57600,11,0.0,0.010486111111111111,0.0,0.9895138888888889,0.007916666666666667,0.00019097222222222223,0.00019299599971927856,,780,57600,0.013541666666666667
VIRAT_S_010003_00_000000_000108,VIRAT_S_010003,True,x264_qp24_bf2_pb1,libx264,True,300,d1,1.0,1,57600,57600,57388,57388,0,0,57600,212,124,57600,11,0.0,0.0036805555555555554,0.0,0.9963194444444444,0.0021527777777777778,0.00019097222222222223,0.00019167770265560743,,444,57600,0.0077083333333333335
VIRAT_S_010003_00_000000_000108,VIRAT_S_010003,True,x264_qp24_bf2_pb1,libx264,True,300,d1,2.0,1,57600,57600,57488,57488,0,0,57600,112,56,57600,11,0.0,0.0019444444444444444,0.0,0.9980555555555556,0.0009722222222222222,0.00019097222222222223,0.00019134428054550515,,376,57600,0.006527777777777778
VIRAT_S_010003_01_000111_000137,VIRAT_S_010003,True,nvenc_qp18,h264_nvenc,True,234,d1,0.5,233,13420800,13420388,13153604,13153583,236,7263,13383247,233198,106992,13420800,9146,1.7585184571414777e-05,0.0173763977613762,1.7941879410347735e-05,0.9800909036719122,0.007972103004291846,0.0006814794945159752,0.0006953227419648637,0.03249346000275368,0,13420800,0.0
VIRAT_S_010003_01_000111_000137,VIRAT_S_010003,True,nvenc_qp18,h264_nvenc,True,234,d1,1.0,233,13420800,13420388,13211896,13211865,425,7263,13383247,180696,102820,13420800,18435,3.166823492733593e-05,0.013464290302187985,3.2168055002075784e-05,0.9844343109203624,0.007661242250834525,0.0013736140915593705,0.001395333417701744,0.058515764835467436,0,13420800,0.0
VIRAT_S_010003_01_000111_000137,VIRAT_S_010003,True,nvenc_qp18,h264_nvenc,True,234,d1,2.0,233,13420800,13420388,13262656,13262569,1672,7263,13383247,147127,99744,13420800,37388,0.00012458656187883688,0.010962946823892126,0.00012606908963112652,0.9882164997615641,0.007432045779685264,0.002785824988078207,0.0028190431841103323,0.2302079030703566,0,13420800,0.0
VIRAT_S_010003_01_000111_000137,VIRAT_S_010003,True,nvenc_qp23,h264_nvenc,True,234,d1,0.5,233,13420800,13420388,13231772,13231756,216,7263,13383247,154836,67016,13420800,8635,1.609491469248132e-05,0.011537371348727026,1.632436390151088e-05,0.9859152956604673,0.00499344301382928,0.0006434042680019075,0.0006525958881395478,0.02973977695167286,118592,13420800,0.008836432999523127
VIRAT_S_010003_01_000111_000137,VIRAT_S_010003,True,nvenc_qp23,h264_nvenc,True,234,d1,1.0,233,13420800,13420388,13286212,13286186,395,7263,13383247,106189,51088,13420800,18005,2.9432830108935748e-05,0.007912513408703236,2.973012721634335e-05,0.9899716857415355,0.003806628516928946,0.0013415742727706248,0.0013551642861035185,0.05438524025884621,103924,13420800,0.007743502622794468
VIRAT_S_010003_01_000111_000137,VIRAT_S_010003,True,nvenc_qp23,h264_nvenc,True,234,d1,2.0,233,13420800,13420388,13335284,13335204,1642,7263,13383247,74348,42412,13420800,37236,0.0001223511570604367,0.005539929247947228,0.00012313272447875563,0.9936280996661898,0.0031601692894611347,0.002774499284692418,0.0027922914877553415,0.22607737849373538,94444,13420800,0.007037136385312351
VIRAT_S_010003_01_000111_000137,VIRAT_S_010003,True,nvenc_qp28,h264_nvenc,True,234,d1,0.5,233,13420800,13420388,13270756,13270741,205,7263,13383247,115690,82928,13420800,8203,1.527526625906792e-05,0.008620466114690573,1.544751721098317e-05,0.9888200405340963,0.006179065331425846,0.0006112154268001907,0.0006181260509951355,0.02822525127357841,162544,13420800,0.012111349546971864
VIRAT_S_010003_01_000111_000137,VIRAT_S_010003,True,nvenc_qp28,h264_nvenc,True,234,d1,1.0,233,13420800,13420388,13319360,13319335,347,7263,13383247,72759,54996,13420800,17555,2.5856182399495455e-05,0.005421527306065965,2.6052351712754428e-05,0.9924415832141154,0.004097818311874106,0.0013080442298521698,0.001318006270571559,0.04777640093625224,137264,13420800,0.010227706247019552
VIRAT_S_010003_01_000111_000137,VIRAT_S_010003,True,nvenc_qp28,h264_nvenc,True,234,d1,2.0,233,13420800,13420388,13366312,13366239,1578,7263,13383247,43096,39600,13420800,37057,0.00011758229344784965,0.00321123353512581,0.0001180586401305558,0.9959400333810206,0.0029506437768240345,0.0027611617787315214,0.0027724177020557353,0.21726559273027674,121144,13420800,0.00902658559847401
VIRAT_S_010003_01_000111_000137,VIRAT_S_010003,True,nvenc_qp28_bf2_bqeq,h264_nvenc,True,234,B,0.5,155,8928000,8927716,8777944,8777883,604,4922,8902794,129713,160784,8928000,9250,6.765448184059619e-05,0.014529248018194127,6.88093017416614e-05,0.9831926523297491,0.0180089605734767,0.0010360663082437276,0.0010537775132764575,0.12271434376269809,219104,8928000,0.024541218637992832
VIRAT_S_010003_01_000111_000137,VIRAT_S_010003,True,nvenc_qp28_bf2_bqeq,h264_nvenc,True,234,B,1.0,155,8928000,8927716,8852680,8852606,766,4922,8902794,57412,87084,8928000,13468,8.580022034751106e-05,0.006430760118265411,8.652819294115202e-05,0.9915636200716846,0.009754032258064517,0.0015085125448028674,0.0015213472078511817,0.1556277935798456,146900,8928000,0.016453853046594982
VIRAT_S_010003_01_000111_000137,VIRAT_S_010003,True,nvenc_qp28_bf2_bqeq,h264_nvenc,True,234,B,2.0,155,8928000,8927716,8890276,8890161,1569,4922,8902794,27758,61360,8928000,22543,0.00017574483776141626,0.003109193885647796,0.00017648724246951207,0.995774641577061,0.006872759856630824,0.0025249775985663084,0.002535691805293784,0.31877285656237303,121256,8928000,0.013581541218637992
VIRAT_S_010003_01_000111_000137,VIRAT_S_010003,True,nvenc_qp28_bf2_bqeq,h264_nvenc,True,234,dgt1,0.5,78,4492800,4492672,4412588,4412588,25,2341,4480453,68310,60392,4492800,1364,5.564617225561982e-06,0.01520476010712556,5.66560938841333e-06,0.9821465455840456,0.013441951566951566,0.0003035968660968661,0.0003091156482318313,0.010679196924391286,79616,4492800,0.01772079772079772
VIRAT_S_010003_01_000111_000137,VIRAT_S_010003,True,nvenc_qp28_bf2_bqeq,h264_nvenc,True,234,dgt1,1.0,78,4492800,4492672,4431320,4431318,31,2341,4480453,49747,47552,4492800,1775,6.900125359696858e-06,0.011072920524801277,6.995661335972729e-06,0.9863158831908831,0.010584045584045585,0.000395076566951567,0.00040055784732314525,0.013242204186245195,67364,4492800,0.014993767806267806
VIRAT_S_010003_01_000111_000137,VIRAT_S_010003,True,nvenc_qp28_bf2_bqeq,h264_nvenc,True,234,dgt1,2.0,78,4492800,4492672,4441284,4441282,39,2341,4480453,40223,47456,4492800,2587,8.680802871876692e-06,0.008953023946551184,8.781248297225892e-06,0.9885336538461539,0.010562678062678063,0.0005758101851851852,0.0005824892080758628,0.016659547202050404,67128,4492800,0.014941239316239316
VIRAT_S_010003_01_000111_000137,VIRAT_S_010003,True,nvenc_qp45,h264_nvenc,True,234,d1,0.5,233,13420800,13420388,13336316,13336278,533,7263,13383247,53680,125568,13420800,12730,3.971569227357659e-05,0.0039998843550573945,3.996617347058902e-05,0.9937049952312828,0.009356223175965666,0.0009485276585598474,0.0009545364701916181,0.07338565331130387,213496,13420800,0.015907844539818788
VIRAT_S_010003_01_000111_000137,VIRAT_S_010003,True,nvenc_qp45,h264_nvenc,True,234,d1,1.0,233,13420800,13420388,13359320,13359269,730,7263,13383247,35541,89068,13420800,20396,5.439485058107113e-05,0.0026482840883586974,5.4643708424465444e-05,0.9954190510252742,0.006636564139246542,0.0015197305674773487,0.001526724414116886,0.10050943136444995,179152,13420800,0.013348831664282308
VIRAT_S_010003_01_000111_000137,VIRAT_S_010003,True,nvenc_qp45,h264_nvenc,True,234,d1,2.0,233,13420800,13420388,13390700,13390607,1987,7263,13383247,17589,67700,13420800,35983,0.00014805831247203881,0.0013106178450280274,0.00014838759736582517,0.9977572126847878,0.005044408679065331,0.002681136742966142,0.002687163479131039,0.2735784111248795,156916,13420800,0.011692000476871722
VIRAT_S_010003_01_000111_000137,VIRAT_S_010003,True,x264_crf12,libx264,True,234,d1,0.5,233,13420800,13420388,13243068,13243045,297,7263,13383247,144065,0,13420800,10403,2.2130507702161816e-05,0.010734786505427413,2.2426866328703103e-05,0.986756974248927,0.0,0.0007751400810681926,0.0007855430478798418,0.040892193308550186,106992,13420800,0.007972103004291846
VIRAT_S_010003_01_000111_000137,VIRAT_S_010003,True,x264_crf12,libx264,True,234,d1,1.0,233,13420800,13420388,13303628,13303595,519,7263,13383247,89354,0,13420800,19826,3.8672503358323174e-05,0.006658078738111,3.901201141495964e-05,0.9912693729136862,0.0,0.001477259179780639,0.0014902701729182445,0.0714580751755473,102820,13420800,0.007661242250834525
VIRAT_S_010003_01_000111_000137,VIRAT_S_010003,True,x264_crf12,libx264,True,234,d1,2.0,233,13420800,13420388,13353320,13353226,1828,7263,13383247,56967,0,13420800,38859,0.00013621066693451784,0.004244810209660108,0.00013689575837329496,0.9949719837863614,0.0,0.002895430972818312,0.002910062815839057,0.251686630868787,99744,13420800,0.007432045779685264
VIRAT_S_010003_01_000111_000137,VIRAT_S_010003,True,x264_crf45,libx264,True,234,d1,0.5,233,13420800,13420388,13312724,13312642,1187,7263,13383247,82687,180704,13420800,22052,8.844751731470059e-05,0.006161297273968532,8.916336817289911e-05,0.9919471268478779,0.013464473056747734,0.0016431211254172627,0.0016564603908261,0.1634310890816467,269416,13420800,0.020074511206485457
VIRAT_S_010003_01_000111_000137,VIRAT_S_010003,True,x264_crf45,libx264,True,234,d1,1.0,233,13420800,13420388,13358232,13358139,1488,7263,13383247,41935,113388,13420800,28270,0.00011087607899264909,0.003124723368653723,0.0001113927621205319,0.995337982832618,0.008448676680972819,0.0021064318073438244,0.002116298025067988,0.20487401900041305,204680,13420800,0.015250953743443013
VIRAT_S_010003_01_000111_000137,VIRAT_S_010003,True,x264_crf45,libx264,True,234,d1,2.0,233,13420800,13420388,13391724,13391595,2511,7263,13383247,17913,71956,13420800,38724,0.00018710338330009535,0.0013347602170667495,0.00018750567053439117,0.9978335121602289,0.00536152837386743,0.0028853719599427753,0.0028916366555941566,0.34572490706319703,162108,13420800,0.012078862660944207
VIRAT_S_010003_01_000111_000137,VIRAT_S_010003,True,x264_qp24,libx264,True,234,d1,0.5,233,13420800,13420388,13241616,13241595,277,7263,13383247,145249,59900,13420800,9473,2.064023782322836e-05,0.010823010482260274,2.091893008357377e-05,0.9866487839771102,0.004463221268478779,0.0007058446590367191,0.0007153960664619787,0.038138510257469366,143404,13420800,0.010685205054840248
VIRAT_S_010003_01_000111_000137,VIRAT_S_010003,True,x264_qp24,libx264,True,234,d1,1.0,233,13420800,13420388,13300460,13300427,518,7263,13383247,92294,33184,13420800,19075,3.85979898643765e-05,0.006877148410314217,3.89461180456838e-05,0.9910333214115403,0.0024725798760133525,0.001421301263710062,0.0014341609237575241,0.07132039102299326,120396,13420800,0.008970851216022889
VIRAT_S_010003_01_000111_000137,VIRAT_S_010003,True,x264_qp24,libx264,True,234,d1,2.0,233,13420800,13420388,13351520,13351426,1755,7263,13383247,58673,21080,13420800,38597,0.00013077118187641073,0.004371930230333132,0.0001314466334906848,0.9948378636146876,0.0015706962327134,0.0028759090367191224,0.0028908319052811963,0.241635687732342,109024,13420800,0.008123509775870291
VIRAT_S_010003_01_000111_000137,VIRAT_S_010003,True,x264_qp24_bf2_pb1,libx264,True,234,B,0.5,155,8928000,8927716,8858008,8857936,685,4922,8902794,49917,94832,8928000,9869,7.672735109405362e-05,0.005591239685491788,7.73317847408245e-05,0.992160394265233,0.010621863799283154,0.0011053987455197133,0.0011141331098368844,0.13917106867127185,152560,8928000,0.017087813620071685
VIRAT_S_010003_01_000111_000137,VIRAT_S_010003,True,x264_qp24_bf2_pb1,libx264,True,234,B,1.0,155,8928000,8927716,8879444,8879366,852,4922,8902794,30809,69672,8928000,13914,9.543314325858932e-05,0.0034509386275280263,9.595279662984947e-05,0.9945613799283154,0.007803763440860215,0.0015584677419354838,0.0015669900052300571,0.17310036570499795,128968,8928000,0.014445340501792114
VIRAT_S_010003_01_000111_000137,VIRAT_S_010003,True,x264_qp24_bf2_pb1,libx264,True,234,B,2.0,155,8928000,8927716,8901300,8901176,1683,4922,8902794,16765,58512,8928000,22685,0.00018851406115517116,0.0018778599140026407,0.00018907614005160667,0.9970094086021506,0.006553763440860215,0.0025408826164874552,0.002548504151079056,0.3419341731003657,117736,8928000,0.013187275985663082
VIRAT_S_010003_01_000111_000137,VIRAT_S_010003,True,x264_qp24_bf2_pb1,libx264,True,234,dgt1,0.5,78,4492800,4492672,4381348,4381348,53,2341,4480453,99642,84568,4492800,1828,1.1796988518191402e-05,0.02217878358357788,1.2096733699308979e-05,0.975193198005698,0.0188230056980057,0.0004068732193732194,0.00041722319249692106,0.022639897479709525,98472,4492800,0.021917735042735042
VIRAT_S_010003_01_000111_000137,VIRAT_S_010003,True,x264_qp24_bf2_pb1,libx264,True,234,dgt1,1.0,78,4492800,4492672,4410280,4410279,62,2341,4480453,70988,65504,4492800,2483,1.3800250719393716e-05,0.015800841904327758,1.4058067528154114e-05,0.9816328347578348,0.014579772079772079,0.000552662037037037,0.0005630028025431492,0.02648440837249039,80244,4492800,0.017860576923076923
VIRAT_S_010003_01_000111_000137,VIRAT_S_010003,True,x264_qp24_bf2_pb1,libx264,True,234,dgt1,2.0,78,4492800,4492672,4424884,4424880,80,2341,4480453,56894,62520,4492800,3457,1.7806775121798342e-05,0.012663733297244935,1.8079586339064562e-05,0.9848833689458689,0.01391559829059829,0.0007694533475783475,0.0007812634184308561,0.03417343015805212,77512,4492800,0.017252492877492878
VIRAT_S_010003_02_000165_000202,VIRAT_S_010003,True,nvenc_qp18,h264_nvenc,True,300,d1,0.5,298,17164800,17164725,15863276,15863269,86,3417,16512400,671460,146688,17164800,54560,5.010275434066086e-06,0.03911859933672109,5.421328983326198e-06,0.9241748228933632,0.00854586129753915,0.0031785980611483966,0.0034393904512535745,0.025168276265730174,0,17164800,0.0
VIRAT_S_010003_02_000165_000202,VIRAT_S_010003,True,nvenc_qp18,h264_nvenc,True,300,d1,1.0,298,17164800,17164725,16516492,16516480,189,3417,16512400,293938,127636,17164800,147796,1.1010954151610352e-05,0.01712453884347113,1.1443116208780563e-05,0.9622303784489187,0.007435915361670395,0.008610412005965698,0.008948389282663656,0.0553116769095698,0,17164800,0.0
VIRAT_S_010003_02_000165_000202,VIRAT_S_010003,True,nvenc_qp18,h264_nvenc,True,300,d1,2.0,298,17164800,17164725,16934728,16934709,493,3417,16512400,194692,113100,17164800,244774,2.8721695220867215e-05,0.011342564474525517,2.911180818046534e-05,0.9865962900820283,0.006589065995525727,0.01426023023862789,0.014453967019724203,0.14427860696517414,0,17164800,0.0
VIRAT_S_010003_02_000165_000202,VIRAT_S_010003,True,nvenc_qp23,h264_nvenc,True,300,d1,0.5,298,17164800,17164725,15953688,15953681,88,3417,16512400,583059,135156,17164800,54106,5.126793467416461e-06,0.033968444003617884,5.515968383722854e-06,0.9294421140939597,0.007874021252796421,0.0031521485831469053,0.0033914415275013527,0.02575358501609599,175588,17164800,0.01022953952274422
VIRAT_S_010003_02_000165_000202,VIRAT_S_010003,True,nvenc_qp23,h264_nvenc,True,300,d1,1.0,298,17164800,17164725,16599176,16599164,202,3417,16512400,214586,86024,17164800,147757,1.1768321368387784e-05,0.012501569352261687,1.2169287561710939e-05,0.9670474459358688,0.005011651752423564,0.008608139914243102,0.008901465952285824,0.059116183786947614,136564,17164800,0.007956049589858315
VIRAT_S_010003_02_000165_000202,VIRAT_S_010003,True,nvenc_qp23,h264_nvenc,True,300,d1,2.0,298,17164800,17164725,17012996,17012977,487,3417,16512400,117689,57624,17164800,244680,2.837214112081609e-05,0.006856445413486088,2.8625207687049715e-05,0.9911560868754661,0.003357102908277405,0.014254753914988814,0.01438194660129233,0.14252268071407667,112284,17164800,0.006541526845637584
VIRAT_S_010003_02_000165_000202,VIRAT_S_010003,True,nvenc_qp28,h264_nvenc,True,300,d1,0.5,298,17164800,17164725,16006672,16006668,158,3417,16512400,531199,182300,17164800,53698,9.204924634679554e-06,0.030947131398842684,9.870886308131087e-06,0.9325288963460104,0.010620572334079046,0.0031283790082028335,0.003354726079224963,0.046239391278899616,249132,17164800,0.01451412192393736
VIRAT_S_010003_02_000165_000202,VIRAT_S_010003,True,nvenc_qp28,h264_nvenc,True,300,d1,1.0,298,17164800,17164725,16636516,16636507,257,3417,16512400,177620,106140,17164800,147223,1.4972567285523071e-05,0.010347966541846724,1.5447954309158768e-05,0.9692228281133483,0.006183585011185683,0.008577029735272185,0.008849388898492929,0.0752121744220076,185440,17164800,0.010803504847129008
VIRAT_S_010003_02_000165_000202,VIRAT_S_010003,True,nvenc_qp28,h264_nvenc,True,300,d1,2.0,298,17164800,17164725,17041208,17041191,549,3417,16512400,89056,65244,17164800,244225,3.198420015467769e-05,0.005188314989025457,3.2216058138189986e-05,0.9927996830723341,0.0038010346756152127,0.014228246178225205,0.014331437067137494,0.16066725197541704,149808,17164800,0.008727628635346756
VIRAT_S_010003_02_000165_000202,VIRAT_S_010003,True,nvenc_qp28_bf2_bqeq,h264_nvenc,True,300,B,0.5,198,11404800,11404742,10580936,10580918,382,2465,10945046,526628,680536,11404800,71350,3.349483925195327e-05,0.04617623090465352,3.610272757051893e-05,0.9277616442199775,0.05967101571268238,0.006256137766554433,0.00674325976454257,0.15496957403651115,738092,11404800,0.06471766273849607
VIRAT_S_010003_02_000165_000202,VIRAT_S_010003,True,nvenc_qp28_bf2_bqeq,h264_nvenc,True,300,B,1.0,198,11404800,11404742,11002664,11002643,580,2465,10945046,226554,360252,11404800,112009,5.0856038654798155e-05,0.01986489479551576,5.271460684491899e-05,0.964739758698092,0.031587752525252526,0.009821215628507296,0.010180170911335655,0.23529411764705882,424776,11404800,0.03724537037037037
VIRAT_S_010003_02_000165_000202,VIRAT_S_010003,True,nvenc_qp28_bf2_bqeq,h264_nvenc,True,300,B,2.0,198,11404800,11404742,11313512,11313480,1002,2465,10945046,64144,121404,11404800,161867,8.785819091742716e-05,0.005624327143919608,8.856691309835701e-05,0.9919956509539843,0.010644991582491582,0.014192883698092032,0.014307405162959124,0.40649087221095337,187752,11404800,0.01646254208754209
VIRAT_S_010003_02_000165_000202,VIRAT_S_010003,True,nvenc_qp28_bf2_bqeq,h264_nvenc,True,300,dgt1,0.5,99,5702400,5702383,5075816,5075814,184,952,5510846,496490,535968,5702400,32597,3.226721179548971e-05,0.08706710861055808,3.625034329469126e-05,0.8901192480359147,0.09398989898989898,0.005716365039281706,0.006422021602043888,0.19327731092436976,545256,5702400,0.09561868686868687
VIRAT_S_010003_02_000165_000202,VIRAT_S_010003,True,nvenc_qp28_bf2_bqeq,h264_nvenc,True,300,dgt1,1.0,99,5702400,5702383,5427900,5427898,336,952,5510846,211607,317720,5702400,58733,5.8922734583068164e-05,0.037108521121783644,6.190241599971112e-05,0.9518623737373737,0.0557168911335578,0.010299698372615039,0.010820575176403398,0.35294117647058826,331792,5702400,0.05818462401795735
VIRAT_S_010003_02_000165_000202,VIRAT_S_010003,True,nvenc_qp28_bf2_bqeq,h264_nvenc,True,300,dgt1,2.0,99,5702400,5702383,5613728,5613726,432,952,5510846,72903,96312,5702400,72314,7.575780160680193e-05,0.012784655116992318,7.695423681170047e-05,0.9844500561167228,0.01688973063973064,0.012681327160493827,0.012881635875482389,0.453781512605042,113732,5702400,0.0199445847362514
VIRAT_S_010003_02_000165_000202,VIRAT_S_010003,True,nvenc_qp28_bf2_bqeq,h264_nvenc,True,300,d1,0.5,1,57600,57600,45608,45608,0,0,56508,11151,1460,57600,1081,0.0,0.19359375,0.0,0.7918055555555555,0.025347222222222222,0.01876736111111111,0.023701982108402034,,1568,57600,0.02722222222222222
VIRAT_S_010003_02_000165_000202,VIRAT_S_010003,True,nvenc_qp28_bf2_bqeq,h264_nvenc,True,300,d1,1.0,1,57600,57600,53844,53844,0,0,56508,3023,1324,57600,3087,0.0,0.05248263888888889,0.0,0.9347916666666667,0.02298611111111111,0.05359375,0.057332293291731666,,1324,57600,0.02298611111111111
VIRAT_S_010003_02_000165_000202,VIRAT_S_010003,True,nvenc_qp28_bf2_bqeq,h264_nvenc,True,300,d1,2.0,1,57600,57600,55904,55904,0,0,56508,1452,664,57600,3293,0.0,0.025208333333333333,0.0,0.9705555555555555,0.011527777777777777,0.05717013888888889,0.05890455065827132,,796,57600,0.013819444444444445
VIRAT_S_010003_02_000165_000202,VIRAT_S_010003,True,nvenc_qp45,h264_nvenc,True,300,d1,0.5,298,17164800,17164725,16518280,16518269,1449,3417,16512400,177377,706604,17164800,83950,8.441731516234604e-05,0.010333809600794653,8.772105600169122e-05,0.9623345451155854,0.041165874347501866,0.0048908230797912,0.0050822482728225945,0.4240561896400351,787820,17164800,0.04589741797166294
VIRAT_S_010003_02_000165_000202,VIRAT_S_010003,True,nvenc_qp45,h264_nvenc,True,300,d1,1.0,298,17164800,17164725,16844192,16844179,1693,3417,16512400,38819,347120,17164800,163096,9.863251523109168e-05,0.002261556768314086,0.00010050949945378757,0.9813217747949291,0.020222781506338553,0.009501771066368382,0.009682625322722514,0.4954638571846649,440500,17164800,0.02566298471290082
VIRAT_S_010003_02_000165_000202,VIRAT_S_010003,True,nvenc_qp45,h264_nvenc,True,300,d1,2.0,298,17164800,17164725,17127048,17127032,2195,3417,16512400,20218,141044,17164800,251523,0.00012787854160203557,0.0011778807991389318,0.00012815997541196865,0.9978006152125279,0.00821704884414616,0.014653418624161073,0.014685718169295724,0.6423763535264853,239736,17164800,0.0139667225950783
VIRAT_S_010003_02_000165_000202,VIRAT_S_010003,True,x264_crf12,libx264,True,300,d1,0.5,298,17164800,17164725,15946092,15946085,101,3417,16512400,584475,0,17164800,55786,5.884160684193892e-06,0.03405093877122995,6.333843071826094e-06,0.9289995805369128,0.0,0.003250023303504847,0.0034984120247142686,0.029558091893473807,146688,17164800,0.00854586129753915
VIRAT_S_010003_02_000165_000202,VIRAT_S_010003,True,x264_crf12,libx264,True,300,d1,1.0,298,17164800,17164725,16612728,16612716,211,3417,16512400,194832,0,17164800,150614,1.2292652518464466e-05,0.011350720736860043,1.270111401410823e-05,0.9678369686800895,0.0,0.008774585197613722,0.009066181063098125,0.061750073163593794,127636,17164800,0.007435915361670395
VIRAT_S_010003_02_000165_000202,VIRAT_S_010003,True,x264_crf12,libx264,True,300,d1,2.0,298,17164800,17164725,17035180,17035161,518,3417,16512400,97075,0,17164800,247916,3.017817063774689e-05,0.0056554940437437825,3.0407696176161765e-05,0.9924484992542878,0.0,0.014443279269202088,0.014553177600706303,0.15159496634474687,113100,17164800,0.006589065995525727
VIRAT_S_010003_02_000165_000202,VIRAT_S_010003,True,x264_crf45,libx264,True,300,d1,0.5,298,17164800,17164725,16009184,16009167,1272,3417,16512400,571392,864396,17164800,79647,7.410546921083793e-05,0.033288736056068476,7.945447755026854e-05,0.9326752423564504,0.05035864093959731,0.00464013562639821,0.0049750818030450525,0.3722563652326602,949868,17164800,0.055338133855331845
VIRAT_S_010003_02_000165_000202,VIRAT_S_010003,True,x264_crf45,libx264,True,300,d1,1.0,298,17164800,17164725,16774000,16773971,2343,3417,16512400,69789,419680,17164800,168390,0.00013650087606996325,0.004065838514744629,0.00013968069934066298,0.977232475764355,0.024450037285607757,0.009810192953020134,0.010038750447120545,0.6856892010535558,517828,17164800,0.0301680182699478
VIRAT_S_010003_02_000165_000202,VIRAT_S_010003,True,x264_crf45,libx264,True,300,d1,2.0,298,17164800,17164725,17128812,17128774,2689,3417,16512400,22126,153608,17164800,258358,0.00015665849583957798,0.0012890390029551887,0.0001569873010175743,0.9979033836689039,0.008949011931394482,0.01505161726323639,0.015083241032711433,0.7869476148668423,252964,17164800,0.014737369500372856
VIRAT_S_010003_02_000165_000202,VIRAT_S_010003,True,x264_qp24,libx264,True,300,d1,0.5,298,17164800,17164725,15931824,15931815,101,3417,16512400,601451,165652,17164800,54740,5.884160684193892e-06,0.03503994383830793,6.33951624469654e-06,0.9281683445190156,0.009650680462341537,0.003189084638329605,0.0034358903286905505,0.029558091893473807,249868,17164800,0.014557000372856078
VIRAT_S_010003_02_000165_000202,VIRAT_S_010003,True,x264_qp24,libx264,True,300,d1,1.0,298,17164800,17164725,16605740,16605726,212,3417,16512400,205339,79764,17164800,150402,1.2350911535139654e-05,0.011962848225066233,1.2766680601618984e-05,0.9674298564504101,0.004646951901565995,0.008762234340044743,0.009057229608557042,0.0620427275387767,175456,17164800,0.010221849366144668
VIRAT_S_010003_02_000165_000202,VIRAT_S_010003,True,x264_qp24,libx264,True,300,d1,2.0,298,17164800,17164725,17031944,17031923,526,3417,16512400,100602,40292,17164800,248096,3.0644242771148386e-05,0.005860973595557167,3.088318330232e-05,0.9922599739000746,0.002347362043251305,0.014453765846383295,0.01456651102187748,0.15393620134621014,136416,17164800,0.007947427293064876
VIRAT_S_010003_02_000165_000202,VIRAT_S_010003,True,x264_qp24_bf2_pb1,libx264,True,300,B,0.5,198,11404800,11404742,10613424,10613403,294,2465,10945046,457689,566992,11404800,68591,2.577875062846665e-05,0.04013146461357916,2.7700823194973375e-05,0.9306102693602694,0.0497152076318743,0.006014222081930415,0.006462664640553322,0.11926977687626775,624148,11404800,0.05472678170594837
VIRAT_S_010003_02_000165_000202,VIRAT_S_010003,True,x264_qp24_bf2_pb1,libx264,True,300,B,1.0,198,11404800,11404742,11024672,11024647,518,2465,10945046,191629,312172,11404800,115699,4.5419703488250766e-05,0.016802572123069508,4.698563137667809e-05,0.9666694725028059,0.027371983726150392,0.010144763608305275,0.01049455258170039,0.2101419878296146,377400,11404800,0.03309132996632996
VIRAT_S_010003_02_000165_000202,VIRAT_S_010003,True,x264_qp24_bf2_pb1,libx264,True,300,B,2.0,198,11404800,11404742,11351232,11351204,986,2465,10945046,36123,86772,11404800,168790,8.645526571315687e-05,0.003167366697115989,8.686303232679106e-05,0.9953030303030304,0.007608375420875421,0.014799908810325477,0.01486975158291188,0.4,153784,11404800,0.013484147025813693
VIRAT_S_010003_02_000165_000202,VIRAT_S_010003,True,x264_qp24_bf2_pb1,libx264,True,300,dgt1,0.5,99,5702400,5702383,5023440,5023437,147,952,5510846,544849,551472,5702400,33239,2.5778696380092323e-05,0.09554759825848247,2.926283339474547e-05,0.8809343434343434,0.0967087542087542,0.005828949214365881,0.006616780532861943,0.15441176470588236,559864,5702400,0.0981804152637486
VIRAT_S_010003_02_000165_000202,VIRAT_S_010003,True,x264_qp24_bf2_pb1,libx264,True,300,dgt1,1.0,99,5702400,5702383,5409048,5409045,331,952,5510846,230287,322732,5702400,60627,5.804590817558203e-05,0.04038434458015184,6.119379668684583e-05,0.9485563973063973,0.05659581930415264,0.010631839225589225,0.011208441855202617,0.3476890756302521,335292,5702400,0.058798400673400676
VIRAT_S_010003_02_000165_000202,VIRAT_S_010003,True,x264_qp24_bf2_pb1,libx264,True,300,dgt1,2.0,99,5702400,5702383,5610940,5610937,438,952,5510846,79297,96076,5702400,75261,7.68099932957853e-05,0.013905940726885585,7.806182817593568e-05,0.9839611391694725,0.01684834455667789,0.013198127104377105,0.013413260523192192,0.46008403361344535,111192,5702400,0.01949915824915825
VIRAT_S_010003_02_000165_000202,VIRAT_S_010003,True,x264_qp24_bf2_pb1,libx264,True,300,d1,0.5,1,57600,57600,44732,44732,0,0,56508,11967,2080,57600,1120,0.0,0.20776041666666667,0.0,0.7765972222222223,0.03611111111111111,0.019444444444444445,0.02503800411338639,,2276,57600,0.03951388888888889
VIRAT_S_010003_02_000165_000202,VIRAT_S_010003,True,x264_qp24_bf2_pb1,libx264,True,300,d1,1.0,1,57600,57600,53744,53744,0,0,56508,3025,888,57600,3185,0.0,0.05251736111111111,0.0,0.9330555555555555,0.015416666666666667,0.05529513888888889,0.059262429294432865,,1120,57600,0.019444444444444445
VIRAT_S_010003_02_000165_000202,VIRAT_S_010003,True,x264_qp24_bf2_pb1,libx264,True,300,d1,2.0,1,57600,57600,56400,56400,0,0,56508,968,384,57600,3393,0.0,0.016805555555555556,0.0,0.9791666666666666,0.006666666666666667,0.05890625,0.060159574468085106,,604,57600,0.010486111111111111
VIRAT_S_010003_03_000219_000259,VIRAT_S_010003,True,nvenc_qp18,h264_nvenc,True,300,d1,0.5,298,17164800,17164568,15993936,15993903,209,4085,16816546,848072,194240,17164800,80881,1.2176245857163431e-05,0.049408292710891415,1.3067479526417035e-05,0.9317869127516778,0.011316181953765846,0.0047120269388516035,0.005056979095077034,0.05116279069767442,0,17164800,0.0
VIRAT_S_010003_03_000219_000259,VIRAT_S_010003,True,nvenc_qp18,h264_nvenc,True,300,d1,1.0,298,17164800,17164568,16692628,16692590,301,4085,16816546,394225,165920,17164800,161568,1.7536124416297573e-05,0.022967370923637577,1.803195310014803e-05,0.9724918437733036,0.009666293810589113,0.00941275167785235,0.009679003210279412,0.07368421052631578,0,17164800,0.0
VIRAT_S_010003_03_000219_000259,VIRAT_S_010003,True,nvenc_qp18,h264_nvenc,True,300,d1,2.0,298,17164800,17164568,16891492,16891435,712,4085,16816546,253388,147720,17164800,181346,4.148079928373379e-05,0.014762270742846542,4.2151540114857025e-05,0.9840774142431021,0.008605984340044743,0.010564993475018642,0.010735937358286644,0.17429620563035494,0,17164800,0.0
VIRAT_S_010003_03_000219_000259,VIRAT_S_010003,True,nvenc_qp23,h264_nvenc,True,300,d1,0.5,298,17164800,17164568,16104388,16104355,199,4085,16816546,740568,168676,17164800,81239,1.1593650361605372e-05,0.04314515809544406,1.2356905942523e-05,0.9382217095451156,0.009826854958985831,0.004732883575689783,0.005044525752856923,0.04871481028151775,223436,17164800,0.013017104772557792
VIRAT_S_010003_03_000219_000259,VIRAT_S_010003,True,nvenc_qp23,h264_nvenc,True,300,d1,1.0,298,17164800,17164568,16793852,16793814,298,4085,16816546,295774,104080,17164800,162147,1.7361345767630157e-05,0.017231660010318933,1.774462906401131e-05,0.978389028709918,0.006063571961222968,0.009446483501118569,0.009655140464498555,0.07294981640146879,182208,17164800,0.010615212527964206
VIRAT_S_010003_03_000219_000259,VIRAT_S_010003,True,nvenc_qp23,h264_nvenc,True,300,d1,2.0,298,17164800,17164568,16989100,16989043,709,4085,16816546,157327,68864,17164800,181907,4.1306020635066376e-05,0.009165800152966273,4.173278035731618e-05,0.9897639354958986,0.00401193139448173,0.01059767664056674,0.010707277018794403,0.17356181150550795,152896,17164800,0.008907531692766592
VIRAT_S_010003_03_000219_000259,VIRAT_S_010003,True,nvenc_qp28,h264_nvenc,True,300,d1,0.5,298,17164800,17164568,16159216,16159189,176,4085,16816546,686457,243528,17164800,81151,1.0253680721821837e-05,0.039992675609429845,1.0891635712658599e-05,0.9414159209545115,0.014187639821029083,0.004727756804623415,0.005021963936864264,0.0430844553243574,326296,17164800,0.01900960104399702
VIRAT_S_010003_03_000219_000259,VIRAT_S_010003,True,nvenc_qp28,h264_nvenc,True,300,d1,1.0,298,17164800,17164568,16829988,16829956,286,4085,16816546,261025,132976,17164800,162218,1.6662231172960485e-05,0.015207198922804232,1.6993508479760733e-05,0.9804942673378076,0.007747017151379568,0.009450619873228934,0.009638628381672048,0.07001223990208079,242456,17164800,0.014125186428038778
VIRAT_S_010003_03_000219_000259,VIRAT_S_010003,True,nvenc_qp28,h264_nvenc,True,300,d1,2.0,298,17164800,17164568,17016412,17016361,699,4085,16816546,129487,74400,17164800,181903,4.072342513950832e-05,0.007543854293332638,4.1078112999600795e-05,0.9913550988068606,0.004334451901565996,0.01059744360551827,0.01068985635749769,0.1711138310893513,191040,17164800,0.011129753914988815
VIRAT_S_010003_03_000219_000259,VIRAT_S_010003,True,nvenc_qp28_bf2_bqeq,h264_nvenc,True,300,B,0.5,198,11404800,11404590,10754400,10754311,832,3224,11175598,519357,746680,11404800,81142,7.295308292538355e-05,0.04553929602028657,7.736432394413738e-05,0.9429713804713805,0.06547067901234568,0.007114723625140292,0.0075450048352302315,0.25806451612903225,810668,11404800,0.07108129910213244
VIRAT_S_010003_03_000219_000259,VIRAT_S_010003,True,nvenc_qp28_bf2_bqeq,h264_nvenc,True,300,B,1.0,198,11404800,11404590,11159160,11159060,1208,3224,11175598,202227,330768,11404800,115942,0.00010592226463204727,0.01773207103455714,0.00010825284566979657,0.9784617003367003,0.029002525252525252,0.010166070426487093,0.010389850132088796,0.3746898263027295,410476,11404800,0.03599151234567901
VIRAT_S_010003_03_000219_000259,VIRAT_S_010003,True,nvenc_qp28_bf2_bqeq,h264_nvenc,True,300,B,2.0,198,11404800,11404590,11308864,11308741,1550,3224,11175598,84409,151156,11404800,129124,0.00013591019054608715,0.007401318241164303,0.00013706211858596814,0.9915881032547699,0.013253717732884399,0.011321899551066219,0.011417946134996406,0.4807692307692308,238560,11404800,0.020917508417508418
VIRAT_S_010003_03_000219_000259,VIRAT_S_010003,True,nvenc_qp28_bf2_bqeq,h264_nvenc,True,300,dgt1,0.5,99,5702400,5702378,5012356,5012353,113,861,5583376,580564,514528,5702400,20472,1.9816294184636654e-05,0.10181085855760527,2.254430204736179e-05,0.8789906004489337,0.09023007856341189,0.00359006734006734,0.00408430686088538,0.13124274099883856,531804,5702400,0.09325968013468014
VIRAT_S_010003_03_000219_000259,VIRAT_S_010003,True,nvenc_qp28_bf2_bqeq,h264_nvenc,True,300,dgt1,1.0,99,5702400,5702378,5388276,5388273,121,861,5583376,236973,288504,5702400,31095,2.1219217666734827e-05,0.041556873290406214,2.245617473353707e-05,0.9449137205387206,0.05059343434343434,0.005452967171717172,0.0057708625170648275,0.140534262485482,314540,5702400,0.05515923120089787
VIRAT_S_010003_03_000219_000259,VIRAT_S_010003,True,nvenc_qp28_bf2_bqeq,h264_nvenc,True,300,dgt1,2.0,99,5702400,5702378,5580692,5580689,195,861,5583376,111439,117196,5702400,47371,3.41962598761429e-05,0.01954254874019225,3.494192204582624e-05,0.9786567059483726,0.020552048260381595,0.008307203984287317,0.008488373843243812,0.2264808362369338,146588,5702400,0.025706369248035914
VIRAT_S_010003_03_000219_000259,VIRAT_S_010003,True,nvenc_qp28_bf2_bqeq,h264_nvenc,True,300,d1,0.5,1,57600,57600,57020,57020,0,0,57572,556,608,57600,16,0.0,0.009652777777777777,0.0,0.9899305555555555,0.010555555555555556,0.0002777777777777778,0.0002806032970887408,,760,57600,0.013194444444444444
VIRAT_S_010003_03_000219_000259,VIRAT_S_010003,True,nvenc_qp28_bf2_bqeq,h264_nvenc,True,300,d1,1.0,1,57600,57600,57440,57440,0,0,57572,146,200,57600,46,0.0,0.002534722222222222,0.0,0.9972222222222222,0.003472222222222222,0.0007986111111111112,0.0008008356545961003,,376,57600,0.006527777777777778
VIRAT_S_010003_03_000219_000259,VIRAT_S_010003,True,nvenc_qp28_bf2_bqeq,h264_nvenc,True,300,d1,2.0,1,57600,57600,57512,57512,0,0,57572,88,136,57600,60,0.0,0.0015277777777777779,0.0,0.9984722222222222,0.002361111111111111,0.0010416666666666667,0.001043260536931423,,276,57600,0.004791666666666666
VIRAT_S_010003_03_000219_000259,VIRAT_S_010003,True,nvenc_qp45,h264_nvenc,True,300,d1,0.5,298,17164800,17164568,16676988,16676933,1533,4085,16816546,265891,810268,17164800,102298,8.931188946905043e-05,0.015490689890942783,9.1923377038212e-05,0.9715806767337808,0.04720521066368382,0.005959754847129008,0.006134081286141118,0.3752753977968176,910476,17164800,0.053043204697986575
VIRAT_S_010003_03_000219_000259,VIRAT_S_010003,True,nvenc_qp45,h264_nvenc,True,300,d1,1.0,298,17164800,17164568,17057812,17057746,1671,4085,16816546,63561,352632,17164800,174094,9.735170730775164e-05,0.0037030352293165782,9.796136019377942e-05,0.9937670115585384,0.02054390380313199,0.010142500932140194,0.010206115532285148,0.4090575275397797,480936,17164800,0.028018736017897092
VIRAT_S_010003_03_000219_000259,VIRAT_S_010003,True,nvenc_qp45,h264_nvenc,True,300,d1,2.0,298,17164800,17164568,17115684,17115609,1884,4085,16816546,37331,154816,17164800,187958,0.0001097609913631383,0.0021748872444677897,0.00011007496139927011,0.997138562639821,0.009019388516032812,0.010950200410141685,0.01098162363829573,0.46119951040391677,289840,17164800,0.01688571961222968
VIRAT_S_010003_03_000219_000259,VIRAT_S_010003,True,x264_crf12,libx264,True,300,d1,0.5,298,17164800,17164568,16094536,16094500,227,4085,16816546,738131,0,17164800,81589,1.3224917749167937e-05,0.04300317957317656,1.4104197085961042e-05,0.9376477442207308,0.0,0.004753274142431022,0.00506936018534489,0.055569155446756426,194240,17164800,0.011316181953765846
VIRAT_S_010003_03_000219_000259,VIRAT_S_010003,True,x264_crf12,libx264,True,300,d1,1.0,298,17164800,17164568,16824316,16824275,301,4085,16816546,258542,0,17164800,166654,1.7536124416297573e-05,0.015062540461257167,1.7890815503194047e-05,0.9801638236390753,0.0,0.009709055741983594,0.00990554385687953,0.07368421052631578,165920,17164800,0.009666293810589113
VIRAT_S_010003_03_000219_000259,VIRAT_S_010003,True,x264_crf12,libx264,True,300,d1,2.0,298,17164800,17164568,17029284,17029224,724,4085,16816546,118383,0,17164800,186510,4.2179913878403464e-05,0.006896940255064969,4.2515149251662904e-05,0.9921050055928412,0.0,0.010865841722595079,0.010952310149974597,0.17723378212974297,147720,17164800,0.008605984340044743
VIRAT_S_010003_03_000219_000259,VIRAT_S_010003,True,x264_crf45,libx264,True,300,d1,0.5,298,17164800,17164568,16315676,16315598,1782,4085,16816546,592159,1040820,17164800,106758,0.0001038185173084461,0.03449891660541646,0.00010922063659572882,0.9505310868754661,0.060636884787472034,0.006219588926174496,0.006543277765506008,0.4362301101591187,1142604,17164800,0.06656669463087249
VIRAT_S_010003_03_000219_000259,VIRAT_S_010003,True,x264_crf45,libx264,True,300,d1,1.0,298,17164800,17164568,17072932,17072848,2347,4085,16816546,48629,369664,17164800,186730,0.00013673516280747643,0.0028331036353492845,0.00013746974142802654,0.9946478840417599,0.021536167039522745,0.010878658650260999,0.010937195790389138,0.5745410036719706,499344,17164800,0.029091163310961968
VIRAT_S_010003_03_000219_000259,VIRAT_S_010003,True,x264_crf45,libx264,True,300,d1,2.0,298,17164800,17164568,17135616,17135518,2510,4085,16816546,21808,148012,17164800,197757,0.00014623146938507278,0.0012705242567130149,0.00014647937692925303,0.9982997762863535,0.008622995898583147,0.011521078020134228,0.011540699791591969,0.6144430844553244,284180,17164800,0.016555975018642803
VIRAT_S_010003_03_000219_000259,VIRAT_S_010003,True,x264_qp24,libx264,True,300,d1,0.5,298,17164800,17164568,16077992,16077957,229,4085,16816546,760555,204888,17164800,81233,1.3341436848279549e-05,0.04430959171241595,1.4243103150481121e-05,0.9366839112602535,0.011936521252796421,0.004732534023117077,0.005052434408475884,0.05605875152998776,316568,17164800,0.01844285980611484
VIRAT_S_010003_03_000219_000259,VIRAT_S_010003,True,x264_qp24,libx264,True,300,d1,1.0,298,17164800,17164568,16806308,16806267,333,4085,16816546,280488,90168,17164800,166575,1.9400430002083362e-05,0.016341104535808882,1.981403722789838e-05,0.9791146998508575,0.005253076062639821,0.009704453299776287,0.009911457055291383,0.08151774785801713,219888,17164800,0.012810402684563758
VIRAT_S_010003_03_000219_000259,VIRAT_S_010003,True,x264_qp24,libx264,True,300,d1,2.0,298,17164800,17164568,17018768,17018708,739,4085,16816546,128292,41396,17164800,186559,4.305380712174055e-05,0.007474234131613449,4.342280271804417e-05,0.9914923564504101,0.002411679716629381,0.01086869640193885,0.010961956823196603,0.18090575275397797,172204,17164800,0.01003239187173751
VIRAT_S_010003_03_000219_000259,VIRAT_S_010003,True,x264_qp24_bf2_pb1,libx264,True,300,B,0.5,198,11404800,11404590,10844596,10844502,959,3224,11175598,410092,628700,11404800,83027,8.408895015077262e-05,0.035958504426726434,8.843190770770294e-05,0.950879980359147,0.05512591189674523,0.007280004910213244,0.007656071281954625,0.29745657568238215,695888,11404800,0.06101711560044893
VIRAT_S_010003_03_000219_000259,VIRAT_S_010003,True,x264_qp24_bf2_pb1,libx264,True,300,B,1.0,198,11404800,11404590,11243448,11243336,1228,3224,11175598,119655,252304,11404800,124472,0.0001076759445100613,0.010491828290188424,0.00010922025277906842,0.9858522727272727,0.022122615039281705,0.010914001122334456,0.011070625309958297,0.38089330024813894,333684,11404800,0.02925820707070707
VIRAT_S_010003_03_000219_000259,VIRAT_S_010003,True,x264_qp24_bf2_pb1,libx264,True,300,B,2.0,198,11404800,11404590,11357868,11357745,1574,3224,11175598,39261,108544,11404800,137207,0.00013801460639970397,0.003442561284535437,0.00013858384740985115,0.9958848905723906,0.009517396184062851,0.012030636223344557,0.012080348178020735,0.4882133995037221,195068,11404800,0.017104026374859707
VIRAT_S_010003_03_000219_000259,VIRAT_S_010003,True,x264_qp24_bf2_pb1,libx264,True,300,dgt1,0.5,99,5702400,5702378,4956284,4956284,32,861,5583376,634204,552336,5702400,21189,5.611693928392681e-06,0.1112174605050735,6.456450033936715e-06,0.8691575476992144,0.09686026936026935,0.003715803872053872,0.004275178742783908,0.03716608594657375,568564,5702400,0.099706088664422
VIRAT_S_010003_03_000219_000259,VIRAT_S_010003,True,x264_qp24_bf2_pb1,libx264,True,300,dgt1,1.0,99,5702400,5702378,5372676,5372676,45,861,5583376,251307,298704,5702400,32323,7.891444586802207e-06,0.04407056143945561,8.375714448442453e-06,0.9421780303030303,0.052382154882154884,0.005668315095398429,0.0060161826248223416,0.05226480836236934,319604,5702400,0.056047278338945
VIRAT_S_010003_03_000219_000259,VIRAT_S_010003,True,x264_qp24_bf2_pb1,libx264,True,300,dgt1,2.0,99,5702400,5702378,5581764,5581764,103,861,5583376,109921,116180,5702400,49780,1.806263983201394e-05,0.01927634400946412,1.845294784946121e-05,0.978844696969697,0.020373877665544333,0.008729657687991022,0.008918327611127952,0.11962833914053426,139908,5702400,0.02453493265993266
VIRAT_S_010003_03_000219_000259,VIRAT_S_010003,True,x264_qp24_bf2_pb1,libx264,True,300,d1,0.5,1,57600,57600,56856,56856,0,0,57572,721,484,57600,15,0.0,0.012517361111111111,0.0,0.9870833333333333,0.008402777777777778,0.00026041666666666666,0.0002638243984803715,,604,57600,0.010486111111111111
VIRAT_S_010003_03_000219_000259,VIRAT_S_010003,True,x264_qp24_bf2_pb1,libx264,True,300,d1,1.0,1,57600,57600,57384,57384,0,0,57572,202,160,57600,46,0.0,0.0035069444444444445,0.0,0.99625,0.002777777777777778,0.0007986111111111112,0.0008016171755193085,,304,57600,0.005277777777777778
VIRAT_S_010003_03_000219_000259,VIRAT_S_010003,True,x264_qp24_bf2_pb1,libx264,True,300,d1,2.0,1,57600,57600,57520,57520,0,0,57572,80,96,57600,64,0.0,0.001388888888888889,0.0,0.9986111111111111,0.0016666666666666668,0.0011111111111111111,0.0011126564673157164,,212,57600,0.0036805555555555554
VIRAT_S_010003_05_000499_000523,VIRAT_S_010003,True,nvenc_qp18,h264_nvenc,True,237,d1,0.5,236,13593600,13593376,13373268,13373255,160,3292,13574038,204730,104540,13593600,11861,1.1770438778416782e-05,0.015061012069407924,1.1964177756275491e-05,0.9837914901129944,0.007690383709981168,0.000872542961393597,0.0008869185901306995,0.04860267314702309,0,13593600,0.0
VIRAT_S_010003_05_000499_000523,VIRAT_S_010003,True,nvenc_qp18,h264_nvenc,True,237,d1,1.0,236,13593600,13593376,13425416,13425400,205,3292,13574038,155573,94508,13593600,19174,1.5080874684846501e-05,0.011444765450466462,1.526956366290762e-05,0.9876277071563089,0.006952389359698682,0.001410516713747646,0.0014281866573073042,0.06227217496962333,0,13593600,0.0
VIRAT_S_010003_05_000499_000523,VIRAT_S_010003,True,nvenc_qp18,h264_nvenc,True,237,d1,2.0,236,13593600,13593376,13454732,13454699,649,3292,13574038,134188,88944,13593600,28047,4.774384229495307e-05,0.009871572742488694,4.8235936010162696e-05,0.9897843102636534,0.006543079096045198,0.0020632503531073446,0.0020845454223837384,0.19714459295261239,0,13593600,0.0
VIRAT_S_010003_05_000499_000523,VIRAT_S_010003,True,nvenc_qp23,h264_nvenc,True,237,d1,0.5,236,13593600,13593376,13447800,13447786,135,3292,13574038,129971,89256,13593600,11142,9.931307719289159e-06,0.009561348115435048,1.0038827209177778e-05,0.9892743644067796,0.006566031073446328,0.0008196504237288135,0.000828537009771115,0.04100850546780073,125212,13593600,0.00921109934086629
VIRAT_S_010003_05_000499_000523,VIRAT_S_010003,True,nvenc_qp23,h264_nvenc,True,237,d1,1.0,236,13593600,13593376,13488868,13488853,172,3292,13574038,91963,58680,13593600,18730,1.2653221686798041e-05,0.00676528038362214,1.2751269511203065e-05,0.9922954919962336,0.004316737288135593,0.0013778542843691148,0.001388552397428754,0.05224787363304982,97556,13593600,0.007176612523540489
VIRAT_S_010003_05_000499_000523,VIRAT_S_010003,True,nvenc_qp23,h264_nvenc,True,237,d1,2.0,236,13593600,13593376,13514656,13514621,599,3292,13574038,74066,46900,13593600,27901,4.406558017669783e-05,0.005448683241013858,4.4322367604685326e-05,0.9941925612052731,0.003450153013182674,0.002052510004708098,0.002064499458957742,0.18195625759416767,84764,13593600,0.006235581450094162
VIRAT_S_010003_05_000499_000523,VIRAT_S_010003,True,nvenc_qp28,h264_nvenc,True,237,d1,0.5,236,13593600,13593376,13492364,13492357,129,3292,13574038,85098,97028,13593600,10428,9.48991626509853e-06,0.0062602549947856955,9.560968480155098e-06,0.9925526718455744,0.007137770715630885,0.0007671257062146893,0.0007728816091827941,0.03918590522478736,161432,13593600,0.011875588512241055
VIRAT_S_010003_05_000499_000523,VIRAT_S_010003,True,nvenc_qp28,h264_nvenc,True,237,d1,1.0,236,13593600,13593376,13526696,13526686,180,3292,13574038,53980,55356,13593600,18409,1.324174362571888e-05,0.003971051782868362,1.3307028787391087e-05,0.9950782721280602,0.004072210451977401,0.0013542402306967985,0.0013609383991478776,0.054678007290400975,124400,13593600,0.009151365348399247
VIRAT_S_010003_05_000499_000523,VIRAT_S_010003,True,nvenc_qp28,h264_nvenc,True,237,d1,2.0,236,13593600,13593376,13548636,13548604,553,3292,13574038,39975,39856,13593600,27789,4.0681579027903e-05,0.002940770563545068,4.081601322173118e-05,0.9966922669491526,0.0029319679849340867,0.0020442708333333333,0.002051055176329189,0.16798298906439854,108560,13593600,0.00798611111111111
VIRAT_S_010003_05_000499_000523,VIRAT_S_010003,True,nvenc_qp28_bf2_bqeq,h264_nvenc,True,237,B,0.5,157,9043200,9043034,8938164,8938132,393,2338,9029942,96068,162908,9043200,10077,4.3458865686007596e-05,0.010623425721942437,4.3968918785267435e-05,0.98838508492569,0.018014419674451523,0.001114317940552017,0.001127412743825242,0.1680923866552609,212184,9043200,0.023463375796178344
VIRAT_S_010003_05_000499_000523,VIRAT_S_010003,True,nvenc_qp28_bf2_bqeq,h264_nvenc,True,237,B,1.0,157,9043200,9043034,8991300,8991259,507,2338,9029942,44990,91536,9043200,14678,5.606525420561285e-05,0.004975100171026671,5.6388098707867275e-05,0.994260881104034,0.01012208067940552,0.0016230980184005661,0.001632466940264478,0.21685201026518391,145036,9043200,0.016038128096249115
VIRAT_S_010003_05_000499_000523,VIRAT_S_010003,True,nvenc_qp28_bf2_bqeq,h264_nvenc,True,237,B,2.0,157,9043200,9043034,9014928,9014865,792,2338,9029942,24831,65028,9043200,18918,8.758122550462599e-05,0.002745870467809808,8.785489300172548e-05,0.9968736730360934,0.007190817409766455,0.002091958598726115,0.002098519256060614,0.33875106928999144,117912,9043200,0.013038747346072186
VIRAT_S_010003_05_000499_000523,VIRAT_S_010003,True,nvenc_qp28_bf2_bqeq,h264_nvenc,True,237,dgt1,0.5,79,4550400,4550342,4481616,4481616,23,954,4544096,63098,62056,4550400,1663,5.0545651293902745e-06,0.013866650023229024,5.132077357810219e-06,0.9848839662447257,0.013637482419127989,0.0003654623769338959,0.00037107150634949537,0.02410901467505241,76272,4550400,0.016761603375527425
VIRAT_S_010003_05_000499_000523,VIRAT_S_010003,True,nvenc_qp28_bf2_bqeq,h264_nvenc,True,237,dgt1,1.0,79,4550400,4550342,4498044,4498042,31,954,4544096,46867,48068,4550400,2159,6.812674739612978e-06,0.010299665387788435,6.8918876257713916e-06,0.9884941983122363,0.010563466947960619,0.00047446378340365683,0.00047998641187147124,0.03249475890985325,62676,4550400,0.01377373417721519
VIRAT_S_010003_05_000499_000523,VIRAT_S_010003,True,nvenc_qp28_bf2_bqeq,h264_nvenc,True,237,dgt1,2.0,79,4550400,4550342,4507108,4507106,32,954,4544096,38191,42676,4550400,3323,7.032438440890816e-06,0.008392995515501912,7.099899580795304e-06,0.9904861111111111,0.00937851617440225,0.0007302654711673699,0.0007372798699298974,0.033542976939203356,56824,4550400,0.012487693389592124
VIRAT_S_010003_05_000499_000523,VIRAT_S_010003,True,nvenc_qp45,h264_nvenc,True,237,d1,0.5,236,13593600,13593376,13547984,13547974,239,3292,13574038,30224,122808,13593600,12247,1.758209292526007e-05,0.00222343588524293,1.7641014073395772e-05,0.9966443032015065,0.009034251412429379,0.0009009386770244822,0.0009039721334185218,0.07260024301336573,199500,13593600,0.014676024011299435
VIRAT_S_010003_05_000499_000523,VIRAT_S_010003,True,nvenc_qp45,h264_nvenc,True,237,d1,1.0,236,13593600,13593376,13563356,13563343,292,3292,13574038,17793,79800,13593600,17945,2.1481050770610626e-05,0.0013089463574023112,2.1528615769725795e-05,0.997775129472693,0.005870409604519774,0.001320106520715631,0.0013230501359692984,0.08869987849331713,160292,13593600,0.011791725517890771
VIRAT_S_010003_05_000499_000523,VIRAT_S_010003,True,nvenc_qp45,h264_nvenc,True,237,d1,2.0,236,13593600,13593376,13580268,13580234,685,3292,13574038,7514,60936,13593600,26390,5.039219102009685e-05,0.0005527692311313981,5.044095705567371e-05,0.9990192443502824,0.004482697740112994,0.0019413547551789076,0.0019432606190098753,0.2080801944106926,139944,13593600,0.010294844632768361
VIRAT_S_010003_05_000499_000523,VIRAT_S_010003,True,x264_crf12,libx264,True,237,d1,0.5,236,13593600,13593376,13452096,13452079,199,3292,13574038,126434,0,13593600,13542,1.4639483230655872e-05,0.009301147853189671,1.4793252403587579e-05,0.989590395480226,0.0,0.0009962040960451977,0.0010066832707705921,0.060449574726609966,104540,13593600,0.007690383709981168
VIRAT_S_010003_05_000499_000523,VIRAT_S_010003,True,x264_crf12,libx264,True,237,d1,1.0,236,13593600,13593376,13507508,13507488,247,3292,13574038,74032,0,13593600,20562,1.8170614864180906e-05,0.0054461820227734445,1.8286153576445893e-05,0.9936667255178908,0.0,0.0015126235875706215,0.0015222645065248157,0.0750303766707169,94508,13593600,0.006952389359698682
VIRAT_S_010003_05_000499_000523,VIRAT_S_010003,True,x264_crf12,libx264,True,237,d1,2.0,236,13593600,13593376,13534412,13534375,716,3292,13574038,54785,0,13593600,28914,5.26727135334151e-05,0.004030271802972271,5.2902332024936505e-05,0.9956458921845575,0.0,0.0021270303672316386,0.0021363321879073875,0.2174969623329283,88944,13593600,0.006543079096045198
VIRAT_S_010003_05_000499_000523,VIRAT_S_010003,True,x264_crf45,libx264,True,237,d1,0.5,236,13593600,13593376,13536640,13536618,630,3292,13574038,45282,148368,13593600,18347,4.634610269001608e-05,0.0033311813047766795,4.654042834037276e-05,0.9958097928436912,0.01091454802259887,0.0013496792608286253,0.0013553584936882416,0.1913730255164034,224924,13593600,0.016546315913371
VIRAT_S_010003_05_000499_000523,VIRAT_S_010003,True,x264_crf45,libx264,True,237,d1,1.0,236,13593600,13593376,13561728,13561702,742,3292,13574038,22138,87724,13593600,21731,5.4585409834907825e-05,0.001628587335478692,5.471289665559677e-05,0.9976553672316384,0.006453330979284369,0.001598619938794727,0.001602376924238563,0.22539489671931956,168208,13593600,0.012374058380414313
VIRAT_S_010003_05_000499_000523,VIRAT_S_010003,True,x264_crf45,libx264,True,237,d1,2.0,236,13593600,13593376,13579088,13579042,1200,3292,13574038,9265,62812,13593600,27652,8.827829083812586e-05,0.0006815819705126968,8.837147716311651e-05,0.9989324387947269,0.0046207038606403015,0.002034192561205273,0.0020363665070879575,0.3645200486026732,141404,13593600,0.010402248116760828
VIRAT_S_010003_05_000499_000523,VIRAT_S_010003,True,x264_qp24,libx264,True,237,d1,0.5,236,13593600,13593376,13458260,13458241,163,3292,13574038,119721,78844,13593600,12030,1.1991134505512096e-05,0.008807304381192722,1.2111538201760542e-05,0.9900438441619586,0.005800082391713748,0.0008849752824858757,0.000893874839689529,0.04951397326852977,148552,13593600,0.010928083804143127
VIRAT_S_010003_05_000499_000523,VIRAT_S_010003,True,x264_qp24,libx264,True,237,d1,1.0,236,13593600,13593376,13502600,13502579,217,3292,13574038,78423,40580,13593600,19677,1.596365759322776e-05,0.00576920700199862,1.607100391710354e-05,0.9933056732580038,0.002985228342749529,0.001447519420903955,0.0014572748952053679,0.06591737545565006,114984,13593600,0.008458686440677966
VIRAT_S_010003_05_000499_000523,VIRAT_S_010003,True,x264_qp24,libx264,True,237,d1,2.0,236,13593600,13593376,13529768,13529729,687,3292,13574038,59303,26524,13593600,28695,5.053932150482706e-05,0.004362639567977815,5.077707025765261e-05,0.9953042608286252,0.0019512123352165725,0.0021109198446327684,0.002120878938944112,0.20868772782503037,100732,13593600,0.0074102518832391715
VIRAT_S_010003_05_000499_000523,VIRAT_S_010003,True,x264_qp24_bf2_pb1,libx264,True,237,B,0.5,157,9043200,9043034,9000588,9000544,470,2338,9029942,34025,113796,9043200,10527,5.19737070545129e-05,0.0037625646436804283,5.2219065869796314e-05,0.9952879511677283,0.012583598726114649,0.0011640790870488323,0.0011695902534367756,0.20102651839178784,161296,9043200,0.017836164189667374
VIRAT_S_010003_05_000499_000523,VIRAT_S_010003,True,x264_qp24_bf2_pb1,libx264,True,237,B,1.0,157,9043200,9043034,9018068,9018017,589,2338,9029942,18524,73640,9043200,15023,6.513300735129382e-05,0.002048427552080419,6.531369368676062e-05,0.9972208952583156,0.008143135173389951,0.0016612482307147912,0.0016658778798296931,0.25192472198460225,124908,9043200,0.013812367303609342
VIRAT_S_010003_05_000499_000523,VIRAT_S_010003,True,x264_qp24_bf2_pb1,libx264,True,237,B,2.0,157,9043200,9043034,9028984,9028918,868,2338,9029942,11027,57652,9043200,19189,9.598548451769616e-05,0.0012193916333832207,9.613555023979618e-05,0.9984279900920028,0.006375176928520877,0.002121925866949752,0.002125266807428167,0.3712574850299401,107768,9043200,0.011917020523708423
VIRAT_S_010003_05_000499_000523,VIRAT_S_010003,True,x264_qp24_bf2_pb1,libx264,True,237,dgt1,0.5,79,4550400,4550342,4448040,4448040,34,954,4544096,96852,91456,4550400,2242,7.471965843446493e-06,0.02128455399616117,7.64381615273244e-06,0.9775052742616034,0.02009845288326301,0.0004927039381153305,0.0005040422298360626,0.03563941299790356,100624,4550400,0.02211322081575246
VIRAT_S_010003_05_000499_000523,VIRAT_S_010003,True,x264_qp24_bf2_pb1,libx264,True,237,dgt1,1.0,79,4550400,4550342,4476956,4476954,34,954,4544096,68072,67428,4550400,2852,7.471965843446493e-06,0.014959754673384989,7.594449261707849e-06,0.9838598804500703,0.014818037974683545,0.0006267580872011252,0.0006370399887780894,0.03563941299790356,76948,4550400,0.016910161744022503
VIRAT_S_010003_05_000499_000523,VIRAT_S_010003,True,x264_qp24_bf2_pb1,libx264,True,237,dgt1,2.0,79,4550400,4550342,4491024,4491022,39,954,4544096,54436,57584,4550400,4066,8.570784349835682e-06,0.01196305684276039,8.68399219598568e-06,0.9869514767932489,0.012654711673699016,0.0008935478199718706,0.0009053614498608781,0.040880503144654086,67180,4550400,0.014763537271448664
VIRAT_S_010003_06_000526_000560,VIRAT_S_010003,True,nvenc_qp18,h264_nvenc,True,300,d1,0.5,298,17164800,17163841,16889248,16889216,263,11201,17144442,256263,134400,17164800,4508,1.532291053034108e-05,0.014930399320292002,1.5572066814705904e-05,0.9839466815809098,0.007829977628635347,0.00026263049962714394,0.0002669153771677697,0.02348004642442639,0,17164800,0.0
VIRAT_S_010003_06_000526_000560,VIRAT_S_010003,True,nvenc_qp18,h264_nvenc,True,300,d1,1.0,298,17164800,17163841,16951496,16951451,385,11201,17144442,194650,118588,17164800,5632,2.2430876631868124e-05,0.01134070165296917,2.271192005923269e-05,0.98757317300522,0.006908790082028337,0.00032811334824757644,0.0003322420628834175,0.03437193107758236,0,17164800,0.0
VIRAT_S_010003_06_000526_000560,VIRAT_S_010003,True,nvenc_qp18,h264_nvenc,True,300,d1,2.0,298,17164800,17163841,16983864,16983805,1254,11201,17144442,167101,111964,17164800,9928,7.306056960094189e-05,0.009735641340420247,7.383504462044872e-05,0.9894588926174497,0.006522884041759881,0.000578392990305742,0.0005845548457053118,0.11195428979555397,0,17164800,0.0
VIRAT_S_010003_06_000526_000560,VIRAT_S_010003,True,nvenc_qp23,h264_nvenc,True,300,d1,0.5,298,17164800,17163841,16987828,16987797,210,11201,17144442,157620,114988,17164800,4382,1.2235023617382613e-05,0.009183259155104035,1.2361814777984455e-05,0.9896898303504847,0.006699058538404176,0.0002552898956002983,0.0002579493976510711,0.01874832604231765,167372,17164800,0.00975088553318419
VIRAT_S_010003_06_000526_000560,VIRAT_S_010003,True,nvenc_qp23,h264_nvenc,True,300,d1,1.0,298,17164800,17163841,17036628,17036585,319,11201,17144442,109412,72000,17164800,5522,1.8585583494976446e-05,0.006374563828690793,1.8724409850917892e-05,0.9925328579418344,0.0041946308724832215,0.00032170488441461595,0.0003241251731269826,0.028479600035711098,127612,17164800,0.007434517151379568
VIRAT_S_010003_06_000526_000560,VIRAT_S_010003,True,nvenc_qp23,h264_nvenc,True,300,d1,2.0,298,17164800,17163841,17063328,17063266,1189,11201,17144442,87580,55316,17164800,9904,6.927353848127584e-05,0.005102587468620806,6.968185340368016e-05,0.9940883668903803,0.0032226416853094707,0.0005769947800149143,0.0005804260458452185,0.10615123649674137,109888,17164800,0.006401938851603281
VIRAT_S_010003_06_000526_000560,VIRAT_S_010003,True,nvenc_qp28,h264_nvenc,True,300,d1,0.5,298,17164800,17163841,17038236,17038209,212,11201,17144442,107157,132484,17164800,4365,1.2351547651833876e-05,0.006243182979846993,1.2442622343698213e-05,0.99262653803132,0.007718353840417599,0.0002542994966442953,0.00025618849275241875,0.018926881528434962,218556,17164800,0.012732802013422818
VIRAT_S_010003_06_000526_000560,VIRAT_S_010003,True,nvenc_qp28,h264_nvenc,True,300,d1,1.0,298,17164800,17163841,17080644,17080612,280,11201,17144442,65233,69008,17164800,5548,1.6313364823176817e-05,0.003800606169679619,1.6392855244296866e-05,0.9950971756152125,0.004020320656226696,0.00032321961222967936,0.00032481210895795264,0.024997768056423533,160252,17164800,0.009336083146905294
VIRAT_S_010003_06_000526_000560,VIRAT_S_010003,True,nvenc_qp28,h264_nvenc,True,300,d1,2.0,298,17164800,17163841,17101852,17101803,1140,11201,17144442,48961,48712,17164800,9988,6.64186996372199e-05,0.0028525666253841433,6.665963816797562e-05,0.9963327274422074,0.0028379008202833707,0.0005818885160328113,0.0005840303143776475,0.10177662708686724,138796,17164800,0.008086083146905294
VIRAT_S_010003_06_000526_000560,VIRAT_S_010003,True,nvenc_qp28_bf2_bqeq,h264_nvenc,True,300,B,0.5,198,11404800,11404212,11275912,11275788,819,7182,11391753,117764,199804,11404800,4732,7.18155712994462e-05,0.010326360120278367,7.263350463843414e-05,0.9886987934904602,0.01751929012345679,0.00041491301907968574,0.000419655634063125,0.11403508771929824,263516,11404800,0.02310570987654321
VIRAT_S_010003_06_000526_000560,VIRAT_S_010003,True,nvenc_qp28_bf2_bqeq,h264_nvenc,True,300,B,1.0,198,11404800,11404212,11336508,11336366,884,7182,11391753,57495,108548,11404800,5187,7.751521981527527e-05,0.0050415583295014155,7.797913370122313e-05,0.994011994949495,0.009517746913580247,0.00045480850168350167,0.0004575483032341176,0.12308549150654413,176468,11404800,0.015473134118967452
VIRAT_S_010003_06_000526_000560,VIRAT_S_010003,True,nvenc_qp28_bf2_bqeq,h264_nvenc,True,300,B,2.0,198,11404800,11404212,11365204,11365039,1411,7182,11391753,31379,73248,11404800,7458,0.00012372621624361245,0.0027515272427415414,0.00012415267558694694,0.9965281285072952,0.006422558922558923,0.0006539351851851851,0.0006562134740388293,0.19646338067390698,141056,11404800,0.012368125701459036
VIRAT_S_010003_06_000526_000560,VIRAT_S_010003,True,nvenc_qp28_bf2_bqeq,h264_nvenc,True,300,dgt1,0.5,99,5702400,5702041,5602624,5602622,36,3978,5695163,92724,102680,5702400,930,6.313528787323697e-06,0.01626154564655007,6.4255628882334025e-06,0.9825028058361391,0.01800645342312009,0.0001630892255892256,0.00016599364869032796,0.00904977375565611,120468,5702400,0.02112584175084175
VIRAT_S_010003_06_000526_000560,VIRAT_S_010003,True,nvenc_qp28_bf2_bqeq,h264_nvenc,True,300,dgt1,1.0,99,5702400,5702041,5644100,5644096,49,3978,5695163,51291,55672,5702400,1367,8.593414182746143e-06,0.008995200139739437,8.68163829956117e-06,0.9897762345679012,0.00976290684624018,0.0002397236251402918,0.0002421998192803104,0.012317747611865259,73980,5702400,0.012973484848484849
VIRAT_S_010003_06_000526_000560,VIRAT_S_010003,True,nvenc_qp28_bf2_bqeq,h264_nvenc,True,300,dgt1,2.0,99,5702400,5702041,5656196,5656188,64,3978,5695163,39296,44260,5702400,1572,1.122405117746435e-05,0.006891567422963111,1.1315041154926251e-05,0.9918974466891134,0.007761644219977553,0.0002756734006734007,0.00027792530527584263,0.01608848667672197,62152,5702400,0.010899270482603815
VIRAT_S_010003_06_000526_000560,VIRAT_S_010003,True,nvenc_qp28_bf2_bqeq,h264_nvenc,True,300,d1,0.5,1,57600,57588,56960,56960,0,41,57526,570,140,57600,40,0.0,0.009897895394873932,0.0,0.9888888888888889,0.0024305555555555556,0.0006944444444444445,0.0007022471910112359,0.0,368,57600,0.006388888888888889
VIRAT_S_010003_06_000526_000560,VIRAT_S_010003,True,nvenc_qp28_bf2_bqeq,h264_nvenc,True,300,d1,1.0,1,57600,57588,57252,57252,0,41,57526,278,124,57600,51,0.0,0.004827394596096409,0.0,0.9939583333333334,0.0021527777777777778,0.0008854166666666666,0.0008907985747222804,0.0,348,57600,0.0060416666666666665
VIRAT_S_010003_06_000526_000560,VIRAT_S_010003,True,nvenc_qp28_bf2_bqeq,h264_nvenc,True,300,d1,2.0,1,57600,57588,57340,57339,0,41,57526,192,92,57600,57,0.0,0.003334027922483851,0.0,0.9954861111111111,0.0015972222222222223,0.0009895833333333334,0.0009940704569236136,0.0,316,57600,0.005486111111111111
VIRAT_S_010003_06_000526_000560,VIRAT_S_010003,True,nvenc_qp45,h264_nvenc,True,300,d1,0.5,298,17164800,17163841,17124756,17124671,859,11201,17144442,22417,160500,17164800,5908,5.004707279681745e-05,0.001306059640146981,5.0161547629148615e-05,0.997667086129754,0.009350531319910515,0.00034419276659209547,0.0003449976163164018,0.07668958128738505,257068,17164800,0.0149764634601044
VIRAT_S_010003_06_000526_000560,VIRAT_S_010003,True,nvenc_qp45,h264_nvenc,True,300,d1,1.0,298,17164800,17163841,17133760,17133669,982,11201,17144442,13963,92124,17164800,6949,5.721330091557012e-05,0.0008135125465214925,5.731405223247864e-05,0.9981916480238628,0.0053670302013422815,0.0004048401379567487,0.0004055735577012868,0.08767074368359967,193696,17164800,0.01128448918717375
VIRAT_S_010003_06_000526_000560,VIRAT_S_010003,True,nvenc_qp45,h264_nvenc,True,300,d1,2.0,298,17164800,17163841,17142872,17142761,1928,11201,17144442,8648,68124,17164800,10545,0.00011232916921101751,0.0005038499249672611,0.0001124672974207597,0.9987225018642804,0.0039688199105145415,0.0006143386465324385,0.0006151244668921287,0.17212748861708776,168000,17164800,0.009787472035794184
VIRAT_S_010003_06_000526_000560,VIRAT_S_010003,True,x264_crf12,libx264,True,300,d1,0.5,298,17164800,17163841,16986536,16986500,286,11201,17144442,159085,0,17164800,5121,1.6662936926530606e-05,0.009268613010339585,1.6836899891089982e-05,0.9896145600298285,0.0,0.00029834312080536914,0.000301474061574414,0.025533434514775466,134400,17164800,0.007829977628635347
VIRAT_S_010003_06_000526_000560,VIRAT_S_010003,True,x264_crf12,libx264,True,300,d1,1.0,298,17164800,17163841,17053620,17053574,416,11201,17144442,92641,0,17164800,6167,2.42369991658627e-05,0.005397451537799727,2.4393713599272506e-05,0.9935227908277405,0.0,0.00035928178598061146,0.0003616241009240267,0.03713954111240068,118588,17164800,0.006908790082028337
VIRAT_S_010003_06_000526_000560,VIRAT_S_010003,True,x264_crf12,libx264,True,300,d1,2.0,298,17164800,17163841,17084356,17084294,1321,11201,17144442,66752,0,17164800,10437,7.696412475505919e-05,0.0038891061738453533,7.732248110457476e-05,0.9953134321401939,0.0,0.0006080467002237136,0.00061090977031853,0.11793589858048388,111964,17164800,0.006522884041759881
VIRAT_S_010003_06_000526_000560,VIRAT_S_010003,True,x264_crf45,libx264,True,300,d1,0.5,298,17164800,17163841,17096020,17095903,1647,11201,17144442,52679,188884,17164800,7817,9.595754237061506e-05,0.003069184805429041,9.633887136584712e-05,0.9959929623415361,0.011004148023862789,0.00045540874347501867,0.00045724092508080827,0.14704044281760556,285156,17164800,0.0166128355704698
VIRAT_S_010003_06_000526_000560,VIRAT_S_010003,True,x264_crf45,libx264,True,300,d1,1.0,298,17164800,17163841,17123684,17123559,1782,11201,17144442,25488,104480,17164800,8668,0.00010382291469607531,0.0014849822950468955,0.00010406715099355222,0.9976046327367636,0.006086875466070097,0.0005049869500372856,0.0005061994837092298,0.15909293813052405,205844,17164800,0.01199221662938106
VIRAT_S_010003_06_000526_000560,VIRAT_S_010003,True,x264_crf45,libx264,True,300,d1,2.0,298,17164800,17163841,17138156,17138010,2574,11201,17144442,14200,73288,17164800,11479,0.00014996643233877545,0.0008273206446039672,0.00015019246692002164,0.9984477535421328,0.004269668158090977,0.0006687523303504847,0.0006697920126295968,0.2298009106329792,173100,17164800,0.010084591722595078
VIRAT_S_010003_06_000526_000560,VIRAT_S_010003,True,x264_qp24,libx264,True,300,d1,0.5,298,17164800,17163841,16996696,16996664,251,11201,17144442,148791,108960,17164800,4727,1.4623766323633504e-05,0.008668863805018934,1.4767603807429506e-05,0.9902064690529455,0.006347874720357942,0.0002753891685309471,0.0002781128755847607,0.022408713507722524,200176,17164800,0.01166200596569724
VIRAT_S_010003_06_000526_000560,VIRAT_S_010003,True,x264_qp24,libx264,True,300,d1,1.0,298,17164800,17163841,17053148,17053105,375,11201,17144442,92977,51128,17164800,5960,2.184825645961181e-05,0.005417027575587539,2.1990130243143403e-05,0.9934952926920209,0.0029786539895600298,0.00034722222222222224,0.00034949558873235607,0.0334791536469958,147876,17164800,0.008615072706935123
VIRAT_S_010003_06_000526_000560,VIRAT_S_010003,True,x264_qp24,libx264,True,300,d1,2.0,298,17164800,17163841,17082268,17082207,1239,11201,17144442,68743,31808,17164800,10308,7.218663934255741e-05,0.004005105850141586,7.253161140126683e-05,0.9951917878448918,0.0018530947054436987,0.0006005313199105145,0.0006034327526063869,0.11061512364967413,127868,17164800,0.00744943139448173
VIRAT_S_010003_06_000526_000560,VIRAT_S_010003,True,x264_qp24_bf2_pb1,libx264,True,300,B,0.5,198,11404800,11404212,11360324,11360156,707,7182,11391753,33250,131912,11404800,4699,6.199463847217151e-05,0.002915589433097175,6.223506085655866e-05,0.9961002384960719,0.011566358024691359,0.00041201950056116724,0.00041363256893025234,0.09844054580896686,191992,11404800,0.016834315375982043
VIRAT_S_010003_06_000526_000560,VIRAT_S_010003,True,x264_qp24_bf2_pb1,libx264,True,300,B,1.0,198,11404800,11404212,11373748,11373574,770,7182,11391753,20153,79364,11404800,5164,6.751891318751352e-05,0.0017671541006077404,6.770079484250069e-05,0.9972772867564534,0.006958824354657688,0.00045279180695847364,0.000454027994993383,0.10721247563352826,143788,11404800,0.012607673961840628
VIRAT_S_010003_06_000526_000560,VIRAT_S_010003,True,x264_qp24_bf2_pb1,libx264,True,300,B,2.0,198,11404800,11404212,11381544,11381348,1392,7182,11391753,14995,61988,11404800,7451,0.00012206016513898549,0.0013148650691516433,0.00012230537191200902,0.9979608585858586,0.005435255331088664,0.0006533214085297418,0.0006546563453956687,0.19381787802840433,125740,11404800,0.011025182379349047
VIRAT_S_010003_06_000526_000560,VIRAT_S_010003,True,x264_qp24_bf2_pb1,libx264,True,300,dgt1,0.5,99,5702400,5702041,5556772,5556768,45,3978,5695163,138638,135396,5702400,1088,7.89191098415462e-06,0.024313750111582853,8.098232641708274e-06,0.9744619809203142,0.02374368686868687,0.00019079685746352414,0.00019579712826079602,0.011312217194570135,149376,5702400,0.026195286195286195
VIRAT_S_010003_06_000526_000560,VIRAT_S_010003,True,x264_qp24_bf2_pb1,libx264,True,300,dgt1,1.0,99,5702400,5702041,5615600,5615596,63,3978,5695163,79870,77620,5702400,1531,1.104867537781647e-05,0.014007265117876214,1.1218755765193935e-05,0.9847783389450057,0.013611812570145904,0.0002684834455667789,0.00027263337844575823,0.01583710407239819,91992,5702400,0.016132154882154883
VIRAT_S_010003_06_000526_000560,VIRAT_S_010003,True,x264_qp24_bf2_pb1,libx264,True,300,dgt1,2.0,99,5702400,5702041,5635640,5635630,105,3978,5695163,60000,60888,5702400,1788,1.8414458963027448e-05,0.010522547978872828,1.863145735259412e-05,0.9882926487093153,0.010677609427609428,0.00031355218855218855,0.0003172665393815077,0.026395173453996983,74996,5702400,0.01315165544332211
VIRAT_S_010003_06_000526_000560,VIRAT_S_010003,True,x264_qp24_bf2_pb1,libx264,True,300,d1,0.5,1,57600,57588,56768,56768,0,41,57526,762,308,57600,43,0.0,0.013231923317357782,0.0,0.9855555555555555,0.005347222222222222,0.0007465277777777778,0.0007574689966178129,0.0,544,57600,0.009444444444444445
VIRAT_S_010003_06_000526_000560,VIRAT_S_010003,True,x264_qp24_bf2_pb1,libx264,True,300,d1,1.0,1,57600,57588,57208,57208,0,41,57526,322,72,57600,48,0.0,0.0055914426616656245,0.0,0.9931944444444445,0.00125,0.0008333333333333334,0.0008390434904209202,0.0,312,57600,0.005416666666666667
VIRAT_S_010003_06_000526_000560,VIRAT_S_010003,True,x264_qp24_bf2_pb1,libx264,True,300,d1,2.0,1,57600,57588,57360,57360,0,41,57526,170,48,57600,53,0.0,0.002952003889699243,0.0,0.9958333333333333,0.0008333333333333334,0.0009201388888888889,0.0009239888423988842,0.0,288,57600,0.005
VIRAT_S_010003_07_000608_000636,VIRAT_S_010003,True,nvenc_qp18,h264_nvenc,True,195,d1,0.5,194,11174400,11174302,11065852,11065843,108,4167,11152301,88642,41604,11174400,3965,9.665033216392398e-06,0.00793266550340236,9.759762541362642e-06,0.9902860108820161,0.0037231529209621993,0.00035482889461626574,0.0003583095092903827,0.02591792656587473,0,11174400,0.0
VIRAT_S_010003_07_000608_000636,VIRAT_S_010003,True,nvenc_qp18,h264_nvenc,True,195,d1,1.0,194,11174400,11174302,11102812,11102797,203,4167,11152301,55671,38176,11174400,7870,1.816668280488571e-05,0.004982056149905381,1.8283681130079206e-05,0.9935935710194731,0.0034163802978235966,0.0007042883734249714,0.0007088294388844916,0.04871610271178306,0,11174400,0.0
VIRAT_S_010003_07_000608_000636,VIRAT_S_010003,True,nvenc_qp18,h264_nvenc,True,195,d1,2.0,194,11174400,11174302,11125852,11125817,759,4167,11152301,42791,36480,11174400,15411,6.792370565964657e-05,0.003829411447802288,6.821970916832445e-05,0.9956554266895762,0.0032646048109965637,0.0013791344501718212,0.0013851523460854953,0.18214542836573075,0,11174400,0.0
VIRAT_S_010003_07_000608_000636,VIRAT_S_010003,True,nvenc_qp23,h264_nvenc,True,195,d1,0.5,194,11174400,11174302,11102880,11102870,87,4167,11152301,51571,23552,11174400,3681,7.785721202093875e-06,0.00461514285187567,7.835811821628102e-06,0.9935996563573883,0.0021076746849942726,0.00032941365979381444,0.00033153560157364576,0.02087832973362131,51644,11174400,0.004621635166093929
VIRAT_S_010003_07_000608_000636,VIRAT_S_010003,True,nvenc_qp23,h264_nvenc,True,195,d1,1.0,194,11174400,11174302,11136360,11136343,188,4167,11152301,22012,12900,11174400,7668,1.6824317080386765e-05,0.0019698769551780505,1.688166393581807e-05,0.9965957903780068,0.0011544243986254296,0.0006862113402061855,0.0006885553268752087,0.0451163906887449,41252,11174400,0.003691652348224513
VIRAT_S_010003_07_000608_000636,VIRAT_S_010003,True,nvenc_qp23,h264_nvenc,True,195,d1,2.0,194,11174400,11174302,11158144,11158113,730,4167,11152301,10332,8820,11174400,15238,6.532846525894862e-05,0.0009246215110348727,6.542324853673735e-05,0.9985452462772051,0.0007893041237113402,0.0013636526345933563,0.001365639303454051,0.1751859851211903,36620,11174400,0.0032771334478808706
VIRAT_S_010003_07_000608_000636,VIRAT_S_010003,True,nvenc_qp28,h264_nvenc,True,195,d1,0.5,194,11174400,11174302,11110492,11110474,92,4167,11152301,43919,39700,11174400,3350,8.233176443593523e-06,0.003930357350284608,8.28047480242517e-06,0.9942808562428408,0.0035527634593356242,0.00029979238258877436,0.00030151680051612473,0.022078233741300697,72584,11174400,0.006495561282932417
VIRAT_S_010003_07_000608_000636,VIRAT_S_010003,True,nvenc_qp28,h264_nvenc,True,195,d1,1.0,194,11174400,11174302,11142244,11142222,162,4167,11152301,16207,17016,11174400,7431,1.4497549824588596e-05,0.001450381419796959,1.4539290278007385e-05,0.9971223510882016,0.001522766323024055,0.000665002147766323,0.0006669213131573856,0.038876889848812095,50128,11174400,0.004485967926689576
VIRAT_S_010003_07_000608_000636,VIRAT_S_010003,True,nvenc_qp28,h264_nvenc,True,195,d1,2.0,194,11174400,11174302,11162652,11162618,728,4167,11152301,5749,9832,11174400,15105,6.514948316234875e-05,0.0005144840366762953,6.521767563845685e-05,0.9989486683848797,0.0008798682703321879,0.0013517504295532646,0.0013531730631753099,0.17470602351811856,42576,11174400,0.0038101374570446737
VIRAT_S_010003_07_000608_000636,VIRAT_S_010003,True,nvenc_qp28_bf2_bqeq,h264_nvenc,True,195,B,0.5,129,7430400,7430330,7353024,7352997,259,2299,7415359,65268,83292,7430400,3653,3.48571328595096e-05,0.00878399748059642,3.522373258142224e-05,0.9895865633074935,0.011209625322997416,0.0004916289836347976,0.0004968024040177212,0.11265767725097868,105352,7430400,0.014178509905254091
VIRAT_S_010003_07_000608_000636,VIRAT_S_010003,True,nvenc_qp28_bf2_bqeq,h264_nvenc,True,195,B,1.0,129,7430400,7430330,7393256,7393226,298,2299,7415359,26929,35380,7430400,5494,4.010589031711916e-05,0.0036241997327171203,4.030716766943145e-05,0.9950010766580534,0.004761520241171404,0.0007393949181739879,0.0007431096664311367,0.12962157459765114,57556,7430400,0.007746016365202411
VIRAT_S_010003_07_000608_000636,VIRAT_S_010003,True,nvenc_qp28_bf2_bqeq,h264_nvenc,True,195,B,2.0,129,7430400,7430330,7417296,7417260,595,2299,7415359,7690,15216,7430400,9433,8.007719710968423e-05,0.0010349473038209608,8.021830163699264e-05,0.9982364341085271,0.0020478036175710593,0.0012695144272179156,0.001271757254934952,0.2588081774684646,37304,7430400,0.0050204565030146425
VIRAT_S_010003_07_000608_000636,VIRAT_S_010003,True,nvenc_qp28_bf2_bqeq,h264_nvenc,True,195,dgt1,0.5,65,3744000,3743972,3699744,3699741,13,1868,3736942,37533,37180,3744000,479,3.472248189890309e-06,0.010024914716242537,3.513759476676881e-06,0.9881794871794872,0.009930555555555555,0.00012793803418803418,0.00012946841727427626,0.006959314775160599,47772,3744000,0.012759615384615385
VIRAT_S_010003_07_000608_000636,VIRAT_S_010003,True,nvenc_qp28_bf2_bqeq,h264_nvenc,True,195,dgt1,1.0,65,3744000,3743972,3721680,3721676,25,1868,3736942,15692,17720,3744000,714,6.6774003651736716e-06,0.0041912706612122095,6.7174036643705684e-06,0.9940384615384615,0.004732905982905983,0.0001907051282051282,0.00019184884245824466,0.013383297644539615,28488,3744000,0.007608974358974359
VIRAT_S_010003_07_000608_000636,VIRAT_S_010003,True,nvenc_qp28_bf2_bqeq,h264_nvenc,True,195,dgt1,2.0,65,3744000,3743972,3729064,3729057,53,1868,3736942,8689,13644,3744000,1215,1.4156088774168183e-05,0.0023207972709197613,1.4212708467583092e-05,0.9960106837606838,0.0036442307692307694,0.00032451923076923077,0.0003258190259003332,0.028372591006423982,24156,3744000,0.006451923076923077
VIRAT_S_010003_07_000608_000636,VIRAT_S_010003,True,nvenc_qp45,h264_nvenc,True,195,d1,0.5,194,11174400,11174302,11135196,11135179,359,4167,11152301,20860,54668,11174400,4289,3.212728633967473e-05,0.0018667832675365317,3.224016425779954e-05,0.9964916237113403,0.00489225372279496,0.0003838237399770905,0.000385175079091558,0.0861531077513799,87952,11174400,0.007870847651775486
VIRAT_S_010003_07_000608_000636,VIRAT_S_010003,True,nvenc_qp45,h264_nvenc,True,195,d1,1.0,194,11174400,11174302,11147656,11147636,396,4167,11152301,11217,24860,11174400,7367,3.543845512677212e-05,0.0010038210887803104,3.552322662849774e-05,0.9976066723940435,0.0022247279495990835,0.0006592747709049256,0.0006608564168108525,0.09503239740820735,58284,11174400,0.005215850515463917
VIRAT_S_010003_07_000608_000636,VIRAT_S_010003,True,nvenc_qp45,h264_nvenc,True,195,d1,2.0,194,11174400,11174302,11163480,11163447,1124,4167,11152301,4332,14228,11174400,14431,0.00010058793828912088,0.00038767522123529503,0.00010068574697403051,0.999022766323024,0.0012732674684994272,0.0012914339919816724,0.001292697259277573,0.2697384209263259,47236,11174400,0.004227162084765178
VIRAT_S_010003_07_000608_000636,VIRAT_S_010003,True,x264_crf12,libx264,True,195,d1,0.5,194,11174400,11174302,11099768,11099759,128,4167,11152301,54880,0,11174400,4312,1.145485418239099e-05,0.0049112687307001366,1.1531781906255802e-05,0.9933211626575028,0.0,0.00038588201603665523,0.00038847658797913615,0.030717542596592273,41604,11174400,0.0037231529209621993
VIRAT_S_010003_07_000608_000636,VIRAT_S_010003,True,x264_crf12,libx264,True,195,d1,1.0,194,11174400,11174302,11136748,11136733,228,4167,11152301,21858,0,11174400,8117,2.040395901238395e-05,0.0019560953337398614,2.047279035961444e-05,0.9966305126002291,0.0,0.0007263924684994273,0.0007288483137088134,0.054715622750179986,38176,11174400,0.0034163802978235966
VIRAT_S_010003_07_000608_000636,VIRAT_S_010003,True,x264_crf12,libx264,True,195,d1,2.0,194,11174400,11174302,11159068,11159033,784,4167,11152301,9656,0,11174400,15580,7.01609818671448e-05,0.0008641255623841203,7.025698373685246e-05,0.9986279352806414,0.0,0.001394258304696449,0.0013961739457094445,0.18814494840412768,36480,11174400,0.0032646048109965637
VIRAT_S_010003_07_000608_000636,VIRAT_S_010003,True,x264_crf45,libx264,True,195,d1,0.5,194,11174400,11174302,11121640,11121621,210,4167,11152301,35070,73752,11174400,6498,1.879312014298522e-05,0.0031384510638785314,1.8882139572999296e-05,0.9952784936998854,0.006600085910652921,0.0005815077319587629,0.000584266349207491,0.0503959683225342,107244,11174400,0.00959729381443299
VIRAT_S_010003_07_000608_000636,VIRAT_S_010003,True,x264_crf45,libx264,True,195,d1,1.0,194,11174400,11174302,11148640,11148619,277,4167,11152301,12407,31724,11174400,9700,2.4789020379080503e-05,0.0011103154362572267,2.484612668169932e-05,0.9976947308132875,0.0028389891179839634,0.0008680555555555555,0.0008700612810172362,0.06647468202543796,65452,11174400,0.005857316723940435
VIRAT_S_010003_07_000608_000636,VIRAT_S_010003,True,x264_crf45,libx264,True,195,d1,2.0,194,11174400,11174302,11162112,11162071,1098,4167,11152301,5435,17060,11174400,14599,9.82611710333227e-05,0.00048638384751011743,9.836884212616099e-05,0.9989003436426117,0.0015267038946162657,0.0013064683562428409,0.00130790660405486,0.2634989200863931,50140,11174400,0.004487041809851088
VIRAT_S_010003_07_000608_000636,VIRAT_S_010003,True,x264_qp24,libx264,True,195,d1,0.5,194,11174400,11174302,11102412,11102395,129,4167,11152301,52143,31196,11174400,3905,1.154434523069092e-05,0.00466633173150323,1.1619114614459313e-05,0.9935577749140894,0.002791738258877434,0.0003494594788087056,0.0003517253728288952,0.03095752339812815,64880,11174400,0.0058061282932416955
VIRAT_S_010003_07_000608_000636,VIRAT_S_010003,True,x264_qp24,libx264,True,195,d1,1.0,194,11174400,11174302,11138016,11137996,223,4167,11152301,20559,12316,11174400,7825,1.9956503770884302e-05,0.0018398464619982528,2.0021555044552e-05,0.9967439862542955,0.0011021620847651776,0.0007002613115693013,0.0007025488201848516,0.0535157187425006,45948,11174400,0.004111898625429553
VIRAT_S_010003_07_000608_000636,VIRAT_S_010003,True,x264_qp24,libx264,True,195,d1,2.0,194,11174400,11174302,11161184,11161147,828,4167,11152301,7565,7492,11174400,15556,7.409858799234171e-05,0.0006769997803889675,7.418592372271416e-05,0.9988172966781215,0.0006704610538373425,0.001392110538373425,0.001393758941703676,0.19870410367170627,40764,11174400,0.003647981099656357
VIRAT_S_010003_07_000608_000636,VIRAT_S_010003,True,x264_qp24_bf2_pb1,libx264,True,195,B,0.5,129,7430400,7430330,7400728,7400705,306,2299,7415359,17784,37244,7430400,3772,4.118255851355189e-05,0.0023934334006699568,4.134741217221873e-05,0.9960066752799311,0.005012381567614126,0.0005076442721791559,0.0005096795882783424,0.1331013484123532,59416,7430400,0.007996339362618432
VIRAT_S_010003_07_000608_000636,VIRAT_S_010003,True,x264_qp24_bf2_pb1,libx264,True,195,B,1.0,129,7430400,7430330,7412616,7412590,341,2299,7415359,7690,16452,7430400,5522,4.589298187294508e-05,0.0010349473038209608,4.600281413109318e-05,0.9976065891472868,0.0022141472868217054,0.0007431632213608958,0.0007449461836415107,0.14832535885167464,38564,7430400,0.005190030146425495
VIRAT_S_010003_07_000608_000636,VIRAT_S_010003,True,x264_qp24_bf2_pb1,libx264,True,195,B,2.0,129,7430400,7430330,7422476,7422439,764,2299,7415359,2836,10060,7430400,9525,0.00010282181275932563,0.00038167887563540244,0.00010293112546967379,0.9989335701981051,0.001353897502153316,0.0012818959948320413,0.001283264506345322,0.3323183993040452,32124,7430400,0.004323320413436692
VIRAT_S_010003_07_000608_000636,VIRAT_S_010003,True,x264_qp24_bf2_pb1,libx264,True,195,dgt1,0.5,65,3744000,3743972,3691348,3691346,25,1868,3736942,45956,40784,3744000,680,6.6774003651736716e-06,0.012274664447276849,6.772597312741748e-06,0.9859369658119658,0.010893162393162393,0.00018162393162393162,0.0001842145470976998,0.013383297644539615,50984,3744000,0.013617521367521368
VIRAT_S_010003_07_000608_000636,VIRAT_S_010003,True,x264_qp24_bf2_pb1,libx264,True,195,dgt1,1.0,65,3744000,3743972,3718416,3718413,45,1868,3736942,19029,19016,3744000,964,1.2019320657312609e-05,0.0050825700619555915,1.2101937036041988e-05,0.9931666666666666,0.005079059829059829,0.00025747863247863246,0.0002592501753434796,0.024089935760171308,29408,3744000,0.007854700854700854
VIRAT_S_010003_07_000608_000636,VIRAT_S_010003,True,x264_qp24_bf2_pb1,libx264,True,195,dgt1,2.0,65,3744000,3743972,3728372,3728368,80,1868,3736942,9517,13312,3744000,1510,2.136768116855575e-05,0.0025419527710143133,2.145710938405222e-05,0.9958258547008547,0.0035555555555555557,0.00040331196581196583,0.00040500250511483295,0.042826552462526764,23560,3744000,0.006292735042735043
VIRAT_S_010003_10_000901_000934,VIRAT_S_010003,True,nvenc_qp18,h264_nvenc,True,300,d1,0.5,298,17164800,17164374,16811580,16811533,343,5740,17130849,324409,139592,17164800,21921,1.998325135539461e-05,0.01890013582784901,2.040266048313381e-05,0.9794218400447428,0.008132457121551081,0.0012770903243847875,0.0013039226533139658,0.05975609756097561,0,17164800,0.0
VIRAT_S_010003_10_000901_000934,VIRAT_S_010003,True,nvenc_qp18,h264_nvenc,True,300,d1,1.0,298,17164800,17164374,16915928,16915869,546,5740,17130849,228807,136244,17164800,36124,3.181007358613836e-05,0.013330343419457068,3.227738403507381e-05,0.9855010253542132,0.007937406785980611,0.0021045395227442206,0.0021355021137474694,0.0951219512195122,0,17164800,0.0
VIRAT_S_010003_10_000901_000934,VIRAT_S_010003,True,nvenc_qp18,h264_nvenc,True,300,d1,2.0,298,17164800,17164374,16969212,16969133,1540,5740,17130849,187123,132844,17164800,48961,8.972072037115947e-05,0.010901824907800308,9.075301607925402e-05,0.9886052852348993,0.007739326994780015,0.0028524072520507084,0.0028852842430161165,0.2682926829268293,0,17164800,0.0
VIRAT_S_010003_10_000901_000934,VIRAT_S_010003,True,nvenc_qp23,h264_nvenc,True,300,d1,0.5,298,17164800,17164374,16918984,16918940,275,5740,17130849,216787,58740,17164800,21176,1.602155720913562e-05,0.012630055718897758,1.625397335766898e-05,0.9856790641312453,0.0034221196868008947,0.0012336875466070097,0.0012516117989118023,0.04790940766550523,145012,17164800,0.00844821961222968
VIRAT_S_010003_10_000901_000934,VIRAT_S_010003,True,nvenc_qp23,h264_nvenc,True,300,d1,1.0,298,17164800,17164374,17021028,17020974,481,5740,17130849,123553,45624,17164800,35820,2.802316006397903e-05,0.007198223483128484,2.8259252378859166e-05,0.9916240212527965,0.0026579977628635345,0.002086828859060403,0.002104455735576018,0.0837979094076655,133572,17164800,0.0077817393736017895
VIRAT_S_010003_10_000901_000934,VIRAT_S_010003,True,nvenc_qp23,h264_nvenc,True,300,d1,2.0,298,17164800,17164374,17073676,17073602,1493,5740,17130849,82611,38188,17164800,48972,8.698249059359811e-05,0.004812934045832373,8.744493399811007e-05,0.9946912285607755,0.0022247856077554063,0.0028530480984340044,0.0028682751154467264,0.26010452961672476,125712,17164800,0.007323825503355704
VIRAT_S_010003_10_000901_000934,VIRAT_S_010003,True,nvenc_qp28,h264_nvenc,True,300,d1,0.5,298,17164800,17164374,16953900,16953859,227,5740,17130849,181695,87744,17164800,20044,1.3225067223541039e-05,0.010585588498595987,1.338928205077086e-05,0.9877132270693513,0.00511185682326622,0.0011677386278896346,0.0011822648476161827,0.03954703832752613,198456,17164800,0.011561800894854587
VIRAT_S_010003_10_000901_000934,VIRAT_S_010003,True,nvenc_qp28,h264_nvenc,True,300,d1,1.0,298,17164800,17164374,17051524,17051473,422,5740,17130849,92763,54160,17164800,35160,2.4585807790019024e-05,0.005404391677785628,2.4748595033402685e-05,0.9934006804623415,0.0031552945563012675,0.0020483780760626397,0.002061985779101035,0.0735191637630662,168828,17164800,0.009835710290827741
VIRAT_S_010003_10_000901_000934,VIRAT_S_010003,True,nvenc_qp28,h264_nvenc,True,300,d1,2.0,298,17164800,17164374,17101664,17101588,1523,5740,17130849,54549,39472,17164800,48791,8.873029683459473e-05,0.0031780360880041417,8.905605725035593e-05,0.9963217747949291,0.0022995898583146905,0.0028425032624906786,0.0028529972288076763,0.26533101045296165,153604,17164800,0.00894877889634601
VIRAT_S_010003_10_000901_000934,VIRAT_S_010003,True,nvenc_qp28_bf2_bqeq,h264_nvenc,True,300,B,0.5,198,11404800,11404649,11231992,11231952,424,2963,11384895,159615,186572,11404800,16034,3.7177821079807017e-05,0.013995608282201408,3.774944907171968e-05,0.98484778338945,0.016359076879910214,0.0014058992704826037,0.001427529506787398,0.14309821127235908,265076,11404800,0.023242494388327723
VIRAT_S_010003_10_000901_000934,VIRAT_S_010003,True,nvenc_qp28_bf2_bqeq,h264_nvenc,True,300,B,1.0,198,11404800,11404649,11317764,11317724,504,2963,11384895,76575,104344,11404800,23062,4.419250430241211e-05,0.006714367097137316,4.453192178922193e-05,0.9923684764309765,0.009149130190796858,0.0020221310325476993,0.0020376816480711206,0.17009787377657778,185956,11404800,0.016305064534231202
VIRAT_S_010003_10_000901_000934,VIRAT_S_010003,True,nvenc_qp28_bf2_bqeq,h264_nvenc,True,300,B,2.0,198,11404800,11404649,11363224,11363176,880,2963,11384895,35762,68396,11404800,29892,7.716151544865606e-05,0.0031357387675850436,7.744313737638139e-05,0.9963545173961841,0.005997124017957351,0.0026210016835016836,0.002630591458902861,0.29699628754640567,149944,11404800,0.013147446689113355
VIRAT_S_010003_10_000901_000934,VIRAT_S_010003,True,nvenc_qp28_bf2_bqeq,h264_nvenc,True,300,dgt1,0.5,99,5702400,5702125,5561608,5561599,69,2777,5688361,127905,102932,5702400,4480,1.2100751912664139e-05,0.022431111208540674,1.2406503956865643e-05,0.9753100448933782,0.01805064534231201,0.0007856341189674523,0.0008055224316420718,0.02484695714800144,129388,5702400,0.02269009539842873
VIRAT_S_010003_10_000901_000934,VIRAT_S_010003,True,nvenc_qp28_bf2_bqeq,h264_nvenc,True,300,dgt1,1.0,99,5702400,5702125,5614224,5614215,96,2777,5688361,76848,69824,5702400,6840,1.6835828748054453e-05,0.01347708091281759,1.7099452015998673e-05,0.984537037037037,0.012244668911335578,0.0011994949494949494,0.001218334003060797,0.03456967951026287,98348,5702400,0.017246773288439956
VIRAT_S_010003_10_000901_000934,VIRAT_S_010003,True,nvenc_qp28_bf2_bqeq,h264_nvenc,True,300,dgt1,2.0,99,5702400,5702125,5641900,5641885,128,2777,5688361,51349,53252,5702400,10396,2.2447771664072604e-05,0.009005239274831751,2.2687452863714876e-05,0.9893904320987654,0.009338524130190796,0.0018230920314253648,0.001842641663269466,0.046092906013683835,81976,5702400,0.014375701459034792
VIRAT_S_010003_10_000901_000934,VIRAT_S_010003,True,nvenc_qp28_bf2_bqeq,h264_nvenc,True,300,d1,0.5,1,57600,57600,56780,56780,0,0,57593,813,464,57600,42,0.0,0.014114583333333333,0.0,0.9857638888888889,0.008055555555555555,0.0007291666666666667,0.0007396970764353645,,640,57600,0.011111111111111112
VIRAT_S_010003_10_000901_000934,VIRAT_S_010003,True,nvenc_qp28_bf2_bqeq,h264_nvenc,True,300,d1,1.0,1,57600,57600,57320,57320,0,0,57593,280,312,57600,124,0.0,0.004861111111111111,0.0,0.9951388888888889,0.005416666666666667,0.0021527777777777778,0.0021632937892533148,,468,57600,0.008125
VIRAT_S_010003_10_000901_000934,VIRAT_S_010003,True,nvenc_qp28_bf2_bqeq,h264_nvenc,True,300,d1,2.0,1,57600,57600,57492,57492,0,0,57593,108,104,57600,148,0.0,0.001875,0.0,0.998125,0.0018055555555555555,0.0025694444444444445,0.0025742712029499758,,268,57600,0.004652777777777777
VIRAT_S_010003_10_000901_000934,VIRAT_S_010003,True,nvenc_qp45,h264_nvenc,True,300,d1,0.5,298,17164800,17164374,17067536,17067496,414,5740,17130849,76242,187324,17164800,25835,2.4119726125753262e-05,0.0044418747808687925,2.4256633779202292e-05,0.9943335197613721,0.010913264354958986,0.0015051151193139448,0.0015136924275419722,0.07212543554006969,309404,17164800,0.018025494034302758
VIRAT_S_010003_10_000901_000934,VIRAT_S_010003,True,nvenc_qp45,h264_nvenc,True,300,d1,1.0,298,17164800,17164374,17103640,17103589,614,5740,17130849,43323,108028,17164800,35948,3.577176773239735e-05,0.002524006992623209,3.589889817862204e-05,0.9964368941088739,0.006293577554064131,0.002094285980611484,0.0021017748268789566,0.10696864111498258,233320,17164800,0.01359293437733035
VIRAT_S_010003_10_000901_000934,VIRAT_S_010003,True,nvenc_qp45,h264_nvenc,True,300,d1,2.0,298,17164800,17164374,17136988,17136907,1651,5740,17130849,18760,71084,17164800,48381,9.618760346284695e-05,0.0010929615027032154,9.634177275981015e-05,0.9983797073079791,0.004141265846383296,0.0028186171700223714,0.0028231915666860475,0.2876306620209059,195304,17164800,0.01137816927665921
VIRAT_S_010003_10_000901_000934,VIRAT_S_010003,True,x264_crf12,libx264,True,300,d1,0.5,298,17164800,17164374,16935972,16935923,407,5740,17130849,200440,0,17164800,23409,2.3711904669520717e-05,0.011677676098178704,2.4031757820344364e-05,0.9866687639821029,0.0,0.0013637793624161074,0.0013822058751632325,0.07090592334494773,139592,17164800,0.008132457121551081
VIRAT_S_010003_10_000901_000934,VIRAT_S_010003,True,x264_crf12,libx264,True,300,d1,1.0,298,17164800,17164374,17042932,17042871,611,5740,17130849,102205,0,17164800,37450,3.5596987108297685e-05,0.0059544845620352945,3.585076716241061e-05,0.9929001211782252,0.0,0.0021817906413124535,0.002197391857222689,0.10644599303135889,136244,17164800,0.007937406785980611
VIRAT_S_010003_10_000901_000934,VIRAT_S_010003,True,x264_crf12,libx264,True,300,d1,2.0,298,17164800,17164374,17094320,17094237,1624,5740,17130849,62332,0,17164800,50014,9.461457784594999e-05,0.0036314752871266964,9.500277783676452e-05,0.9958939224459359,0.0,0.0029137537285607753,0.0029257671554060063,0.28292682926829266,132844,17164800,0.007739326994780015
VIRAT_S_010003_10_000901_000934,VIRAT_S_010003,True,x264_crf45,libx264,True,300,d1,0.5,298,17164800,17164374,17015904,17015807,1274,5740,17130849,129677,243220,17164800,34142,7.422350503432283e-05,0.007555008997123926,7.487155913322242e-05,0.9913255033557047,0.014169696122296793,0.0019890706562266966,0.0020064758240290964,0.22195121951219512,366308,17164800,0.021340650633855332
VIRAT_S_010003_10_000901_000934,VIRAT_S_010003,True,x264_crf45,libx264,True,300,d1,1.0,298,17164800,17164374,17096144,17096043,1442,5740,17130849,54210,133996,17164800,42532,8.401121998390387e-05,0.00315828587748088,8.434700357269808e-05,0.9960001864280388,0.007806441088739746,0.0024778616703952277,0.002487812456422922,0.25121951219512195,260504,17164800,0.015176640566741237
VIRAT_S_010003_10_000901_000934,VIRAT_S_010003,True,x264_crf45,libx264,True,300,d1,2.0,298,17164800,17164374,17130600,17130465,2404,5740,17130849,26092,82616,17164800,50891,0.00014005754011186194,0.0015201253480027876,0.00014033477783586144,0.9980075503355704,0.004813105891126025,0.002964846662938106,0.002970765764188061,0.418815331010453,207532,17164800,0.012090557419835944
VIRAT_S_010003_10_000901_000934,VIRAT_S_010003,True,x264_qp24,libx264,True,300,d1,0.5,298,17164800,17164374,16916444,16916394,359,5740,17130849,219571,65352,17164800,21820,2.0915414683926136e-05,0.012792252138062244,2.122201693812523e-05,0.9855310868754661,0.0038073266219239375,0.0012712061894108874,0.0012898691947314696,0.06254355400696864,181264,17164800,0.01056021625652498
VIRAT_S_010003_10_000901_000934,VIRAT_S_010003,True,x264_qp24,libx264,True,300,d1,1.0,298,17164800,17164374,17029832,17029770,556,5740,17130849,115016,34788,17164800,36921,3.2392675666470565e-05,0.006700856087148882,3.264870870246633e-05,0.9921369313944818,0.00202670581655481,0.002150971756152125,0.002168019038590633,0.09686411149825784,155544,17164800,0.009061800894854586
VIRAT_S_010003_10_000901_000934,VIRAT_S_010003,True,x264_qp24,libx264,True,300,d1,2.0,298,17164800,17164374,17086776,17086691,1590,5740,17130849,69803,20960,17164800,49950,9.263373077282049e-05,0.004066737301342886,9.305488113526487e-05,0.995454418344519,0.00122110365398956,0.002910025167785235,0.002923313327218663,0.2770034843205575,142180,17164800,0.008283230797912006
VIRAT_S_010003_10_000901_000934,VIRAT_S_010003,True,x264_qp24_bf2_pb1,libx264,True,300,B,0.5,198,11404800,11404649,11301572,11301537,466,2963,11384895,90472,125224,11404800,16655,4.0860529771674695e-05,0.007932905256444104,4.123332959047959e-05,0.9909487233445566,0.010979938271604938,0.0014603500280583614,0.001473688793028085,0.1572730340870739,204360,11404800,0.017918771043771042
VIRAT_S_010003_10_000901_000934,VIRAT_S_010003,True,x264_qp24_bf2_pb1,libx264,True,300,B,1.0,198,11404800,11404649,11351172,11351136,570,2963,11384895,43769,77320,11404800,23738,4.997961796106132e-05,0.0038378208746275315,5.021523836909363e-05,0.9952977693602694,0.006779601571268238,0.0020814043209876542,0.0020912378034620566,0.1923725953425582,158932,11404800,0.013935535914702582
VIRAT_S_010003_10_000901_000934,VIRAT_S_010003,True,x264_qp24_bf2_pb1,libx264,True,300,B,2.0,198,11404800,11404649,11378352,11378309,916,2963,11384895,21015,57796,11404800,30387,8.031812289882836e-05,0.0018426695990380764,8.050405380975327e-05,0.9976809764309764,0.005067690796857463,0.0026644044612794612,0.0026705976401503488,0.30914613567330407,139256,11404800,0.012210297418630752
VIRAT_S_010003_10_000901_000934,VIRAT_S_010003,True,x264_qp24_bf2_pb1,libx264,True,300,dgt1,0.5,99,5702400,5702125,5531220,5531200,146,2777,5688361,158497,121544,5702400,5457,2.5604489554332813e-05,0.02779612863625403,2.639571883135667e-05,0.9699810606060606,0.0213145342312009,0.0009569654882154882,0.0009865816221376117,0.05257472092185812,143760,5702400,0.02521043771043771
VIRAT_S_010003_10_000901_000934,VIRAT_S_010003,True,x264_qp24_bf2_pb1,libx264,True,300,dgt1,1.0,99,5702400,5702125,5593780,5593759,186,2777,5688361,97685,85084,5702400,8222,3.26194181993555e-05,0.017131332617226033,3.3251343148676944e-05,0.9809518799102133,0.014920735129068462,0.0014418490460157128,0.0014698468656257485,0.06697875405113432,108656,5702400,0.019054433221099887
VIRAT_S_010003_10_000901_000934,VIRAT_S_010003,True,x264_qp24_bf2_pb1,libx264,True,300,dgt1,2.0,99,5702400,5702125,5628468,5628440,234,2777,5688361,65333,64740,5702400,11981,4.103733257338273e-05,0.011457658329131683,4.157457483778809e-05,0.9870349326599327,0.011353114478114478,0.0021010451739618408,0.002128643176082728,0.08426359380626576,88792,5702400,0.015570987654320988
VIRAT_S_010003_10_000901_000934,VIRAT_S_010003,True,x264_qp24_bf2_pb1,libx264,True,300,d1,0.5,1,57600,57600,56464,56464,0,0,57593,1129,396,57600,54,0.0,0.019600694444444445,0.0,0.9802777777777778,0.006875,0.0009375,0.0009563615755171437,,548,57600,0.00951388888888889
VIRAT_S_010003_10_000901_000934,VIRAT_S_010003,True,x264_qp24_bf2_pb1,libx264,True,300,d1,1.0,1,57600,57600,57156,57156,0,0,57593,444,292,57600,128,0.0,0.0077083333333333335,0.0,0.9922916666666667,0.005069444444444444,0.0022222222222222222,0.0022394849184687524,,456,57600,0.007916666666666667
VIRAT_S_010003_10_000901_000934,VIRAT_S_010003,True,x264_qp24_bf2_pb1,libx264,True,300,d1,2.0,1,57600,57600,57384,57384,0,0,57593,216,116,57600,142,0.0,0.00375,0.0,0.99625,0.002013888888888889,0.0024652777777777776,0.0024745573679074307,,280,57600,0.004861111111111111
VIRAT_S_010003_13_001066_001124,VIRAT_S_010003,True,nvenc_qp18,h264_nvenc,True,300,d1,0.5,298,17164800,17164429,16786592,16786559,627,5129,17132304,353339,211672,17164800,26420,3.6529033386429575e-05,0.02058553768377614,3.73513118441963e-05,0.9779660700969426,0.012331748695003728,0.001539196495152871,0.0015738751498815245,0.1222460518619614,0,17164800,0.0
VIRAT_S_010003_13_001066_001124,VIRAT_S_010003,True,nvenc_qp18,h264_nvenc,True,300,d1,1.0,298,17164800,17164429,16844496,16844457,774,5129,17132304,298994,209728,17164800,38289,4.5093256524874784e-05,0.01741939682351216,4.5949833823672675e-05,0.9813394854586129,0.01221849366144668,0.0022306697427293067,0.002273086710341467,0.1509066094755313,0,17164800,0.0
VIRAT_S_010003_13_001066_001124,VIRAT_S_010003,True,nvenc_qp18,h264_nvenc,True,300,d1,2.0,298,17164800,17164429,16906064,16905977,1653,5129,17132304,250099,206684,17164800,66867,9.630381529149616e-05,0.014570773079605503,9.777607055776782e-05,0.9849263609246831,0.01204115398956003,0.0038955886465324384,0.003955208024765552,0.32228504581789824,0,17164800,0.0
VIRAT_S_010003_13_001066_001124,VIRAT_S_010003,True,nvenc_qp23,h264_nvenc,True,300,d1,0.5,298,17164800,17164429,16930676,16930652,559,5129,17132304,208953,84852,17164800,25297,3.256735193463179e-05,0.012173606241139744,3.30170391547827e-05,0.9863602255779269,0.004943372483221476,0.0014737719052945564,0.0014941517987822814,0.10898810684343926,226092,17164800,0.01317184004474273
VIRAT_S_010003_13_001066_001124,VIRAT_S_010003,True,nvenc_qp23,h264_nvenc,True,300,d1,1.0,298,17164800,17164429,16987132,16987103,708,5129,17132304,155986,79100,17164800,37228,4.124809511577694e-05,0.009087747690296018,4.167867823018439e-05,0.9896492822520507,0.004608268083519761,0.002168857196122297,0.0021915412207310805,0.13803860401637746,220116,17164800,0.012823685682326622
VIRAT_S_010003_13_001066_001124,VIRAT_S_010003,True,nvenc_qp23,h264_nvenc,True,300,d1,2.0,298,17164800,17164429,17049252,17049177,1568,5129,17132304,106587,72600,17164800,66223,9.135171347674893e-05,0.006209760895628978,9.196924872092066e-05,0.9932683165548098,0.004229586129753915,0.0038580700037285608,0.0038842173251940905,0.3057126145447456,214396,17164800,0.012490445563012677
VIRAT_S_010003_13_001066_001124,VIRAT_S_010003,True,nvenc_qp28,h264_nvenc,True,300,d1,0.5,298,17164800,17164429,16988976,16988949,510,5129,17132304,150296,67568,17164800,24219,2.9712610888483387e-05,0.008756248168814705,3.0019514450246453e-05,0.989756711409396,0.003936428038777032,0.0014109689597315437,0.0014255715000127142,0.09943458763891597,251448,17164800,0.014649049217002236
VIRAT_S_010003_13_001066_001124,VIRAT_S_010003,True,nvenc_qp28,h264_nvenc,True,300,d1,1.0,298,17164800,17164429,17044356,17044325,657,5129,17132304,98482,50052,17164800,36351,3.82768340269286e-05,0.005737563422587492,3.854655435166837e-05,0.992983081655481,0.002915967561521253,0.0021177642617449663,0.002132729450147603,0.12809514525248586,234812,17164800,0.013679856450410142
VIRAT_S_010003_13_001066_001124,VIRAT_S_010003,True,nvenc_qp28,h264_nvenc,True,300,d1,2.0,298,17164800,17164429,17104900,17104827,1532,5129,17132304,50710,37224,17164800,65900,8.925435270815009e-05,0.002954365682656848,8.956536070198196e-05,0.9965103001491424,0.0021686241610738254,0.0038392524235645042,0.0038526971803401365,0.2986937024761162,222820,17164800,0.012981217375093213
VIRAT_S_010003_13_001066_001124,VIRAT_S_010003,True,nvenc_qp28_bf2_bqeq,h264_nvenc,True,300,B,0.5,198,11404800,11404470,11272016,11271946,1016,4595,11381901,117348,148224,11404800,24183,8.90878751927972e-05,0.010289649584768077,9.0135279214432e-05,0.9883571829405162,0.012996632996632996,0.00212042297979798,0.0021454014969460654,0.22110990206746464,275232,11404800,0.024132996632996635
VIRAT_S_010003_13_001066_001124,VIRAT_S_010003,True,nvenc_qp28_bf2_bqeq,h264_nvenc,True,300,B,1.0,198,11404800,11404470,11328884,11328806,1162,4595,11381901,62372,89236,11404800,29664,0.00010188987300593539,0.005469083613705854,0.00010257038561698382,0.9933435044893378,0.007824424803591471,0.002601010101010101,0.0026184397333400182,0.2528835690968444,217284,11404800,0.019051978114478115
VIRAT_S_010003_13_001066_001124,VIRAT_S_010003,True,nvenc_qp28_bf2_bqeq,h264_nvenc,True,300,B,2.0,198,11404800,11404470,11362812,11362684,2002,4595,11381901,34111,68276,11404800,42209,0.0001755452028897441,0.002991020187698332,0.00017619076619573333,0.9963183922558922,0.005986602132435466,0.0037009855499438834,0.003714661476402144,0.4356909684439608,198152,11404800,0.017374438832772166
VIRAT_S_010003_13_001066_001124,VIRAT_S_010003,True,nvenc_qp28_bf2_bqeq,h264_nvenc,True,300,dgt1,0.5,99,5702400,5702371,5589032,5589031,17,479,5692923,105078,83216,5702400,3374,2.9812160590743744e-06,0.01842707182678924,3.0416721610597617e-06,0.9801192480359147,0.014593153759820426,0.0005916806958473625,0.0006036823550124601,0.03549060542797495,134380,5702400,0.023565516273849608
VIRAT_S_010003_13_001066_001124,VIRAT_S_010003,True,nvenc_qp28_bf2_bqeq,h264_nvenc,True,300,dgt1,1.0,99,5702400,5702371,5620504,5620503,17,479,5692923,73827,62256,5702400,3964,2.9812160590743744e-06,0.012946719881957874,3.0246403213377877e-06,0.985638327721661,0.010917508417508418,0.0006951459034792368,0.0007052748294459002,0.03549060542797495,113404,5702400,0.019887065095398428
VIRAT_S_010003_13_001066_001124,VIRAT_S_010003,True,nvenc_qp28_bf2_bqeq,h264_nvenc,True,300,dgt1,2.0,99,5702400,5702371,5632652,5632649,18,479,5692923,61868,67064,5702400,4699,3.156581709608161e-06,0.010849522067224318,3.195654478026236e-06,0.9877686588103255,0.011760662177328844,0.0008240390011223345,0.0008342429107993889,0.037578288100208766,118344,5702400,0.020753367003367003
VIRAT_S_010003_13_001066_001124,VIRAT_S_010003,True,nvenc_qp28_bf2_bqeq,h264_nvenc,True,300,d1,0.5,1,57600,57588,57008,57008,5,55,57480,490,136,57600,37,8.682364381468362e-05,0.008508717093838995,8.770698849284311e-05,0.9897222222222222,0.002361111111111111,0.0006423611111111111,0.000649031714847039,0.09090909090909091,388,57600,0.006736111111111111
VIRAT_S_010003_13_001066_001124,VIRAT_S_010003,True,nvenc_qp28_bf2_bqeq,h264_nvenc,True,300,d1,1.0,1,57600,57588,57200,57200,5,55,57480,298,112,57600,41,8.682364381468362e-05,0.005174689171355143,8.741258741258741e-05,0.9930555555555556,0.0019444444444444444,0.0007118055555555556,0.0007167832167832168,0.09090909090909091,364,57600,0.006319444444444444
VIRAT_S_010003_13_001066_001124,VIRAT_S_010003,True,nvenc_qp28_bf2_bqeq,h264_nvenc,True,300,d1,2.0,1,57600,57588,57320,57319,5,55,57480,180,96,57600,51,8.682364381468362e-05,0.0031256511773286103,8.723111010310717e-05,0.9951388888888889,0.0016666666666666668,0.0008854166666666666,0.000889741800418702,0.09090909090909091,344,57600,0.0059722222222222225
VIRAT_S_010003_13_001066_001124,VIRAT_S_010003,True,nvenc_qp45,h264_nvenc,True,300,d1,0.5,298,17164800,17164429,17058760,17058720,707,5129,17132304,82032,130544,17164800,26920,4.118983509442697e-05,0.004779186071380528,4.1445079114962906e-05,0.9938222408650261,0.007605331841909023,0.0015683258762117824,0.0015780748424856204,0.13784363423669332,326952,17164800,0.019047818791946308
VIRAT_S_010003_13_001066_001124,VIRAT_S_010003,True,nvenc_qp45,h264_nvenc,True,300,d1,1.0,298,17164800,17164429,17084688,17084638,857,5129,17132304,59418,92848,17164800,37231,4.992883829692208e-05,0.0034616939485723644,5.016202274815539e-05,0.995332774049217,0.005409209545115585,0.00216903197240865,0.0021792028042888463,0.16708910118931566,289608,17164800,0.016872203579418345
VIRAT_S_010003_13_001066_001124,VIRAT_S_010003,True,nvenc_qp45,h264_nvenc,True,300,d1,2.0,298,17164800,17164429,17129372,17129280,1657,5129,17132304,25137,63968,17164800,62535,9.653685537689602e-05,0.0014644821566741312,9.673494741168339e-05,0.9979360085756898,0.003726696495152871,0.0036432116890380314,0.0036507467991237505,0.3230649249366348,260972,17164800,0.015203905667412379
VIRAT_S_010003_13_001066_001124,VIRAT_S_010003,True,x264_crf12,libx264,True,300,d1,0.5,298,17164800,17164429,16985880,16985841,695,5129,17132304,154334,0,17164800,28671,4.049071483822736e-05,0.008991502135025873,4.0916431514930585e-05,0.9895763422818792,0.0,0.0016703369686800894,0.0016879313877173276,0.13550399688048353,211672,17164800,0.012331748695003728
VIRAT_S_010003_13_001066_001124,VIRAT_S_010003,True,x264_crf12,libx264,True,300,d1,1.0,298,17164800,17164429,17043800,17043756,845,5129,17132304,100020,0,17164800,40372,4.9229718040722474e-05,0.005827167335423742,4.95782737091519e-05,0.9929506897837435,0.0,0.0023520227442207307,0.002368720590478649,0.16474946383310587,209728,17164800,0.01221849366144668
VIRAT_S_010003_13_001066_001124,VIRAT_S_010003,True,x264_crf12,libx264,True,300,d1,2.0,298,17164800,17164429,17104204,17104115,1727,5129,17132304,52208,0,17164800,68378,0.00010061505687139374,0.003041639194639099,0.00010096985433037606,0.9964697520507084,0.0,0.003983617636092469,0.003997730616402844,0.33671280951452526,206684,17164800,0.01204115398956003
VIRAT_S_010003_13_001066_001124,VIRAT_S_010003,True,x264_crf45,libx264,True,300,d1,0.5,298,17164800,17164429,16992376,16992271,1684,5129,17132304,153813,232328,17164800,41313,9.810987595334514e-05,0.00896114866390254,9.910388081734337e-05,0.9899547912005966,0.013535141685309471,0.0024068442393736017,0.002431266822250167,0.32832910898810685,428960,17164800,0.024990678598061148
VIRAT_S_010003_13_001066_001124,VIRAT_S_010003,True,x264_crf45,libx264,True,300,d1,1.0,298,17164800,17164429,17072224,17072116,1827,5129,17132304,76329,131656,17164800,49282,0.00010644105900639048,0.004446929169621664,0.00010701661118047699,0.9946066368381805,0.0076701155853840415,0.0028711083146905295,0.002886677213232441,0.35620978748294013,329144,17164800,0.019175521998508575
VIRAT_S_010003_13_001066_001124,VIRAT_S_010003,True,x264_crf45,libx264,True,300,d1,2.0,298,17164800,17164429,17131372,17131219,2447,5129,17132304,24957,68008,17164800,66755,0.00014256227224337028,0.001453995352831137,0.0001428386386281093,0.9980525260999255,0.003962061894108874,0.0038890636651752425,0.003896652293815113,0.4770910508871125,265028,17164800,0.015440203206562267
VIRAT_S_010003_13_001066_001124,VIRAT_S_010003,True,x264_qp24,libx264,True,300,d1,0.5,298,17164800,17164429,16967216,16967179,657,5129,17132304,172734,46648,17164800,27404,3.82768340269286e-05,0.010063486527865272,3.872181698560497e-05,0.9884890007457121,0.002717654735272185,0.0015965231170768084,0.0016151147011978866,0.12809514525248586,237824,17164800,0.013855331841909024
VIRAT_S_010003_13_001066_001124,VIRAT_S_010003,True,x264_qp24,libx264,True,300,d1,1.0,298,17164800,17164429,17030044,17030001,807,5129,17132304,113528,28492,17164800,39479,4.701583722942371e-05,0.006614143703819101,4.738696139829939e-05,0.9921492822520507,0.0016599086502609992,0.0022999976696495153,0.0023181971814048162,0.1573406122051082,221668,17164800,0.012914103281133483
VIRAT_S_010003_13_001066_001124,VIRAT_S_010003,True,x264_qp24,libx264,True,300,d1,2.0,298,17164800,17164429,17093056,17092970,1717,5129,17132304,63279,20708,17164800,68267,0.00010003245665789407,0.0036866358910045884,0.00010045065310475593,0.9958202833706189,0.0012064224459358687,0.00397715091349739,0.003993844049887861,0.33476311171768375,214296,17164800,0.012484619686800895
VIRAT_S_010003_13_001066_001124,VIRAT_S_010003,True,x264_qp24_bf2_pb1,libx264,True,300,B,0.5,198,11404800,11404470,11314116,11314029,1104,4595,11381901,75223,109044,11404800,24255,9.680414784729146e-05,0.006595922476011599,9.757797156079413e-05,0.9920486111111111,0.009561237373737375,0.002126736111111111,0.002143782156732351,0.24026115342763874,230476,11404800,0.02020868406285073
VIRAT_S_010003_13_001066_001124,VIRAT_S_010003,True,x264_qp24_bf2_pb1,libx264,True,300,B,1.0,198,11404800,11404470,11342468,11342379,1217,4595,11381901,48692,76220,11404800,29831,0.0001067125434149943,0.004269553955598112,0.00010729671438416932,0.9945345819304152,0.006683150953984287,0.0026156530583613916,0.0026300272568545047,0.2648531011969532,197804,11404800,0.0173439253647587
VIRAT_S_010003_13_001066_001124,VIRAT_S_010003,True,x264_qp24_bf2_pb1,libx264,True,300,B,2.0,198,11404800,11404470,11368532,11368404,1955,4595,11381901,28233,64340,11404800,42223,0.00017142401181291197,0.002475608248344728,0.00017196785054436842,0.9968199354657687,0.005641484287317621,0.00370221310325477,0.0037140239390626687,0.42546245919477693,186680,11404800,0.01636854657687991
VIRAT_S_010003_13_001066_001124,VIRAT_S_010003,True,x264_qp24_bf2_pb1,libx264,True,300,dgt1,0.5,99,5702400,5702371,5566228,5566227,20,479,5692923,128181,101188,5702400,4744,3.5073130106757348e-06,0.02247854445107132,3.5930981614655674e-06,0.9761202300785634,0.017744809203142538,0.0008319304152637486,0.0008522827307828569,0.04175365344467641,145944,5702400,0.02559343434343434
VIRAT_S_010003_13_001066_001124,VIRAT_S_010003,True,x264_qp24_bf2_pb1,libx264,True,300,dgt1,1.0,99,5702400,5702371,5606328,5606327,22,479,5692923,88368,74776,5702400,5677,3.858044311743308e-06,0.015496711806369667,3.924137853535836e-06,0.9831523569023569,0.01311307519640853,0.0009955457351290685,0.0010126057554962892,0.04592901878914405,119980,5702400,0.021040263748597084
VIRAT_S_010003_13_001066_001124,VIRAT_S_010003,True,x264_qp24_bf2_pb1,libx264,True,300,dgt1,2.0,99,5702400,5702371,5621736,5621733,27,479,5692923,73261,77380,5702400,6643,4.734872564412242e-06,0.01284746292375575,4.802789460118437e-06,0.9858543771043771,0.01356972502805836,0.0011649480920314253,0.0011816634576934954,0.05636743215031315,123284,5702400,0.021619668911335578
VIRAT_S_010003_13_001066_001124,VIRAT_S_010003,True,x264_qp24_bf2_pb1,libx264,True,300,d1,0.5,1,57600,57588,56884,56884,6,55,57480,616,188,57600,48,0.00010418837257762034,0.010696672917969021,0.00010547781449968357,0.9875694444444445,0.003263888888888889,0.0008333333333333334,0.0008438225159974685,0.10909090909090909,416,57600,0.007222222222222222
VIRAT_S_010003_13_001066_001124,VIRAT_S_010003,True,x264_qp24_bf2_pb1,libx264,True,300,d1,1.0,1,57600,57588,57152,57152,6,55,57480,353,120,57600,53,0.00010418837257762034,0.006129749253316663,0.00010498320268756998,0.9922222222222222,0.0020833333333333333,0.0009201388888888889,0.0009273516237402016,0.10909090909090909,348,57600,0.0060416666666666665
VIRAT_S_010003_13_001066_001124,VIRAT_S_010003,True,x264_qp24_bf2_pb1,libx264,True,300,d1,2.0,1,57600,57588,57280,57279,6,55,57480,227,72,57600,63,0.00010418837257762034,0.003941793429186636,0.0001047504320955324,0.9944444444444445,0.00125,0.00109375,0.0010998603351955307,0.10909090909090909,296,57600,0.005138888888888889
VIRAT_S_010004_03_000239_000277,VIRAT_S_010004,True,nvenc_qp18,h264_nvenc,True,300,d1,0.5,298,17164800,17162314,16839716,16839590,883,29851,17114427,279203,149616,17164800,9664,5.1449938510622754e-05,0.016268377329537263,5.243595598230123e-05,0.9810610085756898,0.008716442953020135,0.0005630126771066368,0.0005738814122518456,0.02958024856788717,0,17164800,0.0
VIRAT_S_010004_03_000239_000277,VIRAT_S_010004,True,nvenc_qp18,h264_nvenc,True,300,d1,1.0,298,17164800,17162314,16890560,16890405,1077,29851,17114427,229937,139572,17164800,13855,6.275377551069162e-05,0.013397785403530083,6.376401276345949e-05,0.9840231170768083,0.008131291946308725,0.000807175149142431,0.0008202806774908588,0.036079193326856725,0,17164800,0.0
VIRAT_S_010004_03_000239_000277,VIRAT_S_010004,True,nvenc_qp18,h264_nvenc,True,300,d1,2.0,298,17164800,17162314,16927064,16926852,2271,29851,17114427,200172,134676,17164800,24273,0.00013232481354204335,0.01166346216483395,0.00013416552587569146,0.9861497949291573,0.007846057046979866,0.001414114932885906,0.0014339757916671195,0.07607785333824663,0,17164800,0.0
VIRAT_S_010004_03_000239_000277,VIRAT_S_010004,True,nvenc_qp23,h264_nvenc,True,300,d1,0.5,298,17164800,17162314,16950904,16950784,799,29851,17114427,167740,89900,17164800,9030,4.6555493623994996e-05,0.009773740300987384,4.7136462832633585e-05,0.9875386838180462,0.005237462714392244,0.0005260766219239374,0.0005327149513677854,0.026766272486683864,169268,17164800,0.009861344146159582
VIRAT_S_010004_03_000239_000277,VIRAT_S_010004,True,nvenc_qp23,h264_nvenc,True,300,d1,1.0,298,17164800,17162314,16993960,16993815,1004,29851,17114427,126283,62220,17164800,13348,5.850026983540798e-05,0.007358156947833492,5.9080318339348754e-05,0.9900470730797912,0.0036248601789709172,0.000777637956748695,0.000785455538320674,0.03363371411343004,145520,17164800,0.008477815063385533
VIRAT_S_010004_03_000239_000277,VIRAT_S_010004,True,nvenc_qp23,h264_nvenc,True,300,d1,2.0,298,17164800,17162314,17028372,17028174,2158,29851,17114427,98630,51176,17164800,23965,0.00012574061982550838,0.005746894037715427,0.00012673114568831633,0.9920518736017897,0.0029814504101416854,0.0013961712341536167,0.001407357086161848,0.07229238551472313,133452,17164800,0.007774748322147651
VIRAT_S_010004_03_000239_000277,VIRAT_S_010004,True,nvenc_qp28,h264_nvenc,True,300,d1,0.5,298,17164800,17162314,17004344,17004251,675,29851,17114427,114005,107460,17164800,8459,3.933036069611592e-05,0.006642752253571401,3.969595602887772e-05,0.9906520320656227,0.006260486577181208,0.0004928108687546607,0.0004974611193469151,0.02261230779538374,219564,17164800,0.012791526845637584
VIRAT_S_010004_03_000239_000277,VIRAT_S_010004,True,nvenc_qp28,h264_nvenc,True,300,d1,1.0,298,17164800,17162314,17039572,17039454,869,29851,17114427,80337,66456,17164800,12898,5.063419769618479e-05,0.00468101212925017,5.0999286714233915e-05,0.9927043717375094,0.0038716442953020134,0.0007514215137956749,0.0007569438950696649,0.02911125255435329,182988,17164800,0.010660654362416108
VIRAT_S_010004_03_000239_000277,VIRAT_S_010004,True,nvenc_qp28,h264_nvenc,True,300,d1,2.0,298,17164800,17162314,17069512,17069339,2105,29851,17114427,57274,51564,17164800,23779,0.00012265245817085038,0.0033371956718656936,0.0001233205339702961,0.9944486390753169,0.0030040548098434006,0.0013853351043997017,0.001393068530605913,0.07051690060634484,167152,17164800,0.00973806860551827
VIRAT_S_010004_03_000239_000277,VIRAT_S_010004,True,nvenc_qp28_bf2_bqeq,h264_nvenc,True,300,B,0.5,198,11404800,11403148,11239208,11238751,2584,20015,11371021,138382,195676,11404800,10754,0.0002266040921331548,0.012135420850452876,0.00022991878723890226,0.9854804994388328,0.017157337261503928,0.0009429363075196408,0.0009568289865264527,0.1291031726205346,276040,11404800,0.024203843995510663
VIRAT_S_010004_03_000239_000277,VIRAT_S_010004,True,nvenc_qp28_bf2_bqeq,h264_nvenc,True,300,B,1.0,198,11404800,11403148,11303960,11303490,2662,20015,11371021,74347,115068,11404800,12831,0.000233444308536555,0.0065198662685076085,0.000235502486400218,0.9911581088664422,0.010089436026936027,0.0011250526094276094,0.0011350889422821738,0.13300024981264053,199208,11404800,0.017467031425364758
VIRAT_S_010004_03_000239_000277,VIRAT_S_010004,True,nvenc_qp28_bf2_bqeq,h264_nvenc,True,300,B,2.0,198,11404800,11403148,11335232,11334745,3188,20015,11371021,45875,86056,11404800,17246,0.0002795719217184588,0.004023011891102352,0.0002812590843464057,0.9939001122334455,0.007545594837261504,0.0015121703142536476,0.0015214509945627932,0.15928053959530353,169800,11404800,0.014888468013468013
VIRAT_S_010004_03_000239_000277,VIRAT_S_010004,True,nvenc_qp28_bf2_bqeq,h264_nvenc,True,300,dgt1,0.5,99,5702400,5701566,5609236,5609231,153,9836,5685809,77372,75076,5702400,1623,2.683473277341699e-05,0.013570306824475941,2.727646623931159e-05,0.9836623176206509,0.013165684624017958,0.0002846170033670034,0.00028934421728734537,0.015555103700691337,102788,5702400,0.018025392817059484
VIRAT_S_010004_03_000239_000277,VIRAT_S_010004,True,nvenc_qp28_bf2_bqeq,h264_nvenc,True,300,dgt1,1.0,99,5702400,5701566,5632744,5632739,167,9836,5685809,53982,49584,5702400,1958,2.9290198517389785e-05,0.009467925127938535,2.964809837629615e-05,0.9877847923681257,0.008695286195286195,0.0003433641975308642,0.00034761032988539866,0.01697844652297682,78468,5702400,0.013760521885521886
VIRAT_S_010004_03_000239_000277,VIRAT_S_010004,True,nvenc_qp28_bf2_bqeq,h264_nvenc,True,300,dgt1,2.0,99,5702400,5701566,5642220,5642214,192,9836,5685809,44634,44528,5702400,2299,3.3674958774484064e-05,0.007828375572605841,3.402919492241875e-05,0.9894465488215488,0.007808641975308642,0.00040316358024691356,0.0004074637288159625,0.019520130134200894,73292,5702400,0.012852833894500561
VIRAT_S_010004_03_000239_000277,VIRAT_S_010004,True,nvenc_qp28_bf2_bqeq,h264_nvenc,True,300,d1,0.5,1,57600,57600,57492,57492,0,0,57597,105,76,57600,28,0.0,0.0018229166666666667,0.0,0.998125,0.0013194444444444445,0.0004861111111111111,0.0004870242816391846,,184,57600,0.0031944444444444446
VIRAT_S_010004_03_000239_000277,VIRAT_S_010004,True,nvenc_qp28_bf2_bqeq,h264_nvenc,True,300,d1,1.0,1,57600,57600,57572,57572,0,0,57597,25,44,57600,51,0.0,0.00043402777777777775,0.0,0.9995138888888889,0.0007638888888888889,0.0008854166666666666,0.0008858472868755645,,152,57600,0.002638888888888889
VIRAT_S_010004_03_000239_000277,VIRAT_S_010004,True,nvenc_qp28_bf2_bqeq,h264_nvenc,True,300,d1,2.0,1,57600,57600,57600,57600,0,0,57597,0,16,57600,77,0.0,0.0,0.0,1.0,0.0002777777777777778,0.0013368055555555555,0.0013368055555555555,,136,57600,0.002361111111111111
VIRAT_S_010004_03_000239_000277,VIRAT_S_010004,True,nvenc_qp45,h264_nvenc,True,300,d1,0.5,298,17164800,17162314,17073424,17073264,1550,29851,17114427,46920,135492,17164800,10791,9.03141615984884e-05,0.002733897072387791,9.078521833903582e-05,0.9946765473527218,0.007893596196868009,0.0006286703020134229,0.0006320349099278505,0.05192455864125155,258100,17164800,0.015036586502609993
VIRAT_S_010004_03_000239_000277,VIRAT_S_010004,True,nvenc_qp45,h264_nvenc,True,300,d1,1.0,298,17164800,17162314,17084368,17084197,1759,29851,17114427,37349,89780,17164800,14533,0.00010249200661402653,0.002176221691317383,0.00010296064836995265,0.9953141312453393,0.005230471662938106,0.0008466745898583147,0.0008506606741320486,0.0589259991290074,216760,17164800,0.01262816927665921
VIRAT_S_010004_03_000239_000277,VIRAT_S_010004,True,nvenc_qp45,h264_nvenc,True,300,d1,2.0,298,17164800,17162314,17104668,17104445,3374,29851,17114427,23790,73440,17164800,24532,0.0001965935362795483,0.001386176712534219,0.00019725866580295356,0.9964967841163311,0.004278523489932886,0.001429203952274422,0.0014342283638595031,0.11302803926166628,198380,17164800,0.011557373228933632
VIRAT_S_010004_03_000239_000277,VIRAT_S_010004,True,x264_crf12,libx264,True,300,d1,0.5,298,17164800,17162314,16963564,16963418,929,29851,17114427,155576,0,17164800,10827,5.4130229758061763e-05,0.00906497806764286,5.4764906459299656e-05,0.9882762397464578,0.0,0.0006307676174496644,0.0006382503110784974,0.03112123546949851,149616,17164800,0.008716442953020135
VIRAT_S_010004_03_000239_000277,VIRAT_S_010004,True,x264_crf12,libx264,True,300,d1,1.0,298,17164800,17162314,17018860,17018682,1150,29851,17114427,101889,0,17164800,15008,6.700728118597526e-05,0.005936786845876378,6.757280029088034e-05,0.9914977162565249,0.0,0.0008743475018642804,0.0008818451999722661,0.038524672540283404,139572,17164800,0.008131291946308725
VIRAT_S_010004_03_000239_000277,VIRAT_S_010004,True,x264_crf12,libx264,True,300,d1,2.0,298,17164800,17162314,17053012,17052777,2342,29851,17114427,74420,0,17164800,25186,0.00013646178481526442,0.0043362451007480695,0.0001373383349820384,0.9934873695003729,0.0,0.001467305182699478,0.0014769238419582418,0.07845633312116847,134676,17164800,0.007846057046979866
VIRAT_S_010004_03_000239_000277,VIRAT_S_010004,True,x264_crf45,libx264,True,300,d1,0.5,298,17164800,17162314,17045548,17045278,2698,29851,17114427,78185,181072,17164800,17552,0.00015720490838240113,0.004555621112630849,0.00015828430606998608,0.9930525260999254,0.01054903057419836,0.0010225577926920209,0.0010297116877673864,0.09038223175103012,302624,17164800,0.01763049962714392
VIRAT_S_010004_03_000239_000277,VIRAT_S_010004,True,x264_crf45,libx264,True,300,d1,1.0,298,17164800,17162314,17069272,17068992,2891,29851,17114427,55627,118900,17164800,20055,0.0001684504781814387,0.003241229591767171,0.00016937145438933944,0.9944346569724086,0.006926966815809098,0.0011683794742729306,0.0011749182976286275,0.09684767679474725,245248,17164800,0.014287844891871737
VIRAT_S_010004_03_000239_000277,VIRAT_S_010004,True,x264_crf45,libx264,True,300,d1,2.0,298,17164800,17162314,17100264,17099892,5262,29851,17114427,31044,86580,17164800,28110,0.00030660201182661033,0.0018088469888151446,0.0003077212417481935,0.9962402125279642,0.005044043624161074,0.001637653803131991,0.0016438342706288044,0.1762755016582359,211112,17164800,0.012299123788217748
VIRAT_S_010004_03_000239_000277,VIRAT_S_010004,True,x264_qp24,libx264,True,300,d1,0.5,298,17164800,17162314,16957720,16957572,906,29851,17114427,161246,82780,17164800,9979,5.2790084134342255e-05,0.009395353097490233,5.3427460016091925e-05,0.9879357755406413,0.0048226603281133484,0.0005813641871737509,0.0005884635434480578,0.030350742018692842,199060,17164800,0.01159698918717375
VIRAT_S_010004_03_000239_000277,VIRAT_S_010004,True,x264_qp24,libx264,True,300,d1,1.0,298,17164800,17162314,17009980,17009811,1115,29851,17114427,110581,42176,17164800,14374,6.496792914988037e-05,0.006443245357240288,6.555040499862109e-05,0.9909803784489187,0.0024571215510812826,0.0008374114466815809,0.0008450333274936244,0.03735218250644869,162716,17164800,0.009479632736763608
VIRAT_S_010004_03_000239_000277,VIRAT_S_010004,True,x264_qp24,libx264,True,300,d1,2.0,298,17164800,17162314,17046852,17046622,2337,29851,17114427,80599,27656,17164800,25025,0.00013617044881010802,0.004696278135920366,0.00013709461029874423,0.993128495525727,0.0016112043251304995,0.0014579255219985085,0.001468012979757201,0.07828883454490637,148276,17164800,0.008638376211782253
VIRAT_S_010004_03_000239_000277,VIRAT_S_010004,True,x264_qp24_bf2_pb1,libx264,True,300,B,0.5,198,11404800,11403148,11332788,11332289,2684,20015,11371021,44999,113568,11404800,11124,0.00023537360034264223,0.003946190999187242,0.00023684535401453317,0.9936858164983164,0.009957912457912457,0.0009753787878787879,0.0009815766429231711,0.13409942543092682,193788,11404800,0.01699179292929293
VIRAT_S_010004_03_000239_000277,VIRAT_S_010004,True,x264_qp24_bf2_pb1,libx264,True,300,B,1.0,198,11404800,11403148,11347328,11346823,2786,20015,11371021,31219,76396,11404800,13303,0.00024431849871631937,0.002737752767919876,0.00024553128219238107,0.9949607182940516,0.00669858305274972,0.0011664386924803592,0.0011723464766330892,0.13919560329752687,160240,11404800,0.014050224466891133
VIRAT_S_010004_03_000239_000277,VIRAT_S_010004,True,x264_qp24_bf2_pb1,libx264,True,300,B,2.0,198,11404800,11403148,11359424,11358902,3323,20015,11371021,21972,64768,11404800,17770,0.0002914107578012668,0.0019268363437885748,0.00029254588163539046,0.9960213243546577,0.005679012345679012,0.0015581158810325478,0.001564339882022187,0.166025480889333,147544,11404800,0.012937008978675646
VIRAT_S_010004_03_000239_000277,VIRAT_S_010004,True,x264_qp24_bf2_pb1,libx264,True,300,dgt1,0.5,99,5702400,5701566,5565552,5565541,232,9836,5685809,121363,106560,5702400,2242,4.0690575185834907e-05,0.021285906363269318,4.1685076077959e-05,0.9760016835016835,0.018686868686868686,0.00039316778900112234,0.0004028351545363335,0.023586823912159414,127240,5702400,0.02231341189674523
VIRAT_S_010004_03_000239_000277,VIRAT_S_010004,True,x264_qp24_bf2_pb1,libx264,True,300,dgt1,1.0,99,5702400,5701566,5605824,5605809,252,9836,5685809,81256,71680,5702400,2646,4.419838339151033e-05,0.01425152317801811,4.495336890714614e-05,0.9830639730639731,0.012570145903479237,0.0004640151515151515,0.00047200911052505397,0.025620170801138674,93532,5702400,0.016402216610549945
VIRAT_S_010004_03_000239_000277,VIRAT_S_010004,True,x264_qp24_bf2_pb1,libx264,True,300,dgt1,2.0,99,5702400,5701566,5621576,5621558,290,9836,5685809,65674,62596,5702400,3131,5.086321898229363e-05,0.011518589804976387,5.1587122288874366e-05,0.9858263187429854,0.010977132435465768,0.0005490670594837262,0.0005569612507239963,0.029483529890199266,84624,5702400,0.01484006734006734
VIRAT_S_010004_03_000239_000277,VIRAT_S_010004,True,x264_qp24_bf2_pb1,libx264,True,300,d1,0.5,1,57600,57600,57420,57420,0,0,57597,177,156,57600,33,0.0,0.0030729166666666665,0.0,0.996875,0.0027083333333333334,0.0005729166666666667,0.0005747126436781609,,264,57600,0.004583333333333333
VIRAT_S_010004_03_000239_000277,VIRAT_S_010004,True,x264_qp24_bf2_pb1,libx264,True,300,d1,1.0,1,57600,57600,57540,57540,0,0,57597,57,60,57600,52,0.0,0.0009895833333333334,0.0,0.9989583333333333,0.0010416666666666667,0.0009027777777777777,0.0009037191518943343,,168,57600,0.002916666666666667
VIRAT_S_010004_03_000239_000277,VIRAT_S_010004,True,x264_qp24_bf2_pb1,libx264,True,300,d1,2.0,1,57600,57600,57584,57584,0,0,57597,16,32,57600,77,0.0,0.0002777777777777778,0.0,0.9997222222222222,0.0005555555555555556,0.0013368055555555555,0.001337176993609336,,152,57600,0.002638888888888889
VIRAT_S_010004_06_000547_000715,VIRAT_S_010004,False,nvenc_qp18,h264_nvenc,True,300,d1,0.5,298,17164800,17164724,16895700,16895694,42,666,17159242,264573,136456,17164800,14239,2.446878842910611e-06,0.01541376371679498,2.4858404750938317e-06,0.9843225671140939,0.00794975764354959,0.0008295465137956749,0.0008427588084542221,0.06306306306306306,0,17164800,0.0
VIRAT_S_010004_06_000547_000715,VIRAT_S_010004,False,nvenc_qp18,h264_nvenc,True,300,d1,1.0,298,17164800,17164724,16966176,16966168,69,666,17159242,195090,129776,17164800,24187,4.019872384781718e-06,0.01136575222531979,4.066917173046972e-06,0.9884284116331096,0.007560589112602535,0.0014091046793437733,0.0014256011490155472,0.1036036036036036,0,17164800,0.0
VIRAT_S_010004_06_000547_000715,VIRAT_S_010004,False,nvenc_qp18,h264_nvenc,True,300,d1,2.0,298,17164800,17164724,16995172,16995148,269,666,17159242,168449,126372,17164800,32692,1.567167639864177e-05,0.009813673671653561,1.5828046922568724e-05,0.990117682699478,0.007362276286353468,0.0019045954511558538,0.0019236051273855894,0.4039039039039039,0,17164800,0.0
VIRAT_S_010004_06_000547_000715,VIRAT_S_010004,False,nvenc_qp23,h264_nvenc,True,300,d1,0.5,298,17164800,17164724,16992580,16992576,38,666,17159242,167627,65984,17164800,13689,2.21384276263341e-06,0.009765784757156596,2.2362707102207456e-06,0.9899666759880686,0.0038441461595824012,0.0007975041946308725,0.0008055869091097409,0.057057057057057055,141824,17164800,0.00826249067859806
VIRAT_S_010004_06_000547_000715,VIRAT_S_010004,False,nvenc_qp23,h264_nvenc,True,300,d1,1.0,298,17164800,17164724,17058216,17058210,64,666,17159242,102992,50616,17164800,23941,3.7285772844352173e-06,0.0060002129949773735,3.751859075483301e-06,0.993790548098434,0.0029488255033557047,0.0013947730238627889,0.0014034879145626952,0.0960960960960961,126168,17164800,0.007350391498881431
VIRAT_S_010004_06_000547_000715,VIRAT_S_010004,False,nvenc_qp23,h264_nvenc,True,300,d1,2.0,298,17164800,17164724,17087248,17087221,262,666,17159242,76364,43088,17164800,32752,1.5263863258156672e-05,0.004448891808572046,1.533309600197715e-05,0.9954819164802386,0.0025102535421327368,0.0019080909768829232,0.0019167510180691473,0.3933933933933934,118156,17164800,0.006883622296793438
VIRAT_S_010004_06_000547_000715,VIRAT_S_010004,False,nvenc_qp28,h264_nvenc,True,300,d1,0.5,298,17164800,17164724,17032288,17032285,40,666,17159242,127879,87124,17164800,12981,2.330360802772011e-06,0.007450105227442049,2.3484811345042662e-06,0.9922800149142431,0.005075736390753169,0.0007562569910514542,0.0007621407059345168,0.06006006006006006,194908,17164800,0.011355098806860552
VIRAT_S_010004_06_000547_000715,VIRAT_S_010004,False,nvenc_qp28,h264_nvenc,True,300,d1,1.0,298,17164800,17164724,17094488,17094483,63,666,17159242,66653,47800,17164800,23593,3.670318264365917e-06,0.003883138464679071,3.6853995525924944e-06,0.9959037099179716,0.0027847688292319166,0.0013744989746457866,0.0013801524795594932,0.0945945945945946,157088,17164800,0.009151752423564504
VIRAT_S_010004_06_000547_000715,VIRAT_S_010004,False,nvenc_qp28,h264_nvenc,True,300,d1,2.0,298,17164800,17164724,17122336,17122310,271,666,17159242,41226,34720,17164800,32666,1.5788194438780373e-05,0.002401786361376973,1.582730367573067e-05,0.9975260999254287,0.0020227442207307977,0.0019030807233407904,0.0019078004309692322,0.4069069069069069,143788,17164800,0.008376910887397464
VIRAT_S_010004_06_000547_000715,VIRAT_S_010004,False,nvenc_qp28_bf2_bqeq,h264_nvenc,True,300,B,0.5,198,11404800,11404733,11275100,11275087,90,630,11400278,126415,189036,11404800,12371,7.891460501530373e-06,0.011084433103344024,7.982200048655944e-06,0.9886275953984287,0.016575126262626264,0.0010847187149270483,0.001097196477193107,0.14285714285714285,265428,11404800,0.023273358585858585
VIRAT_S_010004_06_000547_000715,VIRAT_S_010004,False,nvenc_qp28_bf2_bqeq,h264_nvenc,True,300,B,1.0,198,11404800,11404733,11350644,11350626,144,630,11400278,51685,94700,11404800,17385,1.2626336802448597e-05,0.004531890400239971,1.2686524954658888e-05,0.9952514730639731,0.008303521324354657,0.001524358164983165,0.0015316311567872272,0.22857142857142856,172836,11404800,0.015154671717171718
VIRAT_S_010004_06_000547_000715,VIRAT_S_010004,False,nvenc_qp28_bf2_bqeq,h264_nvenc,True,300,B,2.0,198,11404800,11404733,11382708,11382673,333,630,11400278,21033,59468,11404800,22799,2.9198403855662383e-05,0.0018442343192076483,2.9254991336393483e-05,0.9980629208754209,0.005214295735129069,0.0019990705667789,0.0020029504402643027,0.5285714285714286,137088,11404800,0.01202020202020202
VIRAT_S_010004_06_000547_000715,VIRAT_S_010004,False,nvenc_qp28_bf2_bqeq,h264_nvenc,True,300,dgt1,0.5,99,5702400,5702391,5596024,5596024,2,36,5701385,105431,95088,5702400,1576,3.507300709474324e-07,0.018488911055029374,3.5739660873505904e-07,0.9813453984287318,0.016675084175084176,0.00027637485970819306,0.0002816285276832265,0.05555555555555555,122616,5702400,0.021502525252525252
VIRAT_S_010004_06_000547_000715,VIRAT_S_010004,False,nvenc_qp28_bf2_bqeq,h264_nvenc,True,300,dgt1,1.0,99,5702400,5702391,5638792,5638792,2,36,5701385,62685,59924,5702400,2067,3.507300709474324e-07,0.0109927572486699,3.546858972631017e-07,0.9888453984287318,0.010508557800224467,0.0003624789562289562,0.00036656787482141566,0.05555555555555555,86820,5702400,0.01522516835016835
VIRAT_S_010004_06_000547_000715,VIRAT_S_010004,False,nvenc_qp28_bf2_bqeq,h264_nvenc,True,300,dgt1,2.0,99,5702400,5702391,5654952,5654952,2,36,5701385,46546,47184,5702400,3130,3.507300709474324e-07,0.008162540941159594,3.536723211797377e-07,0.9916792929292929,0.008274410774410774,0.0005488916947250281,0.0005534971826462895,0.05555555555555555,74268,5702400,0.0130239898989899
VIRAT_S_010004_06_000547_000715,VIRAT_S_010004,False,nvenc_qp28_bf2_bqeq,h264_nvenc,True,300,d1,0.5,1,57600,57600,56856,56856,0,0,57579,732,2636,57600,39,0.0,0.012708333333333334,0.0,0.9870833333333333,0.04576388888888889,0.0006770833333333334,0.0006859434360489658,,2444,57600,0.042430555555555555
VIRAT_S_010004_06_000547_000715,VIRAT_S_010004,False,nvenc_qp28_bf2_bqeq,h264_nvenc,True,300,d1,1.0,1,57600,57600,57324,57324,0,0,57579,276,1008,57600,86,0.0,0.004791666666666666,0.0,0.9952083333333334,0.0175,0.0014930555555555556,0.0015002442258042006,,912,57600,0.015833333333333335
VIRAT_S_010004_06_000547_000715,VIRAT_S_010004,False,nvenc_qp28_bf2_bqeq,h264_nvenc,True,300,d1,2.0,1,57600,57600,57488,57488,0,0,57579,112,480,57600,92,0.0,0.0019444444444444444,0.0,0.9980555555555556,0.008333333333333333,0.0015972222222222223,0.001600333982744225,,444,57600,0.0077083333333333335
VIRAT_S_010004_06_000547_000715,VIRAT_S_010004,False,nvenc_qp45,h264_nvenc,True,300,d1,0.5,298,17164800,17164724,17118016,17118011,71,666,17159242,42550,135252,17164800,15851,4.136390424920319e-06,0.0024789213039487267,4.147678138540745e-06,0.9972744220730798,0.00787961409395973,0.0009234596383296047,0.0009259834784591859,0.1066066066066066,253916,17164800,0.014792831841909023
VIRAT_S_010004_06_000547_000715,VIRAT_S_010004,False,nvenc_qp45,h264_nvenc,True,300,d1,1.0,298,17164800,17164724,17137636,17137629,110,666,17159242,23724,78212,17164800,22951,6.40849220762303e-06,0.0013821369921240797,6.418624186577968e-06,0.9984174589858315,0.004556534302759135,0.0013370968493661448,0.0013392162139515625,0.16516516516516516,197564,17164800,0.011509834079045489
VIRAT_S_010004_06_000547_000715,VIRAT_S_010004,False,nvenc_qp45,h264_nvenc,True,300,d1,2.0,298,17164800,17164724,17155628,17155600,269,666,17159242,7727,54724,17164800,32150,1.567167639864177e-05,0.0004501674480754832,1.568001119168085e-05,0.9994656506338553,0.00318815249813572,0.001873019202087994,0.001874020583799089,0.4039039039039039,173352,17164800,0.01009927293064877
VIRAT_S_010004_06_000547_000715,VIRAT_S_010004,False,x264_crf12,libx264,True,300,d1,0.5,298,17164800,17164724,17015876,17015870,64,666,17159242,144484,0,17164800,15696,3.7285772844352173e-06,0.00841749625569278,3.761194696480403e-06,0.9913238721103654,0.0,0.0009144295302013423,0.0009224326740509863,0.0960960960960961,136456,17164800,0.00794975764354959
VIRAT_S_010004_06_000547_000715,VIRAT_S_010004,False,x264_crf12,libx264,True,300,d1,1.0,298,17164800,17164724,17086544,17086536,91,666,17159242,74795,0,17164800,25326,5.301570826306324e-06,0.004357483406083313,5.32583081790247e-06,0.9954409023117077,0.0,0.0014754614093959732,0.0014822189905694212,0.13663663663663664,129776,17164800,0.007560589112602535
VIRAT_S_010004_06_000547_000715,VIRAT_S_010004,False,x264_crf12,libx264,True,300,d1,2.0,298,17164800,17164724,17114248,17114224,291,666,17159242,49443,0,17164800,33514,1.6953374840166378e-05,0.002880500729286413,1.700340021259509e-05,0.9970549030574198,0.0,0.001952484153616704,0.0019582513938094155,0.4369369369369369,126372,17164800,0.007362276286353468
VIRAT_S_010004_06_000547_000715,VIRAT_S_010004,False,x264_crf45,libx264,True,300,d1,0.5,298,17164800,17164724,17104244,17104233,219,666,17159242,57454,164200,17164800,23152,1.2758725395176759e-05,0.0033472137390615775,1.2803848029899967e-05,0.9964720824011931,0.009566088739746457,0.001348806860551827,0.0013535821869706723,0.32882882882882886,282208,17164800,0.016441088739746458
VIRAT_S_010004_06_000547_000715,VIRAT_S_010004,False,x264_crf45,libx264,True,300,d1,1.0,298,17164800,17164724,17137032,17137018,246,666,17159242,25032,84648,17164800,26907,1.4331718937047867e-05,0.0014583397903747243,1.4354889514616838e-05,0.9983822706935123,0.004931487695749441,0.0015675685123042505,0.0015701085228760733,0.36936936936936937,203848,17164800,0.011875932140193885
VIRAT_S_010004_06_000547_000715,VIRAT_S_010004,False,x264_crf45,libx264,True,300,d1,2.0,298,17164800,17164724,17154264,17154234,343,666,17159242,9058,55200,17164800,32272,1.998284388376999e-05,0.0005277102037877219,1.9995063609368977e-05,0.9993861856823266,0.003215883668903803,0.0018801267710663683,0.0018812815286042002,0.515015015015015,173412,17164800,0.01010276845637584
VIRAT_S_010004_06_000547_000715,VIRAT_S_010004,False,x264_qp24,libx264,True,300,d1,0.5,298,17164800,17164724,17003048,17003042,58,666,17159242,157277,60756,17164800,14544,3.3790231640194156e-06,0.009162803899439338,3.4111543099170138e-06,0.990576528709918,0.003539569351230425,0.0008473154362416107,0.0008553760478709464,0.08708708708708708,173228,17164800,0.01009204884414616
VIRAT_S_010004_06_000547_000715,VIRAT_S_010004,False,x264_qp24,libx264,True,300,d1,1.0,298,17164800,17164724,17076668,17076660,82,666,17159242,84627,29060,17164800,24836,4.7772396456826225e-06,0.004930286091404674,4.801875776644848e-06,0.9948655387770321,0.0016929996271439225,0.00144691461595824,0.0014543820843738369,0.12312312312312312,142740,17164800,0.008315855704697986
VIRAT_S_010004_06_000547_000715,VIRAT_S_010004,False,x264_qp24,libx264,True,300,d1,2.0,298,17164800,17164724,17106840,17106815,277,666,17159242,56854,18952,17164800,33423,1.6137748559196174e-05,0.0033122583270199977,1.619237713157008e-05,0.996623322147651,0.0011041200596569724,0.0019471826062639822,0.0019537798915521512,0.4159159159159159,132828,17164800,0.00773839485458613
VIRAT_S_010004_06_000547_000715,VIRAT_S_010004,False,x264_qp24_bf2_pb1,libx264,True,300,B,0.5,198,11404800,11404733,11362180,11362163,132,630,11400278,39490,116556,11404800,12825,1.1574142068911214e-05,0.003462597502282605,1.1617506279394161e-05,0.9962629769921436,0.010219907407407407,0.0011245265151515152,0.0011287446599156149,0.20952380952380953,191572,11404800,0.016797488776655444
VIRAT_S_010004_06_000547_000715,VIRAT_S_010004,False,x264_qp24_bf2_pb1,libx264,True,300,B,1.0,198,11404800,11404733,11381984,11381961,171,630,11400278,20367,68200,11404800,17240,1.499377495290771e-05,0.0017858375114963236,1.5023773144188423e-05,0.9979994388327722,0.005979938271604938,0.0015116442199775532,0.0015146744188007995,0.2714285714285714,144776,11404800,0.012694304152637486
VIRAT_S_010004_06_000547_000715,VIRAT_S_010004,False,x264_qp24_bf2_pb1,libx264,True,300,B,2.0,198,11404800,11404733,11393248,11393212,321,630,11400278,10493,51768,11404800,22841,2.8146209122125e-05,0.0009200566115839801,2.817467102341289e-05,0.9989870931537598,0.004539141414141414,0.00200275322671156,0.0020047838860349568,0.5095238095238095,127740,11404800,0.011200547138047138
VIRAT_S_010004_06_000547_000715,VIRAT_S_010004,False,x264_qp24_bf2_pb1,libx264,True,300,dgt1,0.5,99,5702400,5702391,5569164,5569164,2,36,5701385,132324,119452,5702400,2359,3.507300709474324e-07,0.023205002954024022,3.59120327575198e-07,0.976635101010101,0.020947671156004488,0.0004136854657687991,0.000423582426374946,0.05555555555555555,141788,5702400,0.024864618406285073
VIRAT_S_010004_06_000547_000715,VIRAT_S_010004,False,x264_qp24_bf2_pb1,libx264,True,300,dgt1,1.0,99,5702400,5702391,5623116,5623116,2,36,5701385,78406,74688,5702400,2912,3.507300709474324e-07,0.013749670971352192,3.55674682862669e-07,0.9860963804713805,0.013097643097643098,0.000510662177328844,0.0005178623382480461,0.05555555555555555,96936,5702400,0.01699915824915825
VIRAT_S_010004_06_000547_000715,VIRAT_S_010004,False,x264_qp24_bf2_pb1,libx264,True,300,dgt1,2.0,99,5702400,5702391,5642028,5642028,2,36,5701385,59524,59900,5702400,4005,3.507300709474324e-07,0.010438428371537483,3.5448246623377266e-07,0.9894128787878788,0.010504349046015713,0.0007023358585858586,0.0007098511386331298,0.05555555555555555,82416,5702400,0.014452861952861953
VIRAT_S_010004_06_000547_000715,VIRAT_S_010004,False,x264_qp24_bf2_pb1,libx264,True,300,d1,0.5,1,57600,57600,55748,55748,0,0,57579,1840,2112,57600,33,0.0,0.03194444444444444,0.0,0.9678472222222222,0.03666666666666667,0.0005729166666666667,0.0005919494869771113,,2112,57600,0.03666666666666667
VIRAT_S_010004_06_000547_000715,VIRAT_S_010004,False,x264_qp24_bf2_pb1,libx264,True,300,d1,1.0,1,57600,57600,56828,56828,0,0,57579,772,800,57600,88,0.0,0.013402777777777777,0.0,0.9865972222222222,0.013888888888888888,0.0015277777777777779,0.00154853241359893,,800,57600,0.013888888888888888
VIRAT_S_010004_06_000547_000715,VIRAT_S_010004,False,x264_qp24_bf2_pb1,libx264,True,300,d1,2.0,1,57600,57600,57136,57136,0,0,57579,464,432,57600,92,0.0,0.008055555555555555,0.0,0.9919444444444444,0.0075,0.0015972222222222223,0.0016101932231867824,,412,57600,0.007152777777777778
VIRAT_S_010004_07_000729_000809,VIRAT_S_010004,True,nvenc_qp18,h264_nvenc,True,300,d1,0.5,298,17164800,17164543,16877988,16877964,155,3200,17149834,273697,154892,17164800,14428,9.030243333597638e-06,0.01594548715919789,9.183572141758331e-06,0.9832906879194631,0.009023816181953765,0.0008405574198359434,0.0008548412287056965,0.0484375,0,17164800,0.0
VIRAT_S_010004_07_000729_000809,VIRAT_S_010004,True,nvenc_qp18,h264_nvenc,True,300,d1,1.0,298,17164800,17164543,16934024,16933999,236,3200,17149834,219654,150848,17164800,24008,1.3749273720832533e-05,0.012796961736761649,1.3936460017506792e-05,0.9865552759134973,0.008788217747949292,0.001398676360924683,0.0014177374497638601,0.07375,0,17164800,0.0
VIRAT_S_010004_07_000729_000809,VIRAT_S_010004,True,nvenc_qp18,h264_nvenc,True,300,d1,2.0,298,17164800,17164543,16969824,16969771,837,3200,17149834,189983,148400,17164800,38092,4.876331400142724e-05,0.01106834012417342,4.932299911413065e-05,0.9886409395973155,0.008645600298284862,0.0022191927665920954,0.0022446903397465995,0.2615625,0,17164800,0.0
VIRAT_S_010004_07_000729_000809,VIRAT_S_010004,True,nvenc_qp23,h264_nvenc,True,300,d1,0.5,298,17164800,17164543,16993332,16993309,134,3200,17149834,158277,62116,17164800,13830,7.806791010981184e-06,0.009221160155560215,7.885456564110027e-06,0.9900104865771812,0.0036188012677106636,0.0008057186800894855,0.0008138486319222151,0.041875,156704,17164800,0.00912938105891126
VIRAT_S_010004_07_000729_000809,VIRAT_S_010004,True,nvenc_qp23,h264_nvenc,True,300,d1,1.0,298,17164800,17164543,17046540,17046517,214,3200,17149834,107050,50332,17164800,23547,1.246756176380577e-05,0.006236693863623401,1.2553884174696801e-05,0.9931103187919463,0.0029322800149142432,0.001371819071588367,0.0013813360365211944,0.066875,146196,17164800,0.008517197986577182
VIRAT_S_010004_07_000729_000809,VIRAT_S_010004,True,nvenc_qp23,h264_nvenc,True,300,d1,2.0,298,17164800,17164543,17082232,17082182,843,3200,17149834,77535,44416,17164800,37912,4.911287180788909e-05,0.0045171607540031794,4.934966739026665e-05,0.9951896905294556,0.002587621178225205,0.0022087061894108875,0.0022193821041653103,0.2634375,140160,17164800,0.008165548098434004
VIRAT_S_010004_07_000729_000809,VIRAT_S_010004,True,nvenc_qp28,h264_nvenc,True,300,d1,0.5,298,17164800,17164543,17031072,17031052,128,3200,17149834,120476,76568,17164800,13118,7.45723320451934e-06,0.007018887715216187,7.515683705269645e-06,0.9922091722595078,0.004460756897837434,0.0007642384414615958,0.0007702392427205992,0.04,203420,17164800,0.011850997390007457
VIRAT_S_010004_07_000729_000809,VIRAT_S_010004,True,nvenc_qp28,h264_nvenc,True,300,d1,1.0,298,17164800,17164543,17081964,17081943,202,3200,17149834,71592,47308,17164800,23011,1.1768446150882082e-05,0.004170923746702723,1.1825352654554579e-05,0.9951740771812081,0.002756105518269948,0.0013405923750932141,0.0013470933435991317,0.063125,176852,17164800,0.010303178598061149
VIRAT_S_010004_07_000729_000809,VIRAT_S_010004,True,nvenc_qp28,h264_nvenc,True,300,d1,2.0,298,17164800,17164543,17116784,17116735,807,3200,17149834,42927,35184,17164800,37569,4.7015524969118025e-05,0.0025009113263312634,4.714684196489576e-05,0.9972026472781507,0.0020497762863534675,0.0021887234340044743,0.0021948632406648353,0.2521875,164896,17164800,0.009606636838180463
VIRAT_S_010004_07_000729_000809,VIRAT_S_010004,True,nvenc_qp28_bf2_bqeq,h264_nvenc,True,300,B,0.5,198,11404800,11404584,11277460,11277417,494,2710,11393859,119211,154460,11404800,14001,4.3315915775621454e-05,0.010452902096209735,4.380435697287774e-05,0.9888345258136925,0.013543420314253648,0.0012276409932659932,0.0012415029625465308,0.18228782287822878,244736,11404800,0.021459034792368124
VIRAT_S_010004_07_000729_000809,VIRAT_S_010004,True,nvenc_qp28_bf2_bqeq,h264_nvenc,True,300,B,1.0,198,11404800,11404584,11346416,11346363,653,2710,11393859,51604,81632,11404800,19070,5.7257678140649406e-05,0.004524847201791841,5.755148147472454e-05,0.9948807519640853,0.007157687991021324,0.0016721029741863075,0.0016807069298358178,0.24095940959409595,174256,11404800,0.015279180695847362
VIRAT_S_010004_07_000729_000809,VIRAT_S_010004,True,nvenc_qp28_bf2_bqeq,h264_nvenc,True,300,B,2.0,198,11404800,11404584,11375324,11375233,1206,2710,11393859,25878,59456,11404800,26488,0.00010574695227813658,0.002269087587938324,0.00010601980636352679,0.9974154741863075,0.00521324354657688,0.002322530864197531,0.00232854905934987,0.44501845018450187,152388,11404800,0.013361742424242424
VIRAT_S_010004_07_000729_000809,VIRAT_S_010004,True,nvenc_qp28_bf2_bqeq,h264_nvenc,True,300,dgt1,0.5,99,5702400,5702364,5614016,5614016,5,473,5698573,84738,73532,5702400,1563,8.768293290291535e-07,0.014860152736654482,8.906280281352956e-07,0.9845005611672278,0.012894921436588103,0.00027409511784511786,0.0002784103215950934,0.010570824524312896,107104,5702400,0.018782267115600448
VIRAT_S_010004_07_000729_000809,VIRAT_S_010004,True,nvenc_qp28_bf2_bqeq,h264_nvenc,True,300,dgt1,1.0,99,5702400,5702364,5642976,5642976,7,473,5698573,55813,51656,5702400,1975,1.2275610606408148e-06,0.009787695068220829,1.2404802005183081e-06,0.9895791245791246,0.009058641975308642,0.00034634539842873176,0.0003499926280033798,0.014799154334038054,85424,5702400,0.014980359147025814
VIRAT_S_010004_07_000729_000809,VIRAT_S_010004,True,nvenc_qp28_bf2_bqeq,h264_nvenc,True,300,dgt1,2.0,99,5702400,5702364,5654064,5654064,8,473,5698573,44809,47532,5702400,2857,1.4029269264466456e-06,0.007857969080893468,1.4149114689893854e-06,0.991523569023569,0.00833543771043771,0.0005010171156004489,0.0005053002583628343,0.016913319238900635,81384,5702400,0.014271885521885522
VIRAT_S_010004_07_000729_000809,VIRAT_S_010004,True,nvenc_qp28_bf2_bqeq,h264_nvenc,True,300,d1,0.5,1,57600,57595,57152,57152,0,17,57402,250,68,57600,39,0.0,0.004340654570709263,0.0,0.9922222222222222,0.0011805555555555556,0.0006770833333333334,0.0006823908174692049,0.0,72,57600,0.00125
VIRAT_S_010004_07_000729_000809,VIRAT_S_010004,True,nvenc_qp28_bf2_bqeq,h264_nvenc,True,300,d1,1.0,1,57600,57595,57256,57256,0,17,57402,164,56,57600,72,0.0,0.0028474693983852766,0.0,0.9940277777777777,0.0009722222222222222,0.00125,0.0012575101299427134,0.0,56,57600,0.0009722222222222222
VIRAT_S_010004_07_000729_000809,VIRAT_S_010004,True,nvenc_qp28_bf2_bqeq,h264_nvenc,True,300,d1,2.0,1,57600,57595,57476,57475,3,17,57402,84,36,57600,188,5.2087854848511156e-05,0.0014584599357583123,5.2196607220530666e-05,0.9978472222222222,0.000625,0.003263888888888889,0.0032709304753288327,0.17647058823529413,52,57600,0.0009027777777777777
VIRAT_S_010004_07_000729_000809,VIRAT_S_010004,True,nvenc_qp45,h264_nvenc,True,300,d1,0.5,298,17164800,17164543,17102252,17102206,480,3200,17149834,50894,116676,17164800,17014,2.7964624516947524e-05,0.002965065833678182,2.8066554688909722e-05,0.9963560309470544,0.006797399328859061,0.0009912145786726324,0.0009948397439120884,0.15,255072,17164800,0.014860178970917227
VIRAT_S_010004_07_000729_000809,VIRAT_S_010004,True,nvenc_qp45,h264_nvenc,True,300,d1,1.0,298,17164800,17164543,17121644,17121594,564,3200,17149834,33232,75484,17164800,24241,3.285843380741334e-05,0.0019360841707233335,3.294085819346026e-05,0.9974857848620432,0.004397604399701715,0.0014122506524981357,0.001415810304197424,0.17625,216220,17164800,0.012596709545115586
VIRAT_S_010004_07_000729_000809,VIRAT_S_010004,True,nvenc_qp45,h264_nvenc,True,300,d1,2.0,298,17164800,17164543,17145136,17145058,1064,3200,17149834,14702,55776,17164800,36730,6.1988251012567e-05,0.0008565331451003386,6.205869936397998e-05,0.9988543997017152,0.003249440715883669,0.002139844332587621,0.0021422985504460272,0.3325,196256,17164800,0.011433631618195376
VIRAT_S_010004_07_000729_000809,VIRAT_S_010004,True,x264_crf12,libx264,True,300,d1,0.5,298,17164800,17164543,17018832,17018805,215,3200,17149834,133136,0,17164800,16023,1.2525821398216078e-05,0.007756454686850678,1.2633084402812065e-05,0.9914960850111857,0.0,0.0009334801454138703,0.0009414864662862881,0.0671875,154892,17164800,0.009023816181953765
VIRAT_S_010004_07_000729_000809,VIRAT_S_010004,True,x264_crf12,libx264,True,300,d1,1.0,298,17164800,17164543,17076448,17076420,320,3200,17149834,77503,0,17164800,25342,1.864308301129835e-05,0.00451529644570205,1.873929078811601e-05,0.9948527218493661,0.0,0.0014763935495898583,0.0014840322765015302,0.1,150848,17164800,0.008788217747949292
VIRAT_S_010004_07_000729_000809,VIRAT_S_010004,True,x264_crf12,libx264,True,300,d1,2.0,298,17164800,17164543,17111496,17111440,916,3200,17149834,48589,0,17164800,39259,5.3365825119841526e-05,0.0028307773763624235,5.353143861650451e-05,0.9968945749440716,0.0,0.002287180741983594,0.0022943055358806736,0.28625,148400,17164800,0.008645600298284862
VIRAT_S_010004_07_000729_000809,VIRAT_S_010004,True,x264_crf45,libx264,True,300,d1,0.5,298,17164800,17164543,17087468,17087363,1117,3200,17149834,68992,159652,17164800,26786,6.50760116363133e-05,0.0040194486972359245,6.536994619942234e-05,0.9954947334079045,0.009301127889634601,0.0015605192020879941,0.0015675815749881727,0.3490625,298776,17164800,0.017406319910514542
VIRAT_S_010004_07_000729_000809,VIRAT_S_010004,True,x264_crf45,libx264,True,300,d1,1.0,298,17164800,17164543,17120872,17120766,1171,3200,17149834,36622,94104,17164800,31195,6.822203189446989e-05,0.0021335843313742752,6.839647244755287e-05,0.9974408090976883,0.005482382550335571,0.0018173820842654735,0.0018220450453691845,0.3659375,235224,17164800,0.013703859060402685
VIRAT_S_010004_07_000729_000809,VIRAT_S_010004,True,x264_crf45,libx264,True,300,d1,2.0,298,17164800,17164543,17144720,17144585,1546,3200,17149834,15954,60040,17164800,39124,9.006939479833514e-05,0.0009294742073820433,9.017424452093766e-05,0.9988301640566741,0.003497856077554064,0.0022793158090976882,0.002281985357591142,0.483125,200760,17164800,0.01169602908277405
VIRAT_S_010004_07_000729_000809,VIRAT_S_010004,True,x264_qp24,libx264,True,300,d1,0.5,298,17164800,17164543,17008108,17008083,181,3200,17149834,143721,48860,17164800,15106,1.0544993828265629e-05,0.00837313291708378,1.0641998866068563e-05,0.9908713180462342,0.0028465231170768084,0.000880056860551827,0.0008881646330091507,0.0565625,181496,17164800,0.010573732289336316
VIRAT_S_010004_07_000729_000809,VIRAT_S_010004,True,x264_qp24,libx264,True,300,d1,1.0,298,17164800,17164543,17066280,17066254,265,3200,17149834,87489,26624,17164800,24723,1.5438803118731444e-05,0.005097077154923379,1.5527719205397974e-05,0.9942603467561522,0.0015510812826249067,0.0014403313758389262,0.0014486461021382515,0.0828125,161856,17164800,0.009429530201342282
VIRAT_S_010004_07_000729_000809,VIRAT_S_010004,True,x264_qp24,libx264,True,300,d1,2.0,298,17164800,17164543,17102960,17102907,891,3200,17149834,57059,18632,17164800,39035,5.190933425958384e-05,0.0033242364798177267,5.209640676874405e-05,0.9963972781506338,0.0010854772557792691,0.002274130779269202,0.002282353463961794,0.2784375,154160,17164800,0.00898117076808352
VIRAT_S_010004_07_000729_000809,VIRAT_S_010004,True,x264_qp24_bf2_pb1,libx264,True,300,B,0.5,198,11404800,11404584,11344052,11343999,581,2710,11393859,52913,95388,11404800,14314,5.09444272583726e-05,0.004639625610193235,5.1216506630510106e-05,0.9946734708193041,0.0083638468013468,0.0012550855780022448,0.001261806627825754,0.21439114391143912,181392,11404800,0.015904882154882154
VIRAT_S_010004_07_000729_000809,VIRAT_S_010004,True,x264_qp24_bf2_pb1,libx264,True,300,B,1.0,198,11404800,11404584,11367588,11367526,716,2710,11393859,30564,62468,11404800,19178,6.278177266264161e-05,0.002679974999526506,6.298644049725507e-05,0.9967371632996633,0.005477342873176206,0.0016815726711560046,0.0016870773289813107,0.26420664206642064,150372,11404800,0.013184974747474747
VIRAT_S_010004_07_000729_000809,VIRAT_S_010004,True,x264_qp24_bf2_pb1,libx264,True,300,B,2.0,198,11404800,11404584,11383488,11383404,1193,2710,11393859,17683,52692,11404800,26636,0.00010460705975772548,0.0015505168798791785,0.00010480169200706572,0.9981313131313131,0.004620159932659932,0.0023355078563411895,0.002339880360044303,0.4402214022140221,140624,11404800,0.012330246913580247
VIRAT_S_010004_07_000729_000809,VIRAT_S_010004,True,x264_qp24_bf2_pb1,libx264,True,300,dgt1,0.5,99,5702400,5702364,5590788,5590785,14,473,5698573,108060,91976,5702400,2215,2.4551221212816297e-06,0.018950035458978064,2.504120619912946e-06,0.9804271885521886,0.016129349046015713,0.0003884329405162738,0.00039618744262883874,0.02959830866807611,120828,5702400,0.021188973063973063
VIRAT_S_010004_07_000729_000809,VIRAT_S_010004,True,x264_qp24_bf2_pb1,libx264,True,300,dgt1,1.0,99,5702400,5702364,5627428,5627425,21,473,5698573,71499,65068,5702400,2783,3.682683181922445e-06,0.01253848403925109,3.7317245454181973e-06,0.9868525533108866,0.011410634118967452,0.0004880401234567901,0.000494542089210204,0.04439746300211417,94652,5702400,0.016598625140291808
VIRAT_S_010004_07_000729_000809,VIRAT_S_010004,True,x264_qp24_bf2_pb1,libx264,True,300,dgt1,2.0,99,5702400,5702364,5641212,5641208,27,473,5698573,57807,59648,5702400,3790,4.734878376757429e-06,0.010137374604637655,4.786208911282832e-06,0.9892697811447811,0.010460157126823794,0.0006646324354657688,0.0006718414411654801,0.05708245243128964,89060,5702400,0.015617985409652077
VIRAT_S_010004_07_000729_000809,VIRAT_S_010004,True,x264_qp24_bf2_pb1,libx264,True,300,d1,0.5,1,57600,57595,57164,57164,0,17,57402,238,32,57600,57,0.0,0.0041323031513152185,0.0,0.9924305555555556,0.0005555555555555556,0.0009895833333333334,0.0009971310615072423,0.0,52,57600,0.0009027777777777777
VIRAT_S_010004_07_000729_000809,VIRAT_S_010004,True,x264_qp24_bf2_pb1,libx264,True,300,d1,1.0,1,57600,57595,57236,57236,0,17,57402,182,28,57600,75,0.0,0.0031599965274763434,0.0,0.9936805555555556,0.0004861111111111111,0.0013020833333333333,0.0013103641065063945,0.0,52,57600,0.0009027777777777777
VIRAT_S_010004_07_000729_000809,VIRAT_S_010004,True,x264_qp24_bf2_pb1,libx264,True,300,d1,2.0,1,57600,57595,57496,57496,0,17,57402,60,8,57600,187,0.0,0.001041757096970223,0.0,0.9981944444444445,0.0001388888888888889,0.003246527777777778,0.0032524001669681367,0.0,24,57600,0.0004166666666666667
VIRAT_S_010004_08_000811_000920,VIRAT_S_010004,True,nvenc_qp18,h264_nvenc,True,300,d1,0.5,298,17164800,17164268,16848624,16848556,556,7793,17120059,280010,121524,17164800,28537,3.2392875711332405e-05,0.016313541596996738,3.299986064087629e-05,0.9815799776286354,0.007079837807606264,0.0016625302945563012,0.001693728817261279,0.07134607981521879,0,17164800,0.0
VIRAT_S_010004_08_000811_000920,VIRAT_S_010004,True,nvenc_qp18,h264_nvenc,True,300,d1,1.0,298,17164800,17164268,16929812,16929725,713,7793,17120059,205342,116932,17164800,48548,4.1539784860035975e-05,0.011963341518554708,4.211527357945861e-05,0.9863098900074572,0.006812313571961223,0.002828346383296048,0.0028676042002120285,0.09149236494289748,0,17164800,0.0
VIRAT_S_010004_08_000811_000920,VIRAT_S_010004,True,nvenc_qp18,h264_nvenc,True,300,d1,2.0,298,17164800,17164268,16989332,16989199,1806,7793,17120059,163230,113200,17164800,76241,0.00010521858549400417,0.00950987248626041,0.00010630283393584358,0.9897774515287099,0.00659489187173751,0.004441706282624907,0.004487580794818772,0.2317464391120236,0,17164800,0.0
VIRAT_S_010004_08_000811_000920,VIRAT_S_010004,True,nvenc_qp23,h264_nvenc,True,300,d1,0.5,298,17164800,17164268,16933560,16933502,486,7793,17120059,194699,69444,17164800,27269,2.8314635963502784e-05,0.011343274295181128,2.8700501526500542e-05,0.9865282438478747,0.004045721476510067,0.0015886581841909023,0.0016103524598489627,0.062363659694597715,129320,17164800,0.007534023117076808
VIRAT_S_010004_08_000811_000920,VIRAT_S_010004,True,nvenc_qp23,h264_nvenc,True,300,d1,1.0,298,17164800,17164268,17009844,17009766,651,7793,17120059,124873,52380,17164800,47615,3.7927629654815454e-05,0.007275171886153257,3.8272131433201374e-05,0.9909724552572707,0.003051593959731544,0.0027739909582401192,0.0027992614159189234,0.08353650712177595,113600,17164800,0.006618195376584638
VIRAT_S_010004_08_000811_000920,VIRAT_S_010004,True,nvenc_qp23,h264_nvenc,True,300,d1,2.0,298,17164800,17164268,17068804,17068686,1721,7793,17120059,83493,44664,17164800,75789,0.0001002664372287825,0.004864349589507691,0.00010082791375973522,0.9944073918717375,0.002602069351230425,0.004415373322147651,0.004440205652370254,0.22083921467984088,105832,17164800,0.006165641312453393
VIRAT_S_010004_08_000811_000920,VIRAT_S_010004,True,nvenc_qp28,h264_nvenc,True,300,d1,0.5,298,17164800,17164268,16971596,16971540,455,7793,17120059,156301,84640,17164800,25499,2.6508558360892523e-05,0.009106185011793104,2.680958828721495e-05,0.9887441741237882,0.004931021625652498,0.0014855401752423565,0.0015024515078016234,0.05838573078403696,175916,17164800,0.010248648396718867
VIRAT_S_010004_08_000811_000920,VIRAT_S_010004,True,nvenc_qp28,h264_nvenc,True,300,d1,1.0,298,17164800,17164268,17041608,17041530,605,7793,17120059,92565,52272,17164800,46491,3.5247643534813136e-05,0.00539288946082641,3.550150720035114e-05,0.9928229865771812,0.0030453020134228186,0.0027085081096196867,0.0027280876311672,0.07763377389965354,145620,17164800,0.008483640939597316
VIRAT_S_010004_08_000811_000920,VIRAT_S_010004,True,nvenc_qp28,h264_nvenc,True,300,d1,2.0,298,17164800,17164268,17099776,17099651,1736,7793,17120059,52315,37220,17164800,75391,0.00010114034574617455,0.003047901605824379,0.00010152253984598867,0.9962117822520508,0.002168391126025354,0.0043921863348247575,0.004408888163213366,0.22276401899140255,130660,17164800,0.007612089858314691
VIRAT_S_010004_08_000811_000920,VIRAT_S_010004,True,nvenc_qp28_bf2_bqeq,h264_nvenc,True,300,B,0.5,198,11404800,11404422,11236596,11236477,987,5432,11375324,147111,186248,11404800,23152,8.65453768722343e-05,0.012899470047670983,8.783891961866695e-05,0.9852514730639731,0.01633066778900112,0.0020300224466891135,0.0020604104659453807,0.18170103092783504,254916,11404800,0.022351641414141414
VIRAT_S_010004_08_000811_000920,VIRAT_S_010004,True,nvenc_qp28_bf2_bqeq,h264_nvenc,True,300,B,1.0,198,11404800,11404422,11317720,11317586,1171,5432,11375324,68984,105100,11404800,32115,0.00010267946941984434,0.006048881740784408,0.00010346729417386358,0.9923646184062851,0.009215418069584737,0.002815919612794613,0.002837585662129828,0.21557437407952873,175288,11404800,0.015369668911335578
VIRAT_S_010004_08_000811_000920,VIRAT_S_010004,True,nvenc_qp28_bf2_bqeq,h264_nvenc,True,300,B,2.0,198,11404800,11404422,11365132,11364968,1803,5432,11375324,29823,70524,11404800,46478,0.00015809656990946143,0.0026150382719965994,0.00015864540929635702,0.9965218153759821,0.006183712121212121,0.004075301627384961,0.004089525752978496,0.3319219440353461,140472,11404800,0.012316919191919191
VIRAT_S_010004_08_000811_000920,VIRAT_S_010004,True,nvenc_qp28_bf2_bqeq,h264_nvenc,True,300,dgt1,0.5,99,5702400,5702246,5577476,5577476,64,2361,5687335,111599,87976,5702400,4826,1.1223647664446605e-05,0.019571060245384013,1.147472440939235e-05,0.9780927328843996,0.015427890011223345,0.0008463103254769921,0.0008652659374957418,0.027107157983905124,108956,5702400,0.019107042648709317
VIRAT_S_010004_08_000811_000920,VIRAT_S_010004,True,nvenc_qp28_bf2_bqeq,h264_nvenc,True,300,dgt1,1.0,99,5702400,5702246,5605440,5605438,78,2361,5687335,84047,75928,5702400,5931,1.3678820591044302e-05,0.014739279925839748,1.3915058912434675e-05,0.982996632996633,0.013315095398428732,0.0010400883838383838,0.001058079294399726,0.03303684879288437,97308,5702400,0.017064393939393938
VIRAT_S_010004_08_000811_000920,VIRAT_S_010004,True,nvenc_qp28_bf2_bqeq,h264_nvenc,True,300,dgt1,2.0,99,5702400,5702246,5622280,5622278,83,2361,5687335,67882,74324,5702400,8348,1.4555668064829192e-05,0.011904432043093195,1.4762699389820282e-05,0.9859497755331089,0.013033810325476992,0.0014639450056116723,0.0014848068755024652,0.03515459551037696,96124,5702400,0.0168567620650954
VIRAT_S_010004_08_000811_000920,VIRAT_S_010004,True,nvenc_qp28_bf2_bqeq,h264_nvenc,True,300,d1,0.5,1,57600,57600,57028,57028,0,0,57400,417,144,57600,91,0.0,0.007239583333333333,0.0,0.9900694444444444,0.0025,0.001579861111111111,0.001595707371817353,,220,57600,0.0038194444444444443
VIRAT_S_010004_08_000811_000920,VIRAT_S_010004,True,nvenc_qp28_bf2_bqeq,h264_nvenc,True,300,d1,1.0,1,57600,57600,57356,57356,0,0,57400,166,112,57600,248,0.0,0.0028819444444444444,0.0,0.9957638888888889,0.0019444444444444444,0.0043055555555555555,0.004323871957598159,,204,57600,0.0035416666666666665
VIRAT_S_010004_08_000811_000920,VIRAT_S_010004,True,nvenc_qp28_bf2_bqeq,h264_nvenc,True,300,d1,2.0,1,57600,57600,57568,57568,0,0,57400,32,32,57600,395,0.0,0.0005555555555555556,0.0,0.9994444444444445,0.0005555555555555556,0.006857638888888889,0.006861450806003335,,132,57600,0.0022916666666666667
VIRAT_S_010004_08_000811_000920,VIRAT_S_010004,True,nvenc_qp45,h264_nvenc,True,300,d1,0.5,298,17164800,17164268,17043852,17043775,729,7793,17120059,87282,149016,17164800,31609,4.247195394525418e-05,0.0050850988810009256,4.2772214488867636e-05,0.9929537192393736,0.00868148769574944,0.001841501211782252,0.0018545690258281989,0.09354548954189658,253012,17164800,0.014740165920954512
VIRAT_S_010004_08_000811_000920,VIRAT_S_010004,True,nvenc_qp45,h264_nvenc,True,300,d1,1.0,298,17164800,17164268,17079196,17079107,845,7793,17120059,56644,102204,17164800,46360,4.9230179813086114e-05,0.0033001116039437276,4.947565466976698e-05,0.995012816927666,0.005954278523489933,0.002700876211782252,0.0027144134887848352,0.10843064288464006,207720,17164800,0.012101510067114093
VIRAT_S_010004_08_000811_000920,VIRAT_S_010004,True,nvenc_qp45,h264_nvenc,True,300,d1,2.0,298,17164800,17164268,17125288,17125149,1966,7793,17120059,24946,72428,17164800,71940,0.00011454027634618615,0.001453368124990824,0.0001148019208475208,0.9976980797912006,0.004219565622669649,0.004191135346756152,0.0042008052652895535,0.25227768510201465,177276,17164800,0.010327880313199105
VIRAT_S_010004_08_000811_000920,VIRAT_S_010004,True,x264_crf12,libx264,True,300,d1,0.5,298,17164800,17164268,16955572,16955500,652,7793,17120059,173632,0,17164800,30812,3.79858902226416e-05,0.010115898912787892,3.845359912712689e-05,0.9878106357196123,0.0,0.0017950689783743476,0.0018172197316610728,0.0836648274092134,121524,17164800,0.007079837807606264
VIRAT_S_010004_08_000811_000920,VIRAT_S_010004,True,x264_crf12,libx264,True,300,d1,1.0,298,17164800,17164268,17037760,17037668,818,7793,17120059,97945,0,17164800,50572,4.76571444817804e-05,0.005706331315731029,4.801126539148433e-05,0.9925988068605518,0.0,0.0029462621178225207,0.0029682305655203503,0.10496599512382908,116932,17164800,0.006812313571961223
VIRAT_S_010004_08_000811_000920,VIRAT_S_010004,True,x264_crf12,libx264,True,300,d1,2.0,298,17164800,17164268,17095772,17095635,1936,7793,17120059,57256,0,17164800,77890,0.00011279245931140204,0.003335767071453324,0.00011324528161720814,0.9959785141685309,0.0,0.0045377749813571965,0.004556097261942895,0.2484280764788913,113200,17164800,0.00659489187173751
VIRAT_S_010004_08_000811_000920,VIRAT_S_010004,True,x264_crf45,libx264,True,300,d1,0.5,298,17164800,17164268,17025988,17025871,1724,7793,17120059,112898,212080,17164800,48666,0.00010044121893226091,0.006577501586435262,0.00010125766840357242,0.9919129847129008,0.0123555182699478,0.002835220917225951,0.0028583363267964245,0.2212241755421532,316636,17164800,0.018446821401938852
VIRAT_S_010004_08_000811_000920,VIRAT_S_010004,True,x264_crf45,libx264,True,300,d1,1.0,298,17164800,17164268,17076368,17076243,1879,7793,17120059,65967,130296,17164800,58361,0.0001094716069453122,0.003843274877786807,0.00011003591363744356,0.9948480611483967,0.0075908836689038035,0.0034000396159582402,0.0034176471249624044,0.24111382009495702,236636,17164800,0.01378612043251305
VIRAT_S_010004_08_000811_000920,VIRAT_S_010004,True,x264_crf45,libx264,True,300,d1,2.0,298,17164800,17164268,17124372,17124192,2728,7793,17120059,28082,77864,17164800,75855,0.00015893482902970286,0.0016360732656935909,0.00015930678656254262,0.9976447147651006,0.004536260253542133,0.004419218400447427,0.004429651493205123,0.35005774412934687,183120,17164800,0.01066834451901566
VIRAT_S_010004_08_000811_000920,VIRAT_S_010004,True,x264_qp24,libx264,True,300,d1,0.5,298,17164800,17164268,16949532,16949461,597,7793,17120059,179219,55648,17164800,29200,3.478155899220404e-05,0.010441400705232522,3.522235898828877e-05,0.9874587527964206,0.0032419835943325874,0.0017011558538404176,0.0017227614308170868,0.07660721160015399,153988,17164800,0.008971150260999254
VIRAT_S_010004_08_000811_000920,VIRAT_S_010004,True,x264_qp24,libx264,True,300,d1,1.0,298,17164800,17164268,17029904,17029813,779,7793,17120059,105513,29336,17164800,49748,4.5384982336561044e-05,0.006147247293039237,4.574330910151509e-05,0.9921411260253542,0.0017090790454884414,0.0028982568978374347,0.00292121435329289,0.09996150391376876,130140,17164800,0.007581795302013423
VIRAT_S_010004_08_000811_000920,VIRAT_S_010004,True,x264_qp24,libx264,True,300,d1,2.0,298,17164800,17164268,17090112,17089972,1911,7793,17120059,62806,18660,17164800,77691,0.0001113359451157486,0.0036591132228883864,0.00011181996085189608,0.9956487695749441,0.0010871085011185683,0.004526181487695749,0.004545962015930615,0.24522006929295523,119524,17164800,0.006963320283370619
VIRAT_S_010004_08_000811_000920,VIRAT_S_010004,True,x264_qp24_bf2_pb1,libx264,True,300,B,0.5,198,11404800,11404422,11316900,11316791,1021,5432,11375324,66577,113104,11404800,22844,8.952667658211876e-05,0.005837823258381705,9.021992188421611e-05,0.9922927188552189,0.009917227833894501,0.0020030162738496073,0.00201857399111064,0.187960235640648,179372,11404800,0.015727763748597082
VIRAT_S_010004_08_000811_000920,VIRAT_S_010004,True,x264_qp24_bf2_pb1,libx264,True,300,B,1.0,198,11404800,11404422,11346984,11346859,1185,5432,11375324,39463,79796,11404800,31659,0.00010390706341803206,0.00346032442503443,0.000104434187469854,0.9949305555555555,0.006996703142536476,0.0027759364478114478,0.002790080606441324,0.2181516936671576,147592,11404800,0.0129412177328844
VIRAT_S_010004_08_000811_000920,VIRAT_S_010004,True,x264_qp24_bf2_pb1,libx264,True,300,B,2.0,198,11404800,11404422,11376632,11376469,1884,5432,11375324,18342,63968,11404800,46568,0.00016519907804183324,0.0016083235081970836,0.000165604986925205,0.997530162738496,0.005608866442199776,0.004083193041526375,0.004093302833386893,0.34683357879234167,131308,11404800,0.011513397867564534
VIRAT_S_010004_08_000811_000920,VIRAT_S_010004,True,x264_qp24_bf2_pb1,libx264,True,300,dgt1,0.5,99,5702400,5702246,5554928,5554921,102,2361,5687335,134302,104612,5702400,6620,1.7887688465211778e-05,0.02355247388485169,1.8362097318755747e-05,0.974138608305275,0.018345258136924805,0.0011609147025813693,0.001191734618342488,0.043202033036848796,121232,5702400,0.021259820426487094
VIRAT_S_010004_08_000811_000920,VIRAT_S_010004,True,x264_qp24_bf2_pb1,libx264,True,300,dgt1,1.0,99,5702400,5702246,5594184,5594177,113,2361,5687335,95802,85128,5702400,8056,1.981675290753854e-05,0.016800748336708027,2.019957537989949e-05,0.9810227272727273,0.014928451178451178,0.0014127384960718294,0.0014400670410554962,0.047861075815332485,102348,5702400,0.017948232323232324
VIRAT_S_010004_08_000811_000920,VIRAT_S_010004,True,x264_qp24_bf2_pb1,libx264,True,300,dgt1,2.0,99,5702400,5702246,5614628,5614620,136,2361,5687335,76224,81312,5702400,10830,2.3850251286949037e-05,0.013367364368355908,2.4222476320748333e-05,0.984607884399551,0.01425925925925926,0.0018992003367003366,0.0019288900351011678,0.05760271071579839,98864,5702400,0.01733726150392817
VIRAT_S_010004_08_000811_000920,VIRAT_S_010004,True,x264_qp24_bf2_pb1,libx264,True,300,d1,0.5,1,57600,57600,57036,57036,0,0,57400,414,56,57600,109,0.0,0.0071875,0.0,0.9902083333333334,0.0009722222222222222,0.0018923611111111112,0.001911073707833649,,164,57600,0.0028472222222222223
VIRAT_S_010004_08_000811_000920,VIRAT_S_010004,True,x264_qp24_bf2_pb1,libx264,True,300,d1,1.0,1,57600,57600,57352,57352,0,0,57400,164,52,57600,256,0.0,0.0028472222222222223,0.0,0.9956944444444444,0.0009027777777777777,0.0044444444444444444,0.004463662993443995,,144,57600,0.0025
VIRAT_S_010004_08_000811_000920,VIRAT_S_010004,True,x264_qp24_bf2_pb1,libx264,True,300,d1,2.0,1,57600,57600,57568,57568,0,0,57400,32,32,57600,395,0.0,0.0005555555555555556,0.0,0.9994444444444445,0.0005555555555555556,0.006857638888888889,0.006861450806003335,,132,57600,0.0022916666666666667
VIRAT_S_010005_00_000048_000075,VIRAT_S_010005,True,nvenc_qp18,h264_nvenc,True,248,d1,0.5,247,14227200,14226799,13972668,13972638,152,6913,14206895,235493,109312,14227200,6558,1.0684061818825163e-05,0.01655277480197759,1.0878403920576773e-05,0.9821094804318489,0.007683310841205578,0.0004609480431848853,0.0004693448667069167,0.021987559670186604,0,14227200,0.0
VIRAT_S_010005_00_000048_000075,VIRAT_S_010005,True,nvenc_qp18,h264_nvenc,True,248,d1,1.0,247,14227200,14226799,14039332,14039294,201,6913,14206895,171611,100940,14227200,11875,1.4128265957788537e-05,0.012062516663094769,1.431695924310724e-05,0.9867951529464687,0.007094860548807917,0.0008346688034188034,0.0008458379643703845,0.029075654563865183,0,14227200,0.0
VIRAT_S_010005_00_000048_000075,VIRAT_S_010005,True,nvenc_qp18,h264_nvenc,True,248,d1,2.0,247,14227200,14226799,14071944,14071892,531,6913,14206895,145727,96600,14227200,19875,3.732392648550106e-05,0.010243133399157464,3.773479785092154e-05,0.9890873819163293,0.0067898110661268555,0.0013969719973009446,0.0014123848133562782,0.07681180384782295,0,14227200,0.0
VIRAT_S_010005_00_000048_000075,VIRAT_S_010005,True,nvenc_qp23,h264_nvenc,True,248,d1,0.5,247,14227200,14226799,14045012,14044989,138,6913,14206895,163149,88288,14227200,6368,9.700003493407055e-06,0.011467723695259911,9.825568393111593e-06,0.9871943882141251,0.006205578047683311,0.0004475933423301844,0.0004533993990179574,0.019962389700564156,131336,14227200,0.009231331533963112
VIRAT_S_010005_00_000048_000075,VIRAT_S_010005,True,nvenc_qp23,h264_nvenc,True,248,d1,1.0,247,14227200,14226799,14104116,14104085,168,6913,14206895,106739,59068,14227200,11661,1.1808699905017284e-05,0.007502671542628809,1.1911442677777396e-05,0.9913486842105264,0.0041517656320287895,0.0008196271929824562,0.0008267799272212452,0.024302039635469404,103568,14227200,0.0072795771479982
VIRAT_S_010005_00_000048_000075,VIRAT_S_010005,True,nvenc_qp23,h264_nvenc,True,248,d1,2.0,247,14227200,14226799,14135192,14135149,529,6913,14206895,82485,48376,14227200,19807,3.718334672472705e-05,0.005797860783722326,3.7424437478515436e-05,0.9935329509671615,0.003400247413405308,0.0013921924201529465,0.001401254401072161,0.07652249385216259,91224,14227200,0.006411943319838057
VIRAT_S_010005_00_000048_000075,VIRAT_S_010005,True,nvenc_qp28,h264_nvenc,True,248,d1,0.5,247,14227200,14226799,14083372,14083353,113,6913,14206895,124675,113008,14227200,5966,7.942756483731864e-06,0.008763390837250178,8.023657434419204e-06,0.9898906320287899,0.007943094916779128,0.00041933760683760684,0.00042362013869973755,0.01634601475480978,186848,14227200,0.013133153396311291
VIRAT_S_010005_00_000048_000075,VIRAT_S_010005,True,nvenc_qp28,h264_nvenc,True,248,d1,1.0,247,14227200,14226799,14140936,14140909,159,6913,14206895,69841,58920,14227200,11359,1.1176090981534216e-05,0.004909115536109001,1.1243973071320946e-05,0.9939366846603689,0.004141363022941971,0.0007984002474134053,0.0008032707311595215,0.02300014465499783,136796,14227200,0.009615103463787675
VIRAT_S_010005_00_000048_000075,VIRAT_S_010005,True,nvenc_qp28,h264_nvenc,True,248,d1,2.0,247,14227200,14226799,14169016,14168973,523,6913,14206895,48674,42152,14227200,19782,3.6761607442405e-05,0.00342128963795721,3.6911637844182494e-05,0.9959103688708952,0.002962775528565002,0.0013904352226720648,0.0013961449404813998,0.07565456386518155,118376,14227200,0.008320400359874044
VIRAT_S_010005_00_000048_000075,VIRAT_S_010005,True,nvenc_qp28_bf2_bqeq,h264_nvenc,True,248,B,0.5,164,9446400,9446201,9299676,9299601,561,4241,9433800,136262,180860,9446400,5855,5.938895435318389e-05,0.014425058285336084,6.032516878949968e-05,0.9844677337398374,0.019145918021680218,0.0006198128387533876,0.0006295918266399818,0.13228012261259137,235512,9446400,0.02493140243902439
VIRAT_S_010005_00_000048_000075,VIRAT_S_010005,True,nvenc_qp28_bf2_bqeq,h264_nvenc,True,248,B,1.0,164,9446400,9446201,9376684,9376607,641,4241,9433800,60793,95512,9446400,8868,6.785796745167713e-05,0.006435708916208749,6.836161524099283e-05,0.9926198340108401,0.010110941734417345,0.000938770325203252,0.0009457501180587935,0.15114359820796983,152340,9446400,0.016126778455284554
VIRAT_S_010005_00_000048_000075,VIRAT_S_010005,True,nvenc_qp28_bf2_bqeq,h264_nvenc,True,248,B,2.0,164,9446400,9446201,9412728,9412629,993,4241,9433800,28183,62028,9446400,13138,0.00010512162508504742,0.0029835274519354393,0.00010549656211882993,0.9964354674796748,0.006566310975609756,0.001390794376693767,0.0013957696429770412,0.23414289082763498,118656,9446400,0.012560975609756098
VIRAT_S_010005_00_000048_000075,VIRAT_S_010005,True,nvenc_qp28_bf2_bqeq,h264_nvenc,True,248,dgt1,0.5,82,4723200,4722998,4618164,4618162,36,2672,4715495,97605,100224,4723200,1338,7.622277206130513e-06,0.02066589907512135,7.79530904286164e-06,0.9777616869918699,0.021219512195121953,0.00028328252032520327,0.0002897255272874675,0.01347305389221557,115528,4723200,0.02445968834688347
VIRAT_S_010005_00_000048_000075,VIRAT_S_010005,True,nvenc_qp28_bf2_bqeq,h264_nvenc,True,248,dgt1,1.0,82,4723200,4722998,4661472,4661470,51,2672,4715495,54485,56852,4723200,1969,1.0798226042018227e-05,0.01153610482155614,1.094075474045741e-05,0.9869308943089431,0.012036754742547425,0.00041687838753387535,0.00042239876159290456,0.01908682634730539,73876,4723200,0.01564109078590786
VIRAT_S_010005_00_000048_000075,VIRAT_S_010005,True,nvenc_qp28_bf2_bqeq,h264_nvenc,True,248,dgt1,2.0,82,4723200,4722998,4676968,4676961,78,2672,4715495,39524,44668,4723200,3008,1.651493394661611e-05,0.008368413452641733,1.6677496348590463e-05,0.9902117208672087,0.009457147696476965,0.0006368563685636856,0.0006431517170953489,0.029191616766467067,60536,4723200,0.012816734417344173
VIRAT_S_010005_00_000048_000075,VIRAT_S_010005,True,nvenc_qp28_bf2_bqeq,h264_nvenc,True,248,d1,0.5,1,57600,57600,57476,57476,0,0,57600,124,156,57600,11,0.0,0.0021527777777777778,0.0,0.9978472222222222,0.0027083333333333334,0.00019097222222222223,0.00019138422993945299,,408,57600,0.007083333333333333
VIRAT_S_010005_00_000048_000075,VIRAT_S_010005,True,nvenc_qp28_bf2_bqeq,h264_nvenc,True,248,d1,1.0,1,57600,57600,57540,57540,0,0,57600,60,60,57600,12,0.0,0.0010416666666666667,0.0,0.9989583333333333,0.0010416666666666667,0.00020833333333333335,0.00020855057351407716,,300,57600,0.005208333333333333
VIRAT_S_010005_00_000048_000075,VIRAT_S_010005,True,nvenc_qp28_bf2_bqeq,h264_nvenc,True,248,d1,2.0,1,57600,57600,57556,57556,0,0,57600,44,44,57600,18,0.0,0.0007638888888888889,0.0,0.9992361111111111,0.0007638888888888889,0.0003125,0.0003127388977691292,,284,57600,0.004930555555555555
VIRAT_S_010005_00_000048_000075,VIRAT_S_010005,True,nvenc_qp45,h264_nvenc,True,248,d1,0.5,247,14227200,14226799,14176000,14175959,420,6913,14206895,33427,144460,14227200,8198,2.9521749762543213e-05,0.0023495798316965047,2.9627625192764735e-05,0.9964012595591543,0.010153789923526765,0.0005762201979307242,0.0005783013544018059,0.06075509908867351,230804,14227200,0.016222728295096717
VIRAT_S_010005_00_000048_000075,VIRAT_S_010005,True,nvenc_qp45,h264_nvenc,True,248,d1,1.0,247,14227200,14226799,14192052,14192009,463,6913,14206895,19704,82788,14227200,12437,3.254421461918454e-05,0.0013849918031455988,3.262399283991435e-05,0.9975295209176788,0.005818994601889339,0.0008741706027890238,0.0008763355714874777,0.06697526399537104,172416,14227200,0.012118758434547908
VIRAT_S_010005_00_000048_000075,VIRAT_S_010005,True,nvenc_qp45,h264_nvenc,True,248,d1,2.0,247,14227200,14226799,14208044,14207987,967,6913,14206895,9825,61884,14227200,19733,6.797031433423639e-05,0.0006905980748023501,6.806031002139852e-05,0.9986535650022492,0.004349696356275304,0.0013869911156095367,0.0013888611268377267,0.13988138290177926,149164,14227200,0.010484424201529464
VIRAT_S_010005_00_000048_000075,VIRAT_S_010005,True,x264_crf12,libx264,True,248,d1,0.5,247,14227200,14226799,14059948,14059918,184,6913,14206895,148381,0,14227200,7269,1.2933337991209407e-05,0.010429682741704582,1.3086847305937347e-05,0.988244208277103,0.0,0.0005109227395411605,0.0005170004896177425,0.026616519600752207,109312,14227200,0.007683310841205578
VIRAT_S_010005_00_000048_000075,VIRAT_S_010005,True,x264_crf12,libx264,True,248,d1,1.0,247,14227200,14226799,14129368,14129330,228,6913,14206895,81719,0,14227200,12476,1.6026092728237742e-05,0.005744018735345878,1.6136646252865494e-05,0.9931235942420152,0.0,0.0008769118308591993,0.000882983584262226,0.03298133950527991,100940,14227200,0.007094860548807917
VIRAT_S_010005_00_000048_000075,VIRAT_S_010005,True,x264_crf12,libx264,True,248,d1,2.0,247,14227200,14226799,14159504,14159453,556,6913,14206895,58243,0,14227200,20349,3.9081173495176254e-05,0.004093893503380486,3.926705360722621e-05,0.9952417903733694,0.0,0.0014302884615384616,0.00143712661121463,0.08042817879357732,96600,14227200,0.0067898110661268555
VIRAT_S_010005_00_000048_000075,VIRAT_S_010005,True,x264_crf45,libx264,True,248,d1,0.5,247,14227200,14226799,14117540,14117482,551,6913,14206895,93335,210560,14227200,11911,3.872972409324121e-05,0.006560505985921359,3.902962298800877e-05,0.9922922289698606,0.014799820062977958,0.000837199167791273,0.0008437022314085881,0.07970490380442645,296008,14227200,0.020805780476833107
VIRAT_S_010005_00_000048_000075,VIRAT_S_010005,True,x264_crf45,libx264,True,248,d1,1.0,247,14227200,14226799,14172500,14172439,596,6913,14206895,40179,106908,14227200,14715,4.1892768710656556e-05,0.0028241771040695804,4.2053453184734116e-05,0.9961552519118309,0.0075143387314439945,0.0010342864372469636,0.0010382783559710707,0.08621437870678432,196160,14227200,0.013787674313990103
VIRAT_S_010005_00_000048_000075,VIRAT_S_010005,True,x264_crf45,libx264,True,248,d1,2.0,247,14227200,14226799,14198624,14198543,1189,6913,14206895,19709,73568,14227200,20854,8.35746677801521e-05,0.0013853432525475337,8.374098666320903e-05,0.997991452991453,0.005170940170940171,0.0014657838506522717,0.0014687338716765793,0.17199479242007812,160640,14227200,0.011291048133153396
VIRAT_S_010005_00_000048_000075,VIRAT_S_010005,True,x264_qp24,libx264,True,248,d1,0.5,247,14227200,14226799,14053152,14053123,158,6913,14206895,155086,82444,14227200,6709,1.1105801101147209e-05,0.010900976389699469,1.1243052522916081e-05,0.9877665317139002,0.005794815564552407,0.0004715615159694107,0.00047740179569679455,0.022855489657167657,163460,14227200,0.011489260008996851
VIRAT_S_010005_00_000048_000075,VIRAT_S_010005,True,x264_qp24,libx264,True,248,d1,1.0,247,14227200,14226799,14121800,14121761,218,6913,14206895,89179,37304,14227200,12084,1.5323193924367665e-05,0.006268381243032955,1.5437168211528292e-05,0.9925916554206028,0.0026220197930724247,0.0008493589743589744,0.0008556982820886855,0.031534789526978156,121540,14227200,0.00854279127305443
VIRAT_S_010005_00_000048_000075,VIRAT_S_010005,True,x264_qp24,libx264,True,248,d1,2.0,247,14227200,14226799,14154380,14154332,560,6913,14206895,63356,23380,14227200,20270,3.9362333016724284e-05,0.004453285661799256,3.956385931882903e-05,0.9948816351776878,0.0016433310841205578,0.0014247357174988753,0.001432065551440614,0.08100679878489801,106892,14227200,0.00751321412505623
VIRAT_S_010005_00_000048_000075,VIRAT_S_010005,True,x264_qp24_bf2_pb1,libx264,True,248,B,0.5,164,9446400,9446201,9389824,9389750,428,4241,9433800,45663,102088,9446400,5447,4.530922007693887e-05,0.004834006813956214,4.5581618253947125e-05,0.9940108401084011,0.010807079945799459,0.0005766217818428184,0.0005800960699582868,0.10091959443527469,157820,9446400,0.016706893631436313
VIRAT_S_010005_00_000048_000075,VIRAT_S_010005,True,x264_qp24_bf2_pb1,libx264,True,248,B,1.0,164,9446400,9446201,9414592,9414514,521,4241,9433800,22470,63948,9446400,8486,5.515444780393726e-05,0.0023787340540392904,5.534008446957538e-05,0.9966327913279133,0.006769563008130081,0.0008983316395663957,0.0009013667294344779,0.12284838481490215,121464,9446400,0.012858231707317072
VIRAT_S_010005_00_000048_000075,VIRAT_S_010005,True,x264_qp24_bf2_pb1,libx264,True,248,B,2.0,164,9446400,9446201,9427500,9427401,740,4241,9433800,12999,51952,9446400,12832,7.833837116106253e-05,0.0013761087658414213,7.84945925181288e-05,0.9979992378048781,0.005499661246612466,0.0013584010840108401,0.0013611243701935826,0.17448714925725065,108412,9446400,0.01147654132791328
VIRAT_S_010005_00_000048_000075,VIRAT_S_010005,True,x264_qp24_bf2_pb1,libx264,True,248,dgt1,0.5,82,4723200,4722998,4584052,4584048,51,2672,4715495,131799,117840,4723200,1684,1.0798226042018227e-05,0.027905792041410984,1.1125537952482173e-05,0.9705394647696477,0.024949186991869918,0.0003565379403794038,0.0003673605796792881,0.01908682634730539,129968,4723200,0.027516937669376695
VIRAT_S_010005_00_000048_000075,VIRAT_S_010005,True,x264_qp24_bf2_pb1,libx264,True,248,dgt1,1.0,82,4723200,4722998,4641064,4641059,63,2672,4715495,75002,70492,4723200,2432,1.3338985110728397e-05,0.015880167639283353,1.3574488064038832e-05,0.9826100948509485,0.014924627371273713,0.0005149051490514905,0.0005240177683393291,0.023577844311377244,83772,4723200,0.017736280487804876
VIRAT_S_010005_00_000048_000075,VIRAT_S_010005,True,x264_qp24_bf2_pb1,libx264,True,248,dgt1,2.0,82,4723200,4722998,4661660,4661646,107,2672,4715495,55005,55832,4723200,3555,2.2655101695999023e-05,0.011646204381200245,2.2953265863602684e-05,0.9869706978319783,0.01182079945799458,0.0007526676829268293,0.000762603879304797,0.04004491017964072,68804,4723200,0.014567242547425474
VIRAT_S_010005_00_000048_000075,VIRAT_S_010005,True,x264_qp24_bf2_pb1,libx264,True,248,d1,0.5,1,57600,57600,57160,57160,0,0,57600,440,472,57600,13,0.0,0.007638888888888889,0.0,0.9923611111111111,0.008194444444444445,0.00022569444444444443,0.00022743177046885934,,668,57600,0.011597222222222222
VIRAT_S_010005_00_000048_000075,VIRAT_S_010005,True,x264_qp24_bf2_pb1,libx264,True,248,d1,1.0,1,57600,57600,57520,57520,0,0,57600,80,112,57600,18,0.0,0.001388888888888889,0.0,0.9986111111111111,0.0019444444444444444,0.0003125,0.0003129346314325452,,320,57600,0.005555555555555556
VIRAT_S_010005_00_000048_000075,VIRAT_S_010005,True,x264_qp24_bf2_pb1,libx264,True,248,d1,2.0,1,57600,57600,57536,57536,0,0,57600,64,96,57600,18,0.0,0.0011111111111111111,0.0,0.9988888888888889,0.0016666666666666668,0.0003125,0.0003128476084538376,,304,57600,0.005277777777777778
VIRAT_S_010005_02_000177_000203,VIRAT_S_010005,True,nvenc_qp18,h264_nvenc,True,300,d1,0.5,298,17164800,17161234,16911864,16911692,664,10674,17138940,230885,107512,17164800,10717,3.8691856308235175e-05,0.013453869342962168,3.926277749145384e-05,0.9852642617449664,0.006263516032811335,0.000624359153616704,0.0006336971489363917,0.06220723252763725,0,17164800,0.0
VIRAT_S_010005_02_000177_000203,VIRAT_S_010005,True,nvenc_qp18,h264_nvenc,True,300,d1,1.0,298,17164800,17161234,16977048,16976857,754,10674,17138940,168183,90844,17164800,16028,4.39362344223032e-05,0.00980016938175891,4.441340349394473e-05,0.9890618008948546,0.005292458985831469,0.0009337714392244593,0.0009440981730157092,0.07063893573168446,0,17164800,0.0
VIRAT_S_010005_02_000177_000203,VIRAT_S_010005,True,nvenc_qp18,h264_nvenc,True,300,d1,2.0,298,17164800,17161234,17010220,17009947,1045,10674,17138940,139195,83564,17164800,22730,6.089305699112313e-05,0.008111013462085535,6.143464174226998e-05,0.990994360551827,0.004868335197613721,0.0013242216629381059,0.0013362554981652206,0.09790144275810381,0,17164800,0.0
VIRAT_S_010005_02_000177_000203,VIRAT_S_010005,True,nvenc_qp23,h264_nvenc,True,300,d1,0.5,298,17164800,17161234,16993224,16993078,616,10674,17138940,149257,109376,17164800,10095,3.58948546473989e-05,0.008697334935238341,3.6250054286810195e-05,0.9900041946308725,0.006372110365398956,0.0005881222035794184,0.0005940603148643247,0.0577103241521454,142712,17164800,0.008314224459358687
VIRAT_S_010005_02_000177_000203,VIRAT_S_010005,True,nvenc_qp23,h264_nvenc,True,300,d1,1.0,298,17164800,17161234,17040396,17040235,684,10674,17138940,104599,65496,17164800,15482,3.985727366691696e-05,0.006095074515037788,4.014029149245888e-05,0.9927523769574944,0.003815715883668904,0.0009019621551081282,0.0009085469609978547,0.06408094435075885,101292,17164800,0.005901146532438479
VIRAT_S_010005_02_000177_000203,VIRAT_S_010005,True,nvenc_qp23,h264_nvenc,True,300,d1,2.0,298,17164800,17161234,17066852,17066609,994,10674,17138940,82389,47652,17164800,22394,5.7921242726484586e-05,0.004800878538221668,5.824238429555631e-05,0.9942936707680835,0.002776146532438479,0.0013046467188665175,0.0013121341885427963,0.09312347760914372,82944,17164800,0.004832214765100671
VIRAT_S_010005_02_000177_000203,VIRAT_S_010005,True,nvenc_qp28,h264_nvenc,True,300,d1,0.5,298,17164800,17161234,17039832,17039688,567,10674,17138940,102564,125976,17164800,9561,3.3039582118628535e-05,0.005976493298791917,3.327525715259575e-05,0.9927195190156599,0.00733920581655481,0.0005570120246085011,0.0005610970812388291,0.05311973018549747,183056,17164800,0.01066461595824012
VIRAT_S_010005_02_000177_000203,VIRAT_S_010005,True,nvenc_qp28,h264_nvenc,True,300,d1,1.0,298,17164800,17161234,17076180,17076013,667,10674,17138940,68699,69648,17164800,15158,3.8866668912037445e-05,0.004003150356203989,3.906064020916358e-05,0.9948371085011186,0.004057606263982103,0.0008830863161819537,0.0008876692562388075,0.06248828930110549,131532,17164800,0.007662891498881432
VIRAT_S_010005_02_000177_000203,VIRAT_S_010005,True,nvenc_qp28,h264_nvenc,True,300,d1,2.0,298,17164800,17161234,17097352,17097119,921,10674,17138940,51764,48368,17164800,22281,5.366746936729608e-05,0.003016333207740189,5.386872490037649e-05,0.9960705630126772,0.0028178598061148396,0.0012980634787472037,0.0013031842591765088,0.08628442945474986,109612,17164800,0.006385859433258762
VIRAT_S_010005_02_000177_000203,VIRAT_S_010005,True,nvenc_qp28_bf2_bqeq,h264_nvenc,True,300,B,0.5,198,11404800,11402403,11284272,11283043,1373,6773,11387746,108965,189368,11404800,10654,0.00012041321465308673,0.009556318961888998,0.00012168703070616676,0.9894318181818181,0.016604236812570144,0.0009341680695847363,0.000944145975921176,0.20271666912741768,235644,11404800,0.0206618265993266
VIRAT_S_010005_02_000177_000203,VIRAT_S_010005,True,nvenc_qp28_bf2_bqeq,h264_nvenc,True,300,B,1.0,198,11404800,11402403,11342936,11341645,1435,6773,11387746,51758,107504,11404800,13325,0.0001258506649870207,0.004539218619092835,0.0001265248559622524,0.9945756172839506,0.009426206509539842,0.0011683677048260383,0.0011747399438734381,0.21187066292632512,156396,11404800,0.013713173400673401
VIRAT_S_010005_02_000177_000203,VIRAT_S_010005,True,nvenc_qp28_bf2_bqeq,h264_nvenc,True,300,B,2.0,198,11404800,11402403,11368948,11367591,1652,6773,11387746,28111,76284,11404800,16840,0.0001448817411557897,0.0024653575215680414,0.00014532542558929153,0.996856411335578,0.006688762626262626,0.001476571268237935,0.0014812276386522306,0.2439096412225011,125092,11404800,0.010968364197530864
VIRAT_S_010005_02_000177_000203,VIRAT_S_010005,True,nvenc_qp28_bf2_bqeq,h264_nvenc,True,300,dgt1,0.5,99,5702400,5701231,5611692,5611621,217,3892,5693633,82782,90440,5702400,1962,3.806195539173908e-05,0.01452002207944214,3.866975335647222e-05,0.9840930134680135,0.015859988776655443,0.00034406565656565656,0.00034962717127026927,0.05575539568345324,97336,5702400,0.017069304152637486
VIRAT_S_010005_02_000177_000203,VIRAT_S_010005,True,nvenc_qp28_bf2_bqeq,h264_nvenc,True,300,dgt1,1.0,99,5702400,5701231,5633756,5633685,239,3892,5693633,61074,64396,5702400,2608,4.192077114574028e-05,0.010712423334539506,4.2423387179084384e-05,0.9879622615039282,0.011292789001122334,0.00045735129068462404,0.0004629238468971677,0.06140801644398767,73336,5702400,0.012860549943883278
VIRAT_S_010005_02_000177_000203,VIRAT_S_010005,True,nvenc_qp28_bf2_bqeq,h264_nvenc,True,300,dgt1,2.0,99,5702400,5701231,5644260,5644185,272,3892,5693633,50997,54200,5702400,3687,4.770899477674208e-05,0.008944910318490866,4.8191191465198256e-05,0.989804292929293,0.009504769921436588,0.0006465698653198653,0.00065323000712228,0.0698869475847893,63220,5702400,0.011086560044893378
VIRAT_S_010005_02_000177_000203,VIRAT_S_010005,True,nvenc_qp28_bf2_bqeq,h264_nvenc,True,300,d1,0.5,1,57600,57600,57412,57412,0,9,57561,152,176,57600,12,0.0,0.002638888888888889,0.0,0.9967361111111112,0.0030555555555555557,0.00020833333333333335,0.0002090155368215704,0.0,220,57600,0.0038194444444444443
VIRAT_S_010005_02_000177_000203,VIRAT_S_010005,True,nvenc_qp28_bf2_bqeq,h264_nvenc,True,300,d1,1.0,1,57600,57600,57468,57468,0,9,57561,96,88,57600,33,0.0,0.0016666666666666668,0.0,0.9977083333333333,0.0015277777777777779,0.0005729166666666667,0.0005742326164126122,0.0,148,57600,0.0025694444444444445
VIRAT_S_010005_02_000177_000203,VIRAT_S_010005,True,nvenc_qp28_bf2_bqeq,h264_nvenc,True,300,d1,2.0,1,57600,57600,57568,57568,4,9,57561,25,44,57600,68,6.944444444444444e-05,0.00043402777777777775,6.948304613674263e-05,0.9994444444444445,0.0007638888888888889,0.0011805555555555556,0.0011812117843246247,0.4444444444444444,124,57600,0.0021527777777777778
VIRAT_S_010005_02_000177_000203,VIRAT_S_010005,True,nvenc_qp45,h264_nvenc,True,300,d1,0.5,298,17164800,17161234,17108464,17108170,908,10674,17138940,36062,152952,17164800,11919,5.2909948084152924e-05,0.0021013640394391218,5.307405759938088e-05,0.9967179343773304,0.008910794183445191,0.0006943861856823266,0.0006966727112381333,0.08506651676972082,222088,17164800,0.012938571961222969
VIRAT_S_010005_02_000177_000203,VIRAT_S_010005,True,nvenc_qp45,h264_nvenc,True,300,d1,1.0,298,17164800,17161234,17121636,17121327,964,10674,17138940,24421,93032,17164800,15914,5.617311668846191e-05,0.0014230328658183904,5.630404699355371e-05,0.9974853187919464,0.005419929157345265,0.0009271299403430276,0.0009294672541806169,0.0903129098744613,165924,17164800,0.009666526845637584
VIRAT_S_010005_02_000177_000203,VIRAT_S_010005,True,nvenc_qp45,h264_nvenc,True,300,d1,2.0,298,17164800,17161234,17134564,17134195,1218,10674,17138940,14604,68068,17164800,22100,7.097391714372055e-05,0.0008509877553094375,7.108591912254996e-05,0.9982384880686055,0.0039655574198359436,0.0012875186428038777,0.0012897906243777197,0.11410905002810567,139824,17164800,0.008145973154362416
VIRAT_S_010005_02_000177_000203,VIRAT_S_010005,True,x264_crf12,libx264,True,300,d1,0.5,298,17164800,17161234,16982760,16982583,728,10674,17138940,160287,0,17164800,12142,4.242119185601688e-05,0.009340062608551343,4.286744837343059e-05,0.9893945749440716,0.0,0.000707377889634601,0.000714960348023525,0.06820311036162638,107512,17164800,0.006263516032811335
VIRAT_S_010005_02_000177_000203,VIRAT_S_010005,True,x264_crf12,libx264,True,300,d1,1.0,298,17164800,17161234,17051612,17051408,819,10674,17138940,93971,0,17164800,17381,4.7723840838018994e-05,0.005475771730634289,4.8031224166356235e-05,0.9934058072334079,0.0,0.0010125955443698732,0.0010193171179358291,0.07672849915682968,90844,17164800,0.005292458985831469
VIRAT_S_010005_02_000177_000203,VIRAT_S_010005,True,x264_crf12,libx264,True,300,d1,2.0,298,17164800,17161234,17082984,17082685,1125,10674,17138940,66723,0,17164800,23659,6.555472642585026e-05,0.0038880071211662283,6.585615785808847e-05,0.9952335011185682,0.0,0.001378344052945563,0.0013849453936150733,0.10539629005059022,83564,17164800,0.004868335197613721
VIRAT_S_010005_02_000177_000203,VIRAT_S_010005,True,x264_crf45,libx264,True,300,d1,0.5,298,17164800,17161234,17084628,17084105,1721,10674,17138940,62720,187212,17164800,17564,0.00010028416371456738,0.0036547488368260696,0.00010073691305456153,0.99532927852349,0.01090673937360179,0.0010232568978374348,0.0010280586735631587,0.16123290237961402,255860,17164800,0.01490608687546607
VIRAT_S_010005_02_000177_000203,VIRAT_S_010005,True,x264_crf45,libx264,True,300,d1,1.0,298,17164800,17161234,17114404,17113852,1868,10674,17138940,34213,110048,17164800,20531,0.00010884998130087847,0.001993621204628991,0.00010915134710759448,0.9970639914243102,0.006411260253542133,0.001196110645041014,0.0011996327771624416,0.17500468427955782,183324,17164800,0.010680229306487696
VIRAT_S_010005_02_000177_000203,VIRAT_S_010005,True,x264_crf45,libx264,True,300,d1,2.0,298,17164800,17161234,17135080,17134452,2148,10674,17138940,15861,73080,17164800,24935,0.00012516582432242344,0.0009242342363025875,0.00012536146472615523,0.9982685495898583,0.0042575503355704696,0.0014526822334079046,0.0014552018432362147,0.20123664980326025,145116,17164800,0.008454278523489933
VIRAT_S_010005_02_000177_000203,VIRAT_S_010005,True,x264_qp24,libx264,True,300,d1,0.5,298,17164800,17161234,17003216,17003066,624,10674,17138940,139440,101752,17164800,10808,3.6361021590871614e-05,0.008125289824729388,3.6699263532824024e-05,0.9905863161819538,0.005927945563012677,0.0006296607009694258,0.0006356444569074462,0.05845980888139404,166392,17164800,0.009693791946308724
VIRAT_S_010005_02_000177_000203,VIRAT_S_010005,True,x264_qp24,libx264,True,300,d1,1.0,298,17164800,17161234,17056584,17056388,765,10674,17138940,88720,46452,17164800,16450,4.457721396957818e-05,0.005169791403112387,4.485123110473331e-05,0.9936954697986577,0.0027062360178970917,0.0009583566368381804,0.0009644369587720495,0.07166947723440135,116016,17164800,0.006758948545861298
VIRAT_S_010005_02_000177_000203,VIRAT_S_010005,True,x264_qp24,libx264,True,300,d1,2.0,298,17164800,17161234,17085320,17085032,1093,10674,17138940,64286,27088,17164800,23352,6.369005865195941e-05,0.0037460010160108533,6.397412659221242e-05,0.9953695935868755,0.0015781133482475765,0.0013604586129753915,0.0013667873940903653,0.10239835113359565,96932,17164800,0.005647138329604773
VIRAT_S_010005_02_000177_000203,VIRAT_S_010005,True,x264_qp24_bf2_pb1,libx264,True,300,B,0.5,198,11404800,11402403,11359120,11357923,1463,6773,11387746,34113,123984,11404800,10712,0.0001283062877184748,0.0029917377942175875,0.00012880876195410024,0.9959946689113356,0.010871212121212122,0.0009392536475869809,0.0009430307981604209,0.21600472464196072,170652,11404800,0.0149631734006734
VIRAT_S_010005_02_000177_000203,VIRAT_S_010005,True,x264_qp24_bf2_pb1,libx264,True,300,B,1.0,198,11404800,11402403,11377524,11376197,1536,6773,11387746,17448,79636,11404800,13762,0.00013470844698262288,0.0015302037649432317,0.00013501875890510688,0.9976083754208754,0.006982673961840629,0.0012066849046015714,0.001209577760503955,0.22678281411486786,128672,11404800,0.01128226711560045
VIRAT_S_010005_02_000177_000203,VIRAT_S_010005,True,x264_qp24_bf2_pb1,libx264,True,300,B,2.0,198,11404800,11402403,11387120,11385733,1763,6773,11387746,10162,63016,11404800,17152,0.0001546165312697683,0.0008912156498941495,0.00015484290734729157,0.9984497755331089,0.005525392817059484,0.0015039281705948372,0.0015062632166869235,0.26029824302377086,111632,11404800,0.009788159371492704
VIRAT_S_010005_02_000177_000203,VIRAT_S_010005,True,x264_qp24_bf2_pb1,libx264,True,300,dgt1,0.5,99,5702400,5701231,5574316,5574249,214,3892,5693633,120287,112976,5702400,2582,3.753575324346619e-05,0.02109842593643373,3.8390821795007725e-05,0.9775385802469135,0.019812008978675646,0.00045279180695847364,0.00046319584322094404,0.05498458376156218,116552,5702400,0.020439113355780022
VIRAT_S_010005_02_000177_000203,VIRAT_S_010005,True,x264_qp24_bf2_pb1,libx264,True,300,dgt1,1.0,99,5702400,5701231,5612328,5612258,256,3892,5693633,82593,78432,5702400,3284,4.490258331928666e-05,0.01448687134410095,4.5614438965564304e-05,0.9842045454545455,0.013754208754208755,0.0005758978675645342,0.0005851404265752109,0.065775950668037,84260,5702400,0.014776234567901234
VIRAT_S_010005_02_000177_000203,VIRAT_S_010005,True,x264_qp24_bf2_pb1,libx264,True,300,dgt1,2.0,99,5702400,5701231,5631336,5631256,285,3892,5693633,64114,64348,5702400,4415,4.9989204085924604e-05,0.011245641511456034,5.0610378927898145e-05,0.9875378787878788,0.011284371492704826,0.0007742354096520763,0.0007840057847729206,0.07322713257965056,69832,5702400,0.012246071829405163
VIRAT_S_010005_02_000177_000203,VIRAT_S_010005,True,x264_qp24_bf2_pb1,libx264,True,300,d1,0.5,1,57600,57600,57372,57372,0,9,57561,192,192,57600,10,0.0,0.0033333333333333335,0.0,0.9960416666666667,0.0033333333333333335,0.00017361111111111112,0.00017430105277835877,0.0,244,57600,0.0042361111111111115
VIRAT_S_010005_02_000177_000203,VIRAT_S_010005,True,x264_qp24_bf2_pb1,libx264,True,300,d1,1.0,1,57600,57600,57448,57448,0,9,57561,116,76,57600,31,0.0,0.002013888888888889,0.0,0.9973611111111111,0.0013194444444444445,0.0005381944444444444,0.0005396184375435176,0.0,168,57600,0.002916666666666667
VIRAT_S_010005_02_000177_000203,VIRAT_S_010005,True,x264_qp24_bf2_pb1,libx264,True,300,d1,2.0,1,57600,57600,57572,57572,4,9,57561,21,40,57600,71,6.944444444444444e-05,0.00036458333333333335,6.947821857847565e-05,0.9995138888888889,0.0006944444444444445,0.0012326388888888888,0.0012332383797679428,0.4444444444444444,120,57600,0.0020833333333333333
VIRAT_S_010005_03_000215_000270,VIRAT_S_010005,False,nvenc_qp18,h264_nvenc,True,300,d1,0.5,298,17164800,17164654,16917736,16917728,82,1611,17155540,238916,124612,17164800,12735,4.777259127973101e-06,0.013919068802668553,4.846986545711103e-06,0.9856063571961223,0.0072597408650261,0.0007419253355704698,0.0007527602984229095,0.05090006207324643,0,17164800,0.0
VIRAT_S_010005_03_000215_000270,VIRAT_S_010005,False,nvenc_qp18,h264_nvenc,True,300,d1,1.0,298,17164800,17164654,16977372,16977363,118,1611,17155540,180434,111308,17164800,20185,6.874592403668609e-06,0.0105119508963012,6.950431583515061e-06,0.9890806767337808,0.006484666293810589,0.0011759531133482477,0.00118893548424338,0.07324643078833024,0,17164800,0.0
VIRAT_S_010005_03_000215_000270,VIRAT_S_010005,False,nvenc_qp18,h264_nvenc,True,300,d1,2.0,298,17164800,17164654,17008104,17008087,221,1611,17155540,153917,104364,17164800,27211,1.2875295942464089e-05,0.008967090160978484,1.2993818763979747e-05,0.9908710850111857,0.006080117449664429,0.0015852791759880685,0.001599884384526341,0.1371818746120422,0,17164800,0.0
VIRAT_S_010005_03_000215_000270,VIRAT_S_010005,False,nvenc_qp23,h264_nvenc,True,300,d1,0.5,298,17164800,17164654,17009736,17009730,64,1611,17155540,146810,100380,17164800,12101,3.728592490125347e-06,0.008553041616801597,3.7625523744351026e-06,0.990966163310962,0.005848014541387025,0.0007049892803877703,0.0007114160972280816,0.03972687771570453,149664,17164800,0.00871923937360179
VIRAT_S_010005_03_000215_000270,VIRAT_S_010005,False,nvenc_qp23,h264_nvenc,True,300,d1,1.0,298,17164800,17164654,17057268,17057262,100,1611,17155540,100415,62860,17164800,19810,5.825925765820855e-06,0.0058501033577490116,5.862605616305829e-06,0.9937353187919463,0.0036621457867263237,0.001154106077554064,0.0011613817640667896,0.06207324643078833,117152,17164800,0.006825130499627144
VIRAT_S_010005_03_000215_000270,VIRAT_S_010005,False,nvenc_qp23,h264_nvenc,True,300,d1,2.0,298,17164800,17164654,17083412,17083397,201,1611,17155540,78520,47152,17164800,27042,1.1710110789299919e-05,0.0045745169113225355,1.1765809809372222e-05,0.9952584358687546,0.0027470171513795673,0.0015754334451901567,0.0015829390522221205,0.12476722532588454,101308,17164800,0.005902078672632364
VIRAT_S_010005_03_000215_000270,VIRAT_S_010005,False,nvenc_qp28,h264_nvenc,True,300,d1,0.5,298,17164800,17164654,17053964,17053961,57,1611,17155540,102647,116168,17164800,11524,3.320777686517887e-06,0.005980138020842133,3.3423320248005726e-06,0.9935428318419091,0.006767803877703206,0.0006713739746457868,0.000675737324178707,0.035381750465549346,194956,17164800,0.011357895227442207
VIRAT_S_010005_03_000215_000270,VIRAT_S_010005,False,nvenc_qp28,h264_nvenc,True,300,d1,1.0,298,17164800,17164654,17095352,17095347,90,1611,17155540,62365,62520,17164800,19565,5.2433331892387695e-06,0.003633338603854176,5.264590417497814e-06,0.9959540454884415,0.003642337807606264,0.0011398326808351976,0.0011444631265855186,0.055865921787709494,148476,17164800,0.008650027964205817
VIRAT_S_010005_03_000215_000270,VIRAT_S_010005,False,nvenc_qp28,h264_nvenc,True,300,d1,2.0,298,17164800,17164654,17117600,17117584,230,1611,17155540,44362,42476,17164800,27015,1.3399629261387966e-05,0.0025844971882334478,1.343647561478302e-05,0.9972501864280388,0.0024745991797166292,0.0015738604586129753,0.001578200214983409,0.14276846679081315,129000,17164800,0.007515380313199105
VIRAT_S_010005_03_000215_000270,VIRAT_S_010005,False,nvenc_qp28_bf2_bqeq,h264_nvenc,True,300,B,0.5,198,11404800,11404717,11286704,11286677,167,682,11398833,114100,176644,11404800,10682,1.4643063918201564e-05,0.010004632293813166,1.4796206181854944e-05,0.9896450617283951,0.015488566217732884,0.0009366231762065095,0.0009464233313817745,0.24486803519061584,236632,11404800,0.020748456790123458
VIRAT_S_010005_03_000215_000270,VIRAT_S_010005,False,nvenc_qp28_bf2_bqeq,h264_nvenc,True,300,B,1.0,198,11404800,11404717,11349428,11349398,192,682,11398833,51940,97356,11404800,14859,1.6835139355058086e-05,0.00455425592761311,1.691719684162984e-05,0.9951448512906846,0.008536405723905724,0.0013028724747474747,0.0013092289761210873,0.28152492668621704,162088,11404800,0.01421226150392817
VIRAT_S_010005_03_000215_000270,VIRAT_S_010005,False,nvenc_qp28_bf2_bqeq,h264_nvenc,True,300,B,2.0,198,11404800,11404717,11378052,11378013,275,682,11398833,25220,66428,11404800,18711,2.411282980542174e-05,0.002211365700700859,2.4169422200519546e-05,0.9976546717171717,0.005824565095398429,0.001640625,0.0016444818497929172,0.4032258064516129,131036,11404800,0.011489548260381593
VIRAT_S_010005_03_000215_000270,VIRAT_S_010005,False,nvenc_qp28_bf2_bqeq,h264_nvenc,True,300,dgt1,0.5,99,5702400,5702337,5617780,5617778,17,929,5699107,81643,93680,5702400,1504,2.981233834478741e-06,0.014317463173432226,3.0261074752330906e-06,0.9851606341189675,0.01642817059483726,0.0002637485970819304,0.00026772141308488407,0.01829924650161464,108804,5702400,0.019080387205387205
VIRAT_S_010005_03_000215_000270,VIRAT_S_010005,False,nvenc_qp28_bf2_bqeq,h264_nvenc,True,300,dgt1,1.0,99,5702400,5702337,5643676,5643674,20,929,5699107,55848,61852,5702400,2217,3.507333922916166e-06,0.009793879246351101,3.5437908001064555e-06,0.9897018799102132,0.010846661054994388,0.00038878367003367,0.0003928290709813958,0.021528525296017224,79316,5702400,0.013909231200897867
VIRAT_S_010005_03_000215_000270,VIRAT_S_010005,False,nvenc_qp28_bf2_bqeq,h264_nvenc,True,300,dgt1,2.0,99,5702400,5702337,5656448,5656445,39,929,5699107,43373,47748,5702400,4232,6.839301149686523e-06,0.007606179711932143,6.894789925474393e-06,0.9919416386083053,0.008373316498316498,0.0007421436588103254,0.0007481727048494037,0.04198062432723358,65400,5702400,0.011468855218855219
VIRAT_S_010005_03_000215_000270,VIRAT_S_010005,False,nvenc_qp28_bf2_bqeq,h264_nvenc,True,300,d1,0.5,1,57600,57600,57384,57384,0,0,57600,216,156,57600,44,0.0,0.00375,0.0,0.99625,0.0027083333333333334,0.0007638888888888889,0.000766764254844556,,152,57600,0.002638888888888889
VIRAT_S_010005_03_000215_000270,VIRAT_S_010005,False,nvenc_qp28_bf2_bqeq,h264_nvenc,True,300,d1,1.0,1,57600,57600,57556,57556,0,0,57600,44,108,57600,114,0.0,0.0007638888888888889,0.0,0.9992361111111111,0.001875,0.001979166666666667,0.0019806796858711515,,116,57600,0.002013888888888889
VIRAT_S_010005_03_000215_000270,VIRAT_S_010005,False,nvenc_qp28_bf2_bqeq,h264_nvenc,True,300,d1,2.0,1,57600,57600,57576,57576,0,0,57600,24,72,57600,120,0.0,0.0004166666666666667,0.0,0.9995833333333334,0.00125,0.0020833333333333333,0.0020842017507294707,,72,57600,0.00125
VIRAT_S_010005_03_000215_000270,VIRAT_S_010005,False,nvenc_qp45,h264_nvenc,True,300,d1,0.5,298,17164800,17164654,17121960,17121933,212,1611,17155540,36483,143548,17164800,14280,1.2350962623540213e-05,0.0021254724971444226,1.2381779557249757e-05,0.9975041946308725,0.008362928784489188,0.0008319351230425056,0.0008340166663162395,0.13159528243327126,233456,17164800,0.013600857568978374
VIRAT_S_010005_03_000215_000270,VIRAT_S_010005,False,nvenc_qp45,h264_nvenc,True,300,d1,1.0,298,17164800,17164654,17139968,17139940,224,1611,17155540,19262,87352,17164800,20301,1.3050073715438715e-05,0.001122189821012413,1.3068890556209649e-05,0.9985533184190902,0.005089019388516033,0.001182711129753915,0.0011844246150284528,0.13904407200496585,183844,17164800,0.010710523862788963
VIRAT_S_010005_03_000215_000270,VIRAT_S_010005,False,nvenc_qp45,h264_nvenc,True,300,d1,2.0,298,17164800,17164654,17152648,17152612,337,1611,17155540,9156,64092,17164800,26101,1.963336983081628e-05,0.0005334217631185575,1.964715344811624e-05,0.9992920395227443,0.003733920581655481,0.0015206119500372857,0.0015216892458820353,0.20918684047175667,159696,17164800,0.009303691275167785
VIRAT_S_010005_03_000215_000270,VIRAT_S_010005,False,x264_crf12,libx264,True,300,d1,0.5,298,17164800,17164654,17009908,17009900,93,1611,17155540,146867,0,17164800,14294,5.418110962213395e-06,0.008556362394488115,5.467404276333194e-06,0.9909761838180462,0.0,0.0008327507457121552,0.000840333763122058,0.05772811918063315,124612,17164800,0.0072597408650261
VIRAT_S_010005_03_000215_000270,VIRAT_S_010005,False,x264_crf12,libx264,True,300,d1,1.0,298,17164800,17164654,17074992,17074983,135,1611,17155540,83003,0,17164800,21282,7.864999783858154e-06,0.004835693163404284,7.906303625602439e-06,0.9947678970917226,0.0,0.001239862975391499,0.0012463841857144062,0.08379888268156424,111308,17164800,0.006484666293810589
VIRAT_S_010005_03_000215_000270,VIRAT_S_010005,False,x264_crf12,libx264,True,300,d1,2.0,298,17164800,17164654,17104212,17104193,236,1611,17155540,57959,0,17164800,27946,1.3749184807337217e-05,0.0033766483146121093,1.3797786308889287e-05,0.9964702181208054,0.0,0.0016280993661446682,0.0016338665587166483,0.14649286157666047,104364,17164800,0.006080117449664429
VIRAT_S_010005_03_000215_000270,VIRAT_S_010005,False,x264_crf45,libx264,True,300,d1,0.5,298,17164800,17164654,17105264,17105195,626,1611,17155540,55481,178876,17164800,20847,3.647029529403855e-05,0.0032322818741350686,3.659706890216686e-05,0.9965315063385534,0.010421094332587621,0.001214520413870246,0.0012187476323078088,0.3885785226567349,269784,17164800,0.01571728187919463
VIRAT_S_010005_03_000215_000270,VIRAT_S_010005,False,x264_crf45,libx264,True,300,d1,1.0,298,17164800,17164654,17141460,17141390,638,1611,17155540,19985,96396,17164800,24425,3.716940638593706e-05,0.0011643112642992978,3.721985206567262e-05,0.99864024049217,0.00561591163310962,0.0014229702647278152,0.001424907796652094,0.3960273122284296,193440,17164800,0.01126957494407159
VIRAT_S_010005_03_000215_000270,VIRAT_S_010005,False,x264_crf45,libx264,True,300,d1,2.0,298,17164800,17164654,17153256,17153180,743,1611,17155540,9508,65884,17164800,28181,4.3286628440048954e-05,0.0005539290218142469,4.331558346615613e-05,0.9993274608501118,0.0038383202833706187,0.0016417901752423564,0.0016428950865071915,0.4612042209807573,161632,17164800,0.00941648023862789
VIRAT_S_010005_03_000215_000270,VIRAT_S_010005,False,x264_qp24,libx264,True,300,d1,0.5,298,17164800,17164654,17019912,17019906,75,1611,17155540,136728,90164,17164800,12825,4.3694443243656416e-06,0.00796567178109154,4.406604830837491e-06,0.9915590044742729,0.0052528430275913494,0.0007471686241610738,0.0007535291604327919,0.04655493482309125,174840,17164800,0.01018596196868009
VIRAT_S_010005_03_000215_000270,VIRAT_S_010005,False,x264_qp24,libx264,True,300,d1,1.0,298,17164800,17164654,17073456,17073447,125,1611,17155540,84367,43312,17164800,20589,7.282407207276069e-06,0.004915158790850081,7.321310102172104e-06,0.9946784116331097,0.002523303504847129,0.0011994896532438479,0.0012059069938739995,0.07759155803848541,134284,17164800,0.00782321961222968
VIRAT_S_010005_03_000215_000270,VIRAT_S_010005,False,x264_qp24,libx264,True,300,d1,2.0,298,17164800,17164654,17102336,17102320,217,1611,17155540,59763,25140,17164800,27801,1.2642258911831255e-05,0.0034817480154275176,1.2688337020942188e-05,0.9963609246830724,0.0014646252796420582,0.001619651845637584,0.0016255674078675569,0.13469894475481067,116944,17164800,0.006813012677106637
VIRAT_S_010005_03_000215_000270,VIRAT_S_010005,False,x264_qp24_bf2_pb1,libx264,True,300,B,0.5,198,11404800,11404717,11361932,11361913,159,682,11398833,38755,109600,11404800,10916,1.3941599778407479e-05,0.00339815534221498,1.3994122292610409e-05,0.9962412317620651,0.009609988776655443,0.0009571408529741863,0.0009607520974425828,0.23313782991202345,167316,11404800,0.014670664983164983
VIRAT_S_010005_03_000215_000270,VIRAT_S_010005,False,x264_qp24_bf2_pb1,libx264,True,300,B,1.0,198,11404800,11404717,11381368,11381346,174,682,11398833,19820,70664,11404800,14925,1.5256845040521391e-05,0.0017378774063398505,1.528817417553249e-05,0.9979454264870932,0.006195987654320988,0.0013086595117845117,0.00131135378453627,0.25513196480938416,132604,11404800,0.011627034231200898
VIRAT_S_010005_03_000215_000270,VIRAT_S_010005,False,x264_qp24_bf2_pb1,libx264,True,300,B,2.0,198,11404800,11404717,11392416,11392389,240,682,11398833,10656,56920,11404800,18770,2.1043924193822608e-05,0.0009343502342057238,2.106669637070855e-05,0.9989141414141414,0.004990881032547699,0.0016457982603815936,0.001647587307205074,0.3519061583577713,118328,11404800,0.010375280583613916
VIRAT_S_010005_03_000215_000270,VIRAT_S_010005,False,x264_qp24_bf2_pb1,libx264,True,300,dgt1,0.5,99,5702400,5702337,5582336,5582334,30,929,5699107,117119,115132,5702400,2086,5.261000884374248e-06,0.020538772085900922,5.374096211369653e-06,0.9789450056116723,0.020190095398428733,0.00036581088664421995,0.00037367868935155464,0.03229278794402583,128176,5702400,0.022477553310886644
VIRAT_S_010005_03_000215_000270,VIRAT_S_010005,False,x264_qp24_bf2_pb1,libx264,True,300,dgt1,1.0,99,5702400,5702337,5621808,5621806,39,929,5699107,77767,77352,5702400,2978,6.839301149686523e-06,0.013637741859171073,6.937272470803866e-06,0.9858670033670034,0.013564814814814814,0.000522236251402918,0.000529722822266431,0.04198062432723358,91672,5702400,0.016076038159371493
VIRAT_S_010005_03_000215_000270,VIRAT_S_010005,False,x264_qp24_bf2_pb1,libx264,True,300,dgt1,2.0,99,5702400,5702337,5640884,5640881,64,929,5699107,59063,60216,5702400,5157,1.1223468553331731e-05,0.010357683174459875,1.1345745460682472e-05,0.9892122615039282,0.010559764309764309,0.0009043560606060606,0.0009142184097386154,0.0688912809472551,74108,5702400,0.012995931537598204
VIRAT_S_010005_03_000215_000270,VIRAT_S_010005,False,x264_qp24_bf2_pb1,libx264,True,300,d1,0.5,1,57600,57600,57380,57380,0,0,57600,220,192,57600,48,0.0,0.0038194444444444443,0.0,0.9961805555555555,0.0033333333333333335,0.0008333333333333334,0.0008365284071104915,,188,57600,0.003263888888888889
VIRAT_S_010005_03_000215_000270,VIRAT_S_010005,False,x264_qp24_bf2_pb1,libx264,True,300,d1,1.0,1,57600,57600,57576,57576,0,0,57600,24,104,57600,116,0.0,0.0004166666666666667,0.0,0.9995833333333334,0.0018055555555555555,0.002013888888888889,0.002014728359038488,,112,57600,0.0019444444444444444
VIRAT_S_010005_03_000215_000270,VIRAT_S_010005,False,x264_qp24_bf2_pb1,libx264,True,300,d1,2.0,1,57600,57600,57584,57584,0,0,57600,16,64,57600,120,0.0,0.0002777777777777778,0.0,0.9997222222222222,0.0011111111111111111,0.0020833333333333333,0.0020839121978327314,,64,57600,0.0011111111111111111
VIRAT_S_010005_04_000299_000323,VIRAT_S_010005,True,nvenc_qp18,h264_nvenc,True,193,d1,0.5,192,11059200,11058998,10969616,10969602,158,2063,11052555,83972,27288,11059200,4128,1.4287008642193442e-05,0.007593092972799163,1.4403439614308705e-05,0.9918995949074074,0.002467447916666667,0.0003732638888888889,0.0003763121699064033,0.07658749394086282,0,11059200,0.0
VIRAT_S_010005_04_000299_000323,VIRAT_S_010005,True,nvenc_qp18,h264_nvenc,True,193,d1,1.0,192,11059200,11058998,11010152,11010137,187,2063,11052555,43759,18920,11059200,5520,1.6909307696773253e-05,0.003956868425150271,1.698434815116288e-05,0.9955649594907408,0.001710792824074074,0.0004991319444444444,0.0005013554762913355,0.09064469219583131,0,11059200,0.0
VIRAT_S_010005_04_000299_000323,VIRAT_S_010005,True,nvenc_qp18,h264_nvenc,True,193,d1,2.0,192,11059200,11058998,11032836,11032801,465,2063,11052555,23253,15208,11059200,9741,4.2047208978607286e-05,0.0021026317212463554,4.214704860533603e-05,0.9976161024305555,0.001375144675925926,0.0008808051215277778,0.0008829098882644498,0.22539990305380514,0,11059200,0.0
VIRAT_S_010005_04_000299_000323,VIRAT_S_010005,True,nvenc_qp23,h264_nvenc,True,193,d1,0.5,192,11059200,11058998,10993052,10993039,141,2063,11052555,60471,42332,11059200,3786,1.2749798851577693e-05,0.005468036073430884,1.2826298533098992e-05,0.9940187355324074,0.0038277633101851853,0.00034233940972222223,0.00034439935333699866,0.06834706737760543,52948,11059200,0.004787688078703703
VIRAT_S_010005_04_000299_000323,VIRAT_S_010005,True,nvenc_qp23,h264_nvenc,True,193,d1,1.0,192,11059200,11058998,11027028,11027014,176,2063,11052555,26808,18020,11059200,5206,1.591464253813953e-05,0.002424089415695708,1.5960803169380216e-05,0.9970909288194445,0.0016294126157407407,0.0004707392939814815,0.00047211270344103595,0.08531265147842947,29564,11059200,0.0026732494212962964
VIRAT_S_010005_04_000299_000323,VIRAT_S_010005,True,nvenc_qp23,h264_nvenc,True,193,d1,2.0,192,11059200,11058998,11046036,11046002,443,2063,11052555,10004,8200,11059200,9587,4.005787866133984e-05,0.0009046027497247038,4.010500812873291e-05,0.9988096788194445,0.0007414641203703704,0.0008668800636574074,0.0008679131590735355,0.21473582161900145,18936,11059200,0.0017122395833333334
VIRAT_S_010005_04_000299_000323,VIRAT_S_010005,True,nvenc_qp28,h264_nvenc,True,193,d1,0.5,192,11059200,11058998,11000224,11000213,136,2063,11052555,53193,64144,11059200,3434,1.2297678324926002e-05,0.004809929434836682,1.2363396963313347e-05,0.9946672453703703,0.00580005787037037,0.0003105107060185185,0.0003121754611542456,0.06592341250605914,74256,11059200,0.006714409722222222
VIRAT_S_010005_04_000299_000323,VIRAT_S_010005,True,nvenc_qp28,h264_nvenc,True,193,d1,1.0,192,11059200,11058998,11031012,11030998,182,2063,11052555,22733,23692,11059200,4968,1.645718717012156e-05,0.0020556111864745794,1.6498960474836455e-05,0.997451171875,0.002142288773148148,0.00044921875,0.0004503666572024398,0.08822103732428502,35676,11059200,0.0032259114583333332
VIRAT_S_010005_04_000299_000323,VIRAT_S_010005,True,nvenc_qp28,h264_nvenc,True,193,d1,2.0,192,11059200,11058998,11047916,11047887,457,2063,11052555,8115,10504,11059200,9434,4.132381613596458e-05,0.0007337916147556948,4.136537602167727e-05,0.9989796730324074,0.0009497974537037037,0.0008530454282407407,0.0008539167024803592,0.22152205525933108,21824,11059200,0.0019733796296296296
VIRAT_S_010005_04_000299_000323,VIRAT_S_010005,True,nvenc_qp28_bf2_bqeq,h264_nvenc,True,193,B,0.5,128,7372800,7372651,7297704,7297646,639,1524,7367902,72028,81088,7372800,4715,8.66716734591126e-05,0.009769620181397438,8.756248247722622e-05,0.989814453125,0.010998263888888889,0.0006395128038194444,0.0006460936206785039,0.41929133858267714,89288,7372800,0.012110460069444445
VIRAT_S_010005_04_000299_000323,VIRAT_S_010005,True,nvenc_qp28_bf2_bqeq,h264_nvenc,True,193,B,1.0,128,7372800,7372651,7344804,7344740,673,1524,7367902,25142,29384,7372800,5505,9.128331179653018e-05,0.003410170914098606,9.163020066060882e-05,0.9962027994791667,0.003985460069444445,0.0007466634114583333,0.0007495094491289352,0.4416010498687664,37776,7372800,0.005123697916666667
VIRAT_S_010005_04_000299_000323,VIRAT_S_010005,True,nvenc_qp28_bf2_bqeq,h264_nvenc,True,193,B,2.0,128,7372800,7372651,7362372,7362291,886,1524,7367902,8711,12956,7372800,7725,0.00012017386961623437,0.0011815288693307197,0.00012034297476152464,0.9985856119791666,0.0017572699652777777,0.0010477701822916667,0.0010492542349123354,0.5813648293963255,21080,7372800,0.002859157986111111
VIRAT_S_010005_04_000299_000323,VIRAT_S_010005,True,nvenc_qp28_bf2_bqeq,h264_nvenc,True,193,dgt1,0.5,64,3686400,3686347,3639756,3639755,15,539,3684653,45037,62604,3686400,602,4.069068918362813e-06,0.012217243791753733,4.121156506413206e-06,0.9873470052083333,0.016982421875,0.00016330295138888888,0.00016539570234927836,0.027829313543599257,65324,3686400,0.017720269097222224
VIRAT_S_010005_04_000299_000323,VIRAT_S_010005,True,nvenc_qp28_bf2_bqeq,h264_nvenc,True,193,dgt1,1.0,64,3686400,3686347,3665976,3665975,16,539,3684653,18834,24740,3686400,758,4.3403401795870005e-06,0.005109122933896348,4.3644596594357576e-06,0.9944596354166667,0.0067111545138888885,0.00020562065972222222,0.0002067662199643424,0.029684601113172542,29004,3686400,0.007867838541666667
VIRAT_S_010005_04_000299_000323,VIRAT_S_010005,True,nvenc_qp28_bf2_bqeq,h264_nvenc,True,193,dgt1,2.0,64,3686400,3686347,3673636,3673635,21,539,3684653,11197,14792,3686400,915,5.696696485707938e-06,0.0030374243119272275,5.716408951896418e-06,0.9965375434027778,0.004012586805555556,0.00024820963541666665,0.00024907203653274306,0.03896103896103896,18340,3686400,0.0049750434027777775
VIRAT_S_010005_04_000299_000323,VIRAT_S_010005,True,nvenc_qp45,h264_nvenc,True,193,d1,0.5,192,11059200,11058998,11036176,11036160,222,2063,11052555,17683,70040,11059200,4856,2.007415138333509e-05,0.0015989694545563713,2.0115692414752958e-05,0.997918113425926,0.006333188657407407,0.0004390914351851852,0.00044000748085206326,0.10761027629665536,81448,11059200,0.007364728009259259
VIRAT_S_010005_04_000299_000323,VIRAT_S_010005,True,nvenc_qp45,h264_nvenc,True,193,d1,1.0,192,11059200,11058998,11041412,11041396,263,2063,11052555,12662,29052,11059200,5753,2.378153970187896e-05,0.001144950021692743,2.381945181569432e-05,0.9983915653935185,0.002626953125,0.0005202003761574074,0.0005210384324033919,0.12748424624333496,41780,11059200,0.003777850115740741
VIRAT_S_010005_04_000299_000323,VIRAT_S_010005,True,nvenc_qp45,h264_nvenc,True,193,d1,2.0,192,11059200,11058998,11049632,11049601,577,2063,11052555,6461,13388,11059200,9479,5.217470877560517e-05,0.0005842301445393154,5.2219080127870684e-05,0.999134837962963,0.0012105758101851852,0.0008571144386574075,0.0008578566236414027,0.2796897721764421,25236,11059200,0.0022819010416666665
VIRAT_S_010005_04_000299_000323,VIRAT_S_010005,True,x264_crf12,libx264,True,193,d1,0.5,192,11059200,11058998,10981944,10981918,226,2063,11052555,71838,0,11059200,4612,2.0435847804656445e-05,0.0064958868787208385,2.0579283145257505e-05,0.9930143229166667,0.0,0.0004170283564814815,0.000419962075931183,0.10954920019389239,27288,11059200,0.002467447916666667
VIRAT_S_010005_04_000299_000323,VIRAT_S_010005,True,x264_crf12,libx264,True,193,d1,1.0,192,11059200,11058998,11023768,11023740,281,2063,11052555,30370,0,11059200,5976,2.5409173597825046e-05,0.0027461800788823724,2.549044153798983e-05,0.9967961516203704,0.0,0.0005403645833333333,0.0005421013940061148,0.1362094037809016,18920,11059200,0.001710792824074074
VIRAT_S_010005_04_000299_000323,VIRAT_S_010005,True,x264_crf12,libx264,True,193,d1,2.0,192,11059200,11058998,11045172,11045127,552,2063,11052555,11122,0,11059200,10086,4.991410614234671e-05,0.001005696899484022,4.997679066976776e-05,0.9987315538194445,0.0,0.0009120008680555555,0.0009131591613059534,0.2675714978187106,15208,11059200,0.001375144675925926
VIRAT_S_010005_04_000299_000323,VIRAT_S_010005,True,x264_crf45,libx264,True,193,d1,0.5,192,11059200,11058998,11011160,11011117,448,2063,11052555,43680,100288,11059200,7104,4.0509999187991537e-05,0.003949724920829175,4.0686153820725e-05,0.9956561053240741,0.009068287037037038,0.0006423611111111111,0.0006451636339858835,0.21715947649054776,112496,11059200,0.010172164351851852
VIRAT_S_010005_04_000299_000323,VIRAT_S_010005,True,x264_crf45,libx264,True,193,d1,1.0,192,11059200,11058998,11034080,11034034,513,2063,11052555,21017,41520,11059200,7845,4.638756603446352e-05,0.0019004434217277189,4.6492515792501634e-05,0.9977285879629629,0.003754340277777778,0.0007093641493055555,0.0007109790757362644,0.24866698982064955,55096,11059200,0.004981915509259259
VIRAT_S_010005_04_000299_000323,VIRAT_S_010005,True,x264_crf45,libx264,True,193,d1,2.0,192,11059200,11058998,11049632,11049579,742,2063,11052555,6830,15356,11059200,10287,6.709468615511098e-05,0.0006175966394062103,6.715187972320031e-05,0.999134837962963,0.0013885271990740741,0.00093017578125,0.0009309812308681411,0.3596703829374697,27596,11059200,0.0024952980324074074
VIRAT_S_010005_04_000299_000323,VIRAT_S_010005,True,x264_qp24,libx264,True,193,d1,0.5,192,11059200,11058998,10985288,10985268,174,2063,11052555,68306,55712,11059200,3932,1.5733794327478853e-05,0.006176508938694084,1.5839395088039726e-05,0.9933166956018519,0.005037615740740741,0.00035554108796296294,0.00035793326492669105,0.08434318952981096,67976,11059200,0.006146556712962963
VIRAT_S_010005_04_000299_000323,VIRAT_S_010005,True,x264_qp24,libx264,True,193,d1,1.0,192,11059200,11058998,11025544,11025522,218,2063,11052555,28383,20128,11059200,5419,1.971245496201374e-05,0.0025665073815909906,1.9772306472201498e-05,0.9969567418981482,0.001820023148148148,0.0004899992766203703,0.0004914950228306196,0.10567135239941833,33160,11059200,0.002998408564814815
VIRAT_S_010005_04_000299_000323,VIRAT_S_010005,True,x264_qp24,libx264,True,193,d1,2.0,192,11059200,11058998,11046708,11046667,492,2063,11052555,9417,8568,11059200,9789,4.4488659822526415e-05,0.0008515237998957953,4.453832092521663e-05,0.9988704427083334,0.0007747395833333333,0.0008851453993055556,0.0008861463523793695,0.2384876393601551,20424,11059200,0.0018467881944444445
VIRAT_S_010005_04_000299_000323,VIRAT_S_010005,True,x264_qp24_bf2_pb1,libx264,True,193,B,0.5,128,7372800,7372651,7348924,7348865,622,1524,7367902,20759,31444,7372800,4713,8.436585429040382e-05,0.0028156764778368053,8.463892043193065e-05,0.9967616102430555,0.004264865451388889,0.0006392415364583333,0.0006413183753158966,0.40813648293963256,39852,7372800,0.0054052734375
VIRAT_S_010005_04_000299_000323,VIRAT_S_010005,True,x264_qp24_bf2_pb1,libx264,True,193,B,1.0,128,7372800,7372651,7361088,7361024,659,1524,7367902,8823,12700,7372800,5528,8.938440189288765e-05,0.00119672014855986,8.952558774431384e-05,0.9984114583333333,0.0017225477430555555,0.0007497829861111111,0.0007509759426867332,0.43241469816272965,21204,7372800,0.0028759765625
VIRAT_S_010005_04_000299_000323,VIRAT_S_010005,True,x264_qp24_bf2_pb1,libx264,True,193,B,2.0,128,7372800,7372651,7367528,7367454,847,1524,7367902,3485,7640,7372800,7667,0.00011488404917037305,0.00047269292958530113,0.0001149650883466663,0.9992849392361111,0.0010362413194444444,0.0010399034288194444,0.0010406475550551013,0.5557742782152231,15756,7372800,0.0021370442708333335
VIRAT_S_010005_04_000299_000323,VIRAT_S_010005,True,x264_qp24_bf2_pb1,libx264,True,193,dgt1,0.5,64,3686400,3686347,3622220,3622218,24,539,3684653,62615,64852,3686400,739,6.5105102693805e-06,0.0169856500215525,6.625774594461184e-06,0.9825900607638889,0.017592230902777777,0.00020046657986111111,0.00020401853007271783,0.04452690166975881,68260,3686400,0.018516710069444445
VIRAT_S_010005_04_000299_000323,VIRAT_S_010005,True,x264_qp24_bf2_pb1,libx264,True,193,dgt1,1.0,64,3686400,3686347,3659948,3659946,27,539,3684653,24931,25152,3686400,929,7.3243240530530635e-06,0.006763063813580219,7.377158023642972e-06,0.9928244357638889,0.006822916666666666,0.0002520073784722222,0.0002538287429220306,0.05009276437847866,29440,3686400,0.00798611111111111
VIRAT_S_010005_04_000299_000323,VIRAT_S_010005,True,x264_qp24_bf2_pb1,libx264,True,193,dgt1,2.0,64,3686400,3686347,3672536,3672534,40,539,3684653,12382,13812,3686400,1101,1.0850850448967501e-05,0.0033588807564778897,1.0891662269158025e-05,0.9962391493055556,0.0037467447916666665,0.00029866536458333335,0.0002997928406964561,0.07421150278293136,17512,3686400,0.004750434027777778
