{
  "4": {
    "mIoP": 0.2788216990274844,
    "mIoU": 0.177888608644559,
    "IoP@0.3": 0.3240223463687151,
    "IoP@0.5": 0.23575418994413408,
    "IoU@0.3": 0.23687150837988827,
    "IoU@0.5": 0.11210428305400373,
    "n_scored": 2685
  },
  "5": {
    "mIoP": 0.2776865803088784,
    "mIoU": 0.1937397243866122,
    "IoP@0.3": 0.3270018621973929,
    "IoP@0.5": 0.22867783985102422,
    "IoU@0.3": 0.2573556797020484,
    "IoU@0.5": 0.1266294227188082,
    "n_scored": 2685
  },
  "8": {
    "mIoP": 0.2702823824343384,
    "mIoU": 0.21447182162001316,
    "IoP@0.3": 0.31620111731843575,
    "IoP@0.5": 0.2022346368715084,
    "IoU@0.3": 0.27411545623836125,
    "IoU@0.5": 0.1404096834264432,
    "n_scored": 2685
  },
  "12": {
    "mIoP": 0.2638534136422433,
    "mIoU": 0.22188341283787,
    "IoP@0.3": 0.30502793296089387,
    "IoP@0.5": 0.18584729981378026,
    "IoU@0.3": 0.27783985102420855,
    "IoU@0.5": 0.14562383612662944,
    "n_scored": 2685
  },
  "16": {
    "mIoP": 0.2604286826298688,
    "mIoU": 0.22487684919654458,
    "IoP@0.3": 0.2990689013035382,
    "IoP@0.5": 0.17653631284916202,
    "IoU@0.3": 0.2737430167597765,
    "IoU@0.5": 0.1441340782122905,
    "n_scored": 2685
  }
}