method_name,Temporal Hit@1,Temporal Hit@5,Temporal Hit@10,MRR,Precision@5,coverage,min_temporal_distance,median_latency_seconds,p95_latency_seconds
action_persistence_selection_rank,0.6666666666666666,1.0,1.0,0.8333333333333334,0.3333333333333333,1.0,0.0,1.1300027836114168e-05,5.5966654326766725e-05
clip_query_same_pool,1.0,1.0,1.0,1.0,0.6,1.0,0.0,0.0006843666584851841,0.0008175733499228955
codec_ppr_sparse,0.0,0.6666666666666666,1.0,0.18095238095238098,0.13333333333333333,1.0,0.0,0.0035682666736344495,0.003785886662080884
dense_hybrid_ppr,0.6666666666666666,0.6666666666666666,1.0,0.7037037037037037,0.26666666666666666,1.0,0.0,0.0051348333557446795,0.005422673323967804
legacy_sparse_direct,0.6666666666666666,1.0,1.0,0.8333333333333334,0.3333333333333333,1.0,0.0,0.0008356999993945161,0.0008807000044422845
proposed_sparse_hybrid_ppr,0.3333333333333333,1.0,1.0,0.6666666666666666,0.3333333333333333,1.0,0.0,0.003705966693814844,0.00401982666614155
semantic_ppr_sparse,0.3333333333333333,1.0,1.0,0.5277777777777778,0.6666666666666666,1.0,0.0,0.003918899999310573,0.004188366684441765
