{
  "git_commit": "6f252ad8751efe60c19049fb5ed1c7bc554248dc",
  "reproducible": true,
  "classification": "PAPER-SUPPORTING PRELIMINARY RESULT",
  "metrics_summary": [
    {
      "method_name": "clip_kmeans_diversity",
      "recall_at_1": 0.07058823529411765,
      "recall_at_5": 0.17254901960784313,
      "recall_at_10": 0.20784313725490197,
      "mrr": 0.13643557973227258,
      "map": 0.043243717130755366,
      "precision_at_5": 0.1349019607843137,
      "window_coverage": 1.0,
      "recall_at_1_ci": [
        0.039525691699604744,
        0.10546875
      ],
      "recall_at_5_ci": [
        0.125,
        0.2217741935483871
      ],
      "recall_at_10_ci": [
        0.15503875968992248,
        0.2627450980392157
      ]
    },
    {
      "method_name": "clip_query_topk",
      "recall_at_1": 0.3176470588235294,
      "recall_at_5": 0.5098039215686274,
      "recall_at_10": 0.6235294117647059,
      "mrr": 0.4147766781637747,
      "map": 0.06006911314158796,
      "precision_at_5": 0.28784313725490196,
      "window_coverage": 0.9803921568627451,
      "recall_at_1_ci": [
        0.2637795275590551,
        0.3694822089916084
      ],
      "recall_at_5_ci": [
        0.44664031620553357,
        0.5719844357976653
      ],
      "recall_at_10_ci": [
        0.5590551181102362,
        0.6865079365079365
      ]
    },
    {
      "method_name": "codec_ppr_sparse",
      "recall_at_1": 0.23529411764705882,
      "recall_at_5": 0.49411764705882355,
      "recall_at_10": 0.6313725490196078,
      "mrr": 0.35540183616624577,
      "map": 0.03398707645766991,
      "precision_at_5": 0.21098039215686276,
      "window_coverage": 1.0,
      "recall_at_1_ci": [
        0.17269076305220885,
        0.2992125984251969
      ],
      "recall_at_5_ci": [
        0.42063492063492064,
        0.5674603174603174
      ],
      "recall_at_10_ci": [
        0.56,
        0.7007964521676169
      ]
    },
    {
      "method_name": "dense_hybrid_ppr",
      "recall_at_1": 0.25882352941176473,
      "recall_at_5": 0.5568627450980392,
      "recall_at_10": 0.7058823529411765,
      "mrr": 0.40238716385561873,
      "map": 0.03641936644406915,
      "precision_at_5": 0.23843137254901964,
      "window_coverage": 1.0,
      "recall_at_1_ci": [
        0.20078740157480315,
        0.3176470588235294
      ],
      "recall_at_5_ci": [
        0.484,
        0.6284584980237155
      ],
      "recall_at_10_ci": [
        0.6324053882149835,
        0.7751027365275053
      ]
    },
    {
      "method_name": "iframe_prior",
      "recall_at_1": 0.050980392156862744,
      "recall_at_5": 0.17647058823529413,
      "recall_at_10": 0.19215686274509805,
      "mrr": 0.1094671462230819,
      "map": 0.03826735040341584,
      "precision_at_5": 0.11215686274509805,
      "window_coverage": 1.0,
      "recall_at_1_ci": [
        0.024193548387096774,
        0.07936507936507936
      ],
      "recall_at_5_ci": [
        0.12642626857303058,
        0.23015873015873015
      ],
      "recall_at_10_ci": [
        0.14173228346456693,
        0.2450592885375494
      ]
    },
    {
      "method_name": "legacy_sparse_direct",
      "recall_at_1": 0.2196078431372549,
      "recall_at_5": 0.5725490196078431,
      "recall_at_10": 0.6862745098039216,
      "mrr": 0.3817984877414744,
      "map": 0.032025879075999165,
      "precision_at_5": 0.22274509803921572,
      "window_coverage": 1.0,
      "recall_at_1_ci": [
        0.16279069767441862,
        0.28063241106719367
      ],
      "recall_at_5_ci": [
        0.4980839213597834,
        0.6463927955166673
      ],
      "recall_at_10_ci": [
        0.6150793650793651,
        0.754863813229572
      ]
    },
    {
      "method_name": "luma_difference",
      "recall_at_1": 0.20784313725490197,
      "recall_at_5": 0.4745098039215686,
      "recall_at_10": 0.6392156862745098,
      "mrr": 0.34382785372998653,
      "map": 0.033027051952127934,
      "precision_at_5": 0.20078431372549022,
      "window_coverage": 1.0,
      "recall_at_1_ci": [
        0.15057915057915058,
        0.268
      ],
      "recall_at_5_ci": [
        0.3984367218625498,
        0.55078125
      ],
      "recall_at_10_ci": [
        0.5686254743833017,
        0.708171206225681
      ]
    },
    {
      "method_name": "optical_flow_farneback",
      "recall_at_1": 0.18823529411764706,
      "recall_at_5": 0.18823529411764706,
      "recall_at_10": 0.19607843137254902,
      "mrr": 0.20165449296589322,
      "map": 0.05602131198601203,
      "precision_at_5": 0.18588235294117647,
      "window_coverage": 0.6823529411764706,
      "recall_at_1_ci": [
        0.1377952755905512,
        0.24206659226190472
      ],
      "recall_at_5_ci": [
        0.1377952755905512,
        0.24206659226190472
      ],
      "recall_at_10_ci": [
        0.1450965424337674,
        0.25
      ]
    },
    {
      "method_name": "packet_size_only",
      "recall_at_1": 0.18823529411764706,
      "recall_at_5": 0.49411764705882355,
      "recall_at_10": 0.7058823529411765,
      "mrr": 0.3378784822688915,
      "map": 0.03525099992716594,
      "precision_at_5": 0.19215686274509805,
      "window_coverage": 1.0,
      "recall_at_1_ci": [
        0.13178294573643412,
        0.25
      ],
      "recall_at_5_ci": [
        0.4196078431372549,
        0.5687022900763359
      ],
      "recall_at_10_ci": [
        0.6313725490196078,
        0.7777777777777778
      ]
    },
    {
      "method_name": "proposed_model_selection",
      "recall_at_1": 0.2235294117647059,
      "recall_at_5": 0.5294117647058824,
      "recall_at_10": 0.6901960784313725,
      "mrr": 0.3743226092026759,
      "map": 0.03170699501656285,
      "precision_at_5": 0.21098039215686276,
      "window_coverage": 1.0,
      "recall_at_1_ci": [
        0.16342412451361868,
        0.2874149790128372
      ],
      "recall_at_5_ci": [
        0.4555984555984556,
        0.6038480392156862
      ],
      "recall_at_10_ci": [
        0.623015873015873,
        0.7568627450980392
      ]
    },
    {
      "method_name": "proposed_sparse_hybrid_ppr",
      "recall_at_1": 0.2235294117647059,
      "recall_at_5": 0.5450980392156862,
      "recall_at_10": 0.6823529411764706,
      "mrr": 0.3738706270537046,
      "map": 0.03573488424591271,
      "precision_at_5": 0.23137254901960785,
      "window_coverage": 1.0,
      "recall_at_1_ci": [
        0.17131474103585656,
        0.2777777777777778
      ],
      "recall_at_5_ci": [
        0.46484375,
        0.6235294117647059
      ],
      "recall_at_10_ci": [
        0.6061746811746812,
        0.7549407114624506
      ]
    },
    {
      "method_name": "random",
      "recall_at_1": 0.10366013071895425,
      "recall_at_5": 0.17620915032679738,
      "recall_at_10": 0.20875816993464053,
      "mrr": 0.15325830750756164,
      "map": 0.042345539265560755,
      "precision_at_5": 0.14522875816993464,
      "window_coverage": 0.9997385620915032,
      "recall_at_1_ci": [
        0.0703264399509804,
        0.1396176958831341
      ],
      "recall_at_5_ci": [
        0.1281328112449799,
        0.22564102564102564
      ],
      "recall_at_10_ci": [
        0.15886840372241656,
        0.26147881883619867
      ]
    },
    {
      "method_name": "scene_change",
      "recall_at_1": 0.050980392156862744,
      "recall_at_5": 0.1803921568627451,
      "recall_at_10": 0.19215686274509805,
      "mrr": 0.1146022541419508,
      "map": 0.038522310631519174,
      "precision_at_5": 0.1184313725490196,
      "window_coverage": 1.0,
      "recall_at_1_ci": [
        0.024193548387096774,
        0.07936507936507936
      ],
      "recall_at_5_ci": [
        0.12941176470588237,
        0.23412698412698413
      ],
      "recall_at_10_ci": [
        0.14173228346456693,
        0.2450592885375494
      ]
    },
    {
      "method_name": "semantic_ppr_sparse",
      "recall_at_1": 0.2627450980392157,
      "recall_at_5": 0.5882352941176471,