comparison,point_difference,ci_lower,ci_upper,prob_greater_than_zero,shared_videos,shared_events
proposed_system_minus_random,0.39241830065359473,0.31711233294114094,0.46786430505368704,1.0,89,255
proposed_system_minus_uniform,0.388235294117647,0.31225296442687756,0.4642857142857143,1.0,89,255
proposed_system_minus_clip_query_topk,0.05882352941176472,-0.020000000000000018,0.1411764705882353,0.9181,89,255
proposed_system_minus_optical_flow_farneback,0.3803921568627451,0.3031496062992126,0.4555996232407523,1.0,89,255
proposed_system_minus_proposed_model_selection,0.039215686274509776,0.004031853219328927,0.07509881422924902,0.9853,89,255
proposed_system_minus_semantic_only_ppr,0.03137254901960784,-0.03875968992248058,0.1031746031746032,0.7947,89,255
proposed_system_minus_hybrid_ppr,0.007843137254901933,-0.06640625,0.08267716535433073,0.5608,89,255
