{
  "git_commit": "6f252ad8751efe60c19049fb5ed1c7bc554248dc",
  "reproducible": true,
  "classification": "PAPER-SUPPORTING PRELIMINARY RESULT",
  "metrics_summary": [
    {
      "method_name": "clip_kmeans_diversity",
      "recall_at_1": 0.07058823529411765,
      "recall_at_5": 0.17254901960784313,
      "recall_at_10": 0.20784313725490197,
      "mrr": 0.13643557973227255,
      "map": 0.31487436216542847,
      "precision_at_5": 0.1349019607843137,
      "window_coverage": 1.0,
      "recall_at_1_ci": [
        0.039525691699604744,
        0.10546875
      ],
      "recall_at_5_ci": [
        0.125,
        0.2217741935483871
      ],
      "recall_at_10_ci": [
        0.15503875968992248,
        0.2627450980392157
      ]
    },
    {
      "method_name": "clip_query_topk",
      "recall_at_1": 0.3176470588235294,
      "recall_at_5": 0.5098039215686274,
      "recall_at_10": 0.6235294117647059,
      "mrr": 0.41477667816377467,
      "map": 0.3053573770235172,
      "precision_at_5": 0.28784313725490196,
      "window_coverage": 0.9803921568627451,
      "recall_at_1_ci": [
        0.2637795275590551,
        0.3694822089916084
      ],
      "recall_at_5_ci": [
        0.44664031620553357,
        0.5719844357976653
      ],
      "recall_at_10_ci": [
        0.5590551181102362,
        0.6865079365079365
      ]
    },
    {
      "method_name": "codec_only_ppr",
      "recall_at_1": 0.22745098039215686,
      "recall_at_5": 0.5137254901960784,
      "recall_at_10": 0.7058823529411765,
      "mrr": 0.36934362755422806,
      "map": 0.2284455886042937,
      "precision_at_5": 0.19058823529411764,
      "window_coverage": 1.0,
      "recall_at_1_ci": [
        0.1713120281519835,
        0.2846153846153846
      ],
      "recall_at_5_ci": [
        0.44015057915057915,
        0.5859375
      ],
      "recall_at_10_ci": [
        0.6395348837209303,
        0.7686274509803922
      ]
    },
    {
      "method_name": "hybrid_ppr",
      "recall_at_1": 0.2784313725490196,
      "recall_at_5": 0.5607843137254902,
      "recall_at_10": 0.7137254901960784,
      "mrr": 0.40850521843444504,
      "map": 0.29332854317769913,
      "precision_at_5": 0.2698039215686274,
      "window_coverage": 1.0,
      "recall_at_1_ci": [
        0.21621621621621623,
        0.3436293436293436
      ],
      "recall_at_5_ci": [
        0.49411764705882355,
        0.6264591439688716
      ],
      "recall_at_10_ci": [
        0.6468253968253969,
        0.7764705882352941
      ]
    },
    {
      "method_name": "iframe_prior",
      "recall_at_1": 0.050980392156862744,
      "recall_at_5": 0.17647058823529413,
      "recall_at_10": 0.19215686274509805,
      "mrr": 0.10946714622308187,
      "map": 0.2939950899351864,
      "precision_at_5": 0.11215686274509805,
      "window_coverage": 1.0,
      "recall_at_1_ci": [
        0.024193548387096774,
        0.07936507936507936
      ],
      "recall_at_5_ci": [
        0.12642626857303058,
        0.23015873015873015
      ],
      "recall_at_10_ci": [
        0.14173228346456693,
        0.2450592885375494
      ]
    },
    {
      "method_name": "luma_difference",
      "recall_at_1": 0.20784313725490197,
      "recall_at_5": 0.4745098039215686,
      "recall_at_10": 0.6392156862745098,
      "mrr": 0.34382785372998653,
      "map": 0.251394224519157,
      "precision_at_5": 0.20078431372549022,
      "window_coverage": 1.0,
      "recall_at_1_ci": [
        0.15057915057915058,
        0.268
      ],
      "recall_at_5_ci": [
        0.3984367218625498,
        0.55078125
      ],
      "recall_at_10_ci": [
        0.5686254743833017,
        0.708171206225681
      ]
    },
    {
      "method_name": "optical_flow_farneback",
      "recall_at_1": 0.18823529411764706,
      "recall_at_5": 0.18823529411764706,
      "recall_at_10": 0.19607843137254902,
      "mrr": 0.20165449296589322,
      "map": 0.25711662240571814,
      "precision_at_5": 0.18588235294117647,
      "window_coverage": 0.6823529411764706,
      "recall_at_1_ci": [
        0.1377952755905512,
        0.24206659226190472
      ],
      "recall_at_5_ci": [
        0.1377952755905512,
        0.24206659226190472
      ],
      "recall_at_10_ci": [
        0.1450965424337674,
        0.25
      ]
    },
    {
      "method_name": "packet_size_only",
      "recall_at_1": 0.18823529411764706,
      "recall_at_5": 0.49411764705882355,
      "recall_at_10": 0.7058823529411765,
      "mrr": 0.3378784822688915,
      "map": 0.24453237831583532,
      "precision_at_5": 0.19215686274509805,
      "window_coverage": 1.0,
      "recall_at_1_ci": [
        0.13178294573643412,
        0.25
      ],
      "recall_at_5_ci": [
        0.4196078431372549,
        0.5687022900763359
      ],
      "recall_at_10_ci": [
        0.6313725490196078,
        0.7777777777777778
      ]
    },
    {
      "method_name": "proposed_model_selection",
      "recall_at_1": 0.2235294117647059,
      "recall_at_5": 0.5294117647058824,
      "recall_at_10": 0.6901960784313725,
      "mrr": 0.3743226092026759,
      "map": 0.2374872045489861,
      "precision_at_5": 0.21098039215686276,
      "window_coverage": 1.0,
      "recall_at_1_ci": [
        0.16342412451361868,
        0.2874149790128372
      ],
      "recall_at_5_ci": [
        0.4555984555984556,
        0.6038480392156862
      ],
      "recall_at_10_ci": [
        0.623015873015873,
        0.7568627450980392
      ]
    },
    {
      "method_name": "proposed_system",
      "recall_at_1": 0.22745098039215686,
      "recall_at_5": 0.5686274509803921,
      "recall_at_10": 0.7019607843137254,
      "mrr": 0.38884584464748817,
      "map": 0.2388370610964305,
      "precision_at_5": 0.22117647058823528,
      "window_coverage": 1.0,
      "recall_at_1_ci": [
        0.16929133858267717,
        0.28897561192965776
      ],
      "recall_at_5_ci": [
        0.4979757085020243,
        0.640926640926641
      ],
      "recall_at_10_ci": [
        0.6363636363636364,
        0.7656312003968253
      ]
    },
    {
      "method_name": "random",
      "recall_at_1": 0.10366013071895425,
      "recall_at_5": 0.17620915032679738,
      "recall_at_10": 0.20875816993464053,
      "mrr": 0.15325830750756161,
      "map": 0.3124209907045394,
      "precision_at_5": 0.14522875816993464,
      "window_coverage": 0.9997385620915032,
      "recall_at_1_ci": [
        0.0703264399509804,
        0.1396176958831341
      ],
      "recall_at_5_ci": [
        0.1281328112449799,
        0.22564102564102564
      ],
      "recall_at_10_ci": [
        0.15886840372241656,
        0.26147881883619867
      ]
    },
    {
      "method_name": "scene_change",
      "recall_at_1": 0.050980392156862744,
      "recall_at_5": 0.1803921568627451,
      "recall_at_10": 0.19215686274509805,
      "mrr": 0.11460225414195077,
      "map": 0.29585039029931626,
      "precision_at_5": 0.1184313725490196,
      "window_coverage": 1.0,
      "recall_at_1_ci": [
        0.024193548387096774,
        0.07936507936507936
      ],
      "recall_at_5_ci": [
        0.12941176470588237,
        0.23412698412698413
      ],
      "recall_at_10_ci": [
        0.14173228346456693,
        0.2450592885375494
      ]
    },
    {
      "method_name": "semantic_only_ppr",
      "recall_at_1": 0.2627450980392157,
      "recall_at_5": 0.5372549019607843,
      "recall_at_10": 0.7098039215686275,
      "mrr": 0.39371736412651226,
      "map": 0.2946182778061454,
      "precision_at_5": 0.26039215686274514,
      "window_coverage": 1.0,
      "recall_at_1_ci": [
        0.20622568093385213,
        0.321288726333907
      ],
      "recall_at_5_ci": [
        0.4708171206225681,
        0.6007905138339921
      ],
      "recall_at_10_ci": [
        0.6447876447876448,
        0.7704280155642024
      ]
    },
    {
      "method_name": "uniform",
      "recall_at_1": 0.050980392156862744,
      "recall_at_5": 0.1803921568627451,