path,category,file,size_bytes,status,error,codec,profile,width,height,avg_fps,duration_s,container_bitrate,pix_fmt,pkts_scanned,pkt_keyframes,frames_decoded,n_I,n_P,n_B,n_other,has_B,I_indices,I_spacing_mean,I_spacing_median,I_spacing_max,x264_core,x264_status,x264_rc,x264_crf,x264_qp,x264_bitrate,x264_keyint,x264_keyint_min,x264_scenecut,x264_bframes,x264_ref,x264_me,x264_subme,x264_me_range,x264_trellis,x264_analyse,x264_8x8dct,x264_mixed_ref,x264_b_adapt,x264_direct,x264_weightp,x264_rc_lookahead,x264_cabac,x264_deblock,x264_b_pyramid,x264_psy_rd,x264_aq,x264_options,name_codec_mismatch
C:\Users\akash\Downloads\Anomaly-Videos-Part-1\Abuse\Abuse001_x264.mp4,Abuse,Abuse001_x264.mp4,21494969,ok,,h264,Constrained Baseline,320,240,30.0,90.975,1890186,yuv420p,600,3,600,3,597,0,0,False,0 250 500,250,250.0,250,148,found,abr,,,2000,250,25,40,0,2,umh,6,16,0,0x1:0x111,0,1,,,0,40,0,1:0:0,,1.00:0.00,1:1.00,"cabac=0 ref=2 deblock=1:0:0 analyse=0x1:0x111 me=umh subme=6 psy=1 psy_rd=1.00:0.00 mixed_ref=1 me_range=16 chroma_me=1 trellis=0 8x8dct=0 cqm=0 deadzone=21,11 fast_pskip=1 chroma_qp_offset=-2 threads=6 lookahead_threads=1 sliced_threads=0 nr=0 decimate=1 interlaced=0 bluray_compat=0 constrained_intra=0 bframes=0 weightp=0 keyint=250 keyint_min=25 scenecut=40 intra_refresh=0 rc_lookahead=40 rc=abr mbtree=1 bitrate=2000 ratetol=1.0 qcomp=0.60 qpmin=0 qpmax=69 qpstep=4 ip_ratio=1.40 aq=1:1.00",False
C:\Users\akash\Downloads\Anomaly-Videos-Part-1\Abuse\Abuse002_x264.mp4,Abuse,Abuse002_x264.mp4,7253682,ok,,h264,Constrained Baseline,320,240,30.0,28.833,2012582,yuv420p,600,3,600,3,597,0,0,False,0 250 500,250,250.0,250,148,found,abr,,,2000,250,25,40,0,2,umh,6,16,0,0x1:0x111,0,1,,,0,40,0,1:0:0,,1.00:0.00,1:1.00,"cabac=0 ref=2 deblock=1:0:0 analyse=0x1:0x111 me=umh subme=6 psy=1 psy_rd=1.00:0.00 mixed_ref=1 me_range=16 chroma_me=1 trellis=0 8x8dct=0 cqm=0 deadzone=21,11 fast_pskip=1 chroma_qp_offset=-2 threads=6 lookahead_threads=1 sliced_threads=0 nr=0 decimate=1 interlaced=0 bluray_compat=0 constrained_intra=0 bframes=0 weightp=0 keyint=250 keyint_min=25 scenecut=40 intra_refresh=0 rc_lookahead=40 rc=abr mbtree=1 bitrate=2000 ratetol=1.0 qcomp=0.60 qpmin=0 qpmax=69 qpstep=4 ip_ratio=1.40 aq=1:1.00",False
C:\Users\akash\Downloads\Anomaly-Videos-Part-1\Abuse\Abuse003_x264.mp4,Abuse,Abuse003_x264.mp4,25939775,ok,,h264,Constrained Baseline,320,240,30.0,123.3,1683034,yuv420p,600,3,600,3,597,0,0,False,0 250 500,250,250.0,250,148,found,abr,,,2000,250,25,40,0,2,umh,6,16,0,0x1:0x111,0,1,,,0,40,0,1:0:0,,1.00:0.00,1:1.00,"cabac=0 ref=2 deblock=1:0:0 analyse=0x1:0x111 me=umh subme=6 psy=1 psy_rd=1.00:0.00 mixed_ref=1 me_range=16 chroma_me=1 trellis=0 8x8dct=0 cqm=0 deadzone=21,11 fast_pskip=1 chroma_qp_offset=-2 threads=6 lookahead_threads=1 sliced_threads=0 nr=0 decimate=1 interlaced=0 bluray_compat=0 constrained_intra=0 bframes=0 weightp=0 keyint=250 keyint_min=25 scenecut=40 intra_refresh=0 rc_lookahead=40 rc=abr mbtree=1 bitrate=2000 ratetol=1.0 qcomp=0.60 qpmin=0 qpmax=69 qpstep=4 ip_ratio=1.40 aq=1:1.00",False
C:\Users\akash\Downloads\Anomaly-Videos-Part-1\Abuse\Abuse004_x264.mp4,Abuse,Abuse004_x264.mp4,64025784,ok,,h264,Constrained Baseline,320,240,30.0,559.8,914980,yuv420p,600,3,600,3,597,0,0,False,0 250 500,250,250.0,250,148,found,abr,,,2000,250,25,40,0,2,umh,6,16,0,0x1:0x111,0,1,,,0,40,0,1:0:0,,1.00:0.00,1:1.00,"cabac=0 ref=2 deblock=1:0:0 analyse=0x1:0x111 me=umh subme=6 psy=1 psy_rd=1.00:0.00 mixed_ref=1 me_range=16 chroma_me=1 trellis=0 8x8dct=0 cqm=0 deadzone=21,11 fast_pskip=1 chroma_qp_offset=-2 threads=6 lookahead_threads=1 sliced_threads=0 nr=0 decimate=1 interlaced=0 bluray_compat=0 constrained_intra=0 bframes=0 weightp=0 keyint=250 keyint_min=25 scenecut=40 intra_refresh=0 rc_lookahead=40 rc=abr mbtree=1 bitrate=2000 ratetol=1.0 qcomp=0.60 qpmin=0 qpmax=69 qpstep=4 ip_ratio=1.40 aq=1:1.00",False
C:\Users\akash\Downloads\Anomaly-Videos-Part-1\Abuse\Abuse005_x264.mp4,Abuse,Abuse005_x264.mp4,6250495,ok,,h264,Constrained Baseline,320,240,30.0,31.633,1580736,yuv420p,600,3,600,3,597,0,0,False,0 250 500,250,250.0,250,148,found,abr,,,2000,250,25,40,0,2,umh,6,16,0,0x1:0x111,0,1,,,0,40,0,1:0:0,,1.00:0.00,1:1.00,"cabac=0 ref=2 deblock=1:0:0 analyse=0x1:0x111 me=umh subme=6 psy=1 psy_rd=1.00:0.00 mixed_ref=1 me_range=16 chroma_me=1 trellis=0 8x8dct=0 cqm=0 deadzone=21,11 fast_pskip=1 chroma_qp_offset=-2 threads=6 lookahead_threads=1 sliced_threads=0 nr=0 decimate=1 interlaced=0 bluray_compat=0 constrained_intra=0 bframes=0 weightp=0 keyint=250 keyint_min=25 scenecut=40 intra_refresh=0 rc_lookahead=40 rc=abr mbtree=1 bitrate=2000 ratetol=1.0 qcomp=0.60 qpmin=0 qpmax=69 qpstep=4 ip_ratio=1.40 aq=1:1.00",False
C:\Users\akash\Downloads\Anomaly-Videos-Part-1\Abuse\Abuse006_x264.mp4,Abuse,Abuse006_x264.mp4,36586782,ok,,h264,Constrained Baseline,320,240,30.0,146.0,2004755,yuv420p,600,3,600,3,597,0,0,False,0 250 500,250,250.0,250,148,found,abr,,,2000,250,25,40,0,2,umh,6,16,0,0x1:0x111,0,1,,,0,40,0,1:0:0,,1.00:0.00,1:1.00,"cabac=0 ref=2 deblock=1:0:0 analyse=0x1:0x111 me=umh subme=6 psy=1 psy_rd=1.00:0.00 mixed_ref=1 me_range=16 chroma_me=1 trellis=0 8x8dct=0 cqm=0 deadzone=21,11 fast_pskip=1 chroma_qp_offset=-2 threads=6 lookahead_threads=1 sliced_threads=0 nr=0 decimate=1 interlaced=0 bluray_compat=0 constrained_intra=0 bframes=0 weightp=0 keyint=250 keyint_min=25 scenecut=40 intra_refresh=0 rc_lookahead=40 rc=abr mbtree=1 bitrate=2000 ratetol=1.0 qcomp=0.60 qpmin=0 qpmax=69 qpstep=4 ip_ratio=1.40 aq=1:1.00",False
C:\Users\akash\Downloads\Anomaly-Videos-Part-1\Abuse\Abuse007_x264.mp4,Abuse,Abuse007_x264.mp4,8464924,ok,,h264,Constrained Baseline,320,240,30.0,38.336,1766469,yuv420p,600,3,600,3,597,0,0,False,0 250 500,250,250.0,250,148,found,abr,,,2000,250,25,40,0,2,umh,6,16,0,0x1:0x111,0,1,,,0,40,0,1:0:0,,1.00:0.00,1:1.00,"cabac=0 ref=2 deblock=1:0:0 analyse=0x1:0x111 me=umh subme=6 psy=1 psy_rd=1.00:0.00 mixed_ref=1 me_range=16 chroma_me=1 trellis=0 8x8dct=0 cqm=0 deadzone=21,11 fast_pskip=1 chroma_qp_offset=-2 threads=6 lookahead_threads=1 sliced_threads=0 nr=0 decimate=1 interlaced=0 bluray_compat=0 constrained_intra=0 bframes=0 weightp=0 keyint=250 keyint_min=25 scenecut=40 intra_refresh=0 rc_lookahead=40 rc=abr mbtree=1 bitrate=2000 ratetol=1.0 qcomp=0.60 qpmin=0 qpmax=69 qpstep=4 ip_ratio=1.40 aq=1:1.00",False
C:\Users\akash\Downloads\Anomaly-Videos-Part-1\Abuse\Abuse008_x264.mp4,Abuse,Abuse008_x264.mp4,36024957,ok,,h264,Constrained Baseline,320,240,30.0,280.263,1028318,yuv420p,600,3,600,3,597,0,0,False,0 250 500,250,250.0,250,148,found,abr,,,2000,250,25,40,0,2,umh,6,16,0,0x1:0x111,0,1,,,0,40,0,1:0:0,,1.00:0.00,1:1.00,"cabac=0 ref=2 deblock=1:0:0 analyse=0x1:0x111 me=umh subme=6 psy=1 psy_rd=1.00:0.00 mixed_ref=1 me_range=16 chroma_me=1 trellis=0 8x8dct=0 cqm=0 deadzone=21,11 fast_pskip=1 chroma_qp_offset=-2 threads=6 lookahead_threads=1 sliced_threads=0 nr=0 decimate=1 interlaced=0 bluray_compat=0 constrained_intra=0 bframes=0 weightp=0 keyint=250 keyint_min=25 scenecut=40 intra_refresh=0 rc_lookahead=40 rc=abr mbtree=1 bitrate=2000 ratetol=1.0 qcomp=0.60 qpmin=0 qpmax=69 qpstep=4 ip_ratio=1.40 aq=1:1.00",False
C:\Users\akash\Downloads\Anomaly-Videos-Part-1\Abuse\Abuse009_x264.mp4,Abuse,Abuse009_x264.mp4,8750168,ok,,h264,Constrained Baseline,320,240,30.0,33.482,2090716,yuv420p,600,4,600,5,595,0,0,False,0 1 73 323 573,143.25,161.0,250,148,found,abr,,,2000,250,25,40,0,2,umh,6,16,0,0x1:0x111,0,1,,,0,40,0,1:0:0,,1.00:0.00,1:1.00,"cabac=0 ref=2 deblock=1:0:0 analyse=0x1:0x111 me=umh subme=6 psy=1 psy_rd=1.00:0.00 mixed_ref=1 me_range=16 chroma_me=1 trellis=0 8x8dct=0 cqm=0 deadzone=21,11 fast_pskip=1 chroma_qp_offset=-2 threads=6 lookahead_threads=1 sliced_threads=0 nr=0 decimate=1 interlaced=0 bluray_compat=0 constrained_intra=0 bframes=0 weightp=0 keyint=250 keyint_min=25 scenecut=40 intra_refresh=0 rc_lookahead=40 rc=abr mbtree=1 bitrate=2000 ratetol=1.0 qcomp=0.60 qpmin=0 qpmax=69 qpstep=4 ip_ratio=1.40 aq=1:1.00",False
C:\Users\akash\Downloads\Anomaly-Videos-Part-1\Abuse\Abuse010_x264.mp4,Abuse,Abuse010_x264.mp4,10078329,ok,,h264,Constrained Baseline,320,240,30.0,37.867,2129205,yuv420p,600,3,600,3,597,0,0,False,0 250 500,250,250.0,250,148,found,abr,,,2000,250,25,40,0,2,umh,6,16,0,0x1:0x111,0,1,,,0,40,0,1:0:0,,1.00:0.00,1:1.00,"cabac=0 ref=2 deblock=1:0:0 analyse=0x1:0x111 me=umh subme=6 psy=1 psy_rd=1.00:0.00 mixed_ref=1 me_range=16 chroma_me=1 trellis=0 8x8dct=0 cqm=0 deadzone=21,11 fast_pskip=1 chroma_qp_offset=-2 threads=6 lookahead_threads=1 sliced_threads=0 nr=0 decimate=1 interlaced=0 bluray_compat=0 constrained_intra=0 bframes=0 weightp=0 keyint=250 keyint_min=25 scenecut=40 intra_refresh=0 rc_lookahead=40 rc=abr mbtree=1 bitrate=2000 ratetol=1.0 qcomp=0.60 qpmin=0 qpmax=69 qpstep=4 ip_ratio=1.40 aq=1:1.00",False
C:\Users\akash\Downloads\Anomaly-Videos-Part-1\Abuse\Abuse011_x264.mp4,Abuse,Abuse011_x264.mp4,15197900,ok,,h264,Constrained Baseline,320,240,30.0,121.533,1000410,yuv420p,600,5,600,5,595,0,0,False,0 62 153 303 553,138.25,120.5,250,148,found,abr,,,2000,250,25,40,0,2,umh,6,16,0,0x1:0x111,0,1,,,0,40,0,1:0:0,,1.00:0.00,1:1.00,"cabac=0 ref=2 deblock=1:0:0 analyse=0x1:0x111 me=umh subme=6 psy=1 psy_rd=1.00:0.00 mixed_ref=1 me_range=16 chroma_me=1 trellis=0 8x8dct=0 cqm=0 deadzone=21,11 fast_pskip=1 chroma_qp_offset=-2 threads=6 lookahead_threads=1 sliced_threads=0 nr=0 decimate=1 interlaced=0 bluray_compat=0 constrained_intra=0 bframes=0 weightp=0 keyint=250 keyint_min=25 scenecut=40 intra_refresh=0 rc_lookahead=40 rc=abr mbtree=1 bitrate=2000 ratetol=1.0 qcomp=0.60 qpmin=0 qpmax=69 qpstep=4 ip_ratio=1.40 aq=1:1.00",False
C:\Users\akash\Downloads\Anomaly-Videos-Part-1\Abuse\Abuse012_x264.mp4,Abuse,Abuse012_x264.mp4,30437863,ok,,h264,Constrained Baseline,320,240,30.0,171.028,1423760,yuv420p,600,3,600,3,597,0,0,False,0 250 500,250,250.0,250,148,found,abr,,,2000,250,25,40,0,2,umh,6,16,0,0x1:0x111,0,1,,,0,40,0,1:0:0,,1.00:0.00,1:1.00,"cabac=0 ref=2 deblock=1:0:0 analyse=0x1:0x111 me=umh subme=6 psy=1 psy_rd=1.00:0.00 mixed_ref=1 me_range=16 chroma_me=1 trellis=0 8x8dct=0 cqm=0 deadzone=21,11 fast_pskip=1 chroma_qp_offset=-2 threads=6 lookahead_threads=1 sliced_threads=0 nr=0 decimate=1 interlaced=0 bluray_compat=0 constrained_intra=0 bframes=0 weightp=0 keyint=250 keyint_min=25 scenecut=40 intra_refresh=0 rc_lookahead=40 rc=abr mbtree=1 bitrate=2000 ratetol=1.0 qcomp=0.60 qpmin=0 qpmax=69 qpstep=4 ip_ratio=1.40 aq=1:1.00",False
C:\Users\akash\Downloads\Anomaly-Videos-Part-1\Abuse\Abuse013_x264.mp4,Abuse,Abuse013_x264.mp4,39051428,ok,,h264,Constrained Baseline,320,240,30.0,162.33,1924545,yuv420p,600,3,600,3,597,0,0,False,0 250 500,250,250.0,250,148,found,abr,,,2000,250,25,40,0,2,umh,6,16,0,0x1:0x111,0,1,,,0,40,0,1:0:0,,1.00:0.00,1:1.00,"cabac=0 ref=2 deblock=1:0:0 analyse=0x1:0x111 me=umh subme=6 psy=1 psy_rd=1.00:0.00 mixed_ref=1 me_range=16 chroma_me=1 trellis=0 8x8dct=0 cqm=0 deadzone=21,11 fast_pskip=1 chroma_qp_offset=-2 threads=6 lookahead_threads=1 sliced_threads=0 nr=0 decimate=1 interlaced=0 bluray_compat=0 constrained_intra=0 bframes=0 weightp=0 keyint=250 keyint_min=25 scenecut=40 intra_refresh=0 rc_lookahead=40 rc=abr mbtree=1 bitrate=2000 ratetol=1.0 qcomp=0.60 qpmin=0 qpmax=69 qpstep=4 ip_ratio=1.40 aq=1:1.00",False
C:\Users\akash\Downloads\Anomaly-Videos-Part-1\Abuse\Abuse014_x264.mp4,Abuse,Abuse014_x264.mp4,6987750,ok,,h264,Constrained Baseline,320,240,30.0,86.333,647513,yuv420p,600,3,600,3,597,0,0,False,0 250 500,250,250.0,250,148,found,abr,,,2000,250,25,40,0,2,umh,6,16,0,0x1:0x111,0,1,,,0,40,0,1:0:0,,1.00:0.00,1:1.00,"cabac=0 ref=2 deblock=1:0:0 analyse=0x1:0x111 me=umh subme=6 psy=1 psy_rd=1.00:0.00 mixed_ref=1 me_range=16 chroma_me=1 trellis=0 8x8dct=0 cqm=0 deadzone=21,11 fast_pskip=1 chroma_qp_offset=-2 threads=6 lookahead_threads=1 sliced_threads=0 nr=0 decimate=1 interlaced=0 bluray_compat=0 constrained_intra=0 bframes=0 weightp=0 keyint=250 keyint_min=25 scenecut=40 intra_refresh=0 rc_lookahead=40 rc=abr mbtree=1 bitrate=2000 ratetol=1.0 qcomp=0.60 qpmin=0 qpmax=69 qpstep=4 ip_ratio=1.40 aq=1:1.00",False
C:\Users\akash\Downloads\Anomaly-Videos-Part-1\Abuse\Abuse015_x264.mp4,Abuse,Abuse015_x264.mp4,20204035,ok,,h264,Constrained Baseline,320,240,30.0,262.504,615732,yuv420p,600,4,600,4,596,0,0,False,0 67 317 567,189,250,250,148,found,abr,,,2000,250,25,40,0,2,umh,6,16,0,0x1:0x111,0,1,,,0,40,0,1:0:0,,1.00:0.00,1:1.00,"cabac=0 ref=2 deblock=1:0:0 analyse=0x1:0x111 me=umh subme=6 psy=1 psy_rd=1.00:0.00 mixed_ref=1 me_range=16 chroma_me=1 trellis=0 8x8dct=0 cqm=0 deadzone=21,11 fast_pskip=1 chroma_qp_offset=-2 threads=6 lookahead_threads=1 sliced_threads=0 nr=0 decimate=1 interlaced=0 bluray_compat=0 constrained_intra=0 bframes=0 weightp=0 keyint=250 keyint_min=25 scenecut=40 intra_refresh=0 rc_lookahead=40 rc=abr mbtree=1 bitrate=2000 ratetol=1.0 qcomp=0.60 qpmin=0 qpmax=69 qpstep=4 ip_ratio=1.40 aq=1:1.00",False
C:\Users\akash\Downloads\Anomaly-Videos-Part-1\Abuse\Abuse016_x264.mp4,Abuse,Abuse016_x264.mp4,9290914,ok,,h264,Constrained Baseline,320,240,30.0,46.92,1584128,yuv420p,600,3,600,3,597,0,0,False,0 250 500,250,250.0,250,148,found,abr,,,2000,250,25,40,0,2,umh,6,16,0,0x1:0x111,0,1,,,0,40,0,1:0:0,,1.00:0.00,1:1.00,"cabac=0 ref=2 deblock=1:0:0 analyse=0x1:0x111 me=umh subme=6 psy=1 psy_rd=1.00:0.00 mixed_ref=1 me_range=16 chroma_me=1 trellis=0 8x8dct=0 cqm=0 deadzone=21,11 fast_pskip=1 chroma_qp_offset=-2 threads=6 lookahead_threads=1 sliced_threads=0 nr=0 decimate=1 interlaced=0 bluray_compat=0 constrained_intra=0 bframes=0 weightp=0 keyint=250 keyint_min=25 scenecut=40 intra_refresh=0 rc_lookahead=40 rc=abr mbtree=1 bitrate=2000 ratetol=1.0 qcomp=0.60 qpmin=0 qpmax=69 qpstep=4 ip_ratio=1.40 aq=1:1.00",False
C:\Users\akash\Downloads\Anomaly-Videos-Part-1\Abuse\Abuse017_x264.mp4,Abuse,Abuse017_x264.mp4,11851134,ok,,h264,Constrained Baseline,320,240,30.0,64.04,1480457,yuv420p,600,3,600,3,597,0,0,False,0 250 414,207,207.0,250,148,found,abr,,,2000,250,25,40,0,2,umh,6,16,0,0x1:0x111,0,1,,,0,40,0,1:0:0,,1.00:0.00,1:1.00,"cabac=0 ref=2 deblock=1:0:0 analyse=0x1:0x111 me=umh subme=6 psy=1 psy_rd=1.00:0.00 mixed_ref=1 me_range=16 chroma_me=1 trellis=0 8x8dct=0 cqm=0 deadzone=21,11 fast_pskip=1 chroma_qp_offset=-2 threads=6 lookahead_threads=1 sliced_threads=0 nr=0 decimate=1 interlaced=0 bluray_compat=0 constrained_intra=0 bframes=0 weightp=0 keyint=250 keyint_min=25 scenecut=40 intra_refresh=0 rc_lookahead=40 rc=abr mbtree=1 bitrate=2000 ratetol=1.0 qcomp=0.60 qpmin=0 qpmax=69 qpstep=4 ip_ratio=1.40 aq=1:1.00",False
C:\Users\akash\Downloads\Anomaly-Videos-Part-1\Abuse\Abuse018_x264.mp4,Abuse,Abuse018_x264.mp4,7253522,ok,,h264,Constrained Baseline,320,240,30.0,81.13,715246,yuv420p,600,3,600,3,597,0,0,False,0 250 500,250,250.0,250,148,found,abr,,,2000,250,25,40,0,2,umh,6,16,0,0x1:0x111,0,1,,,0,40,0,1:0:0,,1.00:0.00,1:1.00,"cabac=0 ref=2 deblock=1:0:0 analyse=0x1:0x111 me=umh subme=6 psy=1 psy_rd=1.00:0.00 mixed_ref=1 me_range=16 chroma_me=1 trellis=0 8x8dct=0 cqm=0 deadzone=21,11 fast_pskip=1 chroma_qp_offset=-2 threads=6 lookahead_threads=1 sliced_threads=0 nr=0 decimate=1 interlaced=0 bluray_compat=0 constrained_intra=0 bframes=0 weightp=0 keyint=250 keyint_min=25 scenecut=40 intra_refresh=0 rc_lookahead=40 rc=abr mbtree=1 bitrate=2000 ratetol=1.0 qcomp=0.60 qpmin=0 qpmax=69 qpstep=4 ip_ratio=1.40 aq=1:1.00",False
C:\Users\akash\Downloads\Anomaly-Videos-Part-1\Abuse\Abuse019_x264.mp4,Abuse,Abuse019_x264.mp4,26574637,ok,,h264,Constrained Baseline,320,240,30.0,131.495,1616774,yuv420p,600,3,600,3,597,0,0,False,0 250 500,250,250.0,250,148,found,abr,,,2000,250,25,40,0,2,umh,6,16,0,0x1:0x111,0,1,,,0,40,0,1:0:0,,1.00:0.00,1:1.00,"cabac=0 ref=2 deblock=1:0:0 analyse=0x1:0x111 me=umh subme=6 psy=1 psy_rd=1.00:0.00 mixed_ref=1 me_range=16 chroma_me=1 trellis=0 8x8dct=0 cqm=0 deadzone=21,11 fast_pskip=1 chroma_qp_offset=-2 threads=6 lookahead_threads=1 sliced_threads=0 nr=0 decimate=1 interlaced=0 bluray_compat=0 constrained_intra=0 bframes=0 weightp=0 keyint=250 keyint_min=25 scenecut=40 intra_refresh=0 rc_lookahead=40 rc=abr mbtree=1 bitrate=2000 ratetol=1.0 qcomp=0.60 qpmin=0 qpmax=69 qpstep=4 ip_ratio=1.40 aq=1:1.00",False
C:\Users\akash\Downloads\Anomaly-Videos-Part-1\Abuse\Abuse020_x264.mp4,Abuse,Abuse020_x264.mp4,22362007,ok,,h264,Constrained Baseline,320,240,30.0,103.491,1728608,yuv420p,600,3,600,3,597,0,0,False,0 195 445,222.5,222.5,250,148,found,abr,,,2000,250,25,40,0,2,umh,6,16,0,0x1:0x111,0,1,,,0,40,0,1:0:0,,1.00:0.00,1:1.00,"cabac=0 ref=2 deblock=1:0:0 analyse=0x1:0x111 me=umh subme=6 psy=1 psy_rd=1.00:0.00 mixed_ref=1 me_range=16 chroma_me=1 trellis=0 8x8dct=0 cqm=0 deadzone=21,11 fast_pskip=1 chroma_qp_offset=-2 threads=6 lookahead_threads=1 sliced_threads=0 nr=0 decimate=1 interlaced=0 bluray_compat=0 constrained_intra=0 bframes=0 weightp=0 keyint=250 keyint_min=25 scenecut=40 intra_refresh=0 rc_lookahead=40 rc=abr mbtree=1 bitrate=2000 ratetol=1.0 qcomp=0.60 qpmin=0 qpmax=69 qpstep=4 ip_ratio=1.40 aq=1:1.00",False
C:\Users\akash\Downloads\Anomaly-Videos-Part-1\Abuse\Abuse021_x264.mp4,Abuse,Abuse021_x264.mp4,6298482,ok,,h264,Constrained Baseline,320,240,30.0,63.785,789961,yuv420p,600,3,600,3,597,0,0,False,0 250 500,250,250.0,250,148,found,abr,,,2000,250,25,40,0,2,umh,6,16,0,0x1:0x111,0,1,,,0,40,0,1:0:0,,1.00:0.00,1:1.00,"cabac=0 ref=2 deblock=1:0:0 analyse=0x1:0x111 me=umh subme=6 psy=1 psy_rd=1.00:0.00 mixed_ref=1 me_range=16 chroma_me=1 trellis=0 8x8dct=0 cqm=0 deadzone=21,11 fast_pskip=1 chroma_qp_offset=-2 threads=6 lookahead_threads=1 sliced_threads=0 nr=0 decimate=1 interlaced=0 bluray_compat=0 constrained_intra=0 bframes=0 weightp=0 keyint=250 keyint_min=25 scenecut=40 intra_refresh=0 rc_lookahead=40 rc=abr mbtree=1 bitrate=2000 ratetol=1.0 qcomp=0.60 qpmin=0 qpmax=69 qpstep=4 ip_ratio=1.40 aq=1:1.00",False
C:\Users\akash\Downloads\Anomaly-Videos-Part-1\Abuse\Abuse022_x264.mp4,Abuse,Abuse022_x264.mp4,19462399,ok,,h264,Constrained Baseline,320,240,30.0,94.598,1645905,yuv420p,600,3,600,3,597,0,0,False,0 250 500,250,250.0,250,148,found,abr,,,2000,250,25,40,0,2,umh,6,16,0,0x1:0x111,0,1,,,0,40,0,1:0:0,,1.00:0.00,1:1.00,"cabac=0 ref=2 deblock=1:0:0 analyse=0x1:0x111 me=umh subme=6 psy=1 psy_rd=1.00:0.00 mixed_ref=1 me_range=16 chroma_me=1 trellis=0 8x8dct=0 cqm=0 deadzone=21,11 fast_pskip=1 chroma_qp_offset=-2 threads=6 lookahead_threads=1 sliced_threads=0 nr=0 decimate=1 interlaced=0 bluray_compat=0 constrained_intra=0 bframes=0 weightp=0 keyint=250 keyint_min=25 scenecut=40 intra_refresh=0 rc_lookahead=40 rc=abr mbtree=1 bitrate=2000 ratetol=1.0 qcomp=0.60 qpmin=0 qpmax=69 qpstep=4 ip_ratio=1.40 aq=1:1.00",False
C:\Users\akash\Downloads\Anomaly-Videos-Part-1\Abuse\Abuse023_x264.mp4,Abuse,Abuse023_x264.mp4,6819565,ok,,h264,Constrained Baseline,320,240,30.0,33.088,1648809,yuv420p,600,3,600,3,597,0,0,False,0 223 378,189,189.0,223,148,found,abr,,,2000,250,25,40,0,2,umh,6,16,0,0x1:0x111,0,1,,,0,40,0,1:0:0,,1.00:0.00,1:1.00,"cabac=0 ref=2 deblock=1:0:0 analyse=0x1:0x111 me=umh subme=6 psy=1 psy_rd=1.00:0.00 mixed_ref=1 me_range=16 chroma_me=1 trellis=0 8x8dct=0 cqm=0 deadzone=21,11 fast_pskip=1 chroma_qp_offset=-2 threads=6 lookahead_threads=1 sliced_threads=0 nr=0 decimate=1 interlaced=0 bluray_compat=0 constrained_intra=0 bframes=0 weightp=0 keyint=250 keyint_min=25 scenecut=40 intra_refresh=0 rc_lookahead=40 rc=abr mbtree=1 bitrate=2000 ratetol=1.0 qcomp=0.60 qpmin=0 qpmax=69 qpstep=4 ip_ratio=1.40 aq=1:1.00",False
C:\Users\akash\Downloads\Anomaly-Videos-Part-1\Abuse\Abuse024_x264.mp4,Abuse,Abuse024_x264.mp4,8725688,ok,,h264,Constrained Baseline,320,240,30.0,34.087,2047869,yuv420p,600,3,600,3,597,0,0,False,0 250 500,250,250.0,250,148,found,abr,,,2000,250,25,40,0,2,umh,6,16,0,0x1:0x111,0,1,,,0,40,0,1:0:0,,1.00:0.00,1:1.00,"cabac=0 ref=2 deblock=1:0:0 analyse=0x1:0x111 me=umh subme=6 psy=1 psy_rd=1.00:0.00 mixed_ref=1 me_range=16 chroma_me=1 trellis=0 8x8dct=0 cqm=0 deadzone=21,11 fast_pskip=1 chroma_qp_offset=-2 threads=6 lookahead_threads=1 sliced_threads=0 nr=0 decimate=1 interlaced=0 bluray_compat=0 constrained_intra=0 bframes=0 weightp=0 keyint=250 keyint_min=25 scenecut=40 intra_refresh=0 rc_lookahead=40 rc=abr mbtree=1 bitrate=2000 ratetol=1.0 qcomp=0.60 qpmin=0 qpmax=69 qpstep=4 ip_ratio=1.40 aq=1:1.00",False
C:\Users\akash\Downloads\Anomaly-Videos-Part-1\Abuse\Abuse025_x264.mp4,Abuse,Abuse025_x264.mp4,16802570,ok,,h264,Constrained Baseline,320,240,30.0,67.802,1982544,yuv420p,600,3,600,3,597,0,0,False,0 250 500,250,250.0,250,148,found,abr,,,2000,250,25,40,0,2,umh,6,16,0,0x1:0x111,0,1,,,0,40,0,1:0:0,,1.00:0.00,1:1.00,"cabac=0 ref=2 deblock=1:0:0 analyse=0x1:0x111 me=umh subme=6 psy=1 psy_rd=1.00:0.00 mixed_ref=1 me_range=16 chroma_me=1 trellis=0 8x8dct=0 cqm=0 deadzone=21,11 fast_pskip=1 chroma_qp_offset=-2 threads=6 lookahead_threads=1 sliced_threads=0 nr=0 decimate=1 interlaced=0 bluray_compat=0 constrained_intra=0 bframes=0 weightp=0 keyint=250 keyint_min=25 scenecut=40 intra_refresh=0 rc_lookahead=40 rc=abr mbtree=1 bitrate=2000 ratetol=1.0 qcomp=0.60 qpmin=0 qpmax=69 qpstep=4 ip_ratio=1.40 aq=1:1.00",False
C:\Users\akash\Downloads\Anomaly-Videos-Part-1\Abuse\Abuse026_x264.mp4,Abuse,Abuse026_x264.mp4,16964153,ok,,h264,Constrained Baseline,320,240,30.0,66.269,2047911,yuv420p,600,3,600,3,597,0,0,False,0 148 364,182,182.0,216,148,found,abr,,,2000,250,25,40,0,2,umh,6,16,0,0x1:0x111,0,1,,,0,40,0,1:0:0,,1.00:0.00,1:1.00,"cabac=0 ref=2 deblock=1:0:0 analyse=0x1:0x111 me=umh subme=6 psy=1 psy_rd=1.00:0.00 mixed_ref=1 me_range=16 chroma_me=1 trellis=0 8x8dct=0 cqm=0 deadzone=21,11 fast_pskip=1 chroma_qp_offset=-2 threads=6 lookahead_threads=1 sliced_threads=0 nr=0 decimate=1 interlaced=0 bluray_compat=0 constrained_intra=0 bframes=0 weightp=0 keyint=250 keyint_min=25 scenecut=40 intra_refresh=0 rc_lookahead=40 rc=abr mbtree=1 bitrate=2000 ratetol=1.0 qcomp=0.60 qpmin=0 qpmax=69 qpstep=4 ip_ratio=1.40 aq=1:1.00",False
C:\Users\akash\Downloads\Anomaly-Videos-Part-1\Abuse\Abuse027_x264.mp4,Abuse,Abuse027_x264.mp4,28121676,ok,,h264,Constrained Baseline,320,240,30.0,145.733,1543733,yuv420p,600,3,600,3,597,0,0,False,0 250 500,250,250.0,250,148,found,abr,,,2000,250,25,40,0,2,umh,6,16,0,0x1:0x111,0,1,,,0,40,0,1:0:0,,1.00:0.00,1:1.00,"cabac=0 ref=2 deblock=1:0:0 analyse=0x1:0x111 me=umh subme=6 psy=1 psy_rd=1.00:0.00 mixed_ref=1 me_range=16 chroma_me=1 trellis=0 8x8dct=0 cqm=0 deadzone=21,11 fast_pskip=1 chroma_qp_offset=-2 threads=6 lookahead_threads=1 sliced_threads=0 nr=0 decimate=1 interlaced=0 bluray_compat=0 constrained_intra=0 bframes=0 weightp=0 keyint=250 keyint_min=25 scenecut=40 intra_refresh=0 rc_lookahead=40 rc=abr mbtree=1 bitrate=2000 ratetol=1.0 qcomp=0.60 qpmin=0 qpmax=69 qpstep=4 ip_ratio=1.40 aq=1:1.00",False
C:\Users\akash\Downloads\Anomaly-Videos-Part-1\Abuse\Abuse028_x264.mp4,Abuse,Abuse028_x264.mp4,8899758,ok,,h264,Constrained Baseline,320,240,30.0,47.106,1511443,yuv420p,600,3,600,3,597,0,0,False,0 250 500,250,250.0,250,148,found,abr,,,2000,250,25,40,0,2,umh,6,16,0,0x1:0x111,0,1,,,0,40,0,1:0:0,,1.00:0.00,1:1.00,"cabac=0 ref=2 deblock=1:0:0 analyse=0x1:0x111 me=umh subme=6 psy=1 psy_rd=1.00:0.00 mixed_ref=1 me_range=16 chroma_me=1 trellis=0 8x8dct=0 cqm=0 deadzone=21,11 fast_pskip=1 chroma_qp_offset=-2 threads=6 lookahead_threads=1 sliced_threads=0 nr=0 decimate=1 interlaced=0 bluray_compat=0 constrained_intra=0 bframes=0 weightp=0 keyint=250 keyint_min=25 scenecut=40 intra_refresh=0 rc_lookahead=40 rc=abr mbtree=1 bitrate=2000 ratetol=1.0 qcomp=0.60 qpmin=0 qpmax=69 qpstep=4 ip_ratio=1.40 aq=1:1.00",False
C:\Users\akash\Downloads\Anomaly-Videos-Part-1\Abuse\Abuse029_x264.mp4,Abuse,Abuse029_x264.mp4,1605302,ok,,h264,Constrained Baseline,320,240,30.0,10.031,1280273,yuv420p,300,2,300,2,298,0,0,False,0 250,250,250,250,148,found,abr,,,2000,250,25,40,0,2,umh,6,16,0,0x1:0x111,0,1,,,0,40,0,1:0:0,,1.00:0.00,1:1.00,"cabac=0 ref=2 deblock=1:0:0 analyse=0x1:0x111 me=umh subme=6 psy=1 psy_rd=1.00:0.00 mixed_ref=1 me_range=16 chroma_me=1 trellis=0 8x8dct=0 cqm=0 deadzone=21,11 fast_pskip=1 chroma_qp_offset=-2 threads=6 lookahead_threads=1 sliced_threads=0 nr=0 decimate=1 interlaced=0 bluray_compat=0 constrained_intra=0 bframes=0 weightp=0 keyint=250 keyint_min=25 scenecut=40 intra_refresh=0 rc_lookahead=40 rc=abr mbtree=1 bitrate=2000 ratetol=1.0 qcomp=0.60 qpmin=0 qpmax=69 qpstep=4 ip_ratio=1.40 aq=1:1.00",False
C:\Users\akash\Downloads\Anomaly-Videos-Part-1\Abuse\Abuse030_x264.mp4,Abuse,Abuse030_x264.mp4,13147762,ok,,h264,Constrained Baseline,320,240,30.0,51.503,2042252,yuv420p,600,3,600,3,597,0,0,False,0 250 500,250,250.0,250,148,found,abr,,,2000,250,25,40,0,2,umh,6,16,0,0x1:0x111,0,1,,,0,40,0,1:0:0,,1.00:0.00,1:1.00,"cabac=0 ref=2 deblock=1:0:0 analyse=0x1:0x111 me=umh subme=6 psy=1 psy_rd=1.00:0.00 mixed_ref=1 me_range=16 chroma_me=1 trellis=0 8x8dct=0 cqm=0 deadzone=21,11 fast_pskip=1 chroma_qp_offset=-2 threads=6 lookahead_threads=1 sliced_threads=0 nr=0 decimate=1 interlaced=0 bluray_compat=0 constrained_intra=0 bframes=0 weightp=0 keyint=250 keyint_min=25 scenecut=40 intra_refresh=0 rc_lookahead=40 rc=abr mbtree=1 bitrate=2000 ratetol=1.0 qcomp=0.60 qpmin=0 qpmax=69 qpstep=4 ip_ratio=1.40 aq=1:1.00",False
C:\Users\akash\Downloads\Anomaly-Videos-Part-1\Abuse\Abuse031_x264.mp4,Abuse,Abuse031_x264.mp4,24786085,ok,,h264,Constrained Baseline,320,240,30.0,148.073,1339127,yuv420p,600,4,600,4,596,0,0,False,0 25 275 525,175,250,250,148,found,abr,,,2000,250,25,40,0,2,umh,6,16,0,0x1:0x111,0,1,,,0,40,0,1:0:0,,1.00:0.00,1:1.00,"cabac=0 ref=2 deblock=1:0:0 analyse=0x1:0x111 me=umh subme=6 psy=1 psy_rd=1.00:0.00 mixed_ref=1 me_range=16 chroma_me=1 trellis=0 8x8dct=0 cqm=0 deadzone=21,11 fast_pskip=1 chroma_qp_offset=-2 threads=6 lookahead_threads=1 sliced_threads=0 nr=0 decimate=1 interlaced=0 bluray_compat=0 constrained_intra=0 bframes=0 weightp=0 keyint=250 keyint_min=25 scenecut=40 intra_refresh=0 rc_lookahead=40 rc=abr mbtree=1 bitrate=2000 ratetol=1.0 qcomp=0.60 qpmin=0 qpmax=69 qpstep=4 ip_ratio=1.40 aq=1:1.00",False
C:\Users\akash\Downloads\Anomaly-Videos-Part-1\Abuse\Abuse032_x264.mp4,Abuse,Abuse032_x264.mp4,20420144,ok,,h264,Constrained Baseline,320,240,30.0,158.336,1031737,yuv420p,600,4,600,4,596,0,0,False,0 80 330 580,193.33,250,250,148,found,abr,,,2000,250,25,40,0,2,umh,6,16,0,0x1:0x111,0,1,,,0,40,0,1:0:0,,1.00:0.00,1:1.00,"cabac=0 ref=2 deblock=1:0:0 analyse=0x1:0x111 me=umh subme=6 psy=1 psy_rd=1.00:0.00 mixed_ref=1 me_range=16 chroma_me=1 trellis=0 8x8dct=0 cqm=0 deadzone=21,11 fast_pskip=1 chroma_qp_offset=-2 threads=6 lookahead_threads=1 sliced_threads=0 nr=0 decimate=1 interlaced=0 bluray_compat=0 constrained_intra=0 bframes=0 weightp=0 keyint=250 keyint_min=25 scenecut=40 intra_refresh=0 rc_lookahead=40 rc=abr mbtree=1 bitrate=2000 ratetol=1.0 qcomp=0.60 qpmin=0 qpmax=69 qpstep=4 ip_ratio=1.40 aq=1:1.00",False
C:\Users\akash\Downloads\Anomaly-Videos-Part-1\Abuse\Abuse033_x264.mp4,Abuse,Abuse033_x264.mp4,22913127,ok,,h264,Constrained Baseline,320,240,30.0,94.389,1942016,yuv420p,600,3,600,3,597,0,0,False,0 250 500,250,250.0,250,148,found,abr,,,2000,250,25,40,0,2,umh,6,16,0,0x1:0x111,0,1,,,0,40,0,1:0:0,,1.00:0.00,1:1.00,"cabac=0 ref=2 deblock=1:0:0 analyse=0x1:0x111 me=umh subme=6 psy=1 psy_rd=1.00:0.00 mixed_ref=1 me_range=16 chroma_me=1 trellis=0 8x8dct=0 cqm=0 deadzone=21,11 fast_pskip=1 chroma_qp_offset=-2 threads=6 lookahead_threads=1 sliced_threads=0 nr=0 decimate=1 interlaced=0 bluray_compat=0 constrained_intra=0 bframes=0 weightp=0 keyint=250 keyint_min=25 scenecut=40 intra_refresh=0 rc_lookahead=40 rc=abr mbtree=1 bitrate=2000 ratetol=1.0 qcomp=0.60 qpmin=0 qpmax=69 qpstep=4 ip_ratio=1.40 aq=1:1.00",False
C:\Users\akash\Downloads\Anomaly-Videos-Part-1\Abuse\Abuse034_x264.mp4,Abuse,Abuse034_x264.mp4,13240893,ok,,h264,Constrained Baseline,320,240,30.0,52.105,2032955,yuv420p,600,3,600,3,597,0,0,False,0 250 500,250,250.0,250,148,found,abr,,,2000,250,25,40,0,2,umh,6,16,0,0x1:0x111,0,1,,,0,40,0,1:0:0,,1.00:0.00,1:1.00,"cabac=0 ref=2 deblock=1:0:0 analyse=0x1:0x111 me=umh subme=6 psy=1 psy_rd=1.00:0.00 mixed_ref=1 me_range=16 chroma_me=1 trellis=0 8x8dct=0 cqm=0 deadzone=21,11 fast_pskip=1 chroma_qp_offset=-2 threads=6 lookahead_threads=1 sliced_threads=0 nr=0 decimate=1 interlaced=0 bluray_compat=0 constrained_intra=0 bframes=0 weightp=0 keyint=250 keyint_min=25 scenecut=40 intra_refresh=0 rc_lookahead=40 rc=abr mbtree=1 bitrate=2000 ratetol=1.0 qcomp=0.60 qpmin=0 qpmax=69 qpstep=4 ip_ratio=1.40 aq=1:1.00",False
C:\Users\akash\Downloads\Anomaly-Videos-Part-1\Abuse\Abuse035_x264.mp4,Abuse,Abuse035_x264.mp4,23718636,ok,,h264,Constrained Baseline,320,240,30.0,88.375,2147089,yuv420p,600,3,600,3,597,0,0,False,0 250 500,250,250.0,250,148,found,abr,,,2000,250,25,40,0,2,umh,6,16,0,0x1:0x111,0,1,,,0,40,0,1:0:0,,1.00:0.00,1:1.00,"cabac=0 ref=2 deblock=1:0:0 analyse=0x1:0x111 me=umh subme=6 psy=1 psy_rd=1.00:0.00 mixed_ref=1 me_range=16 chroma_me=1 trellis=0 8x8dct=0 cqm=0 deadzone=21,11 fast_pskip=1 chroma_qp_offset=-2 threads=6 lookahead_threads=1 sliced_threads=0 nr=0 decimate=1 interlaced=0 bluray_compat=0 constrained_intra=0 bframes=0 weightp=0 keyint=250 keyint_min=25 scenecut=40 intra_refresh=0 rc_lookahead=40 rc=abr mbtree=1 bitrate=2000 ratetol=1.0 qcomp=0.60 qpmin=0 qpmax=69 qpstep=4 ip_ratio=1.40 aq=1:1.00",False
C:\Users\akash\Downloads\Anomaly-Videos-Part-1\Abuse\Abuse036_x264.mp4,Abuse,Abuse036_x264.mp4,40961654,ok,,h264,Constrained Baseline,320,240,30.0,156.781,2090133,yuv420p,600,4,600,5,595,0,0,False,0 15 250 296 546,136.5,140.5,250,148,found,abr,,,2000,250,25,40,0,2,umh,6,16,0,0x1:0x111,0,1,,,0,40,0,1:0:0,,1.00:0.00,1:1.00,"cabac=0 ref=2 deblock=1:0:0 analyse=0x1:0x111 me=umh subme=6 psy=1 psy_rd=1.00:0.00 mixed_ref=1 me_range=16 chroma_me=1 trellis=0 8x8dct=0 cqm=0 deadzone=21,11 fast_pskip=1 chroma_qp_offset=-2 threads=6 lookahead_threads=1 sliced_threads=0 nr=0 decimate=1 interlaced=0 bluray_compat=0 constrained_intra=0 bframes=0 weightp=0 keyint=250 keyint_min=25 scenecut=40 intra_refresh=0 rc_lookahead=40 rc=abr mbtree=1 bitrate=2000 ratetol=1.0 qcomp=0.60 qpmin=0 qpmax=69 qpstep=4 ip_ratio=1.40 aq=1:1.00",False
C:\Users\akash\Downloads\Anomaly-Videos-Part-1\Abuse\Abuse037_x264.mp4,Abuse,Abuse037_x264.mp4,8861107,ok,,h264,Constrained Baseline,320,240,30.0,59.86,1184244,yuv420p,600,3,600,4,596,0,0,False,0 2 250 500,166.67,248,250,148,found,abr,,,2000,250,25,40,0,2,umh,6,16,0,0x1:0x111,0,1,,,0,40,0,1:0:0,,1.00:0.00,1:1.00,"cabac=0 ref=2 deblock=1:0:0 analyse=0x1:0x111 me=umh subme=6 psy=1 psy_rd=1.00:0.00 mixed_ref=1 me_range=16 chroma_me=1 trellis=0 8x8dct=0 cqm=0 deadzone=21,11 fast_pskip=1 chroma_qp_offset=-2 threads=6 lookahead_threads=1 sliced_threads=0 nr=0 decimate=1 interlaced=0 bluray_compat=0 constrained_intra=0 bframes=0 weightp=0 keyint=250 keyint_min=25 scenecut=40 intra_refresh=0 rc_lookahead=40 rc=abr mbtree=1 bitrate=2000 ratetol=1.0 qcomp=0.60 qpmin=0 qpmax=69 qpstep=4 ip_ratio=1.40 aq=1:1.00",False
C:\Users\akash\Downloads\Anomaly-Videos-Part-1\Abuse\Abuse038_x264.mp4,Abuse,Abuse038_x264.mp4,7979033,ok,,h264,Constrained Baseline,320,240,30.0,29.7,2149234,yuv420p,600,3,600,3,597,0,0,False,0 250 500,250,250.0,250,148,found,abr,,,2000,250,25,40,0,2,umh,6,16,0,0x1:0x111,0,1,,,0,40,0,1:0:0,,1.00:0.00,1:1.00,"cabac=0 ref=2 deblock=1:0:0 analyse=0x1:0x111 me=umh subme=6 psy=1 psy_rd=1.00:0.00 mixed_ref=1 me_range=16 chroma_me=1 trellis=0 8x8dct=0 cqm=0 deadzone=21,11 fast_pskip=1 chroma_qp_offset=-2 threads=6 lookahead_threads=1 sliced_threads=0 nr=0 decimate=1 interlaced=0 bluray_compat=0 constrained_intra=0 bframes=0 weightp=0 keyint=250 keyint_min=25 scenecut=40 intra_refresh=0 rc_lookahead=40 rc=abr mbtree=1 bitrate=2000 ratetol=1.0 qcomp=0.60 qpmin=0 qpmax=69 qpstep=4 ip_ratio=1.40 aq=1:1.00",False
C:\Users\akash\Downloads\Anomaly-Videos-Part-1\Abuse\Abuse039_x264.mp4,Abuse,Abuse039_x264.mp4,99166430,ok,,h264,Constrained Baseline,320,240,30.0,471.497,1682580,yuv420p,600,3,600,4,596,0,0,False,0 2 250 500,166.67,248,250,148,found,abr,,,2000,250,25,40,0,2,umh,6,16,0,0x1:0x111,0,1,,,0,40,0,1:0:0,,1.00:0.00,1:1.00,"cabac=0 ref=2 deblock=1:0:0 analyse=0x1:0x111 me=umh subme=6 psy=1 psy_rd=1.00:0.00 mixed_ref=1 me_range=16 chroma_me=1 trellis=0 8x8dct=0 cqm=0 deadzone=21,11 fast_pskip=1 chroma_qp_offset=-2 threads=6 lookahead_threads=1 sliced_threads=0 nr=0 decimate=1 interlaced=0 bluray_compat=0 constrained_intra=0 bframes=0 weightp=0 keyint=250 keyint_min=25 scenecut=40 intra_refresh=0 rc_lookahead=40 rc=abr mbtree=1 bitrate=2000 ratetol=1.0 qcomp=0.60 qpmin=0 qpmax=69 qpstep=4 ip_ratio=1.40 aq=1:1.00",False
C:\Users\akash\Downloads\Anomaly-Videos-Part-1\Abuse\Abuse040_x264.mp4,Abuse,Abuse040_x264.mp4,16126433,ok,,h264,Constrained Baseline,320,240,30.0,113.8,1133668,yuv420p,600,4,600,5,595,0,0,False,0 76 194 196 444,111,97.0,248,148,found,abr,,,2000,250,25,40,0,2,umh,6,16,0,0x1:0x111,0,1,,,0,40,0,1:0:0,,1.00:0.00,1:1.00,"cabac=0 ref=2 deblock=1:0:0 analyse=0x1:0x111 me=umh subme=6 psy=1 psy_rd=1.00:0.00 mixed_ref=1 me_range=16 chroma_me=1 trellis=0 8x8dct=0 cqm=0 deadzone=21,11 fast_pskip=1 chroma_qp_offset=-2 threads=6 lookahead_threads=1 sliced_threads=0 nr=0 decimate=1 interlaced=0 bluray_compat=0 constrained_intra=0 bframes=0 weightp=0 keyint=250 keyint_min=25 scenecut=40 intra_refresh=0 rc_lookahead=40 rc=abr mbtree=1 bitrate=2000 ratetol=1.0 qcomp=0.60 qpmin=0 qpmax=69 qpstep=4 ip_ratio=1.40 aq=1:1.00",False
C:\Users\akash\Downloads\Anomaly-Videos-Part-1\Abuse\Abuse041_x264.mp4,Abuse,Abuse041_x264.mp4,11570925,ok,,h264,Constrained Baseline,320,240,30.0,46.167,2005070,yuv420p,600,3,600,4,596,0,0,False,0 1 250 500,166.67,249,250,148,found,abr,,,2000,250,25,40,0,2,umh,6,16,0,0x1:0x111,0,1,,,0,40,0,1:0:0,,1.00:0.00,1:1.00,"cabac=0 ref=2 deblock=1:0:0 analyse=0x1:0x111 me=umh subme=6 psy=1 psy_rd=1.00:0.00 mixed_ref=1 me_range=16 chroma_me=1 trellis=0 8x8dct=0 cqm=0 deadzone=21,11 fast_pskip=1 chroma_qp_offset=-2 threads=6 lookahead_threads=1 sliced_threads=0 nr=0 decimate=1 interlaced=0 bluray_compat=0 constrained_intra=0 bframes=0 weightp=0 keyint=250 keyint_min=25 scenecut=40 intra_refresh=0 rc_lookahead=40 rc=abr mbtree=1 bitrate=2000 ratetol=1.0 qcomp=0.60 qpmin=0 qpmax=69 qpstep=4 ip_ratio=1.40 aq=1:1.00",False
C:\Users\akash\Downloads\Anomaly-Videos-Part-1\Abuse\Abuse042_x264.mp4,Abuse,Abuse042_x264.mp4,214723655,ok,,h264,Constrained Baseline,320,240,30.0,949.253,1809622,yuv420p,600,3,600,3,597,0,0,False,0 250 500,250,250.0,250,148,found,abr,,,2000,250,25,40,0,2,umh,6,16,0,0x1:0x111,0,1,,,0,40,0,1:0:0,,1.00:0.00,1:1.00,"cabac=0 ref=2 deblock=1:0:0 analyse=0x1:0x111 me=umh subme=6 psy=1 psy_rd=1.00:0.00 mixed_ref=1 me_range=16 chroma_me=1 trellis=0 8x8dct=0 cqm=0 deadzone=21,11 fast_pskip=1 chroma_qp_offset=-2 threads=6 lookahead_threads=1 sliced_threads=0 nr=0 decimate=1 interlaced=0 bluray_compat=0 constrained_intra=0 bframes=0 weightp=0 keyint=250 keyint_min=25 scenecut=40 intra_refresh=0 rc_lookahead=40 rc=abr mbtree=1 bitrate=2000 ratetol=1.0 qcomp=0.60 qpmin=0 qpmax=69 qpstep=4 ip_ratio=1.40 aq=1:1.00",False
C:\Users\akash\Downloads\Anomaly-Videos-Part-1\Abuse\Abuse043_x264.mp4,Abuse,Abuse043_x264.mp4,33756700,ok,,h264,Constrained Baseline,320,240,30.0,129.055,2092546,yuv420p,600,3,600,3,597,0,0,False,0 250 500,250,250.0,250,148,found,abr,,,2000,250,25,40,0,2,umh,6,16,0,0x1:0x111,0,1,,,0,40,0,1:0:0,,1.00:0.00,1:1.00,"cabac=0 ref=2 deblock=1:0:0 analyse=0x1:0x111 me=umh subme=6 psy=1 psy_rd=1.00:0.00 mixed_ref=1 me_range=16 chroma_me=1 trellis=0 8x8dct=0 cqm=0 deadzone=21,11 fast_pskip=1 chroma_qp_offset=-2 threads=6 lookahead_threads=1 sliced_threads=0 nr=0 decimate=1 interlaced=0 bluray_compat=0 constrained_intra=0 bframes=0 weightp=0 keyint=250 keyint_min=25 scenecut=40 intra_refresh=0 rc_lookahead=40 rc=abr mbtree=1 bitrate=2000 ratetol=1.0 qcomp=0.60 qpmin=0 qpmax=69 qpstep=4 ip_ratio=1.40 aq=1:1.00",False
C:\Users\akash\Downloads\Anomaly-Videos-Part-1\Abuse\Abuse044_x264.mp4,Abuse,Abuse044_x264.mp4,32737452,ok,,h264,Constrained Baseline,320,240,30.0,131.401,1993132,yuv420p,600,3,600,3,597,0,0,False,0 250 500,250,250.0,250,148,found,abr,,,2000,250,25,40,0,2,umh,6,16,0,0x1:0x111,0,1,,,0,40,0,1:0:0,,1.00:0.00,1:1.00,"cabac=0 ref=2 deblock=1:0:0 analyse=0x1:0x111 me=umh subme=6 psy=1 psy_rd=1.00:0.00 mixed_ref=1 me_range=16 chroma_me=1 trellis=0 8x8dct=0 cqm=0 deadzone=21,11 fast_pskip=1 chroma_qp_offset=-2 threads=6 lookahead_threads=1 sliced_threads=0 nr=0 decimate=1 interlaced=0 bluray_compat=0 constrained_intra=0 bframes=0 weightp=0 keyint=250 keyint_min=25 scenecut=40 intra_refresh=0 rc_lookahead=40 rc=abr mbtree=1 bitrate=2000 ratetol=1.0 qcomp=0.60 qpmin=0 qpmax=69 qpstep=4 ip_ratio=1.40 aq=1:1.00",False
C:\Users\akash\Downloads\Anomaly-Videos-Part-1\Abuse\Abuse045_x264.mp4,Abuse,Abuse045_x264.mp4,21650729,ok,,h264,Constrained Baseline,320,240,30.0,169.598,1021272,yuv420p,600,3,600,3,597,0,0,False,0 250 500,250,250.0,250,148,found,abr,,,2000,250,25,40,0,2,umh,6,16,0,0x1:0x111,0,1,,,0,40,0,1:0:0,,1.00:0.00,1:1.00,"cabac=0 ref=2 deblock=1:0:0 analyse=0x1:0x111 me=umh subme=6 psy=1 psy_rd=1.00:0.00 mixed_ref=1 me_range=16 chroma_me=1 trellis=0 8x8dct=0 cqm=0 deadzone=21,11 fast_pskip=1 chroma_qp_offset=-2 threads=6 lookahead_threads=1 sliced_threads=0 nr=0 decimate=1 interlaced=0 bluray_compat=0 constrained_intra=0 bframes=0 weightp=0 keyint=250 keyint_min=25 scenecut=40 intra_refresh=0 rc_lookahead=40 rc=abr mbtree=1 bitrate=2000 ratetol=1.0 qcomp=0.60 qpmin=0 qpmax=69 qpstep=4 ip_ratio=1.40 aq=1:1.00",False
C:\Users\akash\Downloads\Anomaly-Videos-Part-1\Abuse\Abuse046_x264.mp4,Abuse,Abuse046_x264.mp4,10165052,ok,,h264,Constrained Baseline,320,240,30.0,38.769,2097544,yuv420p,600,4,600,5,595,0,0,False,0 116 355 458 459,114.75,109.5,239,148,found,abr,,,2000,250,25,40,0,2,umh,6,16,0,0x1:0x111,0,1,,,0,40,0,1:0:0,,1.00:0.00,1:1.00,"cabac=0 ref=2 deblock=1:0:0 analyse=0x1:0x111 me=umh subme=6 psy=1 psy_rd=1.00:0.00 mixed_ref=1 me_range=16 chroma_me=1 trellis=0 8x8dct=0 cqm=0 deadzone=21,11 fast_pskip=1 chroma_qp_offset=-2 threads=6 lookahead_threads=1 sliced_threads=0 nr=0 decimate=1 interlaced=0 bluray_compat=0 constrained_intra=0 bframes=0 weightp=0 keyint=250 keyint_min=25 scenecut=40 intra_refresh=0 rc_lookahead=40 rc=abr mbtree=1 bitrate=2000 ratetol=1.0 qcomp=0.60 qpmin=0 qpmax=69 qpstep=4 ip_ratio=1.40 aq=1:1.00",False
C:\Users\akash\Downloads\Anomaly-Videos-Part-1\Abuse\Abuse047_x264.mp4,Abuse,Abuse047_x264.mp4,8990328,ok,,h264,Constrained Baseline,320,240,30.0,52.221,1377274,yuv420p,600,3,600,3,597,0,0,False,0 250 399,199.5,199.5,250,148,found,abr,,,2000,250,25,40,0,2,umh,6,16,0,0x1:0x111,0,1,,,0,40,0,1:0:0,,1.00:0.00,1:1.00,"cabac=0 ref=2 deblock=1:0:0 analyse=0x1:0x111 me=umh subme=6 psy=1 psy_rd=1.00:0.00 mixed_ref=1 me_range=16 chroma_me=1 trellis=0 8x8dct=0 cqm=0 deadzone=21,11 fast_pskip=1 chroma_qp_offset=-2 threads=6 lookahead_threads=1 sliced_threads=0 nr=0 decimate=1 interlaced=0 bluray_compat=0 constrained_intra=0 bframes=0 weightp=0 keyint=250 keyint_min=25 scenecut=40 intra_refresh=0 rc_lookahead=40 rc=abr mbtree=1 bitrate=2000 ratetol=1.0 qcomp=0.60 qpmin=0 qpmax=69 qpstep=4 ip_ratio=1.40 aq=1:1.00",False
C:\Users\akash\Downloads\Anomaly-Videos-Part-1\Abuse\Abuse048_x264.mp4,Abuse,Abuse048_x264.mp4,25599941,ok,,h264,Constrained Baseline,320,240,30.0,114.008,1796360,yuv420p,600,3,600,3,597,0,0,False,0 250 500,250,250.0,250,148,found,abr,,,2000,250,25,40,0,2,umh,6,16,0,0x1:0x111,0,1,,,0,40,0,1:0:0,,1.00:0.00,1:1.00,"cabac=0 ref=2 deblock=1:0:0 analyse=0x1:0x111 me=umh subme=6 psy=1 psy_rd=1.00:0.00 mixed_ref=1 me_range=16 chroma_me=1 trellis=0 8x8dct=0 cqm=0 deadzone=21,11 fast_pskip=1 chroma_qp_offset=-2 threads=6 lookahead_threads=1 sliced_threads=0 nr=0 decimate=1 interlaced=0 bluray_compat=0 constrained_intra=0 bframes=0 weightp=0 keyint=250 keyint_min=25 scenecut=40 intra_refresh=0 rc_lookahead=40 rc=abr mbtree=1 bitrate=2000 ratetol=1.0 qcomp=0.60 qpmin=0 qpmax=69 qpstep=4 ip_ratio=1.40 aq=1:1.00",False
C:\Users\akash\Downloads\Anomaly-Videos-Part-1\Abuse\Abuse049_x264.mp4,Abuse,Abuse049_x264.mp4,17034376,ok,,h264,Constrained Baseline,320,240,30.0,71.308,1911075,yuv420p,600,4,600,4,596,0,0,False,0 127 377 572,190.67,195,250,148,found,abr,,,2000,250,25,40,0,2,umh,6,16,0,0x1:0x111,0,1,,,0,40,0,1:0:0,,1.00:0.00,1:1.00,"cabac=0 ref=2 deblock=1:0:0 analyse=0x1:0x111 me=umh subme=6 psy=1 psy_rd=1.00:0.00 mixed_ref=1 me_range=16 chroma_me=1 trellis=0 8x8dct=0 cqm=0 deadzone=21,11 fast_pskip=1 chroma_qp_offset=-2 threads=6 lookahead_threads=1 sliced_threads=0 nr=0 decimate=1 interlaced=0 bluray_compat=0 constrained_intra=0 bframes=0 weightp=0 keyint=250 keyint_min=25 scenecut=40 intra_refresh=0 rc_lookahead=40 rc=abr mbtree=1 bitrate=2000 ratetol=1.0 qcomp=0.60 qpmin=0 qpmax=69 qpstep=4 ip_ratio=1.40 aq=1:1.00",False
C:\Users\akash\Downloads\Anomaly-Videos-Part-1\Abuse\Abuse050_x264.mp4,Abuse,Abuse050_x264.mp4,39654017,ok,,h264,Constrained Baseline,320,240,30.0,162.067,1957417,yuv420p,600,3,600,3,597,0,0,False,0 250 500,250,250.0,250,148,found,abr,,,2000,250,25,40,0,2,umh,6,16,0,0x1:0x111,0,1,,,0,40,0,1:0:0,,1.00:0.00,1:1.00,"cabac=0 ref=2 deblock=1:0:0 analyse=0x1:0x111 me=umh subme=6 psy=1 psy_rd=1.00:0.00 mixed_ref=1 me_range=16 chroma_me=1 trellis=0 8x8dct=0 cqm=0 deadzone=21,11 fast_pskip=1 chroma_qp_offset=-2 threads=6 lookahead_threads=1 sliced_threads=0 nr=0 decimate=1 interlaced=0 bluray_compat=0 constrained_intra=0 bframes=0 weightp=0 keyint=250 keyint_min=25 scenecut=40 intra_refresh=0 rc_lookahead=40 rc=abr mbtree=1 bitrate=2000 ratetol=1.0 qcomp=0.60 qpmin=0 qpmax=69 qpstep=4 ip_ratio=1.40 aq=1:1.00",False
C:\Users\akash\Downloads\Anomaly-Videos-Part-1\Arrest\Arrest001_x264.mp4,Arrest,Arrest001_x264.mp4,13982812,ok,,h264,Constrained Baseline,320,240,30.0,79.149,1413315,yuv420p,600,3,600,3,597,0,0,False,0 250 500,250,250.0,250,148,found,abr,,,2000,250,25,40,0,2,umh,6,16,0,0x1:0x111,0,1,,,0,40,0,1:0:0,,1.00:0.00,1:1.00,"cabac=0 ref=2 deblock=1:0:0 analyse=0x1:0x111 me=umh subme=6 psy=1 psy_rd=1.00:0.00 mixed_ref=1 me_range=16 chroma_me=1 trellis=0 8x8dct=0 cqm=0 deadzone=21,11 fast_pskip=1 chroma_qp_offset=-2 threads=6 lookahead_threads=1 sliced_threads=0 nr=0 decimate=1 interlaced=0 bluray_compat=0 constrained_intra=0 bframes=0 weightp=0 keyint=250 keyint_min=25 scenecut=40 intra_refresh=0 rc_lookahead=40 rc=abr mbtree=1 bitrate=2000 ratetol=1.0 qcomp=0.60 qpmin=0 qpmax=69 qpstep=4 ip_ratio=1.40 aq=1:1.00",False
C:\Users\akash\Downloads\Anomaly-Videos-Part-1\Arrest\Arrest002_x264.mp4,Arrest,Arrest002_x264.mp4,10841051,ok,,h264,Constrained Baseline,320,240,30.0,59.721,1452226,yuv420p,600,3,600,4,596,0,0,False,0 16 250 500,166.67,234,250,148,found,abr,,,2000,250,25,40,0,2,umh,6,16,0,0x1:0x111,0,1,,,0,40,0,1:0:0,,1.00:0.00,1:1.00,"cabac=0 ref=2 deblock=1:0:0 analyse=0x1:0x111 me=umh subme=6 psy=1 psy_rd=1.00:0.00 mixed_ref=1 me_range=16 chroma_me=1 trellis=0 8x8dct=0 cqm=0 deadzone=21,11 fast_pskip=1 chroma_qp_offset=-2 threads=6 lookahead_threads=1 sliced_threads=0 nr=0 decimate=1 interlaced=0 bluray_compat=0 constrained_intra=0 bframes=0 weightp=0 keyint=250 keyint_min=25 scenecut=40 intra_refresh=0 rc_lookahead=40 rc=abr mbtree=1 bitrate=2000 ratetol=1.0 qcomp=0.60 qpmin=0 qpmax=69 qpstep=4 ip_ratio=1.40 aq=1:1.00",False
C:\Users\akash\Downloads\Anomaly-Videos-Part-1\Arrest\Arrest003_x264.mp4,Arrest,Arrest003_x264.mp4,15560127,ok,,h264,Constrained Baseline,320,240,30.0,101.835,1222379,yuv420p,600,3,600,3,597,0,0,False,0 250 500,250,250.0,250,148,found,abr,,,2000,250,25,40,0,2,umh,6,16,0,0x1:0x111,0,1,,,0,40,0,1:0:0,,1.00:0.00,1:1.00,"cabac=0 ref=2 deblock=1:0:0 analyse=0x1:0x111 me=umh subme=6 psy=1 psy_rd=1.00:0.00 mixed_ref=1 me_range=16 chroma_me=1 trellis=0 8x8dct=0 cqm=0 deadzone=21,11 fast_pskip=1 chroma_qp_offset=-2 threads=6 lookahead_threads=1 sliced_threads=0 nr=0 decimate=1 interlaced=0 bluray_compat=0 constrained_intra=0 bframes=0 weightp=0 keyint=250 keyint_min=25 scenecut=40 intra_refresh=0 rc_lookahead=40 rc=abr mbtree=1 bitrate=2000 ratetol=1.0 qcomp=0.60 qpmin=0 qpmax=69 qpstep=4 ip_ratio=1.40 aq=1:1.00",False
C:\Users\akash\Downloads\Anomaly-Videos-Part-1\Arrest\Arrest004_x264.mp4,Arrest,Arrest004_x264.mp4,22721089,ok,,h264,Constrained Baseline,320,240,30.0,120.318,1510735,yuv420p,600,3,600,3,597,0,0,False,0 250 500,250,250.0,250,148,found,abr,,,2000,250,25,40,0,2,umh,6,16,0,0x1:0x111,0,1,,,0,40,0,1:0:0,,1.00:0.00,1:1.00,"cabac=0 ref=2 deblock=1:0:0 analyse=0x1:0x111 me=umh subme=6 psy=1 psy_rd=1.00:0.00 mixed_ref=1 me_range=16 chroma_me=1 trellis=0 8x8dct=0 cqm=0 deadzone=21,11 fast_pskip=1 chroma_qp_offset=-2 threads=6 lookahead_threads=1 sliced_threads=0 nr=0 decimate=1 interlaced=0 bluray_compat=0 constrained_intra=0 bframes=0 weightp=0 keyint=250 keyint_min=25 scenecut=40 intra_refresh=0 rc_lookahead=40 rc=abr mbtree=1 bitrate=2000 ratetol=1.0 qcomp=0.60 qpmin=0 qpmax=69 qpstep=4 ip_ratio=1.40 aq=1:1.00",False
C:\Users\akash\Downloads\Anomaly-Videos-Part-1\Arrest\Arrest005_x264.mp4,Arrest,Arrest005_x264.mp4,30942847,ok,,h264,Constrained Baseline,320,240,30.0,122.833,2015273,yuv420p,600,3,600,3,597,0,0,False,0 250 500,250,250.0,250,148,found,abr,,,2000,250,25,40,0,2,umh,6,16,0,0x1:0x111,0,1,,,0,40,0,1:0:0,,1.00:0.00,1:1.00,"cabac=0 ref=2 deblock=1:0:0 analyse=0x1:0x111 me=umh subme=6 psy=1 psy_rd=1.00:0.00 mixed_ref=1 me_range=16 chroma_me=1 trellis=0 8x8dct=0 cqm=0 deadzone=21,11 fast_pskip=1 chroma_qp_offset=-2 threads=6 lookahead_threads=1 sliced_threads=0 nr=0 decimate=1 interlaced=0 bluray_compat=0 constrained_intra=0 bframes=0 weightp=0 keyint=250 keyint_min=25 scenecut=40 intra_refresh=0 rc_lookahead=40 rc=abr mbtree=1 bitrate=2000 ratetol=1.0 qcomp=0.60 qpmin=0 qpmax=69 qpstep=4 ip_ratio=1.40 aq=1:1.00",False
C:\Users\akash\Downloads\Anomaly-Videos-Part-1\Arrest\Arrest006_x264.mp4,Arrest,Arrest006_x264.mp4,19523079,ok,,h264,Constrained Baseline,320,240,30.0,103.003,1516311,yuv420p,600,3,600,3,597,0,0,False,0 250 500,250,250.0,250,148,found,abr,,,2000,250,25,40,0,2,umh,6,16,0,0x1:0x111,0,1,,,0,40,0,1:0:0,,1.00:0.00,1:1.00,"cabac=0 ref=2 deblock=1:0:0 analyse=0x1:0x111 me=umh subme=6 psy=1 psy_rd=1.00:0.00 mixed_ref=1 me_range=16 chroma_me=1 trellis=0 8x8dct=0 cqm=0 deadzone=21,11 fast_pskip=1 chroma_qp_offset=-2 threads=6 lookahead_threads=1 sliced_threads=0 nr=0 decimate=1 interlaced=0 bluray_compat=0 constrained_intra=0 bframes=0 weightp=0 keyint=250 keyint_min=25 scenecut=40 intra_refresh=0 rc_lookahead=40 rc=abr mbtree=1 bitrate=2000 ratetol=1.0 qcomp=0.60 qpmin=0 qpmax=69 qpstep=4 ip_ratio=1.40 aq=1:1.00",False
C:\Users\akash\Downloads\Anomaly-Videos-Part-1\Arrest\Arrest007_x264.mp4,Arrest,Arrest007_x264.mp4,19652645,ok,,h264,Constrained Baseline,320,240,30.0,104.813,1500015,yuv420p,600,5,600,5,595,0,0,False,0 60 184 219 469,117.25,92.0,250,148,found,abr,,,2000,250,25,40,0,2,umh,6,16,0,0x1:0x111,0,1,,,0,40,0,1:0:0,,1.00:0.00,1:1.00,"cabac=0 ref=2 deblock=1:0:0 analyse=0x1:0x111 me=umh subme=6 psy=1 psy_rd=1.00:0.00 mixed_ref=1 me_range=16 chroma_me=1 trellis=0 8x8dct=0 cqm=0 deadzone=21,11 fast_pskip=1 chroma_qp_offset=-2 threads=6 lookahead_threads=1 sliced_threads=0 nr=0 decimate=1 interlaced=0 bluray_compat=0 constrained_intra=0 bframes=0 weightp=0 keyint=250 keyint_min=25 scenecut=40 intra_refresh=0 rc_lookahead=40 rc=abr mbtree=1 bitrate=2000 ratetol=1.0 qcomp=0.60 qpmin=0 qpmax=69 qpstep=4 ip_ratio=1.40 aq=1:1.00",False
C:\Users\akash\Downloads\Anomaly-Videos-Part-1\Arrest\Arrest008_x264.mp4,Arrest,Arrest008_x264.mp4,51416593,ok,,h264,Constrained Baseline,320,240,30.0,212.95,1931593,yuv420p,600,3,600,3,597,0,0,False,0 157 407,203.5,203.5,250,148,found,abr,,,2000,250,25,40,0,2,umh,6,16,0,0x1:0x111,0,1,,,0,40,0,1:0:0,,1.00:0.00,1:1.00,"cabac=0 ref=2 deblock=1:0:0 analyse=0x1:0x111 me=umh subme=6 psy=1 psy_rd=1.00:0.00 mixed_ref=1 me_range=16 chroma_me=1 trellis=0 8x8dct=0 cqm=0 deadzone=21,11 fast_pskip=1 chroma_qp_offset=-2 threads=6 lookahead_threads=1 sliced_threads=0 nr=0 decimate=1 interlaced=0 bluray_compat=0 constrained_intra=0 bframes=0 weightp=0 keyint=250 keyint_min=25 scenecut=40 intra_refresh=0 rc_lookahead=40 rc=abr mbtree=1 bitrate=2000 ratetol=1.0 qcomp=0.60 qpmin=0 qpmax=69 qpstep=4 ip_ratio=1.40 aq=1:1.00",False
C:\Users\akash\Downloads\Anomaly-Videos-Part-1\Arrest\Arrest009_x264.mp4,Arrest,Arrest009_x264.mp4,10860899,ok,,h264,Constrained Baseline,320,240,30.0,57.144,1520495,yuv420p,600,4,600,4,596,0,0,False,0 250 296 546,182,250,250,148,found,abr,,,2000,250,25,40,0,2,umh,6,16,0,0x1:0x111,0,1,,,0,40,0,1:0:0,,1.00:0.00,1:1.00,"cabac=0 ref=2 deblock=1:0:0 analyse=0x1:0x111 me=umh subme=6 psy=1 psy_rd=1.00:0.00 mixed_ref=1 me_range=16 chroma_me=1 trellis=0 8x8dct=0 cqm=0 deadzone=21,11 fast_pskip=1 chroma_qp_offset=-2 threads=6 lookahead_threads=1 sliced_threads=0 nr=0 decimate=1 interlaced=0 bluray_compat=0 constrained_intra=0 bframes=0 weightp=0 keyint=250 keyint_min=25 scenecut=40 intra_refresh=0 rc_lookahead=40 rc=abr mbtree=1 bitrate=2000 ratetol=1.0 qcomp=0.60 qpmin=0 qpmax=69 qpstep=4 ip_ratio=1.40 aq=1:1.00",False
C:\Users\akash\Downloads\Anomaly-Videos-Part-1\Arrest\Arrest010_x264.mp4,Arrest,Arrest010_x264.mp4,19897167,ok,,h264,Constrained Baseline,320,240,30.0,87.4,1821250,yuv420p,600,4,600,4,596,0,0,False,0 184 300 504,168,184,204,148,found,abr,,,2000,250,25,40,0,2,umh,6,16,0,0x1:0x111,0,1,,,0,40,0,1:0:0,,1.00:0.00,1:1.00,"cabac=0 ref=2 deblock=1:0:0 analyse=0x1:0x111 me=umh subme=6 psy=1 psy_rd=1.00:0.00 mixed_ref=1 me_range=16 chroma_me=1 trellis=0 8x8dct=0 cqm=0 deadzone=21,11 fast_pskip=1 chroma_qp_offset=-2 threads=6 lookahead_threads=1 sliced_threads=0 nr=0 decimate=1 interlaced=0 bluray_compat=0 constrained_intra=0 bframes=0 weightp=0 keyint=250 keyint_min=25 scenecut=40 intra_refresh=0 rc_lookahead=40 rc=abr mbtree=1 bitrate=2000 ratetol=1.0 qcomp=0.60 qpmin=0 qpmax=69 qpstep=4 ip_ratio=1.40 aq=1:1.00",False
C:\Users\akash\Downloads\Anomaly-Videos-Part-1\Arrest\Arrest011_x264.mp4,Arrest,Arrest011_x264.mp4,15610795,ok,,h264,Constrained Baseline,320,240,30.0,73.849,1691104,yuv420p,600,3,600,3,597,0,0,False,0 250 500,250,250.0,250,148,found,abr,,,2000,250,25,40,0,2,umh,6,16,0,0x1:0x111,0,1,,,0,40,0,1:0:0,,1.00:0.00,1:1.00,"cabac=0 ref=2 deblock=1:0:0 analyse=0x1:0x111 me=umh subme=6 psy=1 psy_rd=1.00:0.00 mixed_ref=1 me_range=16 chroma_me=1 trellis=0 8x8dct=0 cqm=0 deadzone=21,11 fast_pskip=1 chroma_qp_offset=-2 threads=6 lookahead_threads=1 sliced_threads=0 nr=0 decimate=1 interlaced=0 bluray_compat=0 constrained_intra=0 bframes=0 weightp=0 keyint=250 keyint_min=25 scenecut=40 intra_refresh=0 rc_lookahead=40 rc=abr mbtree=1 bitrate=2000 ratetol=1.0 qcomp=0.60 qpmin=0 qpmax=69 qpstep=4 ip_ratio=1.40 aq=1:1.00",False
C:\Users\akash\Downloads\Anomaly-Videos-Part-1\Arrest\Arrest012_x264.mp4,Arrest,Arrest012_x264.mp4,134438499,ok,,h264,Constrained Baseline,320,240,30.0,538.726,1996391,yuv420p,600,3,600,3,597,0,0,False,0 250 500,250,250.0,250,148,found,abr,,,2000,250,25,40,0,2,umh,6,16,0,0x1:0x111,0,1,,,0,40,0,1:0:0,,1.00:0.00,1:1.00,"cabac=0 ref=2 deblock=1:0:0 analyse=0x1:0x111 me=umh subme=6 psy=1 psy_rd=1.00:0.00 mixed_ref=1 me_range=16 chroma_me=1 trellis=0 8x8dct=0 cqm=0 deadzone=21,11 fast_pskip=1 chroma_qp_offset=-2 threads=6 lookahead_threads=1 sliced_threads=0 nr=0 decimate=1 interlaced=0 bluray_compat=0 constrained_intra=0 bframes=0 weightp=0 keyint=250 keyint_min=25 scenecut=40 intra_refresh=0 rc_lookahead=40 rc=abr mbtree=1 bitrate=2000 ratetol=1.0 qcomp=0.60 qpmin=0 qpmax=69 qpstep=4 ip_ratio=1.40 aq=1:1.00",False
C:\Users\akash\Downloads\Anomaly-Videos-Part-1\Arrest\Arrest013_x264.mp4,Arrest,Arrest013_x264.mp4,6038519,ok,,h264,Constrained Baseline,320,240,30.0,37.268,1296236,yuv420p,600,3,600,3,597,0,0,False,0 250 500,250,250.0,250,148,found,abr,,,2000,250,25,40,0,2,umh,6,16,0,0x1:0x111,0,1,,,0,40,0,1:0:0,,1.00:0.00,1:1.00,"cabac=0 ref=2 deblock=1:0:0 analyse=0x1:0x111 me=umh subme=6 psy=1 psy_rd=1.00:0.00 mixed_ref=1 me_range=16 chroma_me=1 trellis=0 8x8dct=0 cqm=0 deadzone=21,11 fast_pskip=1 chroma_qp_offset=-2 threads=6 lookahead_threads=1 sliced_threads=0 nr=0 decimate=1 interlaced=0 bluray_compat=0 constrained_intra=0 bframes=0 weightp=0 keyint=250 keyint_min=25 scenecut=40 intra_refresh=0 rc_lookahead=40 rc=abr mbtree=1 bitrate=2000 ratetol=1.0 qcomp=0.60 qpmin=0 qpmax=69 qpstep=4 ip_ratio=1.40 aq=1:1.00",False
C:\Users\akash\Downloads\Anomaly-Videos-Part-1\Arrest\Arrest014_x264.mp4,Arrest,Arrest014_x264.mp4,13365714,ok,,h264,Constrained Baseline,320,240,30.0,51.245,2086558,yuv420p,600,3,600,3,597,0,0,False,0 250 500,250,250.0,250,148,found,abr,,,2000,250,25,40,0,2,umh,6,16,0,0x1:0x111,0,1,,,0,40,0,1:0:0,,1.00:0.00,1:1.00,"cabac=0 ref=2 deblock=1:0:0 analyse=0x1:0x111 me=umh subme=6 psy=1 psy_rd=1.00:0.00 mixed_ref=1 me_range=16 chroma_me=1 trellis=0 8x8dct=0 cqm=0 deadzone=21,11 fast_pskip=1 chroma_qp_offset=-2 threads=6 lookahead_threads=1 sliced_threads=0 nr=0 decimate=1 interlaced=0 bluray_compat=0 constrained_intra=0 bframes=0 weightp=0 keyint=250 keyint_min=25 scenecut=40 intra_refresh=0 rc_lookahead=40 rc=abr mbtree=1 bitrate=2000 ratetol=1.0 qcomp=0.60 qpmin=0 qpmax=69 qpstep=4 ip_ratio=1.40 aq=1:1.00",False
C:\Users\akash\Downloads\Anomaly-Videos-Part-1\Arrest\Arrest015_x264.mp4,Arrest,Arrest015_x264.mp4,6162821,ok,,h264,Constrained Baseline,320,240,30.0,32.637,1510633,yuv420p,600,3,600,3,597,0,0,False,0 123 373,186.5,186.5,250,148,found,abr,,,2000,250,25,40,0,2,umh,6,16,0,0x1:0x111,0,1,,,0,40,0,1:0:0,,1.00:0.00,1:1.00,"cabac=0 ref=2 deblock=1:0:0 analyse=0x1:0x111 me=umh subme=6 psy=1 psy_rd=1.00:0.00 mixed_ref=1 me_range=16 chroma_me=1 trellis=0 8x8dct=0 cqm=0 deadzone=21,11 fast_pskip=1 chroma_qp_offset=-2 threads=6 lookahead_threads=1 sliced_threads=0 nr=0 decimate=1 interlaced=0 bluray_compat=0 constrained_intra=0 bframes=0 weightp=0 keyint=250 keyint_min=25 scenecut=40 intra_refresh=0 rc_lookahead=40 rc=abr mbtree=1 bitrate=2000 ratetol=1.0 qcomp=0.60 qpmin=0 qpmax=69 qpstep=4 ip_ratio=1.40 aq=1:1.00",False
C:\Users\akash\Downloads\Anomaly-Videos-Part-1\Arrest\Arrest016_x264.mp4,Arrest,Arrest016_x264.mp4,57221709,ok,,h264,Constrained Baseline,320,240,30.0,352.867,1297299,yuv420p,600,3,600,3,597,0,0,False,0 250 500,250,250.0,250,148,found,abr,,,2000,250,25,40,0,2,umh,6,16,0,0x1:0x111,0,1,,,0,40,0,1:0:0,,1.00:0.00,1:1.00,"cabac=0 ref=2 deblock=1:0:0 analyse=0x1:0x111 me=umh subme=6 psy=1 psy_rd=1.00:0.00 mixed_ref=1 me_range=16 chroma_me=1 trellis=0 8x8dct=0 cqm=0 deadzone=21,11 fast_pskip=1 chroma_qp_offset=-2 threads=6 lookahead_threads=1 sliced_threads=0 nr=0 decimate=1 interlaced=0 bluray_compat=0 constrained_intra=0 bframes=0 weightp=0 keyint=250 keyint_min=25 scenecut=40 intra_refresh=0 rc_lookahead=40 rc=abr mbtree=1 bitrate=2000 ratetol=1.0 qcomp=0.60 qpmin=0 qpmax=69 qpstep=4 ip_ratio=1.40 aq=1:1.00",False
C:\Users\akash\Downloads\Anomaly-Videos-Part-1\Arrest\Arrest017_x264.mp4,Arrest,Arrest017_x264.mp4,24625746,ok,,h264,Constrained Baseline,320,240,30.0,114.566,1719584,yuv420p,600,3,600,3,597,0,0,False,0 250 500,250,250.0,250,148,found,abr,,,2000,250,25,40,0,2,umh,6,16,0,0x1:0x111,0,1,,,0,40,0,1:0:0,,1.00:0.00,1:1.00,"cabac=0 ref=2 deblock=1:0:0 analyse=0x1:0x111 me=umh subme=6 psy=1 psy_rd=1.00:0.00 mixed_ref=1 me_range=16 chroma_me=1 trellis=0 8x8dct=0 cqm=0 deadzone=21,11 fast_pskip=1 chroma_qp_offset=-2 threads=6 lookahead_threads=1 sliced_threads=0 nr=0 decimate=1 interlaced=0 bluray_compat=0 constrained_intra=0 bframes=0 weightp=0 keyint=250 keyint_min=25 scenecut=40 intra_refresh=0 rc_lookahead=40 rc=abr mbtree=1 bitrate=2000 ratetol=1.0 qcomp=0.60 qpmin=0 qpmax=69 qpstep=4 ip_ratio=1.40 aq=1:1.00",False
C:\Users\akash\Downloads\Anomaly-Videos-Part-1\Arrest\Arrest018_x264.mp4,Arrest,Arrest018_x264.mp4,14568373,ok,,h264,Constrained Baseline,320,240,30.0,81.176,1435731,yuv420p,600,3,600,3,597,0,0,False,0 250 500,250,250.0,250,148,found,abr,,,2000,250,25,40,0,2,umh,6,16,0,0x1:0x111,0,1,,,0,40,0,1:0:0,,1.00:0.00,1:1.00,"cabac=0 ref=2 deblock=1:0:0 analyse=0x1:0x111 me=umh subme=6 psy=1 psy_rd=1.00:0.00 mixed_ref=1 me_range=16 chroma_me=1 trellis=0 8x8dct=0 cqm=0 deadzone=21,11 fast_pskip=1 chroma_qp_offset=-2 threads=6 lookahead_threads=1 sliced_threads=0 nr=0 decimate=1 interlaced=0 bluray_compat=0 constrained_intra=0 bframes=0 weightp=0 keyint=250 keyint_min=25 scenecut=40 intra_refresh=0 rc_lookahead=40 rc=abr mbtree=1 bitrate=2000 ratetol=1.0 qcomp=0.60 qpmin=0 qpmax=69 qpstep=4 ip_ratio=1.40 aq=1:1.00",False
C:\Users\akash\Downloads\Anomaly-Videos-Part-1\Arrest\Arrest019_x264.mp4,Arrest,Arrest019_x264.mp4,11929804,ok,,h264,Constrained Baseline,320,240,30.0,46.531,2051072,yuv420p,600,5,600,10,590,0,0,False,0 194 195 196 279 404 405 406 408 502,55.78,2,194,148,found,abr,,,2000,250,25,40,0,2,umh,6,16,0,0x1:0x111,0,1,,,0,40,0,1:0:0,,1.00:0.00,1:1.00,"cabac=0 ref=2 deblock=1:0:0 analyse=0x1:0x111 me=umh subme=6 psy=1 psy_rd=1.00:0.00 mixed_ref=1 me_range=16 chroma_me=1 trellis=0 8x8dct=0 cqm=0 deadzone=21,11 fast_pskip=1 chroma_qp_offset=-2 threads=6 lookahead_threads=1 sliced_threads=0 nr=0 decimate=1 interlaced=0 bluray_compat=0 constrained_intra=0 bframes=0 weightp=0 keyint=250 keyint_min=25 scenecut=40 intra_refresh=0 rc_lookahead=40 rc=abr mbtree=1 bitrate=2000 ratetol=1.0 qcomp=0.60 qpmin=0 qpmax=69 qpstep=4 ip_ratio=1.40 aq=1:1.00",False
C:\Users\akash\Downloads\Anomaly-Videos-Part-1\Arrest\Arrest020_x264.mp4,Arrest,Arrest020_x264.mp4,24978416,ok,,h264,Constrained Baseline,320,240,30.0,98.08,2037391,yuv420p,600,5,600,6,594,0,0,False,0 200 285 385 535 558,111.6,100,200,148,found,abr,,,2000,250,25,40,0,2,umh,6,16,0,0x1:0x111,0,1,,,0,40,0,1:0:0,,1.00:0.00,1:1.00,"cabac=0 ref=2 deblock=1:0:0 analyse=0x1:0x111 me=umh subme=6 psy=1 psy_rd=1.00:0.00 mixed_ref=1 me_range=16 chroma_me=1 trellis=0 8x8dct=0 cqm=0 deadzone=21,11 fast_pskip=1 chroma_qp_offset=-2 threads=6 lookahead_threads=1 sliced_threads=0 nr=0 decimate=1 interlaced=0 bluray_compat=0 constrained_intra=0 bframes=0 weightp=0 keyint=250 keyint_min=25 scenecut=40 intra_refresh=0 rc_lookahead=40 rc=abr mbtree=1 bitrate=2000 ratetol=1.0 qcomp=0.60 qpmin=0 qpmax=69 qpstep=4 ip_ratio=1.40 aq=1:1.00",False
C:\Users\akash\Downloads\Anomaly-Videos-Part-1\Arrest\Arrest021_x264.mp4,Arrest,Arrest021_x264.mp4,78150870,ok,,h264,Constrained Baseline,320,240,30.0,291.155,2147333,yuv420p,600,3,600,3,597,0,0,False,0 179 429,214.5,214.5,250,148,found,abr,,,2000,250,25,40,0,2,umh,6,16,0,0x1:0x111,0,1,,,0,40,0,1:0:0,,1.00:0.00,1:1.00,"cabac=0 ref=2 deblock=1:0:0 analyse=0x1:0x111 me=umh subme=6 psy=1 psy_rd=1.00:0.00 mixed_ref=1 me_range=16 chroma_me=1 trellis=0 8x8dct=0 cqm=0 deadzone=21,11 fast_pskip=1 chroma_qp_offset=-2 threads=6 lookahead_threads=1 sliced_threads=0 nr=0 decimate=1 interlaced=0 bluray_compat=0 constrained_intra=0 bframes=0 weightp=0 keyint=250 keyint_min=25 scenecut=40 intra_refresh=0 rc_lookahead=40 rc=abr mbtree=1 bitrate=2000 ratetol=1.0 qcomp=0.60 qpmin=0 qpmax=69 qpstep=4 ip_ratio=1.40 aq=1:1.00",False
C:\Users\akash\Downloads\Anomaly-Videos-Part-1\Arrest\Arrest022_x264.mp4,Arrest,Arrest022_x264.mp4,11686097,ok,,h264,Constrained Baseline,320,240,30.0,53.173,1758200,yuv420p,600,3,600,3,597,0,0,False,0 250 500,250,250.0,250,148,found,abr,,,2000,250,25,40,0,2,umh,6,16,0,0x1:0x111,0,1,,,0,40,0,1:0:0,,1.00:0.00,1:1.00,"cabac=0 ref=2 deblock=1:0:0 analyse=0x1:0x111 me=umh subme=6 psy=1 psy_rd=1.00:0.00 mixed_ref=1 me_range=16 chroma_me=1 trellis=0 8x8dct=0 cqm=0 deadzone=21,11 fast_pskip=1 chroma_qp_offset=-2 threads=6 lookahead_threads=1 sliced_threads=0 nr=0 decimate=1 interlaced=0 bluray_compat=0 constrained_intra=0 bframes=0 weightp=0 keyint=250 keyint_min=25 scenecut=40 intra_refresh=0 rc_lookahead=40 rc=abr mbtree=1 bitrate=2000 ratetol=1.0 qcomp=0.60 qpmin=0 qpmax=69 qpstep=4 ip_ratio=1.40 aq=1:1.00",False
C:\Users\akash\Downloads\Anomaly-Videos-Part-1\Arrest\Arrest023_x264.mp4,Arrest,Arrest023_x264.mp4,11225911,ok,,h264,Constrained Baseline,320,240,30.0,60.301,1489316,yuv420p,600,3,600,3,597,0,0,False,0 132 382,191,191.0,250,148,found,abr,,,2000,250,25,40,0,2,umh,6,16,0,0x1:0x111,0,1,,,0,40,0,1:0:0,,1.00:0.00,1:1.00,"cabac=0 ref=2 deblock=1:0:0 analyse=0x1:0x111 me=umh subme=6 psy=1 psy_rd=1.00:0.00 mixed_ref=1 me_range=16 chroma_me=1 trellis=0 8x8dct=0 cqm=0 deadzone=21,11 fast_pskip=1 chroma_qp_offset=-2 threads=6 lookahead_threads=1 sliced_threads=0 nr=0 decimate=1 interlaced=0 bluray_compat=0 constrained_intra=0 bframes=0 weightp=0 keyint=250 keyint_min=25 scenecut=40 intra_refresh=0 rc_lookahead=40 rc=abr mbtree=1 bitrate=2000 ratetol=1.0 qcomp=0.60 qpmin=0 qpmax=69 qpstep=4 ip_ratio=1.40 aq=1:1.00",False
C:\Users\akash\Downloads\Anomaly-Videos-Part-1\Arrest\Arrest024_x264.mp4,Arrest,Arrest024_x264.mp4,21325478,ok,,h264,Constrained Baseline,320,240,30.0,120.989,1410077,yuv420p,600,3,600,3,597,0,0,False,0 250 500,250,250.0,250,148,found,abr,,,2000,250,25,40,0,2,umh,6,16,0,0x1:0x111,0,1,,,0,40,0,1:0:0,,1.00:0.00,1:1.00,"cabac=0 ref=2 deblock=1:0:0 analyse=0x1:0x111 me=umh subme=6 psy=1 psy_rd=1.00:0.00 mixed_ref=1 me_range=16 chroma_me=1 trellis=0 8x8dct=0 cqm=0 deadzone=21,11 fast_pskip=1 chroma_qp_offset=-2 threads=6 lookahead_threads=1 sliced_threads=0 nr=0 decimate=1 interlaced=0 bluray_compat=0 constrained_intra=0 bframes=0 weightp=0 keyint=250 keyint_min=25 scenecut=40 intra_refresh=0 rc_lookahead=40 rc=abr mbtree=1 bitrate=2000 ratetol=1.0 qcomp=0.60 qpmin=0 qpmax=69 qpstep=4 ip_ratio=1.40 aq=1:1.00",False
C:\Users\akash\Downloads\Anomaly-Videos-Part-1\Arrest\Arrest025_x264.mp4,Arrest,Arrest025_x264.mp4,9247970,ok,,h264,Constrained Baseline,320,240,30.0,35.457,2086597,yuv420p,600,4,600,4,596,0,0,False,0 44 294 544,181.33,250,250,148,found,abr,,,2000,250,25,40,0,2,umh,6,16,0,0x1:0x111,0,1,,,0,40,0,1:0:0,,1.00:0.00,1:1.00,"cabac=0 ref=2 deblock=1:0:0 analyse=0x1:0x111 me=umh subme=6 psy=1 psy_rd=1.00:0.00 mixed_ref=1 me_range=16 chroma_me=1 trellis=0 8x8dct=0 cqm=0 deadzone=21,11 fast_pskip=1 chroma_qp_offset=-2 threads=6 lookahead_threads=1 sliced_threads=0 nr=0 decimate=1 interlaced=0 bluray_compat=0 constrained_intra=0 bframes=0 weightp=0 keyint=250 keyint_min=25 scenecut=40 intra_refresh=0 rc_lookahead=40 rc=abr mbtree=1 bitrate=2000 ratetol=1.0 qcomp=0.60 qpmin=0 qpmax=69 qpstep=4 ip_ratio=1.40 aq=1:1.00",False
C:\Users\akash\Downloads\Anomaly-Videos-Part-1\Arrest\Arrest026_x264.mp4,Arrest,Arrest026_x264.mp4,26679410,ok,,h264,Constrained Baseline,320,240,30.0,216.2,987212,yuv420p,600,3,600,3,597,0,0,False,0 250 500,250,250.0,250,148,found,abr,,,2000,250,25,40,0,2,umh,6,16,0,0x1:0x111,0,1,,,0,40,0,1:0:0,,1.00:0.00,1:1.00,"cabac=0 ref=2 deblock=1:0:0 analyse=0x1:0x111 me=umh subme=6 psy=1 psy_rd=1.00:0.00 mixed_ref=1 me_range=16 chroma_me=1 trellis=0 8x8dct=0 cqm=0 deadzone=21,11 fast_pskip=1 chroma_qp_offset=-2 threads=6 lookahead_threads=1 sliced_threads=0 nr=0 decimate=1 interlaced=0 bluray_compat=0 constrained_intra=0 bframes=0 weightp=0 keyint=250 keyint_min=25 scenecut=40 intra_refresh=0 rc_lookahead=40 rc=abr mbtree=1 bitrate=2000 ratetol=1.0 qcomp=0.60 qpmin=0 qpmax=69 qpstep=4 ip_ratio=1.40 aq=1:1.00",False
C:\Users\akash\Downloads\Anomaly-Videos-Part-1\Arrest\Arrest027_x264.mp4,Arrest,Arrest027_x264.mp4,14225246,ok,,h264,Constrained Baseline,320,240,30.0,56.935,1998801,yuv420p,600,3,600,3,597,0,0,False,0 250 500,250,250.0,250,148,found,abr,,,2000,250,25,40,0,2,umh,6,16,0,0x1:0x111,0,1,,,0,40,0,1:0:0,,1.00:0.00,1:1.00,"cabac=0 ref=2 deblock=1:0:0 analyse=0x1:0x111 me=umh subme=6 psy=1 psy_rd=1.00:0.00 mixed_ref=1 me_range=16 chroma_me=1 trellis=0 8x8dct=0 cqm=0 deadzone=21,11 fast_pskip=1 chroma_qp_offset=-2 threads=6 lookahead_threads=1 sliced_threads=0 nr=0 decimate=1 interlaced=0 bluray_compat=0 constrained_intra=0 bframes=0 weightp=0 keyint=250 keyint_min=25 scenecut=40 intra_refresh=0 rc_lookahead=40 rc=abr mbtree=1 bitrate=2000 ratetol=1.0 qcomp=0.60 qpmin=0 qpmax=69 qpstep=4 ip_ratio=1.40 aq=1:1.00",False
C:\Users\akash\Downloads\Anomaly-Videos-Part-1\Arrest\Arrest028_x264.mp4,Arrest,Arrest028_x264.mp4,20702974,ok,,h264,Constrained Baseline,320,240,30.0,83.267,1989074,yuv420p,600,3,600,4,596,0,0,False,0 9 250 500,166.67,241,250,148,found,abr,,,2000,250,25,40,0,2,umh,6,16,0,0x1:0x111,0,1,,,0,40,0,1:0:0,,1.00:0.00,1:1.00,"cabac=0 ref=2 deblock=1:0:0 analyse=0x1:0x111 me=umh subme=6 psy=1 psy_rd=1.00:0.00 mixed_ref=1 me_range=16 chroma_me=1 trellis=0 8x8dct=0 cqm=0 deadzone=21,11 fast_pskip=1 chroma_qp_offset=-2 threads=6 lookahead_threads=1 sliced_threads=0 nr=0 decimate=1 interlaced=0 bluray_compat=0 constrained_intra=0 bframes=0 weightp=0 keyint=250 keyint_min=25 scenecut=40 intra_refresh=0 rc_lookahead=40 rc=abr mbtree=1 bitrate=2000 ratetol=1.0 qcomp=0.60 qpmin=0 qpmax=69 qpstep=4 ip_ratio=1.40 aq=1:1.00",False
C:\Users\akash\Downloads\Anomaly-Videos-Part-1\Arrest\Arrest029_x264.mp4,Arrest,Arrest029_x264.mp4,48950621,ok,,h264,Constrained Baseline,320,240,30.0,258.949,1512287,yuv420p,600,4,600,4,596,0,0,False,0 250 302 552,184,250,250,148,found,abr,,,2000,250,25,40,0,2,umh,6,16,0,0x1:0x111,0,1,,,0,40,0,1:0:0,,1.00:0.00,1:1.00,"cabac=0 ref=2 deblock=1:0:0 analyse=0x1:0x111 me=umh subme=6 psy=1 psy_rd=1.00:0.00 mixed_ref=1 me_range=16 chroma_me=1 trellis=0 8x8dct=0 cqm=0 deadzone=21,11 fast_pskip=1 chroma_qp_offset=-2 threads=6 lookahead_threads=1 sliced_threads=0 nr=0 decimate=1 interlaced=0 bluray_compat=0 constrained_intra=0 bframes=0 weightp=0 keyint=250 keyint_min=25 scenecut=40 intra_refresh=0 rc_lookahead=40 rc=abr mbtree=1 bitrate=2000 ratetol=1.0 qcomp=0.60 qpmin=0 qpmax=69 qpstep=4 ip_ratio=1.40 aq=1:1.00",False
C:\Users\akash\Downloads\Anomaly-Videos-Part-1\Arrest\Arrest030_x264.mp4,Arrest,Arrest030_x264.mp4,48931788,ok,,h264,Constrained Baseline,320,240,30.0,288.206,1358245,yuv420p,600,3,600,3,597,0,0,False,0 250 500,250,250.0,250,148,found,abr,,,2000,250,25,40,0,2,umh,6,16,0,0x1:0x111,0,1,,,0,40,0,1:0:0,,1.00:0.00,1:1.00,"cabac=0 ref=2 deblock=1:0:0 analyse=0x1:0x111 me=umh subme=6 psy=1 psy_rd=1.00:0.00 mixed_ref=1 me_range=16 chroma_me=1 trellis=0 8x8dct=0 cqm=0 deadzone=21,11 fast_pskip=1 chroma_qp_offset=-2 threads=6 lookahead_threads=1 sliced_threads=0 nr=0 decimate=1 interlaced=0 bluray_compat=0 constrained_intra=0 bframes=0 weightp=0 keyint=250 keyint_min=25 scenecut=40 intra_refresh=0 rc_lookahead=40 rc=abr mbtree=1 bitrate=2000 ratetol=1.0 qcomp=0.60 qpmin=0 qpmax=69 qpstep=4 ip_ratio=1.40 aq=1:1.00",False
C:\Users\akash\Downloads\Anomaly-Videos-Part-1\Arrest\Arrest031_x264.mp4,Arrest,Arrest031_x264.mp4,7913223,ok,,h264,Constrained Baseline,320,240,30.0,61.626,1027265,yuv420p,600,3,600,3,597,0,0,False,0 165 415,207.5,207.5,250,148,found,abr,,,2000,250,25,40,0,2,umh,6,16,0,0x1:0x111,0,1,,,0,40,0,1:0:0,,1.00:0.00,1:1.00,"cabac=0 ref=2 deblock=1:0:0 analyse=0x1:0x111 me=umh subme=6 psy=1 psy_rd=1.00:0.00 mixed_ref=1 me_range=16 chroma_me=1 trellis=0 8x8dct=0 cqm=0 deadzone=21,11 fast_pskip=1 chroma_qp_offset=-2 threads=6 lookahead_threads=1 sliced_threads=0 nr=0 decimate=1 interlaced=0 bluray_compat=0 constrained_intra=0 bframes=0 weightp=0 keyint=250 keyint_min=25 scenecut=40 intra_refresh=0 rc_lookahead=40 rc=abr mbtree=1 bitrate=2000 ratetol=1.0 qcomp=0.60 qpmin=0 qpmax=69 qpstep=4 ip_ratio=1.40 aq=1:1.00",False
C:\Users\akash\Downloads\Anomaly-Videos-Part-1\Arrest\Arrest032_x264.mp4,Arrest,Arrest032_x264.mp4,9685138,ok,,h264,Constrained Baseline,320,240,30.0,56.146,1380002,yuv420p,600,3,600,3,597,0,0,False,0 250 500,250,250.0,250,148,found,abr,,,2000,250,25,40,0,2,umh,6,16,0,0x1:0x111,0,1,,,0,40,0,1:0:0,,1.00:0.00,1:1.00,"cabac=0 ref=2 deblock=1:0:0 analyse=0x1:0x111 me=umh subme=6 psy=1 psy_rd=1.00:0.00 mixed_ref=1 me_range=16 chroma_me=1 trellis=0 8x8dct=0 cqm=0 deadzone=21,11 fast_pskip=1 chroma_qp_offset=-2 threads=6 lookahead_threads=1 sliced_threads=0 nr=0 decimate=1 interlaced=0 bluray_compat=0 constrained_intra=0 bframes=0 weightp=0 keyint=250 keyint_min=25 scenecut=40 intra_refresh=0 rc_lookahead=40 rc=abr mbtree=1 bitrate=2000 ratetol=1.0 qcomp=0.60 qpmin=0 qpmax=69 qpstep=4 ip_ratio=1.40 aq=1:1.00",False
C:\Users\akash\Downloads\Anomaly-Videos-Part-1\Arrest\Arrest033_x264.mp4,Arrest,Arrest033_x264.mp4,61408740,ok,,h264,Constrained Baseline,320,240,30.0,258.167,1902917,yuv420p,600,3,600,3,597,0,0,False,0 250 500,250,250.0,250,148,found,abr,,,2000,250,25,40,0,2,umh,6,16,0,0x1:0x111,0,1,,,0,40,0,1:0:0,,1.00:0.00,1:1.00,"cabac=0 ref=2 deblock=1:0:0 analyse=0x1:0x111 me=umh subme=6 psy=1 psy_rd=1.00:0.00 mixed_ref=1 me_range=16 chroma_me=1 trellis=0 8x8dct=0 cqm=0 deadzone=21,11 fast_pskip=1 chroma_qp_offset=-2 threads=6 lookahead_threads=1 sliced_threads=0 nr=0 decimate=1 interlaced=0 bluray_compat=0 constrained_intra=0 bframes=0 weightp=0 keyint=250 keyint_min=25 scenecut=40 intra_refresh=0 rc_lookahead=40 rc=abr mbtree=1 bitrate=2000 ratetol=1.0 qcomp=0.60 qpmin=0 qpmax=69 qpstep=4 ip_ratio=1.40 aq=1:1.00",False
C:\Users\akash\Downloads\Anomaly-Videos-Part-1\Arrest\Arrest034_x264.mp4,Arrest,Arrest034_x264.mp4,76648543,ok,,h264,Constrained Baseline,320,240,30.0,387.355,1583013,yuv420p,600,3,600,3,597,0,0,False,0 250 500,250,250.0,250,148,found,abr,,,2000,250,25,40,0,2,umh,6,16,0,0x1:0x111,0,1,,,0,40,0,1:0:0,,1.00:0.00,1:1.00,"cabac=0 ref=2 deblock=1:0:0 analyse=0x1:0x111 me=umh subme=6 psy=1 psy_rd=1.00:0.00 mixed_ref=1 me_range=16 chroma_me=1 trellis=0 8x8dct=0 cqm=0 deadzone=21,11 fast_pskip=1 chroma_qp_offset=-2 threads=6 lookahead_threads=1 sliced_threads=0 nr=0 decimate=1 interlaced=0 bluray_compat=0 constrained_intra=0 bframes=0 weightp=0 keyint=250 keyint_min=25 scenecut=40 intra_refresh=0 rc_lookahead=40 rc=abr mbtree=1 bitrate=2000 ratetol=1.0 qcomp=0.60 qpmin=0 qpmax=69 qpstep=4 ip_ratio=1.40 aq=1:1.00",False
C:\Users\akash\Downloads\Anomaly-Videos-Part-1\Arrest\Arrest035_x264.mp4,Arrest,Arrest035_x264.mp4,49612144,ok,,h264,Constrained Baseline,320,240,30.0,206.379,1923149,yuv420p,600,3,600,3,597,0,0,False,0 250 500,250,250.0,250,148,found,abr,,,2000,250,25,40,0,2,umh,6,16,0,0x1:0x111,0,1,,,0,40,0,1:0:0,,1.00:0.00,1:1.00,"cabac=0 ref=2 deblock=1:0:0 analyse=0x1:0x111 me=umh subme=6 psy=1 psy_rd=1.00:0.00 mixed_ref=1 me_range=16 chroma_me=1 trellis=0 8x8dct=0 cqm=0 deadzone=21,11 fast_pskip=1 chroma_qp_offset=-2 threads=6 lookahead_threads=1 sliced_threads=0 nr=0 decimate=1 interlaced=0 bluray_compat=0 constrained_intra=0 bframes=0 weightp=0 keyint=250 keyint_min=25 scenecut=40 intra_refresh=0 rc_lookahead=40 rc=abr mbtree=1 bitrate=2000 ratetol=1.0 qcomp=0.60 qpmin=0 qpmax=69 qpstep=4 ip_ratio=1.40 aq=1:1.00",False
C:\Users\akash\Downloads\Anomaly-Videos-Part-1\Arrest\Arrest036_x264.mp4,Arrest,Arrest036_x264.mp4,23074609,ok,,h264,Constrained Baseline,320,240,30.0,127.57,1447019,yuv420p,600,3,600,3,597,0,0,False,0 250 500,250,250.0,250,148,found,abr,,,2000,250,25,40,0,2,umh,6,16,0,0x1:0x111,0,1,,,0,40,0,1:0:0,,1.00:0.00,1:1.00,"cabac=0 ref=2 deblock=1:0:0 analyse=0x1:0x111 me=umh subme=6 psy=1 psy_rd=1.00:0.00 mixed_ref=1 me_range=16 chroma_me=1 trellis=0 8x8dct=0 cqm=0 deadzone=21,11 fast_pskip=1 chroma_qp_offset=-2 threads=6 lookahead_threads=1 sliced_threads=0 nr=0 decimate=1 interlaced=0 bluray_compat=0 constrained_intra=0 bframes=0 weightp=0 keyint=250 keyint_min=25 scenecut=40 intra_refresh=0 rc_lookahead=40 rc=abr mbtree=1 bitrate=2000 ratetol=1.0 qcomp=0.60 qpmin=0 qpmax=69 qpstep=4 ip_ratio=1.40 aq=1:1.00",False
C:\Users\akash\Downloads\Anomaly-Videos-Part-1\Arrest\Arrest037_x264.mp4,Arrest,Arrest037_x264.mp4,18447293,ok,,h264,Constrained Baseline,320,240,30.0,71.089,2075965,yuv420p,600,3,600,3,597,0,0,False,0 250 500,250,250.0,250,148,found,abr,,,2000,250,25,40,0,2,umh,6,16,0,0x1:0x111,0,1,,,0,40,0,1:0:0,,1.00:0.00,1:1.00,"cabac=0 ref=2 deblock=1:0:0 analyse=0x1:0x111 me=umh subme=6 psy=1 psy_rd=1.00:0.00 mixed_ref=1 me_range=16 chroma_me=1 trellis=0 8x8dct=0 cqm=0 deadzone=21,11 fast_pskip=1 chroma_qp_offset=-2 threads=6 lookahead_threads=1 sliced_threads=0 nr=0 decimate=1 interlaced=0 bluray_compat=0 constrained_intra=0 bframes=0 weightp=0 keyint=250 keyint_min=25 scenecut=40 intra_refresh=0 rc_lookahead=40 rc=abr mbtree=1 bitrate=2000 ratetol=1.0 qcomp=0.60 qpmin=0 qpmax=69 qpstep=4 ip_ratio=1.40 aq=1:1.00",False
C:\Users\akash\Downloads\Anomaly-Videos-Part-1\Arrest\Arrest038_x264.mp4,Arrest,Arrest038_x264.mp4,8106213,ok,,h264,Constrained Baseline,320,240,30.0,73.212,885779,yuv420p,600,3,600,3,597,0,0,False,0 250 500,250,250.0,250,148,found,abr,,,2000,250,25,40,0,2,umh,6,16,0,0x1:0x111,0,1,,,0,40,0,1:0:0,,1.00:0.00,1:1.00,"cabac=0 ref=2 deblock=1:0:0 analyse=0x1:0x111 me=umh subme=6 psy=1 psy_rd=1.00:0.00 mixed_ref=1 me_range=16 chroma_me=1 trellis=0 8x8dct=0 cqm=0 deadzone=21,11 fast_pskip=1 chroma_qp_offset=-2 threads=6 lookahead_threads=1 sliced_threads=0 nr=0 decimate=1 interlaced=0 bluray_compat=0 constrained_intra=0 bframes=0 weightp=0 keyint=250 keyint_min=25 scenecut=40 intra_refresh=0 rc_lookahead=40 rc=abr mbtree=1 bitrate=2000 ratetol=1.0 qcomp=0.60 qpmin=0 qpmax=69 qpstep=4 ip_ratio=1.40 aq=1:1.00",False
C:\Users\akash\Downloads\Anomaly-Videos-Part-1\Arrest\Arrest039_x264.mp4,Arrest,Arrest039_x264.mp4,113654933,ok,,h264,Constrained Baseline,320,240,30.0,527.835,1722582,yuv420p,600,3,600,3,597,0,0,False,0 250 500,250,250.0,250,148,found,abr,,,2000,250,25,40,0,2,umh,6,16,0,0x1:0x111,0,1,,,0,40,0,1:0:0,,1.00:0.00,1:1.00,"cabac=0 ref=2 deblock=1:0:0 analyse=0x1:0x111 me=umh subme=6 psy=1 psy_rd=1.00:0.00 mixed_ref=1 me_range=16 chroma_me=1 trellis=0 8x8dct=0 cqm=0 deadzone=21,11 fast_pskip=1 chroma_qp_offset=-2 threads=6 lookahead_threads=1 sliced_threads=0 nr=0 decimate=1 interlaced=0 bluray_compat=0 constrained_intra=0 bframes=0 weightp=0 keyint=250 keyint_min=25 scenecut=40 intra_refresh=0 rc_lookahead=40 rc=abr mbtree=1 bitrate=2000 ratetol=1.0 qcomp=0.60 qpmin=0 qpmax=69 qpstep=4 ip_ratio=1.40 aq=1:1.00",False
C:\Users\akash\Downloads\Anomaly-Videos-Part-1\Arrest\Arrest040_x264.mp4,Arrest,Arrest040_x264.mp4,8349531,ok,,h264,Constrained Baseline,320,240,30.0,59.141,1129440,yuv420p,600,3,600,3,597,0,0,False,0 250 500,250,250.0,250,148,found,abr,,,2000,250,25,40,0,2,umh,6,16,0,0x1:0x111,0,1,,,0,40,0,1:0:0,,1.00:0.00,1:1.00,"cabac=0 ref=2 deblock=1:0:0 analyse=0x1:0x111 me=umh subme=6 psy=1 psy_rd=1.00:0.00 mixed_ref=1 me_range=16 chroma_me=1 trellis=0 8x8dct=0 cqm=0 deadzone=21,11 fast_pskip=1 chroma_qp_offset=-2 threads=6 lookahead_threads=1 sliced_threads=0 nr=0 decimate=1 interlaced=0 bluray_compat=0 constrained_intra=0 bframes=0 weightp=0 keyint=250 keyint_min=25 scenecut=40 intra_refresh=0 rc_lookahead=40 rc=abr mbtree=1 bitrate=2000 ratetol=1.0 qcomp=0.60 qpmin=0 qpmax=69 qpstep=4 ip_ratio=1.40 aq=1:1.00",False
C:\Users\akash\Downloads\Anomaly-Videos-Part-1\Arrest\Arrest041_x264.mp4,Arrest,Arrest041_x264.mp4,20832906,ok,,h264,Constrained Baseline,320,240,30.0,128.271,1299305,yuv420p,600,3,600,3,597,0,0,False,0 250 500,250,250.0,250,148,found,abr,,,2000,250,25,40,0,2,umh,6,16,0,0x1:0x111,0,1,,,0,40,0,1:0:0,,1.00:0.00,1:1.00,"cabac=0 ref=2 deblock=1:0:0 analyse=0x1:0x111 me=umh subme=6 psy=1 psy_rd=1.00:0.00 mixed_ref=1 me_range=16 chroma_me=1 trellis=0 8x8dct=0 cqm=0 deadzone=21,11 fast_pskip=1 chroma_qp_offset=-2 threads=6 lookahead_threads=1 sliced_threads=0 nr=0 decimate=1 interlaced=0 bluray_compat=0 constrained_intra=0 bframes=0 weightp=0 keyint=250 keyint_min=25 scenecut=40 intra_refresh=0 rc_lookahead=40 rc=abr mbtree=1 bitrate=2000 ratetol=1.0 qcomp=0.60 qpmin=0 qpmax=69 qpstep=4 ip_ratio=1.40 aq=1:1.00",False
C:\Users\akash\Downloads\Anomaly-Videos-Part-1\Arrest\Arrest042_x264.mp4,Arrest,Arrest042_x264.mp4,12562695,ok,,h264,Constrained Baseline,320,240,30.0,53.011,1895862,yuv420p,600,3,600,3,597,0,0,False,0 250 500,250,250.0,250,148,found,abr,,,2000,250,25,40,0,2,umh,6,16,0,0x1:0x111,0,1,,,0,40,0,1:0:0,,1.00:0.00,1:1.00,"cabac=0 ref=2 deblock=1:0:0 analyse=0x1:0x111 me=umh subme=6 psy=1 psy_rd=1.00:0.00 mixed_ref=1 me_range=16 chroma_me=1 trellis=0 8x8dct=0 cqm=0 deadzone=21,11 fast_pskip=1 chroma_qp_offset=-2 threads=6 lookahead_threads=1 sliced_threads=0 nr=0 decimate=1 interlaced=0 bluray_compat=0 constrained_intra=0 bframes=0 weightp=0 keyint=250 keyint_min=25 scenecut=40 intra_refresh=0 rc_lookahead=40 rc=abr mbtree=1 bitrate=2000 ratetol=1.0 qcomp=0.60 qpmin=0 qpmax=69 qpstep=4 ip_ratio=1.40 aq=1:1.00",False
C:\Users\akash\Downloads\Anomaly-Videos-Part-1\Arrest\Arrest043_x264.mp4,Arrest,Arrest043_x264.mp4,63844515,ok,,h264,Constrained Baseline,320,240,30.0,359.967,1418898,yuv420p,600,3,600,3,597,0,0,False,0 250 500,250,250.0,250,148,found,abr,,,2000,250,25,40,0,2,umh,6,16,0,0x1:0x111,0,1,,,0,40,0,1:0:0,,1.00:0.00,1:1.00,"cabac=0 ref=2 deblock=1:0:0 analyse=0x1:0x111 me=umh subme=6 psy=1 psy_rd=1.00:0.00 mixed_ref=1 me_range=16 chroma_me=1 trellis=0 8x8dct=0 cqm=0 deadzone=21,11 fast_pskip=1 chroma_qp_offset=-2 threads=6 lookahead_threads=1 sliced_threads=0 nr=0 decimate=1 interlaced=0 bluray_compat=0 constrained_intra=0 bframes=0 weightp=0 keyint=250 keyint_min=25 scenecut=40 intra_refresh=0 rc_lookahead=40 rc=abr mbtree=1 bitrate=2000 ratetol=1.0 qcomp=0.60 qpmin=0 qpmax=69 qpstep=4 ip_ratio=1.40 aq=1:1.00",False
C:\Users\akash\Downloads\Anomaly-Videos-Part-1\Arrest\Arrest044_x264.mp4,Arrest,Arrest044_x264.mp4,24689733,ok,,h264,Constrained Baseline,320,240,30.0,113.731,1736710,yuv420p,600,4,600,4,596,0,0,False,0 88 151 401,133.67,88,250,148,found,abr,,,2000,250,25,40,0,2,umh,6,16,0,0x1:0x111,0,1,,,0,40,0,1:0:0,,1.00:0.00,1:1.00,"cabac=0 ref=2 deblock=1:0:0 analyse=0x1:0x111 me=umh subme=6 psy=1 psy_rd=1.00:0.00 mixed_ref=1 me_range=16 chroma_me=1 trellis=0 8x8dct=0 cqm=0 deadzone=21,11 fast_pskip=1 chroma_qp_offset=-2 threads=6 lookahead_threads=1 sliced_threads=0 nr=0 decimate=1 interlaced=0 bluray_compat=0 constrained_intra=0 bframes=0 weightp=0 keyint=250 keyint_min=25 scenecut=40 intra_refresh=0 rc_lookahead=40 rc=abr mbtree=1 bitrate=2000 ratetol=1.0 qcomp=0.60 qpmin=0 qpmax=69 qpstep=4 ip_ratio=1.40 aq=1:1.00",False
C:\Users\akash\Downloads\Anomaly-Videos-Part-1\Arrest\Arrest046_x264.mp4,Arrest,Arrest046_x264.mp4,47087436,ok,,h264,Constrained Baseline,320,240,30.0,262.808,1433363,yuv420p,600,3,600,3,597,0,0,False,0 250 500,250,250.0,250,148,found,abr,,,2000,250,25,40,0,2,umh,6,16,0,0x1:0x111,0,1,,,0,40,0,1:0:0,,1.00:0.00,1:1.00,"cabac=0 ref=2 deblock=1:0:0 analyse=0x1:0x111 me=umh subme=6 psy=1 psy_rd=1.00:0.00 mixed_ref=1 me_range=16 chroma_me=1 trellis=0 8x8dct=0 cqm=0 deadzone=21,11 fast_pskip=1 chroma_qp_offset=-2 threads=6 lookahead_threads=1 sliced_threads=0 nr=0 decimate=1 interlaced=0 bluray_compat=0 constrained_intra=0 bframes=0 weightp=0 keyint=250 keyint_min=25 scenecut=40 intra_refresh=0 rc_lookahead=40 rc=abr mbtree=1 bitrate=2000 ratetol=1.0 qcomp=0.60 qpmin=0 qpmax=69 qpstep=4 ip_ratio=1.40 aq=1:1.00",False
C:\Users\akash\Downloads\Anomaly-Videos-Part-1\Arrest\Arrest047_x264.mp4,Arrest,Arrest047_x264.mp4,527830504,ok,,h264,Constrained Baseline,320,240,30.0,2102.0,2008869,yuv420p,600,3,600,3,597,0,0,False,0 250 500,250,250.0,250,148,found,abr,,,2000,250,25,40,0,2,umh,6,16,0,0x1:0x111,0,1,,,0,40,0,1:0:0,,1.00:0.00,1:1.00,"cabac=0 ref=2 deblock=1:0:0 analyse=0x1:0x111 me=umh subme=6 psy=1 psy_rd=1.00:0.00 mixed_ref=1 me_range=16 chroma_me=1 trellis=0 8x8dct=0 cqm=0 deadzone=21,11 fast_pskip=1 chroma_qp_offset=-2 threads=6 lookahead_threads=1 sliced_threads=0 nr=0 decimate=1 interlaced=0 bluray_compat=0 constrained_intra=0 bframes=0 weightp=0 keyint=250 keyint_min=25 scenecut=40 intra_refresh=0 rc_lookahead=40 rc=abr mbtree=1 bitrate=2000 ratetol=1.0 qcomp=0.60 qpmin=0 qpmax=69 qpstep=4 ip_ratio=1.40 aq=1:1.00",False
C:\Users\akash\Downloads\Anomaly-Videos-Part-1\Arrest\Arrest048_x264.mp4,Arrest,Arrest048_x264.mp4,34844455,ok,,h264,Constrained Baseline,320,240,30.0,135.919,2050895,yuv420p,600,3,600,3,597,0,0,False,0 250 500,250,250.0,250,148,found,abr,,,2000,250,25,40,0,2,umh,6,16,0,0x1:0x111,0,1,,,0,40,0,1:0:0,,1.00:0.00,1:1.00,"cabac=0 ref=2 deblock=1:0:0 analyse=0x1:0x111 me=umh subme=6 psy=1 psy_rd=1.00:0.00 mixed_ref=1 me_range=16 chroma_me=1 trellis=0 8x8dct=0 cqm=0 deadzone=21,11 fast_pskip=1 chroma_qp_offset=-2 threads=6 lookahead_threads=1 sliced_threads=0 nr=0 decimate=1 interlaced=0 bluray_compat=0 constrained_intra=0 bframes=0 weightp=0 keyint=250 keyint_min=25 scenecut=40 intra_refresh=0 rc_lookahead=40 rc=abr mbtree=1 bitrate=2000 ratetol=1.0 qcomp=0.60 qpmin=0 qpmax=69 qpstep=4 ip_ratio=1.40 aq=1:1.00",False
C:\Users\akash\Downloads\Anomaly-Videos-Part-1\Arrest\Arrest049_x264.mp4,Arrest,Arrest049_x264.mp4,107207813,ok,,h264,Constrained Baseline,320,240,30.0,393.322,2180560,yuv420p,600,4,600,4,596,0,0,False,0 84 148 398,132.67,84,250,148,found,abr,,,2000,250,25,40,0,2,umh,6,16,0,0x1:0x111,0,1,,,0,40,0,1:0:0,,1.00:0.00,1:1.00,"cabac=0 ref=2 deblock=1:0:0 analyse=0x1:0x111 me=umh subme=6 psy=1 psy_rd=1.00:0.00 mixed_ref=1 me_range=16 chroma_me=1 trellis=0 8x8dct=0 cqm=0 deadzone=21,11 fast_pskip=1 chroma_qp_offset=-2 threads=6 lookahead_threads=1 sliced_threads=0 nr=0 decimate=1 interlaced=0 bluray_compat=0 constrained_intra=0 bframes=0 weightp=0 keyint=250 keyint_min=25 scenecut=40 intra_refresh=0 rc_lookahead=40 rc=abr mbtree=1 bitrate=2000 ratetol=1.0 qcomp=0.60 qpmin=0 qpmax=69 qpstep=4 ip_ratio=1.40 aq=1:1.00",False
C:\Users\akash\Downloads\Anomaly-Videos-Part-1\Arrest\Arrest050_x264.mp4,Arrest,Arrest050_x264.mp4,97170448,ok,,mjpeg,Baseline,320,240,29.97,237.27,3276277,yuvj420p,600,600,600,600,0,0,0,False,0 1 2 3 4 5 6 7 8 9 10 11 12 13 14 15 16 17 18 19 20 21 22 23 24 25 26 27 28 29 30 31 32 33 34 35 36 37 38 39 40 41 42 43 44 45 46 47 48 49 50 51 52 53 54 55 56 57 58 59 60 61 62 63 64 65 66 67 68 69 70 71 72 73 74 75 76 77 78 79 80 81 82 83 84 85 86 87 88 89 90 91 92 93 94 95 96 97 98 99 100 101 102 103 104 105 106 107 108 109 110 111 112 113 114 115 116 117 118 119 120 121 122 123 124 125 126 127 128 129 130 131 132 133 134 135 136 137 138 139 140 141 142 143 144 145 146 147 148 149 150 151 152 153 154 155 156 157 158 159 160 161 162 163 164 165 166 167 168 169 170 171 172 173 174 175 176 177 178 179 180 181 182 183 184 185 186 187 188 189 190 191 192 193 194 195 196 197 198 199 200 201 202 203 204 205 206 207 208 209 210 211 212 213 214 215 216 217 218 219 220 221 222 223 224 225 226 227 228 229 230 231 232 233 234 235 236 237 238 239 240 241 242 243 244 245 246 247 248 249 250 251 252 253 254 255 256 257 258 259 260 261 262 263 264 265 266 267 268 269 270 271 272 273 274 275 276 277 278 279 280 281 282 283 284 285 286 287 288 289 290 291 292 293 294 295 296 297 298 299 300 301 302 303 304 305 306 307 308 309 310 311 312 313 314 315 316 317 318 319 320 321 322 323 324 325 326 327 328 329 330 331 332 333 334 335 336 337 338 339 340 341 342 343 344 345 346 347 348 349 350 351 352 353 354 355 356 357 358 359 360 361 362 363 364 365 366 367 368 369 370 371 372 373 374 375 376 377 378 379 380 381 382 383 384 385 386 387 388 389 390 391 392 393 394 395 396 397 398 399 400 401 402 403 404 405 406 407 408 409 410 411 412 413 414 415 416 417 418 419 420 421 422 423 424 425 426 427 428 429 430 431 432 433 434 435 436 437 438 439 440 441 442 443 444 445 446 447 448 449 450 451 452 453 454 455 456 457 458 459 460 461 462 463 464 465 466 467 468 469 470 471 472 473 474 475 476 477 478 479 480 481 482 483 484 485 486 487 488 489 490 491 492 493 494 495 496 497 498 499 500 501 502 503 504 505 506 507 508 509 510 511 512 513 514 515 516 517 518 519 520 521 522 523 524 525 526 527 528 529 530 531 532 533 534 535 536 537 538 539 540 541 542 543 544 545 546 547 548 549 550 551 552 553 554 555 556 557 558 559 560 561 562 563 564 565 566 567 568 569 570 571 572 573 574 575 576 577 578 579 580 581 582 583 584 585 586 587 588 589 590 591 592 593 594 595 596 597 598 599,1,1,1,,no_x264_sei,,,,,,,,,,,,,,,,,,,,,,,,,,,True
C:\Users\akash\Downloads\Anomaly-Videos-Part-1\Arrest\Arrest051_x264.mp4,Arrest,Arrest051_x264.mp4,91839785,ok,,h264,Constrained Baseline,320,240,30.0,360.0,2040884,yuv420p,600,3,600,3,597,0,0,False,0 250 500,250,250.0,250,148,found,abr,,,2000,250,25,40,0,2,umh,6,16,0,0x1:0x111,0,1,,,0,40,0,1:0:0,,1.00:0.00,1:1.00,"cabac=0 ref=2 deblock=1:0:0 analyse=0x1:0x111 me=umh subme=6 psy=1 psy_rd=1.00:0.00 mixed_ref=1 me_range=16 chroma_me=1 trellis=0 8x8dct=0 cqm=0 deadzone=21,11 fast_pskip=1 chroma_qp_offset=-2 threads=6 lookahead_threads=1 sliced_threads=0 nr=0 decimate=1 interlaced=0 bluray_compat=0 constrained_intra=0 bframes=0 weightp=0 keyint=250 keyint_min=25 scenecut=40 intra_refresh=0 rc_lookahead=40 rc=abr mbtree=1 bitrate=2000 ratetol=1.0 qcomp=0.60 qpmin=0 qpmax=69 qpstep=4 ip_ratio=1.40 aq=1:1.00",False
C:\Users\akash\Downloads\Anomaly-Videos-Part-1\Arson\Arson001_x264.mp4,Arson,Arson001_x264.mp4,29013622,ok,,h264,Constrained Baseline,320,240,30.0,139.575,1662969,yuv420p,600,3,600,4,596,0,0,False,0 5 250 460,153.33,210,245,148,found,abr,,,2000,250,25,40,0,2,umh,6,16,0,0x1:0x111,0,1,,,0,40,0,1:0:0,,1.00:0.00,1:1.00,"cabac=0 ref=2 deblock=1:0:0 analyse=0x1:0x111 me=umh subme=6 psy=1 psy_rd=1.00:0.00 mixed_ref=1 me_range=16 chroma_me=1 trellis=0 8x8dct=0 cqm=0 deadzone=21,11 fast_pskip=1 chroma_qp_offset=-2 threads=6 lookahead_threads=1 sliced_threads=0 nr=0 decimate=1 interlaced=0 bluray_compat=0 constrained_intra=0 bframes=0 weightp=0 keyint=250 keyint_min=25 scenecut=40 intra_refresh=0 rc_lookahead=40 rc=abr mbtree=1 bitrate=2000 ratetol=1.0 qcomp=0.60 qpmin=0 qpmax=69 qpstep=4 ip_ratio=1.40 aq=1:1.00",False
C:\Users\akash\Downloads\Anomaly-Videos-Part-1\Arson\Arson002_x264.mp4,Arson,Arson002_x264.mp4,36168835,ok,,h264,Constrained Baseline,320,240,30.0,148.017,1954847,yuv420p,600,3,600,3,597,0,0,False,0 250 500,250,250.0,250,148,found,abr,,,2000,250,25,40,0,2,umh,6,16,0,0x1:0x111,0,1,,,0,40,0,1:0:0,,1.00:0.00,1:1.00,"cabac=0 ref=2 deblock=1:0:0 analyse=0x1:0x111 me=umh subme=6 psy=1 psy_rd=1.00:0.00 mixed_ref=1 me_range=16 chroma_me=1 trellis=0 8x8dct=0 cqm=0 deadzone=21,11 fast_pskip=1 chroma_qp_offset=-2 threads=6 lookahead_threads=1 sliced_threads=0 nr=0 decimate=1 interlaced=0 bluray_compat=0 constrained_intra=0 bframes=0 weightp=0 keyint=250 keyint_min=25 scenecut=40 intra_refresh=0 rc_lookahead=40 rc=abr mbtree=1 bitrate=2000 ratetol=1.0 qcomp=0.60 qpmin=0 qpmax=69 qpstep=4 ip_ratio=1.40 aq=1:1.00",False
C:\Users\akash\Downloads\Anomaly-Videos-Part-1\Arson\Arson003_x264.mp4,Arson,Arson003_x264.mp4,24229193,ok,,h264,Constrained Baseline,320,240,30.0,133.783,1448865,yuv420p,600,3,600,3,597,0,0,False,0 250 500,250,250.0,250,148,found,abr,,,2000,250,25,40,0,2,umh,6,16,0,0x1:0x111,0,1,,,0,40,0,1:0:0,,1.00:0.00,1:1.00,"cabac=0 ref=2 deblock=1:0:0 analyse=0x1:0x111 me=umh subme=6 psy=1 psy_rd=1.00:0.00 mixed_ref=1 me_range=16 chroma_me=1 trellis=0 8x8dct=0 cqm=0 deadzone=21,11 fast_pskip=1 chroma_qp_offset=-2 threads=6 lookahead_threads=1 sliced_threads=0 nr=0 decimate=1 interlaced=0 bluray_compat=0 constrained_intra=0 bframes=0 weightp=0 keyint=250 keyint_min=25 scenecut=40 intra_refresh=0 rc_lookahead=40 rc=abr mbtree=1 bitrate=2000 ratetol=1.0 qcomp=0.60 qpmin=0 qpmax=69 qpstep=4 ip_ratio=1.40 aq=1:1.00",False
C:\Users\akash\Downloads\Anomaly-Videos-Part-1\Arson\Arson005_x264.mp4,Arson,Arson005_x264.mp4,10433371,ok,,h264,Constrained Baseline,320,240,30.0,39.167,2131053,yuv420p,600,3,600,3,597,0,0,False,0 250 500,250,250.0,250,148,found,abr,,,2000,250,25,40,0,2,umh,6,16,0,0x1:0x111,0,1,,,0,40,0,1:0:0,,1.00:0.00,1:1.00,"cabac=0 ref=2 deblock=1:0:0 analyse=0x1:0x111 me=umh subme=6 psy=1 psy_rd=1.00:0.00 mixed_ref=1 me_range=16 chroma_me=1 trellis=0 8x8dct=0 cqm=0 deadzone=21,11 fast_pskip=1 chroma_qp_offset=-2 threads=6 lookahead_threads=1 sliced_threads=0 nr=0 decimate=1 interlaced=0 bluray_compat=0 constrained_intra=0 bframes=0 weightp=0 keyint=250 keyint_min=25 scenecut=40 intra_refresh=0 rc_lookahead=40 rc=abr mbtree=1 bitrate=2000 ratetol=1.0 qcomp=0.60 qpmin=0 qpmax=69 qpstep=4 ip_ratio=1.40 aq=1:1.00",False
C:\Users\akash\Downloads\Anomaly-Videos-Part-1\Arson\Arson006_x264.mp4,Arson,Arson006_x264.mp4,13097094,ok,,h264,Constrained Baseline,320,240,30.0,93.876,1116118,yuv420p,600,3,600,4,596,0,0,False,0 207 210 457,152.33,207,247,148,found,abr,,,2000,250,25,40,0,2,umh,6,16,0,0x1:0x111,0,1,,,0,40,0,1:0:0,,1.00:0.00,1:1.00,"cabac=0 ref=2 deblock=1:0:0 analyse=0x1:0x111 me=umh subme=6 psy=1 psy_rd=1.00:0.00 mixed_ref=1 me_range=16 chroma_me=1 trellis=0 8x8dct=0 cqm=0 deadzone=21,11 fast_pskip=1 chroma_qp_offset=-2 threads=6 lookahead_threads=1 sliced_threads=0 nr=0 decimate=1 interlaced=0 bluray_compat=0 constrained_intra=0 bframes=0 weightp=0 keyint=250 keyint_min=25 scenecut=40 intra_refresh=0 rc_lookahead=40 rc=abr mbtree=1 bitrate=2000 ratetol=1.0 qcomp=0.60 qpmin=0 qpmax=69 qpstep=4 ip_ratio=1.40 aq=1:1.00",False
C:\Users\akash\Downloads\Anomaly-Videos-Part-1\Arson\Arson007_x264.mp4,Arson,Arson007_x264.mp4,58767696,ok,,h264,Constrained Baseline,320,240,30.0,208.421,2255730,yuv420p,600,3,600,3,597,0,0,False,0 250 500,250,250.0,250,148,found,abr,,,2000,250,25,40,0,2,umh,6,16,0,0x1:0x111,0,1,,,0,40,0,1:0:0,,1.00:0.00,1:1.00,"cabac=0 ref=2 deblock=1:0:0 analyse=0x1:0x111 me=umh subme=6 psy=1 psy_rd=1.00:0.00 mixed_ref=1 me_range=16 chroma_me=1 trellis=0 8x8dct=0 cqm=0 deadzone=21,11 fast_pskip=1 chroma_qp_offset=-2 threads=6 lookahead_threads=1 sliced_threads=0 nr=0 decimate=1 interlaced=0 bluray_compat=0 constrained_intra=0 bframes=0 weightp=0 keyint=250 keyint_min=25 scenecut=40 intra_refresh=0 rc_lookahead=40 rc=abr mbtree=1 bitrate=2000 ratetol=1.0 qcomp=0.60 qpmin=0 qpmax=69 qpstep=4 ip_ratio=1.40 aq=1:1.00",False
C:\Users\akash\Downloads\Anomaly-Videos-Part-1\Arson\Arson008_x264.mp4,Arson,Arson008_x264.mp4,6996042,ok,,h264,Constrained Baseline,320,240,30.0,40.774,1372647,yuv420p,600,6,600,6,594,0,0,False,0 114 311 354 425 535,107,110,197,148,found,abr,,,2000,250,25,40,0,2,umh,6,16,0,0x1:0x111,0,1,,,0,40,0,1:0:0,,1.00:0.00,1:1.00,"cabac=0 ref=2 deblock=1:0:0 analyse=0x1:0x111 me=umh subme=6 psy=1 psy_rd=1.00:0.00 mixed_ref=1 me_range=16 chroma_me=1 trellis=0 8x8dct=0 cqm=0 deadzone=21,11 fast_pskip=1 chroma_qp_offset=-2 threads=6 lookahead_threads=1 sliced_threads=0 nr=0 decimate=1 interlaced=0 bluray_compat=0 constrained_intra=0 bframes=0 weightp=0 keyint=250 keyint_min=25 scenecut=40 intra_refresh=0 rc_lookahead=40 rc=abr mbtree=1 bitrate=2000 ratetol=1.0 qcomp=0.60 qpmin=0 qpmax=69 qpstep=4 ip_ratio=1.40 aq=1:1.00",False
C:\Users\akash\Downloads\Anomaly-Videos-Part-1\Arson\Arson009_x264.mp4,Arson,Arson009_x264.mp4,6215181,ok,,h264,Constrained Baseline,320,240,30.0,24.915,1995642,yuv420p,600,5,600,6,594,0,0,False,0 250 283 317 332 567,113.4,34,250,148,found,abr,,,2000,250,25,40,0,2,umh,6,16,0,0x1:0x111,0,1,,,0,40,0,1:0:0,,1.00:0.00,1:1.00,"cabac=0 ref=2 deblock=1:0:0 analyse=0x1:0x111 me=umh subme=6 psy=1 psy_rd=1.00:0.00 mixed_ref=1 me_range=16 chroma_me=1 trellis=0 8x8dct=0 cqm=0 deadzone=21,11 fast_pskip=1 chroma_qp_offset=-2 threads=6 lookahead_threads=1 sliced_threads=0 nr=0 decimate=1 interlaced=0 bluray_compat=0 constrained_intra=0 bframes=0 weightp=0 keyint=250 keyint_min=25 scenecut=40 intra_refresh=0 rc_lookahead=40 rc=abr mbtree=1 bitrate=2000 ratetol=1.0 qcomp=0.60 qpmin=0 qpmax=69 qpstep=4 ip_ratio=1.40 aq=1:1.00",False
C:\Users\akash\Downloads\Anomaly-Videos-Part-1\Arson\Arson010_x264.mp4,Arson,Arson010_x264.mp4,12694369,ok,,h264,Constrained Baseline,320,240,30.0,105.3,964434,yuv420p,600,4,600,8,592,0,0,False,0 26 27 30 42 133 149 383,54.71,16,234,148,found,abr,,,2000,250,25,40,0,2,umh,6,16,0,0x1:0x111,0,1,,,0,40,0,1:0:0,,1.00:0.00,1:1.00,"cabac=0 ref=2 deblock=1:0:0 analyse=0x1:0x111 me=umh subme=6 psy=1 psy_rd=1.00:0.00 mixed_ref=1 me_range=16 chroma_me=1 trellis=0 8x8dct=0 cqm=0 deadzone=21,11 fast_pskip=1 chroma_qp_offset=-2 threads=6 lookahead_threads=1 sliced_threads=0 nr=0 decimate=1 interlaced=0 bluray_compat=0 constrained_intra=0 bframes=0 weightp=0 keyint=250 keyint_min=25 scenecut=40 intra_refresh=0 rc_lookahead=40 rc=abr mbtree=1 bitrate=2000 ratetol=1.0 qcomp=0.60 qpmin=0 qpmax=69 qpstep=4 ip_ratio=1.40 aq=1:1.00",False
C:\Users\akash\Downloads\Anomaly-Videos-Part-1\Arson\Arson011_x264.mp4,Arson,Arson011_x264.mp4,8419260,ok,,h264,Constrained Baseline,320,240,30.0,42.213,1595576,yuv420p,600,5,600,8,592,0,0,False,0 133 137 151 155 263 338 588,84,75,250,148,found,abr,,,2000,250,25,40,0,2,umh,6,16,0,0x1:0x111,0,1,,,0,40,0,1:0:0,,1.00:0.00,1:1.00,"cabac=0 ref=2 deblock=1:0:0 analyse=0x1:0x111 me=umh subme=6 psy=1 psy_rd=1.00:0.00 mixed_ref=1 me_range=16 chroma_me=1 trellis=0 8x8dct=0 cqm=0 deadzone=21,11 fast_pskip=1 chroma_qp_offset=-2 threads=6 lookahead_threads=1 sliced_threads=0 nr=0 decimate=1 interlaced=0 bluray_compat=0 constrained_intra=0 bframes=0 weightp=0 keyint=250 keyint_min=25 scenecut=40 intra_refresh=0 rc_lookahead=40 rc=abr mbtree=1 bitrate=2000 ratetol=1.0 qcomp=0.60 qpmin=0 qpmax=69 qpstep=4 ip_ratio=1.40 aq=1:1.00",False
C:\Users\akash\Downloads\Anomaly-Videos-Part-1\Arson\Arson012_x264.mp4,Arson,Arson012_x264.mp4,4115721,ok,,h264,Constrained Baseline,320,240,30.0,29.86,1102671,yuv420p,600,4,600,4,596,0,0,False,0 213 325 448,149.33,123,213,148,found,abr,,,2000,250,25,40,0,2,umh,6,16,0,0x1:0x111,0,1,,,0,40,0,1:0:0,,1.00:0.00,1:1.00,"cabac=0 ref=2 deblock=1:0:0 analyse=0x1:0x111 me=umh subme=6 psy=1 psy_rd=1.00:0.00 mixed_ref=1 me_range=16 chroma_me=1 trellis=0 8x8dct=0 cqm=0 deadzone=21,11 fast_pskip=1 chroma_qp_offset=-2 threads=6 lookahead_threads=1 sliced_threads=0 nr=0 decimate=1 interlaced=0 bluray_compat=0 constrained_intra=0 bframes=0 weightp=0 keyint=250 keyint_min=25 scenecut=40 intra_refresh=0 rc_lookahead=40 rc=abr mbtree=1 bitrate=2000 ratetol=1.0 qcomp=0.60 qpmin=0 qpmax=69 qpstep=4 ip_ratio=1.40 aq=1:1.00",False
C:\Users\akash\Downloads\Anomaly-Videos-Part-1\Arson\Arson013_x264.mp4,Arson,Arson013_x264.mp4,33429815,ok,,h264,Constrained Baseline,320,240,30.0,212.716,1257256,yuv420p,600,3,600,3,597,0,0,False,0 250 500,250,250.0,250,148,found,abr,,,2000,250,25,40,0,2,umh,6,16,0,0x1:0x111,0,1,,,0,40,0,1:0:0,,1.00:0.00,1:1.00,"cabac=0 ref=2 deblock=1:0:0 analyse=0x1:0x111 me=umh subme=6 psy=1 psy_rd=1.00:0.00 mixed_ref=1 me_range=16 chroma_me=1 trellis=0 8x8dct=0 cqm=0 deadzone=21,11 fast_pskip=1 chroma_qp_offset=-2 threads=6 lookahead_threads=1 sliced_threads=0 nr=0 decimate=1 interlaced=0 bluray_compat=0 constrained_intra=0 bframes=0 weightp=0 keyint=250 keyint_min=25 scenecut=40 intra_refresh=0 rc_lookahead=40 rc=abr mbtree=1 bitrate=2000 ratetol=1.0 qcomp=0.60 qpmin=0 qpmax=69 qpstep=4 ip_ratio=1.40 aq=1:1.00",False
C:\Users\akash\Downloads\Anomaly-Videos-Part-1\Arson\Arson014_x264.mp4,Arson,Arson014_x264.mp4,16957057,ok,,h264,Constrained Baseline,320,240,30.0,87.98,1541901,yuv420p,600,3,600,3,597,0,0,False,0 250 500,250,250.0,250,148,found,abr,,,2000,250,25,40,0,2,umh,6,16,0,0x1:0x111,0,1,,,0,40,0,1:0:0,,1.00:0.00,1:1.00,"cabac=0 ref=2 deblock=1:0:0 analyse=0x1:0x111 me=umh subme=6 psy=1 psy_rd=1.00:0.00 mixed_ref=1 me_range=16 chroma_me=1 trellis=0 8x8dct=0 cqm=0 deadzone=21,11 fast_pskip=1 chroma_qp_offset=-2 threads=6 lookahead_threads=1 sliced_threads=0 nr=0 decimate=1 interlaced=0 bluray_compat=0 constrained_intra=0 bframes=0 weightp=0 keyint=250 keyint_min=25 scenecut=40 intra_refresh=0 rc_lookahead=40 rc=abr mbtree=1 bitrate=2000 ratetol=1.0 qcomp=0.60 qpmin=0 qpmax=69 qpstep=4 ip_ratio=1.40 aq=1:1.00",False
C:\Users\akash\Downloads\Anomaly-Videos-Part-1\Arson\Arson015_x264.mp4,Arson,Arson015_x264.mp4,83257821,ok,,h264,Constrained Baseline,320,240,30.0,341.044,1953010,yuv420p,600,4,600,4,596,0,0,False,0 67 317 567,189,250,250,148,found,abr,,,2000,250,25,40,0,2,umh,6,16,0,0x1:0x111,0,1,,,0,40,0,1:0:0,,1.00:0.00,1:1.00,"cabac=0 ref=2 deblock=1:0:0 analyse=0x1:0x111 me=umh subme=6 psy=1 psy_rd=1.00:0.00 mixed_ref=1 me_range=16 chroma_me=1 trellis=0 8x8dct=0 cqm=0 deadzone=21,11 fast_pskip=1 chroma_qp_offset=-2 threads=6 lookahead_threads=1 sliced_threads=0 nr=0 decimate=1 interlaced=0 bluray_compat=0 constrained_intra=0 bframes=0 weightp=0 keyint=250 keyint_min=25 scenecut=40 intra_refresh=0 rc_lookahead=40 rc=abr mbtree=1 bitrate=2000 ratetol=1.0 qcomp=0.60 qpmin=0 qpmax=69 qpstep=4 ip_ratio=1.40 aq=1:1.00",False
C:\Users\akash\Downloads\Anomaly-Videos-Part-1\Arson\Arson016_x264.mp4,Arson,Arson016_x264.mp4,12385206,ok,,h264,Constrained Baseline,320,240,30.0,59.851,1655471,yuv420p,600,3,600,3,597,0,0,False,0 250 500,250,250.0,250,148,found,abr,,,2000,250,25,40,0,2,umh,6,16,0,0x1:0x111,0,1,,,0,40,0,1:0:0,,1.00:0.00,1:1.00,"cabac=0 ref=2 deblock=1:0:0 analyse=0x1:0x111 me=umh subme=6 psy=1 psy_rd=1.00:0.00 mixed_ref=1 me_range=16 chroma_me=1 trellis=0 8x8dct=0 cqm=0 deadzone=21,11 fast_pskip=1 chroma_qp_offset=-2 threads=6 lookahead_threads=1 sliced_threads=0 nr=0 decimate=1 interlaced=0 bluray_compat=0 constrained_intra=0 bframes=0 weightp=0 keyint=250 keyint_min=25 scenecut=40 intra_refresh=0 rc_lookahead=40 rc=abr mbtree=1 bitrate=2000 ratetol=1.0 qcomp=0.60 qpmin=0 qpmax=69 qpstep=4 ip_ratio=1.40 aq=1:1.00",False
C:\Users\akash\Downloads\Anomaly-Videos-Part-1\Arson\Arson017_x264.mp4,Arson,Arson017_x264.mp4,5119970,ok,,h264,Constrained Baseline,320,240,30.0,46.161,887323,yuv420p,600,3,600,3,597,0,0,False,0 121 371,185.5,185.5,250,148,found,abr,,,2000,250,25,40,0,2,umh,6,16,0,0x1:0x111,0,1,,,0,40,0,1:0:0,,1.00:0.00,1:1.00,"cabac=0 ref=2 deblock=1:0:0 analyse=0x1:0x111 me=umh subme=6 psy=1 psy_rd=1.00:0.00 mixed_ref=1 me_range=16 chroma_me=1 trellis=0 8x8dct=0 cqm=0 deadzone=21,11 fast_pskip=1 chroma_qp_offset=-2 threads=6 lookahead_threads=1 sliced_threads=0 nr=0 decimate=1 interlaced=0 bluray_compat=0 constrained_intra=0 bframes=0 weightp=0 keyint=250 keyint_min=25 scenecut=40 intra_refresh=0 rc_lookahead=40 rc=abr mbtree=1 bitrate=2000 ratetol=1.0 qcomp=0.60 qpmin=0 qpmax=69 qpstep=4 ip_ratio=1.40 aq=1:1.00",False
C:\Users\akash\Downloads\Anomaly-Videos-Part-1\Arson\Arson018_x264.mp4,Arson,Arson018_x264.mp4,6789214,ok,,h264,Constrained Baseline,320,240,30.0,28.072,1934800,yuv420p,600,3,600,3,597,0,0,False,0 250 470,235,235.0,250,148,found,abr,,,2000,250,25,40,0,2,umh,6,16,0,0x1:0x111,0,1,,,0,40,0,1:0:0,,1.00:0.00,1:1.00,"cabac=0 ref=2 deblock=1:0:0 analyse=0x1:0x111 me=umh subme=6 psy=1 psy_rd=1.00:0.00 mixed_ref=1 me_range=16 chroma_me=1 trellis=0 8x8dct=0 cqm=0 deadzone=21,11 fast_pskip=1 chroma_qp_offset=-2 threads=6 lookahead_threads=1 sliced_threads=0 nr=0 decimate=1 interlaced=0 bluray_compat=0 constrained_intra=0 bframes=0 weightp=0 keyint=250 keyint_min=25 scenecut=40 intra_refresh=0 rc_lookahead=40 rc=abr mbtree=1 bitrate=2000 ratetol=1.0 qcomp=0.60 qpmin=0 qpmax=69 qpstep=4 ip_ratio=1.40 aq=1:1.00",False
C:\Users\akash\Downloads\Anomaly-Videos-Part-1\Arson\Arson019_x264.mp4,Arson,Arson019_x264.mp4,992146012,ok,,h264,Constrained Baseline,320,240,30.0,4218.475,1881525,yuv420p,600,3,600,3,597,0,0,False,0 250 500,250,250.0,250,148,found,abr,,,2000,250,25,40,0,2,umh,6,16,0,0x1:0x111,0,1,,,0,40,0,1:0:0,,1.00:0.00,1:1.00,"cabac=0 ref=2 deblock=1:0:0 analyse=0x1:0x111 me=umh subme=6 psy=1 psy_rd=1.00:0.00 mixed_ref=1 me_range=16 chroma_me=1 trellis=0 8x8dct=0 cqm=0 deadzone=21,11 fast_pskip=1 chroma_qp_offset=-2 threads=6 lookahead_threads=1 sliced_threads=0 nr=0 decimate=1 interlaced=0 bluray_compat=0 constrained_intra=0 bframes=0 weightp=0 keyint=250 keyint_min=25 scenecut=40 intra_refresh=0 rc_lookahead=40 rc=abr mbtree=1 bitrate=2000 ratetol=1.0 qcomp=0.60 qpmin=0 qpmax=69 qpstep=4 ip_ratio=1.40 aq=1:1.00",False
C:\Users\akash\Downloads\Anomaly-Videos-Part-1\Arson\Arson020_x264.mp4,Arson,Arson020_x264.mp4,21785584,ok,,h264,Constrained Baseline,320,240,30.0,80.921,2153763,yuv420p,600,3,600,3,597,0,0,False,0 250 500,250,250.0,250,148,found,abr,,,2000,250,25,40,0,2,umh,6,16,0,0x1:0x111,0,1,,,0,40,0,1:0:0,,1.00:0.00,1:1.00,"cabac=0 ref=2 deblock=1:0:0 analyse=0x1:0x111 me=umh subme=6 psy=1 psy_rd=1.00:0.00 mixed_ref=1 me_range=16 chroma_me=1 trellis=0 8x8dct=0 cqm=0 deadzone=21,11 fast_pskip=1 chroma_qp_offset=-2 threads=6 lookahead_threads=1 sliced_threads=0 nr=0 decimate=1 interlaced=0 bluray_compat=0 constrained_intra=0 bframes=0 weightp=0 keyint=250 keyint_min=25 scenecut=40 intra_refresh=0 rc_lookahead=40 rc=abr mbtree=1 bitrate=2000 ratetol=1.0 qcomp=0.60 qpmin=0 qpmax=69 qpstep=4 ip_ratio=1.40 aq=1:1.00",False
C:\Users\akash\Downloads\Anomaly-Videos-Part-1\Arson\Arson021_x264.mp4,Arson,Arson021_x264.mp4,12369983,ok,,h264,Constrained Baseline,320,240,30.0,48.041,2059904,yuv420p,600,3,600,3,597,0,0,False,0 250 500,250,250.0,250,148,found,abr,,,2000,250,25,40,0,2,umh,6,16,0,0x1:0x111,0,1,,,0,40,0,1:0:0,,1.00:0.00,1:1.00,"cabac=0 ref=2 deblock=1:0:0 analyse=0x1:0x111 me=umh subme=6 psy=1 psy_rd=1.00:0.00 mixed_ref=1 me_range=16 chroma_me=1 trellis=0 8x8dct=0 cqm=0 deadzone=21,11 fast_pskip=1 chroma_qp_offset=-2 threads=6 lookahead_threads=1 sliced_threads=0 nr=0 decimate=1 interlaced=0 bluray_compat=0 constrained_intra=0 bframes=0 weightp=0 keyint=250 keyint_min=25 scenecut=40 intra_refresh=0 rc_lookahead=40 rc=abr mbtree=1 bitrate=2000 ratetol=1.0 qcomp=0.60 qpmin=0 qpmax=69 qpstep=4 ip_ratio=1.40 aq=1:1.00",False
C:\Users\akash\Downloads\Anomaly-Videos-Part-1\Arson\Arson022_x264.mp4,Arson,Arson022_x264.mp4,72327897,ok,,h264,Constrained Baseline,320,240,30.0,288.0,2009108,yuv420p,600,3,600,3,597,0,0,False,0 250 500,250,250.0,250,148,found,abr,,,2000,250,25,40,0,2,umh,6,16,0,0x1:0x111,0,1,,,0,40,0,1:0:0,,1.00:0.00,1:1.00,"cabac=0 ref=2 deblock=1:0:0 analyse=0x1:0x111 me=umh subme=6 psy=1 psy_rd=1.00:0.00 mixed_ref=1 me_range=16 chroma_me=1 trellis=0 8x8dct=0 cqm=0 deadzone=21,11 fast_pskip=1 chroma_qp_offset=-2 threads=6 lookahead_threads=1 sliced_threads=0 nr=0 decimate=1 interlaced=0 bluray_compat=0 constrained_intra=0 bframes=0 weightp=0 keyint=250 keyint_min=25 scenecut=40 intra_refresh=0 rc_lookahead=40 rc=abr mbtree=1 bitrate=2000 ratetol=1.0 qcomp=0.60 qpmin=0 qpmax=69 qpstep=4 ip_ratio=1.40 aq=1:1.00",False
C:\Users\akash\Downloads\Anomaly-Videos-Part-1\Arson\Arson023_x264.mp4,Arson,Arson023_x264.mp4,8168665,ok,,h264,Constrained Baseline,320,240,30.0,45.604,1432973,yuv420p,600,3,600,4,596,0,0,False,0 2 250 500,166.67,248,250,148,found,abr,,,2000,250,25,40,0,2,umh,6,16,0,0x1:0x111,0,1,,,0,40,0,1:0:0,,1.00:0.00,1:1.00,"cabac=0 ref=2 deblock=1:0:0 analyse=0x1:0x111 me=umh subme=6 psy=1 psy_rd=1.00:0.00 mixed_ref=1 me_range=16 chroma_me=1 trellis=0 8x8dct=0 cqm=0 deadzone=21,11 fast_pskip=1 chroma_qp_offset=-2 threads=6 lookahead_threads=1 sliced_threads=0 nr=0 decimate=1 interlaced=0 bluray_compat=0 constrained_intra=0 bframes=0 weightp=0 keyint=250 keyint_min=25 scenecut=40 intra_refresh=0 rc_lookahead=40 rc=abr mbtree=1 bitrate=2000 ratetol=1.0 qcomp=0.60 qpmin=0 qpmax=69 qpstep=4 ip_ratio=1.40 aq=1:1.00",False
C:\Users\akash\Downloads\Anomaly-Videos-Part-1\Arson\Arson024_x264.mp4,Arson,Arson024_x264.mp4,23486619,ok,,h264,Constrained Baseline,320,240,30.0,112.222,1674297,yuv420p,600,3,600,3,597,0,0,False,0 250 500,250,250.0,250,148,found,abr,,,2000,250,25,40,0,2,umh,6,16,0,0x1:0x111,0,1,,,0,40,0,1:0:0,,1.00:0.00,1:1.00,"cabac=0 ref=2 deblock=1:0:0 analyse=0x1:0x111 me=umh subme=6 psy=1 psy_rd=1.00:0.00 mixed_ref=1 me_range=16 chroma_me=1 trellis=0 8x8dct=0 cqm=0 deadzone=21,11 fast_pskip=1 chroma_qp_offset=-2 threads=6 lookahead_threads=1 sliced_threads=0 nr=0 decimate=1 interlaced=0 bluray_compat=0 constrained_intra=0 bframes=0 weightp=0 keyint=250 keyint_min=25 scenecut=40 intra_refresh=0 rc_lookahead=40 rc=abr mbtree=1 bitrate=2000 ratetol=1.0 qcomp=0.60 qpmin=0 qpmax=69 qpstep=4 ip_ratio=1.40 aq=1:1.00",False
C:\Users\akash\Downloads\Anomaly-Videos-Part-1\Arson\Arson025_x264.mp4,Arson,Arson025_x264.mp4,33507224,ok,,h264,Constrained Baseline,320,240,30.0,176.1,1522190,yuv420p,600,3,600,3,597,0,0,False,0 250 500,250,250.0,250,148,found,abr,,,2000,250,25,40,0,2,umh,6,16,0,0x1:0x111,0,1,,,0,40,0,1:0:0,,1.00:0.00,1:1.00,"cabac=0 ref=2 deblock=1:0:0 analyse=0x1:0x111 me=umh subme=6 psy=1 psy_rd=1.00:0.00 mixed_ref=1 me_range=16 chroma_me=1 trellis=0 8x8dct=0 cqm=0 deadzone=21,11 fast_pskip=1 chroma_qp_offset=-2 threads=6 lookahead_threads=1 sliced_threads=0 nr=0 decimate=1 interlaced=0 bluray_compat=0 constrained_intra=0 bframes=0 weightp=0 keyint=250 keyint_min=25 scenecut=40 intra_refresh=0 rc_lookahead=40 rc=abr mbtree=1 bitrate=2000 ratetol=1.0 qcomp=0.60 qpmin=0 qpmax=69 qpstep=4 ip_ratio=1.40 aq=1:1.00",False
C:\Users\akash\Downloads\Anomaly-Videos-Part-1\Arson\Arson026_x264.mp4,Arson,Arson026_x264.mp4,51402617,ok,,h264,Constrained Baseline,320,240,30.0,196.633,2091308,yuv420p,600,3,600,3,597,0,0,False,0 250 500,250,250.0,250,148,found,abr,,,2000,250,25,40,0,2,umh,6,16,0,0x1:0x111,0,1,,,0,40,0,1:0:0,,1.00:0.00,1:1.00,"cabac=0 ref=2 deblock=1:0:0 analyse=0x1:0x111 me=umh subme=6 psy=1 psy_rd=1.00:0.00 mixed_ref=1 me_range=16 chroma_me=1 trellis=0 8x8dct=0 cqm=0 deadzone=21,11 fast_pskip=1 chroma_qp_offset=-2 threads=6 lookahead_threads=1 sliced_threads=0 nr=0 decimate=1 interlaced=0 bluray_compat=0 constrained_intra=0 bframes=0 weightp=0 keyint=250 keyint_min=25 scenecut=40 intra_refresh=0 rc_lookahead=40 rc=abr mbtree=1 bitrate=2000 ratetol=1.0 qcomp=0.60 qpmin=0 qpmax=69 qpstep=4 ip_ratio=1.40 aq=1:1.00",False
C:\Users\akash\Downloads\Anomaly-Videos-Part-1\Arson\Arson027_x264.mp4,Arson,Arson027_x264.mp4,14046464,ok,,h264,Constrained Baseline,320,240,30.0,90.024,1248248,yuv420p,600,3,600,3,597,0,0,False,0 250 500,250,250.0,250,148,found,abr,,,2000,250,25,40,0,2,umh,6,16,0,0x1:0x111,0,1,,,0,40,0,1:0:0,,1.00:0.00,1:1.00,"cabac=0 ref=2 deblock=1:0:0 analyse=0x1:0x111 me=umh subme=6 psy=1 psy_rd=1.00:0.00 mixed_ref=1 me_range=16 chroma_me=1 trellis=0 8x8dct=0 cqm=0 deadzone=21,11 fast_pskip=1 chroma_qp_offset=-2 threads=6 lookahead_threads=1 sliced_threads=0 nr=0 decimate=1 interlaced=0 bluray_compat=0 constrained_intra=0 bframes=0 weightp=0 keyint=250 keyint_min=25 scenecut=40 intra_refresh=0 rc_lookahead=40 rc=abr mbtree=1 bitrate=2000 ratetol=1.0 qcomp=0.60 qpmin=0 qpmax=69 qpstep=4 ip_ratio=1.40 aq=1:1.00",False
C:\Users\akash\Downloads\Anomaly-Videos-Part-1\Arson\Arson028_x264.mp4,Arson,Arson028_x264.mp4,11856665,ok,,h264,Constrained Baseline,320,240,30.0,80.3,1181236,yuv420p,600,3,600,5,595,0,0,False,0 12 18 250 500,125,122.0,250,148,found,abr,,,2000,250,25,40,0,2,umh,6,16,0,0x1:0x111,0,1,,,0,40,0,1:0:0,,1.00:0.00,1:1.00,"cabac=0 ref=2 deblock=1:0:0 analyse=0x1:0x111 me=umh subme=6 psy=1 psy_rd=1.00:0.00 mixed_ref=1 me_range=16 chroma_me=1 trellis=0 8x8dct=0 cqm=0 deadzone=21,11 fast_pskip=1 chroma_qp_offset=-2 threads=6 lookahead_threads=1 sliced_threads=0 nr=0 decimate=1 interlaced=0 bluray_compat=0 constrained_intra=0 bframes=0 weightp=0 keyint=250 keyint_min=25 scenecut=40 intra_refresh=0 rc_lookahead=40 rc=abr mbtree=1 bitrate=2000 ratetol=1.0 qcomp=0.60 qpmin=0 qpmax=69 qpstep=4 ip_ratio=1.40 aq=1:1.00",False
C:\Users\akash\Downloads\Anomaly-Videos-Part-1\Arson\Arson029_x264.mp4,Arson,Arson029_x264.mp4,13387254,ok,,h264,Constrained Baseline,320,240,30.0,44.967,2381720,yuv420p,600,3,600,3,597,0,0,False,0 250 500,250,250.0,250,148,found,abr,,,2000,250,25,40,0,2,umh,6,16,0,0x1:0x111,0,1,,,0,40,0,1:0:0,,1.00:0.00,1:1.00,"cabac=0 ref=2 deblock=1:0:0 analyse=0x1:0x111 me=umh subme=6 psy=1 psy_rd=1.00:0.00 mixed_ref=1 me_range=16 chroma_me=1 trellis=0 8x8dct=0 cqm=0 deadzone=21,11 fast_pskip=1 chroma_qp_offset=-2 threads=6 lookahead_threads=1 sliced_threads=0 nr=0 decimate=1 interlaced=0 bluray_compat=0 constrained_intra=0 bframes=0 weightp=0 keyint=250 keyint_min=25 scenecut=40 intra_refresh=0 rc_lookahead=40 rc=abr mbtree=1 bitrate=2000 ratetol=1.0 qcomp=0.60 qpmin=0 qpmax=69 qpstep=4 ip_ratio=1.40 aq=1:1.00",False
C:\Users\akash\Downloads\Anomaly-Videos-Part-1\Arson\Arson030_x264.mp4,Arson,Arson030_x264.mp4,7621238,ok,,h264,Constrained Baseline,320,240,30.0,168.437,361973,yuv420p,600,3,600,3,597,0,0,False,0 250 500,250,250.0,250,148,found,abr,,,2000,250,25,40,0,2,umh,6,16,0,0x1:0x111,0,1,,,0,40,0,1:0:0,,1.00:0.00,1:1.00,"cabac=0 ref=2 deblock=1:0:0 analyse=0x1:0x111 me=umh subme=6 psy=1 psy_rd=1.00:0.00 mixed_ref=1 me_range=16 chroma_me=1 trellis=0 8x8dct=0 cqm=0 deadzone=21,11 fast_pskip=1 chroma_qp_offset=-2 threads=6 lookahead_threads=1 sliced_threads=0 nr=0 decimate=1 interlaced=0 bluray_compat=0 constrained_intra=0 bframes=0 weightp=0 keyint=250 keyint_min=25 scenecut=40 intra_refresh=0 rc_lookahead=40 rc=abr mbtree=1 bitrate=2000 ratetol=1.0 qcomp=0.60 qpmin=0 qpmax=69 qpstep=4 ip_ratio=1.40 aq=1:1.00",False
C:\Users\akash\Downloads\Anomaly-Videos-Part-1\Arson\Arson031_x264.mp4,Arson,Arson031_x264.mp4,12577050,ok,,h264,Constrained Baseline,320,240,30.0,96.133,1046633,yuv420p,600,3,600,3,597,0,0,False,0 250 500,250,250.0,250,148,found,abr,,,2000,250,25,40,0,2,umh,6,16,0,0x1:0x111,0,1,,,0,40,0,1:0:0,,1.00:0.00,1:1.00,"cabac=0 ref=2 deblock=1:0:0 analyse=0x1:0x111 me=umh subme=6 psy=1 psy_rd=1.00:0.00 mixed_ref=1 me_range=16 chroma_me=1 trellis=0 8x8dct=0 cqm=0 deadzone=21,11 fast_pskip=1 chroma_qp_offset=-2 threads=6 lookahead_threads=1 sliced_threads=0 nr=0 decimate=1 interlaced=0 bluray_compat=0 constrained_intra=0 bframes=0 weightp=0 keyint=250 keyint_min=25 scenecut=40 intra_refresh=0 rc_lookahead=40 rc=abr mbtree=1 bitrate=2000 ratetol=1.0 qcomp=0.60 qpmin=0 qpmax=69 qpstep=4 ip_ratio=1.40 aq=1:1.00",False
C:\Users\akash\Downloads\Anomaly-Videos-Part-1\Arson\Arson032_x264.mp4,Arson,Arson032_x264.mp4,21830967,ok,,h264,Constrained Baseline,320,240,30.0,92.74,1883191,yuv420p,600,3,600,3,597,0,0,False,0 250 466,233,233.0,250,148,found,abr,,,2000,250,25,40,0,2,umh,6,16,0,0x1:0x111,0,1,,,0,40,0,1:0:0,,1.00:0.00,1:1.00,"cabac=0 ref=2 deblock=1:0:0 analyse=0x1:0x111 me=umh subme=6 psy=1 psy_rd=1.00:0.00 mixed_ref=1 me_range=16 chroma_me=1 trellis=0 8x8dct=0 cqm=0 deadzone=21,11 fast_pskip=1 chroma_qp_offset=-2 threads=6 lookahead_threads=1 sliced_threads=0 nr=0 decimate=1 interlaced=0 bluray_compat=0 constrained_intra=0 bframes=0 weightp=0 keyint=250 keyint_min=25 scenecut=40 intra_refresh=0 rc_lookahead=40 rc=abr mbtree=1 bitrate=2000 ratetol=1.0 qcomp=0.60 qpmin=0 qpmax=69 qpstep=4 ip_ratio=1.40 aq=1:1.00",False
C:\Users\akash\Downloads\Anomaly-Videos-Part-1\Arson\Arson034_x264.mp4,Arson,Arson034_x264.mp4,12182783,ok,,h264,Constrained Baseline,320,240,30.0,79.6,1224400,yuv420p,600,4,600,4,596,0,0,False,0 250 500 589,196.33,250,250,148,found,abr,,,2000,250,25,40,0,2,umh,6,16,0,0x1:0x111,0,1,,,0,40,0,1:0:0,,1.00:0.00,1:1.00,"cabac=0 ref=2 deblock=1:0:0 analyse=0x1:0x111 me=umh subme=6 psy=1 psy_rd=1.00:0.00 mixed_ref=1 me_range=16 chroma_me=1 trellis=0 8x8dct=0 cqm=0 deadzone=21,11 fast_pskip=1 chroma_qp_offset=-2 threads=6 lookahead_threads=1 sliced_threads=0 nr=0 decimate=1 interlaced=0 bluray_compat=0 constrained_intra=0 bframes=0 weightp=0 keyint=250 keyint_min=25 scenecut=40 intra_refresh=0 rc_lookahead=40 rc=abr mbtree=1 bitrate=2000 ratetol=1.0 qcomp=0.60 qpmin=0 qpmax=69 qpstep=4 ip_ratio=1.40 aq=1:1.00",False
C:\Users\akash\Downloads\Anomaly-Videos-Part-1\Arson\Arson035_x264.mp4,Arson,Arson035_x264.mp4,12760697,ok,,h264,Constrained Baseline,320,240,30.0,47.972,2128015,yuv420p,600,3,600,3,597,0,0,False,0 250 500,250,250.0,250,148,found,abr,,,2000,250,25,40,0,2,umh,6,16,0,0x1:0x111,0,1,,,0,40,0,1:0:0,,1.00:0.00,1:1.00,"cabac=0 ref=2 deblock=1:0:0 analyse=0x1:0x111 me=umh subme=6 psy=1 psy_rd=1.00:0.00 mixed_ref=1 me_range=16 chroma_me=1 trellis=0 8x8dct=0 cqm=0 deadzone=21,11 fast_pskip=1 chroma_qp_offset=-2 threads=6 lookahead_threads=1 sliced_threads=0 nr=0 decimate=1 interlaced=0 bluray_compat=0 constrained_intra=0 bframes=0 weightp=0 keyint=250 keyint_min=25 scenecut=40 intra_refresh=0 rc_lookahead=40 rc=abr mbtree=1 bitrate=2000 ratetol=1.0 qcomp=0.60 qpmin=0 qpmax=69 qpstep=4 ip_ratio=1.40 aq=1:1.00",False
C:\Users\akash\Downloads\Anomaly-Videos-Part-1\Arson\Arson036_x264.mp4,Arson,Arson036_x264.mp4,8942412,ok,,h264,Constrained Baseline,320,240,30.0,56.656,1262685,yuv420p,600,3,600,3,597,0,0,False,0 250 500,250,250.0,250,148,found,abr,,,2000,250,25,40,0,2,umh,6,16,0,0x1:0x111,0,1,,,0,40,0,1:0:0,,1.00:0.00,1:1.00,"cabac=0 ref=2 deblock=1:0:0 analyse=0x1:0x111 me=umh subme=6 psy=1 psy_rd=1.00:0.00 mixed_ref=1 me_range=16 chroma_me=1 trellis=0 8x8dct=0 cqm=0 deadzone=21,11 fast_pskip=1 chroma_qp_offset=-2 threads=6 lookahead_threads=1 sliced_threads=0 nr=0 decimate=1 interlaced=0 bluray_compat=0 constrained_intra=0 bframes=0 weightp=0 keyint=250 keyint_min=25 scenecut=40 intra_refresh=0 rc_lookahead=40 rc=abr mbtree=1 bitrate=2000 ratetol=1.0 qcomp=0.60 qpmin=0 qpmax=69 qpstep=4 ip_ratio=1.40 aq=1:1.00",False
C:\Users\akash\Downloads\Anomaly-Videos-Part-1\Arson\Arson037_x264.mp4,Arson,Arson037_x264.mp4,7576638,ok,,h264,Constrained Baseline,320,240,30.0,26.796,2262054,yuv420p,600,4,600,5,595,0,0,False,0 238 403 417 487,121.75,117.5,238,148,found,abr,,,2000,250,25,40,0,2,umh,6,16,0,0x1:0x111,0,1,,,0,40,0,1:0:0,,1.00:0.00,1:1.00,"cabac=0 ref=2 deblock=1:0:0 analyse=0x1:0x111 me=umh subme=6 psy=1 psy_rd=1.00:0.00 mixed_ref=1 me_range=16 chroma_me=1 trellis=0 8x8dct=0 cqm=0 deadzone=21,11 fast_pskip=1 chroma_qp_offset=-2 threads=6 lookahead_threads=1 sliced_threads=0 nr=0 decimate=1 interlaced=0 bluray_compat=0 constrained_intra=0 bframes=0 weightp=0 keyint=250 keyint_min=25 scenecut=40 intra_refresh=0 rc_lookahead=40 rc=abr mbtree=1 bitrate=2000 ratetol=1.0 qcomp=0.60 qpmin=0 qpmax=69 qpstep=4 ip_ratio=1.40 aq=1:1.00",False
C:\Users\akash\Downloads\Anomaly-Videos-Part-1\Arson\Arson038_x264.mp4,Arson,Arson038_x264.mp4,6317902,ok,,h264,Constrained Baseline,320,240,30.0,24.613,2053504,yuv420p,600,4,600,4,596,0,0,False,0 157 363 477,159,157,206,148,found,abr,,,2000,250,25,40,0,2,umh,6,16,0,0x1:0x111,0,1,,,0,40,0,1:0:0,,1.00:0.00,1:1.00,"cabac=0 ref=2 deblock=1:0:0 analyse=0x1:0x111 me=umh subme=6 psy=1 psy_rd=1.00:0.00 mixed_ref=1 me_range=16 chroma_me=1 trellis=0 8x8dct=0 cqm=0 deadzone=21,11 fast_pskip=1 chroma_qp_offset=-2 threads=6 lookahead_threads=1 sliced_threads=0 nr=0 decimate=1 interlaced=0 bluray_compat=0 constrained_intra=0 bframes=0 weightp=0 keyint=250 keyint_min=25 scenecut=40 intra_refresh=0 rc_lookahead=40 rc=abr mbtree=1 bitrate=2000 ratetol=1.0 qcomp=0.60 qpmin=0 qpmax=69 qpstep=4 ip_ratio=1.40 aq=1:1.00",False
C:\Users\akash\Downloads\Anomaly-Videos-Part-1\Arson\Arson039_x264.mp4,Arson,Arson039_x264.mp4,24223537,ok,,h264,Constrained Baseline,320,240,30.0,112.533,1722052,yuv420p,600,4,600,4,596,0,0,False,0 196 326 576,192,196,250,148,found,abr,,,2000,250,25,40,0,2,umh,6,16,0,0x1:0x111,0,1,,,0,40,0,1:0:0,,1.00:0.00,1:1.00,"cabac=0 ref=2 deblock=1:0:0 analyse=0x1:0x111 me=umh subme=6 psy=1 psy_rd=1.00:0.00 mixed_ref=1 me_range=16 chroma_me=1 trellis=0 8x8dct=0 cqm=0 deadzone=21,11 fast_pskip=1 chroma_qp_offset=-2 threads=6 lookahead_threads=1 sliced_threads=0 nr=0 decimate=1 interlaced=0 bluray_compat=0 constrained_intra=0 bframes=0 weightp=0 keyint=250 keyint_min=25 scenecut=40 intra_refresh=0 rc_lookahead=40 rc=abr mbtree=1 bitrate=2000 ratetol=1.0 qcomp=0.60 qpmin=0 qpmax=69 qpstep=4 ip_ratio=1.40 aq=1:1.00",False
C:\Users\akash\Downloads\Anomaly-Videos-Part-1\Arson\Arson040_x264.mp4,Arson,Arson040_x264.mp4,17158508,ok,,h264,Constrained Baseline,320,240,30.0,94.505,1452495,yuv420p,600,4,600,4,596,0,0,False,0 250 331 361,120.33,81,250,148,found,abr,,,2000,250,25,40,0,2,umh,6,16,0,0x1:0x111,0,1,,,0,40,0,1:0:0,,1.00:0.00,1:1.00,"cabac=0 ref=2 deblock=1:0:0 analyse=0x1:0x111 me=umh subme=6 psy=1 psy_rd=1.00:0.00 mixed_ref=1 me_range=16 chroma_me=1 trellis=0 8x8dct=0 cqm=0 deadzone=21,11 fast_pskip=1 chroma_qp_offset=-2 threads=6 lookahead_threads=1 sliced_threads=0 nr=0 decimate=1 interlaced=0 bluray_compat=0 constrained_intra=0 bframes=0 weightp=0 keyint=250 keyint_min=25 scenecut=40 intra_refresh=0 rc_lookahead=40 rc=abr mbtree=1 bitrate=2000 ratetol=1.0 qcomp=0.60 qpmin=0 qpmax=69 qpstep=4 ip_ratio=1.40 aq=1:1.00",False
C:\Users\akash\Downloads\Anomaly-Videos-Part-1\Arson\Arson041_x264.mp4,Arson,Arson041_x264.mp4,15253202,ok,,h264,Constrained Baseline,320,240,30.0,125.201,974637,yuv420p,600,3,600,3,597,0,0,False,0 250 500,250,250.0,250,148,found,abr,,,2000,250,25,40,0,2,umh,6,16,0,0x1:0x111,0,1,,,0,40,0,1:0:0,,1.00:0.00,1:1.00,"cabac=0 ref=2 deblock=1:0:0 analyse=0x1:0x111 me=umh subme=6 psy=1 psy_rd=1.00:0.00 mixed_ref=1 me_range=16 chroma_me=1 trellis=0 8x8dct=0 cqm=0 deadzone=21,11 fast_pskip=1 chroma_qp_offset=-2 threads=6 lookahead_threads=1 sliced_threads=0 nr=0 decimate=1 interlaced=0 bluray_compat=0 constrained_intra=0 bframes=0 weightp=0 keyint=250 keyint_min=25 scenecut=40 intra_refresh=0 rc_lookahead=40 rc=abr mbtree=1 bitrate=2000 ratetol=1.0 qcomp=0.60 qpmin=0 qpmax=69 qpstep=4 ip_ratio=1.40 aq=1:1.00",False
C:\Users\akash\Downloads\Anomaly-Videos-Part-1\Arson\Arson042_x264.mp4,Arson,Arson042_x264.mp4,26840450,ok,,h264,Constrained Baseline,320,240,30.0,195.813,1096574,yuv420p,600,3,600,3,597,0,0,False,0 250 500,250,250.0,250,148,found,abr,,,2000,250,25,40,0,2,umh,6,16,0,0x1:0x111,0,1,,,0,40,0,1:0:0,,1.00:0.00,1:1.00,"cabac=0 ref=2 deblock=1:0:0 analyse=0x1:0x111 me=umh subme=6 psy=1 psy_rd=1.00:0.00 mixed_ref=1 me_range=16 chroma_me=1 trellis=0 8x8dct=0 cqm=0 deadzone=21,11 fast_pskip=1 chroma_qp_offset=-2 threads=6 lookahead_threads=1 sliced_threads=0 nr=0 decimate=1 interlaced=0 bluray_compat=0 constrained_intra=0 bframes=0 weightp=0 keyint=250 keyint_min=25 scenecut=40 intra_refresh=0 rc_lookahead=40 rc=abr mbtree=1 bitrate=2000 ratetol=1.0 qcomp=0.60 qpmin=0 qpmax=69 qpstep=4 ip_ratio=1.40 aq=1:1.00",False
C:\Users\akash\Downloads\Anomaly-Videos-Part-1\Arson\Arson044_x264.mp4,Arson,Arson044_x264.mp4,9982914,ok,,h264,Constrained Baseline,320,240,30.0,39.891,2002038,yuv420p,600,3,600,3,597,0,0,False,0 250 500,250,250.0,250,148,found,abr,,,2000,250,25,40,0,2,umh,6,16,0,0x1:0x111,0,1,,,0,40,0,1:0:0,,1.00:0.00,1:1.00,"cabac=0 ref=2 deblock=1:0:0 analyse=0x1:0x111 me=umh subme=6 psy=1 psy_rd=1.00:0.00 mixed_ref=1 me_range=16 chroma_me=1 trellis=0 8x8dct=0 cqm=0 deadzone=21,11 fast_pskip=1 chroma_qp_offset=-2 threads=6 lookahead_threads=1 sliced_threads=0 nr=0 decimate=1 interlaced=0 bluray_compat=0 constrained_intra=0 bframes=0 weightp=0 keyint=250 keyint_min=25 scenecut=40 intra_refresh=0 rc_lookahead=40 rc=abr mbtree=1 bitrate=2000 ratetol=1.0 qcomp=0.60 qpmin=0 qpmax=69 qpstep=4 ip_ratio=1.40 aq=1:1.00",False
C:\Users\akash\Downloads\Anomaly-Videos-Part-1\Arson\Arson045_x264.mp4,Arson,Arson045_x264.mp4,31469158,ok,,h264,Constrained Baseline,320,240,30.0,125.109,2012271,yuv420p,600,3,600,3,597,0,0,False,0 250 500,250,250.0,250,148,found,abr,,,2000,250,25,40,0,2,umh,6,16,0,0x1:0x111,0,1,,,0,40,0,1:0:0,,1.00:0.00,1:1.00,"cabac=0 ref=2 deblock=1:0:0 analyse=0x1:0x111 me=umh subme=6 psy=1 psy_rd=1.00:0.00 mixed_ref=1 me_range=16 chroma_me=1 trellis=0 8x8dct=0 cqm=0 deadzone=21,11 fast_pskip=1 chroma_qp_offset=-2 threads=6 lookahead_threads=1 sliced_threads=0 nr=0 decimate=1 interlaced=0 bluray_compat=0 constrained_intra=0 bframes=0 weightp=0 keyint=250 keyint_min=25 scenecut=40 intra_refresh=0 rc_lookahead=40 rc=abr mbtree=1 bitrate=2000 ratetol=1.0 qcomp=0.60 qpmin=0 qpmax=69 qpstep=4 ip_ratio=1.40 aq=1:1.00",False
C:\Users\akash\Downloads\Anomaly-Videos-Part-1\Arson\Arson046_x264.mp4,Arson,Arson046_x264.mp4,17122004,ok,,h264,Constrained Baseline,320,240,30.0,69.125,1981569,yuv420p,600,3,600,3,597,0,0,False,0 250 500,250,250.0,250,148,found,abr,,,2000,250,25,40,0,2,umh,6,16,0,0x1:0x111,0,1,,,0,40,0,1:0:0,,1.00:0.00,1:1.00,"cabac=0 ref=2 deblock=1:0:0 analyse=0x1:0x111 me=umh subme=6 psy=1 psy_rd=1.00:0.00 mixed_ref=1 me_range=16 chroma_me=1 trellis=0 8x8dct=0 cqm=0 deadzone=21,11 fast_pskip=1 chroma_qp_offset=-2 threads=6 lookahead_threads=1 sliced_threads=0 nr=0 decimate=1 interlaced=0 bluray_compat=0 constrained_intra=0 bframes=0 weightp=0 keyint=250 keyint_min=25 scenecut=40 intra_refresh=0 rc_lookahead=40 rc=abr mbtree=1 bitrate=2000 ratetol=1.0 qcomp=0.60 qpmin=0 qpmax=69 qpstep=4 ip_ratio=1.40 aq=1:1.00",False
C:\Users\akash\Downloads\Anomaly-Videos-Part-1\Arson\Arson047_x264.mp4,Arson,Arson047_x264.mp4,13900018,ok,,h264,Constrained Baseline,320,240,30.0,48.133,2310268,yuv420p,600,4,600,4,596,0,0,False,0 250 336 586,195.33,250,250,148,found,abr,,,2000,250,25,40,0,2,umh,6,16,0,0x1:0x111,0,1,,,0,40,0,1:0:0,,1.00:0.00,1:1.00,"cabac=0 ref=2 deblock=1:0:0 analyse=0x1:0x111 me=umh subme=6 psy=1 psy_rd=1.00:0.00 mixed_ref=1 me_range=16 chroma_me=1 trellis=0 8x8dct=0 cqm=0 deadzone=21,11 fast_pskip=1 chroma_qp_offset=-2 threads=6 lookahead_threads=1 sliced_threads=0 nr=0 decimate=1 interlaced=0 bluray_compat=0 constrained_intra=0 bframes=0 weightp=0 keyint=250 keyint_min=25 scenecut=40 intra_refresh=0 rc_lookahead=40 rc=abr mbtree=1 bitrate=2000 ratetol=1.0 qcomp=0.60 qpmin=0 qpmax=69 qpstep=4 ip_ratio=1.40 aq=1:1.00",False
C:\Users\akash\Downloads\Anomaly-Videos-Part-1\Arson\Arson048_x264.mp4,Arson,Arson048_x264.mp4,4317491,ok,,h264,Constrained Baseline,320,240,30.0,13.785,2505614,yuv420p,411,6,411,11,400,0,0,False,0 188 222 251 269 288 291 301 309 317 318,31.8,14.0,188,148,found,abr,,,2000,250,25,40,0,2,umh,6,16,0,0x1:0x111,0,1,,,0,40,0,1:0:0,,1.00:0.00,1:1.00,"cabac=0 ref=2 deblock=1:0:0 analyse=0x1:0x111 me=umh subme=6 psy=1 psy_rd=1.00:0.00 mixed_ref=1 me_range=16 chroma_me=1 trellis=0 8x8dct=0 cqm=0 deadzone=21,11 fast_pskip=1 chroma_qp_offset=-2 threads=6 lookahead_threads=1 sliced_threads=0 nr=0 decimate=1 interlaced=0 bluray_compat=0 constrained_intra=0 bframes=0 weightp=0 keyint=250 keyint_min=25 scenecut=40 intra_refresh=0 rc_lookahead=40 rc=abr mbtree=1 bitrate=2000 ratetol=1.0 qcomp=0.60 qpmin=0 qpmax=69 qpstep=4 ip_ratio=1.40 aq=1:1.00",False
C:\Users\akash\Downloads\Anomaly-Videos-Part-1\Arson\Arson049_x264.mp4,Arson,Arson049_x264.mp4,3142046,ok,,h264,Constrained Baseline,320,240,30.0,12.887,1950520,yuv420p,386,2,386,2,384,0,0,False,0 250,250,250,250,148,found,abr,,,2000,250,25,40,0,2,umh,6,16,0,0x1:0x111,0,1,,,0,40,0,1:0:0,,1.00:0.00,1:1.00,"cabac=0 ref=2 deblock=1:0:0 analyse=0x1:0x111 me=umh subme=6 psy=1 psy_rd=1.00:0.00 mixed_ref=1 me_range=16 chroma_me=1 trellis=0 8x8dct=0 cqm=0 deadzone=21,11 fast_pskip=1 chroma_qp_offset=-2 threads=6 lookahead_threads=1 sliced_threads=0 nr=0 decimate=1 interlaced=0 bluray_compat=0 constrained_intra=0 bframes=0 weightp=0 keyint=250 keyint_min=25 scenecut=40 intra_refresh=0 rc_lookahead=40 rc=abr mbtree=1 bitrate=2000 ratetol=1.0 qcomp=0.60 qpmin=0 qpmax=69 qpstep=4 ip_ratio=1.40 aq=1:1.00",False
C:\Users\akash\Downloads\Anomaly-Videos-Part-1\Arson\Arson050_x264.mp4,Arson,Arson050_x264.mp4,12263860,ok,,h264,Constrained Baseline,320,240,30.0,52.748,1859992,yuv420p,600,3,600,3,597,0,0,False,0 250 500,250,250.0,250,148,found,abr,,,2000,250,25,40,0,2,umh,6,16,0,0x1:0x111,0,1,,,0,40,0,1:0:0,,1.00:0.00,1:1.00,"cabac=0 ref=2 deblock=1:0:0 analyse=0x1:0x111 me=umh subme=6 psy=1 psy_rd=1.00:0.00 mixed_ref=1 me_range=16 chroma_me=1 trellis=0 8x8dct=0 cqm=0 deadzone=21,11 fast_pskip=1 chroma_qp_offset=-2 threads=6 lookahead_threads=1 sliced_threads=0 nr=0 decimate=1 interlaced=0 bluray_compat=0 constrained_intra=0 bframes=0 weightp=0 keyint=250 keyint_min=25 scenecut=40 intra_refresh=0 rc_lookahead=40 rc=abr mbtree=1 bitrate=2000 ratetol=1.0 qcomp=0.60 qpmin=0 qpmax=69 qpstep=4 ip_ratio=1.40 aq=1:1.00",False
C:\Users\akash\Downloads\Anomaly-Videos-Part-1\Arson\Arson051_x264.mp4,Arson,Arson051_x264.mp4,8547575,ok,,h264,Constrained Baseline,320,240,30.0,35.27,1938775,yuv420p,600,5,600,6,594,0,0,False,0 116 122 208 288 457,91.4,86,169,148,found,abr,,,2000,250,25,40,0,2,umh,6,16,0,0x1:0x111,0,1,,,0,40,0,1:0:0,,1.00:0.00,1:1.00,"cabac=0 ref=2 deblock=1:0:0 analyse=0x1:0x111 me=umh subme=6 psy=1 psy_rd=1.00:0.00 mixed_ref=1 me_range=16 chroma_me=1 trellis=0 8x8dct=0 cqm=0 deadzone=21,11 fast_pskip=1 chroma_qp_offset=-2 threads=6 lookahead_threads=1 sliced_threads=0 nr=0 decimate=1 interlaced=0 bluray_compat=0 constrained_intra=0 bframes=0 weightp=0 keyint=250 keyint_min=25 scenecut=40 intra_refresh=0 rc_lookahead=40 rc=abr mbtree=1 bitrate=2000 ratetol=1.0 qcomp=0.60 qpmin=0 qpmax=69 qpstep=4 ip_ratio=1.40 aq=1:1.00",False
C:\Users\akash\Downloads\Anomaly-Videos-Part-1\Arson\Arson052_x264.mp4,Arson,Arson052_x264.mp4,36406549,ok,,h264,Constrained Baseline,320,240,30.0,158.87,1833274,yuv420p,600,3,600,3,597,0,0,False,0 203 453,226.5,226.5,250,148,found,abr,,,2000,250,25,40,0,2,umh,6,16,0,0x1:0x111,0,1,,,0,40,0,1:0:0,,1.00:0.00,1:1.00,"cabac=0 ref=2 deblock=1:0:0 analyse=0x1:0x111 me=umh subme=6 psy=1 psy_rd=1.00:0.00 mixed_ref=1 me_range=16 chroma_me=1 trellis=0 8x8dct=0 cqm=0 deadzone=21,11 fast_pskip=1 chroma_qp_offset=-2 threads=6 lookahead_threads=1 sliced_threads=0 nr=0 decimate=1 interlaced=0 bluray_compat=0 constrained_intra=0 bframes=0 weightp=0 keyint=250 keyint_min=25 scenecut=40 intra_refresh=0 rc_lookahead=40 rc=abr mbtree=1 bitrate=2000 ratetol=1.0 qcomp=0.60 qpmin=0 qpmax=69 qpstep=4 ip_ratio=1.40 aq=1:1.00",False
C:\Users\akash\Downloads\Anomaly-Videos-Part-1\Arson\Arson053_x264.mp4,Arson,Arson053_x264.mp4,58536952,ok,,h264,Constrained Baseline,320,240,30.0,225.873,2073269,yuv420p,600,3,600,4,596,0,0,False,0 2 250 500,166.67,248,250,148,found,abr,,,2000,250,25,40,0,2,umh,6,16,0,0x1:0x111,0,1,,,0,40,0,1:0:0,,1.00:0.00,1:1.00,"cabac=0 ref=2 deblock=1:0:0 analyse=0x1:0x111 me=umh subme=6 psy=1 psy_rd=1.00:0.00 mixed_ref=1 me_range=16 chroma_me=1 trellis=0 8x8dct=0 cqm=0 deadzone=21,11 fast_pskip=1 chroma_qp_offset=-2 threads=6 lookahead_threads=1 sliced_threads=0 nr=0 decimate=1 interlaced=0 bluray_compat=0 constrained_intra=0 bframes=0 weightp=0 keyint=250 keyint_min=25 scenecut=40 intra_refresh=0 rc_lookahead=40 rc=abr mbtree=1 bitrate=2000 ratetol=1.0 qcomp=0.60 qpmin=0 qpmax=69 qpstep=4 ip_ratio=1.40 aq=1:1.00",False
C:\Users\akash\Downloads\Anomaly-Videos-Part-1\Assault\Assault001_x264.mp4,Assault,Assault001_x264.mp4,21066405,ok,,h264,Constrained Baseline,320,240,30.0,82.918,2032504,yuv420p,600,4,600,4,596,0,0,False,0 116 366 578,192.67,212,250,148,found,abr,,,2000,250,25,40,0,2,umh,6,16,0,0x1:0x111,0,1,,,0,40,0,1:0:0,,1.00:0.00,1:1.00,"cabac=0 ref=2 deblock=1:0:0 analyse=0x1:0x111 me=umh subme=6 psy=1 psy_rd=1.00:0.00 mixed_ref=1 me_range=16 chroma_me=1 trellis=0 8x8dct=0 cqm=0 deadzone=21,11 fast_pskip=1 chroma_qp_offset=-2 threads=6 lookahead_threads=1 sliced_threads=0 nr=0 decimate=1 interlaced=0 bluray_compat=0 constrained_intra=0 bframes=0 weightp=0 keyint=250 keyint_min=25 scenecut=40 intra_refresh=0 rc_lookahead=40 rc=abr mbtree=1 bitrate=2000 ratetol=1.0 qcomp=0.60 qpmin=0 qpmax=69 qpstep=4 ip_ratio=1.40 aq=1:1.00",False
C:\Users\akash\Downloads\Anomaly-Videos-Part-1\Assault\Assault002_x264.mp4,Assault,Assault002_x264.mp4,22476834,ok,,h264,Constrained Baseline,320,240,30.0,84.113,2137775,yuv420p,600,3,600,3,597,0,0,False,0 250 500,250,250.0,250,148,found,abr,,,2000,250,25,40,0,2,umh,6,16,0,0x1:0x111,0,1,,,0,40,0,1:0:0,,1.00:0.00,1:1.00,"cabac=0 ref=2 deblock=1:0:0 analyse=0x1:0x111 me=umh subme=6 psy=1 psy_rd=1.00:0.00 mixed_ref=1 me_range=16 chroma_me=1 trellis=0 8x8dct=0 cqm=0 deadzone=21,11 fast_pskip=1 chroma_qp_offset=-2 threads=6 lookahead_threads=1 sliced_threads=0 nr=0 decimate=1 interlaced=0 bluray_compat=0 constrained_intra=0 bframes=0 weightp=0 keyint=250 keyint_min=25 scenecut=40 intra_refresh=0 rc_lookahead=40 rc=abr mbtree=1 bitrate=2000 ratetol=1.0 qcomp=0.60 qpmin=0 qpmax=69 qpstep=4 ip_ratio=1.40 aq=1:1.00",False
C:\Users\akash\Downloads\Anomaly-Videos-Part-1\Assault\Assault003_x264.mp4,Assault,Assault003_x264.mp4,36996660,ok,,h264,Constrained Baseline,320,240,30.0,148.1,1998469,yuv420p,600,3,600,3,597,0,0,False,0 250 500,250,250.0,250,148,found,abr,,,2000,250,25,40,0,2,umh,6,16,0,0x1:0x111,0,1,,,0,40,0,1:0:0,,1.00:0.00,1:1.00,"cabac=0 ref=2 deblock=1:0:0 analyse=0x1:0x111 me=umh subme=6 psy=1 psy_rd=1.00:0.00 mixed_ref=1 me_range=16 chroma_me=1 trellis=0 8x8dct=0 cqm=0 deadzone=21,11 fast_pskip=1 chroma_qp_offset=-2 threads=6 lookahead_threads=1 sliced_threads=0 nr=0 decimate=1 interlaced=0 bluray_compat=0 constrained_intra=0 bframes=0 weightp=0 keyint=250 keyint_min=25 scenecut=40 intra_refresh=0 rc_lookahead=40 rc=abr mbtree=1 bitrate=2000 ratetol=1.0 qcomp=0.60 qpmin=0 qpmax=69 qpstep=4 ip_ratio=1.40 aq=1:1.00",False
C:\Users\akash\Downloads\Anomaly-Videos-Part-1\Assault\Assault004_x264.mp4,Assault,Assault004_x264.mp4,26761725,ok,,h264,Constrained Baseline,320,240,30.0,107.433,1992806,yuv420p,600,3,600,3,597,0,0,False,0 250 500,250,250.0,250,148,found,abr,,,2000,250,25,40,0,2,umh,6,16,0,0x1:0x111,0,1,,,0,40,0,1:0:0,,1.00:0.00,1:1.00,"cabac=0 ref=2 deblock=1:0:0 analyse=0x1:0x111 me=umh subme=6 psy=1 psy_rd=1.00:0.00 mixed_ref=1 me_range=16 chroma_me=1 trellis=0 8x8dct=0 cqm=0 deadzone=21,11 fast_pskip=1 chroma_qp_offset=-2 threads=6 lookahead_threads=1 sliced_threads=0 nr=0 decimate=1 interlaced=0 bluray_compat=0 constrained_intra=0 bframes=0 weightp=0 keyint=250 keyint_min=25 scenecut=40 intra_refresh=0 rc_lookahead=40 rc=abr mbtree=1 bitrate=2000 ratetol=1.0 qcomp=0.60 qpmin=0 qpmax=69 qpstep=4 ip_ratio=1.40 aq=1:1.00",False
C:\Users\akash\Downloads\Anomaly-Videos-Part-1\Assault\Assault005_x264.mp4,Assault,Assault005_x264.mp4,7142443,ok,,h264,Constrained Baseline,320,240,30.0,40.567,1408534,yuv420p,600,3,600,3,597,0,0,False,0 250 500,250,250.0,250,148,found,abr,,,2000,250,25,40,0,2,umh,6,16,0,0x1:0x111,0,1,,,0,40,0,1:0:0,,1.00:0.00,1:1.00,"cabac=0 ref=2 deblock=1:0:0 analyse=0x1:0x111 me=umh subme=6 psy=1 psy_rd=1.00:0.00 mixed_ref=1 me_range=16 chroma_me=1 trellis=0 8x8dct=0 cqm=0 deadzone=21,11 fast_pskip=1 chroma_qp_offset=-2 threads=6 lookahead_threads=1 sliced_threads=0 nr=0 decimate=1 interlaced=0 bluray_compat=0 constrained_intra=0 bframes=0 weightp=0 keyint=250 keyint_min=25 scenecut=40 intra_refresh=0 rc_lookahead=40 rc=abr mbtree=1 bitrate=2000 ratetol=1.0 qcomp=0.60 qpmin=0 qpmax=69 qpstep=4 ip_ratio=1.40 aq=1:1.00",False
C:\Users\akash\Downloads\Anomaly-Videos-Part-1\Assault\Assault006_x264.mp4,Assault,Assault006_x264.mp4,68380776,ok,,h264,Constrained Baseline,320,240,30.0,269.867,2027098,yuv420p,600,3,600,5,595,0,0,False,0 12 13 250 500,125,124.5,250,148,found,abr,,,2000,250,25,40,0,2,umh,6,16,0,0x1:0x111,0,1,,,0,40,0,1:0:0,,1.00:0.00,1:1.00,"cabac=0 ref=2 deblock=1:0:0 analyse=0x1:0x111 me=umh subme=6 psy=1 psy_rd=1.00:0.00 mixed_ref=1 me_range=16 chroma_me=1 trellis=0 8x8dct=0 cqm=0 deadzone=21,11 fast_pskip=1 chroma_qp_offset=-2 threads=6 lookahead_threads=1 sliced_threads=0 nr=0 decimate=1 interlaced=0 bluray_compat=0 constrained_intra=0 bframes=0 weightp=0 keyint=250 keyint_min=25 scenecut=40 intra_refresh=0 rc_lookahead=40 rc=abr mbtree=1 bitrate=2000 ratetol=1.0 qcomp=0.60 qpmin=0 qpmax=69 qpstep=4 ip_ratio=1.40 aq=1:1.00",False
C:\Users\akash\Downloads\Anomaly-Videos-Part-1\Assault\Assault007_x264.mp4,Assault,Assault007_x264.mp4,18655704,ok,,h264,Constrained Baseline,320,240,30.0,65.067,2293734,yuv420p,600,3,600,3,597,0,0,False,0 250 500,250,250.0,250,148,found,abr,,,2000,250,25,40,0,2,umh,6,16,0,0x1:0x111,0,1,,,0,40,0,1:0:0,,1.00:0.00,1:1.00,"cabac=0 ref=2 deblock=1:0:0 analyse=0x1:0x111 me=umh subme=6 psy=1 psy_rd=1.00:0.00 mixed_ref=1 me_range=16 chroma_me=1 trellis=0 8x8dct=0 cqm=0 deadzone=21,11 fast_pskip=1 chroma_qp_offset=-2 threads=6 lookahead_threads=1 sliced_threads=0 nr=0 decimate=1 interlaced=0 bluray_compat=0 constrained_intra=0 bframes=0 weightp=0 keyint=250 keyint_min=25 scenecut=40 intra_refresh=0 rc_lookahead=40 rc=abr mbtree=1 bitrate=2000 ratetol=1.0 qcomp=0.60 qpmin=0 qpmax=69 qpstep=4 ip_ratio=1.40 aq=1:1.00",False
C:\Users\akash\Downloads\Anomaly-Videos-Part-1\Assault\Assault008_x264.mp4,Assault,Assault008_x264.mp4,64507217,ok,,h264,Constrained Baseline,320,240,30.0,251.2,2054369,yuv420p,600,3,600,3,597,0,0,False,0 250 500,250,250.0,250,148,found,abr,,,2000,250,25,40,0,2,umh,6,16,0,0x1:0x111,0,1,,,0,40,0,1:0:0,,1.00:0.00,1:1.00,"cabac=0 ref=2 deblock=1:0:0 analyse=0x1:0x111 me=umh subme=6 psy=1 psy_rd=1.00:0.00 mixed_ref=1 me_range=16 chroma_me=1 trellis=0 8x8dct=0 cqm=0 deadzone=21,11 fast_pskip=1 chroma_qp_offset=-2 threads=6 lookahead_threads=1 sliced_threads=0 nr=0 decimate=1 interlaced=0 bluray_compat=0 constrained_intra=0 bframes=0 weightp=0 keyint=250 keyint_min=25 scenecut=40 intra_refresh=0 rc_lookahead=40 rc=abr mbtree=1 bitrate=2000 ratetol=1.0 qcomp=0.60 qpmin=0 qpmax=69 qpstep=4 ip_ratio=1.40 aq=1:1.00",False
C:\Users\akash\Downloads\Anomaly-Videos-Part-1\Assault\Assault009_x264.mp4,Assault,Assault009_x264.mp4,30447821,ok,,h264,Constrained Baseline,320,240,30.0,120.06,2028840,yuv420p,600,3,600,3,597,0,0,False,0 250 500,250,250.0,250,148,found,abr,,,2000,250,25,40,0,2,umh,6,16,0,0x1:0x111,0,1,,,0,40,0,1:0:0,,1.00:0.00,1:1.00,"cabac=0 ref=2 deblock=1:0:0 analyse=0x1:0x111 me=umh subme=6 psy=1 psy_rd=1.00:0.00 mixed_ref=1 me_range=16 chroma_me=1 trellis=0 8x8dct=0 cqm=0 deadzone=21,11 fast_pskip=1 chroma_qp_offset=-2 threads=6 lookahead_threads=1 sliced_threads=0 nr=0 decimate=1 interlaced=0 bluray_compat=0 constrained_intra=0 bframes=0 weightp=0 keyint=250 keyint_min=25 scenecut=40 intra_refresh=0 rc_lookahead=40 rc=abr mbtree=1 bitrate=2000 ratetol=1.0 qcomp=0.60 qpmin=0 qpmax=69 qpstep=4 ip_ratio=1.40 aq=1:1.00",False
C:\Users\akash\Downloads\Anomaly-Videos-Part-1\Assault\Assault010_x264.mp4,Assault,Assault010_x264.mp4,115244426,ok,,h264,Constrained Baseline,320,240,30.0,539.353,1709372,yuv420p,600,3,600,3,597,0,0,False,0 250 500,250,250.0,250,148,found,abr,,,2000,250,25,40,0,2,umh,6,16,0,0x1:0x111,0,1,,,0,40,0,1:0:0,,1.00:0.00,1:1.00,"cabac=0 ref=2 deblock=1:0:0 analyse=0x1:0x111 me=umh subme=6 psy=1 psy_rd=1.00:0.00 mixed_ref=1 me_range=16 chroma_me=1 trellis=0 8x8dct=0 cqm=0 deadzone=21,11 fast_pskip=1 chroma_qp_offset=-2 threads=6 lookahead_threads=1 sliced_threads=0 nr=0 decimate=1 interlaced=0 bluray_compat=0 constrained_intra=0 bframes=0 weightp=0 keyint=250 keyint_min=25 scenecut=40 intra_refresh=0 rc_lookahead=40 rc=abr mbtree=1 bitrate=2000 ratetol=1.0 qcomp=0.60 qpmin=0 qpmax=69 qpstep=4 ip_ratio=1.40 aq=1:1.00",False
C:\Users\akash\Downloads\Anomaly-Videos-Part-1\Assault\Assault011_x264.mp4,Assault,Assault011_x264.mp4,20113377,ok,,h264,Constrained Baseline,320,240,30.0,76.346,2107602,yuv420p,600,3,600,3,597,0,0,False,0 250 500,250,250.0,250,148,found,abr,,,2000,250,25,40,0,2,umh,6,16,0,0x1:0x111,0,1,,,0,40,0,1:0:0,,1.00:0.00,1:1.00,"cabac=0 ref=2 deblock=1:0:0 analyse=0x1:0x111 me=umh subme=6 psy=1 psy_rd=1.00:0.00 mixed_ref=1 me_range=16 chroma_me=1 trellis=0 8x8dct=0 cqm=0 deadzone=21,11 fast_pskip=1 chroma_qp_offset=-2 threads=6 lookahead_threads=1 sliced_threads=0 nr=0 decimate=1 interlaced=0 bluray_compat=0 constrained_intra=0 bframes=0 weightp=0 keyint=250 keyint_min=25 scenecut=40 intra_refresh=0 rc_lookahead=40 rc=abr mbtree=1 bitrate=2000 ratetol=1.0 qcomp=0.60 qpmin=0 qpmax=69 qpstep=4 ip_ratio=1.40 aq=1:1.00",False
C:\Users\akash\Downloads\Anomaly-Videos-Part-1\Assault\Assault012_x264.mp4,Assault,Assault012_x264.mp4,4989936,ok,,h264,Constrained Baseline,320,240,30.0,26.331,1516064,yuv420p,600,3,600,3,597,0,0,False,0 250 500,250,250.0,250,148,found,abr,,,2000,250,25,40,0,2,umh,6,16,0,0x1:0x111,0,1,,,0,40,0,1:0:0,,1.00:0.00,1:1.00,"cabac=0 ref=2 deblock=1:0:0 analyse=0x1:0x111 me=umh subme=6 psy=1 psy_rd=1.00:0.00 mixed_ref=1 me_range=16 chroma_me=1 trellis=0 8x8dct=0 cqm=0 deadzone=21,11 fast_pskip=1 chroma_qp_offset=-2 threads=6 lookahead_threads=1 sliced_threads=0 nr=0 decimate=1 interlaced=0 bluray_compat=0 constrained_intra=0 bframes=0 weightp=0 keyint=250 keyint_min=25 scenecut=40 intra_refresh=0 rc_lookahead=40 rc=abr mbtree=1 bitrate=2000 ratetol=1.0 qcomp=0.60 qpmin=0 qpmax=69 qpstep=4 ip_ratio=1.40 aq=1:1.00",False
C:\Users\akash\Downloads\Anomaly-Videos-Part-1\Assault\Assault013_x264.mp4,Assault,Assault013_x264.mp4,15365954,ok,,h264,Constrained Baseline,320,240,30.0,79.319,1549787,yuv420p,600,3,600,3,597,0,0,False,0 250 500,250,250.0,250,148,found,abr,,,2000,250,25,40,0,2,umh,6,16,0,0x1:0x111,0,1,,,0,40,0,1:0:0,,1.00:0.00,1:1.00,"cabac=0 ref=2 deblock=1:0:0 analyse=0x1:0x111 me=umh subme=6 psy=1 psy_rd=1.00:0.00 mixed_ref=1 me_range=16 chroma_me=1 trellis=0 8x8dct=0 cqm=0 deadzone=21,11 fast_pskip=1 chroma_qp_offset=-2 threads=6 lookahead_threads=1 sliced_threads=0 nr=0 decimate=1 interlaced=0 bluray_compat=0 constrained_intra=0 bframes=0 weightp=0 keyint=250 keyint_min=25 scenecut=40 intra_refresh=0 rc_lookahead=40 rc=abr mbtree=1 bitrate=2000 ratetol=1.0 qcomp=0.60 qpmin=0 qpmax=69 qpstep=4 ip_ratio=1.40 aq=1:1.00",False
C:\Users\akash\Downloads\Anomaly-Videos-Part-1\Assault\Assault014_x264.mp4,Assault,Assault014_x264.mp4,11083650,ok,,h264,Constrained Baseline,320,240,30.0,63.589,1394410,yuv420p,600,3,600,3,597,0,0,False,0 250 500,250,250.0,250,148,found,abr,,,2000,250,25,40,0,2,umh,6,16,0,0x1:0x111,0,1,,,0,40,0,1:0:0,,1.00:0.00,1:1.00,"cabac=0 ref=2 deblock=1:0:0 analyse=0x1:0x111 me=umh subme=6 psy=1 psy_rd=1.00:0.00 mixed_ref=1 me_range=16 chroma_me=1 trellis=0 8x8dct=0 cqm=0 deadzone=21,11 fast_pskip=1 chroma_qp_offset=-2 threads=6 lookahead_threads=1 sliced_threads=0 nr=0 decimate=1 interlaced=0 bluray_compat=0 constrained_intra=0 bframes=0 weightp=0 keyint=250 keyint_min=25 scenecut=40 intra_refresh=0 rc_lookahead=40 rc=abr mbtree=1 bitrate=2000 ratetol=1.0 qcomp=0.60 qpmin=0 qpmax=69 qpstep=4 ip_ratio=1.40 aq=1:1.00",False
C:\Users\akash\Downloads\Anomaly-Videos-Part-1\Assault\Assault015_x264.mp4,Assault,Assault015_x264.mp4,13073396,ok,,h264,Constrained Baseline,320,240,30.0,49.389,2117620,yuv420p,600,3,600,3,597,0,0,False,0 250 500,250,250.0,250,148,found,abr,,,2000,250,25,40,0,2,umh,6,16,0,0x1:0x111,0,1,,,0,40,0,1:0:0,,1.00:0.00,1:1.00,"cabac=0 ref=2 deblock=1:0:0 analyse=0x1:0x111 me=umh subme=6 psy=1 psy_rd=1.00:0.00 mixed_ref=1 me_range=16 chroma_me=1 trellis=0 8x8dct=0 cqm=0 deadzone=21,11 fast_pskip=1 chroma_qp_offset=-2 threads=6 lookahead_threads=1 sliced_threads=0 nr=0 decimate=1 interlaced=0 bluray_compat=0 constrained_intra=0 bframes=0 weightp=0 keyint=250 keyint_min=25 scenecut=40 intra_refresh=0 rc_lookahead=40 rc=abr mbtree=1 bitrate=2000 ratetol=1.0 qcomp=0.60 qpmin=0 qpmax=69 qpstep=4 ip_ratio=1.40 aq=1:1.00",False
C:\Users\akash\Downloads\Anomaly-Videos-Part-1\Assault\Assault016_x264.mp4,Assault,Assault016_x264.mp4,43823544,ok,,h264,Constrained Baseline,320,240,30.0,220.589,1589328,yuv420p,600,3,600,3,597,0,0,False,0 250 500,250,250.0,250,148,found,abr,,,2000,250,25,40,0,2,umh,6,16,0,0x1:0x111,0,1,,,0,40,0,1:0:0,,1.00:0.00,1:1.00,"cabac=0 ref=2 deblock=1:0:0 analyse=0x1:0x111 me=umh subme=6 psy=1 psy_rd=1.00:0.00 mixed_ref=1 me_range=16 chroma_me=1 trellis=0 8x8dct=0 cqm=0 deadzone=21,11 fast_pskip=1 chroma_qp_offset=-2 threads=6 lookahead_threads=1 sliced_threads=0 nr=0 decimate=1 interlaced=0 bluray_compat=0 constrained_intra=0 bframes=0 weightp=0 keyint=250 keyint_min=25 scenecut=40 intra_refresh=0 rc_lookahead=40 rc=abr mbtree=1 bitrate=2000 ratetol=1.0 qcomp=0.60 qpmin=0 qpmax=69 qpstep=4 ip_ratio=1.40 aq=1:1.00",False
C:\Users\akash\Downloads\Anomaly-Videos-Part-1\Assault\Assault017_x264.mp4,Assault,Assault017_x264.mp4,24747870,ok,,mjpeg,Baseline,320,240,30.0,81.667,2424281,yuvj420p,600,600,600,600,0,0,0,False,0 1 2 3 4 5 6 7 8 9 10 11 12 13 14 15 16 17 18 19 20 21 22 23 24 25 26 27 28 29 30 31 32 33 34 35 36 37 38 39 40 41 42 43 44 45 46 47 48 49 50 51 52 53 54 55 56 57 58 59 60 61 62 63 64 65 66 67 68 69 70 71 72 73 74 75 76 77 78 79 80 81 82 83 84 85 86 87 88 89 90 91 92 93 94 95 96 97 98 99 100 101 102 103 104 105 106 107 108 109 110 111 112 113 114 115 116 117 118 119 120 121 122 123 124 125 126 127 128 129 130 131 132 133 134 135 136 137 138 139 140 141 142 143 144 145 146 147 148 149 150 151 152 153 154 155 156 157 158 159 160 161 162 163 164 165 166 167 168 169 170 171 172 173 174 175 176 177 178 179 180 181 182 183 184 185 186 187 188 189 190 191 192 193 194 195 196 197 198 199 200 201 202 203 204 205 206 207 208 209 210 211 212 213 214 215 216 217 218 219 220 221 222 223 224 225 226 227 228 229 230 231 232 233 234 235 236 237 238 239 240 241 242 243 244 245 246 247 248 249 250 251 252 253 254 255 256 257 258 259 260 261 262 263 264 265 266 267 268 269 270 271 272 273 274 275 276 277 278 279 280 281 282 283 284 285 286 287 288 289 290 291 292 293 294 295 296 297 298 299 300 301 302 303 304 305 306 307 308 309 310 311 312 313 314 315 316 317 318 319 320 321 322 323 324 325 326 327 328 329 330 331 332 333 334 335 336 337 338 339 340 341 342 343 344 345 346 347 348 349 350 351 352 353 354 355 356 357 358 359 360 361 362 363 364 365 366 367 368 369 370 371 372 373 374 375 376 377 378 379 380 381 382 383 384 385 386 387 388 389 390 391 392 393 394 395 396 397 398 399 400 401 402 403 404 405 406 407 408 409 410 411 412 413 414 415 416 417 418 419 420 421 422 423 424 425 426 427 428 429 430 431 432 433 434 435 436 437 438 439 440 441 442 443 444 445 446 447 448 449 450 451 452 453 454 455 456 457 458 459 460 461 462 463 464 465 466 467 468 469 470 471 472 473 474 475 476 477 478 479 480 481 482 483 484 485 486 487 488 489 490 491 492 493 494 495 496 497 498 499 500 501 502 503 504 505 506 507 508 509 510 511 512 513 514 515 516 517 518 519 520 521 522 523 524 525 526 527 528 529 530 531 532 533 534 535 536 537 538 539 540 541 542 543 544 545 546 547 548 549 550 551 552 553 554 555 556 557 558 559 560 561 562 563 564 565 566 567 568 569 570 571 572 573 574 575 576 577 578 579 580 581 582 583 584 585 586 587 588 589 590 591 592 593 594 595 596 597 598 599,1,1,1,,no_x264_sei,,,,,,,,,,,,,,,,,,,,,,,,,,,True
C:\Users\akash\Downloads\Anomaly-Videos-Part-1\Assault\Assault018_x264.mp4,Assault,Assault018_x264.mp4,1060732,ok,,h264,Constrained Baseline,320,240,30.0,12.515,678054,yuv420p,361,2,361,2,359,0,0,False,0 250,250,250,250,148,found,abr,,,2000,250,25,40,0,2,umh,6,16,0,0x1:0x111,0,1,,,0,40,0,1:0:0,,1.00:0.00,1:1.00,"cabac=0 ref=2 deblock=1:0:0 analyse=0x1:0x111 me=umh subme=6 psy=1 psy_rd=1.00:0.00 mixed_ref=1 me_range=16 chroma_me=1 trellis=0 8x8dct=0 cqm=0 deadzone=21,11 fast_pskip=1 chroma_qp_offset=-2 threads=6 lookahead_threads=1 sliced_threads=0 nr=0 decimate=1 interlaced=0 bluray_compat=0 constrained_intra=0 bframes=0 weightp=0 keyint=250 keyint_min=25 scenecut=40 intra_refresh=0 rc_lookahead=40 rc=abr mbtree=1 bitrate=2000 ratetol=1.0 qcomp=0.60 qpmin=0 qpmax=69 qpstep=4 ip_ratio=1.40 aq=1:1.00",False
C:\Users\akash\Downloads\Anomaly-Videos-Part-1\Assault\Assault019_x264.mp4,Assault,Assault019_x264.mp4,16920347,ok,,h264,Constrained Baseline,320,240,30.0,84.613,1599787,yuv420p,600,3,600,3,597,0,0,False,0 250 500,250,250.0,250,148,found,abr,,,2000,250,25,40,0,2,umh,6,16,0,0x1:0x111,0,1,,,0,40,0,1:0:0,,1.00:0.00,1:1.00,"cabac=0 ref=2 deblock=1:0:0 analyse=0x1:0x111 me=umh subme=6 psy=1 psy_rd=1.00:0.00 mixed_ref=1 me_range=16 chroma_me=1 trellis=0 8x8dct=0 cqm=0 deadzone=21,11 fast_pskip=1 chroma_qp_offset=-2 threads=6 lookahead_threads=1 sliced_threads=0 nr=0 decimate=1 interlaced=0 bluray_compat=0 constrained_intra=0 bframes=0 weightp=0 keyint=250 keyint_min=25 scenecut=40 intra_refresh=0 rc_lookahead=40 rc=abr mbtree=1 bitrate=2000 ratetol=1.0 qcomp=0.60 qpmin=0 qpmax=69 qpstep=4 ip_ratio=1.40 aq=1:1.00",False
C:\Users\akash\Downloads\Anomaly-Videos-Part-1\Assault\Assault020_x264.mp4,Assault,Assault020_x264.mp4,3912419,ok,,h264,Constrained Baseline,320,240,30.0,15.928,1965051,yuv420p,474,2,474,2,472,0,0,False,0 250,250,250,250,148,found,abr,,,2000,250,25,40,0,2,umh,6,16,0,0x1:0x111,0,1,,,0,40,0,1:0:0,,1.00:0.00,1:1.00,"cabac=0 ref=2 deblock=1:0:0 analyse=0x1:0x111 me=umh subme=6 psy=1 psy_rd=1.00:0.00 mixed_ref=1 me_range=16 chroma_me=1 trellis=0 8x8dct=0 cqm=0 deadzone=21,11 fast_pskip=1 chroma_qp_offset=-2 threads=6 lookahead_threads=1 sliced_threads=0 nr=0 decimate=1 interlaced=0 bluray_compat=0 constrained_intra=0 bframes=0 weightp=0 keyint=250 keyint_min=25 scenecut=40 intra_refresh=0 rc_lookahead=40 rc=abr mbtree=1 bitrate=2000 ratetol=1.0 qcomp=0.60 qpmin=0 qpmax=69 qpstep=4 ip_ratio=1.40 aq=1:1.00",False
C:\Users\akash\Downloads\Anomaly-Videos-Part-1\Assault\Assault022_x264.mp4,Assault,Assault022_x264.mp4,16968901,ok,,h264,Constrained Baseline,320,240,30.0,84.055,1615028,yuv420p,600,3,600,3,597,0,0,False,0 250 500,250,250.0,250,148,found,abr,,,2000,250,25,40,0,2,umh,6,16,0,0x1:0x111,0,1,,,0,40,0,1:0:0,,1.00:0.00,1:1.00,"cabac=0 ref=2 deblock=1:0:0 analyse=0x1:0x111 me=umh subme=6 psy=1 psy_rd=1.00:0.00 mixed_ref=1 me_range=16 chroma_me=1 trellis=0 8x8dct=0 cqm=0 deadzone=21,11 fast_pskip=1 chroma_qp_offset=-2 threads=6 lookahead_threads=1 sliced_threads=0 nr=0 decimate=1 interlaced=0 bluray_compat=0 constrained_intra=0 bframes=0 weightp=0 keyint=250 keyint_min=25 scenecut=40 intra_refresh=0 rc_lookahead=40 rc=abr mbtree=1 bitrate=2000 ratetol=1.0 qcomp=0.60 qpmin=0 qpmax=69 qpstep=4 ip_ratio=1.40 aq=1:1.00",False
C:\Users\akash\Downloads\Anomaly-Videos-Part-1\Assault\Assault023_x264.mp4,Assault,Assault023_x264.mp4,7103869,ok,,h264,Constrained Baseline,320,240,30.0,33.767,1683048,yuv420p,600,5,600,6,594,0,0,False,0 19 59 99 349 599,119.8,40,250,148,found,abr,,,2000,250,25,40,0,2,umh,6,16,0,0x1:0x111,0,1,,,0,40,0,1:0:0,,1.00:0.00,1:1.00,"cabac=0 ref=2 deblock=1:0:0 analyse=0x1:0x111 me=umh subme=6 psy=1 psy_rd=1.00:0.00 mixed_ref=1 me_range=16 chroma_me=1 trellis=0 8x8dct=0 cqm=0 deadzone=21,11 fast_pskip=1 chroma_qp_offset=-2 threads=6 lookahead_threads=1 sliced_threads=0 nr=0 decimate=1 interlaced=0 bluray_compat=0 constrained_intra=0 bframes=0 weightp=0 keyint=250 keyint_min=25 scenecut=40 intra_refresh=0 rc_lookahead=40 rc=abr mbtree=1 bitrate=2000 ratetol=1.0 qcomp=0.60 qpmin=0 qpmax=69 qpstep=4 ip_ratio=1.40 aq=1:1.00",False
C:\Users\akash\Downloads\Anomaly-Videos-Part-1\Assault\Assault024_x264.mp4,Assault,Assault024_x264.mp4,4011669,ok,,h264,Constrained Baseline,320,240,30.0,14.897,2154348,yuv420p,446,2,446,2,444,0,0,False,0 250,250,250,250,148,found,abr,,,2000,250,25,40,0,2,umh,6,16,0,0x1:0x111,0,1,,,0,40,0,1:0:0,,1.00:0.00,1:1.00,"cabac=0 ref=2 deblock=1:0:0 analyse=0x1:0x111 me=umh subme=6 psy=1 psy_rd=1.00:0.00 mixed_ref=1 me_range=16 chroma_me=1 trellis=0 8x8dct=0 cqm=0 deadzone=21,11 fast_pskip=1 chroma_qp_offset=-2 threads=6 lookahead_threads=1 sliced_threads=0 nr=0 decimate=1 interlaced=0 bluray_compat=0 constrained_intra=0 bframes=0 weightp=0 keyint=250 keyint_min=25 scenecut=40 intra_refresh=0 rc_lookahead=40 rc=abr mbtree=1 bitrate=2000 ratetol=1.0 qcomp=0.60 qpmin=0 qpmax=69 qpstep=4 ip_ratio=1.40 aq=1:1.00",False
C:\Users\akash\Downloads\Anomaly-Videos-Part-1\Assault\Assault025_x264.mp4,Assault,Assault025_x264.mp4,11651482,ok,,h264,Constrained Baseline,320,240,30.0,38.823,2400944,yuv420p,600,3,600,3,597,0,0,False,0 250 500,250,250.0,250,148,found,abr,,,2000,250,25,40,0,2,umh,6,16,0,0x1:0x111,0,1,,,0,40,0,1:0:0,,1.00:0.00,1:1.00,"cabac=0 ref=2 deblock=1:0:0 analyse=0x1:0x111 me=umh subme=6 psy=1 psy_rd=1.00:0.00 mixed_ref=1 me_range=16 chroma_me=1 trellis=0 8x8dct=0 cqm=0 deadzone=21,11 fast_pskip=1 chroma_qp_offset=-2 threads=6 lookahead_threads=1 sliced_threads=0 nr=0 decimate=1 interlaced=0 bluray_compat=0 constrained_intra=0 bframes=0 weightp=0 keyint=250 keyint_min=25 scenecut=40 intra_refresh=0 rc_lookahead=40 rc=abr mbtree=1 bitrate=2000 ratetol=1.0 qcomp=0.60 qpmin=0 qpmax=69 qpstep=4 ip_ratio=1.40 aq=1:1.00",False
C:\Users\akash\Downloads\Anomaly-Videos-Part-1\Assault\Assault026_x264.mp4,Assault,Assault026_x264.mp4,4352934,ok,,h264,Constrained Baseline,320,240,30.0,28.188,1235400,yuv420p,600,3,600,3,597,0,0,False,0 250 500,250,250.0,250,148,found,abr,,,2000,250,25,40,0,2,umh,6,16,0,0x1:0x111,0,1,,,0,40,0,1:0:0,,1.00:0.00,1:1.00,"cabac=0 ref=2 deblock=1:0:0 analyse=0x1:0x111 me=umh subme=6 psy=1 psy_rd=1.00:0.00 mixed_ref=1 me_range=16 chroma_me=1 trellis=0 8x8dct=0 cqm=0 deadzone=21,11 fast_pskip=1 chroma_qp_offset=-2 threads=6 lookahead_threads=1 sliced_threads=0 nr=0 decimate=1 interlaced=0 bluray_compat=0 constrained_intra=0 bframes=0 weightp=0 keyint=250 keyint_min=25 scenecut=40 intra_refresh=0 rc_lookahead=40 rc=abr mbtree=1 bitrate=2000 ratetol=1.0 qcomp=0.60 qpmin=0 qpmax=69 qpstep=4 ip_ratio=1.40 aq=1:1.00",False
C:\Users\akash\Downloads\Anomaly-Videos-Part-1\Assault\Assault027_x264.mp4,Assault,Assault027_x264.mp4,51472036,ok,,h264,Constrained Baseline,320,240,30.0,231.641,1777648,yuv420p,600,3,600,3,597,0,0,False,0 120 370,185,185.0,250,148,found,abr,,,2000,250,25,40,0,2,umh,6,16,0,0x1:0x111,0,1,,,0,40,0,1:0:0,,1.00:0.00,1:1.00,"cabac=0 ref=2 deblock=1:0:0 analyse=0x1:0x111 me=umh subme=6 psy=1 psy_rd=1.00:0.00 mixed_ref=1 me_range=16 chroma_me=1 trellis=0 8x8dct=0 cqm=0 deadzone=21,11 fast_pskip=1 chroma_qp_offset=-2 threads=6 lookahead_threads=1 sliced_threads=0 nr=0 decimate=1 interlaced=0 bluray_compat=0 constrained_intra=0 bframes=0 weightp=0 keyint=250 keyint_min=25 scenecut=40 intra_refresh=0 rc_lookahead=40 rc=abr mbtree=1 bitrate=2000 ratetol=1.0 qcomp=0.60 qpmin=0 qpmax=69 qpstep=4 ip_ratio=1.40 aq=1:1.00",False
C:\Users\akash\Downloads\Anomaly-Videos-Part-1\Assault\Assault028_x264.mp4,Assault,Assault028_x264.mp4,22069311,ok,,h264,Constrained Baseline,320,240,30.0,87.841,2009932,yuv420p,600,3,600,3,597,0,0,False,0 250 500,250,250.0,250,148,found,abr,,,2000,250,25,40,0,2,umh,6,16,0,0x1:0x111,0,1,,,0,40,0,1:0:0,,1.00:0.00,1:1.00,"cabac=0 ref=2 deblock=1:0:0 analyse=0x1:0x111 me=umh subme=6 psy=1 psy_rd=1.00:0.00 mixed_ref=1 me_range=16 chroma_me=1 trellis=0 8x8dct=0 cqm=0 deadzone=21,11 fast_pskip=1 chroma_qp_offset=-2 threads=6 lookahead_threads=1 sliced_threads=0 nr=0 decimate=1 interlaced=0 bluray_compat=0 constrained_intra=0 bframes=0 weightp=0 keyint=250 keyint_min=25 scenecut=40 intra_refresh=0 rc_lookahead=40 rc=abr mbtree=1 bitrate=2000 ratetol=1.0 qcomp=0.60 qpmin=0 qpmax=69 qpstep=4 ip_ratio=1.40 aq=1:1.00",False
C:\Users\akash\Downloads\Anomaly-Videos-Part-1\Assault\Assault029_x264.mp4,Assault,Assault029_x264.mp4,5037764,ok,,h264,Constrained Baseline,320,240,30.0,20.33,1982396,yuv420p,600,3,600,3,597,0,0,False,0 227 477,238.5,238.5,250,148,found,abr,,,2000,250,25,40,0,2,umh,6,16,0,0x1:0x111,0,1,,,0,40,0,1:0:0,,1.00:0.00,1:1.00,"cabac=0 ref=2 deblock=1:0:0 analyse=0x1:0x111 me=umh subme=6 psy=1 psy_rd=1.00:0.00 mixed_ref=1 me_range=16 chroma_me=1 trellis=0 8x8dct=0 cqm=0 deadzone=21,11 fast_pskip=1 chroma_qp_offset=-2 threads=6 lookahead_threads=1 sliced_threads=0 nr=0 decimate=1 interlaced=0 bluray_compat=0 constrained_intra=0 bframes=0 weightp=0 keyint=250 keyint_min=25 scenecut=40 intra_refresh=0 rc_lookahead=40 rc=abr mbtree=1 bitrate=2000 ratetol=1.0 qcomp=0.60 qpmin=0 qpmax=69 qpstep=4 ip_ratio=1.40 aq=1:1.00",False
C:\Users\akash\Downloads\Anomaly-Videos-Part-1\Assault\Assault030_x264.mp4,Assault,Assault030_x264.mp4,14364391,ok,,h264,Constrained Baseline,320,240,30.0,58.922,1950292,yuv420p,600,3,600,3,597,0,0,False,0 250 500,250,250.0,250,148,found,abr,,,2000,250,25,40,0,2,umh,6,16,0,0x1:0x111,0,1,,,0,40,0,1:0:0,,1.00:0.00,1:1.00,"cabac=0 ref=2 deblock=1:0:0 analyse=0x1:0x111 me=umh subme=6 psy=1 psy_rd=1.00:0.00 mixed_ref=1 me_range=16 chroma_me=1 trellis=0 8x8dct=0 cqm=0 deadzone=21,11 fast_pskip=1 chroma_qp_offset=-2 threads=6 lookahead_threads=1 sliced_threads=0 nr=0 decimate=1 interlaced=0 bluray_compat=0 constrained_intra=0 bframes=0 weightp=0 keyint=250 keyint_min=25 scenecut=40 intra_refresh=0 rc_lookahead=40 rc=abr mbtree=1 bitrate=2000 ratetol=1.0 qcomp=0.60 qpmin=0 qpmax=69 qpstep=4 ip_ratio=1.40 aq=1:1.00",False
C:\Users\akash\Downloads\Anomaly-Videos-Part-1\Assault\Assault031_x264.mp4,Assault,Assault031_x264.mp4,6574902,ok,,h264,Constrained Baseline,320,240,30.0,25.217,2085862,yuv420p,600,5,600,6,594,0,0,False,0 11 62 122 345 595,119,60,250,148,found,abr,,,2000,250,25,40,0,2,umh,6,16,0,0x1:0x111,0,1,,,0,40,0,1:0:0,,1.00:0.00,1:1.00,"cabac=0 ref=2 deblock=1:0:0 analyse=0x1:0x111 me=umh subme=6 psy=1 psy_rd=1.00:0.00 mixed_ref=1 me_range=16 chroma_me=1 trellis=0 8x8dct=0 cqm=0 deadzone=21,11 fast_pskip=1 chroma_qp_offset=-2 threads=6 lookahead_threads=1 sliced_threads=0 nr=0 decimate=1 interlaced=0 bluray_compat=0 constrained_intra=0 bframes=0 weightp=0 keyint=250 keyint_min=25 scenecut=40 intra_refresh=0 rc_lookahead=40 rc=abr mbtree=1 bitrate=2000 ratetol=1.0 qcomp=0.60 qpmin=0 qpmax=69 qpstep=4 ip_ratio=1.40 aq=1:1.00",False
C:\Users\akash\Downloads\Anomaly-Videos-Part-1\Assault\Assault032_x264.mp4,Assault,Assault032_x264.mp4,4280894,ok,,h264,Constrained Baseline,320,240,30.0,19.067,1796179,yuv420p,572,3,572,3,569,0,0,False,0 250 500,250,250.0,250,148,found,abr,,,2000,250,25,40,0,2,umh,6,16,0,0x1:0x111,0,1,,,0,40,0,1:0:0,,1.00:0.00,1:1.00,"cabac=0 ref=2 deblock=1:0:0 analyse=0x1:0x111 me=umh subme=6 psy=1 psy_rd=1.00:0.00 mixed_ref=1 me_range=16 chroma_me=1 trellis=0 8x8dct=0 cqm=0 deadzone=21,11 fast_pskip=1 chroma_qp_offset=-2 threads=6 lookahead_threads=1 sliced_threads=0 nr=0 decimate=1 interlaced=0 bluray_compat=0 constrained_intra=0 bframes=0 weightp=0 keyint=250 keyint_min=25 scenecut=40 intra_refresh=0 rc_lookahead=40 rc=abr mbtree=1 bitrate=2000 ratetol=1.0 qcomp=0.60 qpmin=0 qpmax=69 qpstep=4 ip_ratio=1.40 aq=1:1.00",False
C:\Users\akash\Downloads\Anomaly-Videos-Part-1\Assault\Assault033_x264.mp4,Assault,Assault033_x264.mp4,11223003,ok,,h264,Constrained Baseline,320,240,30.0,42.639,2105678,yuv420p,600,3,600,3,597,0,0,False,0 250 500,250,250.0,250,148,found,abr,,,2000,250,25,40,0,2,umh,6,16,0,0x1:0x111,0,1,,,0,40,0,1:0:0,,1.00:0.00,1:1.00,"cabac=0 ref=2 deblock=1:0:0 analyse=0x1:0x111 me=umh subme=6 psy=1 psy_rd=1.00:0.00 mixed_ref=1 me_range=16 chroma_me=1 trellis=0 8x8dct=0 cqm=0 deadzone=21,11 fast_pskip=1 chroma_qp_offset=-2 threads=6 lookahead_threads=1 sliced_threads=0 nr=0 decimate=1 interlaced=0 bluray_compat=0 constrained_intra=0 bframes=0 weightp=0 keyint=250 keyint_min=25 scenecut=40 intra_refresh=0 rc_lookahead=40 rc=abr mbtree=1 bitrate=2000 ratetol=1.0 qcomp=0.60 qpmin=0 qpmax=69 qpstep=4 ip_ratio=1.40 aq=1:1.00",False
C:\Users\akash\Downloads\Anomaly-Videos-Part-1\Assault\Assault034_x264.mp4,Assault,Assault034_x264.mp4,16110825,ok,,h264,Constrained Baseline,320,240,30.0,77.322,1666881,yuv420p,600,3,600,3,597,0,0,False,0 250 500,250,250.0,250,148,found,abr,,,2000,250,25,40,0,2,umh,6,16,0,0x1:0x111,0,1,,,0,40,0,1:0:0,,1.00:0.00,1:1.00,"cabac=0 ref=2 deblock=1:0:0 analyse=0x1:0x111 me=umh subme=6 psy=1 psy_rd=1.00:0.00 mixed_ref=1 me_range=16 chroma_me=1 trellis=0 8x8dct=0 cqm=0 deadzone=21,11 fast_pskip=1 chroma_qp_offset=-2 threads=6 lookahead_threads=1 sliced_threads=0 nr=0 decimate=1 interlaced=0 bluray_compat=0 constrained_intra=0 bframes=0 weightp=0 keyint=250 keyint_min=25 scenecut=40 intra_refresh=0 rc_lookahead=40 rc=abr mbtree=1 bitrate=2000 ratetol=1.0 qcomp=0.60 qpmin=0 qpmax=69 qpstep=4 ip_ratio=1.40 aq=1:1.00",False
C:\Users\akash\Downloads\Anomaly-Videos-Part-1\Assault\Assault035_x264.mp4,Assault,Assault035_x264.mp4,6208430,ok,,h264,Constrained Baseline,320,240,30.0,30.0,1655581,yuv420p,600,3,600,3,597,0,0,False,0 250 500,250,250.0,250,148,found,abr,,,2000,250,25,40,0,2,umh,6,16,0,0x1:0x111,0,1,,,0,40,0,1:0:0,,1.00:0.00,1:1.00,"cabac=0 ref=2 deblock=1:0:0 analyse=0x1:0x111 me=umh subme=6 psy=1 psy_rd=1.00:0.00 mixed_ref=1 me_range=16 chroma_me=1 trellis=0 8x8dct=0 cqm=0 deadzone=21,11 fast_pskip=1 chroma_qp_offset=-2 threads=6 lookahead_threads=1 sliced_threads=0 nr=0 decimate=1 interlaced=0 bluray_compat=0 constrained_intra=0 bframes=0 weightp=0 keyint=250 keyint_min=25 scenecut=40 intra_refresh=0 rc_lookahead=40 rc=abr mbtree=1 bitrate=2000 ratetol=1.0 qcomp=0.60 qpmin=0 qpmax=69 qpstep=4 ip_ratio=1.40 aq=1:1.00",False
C:\Users\akash\Downloads\Anomaly-Videos-Part-1\Assault\Assault036_x264.mp4,Assault,Assault036_x264.mp4,5421191,ok,,h264,Constrained Baseline,320,240,30.0,30.463,1423679,yuv420p,600,3,600,3,597,0,0,False,0 250 500,250,250.0,250,148,found,abr,,,2000,250,25,40,0,2,umh,6,16,0,0x1:0x111,0,1,,,0,40,0,1:0:0,,1.00:0.00,1:1.00,"cabac=0 ref=2 deblock=1:0:0 analyse=0x1:0x111 me=umh subme=6 psy=1 psy_rd=1.00:0.00 mixed_ref=1 me_range=16 chroma_me=1 trellis=0 8x8dct=0 cqm=0 deadzone=21,11 fast_pskip=1 chroma_qp_offset=-2 threads=6 lookahead_threads=1 sliced_threads=0 nr=0 decimate=1 interlaced=0 bluray_compat=0 constrained_intra=0 bframes=0 weightp=0 keyint=250 keyint_min=25 scenecut=40 intra_refresh=0 rc_lookahead=40 rc=abr mbtree=1 bitrate=2000 ratetol=1.0 qcomp=0.60 qpmin=0 qpmax=69 qpstep=4 ip_ratio=1.40 aq=1:1.00",False
C:\Users\akash\Downloads\Anomaly-Videos-Part-1\Assault\Assault037_x264.mp4,Assault,Assault037_x264.mp4,26740175,ok,,h264,Constrained Baseline,320,240,30.0,106.951,2000181,yuv420p,600,3,600,3,597,0,0,False,0 250 500,250,250.0,250,148,found,abr,,,2000,250,25,40,0,2,umh,6,16,0,0x1:0x111,0,1,,,0,40,0,1:0:0,,1.00:0.00,1:1.00,"cabac=0 ref=2 deblock=1:0:0 analyse=0x1:0x111 me=umh subme=6 psy=1 psy_rd=1.00:0.00 mixed_ref=1 me_range=16 chroma_me=1 trellis=0 8x8dct=0 cqm=0 deadzone=21,11 fast_pskip=1 chroma_qp_offset=-2 threads=6 lookahead_threads=1 sliced_threads=0 nr=0 decimate=1 interlaced=0 bluray_compat=0 constrained_intra=0 bframes=0 weightp=0 keyint=250 keyint_min=25 scenecut=40 intra_refresh=0 rc_lookahead=40 rc=abr mbtree=1 bitrate=2000 ratetol=1.0 qcomp=0.60 qpmin=0 qpmax=69 qpstep=4 ip_ratio=1.40 aq=1:1.00",False
C:\Users\akash\Downloads\Anomaly-Videos-Part-1\Assault\Assault038_x264.mp4,Assault,Assault038_x264.mp4,1139915,ok,,h264,Constrained Baseline,320,240,30.0,4.61,1978160,yuv420p,137,1,137,1,136,0,0,False,0,,,,148,found,abr,,,2000,250,25,40,0,2,umh,6,16,0,0x1:0x111,0,1,,,0,40,0,1:0:0,,1.00:0.00,1:1.00,"cabac=0 ref=2 deblock=1:0:0 analyse=0x1:0x111 me=umh subme=6 psy=1 psy_rd=1.00:0.00 mixed_ref=1 me_range=16 chroma_me=1 trellis=0 8x8dct=0 cqm=0 deadzone=21,11 fast_pskip=1 chroma_qp_offset=-2 threads=6 lookahead_threads=1 sliced_threads=0 nr=0 decimate=1 interlaced=0 bluray_compat=0 constrained_intra=0 bframes=0 weightp=0 keyint=250 keyint_min=25 scenecut=40 intra_refresh=0 rc_lookahead=40 rc=abr mbtree=1 bitrate=2000 ratetol=1.0 qcomp=0.60 qpmin=0 qpmax=69 qpstep=4 ip_ratio=1.40 aq=1:1.00",False
C:\Users\akash\Downloads\Anomaly-Videos-Part-1\Assault\Assault039_x264.mp4,Assault,Assault039_x264.mp4,2026758,ok,,h264,Constrained Baseline,320,240,30.0,9.833,1648887,yuv420p,295,3,295,3,292,0,0,False,0 113 257,128.5,128.5,144,148,found,abr,,,2000,250,25,40,0,2,umh,6,16,0,0x1:0x111,0,1,,,0,40,0,1:0:0,,1.00:0.00,1:1.00,"cabac=0 ref=2 deblock=1:0:0 analyse=0x1:0x111 me=umh subme=6 psy=1 psy_rd=1.00:0.00 mixed_ref=1 me_range=16 chroma_me=1 trellis=0 8x8dct=0 cqm=0 deadzone=21,11 fast_pskip=1 chroma_qp_offset=-2 threads=6 lookahead_threads=1 sliced_threads=0 nr=0 decimate=1 interlaced=0 bluray_compat=0 constrained_intra=0 bframes=0 weightp=0 keyint=250 keyint_min=25 scenecut=40 intra_refresh=0 rc_lookahead=40 rc=abr mbtree=1 bitrate=2000 ratetol=1.0 qcomp=0.60 qpmin=0 qpmax=69 qpstep=4 ip_ratio=1.40 aq=1:1.00",False
C:\Users\akash\Downloads\Anomaly-Videos-Part-1\Assault\Assault040_x264.mp4,Assault,Assault040_x264.mp4,21250665,ok,,h264,Constrained Baseline,320,240,30.0,126.047,1348745,yuv420p,600,3,600,3,597,0,0,False,0 250 500,250,250.0,250,148,found,abr,,,2000,250,25,40,0,2,umh,6,16,0,0x1:0x111,0,1,,,0,40,0,1:0:0,,1.00:0.00,1:1.00,"cabac=0 ref=2 deblock=1:0:0 analyse=0x1:0x111 me=umh subme=6 psy=1 psy_rd=1.00:0.00 mixed_ref=1 me_range=16 chroma_me=1 trellis=0 8x8dct=0 cqm=0 deadzone=21,11 fast_pskip=1 chroma_qp_offset=-2 threads=6 lookahead_threads=1 sliced_threads=0 nr=0 decimate=1 interlaced=0 bluray_compat=0 constrained_intra=0 bframes=0 weightp=0 keyint=250 keyint_min=25 scenecut=40 intra_refresh=0 rc_lookahead=40 rc=abr mbtree=1 bitrate=2000 ratetol=1.0 qcomp=0.60 qpmin=0 qpmax=69 qpstep=4 ip_ratio=1.40 aq=1:1.00",False
C:\Users\akash\Downloads\Anomaly-Videos-Part-1\Assault\Assault041_x264.mp4,Assault,Assault041_x264.mp4,35096043,ok,,h264,Constrained Baseline,320,240,30.0,167.433,1676896,yuv420p,600,3,600,3,597,0,0,False,0 250 500,250,250.0,250,148,found,abr,,,2000,250,25,40,0,2,umh,6,16,0,0x1:0x111,0,1,,,0,40,0,1:0:0,,1.00:0.00,1:1.00,"cabac=0 ref=2 deblock=1:0:0 analyse=0x1:0x111 me=umh subme=6 psy=1 psy_rd=1.00:0.00 mixed_ref=1 me_range=16 chroma_me=1 trellis=0 8x8dct=0 cqm=0 deadzone=21,11 fast_pskip=1 chroma_qp_offset=-2 threads=6 lookahead_threads=1 sliced_threads=0 nr=0 decimate=1 interlaced=0 bluray_compat=0 constrained_intra=0 bframes=0 weightp=0 keyint=250 keyint_min=25 scenecut=40 intra_refresh=0 rc_lookahead=40 rc=abr mbtree=1 bitrate=2000 ratetol=1.0 qcomp=0.60 qpmin=0 qpmax=69 qpstep=4 ip_ratio=1.40 aq=1:1.00",False
C:\Users\akash\Downloads\Anomaly-Videos-Part-1\Assault\Assault042_x264.mp4,Assault,Assault042_x264.mp4,79840060,ok,,h264,Constrained Baseline,320,240,30.0,299.816,2130374,yuv420p,600,3,600,3,597,0,0,False,0 250 500,250,250.0,250,148,found,abr,,,2000,250,25,40,0,2,umh,6,16,0,0x1:0x111,0,1,,,0,40,0,1:0:0,,1.00:0.00,1:1.00,"cabac=0 ref=2 deblock=1:0:0 analyse=0x1:0x111 me=umh subme=6 psy=1 psy_rd=1.00:0.00 mixed_ref=1 me_range=16 chroma_me=1 trellis=0 8x8dct=0 cqm=0 deadzone=21,11 fast_pskip=1 chroma_qp_offset=-2 threads=6 lookahead_threads=1 sliced_threads=0 nr=0 decimate=1 interlaced=0 bluray_compat=0 constrained_intra=0 bframes=0 weightp=0 keyint=250 keyint_min=25 scenecut=40 intra_refresh=0 rc_lookahead=40 rc=abr mbtree=1 bitrate=2000 ratetol=1.0 qcomp=0.60 qpmin=0 qpmax=69 qpstep=4 ip_ratio=1.40 aq=1:1.00",False
C:\Users\akash\Downloads\Anomaly-Videos-Part-1\Assault\Assault044_x264.mp4,Assault,Assault044_x264.mp4,6662542,ok,,h264,Constrained Baseline,320,240,30.0,25.471,2092589,yuv420p,600,3,600,3,597,0,0,False,0 164 414,207,207.0,250,148,found,abr,,,2000,250,25,40,0,2,umh,6,16,0,0x1:0x111,0,1,,,0,40,0,1:0:0,,1.00:0.00,1:1.00,"cabac=0 ref=2 deblock=1:0:0 analyse=0x1:0x111 me=umh subme=6 psy=1 psy_rd=1.00:0.00 mixed_ref=1 me_range=16 chroma_me=1 trellis=0 8x8dct=0 cqm=0 deadzone=21,11 fast_pskip=1 chroma_qp_offset=-2 threads=6 lookahead_threads=1 sliced_threads=0 nr=0 decimate=1 interlaced=0 bluray_compat=0 constrained_intra=0 bframes=0 weightp=0 keyint=250 keyint_min=25 scenecut=40 intra_refresh=0 rc_lookahead=40 rc=abr mbtree=1 bitrate=2000 ratetol=1.0 qcomp=0.60 qpmin=0 qpmax=69 qpstep=4 ip_ratio=1.40 aq=1:1.00",False
C:\Users\akash\Downloads\Anomaly-Videos-Part-1\Assault\Assault045_x264.mp4,Assault,Assault045_x264.mp4,6265796,ok,,h264,Constrained Baseline,320,240,30.0,37.407,1340026,yuv420p,600,3,600,3,597,0,0,False,0 250 500,250,250.0,250,148,found,abr,,,2000,250,25,40,0,2,umh,6,16,0,0x1:0x111,0,1,,,0,40,0,1:0:0,,1.00:0.00,1:1.00,"cabac=0 ref=2 deblock=1:0:0 analyse=0x1:0x111 me=umh subme=6 psy=1 psy_rd=1.00:0.00 mixed_ref=1 me_range=16 chroma_me=1 trellis=0 8x8dct=0 cqm=0 deadzone=21,11 fast_pskip=1 chroma_qp_offset=-2 threads=6 lookahead_threads=1 sliced_threads=0 nr=0 decimate=1 interlaced=0 bluray_compat=0 constrained_intra=0 bframes=0 weightp=0 keyint=250 keyint_min=25 scenecut=40 intra_refresh=0 rc_lookahead=40 rc=abr mbtree=1 bitrate=2000 ratetol=1.0 qcomp=0.60 qpmin=0 qpmax=69 qpstep=4 ip_ratio=1.40 aq=1:1.00",False
C:\Users\akash\Downloads\Anomaly-Videos-Part-1\Assault\Assault046_x264.mp4,Assault,Assault046_x264.mp4,5694888,ok,,h264,Constrained Baseline,320,240,30.0,31.786,1433306,yuv420p,600,3,600,3,597,0,0,False,0 250 500,250,250.0,250,148,found,abr,,,2000,250,25,40,0,2,umh,6,16,0,0x1:0x111,0,1,,,0,40,0,1:0:0,,1.00:0.00,1:1.00,"cabac=0 ref=2 deblock=1:0:0 analyse=0x1:0x111 me=umh subme=6 psy=1 psy_rd=1.00:0.00 mixed_ref=1 me_range=16 chroma_me=1 trellis=0 8x8dct=0 cqm=0 deadzone=21,11 fast_pskip=1 chroma_qp_offset=-2 threads=6 lookahead_threads=1 sliced_threads=0 nr=0 decimate=1 interlaced=0 bluray_compat=0 constrained_intra=0 bframes=0 weightp=0 keyint=250 keyint_min=25 scenecut=40 intra_refresh=0 rc_lookahead=40 rc=abr mbtree=1 bitrate=2000 ratetol=1.0 qcomp=0.60 qpmin=0 qpmax=69 qpstep=4 ip_ratio=1.40 aq=1:1.00",False
C:\Users\akash\Downloads\Anomaly-Videos-Part-1\Assault\Assault047_x264.mp4,Assault,Assault047_x264.mp4,17939544,ok,,h264,Constrained Baseline,320,240,30.0,111.2,1290614,yuv420p,600,3,600,4,596,0,0,False,0 1 250 500,166.67,249,250,148,found,abr,,,2000,250,25,40,0,2,umh,6,16,0,0x1:0x111,0,1,,,0,40,0,1:0:0,,1.00:0.00,1:1.00,"cabac=0 ref=2 deblock=1:0:0 analyse=0x1:0x111 me=umh subme=6 psy=1 psy_rd=1.00:0.00 mixed_ref=1 me_range=16 chroma_me=1 trellis=0 8x8dct=0 cqm=0 deadzone=21,11 fast_pskip=1 chroma_qp_offset=-2 threads=6 lookahead_threads=1 sliced_threads=0 nr=0 decimate=1 interlaced=0 bluray_compat=0 constrained_intra=0 bframes=0 weightp=0 keyint=250 keyint_min=25 scenecut=40 intra_refresh=0 rc_lookahead=40 rc=abr mbtree=1 bitrate=2000 ratetol=1.0 qcomp=0.60 qpmin=0 qpmax=69 qpstep=4 ip_ratio=1.40 aq=1:1.00",False
C:\Users\akash\Downloads\Anomaly-Videos-Part-1\Assault\Assault048_x264.mp4,Assault,Assault048_x264.mp4,14955214,ok,,h264,Constrained Baseline,320,240,30.0,60.039,1992733,yuv420p,600,3,600,3,597,0,0,False,0 250 500,250,250.0,250,148,found,abr,,,2000,250,25,40,0,2,umh,6,16,0,0x1:0x111,0,1,,,0,40,0,1:0:0,,1.00:0.00,1:1.00,"cabac=0 ref=2 deblock=1:0:0 analyse=0x1:0x111 me=umh subme=6 psy=1 psy_rd=1.00:0.00 mixed_ref=1 me_range=16 chroma_me=1 trellis=0 8x8dct=0 cqm=0 deadzone=21,11 fast_pskip=1 chroma_qp_offset=-2 threads=6 lookahead_threads=1 sliced_threads=0 nr=0 decimate=1 interlaced=0 bluray_compat=0 constrained_intra=0 bframes=0 weightp=0 keyint=250 keyint_min=25 scenecut=40 intra_refresh=0 rc_lookahead=40 rc=abr mbtree=1 bitrate=2000 ratetol=1.0 qcomp=0.60 qpmin=0 qpmax=69 qpstep=4 ip_ratio=1.40 aq=1:1.00",False
C:\Users\akash\Downloads\Anomaly-Videos-Part-1\Assault\Assault049_x264.mp4,Assault,Assault049_x264.mp4,4994381,ok,,h264,Constrained Baseline,320,240,30.0,44.21,903755,yuv420p,600,3,600,3,597,0,0,False,0 250 500,250,250.0,250,148,found,abr,,,2000,250,25,40,0,2,umh,6,16,0,0x1:0x111,0,1,,,0,40,0,1:0:0,,1.00:0.00,1:1.00,"cabac=0 ref=2 deblock=1:0:0 analyse=0x1:0x111 me=umh subme=6 psy=1 psy_rd=1.00:0.00 mixed_ref=1 me_range=16 chroma_me=1 trellis=0 8x8dct=0 cqm=0 deadzone=21,11 fast_pskip=1 chroma_qp_offset=-2 threads=6 lookahead_threads=1 sliced_threads=0 nr=0 decimate=1 interlaced=0 bluray_compat=0 constrained_intra=0 bframes=0 weightp=0 keyint=250 keyint_min=25 scenecut=40 intra_refresh=0 rc_lookahead=40 rc=abr mbtree=1 bitrate=2000 ratetol=1.0 qcomp=0.60 qpmin=0 qpmax=69 qpstep=4 ip_ratio=1.40 aq=1:1.00",False
C:\Users\akash\Downloads\Anomaly-Videos-Part-1\Assault\Assault050_x264.mp4,Assault,Assault050_x264.mp4,4371386,ok,,h264,Constrained Baseline,320,240,30.0,20.826,1679202,yuv420p,600,3,600,3,597,0,0,False,0 250 500,250,250.0,250,148,found,abr,,,2000,250,25,40,0,2,umh,6,16,0,0x1:0x111,0,1,,,0,40,0,1:0:0,,1.00:0.00,1:1.00,"cabac=0 ref=2 deblock=1:0:0 analyse=0x1:0x111 me=umh subme=6 psy=1 psy_rd=1.00:0.00 mixed_ref=1 me_range=16 chroma_me=1 trellis=0 8x8dct=0 cqm=0 deadzone=21,11 fast_pskip=1 chroma_qp_offset=-2 threads=6 lookahead_threads=1 sliced_threads=0 nr=0 decimate=1 interlaced=0 bluray_compat=0 constrained_intra=0 bframes=0 weightp=0 keyint=250 keyint_min=25 scenecut=40 intra_refresh=0 rc_lookahead=40 rc=abr mbtree=1 bitrate=2000 ratetol=1.0 qcomp=0.60 qpmin=0 qpmax=69 qpstep=4 ip_ratio=1.40 aq=1:1.00",False
C:\Users\akash\Downloads\Anomaly-Videos-Part-1\Assault\Assault051_x264.mp4,Assault,Assault051_x264.mp4,4273777,ok,,h264,Constrained Baseline,320,240,30.0,20.062,1704243,yuv420p,600,3,600,3,597,0,0,False,0 250 475,237.5,237.5,250,148,found,abr,,,2000,250,25,40,0,2,umh,6,16,0,0x1:0x111,0,1,,,0,40,0,1:0:0,,1.00:0.00,1:1.00,"cabac=0 ref=2 deblock=1:0:0 analyse=0x1:0x111 me=umh subme=6 psy=1 psy_rd=1.00:0.00 mixed_ref=1 me_range=16 chroma_me=1 trellis=0 8x8dct=0 cqm=0 deadzone=21,11 fast_pskip=1 chroma_qp_offset=-2 threads=6 lookahead_threads=1 sliced_threads=0 nr=0 decimate=1 interlaced=0 bluray_compat=0 constrained_intra=0 bframes=0 weightp=0 keyint=250 keyint_min=25 scenecut=40 intra_refresh=0 rc_lookahead=40 rc=abr mbtree=1 bitrate=2000 ratetol=1.0 qcomp=0.60 qpmin=0 qpmax=69 qpstep=4 ip_ratio=1.40 aq=1:1.00",False
C:\Users\akash\Downloads\Anomaly-Videos-Part-1\Assault\Assault052_x264.mp4,Assault,Assault052_x264.mp4,5090465,ok,,h264,Constrained Baseline,320,240,30.0,26.331,1546595,yuv420p,600,3,600,3,597,0,0,False,0 250 500,250,250.0,250,148,found,abr,,,2000,250,25,40,0,2,umh,6,16,0,0x1:0x111,0,1,,,0,40,0,1:0:0,,1.00:0.00,1:1.00,"cabac=0 ref=2 deblock=1:0:0 analyse=0x1:0x111 me=umh subme=6 psy=1 psy_rd=1.00:0.00 mixed_ref=1 me_range=16 chroma_me=1 trellis=0 8x8dct=0 cqm=0 deadzone=21,11 fast_pskip=1 chroma_qp_offset=-2 threads=6 lookahead_threads=1 sliced_threads=0 nr=0 decimate=1 interlaced=0 bluray_compat=0 constrained_intra=0 bframes=0 weightp=0 keyint=250 keyint_min=25 scenecut=40 intra_refresh=0 rc_lookahead=40 rc=abr mbtree=1 bitrate=2000 ratetol=1.0 qcomp=0.60 qpmin=0 qpmax=69 qpstep=4 ip_ratio=1.40 aq=1:1.00",False
