video,qid,type,gold_spans,pred_span_start,pred_span_end,width,iop,iou,anchor_ts,n_survivors_scored,degenerate_profile_fallback
4882821564,1,,"[[13.8, 29.8]]",6.973633333333333,16.049366666666668,9.075733333333336,0.24784406769700884,0.09854247500332218,13.747066666666667,360,False
2435100235,7,,"[[20.9, 22.7], [23.8, 26.0], [34.4, 35.8], [50.5, 57.5], [58.5, 63.6]]",37.9379,40.00663333333333,2.068733333333334,0.0,0.0,38.20483333333333,256,False
2834146886,8,,"[[36.9, 44.0]]",34.234500000000004,34.8345,0.5999999999999943,0.0,0.0,34.5345,251,False
8132842161,2,,"[[0.0, 12.1], [14.4, 21.8], [27.4, 29.6], [30.7, 36.9]]",15.348666666666666,16.649966666666668,1.3013000000000012,1.0,0.17585135135135152,15.548866666666667,148,False
4260763967,4,,"[[3.4, 6.1], [15.0, 17.5]]",4.5045,5.2052,0.7006999999999994,1.0,0.2595185185185183,4.7047,136,False
3462517143,2,,"[[0.1, 1.1], [14.2, 18.6]]",16.016,20.9209,4.904900000000001,0.5268201186568539,0.3844723176955472,17.6176,98,False
3441428429,10,,"[[25.1, 31.8], [35.0, 38.8], [50.2, 52.4]]",73.03963333333333,76.54313333333333,3.5035000000000025,0.0,0.0,75.80906666666667,360,False
6356067859,6,,"[[17.8, 21.7]]",2.0353666666666665,3.036366666666667,1.0010000000000003,0.0,0.0,2.8361666666666667,143,False
5735711594,5,,"[[0.2, 2.1]]",12.446066666666667,13.046066666666668,0.6000000000000014,0.0,0.0,12.746066666666668,79,False
9088819598,1,,"[[0.4, 8.6]]",0.0,1.5015015015015014,1.5015015015015014,0.7336,0.1280815699420351,1.5015015015015014,70,False
5296635780,7,,"[[8.7, 16.9]]",11.3113,12.012,0.7007000000000012,1.0,0.08545121951219528,11.7117,88,False
2614918961,1,,"[[40.6, 43.7]]",35.0353,35.635299999999994,0.5999999999999943,0.0,0.0,35.3353,175,False
6201488511,5,,"[[30.3, 32.7]]",71.70526666666667,72.30526666666667,0.5999999999999943,0.0,0.0,72.00526666666667,345,False
2976913210,6,,"[[6.5, 10.5]]",17.718,18.0,0.28200000000000003,0.0,0.0,18.018,74,False
2793260225,6,,"[[1.7, 10.2]]",6.006,9.576,3.5700000000000003,1.0,0.42000000000000004,7.44,77,False
5987365500,1,,"[[0.0, 18.8]]",2.0353666666666665,3.5368666666666666,1.5015,1.0,0.07986702127659574,2.5358666666666667,96,False
6582763207,2,,"[[0.7, 2.8], [4.8, 9.8]]",4.045708333333334,6.0477083333333335,2.002,0.6232309357309359,0.21683091605540797,6.0477083333333335,94,False
7416295940,7,,"[[67.7, 75.9]]",60.4604,72.33893333333333,11.87853333333333,0.3905308174971092,0.3004568339421569,66.73333333333333,351,False
3171006258,0,,"[[9.9, 33.1]]",32.733000000000004,33.333,0.5999999999999943,0.611666666666668,0.015661673708018492,33.033,147,False
3943634344,4,,"[[17.8, 21.0]]",20.3206,20.9206,0.6000000000000014,1.0,0.1875000000000005,20.6206,84,False
5833145209,5,,"[[1.6, 4.2]]",8.341666666666667,9.2092,0.8675333333333324,0.0,0.0,9.2092,68,False
5333075105,10,,"[[8.7, 35.6]]",23.4234,24.3243,0.9009,1.0,0.0334907063197026,23.9239,156,False
5679866364,1,,"[[0.2, 3.4]]",7.441066666666667,8.041066666666667,0.6000000000000005,0.0,0.0,7.741066666666667,100,False
5116088152,1,,"[[5.1, 8.7]]",18.2182,19.019,0.8007999999999988,0.0,0.0,18.5185,162,False
4094488636,4,,"[[7.1, 15.1]]",13.3136,13.9136,0.6000000000000014,1.0,0.07500000000000018,13.6136,108,False
6895608152,8,,"[[9.6, 87]]",30.82,31.42,0.6000000000000014,1.0,0.007751937984496142,31.12,291,False
3429509208,3,,"[[12.7, 15.6]]",14.26425,15.140125,0.8758749999999988,1.0,0.3020258620689651,15.140125,51,False
3477387686,2,,"[[30.0, 33.5]]",53.6536,54.7547,1.1011000000000024,0.0,0.0,54.5545,272,False
2405940242,0,,"[[2.2, 13.9]]",9.709999999999999,10.31,0.6000000000000014,1.0,0.051282051282051405,10.01,57,False
7308042410,3,,"[[0.0, 11.2]]",12.946566666666666,13.546566666666667,0.6000000000000014,0.0,0.0,13.246566666666666,137,False
8740703217,1,,"[[10.1, 15.9]]",10.043666666666667,10.643666666666668,0.6000000000000014,0.9061111111111121,0.09283396892253432,10.343666666666667,82,False
3943634344,8,,"[[17.8, 20.4]]",19.3193,20.02,0.7007000000000012,1.0,0.2695000000000007,19.3193,84,False
4815534482,7,,"[[67.3, 73.7]]",67.52,69.52,2.0,1.0,0.3124999999999997,69.28,300,False
4584426085,1,,"[[71.9, 90.0]]",67.5675,71.2712,3.7036999999999978,0.0,0.0,67.8678,360,False
4263096481,0,,"[[0.2, 9.0]]",7.707999999999999,8.308,0.6000000000000005,1.0,0.06818181818181823,8.008,86,False
7533369046,6,,"[[26.9, 30.2], [31.1, 32.2], [32.7, 33]]",6.866666666666667,7.466666666666667,0.5999999999999996,0.0,0.0,7.166666666666667,108,False
3711681535,1,,"[[30.5, 32.6]]",3.7039999999999997,4.303999999999999,0.5999999999999996,0.0,0.0,4.004,144,False
11871253306,4,,"[[3.7, 5.1]]",5.438766666666667,7.040366666666666,1.6015999999999995,0.0,0.0,6.139466666666666,173,False
5256928210,1,,"[[2.5, 20]]",15.1154,15.7154,0.6000000000000014,1.0,0.034285714285714364,15.4154,82,False
4978714491,2,,"[[26.6, 33.7]]",28.361666666666668,30.196833333333334,1.835166666666666,1.0,0.2584741784037557,29.963266666666666,160,False
9293415110,2,,"[[0.1, 7.7], [82.0, 87.8]]",8.166666666666666,9.5,1.333333333333334,0.0,0.0,9.0,227,False
5445581571,2,,"[[16.7, 25.8]]",23.857166666666668,25.058366666666668,1.2012,1.0,0.13199999999999998,23.957266666666666,130,False
6624174621,0,,"[[0.1, 7.0]]",6.2495666666666665,26.249566666666666,20.0,0.037521666666666675,0.028697734952905538,16.249566666666666,163,False
9088819598,5,,"[[11.4, 17.3]]",1.2015015015015014,1.8015015015015015,0.6000000000000001,0.0,0.0,1.5015015015015014,70,False
8464056582,5,,"[[17.6, 28.4]]",16.866666666666667,17.46666666666667,0.6000000000000014,0.0,0.0,17.166666666666668,179,False
9565310990,7,,"[[14.1, 18.5]]",6.707007007007007,7.307007007007007,0.5999999999999996,0.0,0.0,7.007007007007007,125,False
5635265624,2,,"[[8.8, 15.1]]",16.583233333333332,19.0,2.4167666666666676,0.0,0.0,18.651966666666667,79,False
5833145209,2,,"[[1.9, 4.2]]",0.5005,1.2345666666666666,0.7340666666666666,0.0,0.0,0.5005,68,False
8464056582,4,,"[[0.5, 4.7]]",54.416666666666664,55.416666666666664,1.0,0.0,0.0,54.791666666666664,179,False
3711681535,3,,"[[15.0, 21.2], [29.8, 32.3]]",23.690633333333334,24.290633333333336,0.6000000000000014,0.0,0.0,23.990633333333335,144,False
3121571439,3,,"[[38.1, 40]]",1.5685333333333333,2.1685333333333334,0.6000000000000001,0.0,0.0,1.8685333333333334,163,False
7786283208,5,,"[[7.6, 10.7]]",16.549866666666667,17.350666666666665,0.8007999999999988,0.0,0.0,16.549866666666667,86,False
8064178441,7,,"[[65.3, 68.4]]",74.00756666666668,74.0,-0.007566666666676269,0.0,0.0,74.30756666666667,298,False
4217422838,4,,"[[0.4, 6.6]]",40.615875,41.215875,0.5999999999999943,0.0,0.0,40.915875,169,False
2793806282,12,,"[[60.8, 64]]",51.651,52.652,1.0009999999999977,0.0,0.0,51.651,259,False
3524939594,2,,"[[2.9, 7.3]]",2.2025,2.8024999999999998,0.5999999999999996,0.0,0.0,2.5025,59,False
4138579400,6,,"[[1.8, 4.2]]",1.126125,2.5025,1.376375,0.510398692216874,0.22853889634419092,1.5015,81,False
5328004991,9,,"[[9.4, 15.9]]",6.513,19.512999999999998,12.999999999999998,0.5000000000000001,0.5,13.013,106,False
2435633172,5,,"[[44.5, 52.7]]",68.902,71.604,2.701999999999998,0.0,0.0,71.338,307,False
6356067859,1,,"[[0.5, 3.4]]",0.43406666666666666,1.0340666666666667,0.6000000000000001,0.890111111111111,0.18006698284969322,0.7340666666666666,143,False
2503404966,6,,"[[12.6, 14.7]]",8.4084,13.013,4.6046,0.08969291577987236,0.0656430796617713,10.443766666666667,112,False
3151715056,7,,"[[20.3, 26.6]]",30.3303,33.4334,3.1030999999999977,0.0,0.0,31.5315,254,False
7164729910,7,,"[[0.0, 19.9], [22.8, 27]]",0.2916666666666667,3.7916666666666665,3.5,1.0,0.17587939698492464,2.75,88,False
8557532213,8,,"[[3.1, 10.2]]",3.7039999999999997,4.303999999999999,0.5999999999999996,1.0,0.08450704225352108,4.004,51,False
8783897632,7,,"[[12.2, 18.9]]",22.055366666666668,23.156466666666667,1.1010999999999989,0.0,0.0,23.156466666666667,117,False
5333075105,6,,"[[34.2, 39.0]]",36.737,37.336999999999996,0.5999999999999943,1.0,0.12499999999999889,37.037,156,False
8783897632,2,,"[[21.1, 26.6]]",22.055366666666668,23.156466666666667,1.1010999999999989,1.0,0.2001999999999998,22.856166666666667,117,False
11244289523,4,,"[[19.5, 22.3]]",20.333333333333332,22.75,2.416666666666668,0.8137931034482763,0.6051282051282058,20.333333333333332,70,False
9612838272,0,,"[[0.1, 3.4]]",0.0,2.1021021021021022,2.1021021021021022,0.9524285714285714,0.5888535594417947,2.002002002002002,54,False
4485498145,0,,"[[0.4, 3.1]]",15.182133333333333,15.782133333333334,0.6000000000000014,0.0,0.0,15.482133333333334,67,False
4010069381,1,,"[[4.0, 8.2]]",11.978933333333332,12.0,0.0210666666666679,0.0,0.0,12.278933333333333,50,False
9408800471,3,,"[[20.4, 24.7]]",21.254888221554886,21.854888221554887,0.6000000000000014,1.0,0.13953488372093054,21.554888221554886,124,False
2809330695,9,,"[[47.7, 51.2]]",46.79675,47.5475,0.7507499999999965,0.0,0.0,47.5475,289,False
3445431963,2,,"[[6.4, 8.7]]",41.83345833333333,44.461083333333335,2.627625000000002,0.0,0.0,42.83445833333333,171,False
4688219212,3,,"[[5.0, 11.1]]",25.8261,26.4261,0.6000000000000014,0.0,0.0,26.1261,128,False
3477387686,3,,"[[10.5, 17.6]]",54.2545,54.854499999999994,0.5999999999999943,0.0,0.0,54.5545,272,False
4378803532,1,,"[[6.2, 12.1]]",26.3263,27.961266666666667,1.6349666666666671,0.0,0.0,27.660966666666667,175,False
7114553643,1,,"[[25.2, 28.6]]",44.8448,46.079366666666665,1.234566666666666,0.0,0.0,45.045,264,False
2503404966,2,,"[[24.1, 28.0]]",5.9059,6.5065,0.6006,0.0,0.0,5.9059,112,False
6025238212,1,,"[[10.1, 22.6]]",23.757366666666666,24.357366666666667,0.6000000000000014,0.0,0.0,24.057366666666667,102,False
3261079025,6,,"[[0.2, 2.6]]",5.5058,6.1057999999999995,0.5999999999999996,0.0,0.0,5.8058,75,False
3942617402,1,,"[[9.4, 19.7]]",13.013,13.76375,0.75075,1.0,0.07288834951456312,13.5135,99,False
5328616848,5,,"[[0.2, 9.5]]",5.6056,6.9069,1.3013000000000003,1.0,0.13992473118279572,6.4064,60,False
4698622422,7,,"[[7.5, 17.3], [19.4, 35.9]]",3.7370666666666668,5.4054,1.6683333333333334,0.0,0.0,3.7370666666666668,169,False
5803861992,0,,"[[0.4, 71.2]]",19.5198,20.1198,0.6000000000000014,1.0,0.00847457627118646,19.8198,290,False
3972259774,0,,"[[2.1, 6.4]]",3.2035,3.8034999999999997,0.5999999999999996,1.0,0.13953488372093012,3.5035,143,False
4251505427,2,,"[[31.2, 71.7]]",60.06,62.5625,2.5024999999999977,1.0,0.061790123456790066,61.061,306,False
2809330695,2,,"[[46.0, 49.7]]",29.029,30.739041666666665,1.7100416666666653,0.0,0.0,29.5295,289,False
6078524411,7,,"[[23.4, 37.4]]",53.78706666666667,55.58886666666667,1.8018,0.0,0.0,53.78706666666667,336,False
4388652400,2,,"[[2.2, 6.6]]",33.700633333333336,34.30063333333333,0.5999999999999943,0.0,0.0,34.00063333333333,239,False
9408800471,0,,"[[0.4, 1.4]]",1.3349683016349683,1.9349683016349684,0.6000000000000001,0.10838616394171939,0.04236680216507615,1.6349683016349683,124,False
10030609934,1,,"[[2.8, 7.6]]",54.58792125458792,56.0,1.4120787454120816,0.0,0.0,55.05505505505506,198,False
3321261856,2,,"[[17.0, 20.0]]",20.3203,21.021,0.7007000000000012,0.0,0.0,21.021,115,False
7164729910,8,,"[[26.6, 27]]",14.241666666666665,14.841666666666667,0.6000000000000014,0.0,0.0,14.541666666666666,88,False
5333075105,11,,"[[33.6, 39.0]]",36.737,37.336999999999996,0.5999999999999943,1.0,0.11111111111111009,37.037,156,False
5229476012,1,,"[[14.4, 19.6]]",20.887533333333334,23.890533333333334,3.003,0.0,0.0,21.6216,108,False
5801184682,2,,"[[26.2, 36.4]]",32.68,35.36,2.6799999999999997,1.0,0.2627450980392157,34.04,301,False
3078294001,6,,"[[3.5, 11]]",0.3003,1.1011,0.8008,0.0,0.0,0.4004,46,False
4838145161,1,,"[[6.0, 7.9]]",62.6629,63.262899999999995,0.5999999999999943,0.0,0.0,62.9629,257,False
6754608321,4,,"[[1.3, 9.2]]",19.352966666666667,19.95296666666667,0.6000000000000014,0.0,0.0,19.652966666666668,216,False
2696280239,7,,"[[0.3, 9.8]]",7.9082,8.5082,0.6000000000000005,1.0,0.06315789473684216,8.2082,54,False
5328004991,6,,"[[15.8, 20.1]]",22.022,23.023,1.0010000000000012,0.0,0.0,22.288933333333333,106,False
10082798964,6,,"[[3.9, 7.6]]",10.42,11.020000000000001,0.6000000000000014,0.0,0.0,10.72,42,False
2435100235,1,,"[[20.9, 22.8], [23.8, 26.0], [50.5, 57.5], [58.5, 63.6]]",32.999633333333335,35.50213333333333,2.5024999999999977,0.0,0.0,32.999633333333335,256,False
11541421563,5,,"[[1.6, 4.5]]",37.028958333333335,37.62895833333333,0.5999999999999943,0.0,0.0,37.32895833333333,303,False
7288107396,3,,"[[10.6, 17.5]]",12.629583333333333,13.229583333333334,0.6000000000000014,1.0,0.08695652173913064,12.929583333333333,68,False
4199369046,8,,"[[19.5, 22.1]]",0.0,1.001,1.001,0.0,0.0,0.2002,230,False
7605329840,2,,"[[7.9, 10.6]]",8.041666666666666,8.641666666666667,0.6000000000000014,1.0,0.22222222222222282,8.341666666666667,86,False
5445581571,7,,"[[23.4, 28.4]]",30.663966666666667,32.0,1.336033333333333,0.0,0.0,30.663966666666667,130,False
4636208292,1,,"[[5.8, 8.2]]",71.90516666666667,73.5735,1.6683333333333223,0.0,0.0,72.072,344,False
8531675050,7,,"[[12.2, 23.1]]",13.747066666666667,14.647966666666667,0.9009,1.0,0.08265137614678898,14.147466666666666,216,False
10030609934,5,,"[[1.8, 6.9]]",35.03503503503504,38.03803803803804,3.003003003003002,0.0,0.0,35.30196863530197,198,False
4006608424,9,,"[[62.7, 77.5]]",63.763999999999996,64.36399999999999,0.5999999999999943,1.0,0.04054054054054016,64.064,360,False
8277866423,7,,"[[16.1, 18.9]]",20.075,20.675,0.6000000000000014,0.0,0.0,20.375,111,False
4485707628,5,,"[[32.3, 39.8]]",52.986266666666666,55.021633333333334,2.0353666666666683,0.0,0.0,53.98726666666666,259,False
12682618843,3,,"[[0.1, 2.1]]",0.06703333333333333,0.6670333333333334,0.6000000000000001,0.9450555555555555,0.2789191493548017,0.3670333333333333,172,False
8811725760,6,,"[[13.4, 17.7]]",18.21821821821822,20.053386720053386,1.8351685018351667,0.0,0.0,19.41941941941942,66,False
2735019707,1,,"[[5.4, 7.9]]",5.706,6.306,0.5999999999999996,1.0,0.23999999999999985,6.006,79,False
5913180144,2,,"[[21.0, 24.6]]",16.650266666666667,17.25026666666667,0.6000000000000014,0.0,0.0,16.950266666666668,159,False
2454242177,9,,"[[14.0, 25.5]]",36.737,37.336999999999996,0.5999999999999943,0.0,0.0,37.037,212,False
2604394962,1,,"[[3.8, 9.4]]",15.281933333333333,18.018,2.7360666666666678,0.0,0.0,15.749066666666666,144,False
5205081904,1,,"[[12.3, 15.3]]",11.978633333333333,14.2142,2.235566666666667,0.8562482293825572,0.5763290211860576,12.3123,84,False
8189958994,8,,"[[58.8, 62]]",21.755066666666668,26.059366666666666,4.304299999999998,0.0,0.0,23.556866666666668,250,False
4967810888,2,,"[[49.5, 53.3]]",51.952200000000005,52.5522,0.5999999999999943,1.0,0.1578947368421039,52.2522,250,False
5875535585,9,,"[[16.4, 73.8]]",51.98526666666667,52.819433333333336,0.8341666666666683,1.0,0.014532520325203281,52.085366666666665,306,False
4765564263,9,,"[[5.4, 13.8]]",4.5045,6.006,1.5015,0.4035964035964035,0.06519283524285943,6.006,56,False
5521781780,2,,"[[5.6, 22.2], [33.8, 36.2], [52.8, 56.0]]",15.649266666666666,16.249266666666667,0.6000000000000014,1.0,0.036144578313253094,15.949266666666666,361,False
2584172238,6,,"[[15.4, 23.0]]",0.875875,2.75275,1.8768749999999998,0.0,0.0,2.75275,96,False
4882821564,4,,"[[2.2, 4.9]]",2.2022,5.038366666666667,2.8361666666666667,0.9512134923899631,0.9504762128454162,4.137466666666667,360,False
3192668394,0,,"[[53.2, 58.0]]",59.059,65.3653,6.306300000000007,0.0,0.0,63.3633,278,False
9576671750,9,,"[[0.1, 6.7]]",17.718018018018018,18.31801801801802,0.6000000000000014,0.0,0.0,18.01801801801802,97,False
6024684644,6,,"[[2.9, 4.7], [9.9, 13.3], [16.6, 17]]",10.944266666666667,13.046366666666666,2.1020999999999983,1.0,0.6182647058823524,11.945266666666667,70,False
3078294001,3,,"[[3.4, 5.2]]",0.3003,1.6016,1.3013,0.0,0.0,1.1011,46,False
4762946272,4,,"[[9.6, 17.3]]",10.5105,12.7127,2.2021999999999995,1.0,0.2859999999999999,12.4124,87,False
4010069381,2,,"[[2.0, 8.2]]",4.1041,5.4054,1.3013000000000003,1.0,0.20988709677419362,5.2052,50,False
2573424030,3,,"[[4.8, 11.4]]",19.819,20.754,0.9350000000000023,0.0,0.0,20.754,197,False
8513603944,8,,"[[3.4, 6.6]]",7.5075,10.043366666666667,2.535866666666667,0.0,0.0,8.742066666666666,123,False
3763643225,7,,"[[0.0, 6.0]]",0.4004,2.5358666666666667,2.135466666666667,1.0,0.3559111111111112,0.4004,144,False
6244675392,0,,"[[0.0, 6.2]]",7.166666666666667,7.766666666666667,0.5999999999999996,0.0,0.0,7.466666666666667,120,False
5445581571,9,,"[[20.0, 31.6]]",6.439766666666666,8.041366666666667,1.6016000000000004,0.0,0.0,6.740066666666666,130,False
2957808913,5,,"[[9.2, 14.1]]",9.009,13.680333333333333,4.671333333333333,0.9591123162551736,0.8800497610161726,12.7127,80,False
4219909195,3,,"[[29.6, 31.2]]",4.004,5.005,1.0010000000000003,0.0,0.0,4.270933333333334,136,False
9408800471,6,,"[[17.6, 22.6], [29.9, 33.7]]",31.13143143143143,31.73143143143143,0.6000000000000014,1.0,0.15789473684210545,31.43143143143143,124,False
5521781780,3,,"[[5.6, 8.0], [11.8, 14.5]]",15.449066666666665,16.049066666666665,0.5999999999999996,0.0,0.0,15.749066666666666,361,False
4584426085,5,,"[[57.4, 75.8]]",1.7017,2.3023,0.6005999999999998,0.0,0.0,2.3023,360,False
10607095936,6,,"[[3.9, 8.4]]",8.008008008008009,8.80880880880881,0.8008008008008005,0.4894999999999997,0.0798548094373865,8.742075408742075,126,False
6097994550,0,,"[[3.9, 13.8]]",5.005,10.343666666666667,5.338666666666668,1.0,0.5392592592592594,9.976633333333334,71,False
5561024834,4,,"[[36.4, 39]]",28.116666666666667,28.71666666666667,0.6000000000000014,0.0,0.0,28.416666666666668,127,False
4151403382,4,,"[[12.7, 16.9]]",15.015,15.7157,0.7006999999999994,1.0,0.16683333333333322,15.4154,252,False
5070310138,6,,"[[44.1, 46.4]]",1.6016,2.3023,0.7006999999999999,0.0,0.0,2.2022,216,False
3655906094,1,,"[[0.5, 4.1]]",5.3053,6.006,0.7007000000000003,0.0,0.0,5.4054,76,False
3322503255,1,,"[[11.8, 17.6]]",0.0,0.3,0.3,0.0,0.0,0.0,166,False
5875242364,2,,"[[5.4, 9.9]]",0.23386666666666672,0.8338666666666668,0.6000000000000001,0.0,0.0,0.5338666666666667,59,False
3655906094,9,,"[[16.5, 18.8]]",5.4054,6.006,0.6006,0.0,0.0,5.4054,76,False
7492398760,9,,"[[24.5, 26.0]]",37.47106666666667,38.07106666666667,0.5999999999999943,0.0,0.0,37.77106666666667,361,False
9917882506,7,,"[[10.0, 12.2], [14.1, 18.1]]",20.02002002002002,25.859192525859193,5.839172505839173,0.0,0.0,23.990657323990657,115,False
5061117640,5,,"[[17.8, 24.5]]",3.6036,4.7047,1.1010999999999997,0.0,0.0,4.7047,213,False
6592821115,2,,"[[0.1, 3.3], [5.4, 15.1], [38.9, 42.9]]",48.5,55.208333333333336,6.708333333333336,0.0,0.0,53.083333333333336,253,False
4264435046,6,,"[[12.7, 18.6]]",10.01,12.012,2.0020000000000007,0.0,0.0,10.8108,76,False
5328004991,2,,"[[9.7, 16.0]]",8.8153,21.8153,13.0,0.48461538461538467,0.48461538461538467,15.3153,106,False
4092992100,2,,"[[2.9, 8.8]]",2.3026,2.9025999999999996,0.5999999999999996,0.004333333333332859,0.00040016006402556614,2.6026,62,False
4564478328,6,,"[[13.5, 16.0], [16.4, 18.8]]",27.59453333333333,28.194533333333332,0.6000000000000014,0.0,0.0,27.89453333333333,188,False
5433090067,5,,"[[0.2, 0.9]]",18.852166666666665,20.0,1.1478333333333346,0.0,0.0,19.019,90,False
5987365500,5,,"[[0.0, 18.8]]",3.3366666666666664,4.037366666666666,0.7006999999999999,1.0,0.037271276595744675,3.5368666666666666,96,False
5504913999,6,,"[[8.0, 31.3]]",23.657266666666665,24.257266666666666,0.6000000000000014,1.0,0.02575107296137345,23.957266666666666,199,False
4260763967,8,,"[[15.0, 17.6]]",4.4047,5.0047,0.5999999999999996,0.0,0.0,4.7047,136,False
4443526735,3,,"[[0.5, 19.4]]",3.4537500000000003,4.05375,0.5999999999999996,1.0,0.03174603174603173,3.75375,64,False
2400715506,5,,"[[5.5, 7.2]]",10.977633333333333,12.4124,1.4347666666666665,0.0,0.0,11.5115,56,False
6201488511,2,,"[[70.6, 74.2]]",71.70526666666667,72.30526666666667,0.5999999999999943,1.0,0.1666666666666647,72.00526666666667,345,False
13919236672,7,,"[[51.8, 55.1]]",55.33458458458458,65.64489489489489,10.310310310310307,0.0,0.0,57.636886886886884,467,False
2736413196,5,,"[[16.2, 37.6], [41.5, 46.2]]",0.467,1.601,1.134,0.0,0.0,1.601,217,False
4762946272,5,,"[[17.4, 19.0]]",9.8098,10.7107,0.9009,0.0,0.0,10.5105,87,False
3046900922,2,,"[[12.7, 18.0]]",12.713,13.313,0.6000000000000014,1.0,0.11320754716981157,13.013,72,False
5349969207,0,,"[[4.6, 11.0]]",0.0,10.7107,10.7107,0.5705229350089163,0.5555181818181817,8.5085,160,False
3846475848,2,,"[[18.5, 71]]",61.22813333333334,61.828133333333334,0.5999999999999943,1.0,0.011428571428571321,61.52813333333334,287,False
3861485381,1,,"[[9.7, 11.4], [13.8, 18.1], [36.8, 38.6]]",37.20413333333334,37.80413333333333,0.5999999999999943,1.0,0.3333333333333294,37.504133333333336,359,False
6142416815,6,,"[[10.4, 42]]",28.061366666666668,28.661966666666668,0.6006,1.0,0.01900632911392405,28.061366666666668,170,False
2596300565,3,,"[[34.8, 41.2]]",44.044,48.048,4.004000000000005,0.0,0.0,46.379,325,False
8107573462,7,,"[[5.9, 6.8]]",6.239566666666667,7.140466666666667,0.9009,0.6220816220816218,0.45179233621755244,6.6066,55,False
2697261300,1,,"[[9.9, 12.2]]",18.68563333333333,19.285633333333333,0.6000000000000014,0.0,0.0,18.985633333333332,187,False
3441428429,8,,"[[32.9, 38.3], [66.7, 72.2]]",72.53913333333334,76.54313333333333,4.003999999999991,0.0,0.0,73.073,360,False
2442307875,2,,"[[0.0, 1.9], [25.9, 30.2]]",26.4,29.1,2.700000000000003,1.0,0.6279069767441866,29.1,70,False
4955723618,4,,"[[30.4, 36.6]]",45.9459,46.8468,0.9009,0.0,0.0,45.9459,245,False
4859057828,3,,"[[13.5, 18.5]]",20.6206,21.3213,0.7007000000000012,0.0,0.0,21.2212,87,False
2604394962,5,,"[[12.2, 15.0]]",22.4224,23.656966666666666,1.234566666666666,0.0,0.0,22.5225,144,False
4896969617,0,,"[[0.0, 5.9]]",0.2002,2.8028,2.6026,1.0,0.4411186440677965,0.8675333333333334,47,False
5349766264,5,,"[[5.7, 10.4], [19.2, 29.6], [30.9, 36.6], [74.1, 78.6]]",7.007,8.216541666666666,1.2095416666666665,1.0,0.2573492907801418,7.007,252,False
4378803532,0,,"[[3.2, 13.2]]",6.5732333333333335,8.041366666666667,1.4681333333333333,1.0,0.14681333333333332,6.5732333333333335,175,False
8225502382,3,,"[[30.8, 34.3]]",35.46876666666667,36.26956666666667,0.8008000000000024,0.0,0.0,35.869166666666665,196,False
6516459343,2,,"[[16.7, 18.0]]",36.16976666666667,36.76976666666666,0.5999999999999943,0.0,0.0,36.469766666666665,362,False
2932897373,0,,"[[0.0, 3.1]]",1.435,2.035,0.6000000000000001,1.0,0.19354838709677422,1.735,77,False
4251505427,1,,"[[31.2, 71.7]]",52.58586666666667,57.8578,5.27193333333333,1.0,0.13017119341563776,53.01963333333333,306,False
7114553643,0,,"[[0.0, 25.2]]",0.03336666666666667,1.1344666666666667,1.1011,1.0,0.043694444444444445,0.8341666666666666,264,False
5333075105,7,,"[[0.2, 35.5]]",36.737,37.336999999999996,0.5999999999999943,0.0,0.0,37.037,156,False
6964124866,2,,"[[1.2, 14.5]]",7.340966666666667,7.940966666666666,0.5999999999999996,1.0,0.04511278195488719,7.6409666666666665,70,False
3557498300,7,,"[[6.2, 10.0]]",8.775433333333334,10.4104,1.6349666666666653,0.7489857081693819,0.2908433086325923,9.743066666666667,114,False
3145698830,4,,"[[15.9, 25.9]]",33.5338,34.133799999999994,0.5999999999999943,0.0,0.0,33.8338,236,False
5235909148,3,,"[[0.0, 11.5]]",4.2042,5.005,0.8007999999999997,1.0,0.06963478260869563,5.005,48,False
4882414082,4,,"[[37.3, 40.8]]",0.0,2.0,2.0,0.0,0.0,0.6,180,False
4263096481,4,,"[[8.3, 21.0]]",20.02,21.0,0.9800000000000004,1.0,0.0771653543307087,20.9209,86,False
6592821115,6,,"[[17.1, 38.9]]",1.25,2.0833333333333335,0.8333333333333335,0.0,0.0,1.25,253,False
5679866364,2,,"[[9.3, 21.0]]",14.748366666666666,15.348366666666667,0.6000000000000014,1.0,0.051282051282051405,15.048366666666666,100,False
5433090067,2,,"[[11.1, 17.8]]",18.284933333333335,20.0,1.7150666666666652,0.0,0.0,19.019,90,False
3972259774,6,,"[[6.7, 11.0]]",9.918541666666666,10.518541666666668,0.6000000000000014,1.0,0.13953488372093056,10.218541666666667,143,False
4151403382,0,,"[[13.4, 19.3]]",39.5395,40.1401,0.6006,0.0,0.0,39.5395,252,False
4219909195,0,,"[[4.3, 5.7]]",19.1194,19.7194,0.6000000000000014,0.0,0.0,19.4194,136,False
5297811305,3,,"[[0.0, 5.3]]",23.0233,23.6233,0.6000000000000014,0.0,0.0,23.3233,96,False
4333544549,5,,"[[18.2, 21.6]]",1.2015,1.8015,0.6000000000000001,0.0,0.0,1.5015,143,False
13919236672,9,,"[[45.5, 52.0]]",55.86845178511845,65.64489489489489,9.776443109776437,0.0,0.0,61.640890890890894,467,False
5237219621,5,,"[[47.4, 51.3]]",46.3466,46.9466,0.5999999999999943,0.0,0.0,46.6466,358,False
4378803532,7,,"[[0.4, 13.1]]",32.06536666666667,36.80343333333333,4.738066666666661,0.0,0.0,35.268566666666665,175,False
6201488511,0,,"[[70.6, 74.2]]",71.70526666666667,72.30526666666667,0.5999999999999943,1.0,0.1666666666666647,72.00526666666667,345,False
5875242364,7,,"[[11.0, 13.4]]",12.979933333333333,13.579933333333335,0.6000000000000014,0.70011111111111,0.1628207447220859,13.279933333333334,59,False
8557532213,1,,"[[0.3, 9.6]]",0.23386666666666672,0.8338666666666668,0.6000000000000001,0.8897777777777777,0.05699968681490762,0.5338666666666667,51,False
9565310990,1,,"[[20.9, 24.3]]",31.698665331998665,32.29866533199866,0.5999999999999979,0.0,0.0,31.998665331998666,125,False
2868183184,1,,"[[3.8, 8.3]]",23.355999999999998,23.956,0.6000000000000014,0.0,0.0,23.656,209,False
10042935613,10,,"[[23.2, 28.9]]",24.891858525191857,25.49185852519186,0.6000000000000014,1.0,0.1052631578947371,25.191858525191858,200,False
5662041273,5,,"[[0.3, 2.7], [15.5, 29.2], [72.6, 90.0]]",0.6006,1.6016,1.001,1.0,0.41708333333333325,1.2012,361,False
4838113006,8,,"[[56.4, 73.8]]",30.697633333333332,31.297633333333334,0.6000000000000014,0.0,0.0,30.997633333333333,360,False
5533380417,1,,"[[0.0, 13]]",0.23386666666666672,0.8338666666666668,0.6000000000000001,1.0,0.04615384615384616,0.5338666666666667,56,False
7571121368,6,,"[[25.9, 30.3]]",32.76636666666667,33.366366666666664,0.5999999999999943,0.0,0.0,33.06636666666667,226,False
7531285946,9,,"[[0.8, 30.2]]",8.041366666666667,9.743066666666667,1.7017000000000007,1.0,0.05788095238095241,9.642966666666666,162,False
3388598772,5,,"[[6.8, 11]]",3.9372666666666665,5.005,1.0677333333333334,0.0,0.0,4.371033333333333,46,False
3477387686,5,,"[[0.1, 3.7]]",53.053,54.7547,1.7017000000000024,0.0,0.0,54.5545,272,False
3655906094,7,,"[[0.1, 3.3]]",6.9069,9.9099,3.003,0.0,0.0,6.9069,76,False
5349766264,6,,"[[0.3, 78.6]]",37.5375,40.04,2.5024999999999977,1.0,0.03196040868454659,39.164125,252,False
5056964274,7,,"[[24.7, 28.1]]",0.8008,1.4347666666666667,0.6339666666666668,0.0,0.0,1.4347666666666667,125,False
5116088152,4,,"[[36.6, 39.2]]",17.7177,19.019,1.3012999999999977,0.0,0.0,18.2182,162,False
7088595057,9,,"[[14.8, 29.6]]",0.0,0.33336666666666664,0.33336666666666664,0.0,0.0,0.03336666666666667,142,False
7728559968,3,,"[[10.7, 32.7]]",18.08503333333333,18.685033333333333,0.6000000000000014,1.0,0.027272727272727334,18.385033333333332,200,False
3345608051,8,,"[[50.3, 53.5]]",2.9400000000000004,3.54,0.5999999999999996,0.0,0.0,3.24,300,False
3429509208,7,,"[[10.2, 13.1]]",13.96425,14.564250000000001,0.6000000000000014,0.0,0.0,14.26425,51,False
6031805098,4,,"[[7.7, 45.7]]",32.06536666666667,33.06636666666667,1.0009999999999977,1.0,0.026342105263157833,32.2322,185,False
5902452647,4,,"[[11.6, 13.8]]",22.389033333333334,23.390033333333335,1.0010000000000012,0.0,0.0,23.256566666666668,110,False
4603484665,7,,"[[38.0, 42.4]]",39.78975,42.042,2.2522500000000036,1.0,0.511875000000001,41.666625,140,False
3477387686,6,,"[[61.0, 64.3], [64.3, 66.7]]",53.053,54.5545,1.5015,0.0,0.0,54.5545,272,False
4336654741,1,,"[[0.2, 3.6], [18.3, 56.0], [66.6, 72.6]]",83.2835,83.8835,0.5999999999999943,0.0,0.0,83.5835,360,False
10042935613,3,,"[[23.4, 30.1]]",24.891858525191857,25.49185852519186,0.6000000000000014,1.0,0.08955223880597032,25.191858525191858,200,False
4024008346,0,,"[[0.0, 5.5]]",0.5007999999999999,1.1008,0.6000000000000001,1.0,0.10909090909090911,0.8008,79,False
8495272210,6,,"[[7.2, 18.3]]",17.6176,18.551866666666665,0.9342666666666659,0.7304124446981609,0.060113461515874156,17.9179,84,False
2679328607,2,,"[[0.0, 9.2]]",2.402,3.069,0.6669999999999998,1.0,0.07249999999999998,2.669,141,False
6642268693,5,,"[[12.6, 13.8], [30.2, 32.7]]",24.28,25.96,1.6799999999999997,0.0,0.0,25.6,154,False
4164771889,3,,"[[12.3, 16.8]]",13.013,16.016,3.0029999999999983,1.0,0.667333333333333,13.947266666666666,68,False
3026084730,2,,"[[70.7, 72.7]]",29.3293,32.032,2.7026999999999965,0.0,0.0,31.49813333333333,295,False
8740703217,6,,"[[4.3, 7.6], [15.1, 20]]",10.043666666666667,10.643666666666668,0.6000000000000014,0.0,0.0,10.343666666666667,82,False
8024853715,1,,"[[0.2, 1.7], [3.3, 4.9], [6.7, 9.3], [11.0, 13.9]]",12.554208333333333,16.057708333333334,3.5035000000000007,0.38412777698491984,0.26608724306957204,13.76375,66,False
8557532213,7,,"[[4.6, 9.6]]",0.3339666666666667,0.9339666666666666,0.5999999999999999,0.0,0.0,0.6339666666666667,51,False
6806999702,8,,"[[11.6, 15.9]]",86.01926666666667,88.12136666666666,2.102099999999993,0.0,0.0,87.32056666666666,360,False
10127533784,6,,"[[16.3, 20.0]]",7.708008008008009,8.30800800800801,0.6000000000000005,0.0,0.0,8.008008008008009,70,False
3897746373,9,,"[[2.2, 5.4]]",11.712,12.312000000000001,0.6000000000000014,0.0,0.0,12.012,54,False
3026084730,6,,"[[30.2, 31.6]]",50.0503,50.650299999999994,0.5999999999999943,0.0,0.0,50.3503,295,False
4896969617,9,,"[[4.3, 5.7]]",5.0053,5.6053,0.5999999999999996,1.0,0.4285714285714282,5.3053,47,False
7453733046,4,,"[[0.0, 1.3], [2.1, 6.0], [7.8, 11.2]]",3.3369666666666666,3.9369666666666663,0.5999999999999996,1.0,0.15384615384615374,3.6369666666666665,134,False
5134317883,7,,"[[27.3, 33.7]]",57.125,57.875,0.75,0.0,0.0,57.25,252,False
4626085492,1,,"[[18.0, 20.9]]",8.341666666666667,9.8098,1.4681333333333324,0.0,0.0,9.175833333333333,86,False
4272084125,10,,"[[6.4, 13.3]]",12.012,13.013,1.0009999999999994,1.0,0.14507246376811586,12.7127,99,False
5945172741,7,,"[[8.7, 14.3]]",16.36,18.04,1.6799999999999997,0.0,0.0,17.8,214,False
4146348376,0,,"[[1.6, 8.9], [9.4, 32.4], [36.5, 39.4]]",3.1698333333333335,4.004,0.8341666666666661,1.0,0.11426940639269396,3.9706333333333332,212,False
2679328607,11,,"[[13.7, 17.1], [22.1, 24.9], [27.1, 29.7]]",10.744,13.013,2.269,0.0,0.0,10.744,141,False
2696280239,9,,"[[10.1, 13]]",9.443066666666667,10.043066666666668,0.6000000000000014,0.0,0.0,9.743066666666667,54,False
4542882771,3,,"[[18.3, 28.8]]",15.26525,16.850166666666667,1.5849166666666665,0.0,0.0,16.26625,116,False
9612838272,3,,"[[8.1, 10.6]]",10.143777110443777,10.743777110443778,0.6000000000000014,0.7603714825937029,0.1725648080369537,10.443777110443778,54,False
5328616848,2,,"[[0.3, 9.3]]",3.2035,3.8034999999999997,0.5999999999999996,1.0,0.06666666666666662,3.5035,60,False
7416295940,0,,"[[28.4, 29.9]]",37.7377,54.6546,16.916900000000005,0.0,0.0,45.7457,351,False
4857781123,2,,"[[8.6, 11.3]]",18.68563333333333,19.285633333333333,0.6000000000000014,0.0,0.0,18.985633333333332,147,False
2925298951,9,,"[[15.1, 16.6]]",0.03366666666666668,0.6336666666666666,0.5999999999999999,0.0,0.0,0.33366666666666667,54,False
5919180502,0,,"[[6.4, 16.1]]",10.643966666666667,13.546866666666666,2.902899999999999,1.0,0.29926804123711326,12.746066666666668,200,False
8464056582,2,,"[[20.2, 23.7]]",6.041666666666667,10.041666666666666,3.999999999999999,0.0,0.0,8.791666666666666,179,False
5427285434,1,,"[[9.3, 20.5]]",14.848166666666666,16.049366666666668,1.2012000000000018,1.0,0.10725000000000016,16.049366666666668,83,False
9088819598,0,,"[[2.8, 6.8]]",19.21921921921922,20.754087420754086,1.5348682015348665,0.0,0.0,20.353687020353686,70,False
5766018720,3,,"[[35.0, 39.6]]",46.88046666666667,47.480466666666665,0.5999999999999943,0.0,0.0,47.18046666666667,244,False
4164771889,1,,"[[2.5, 6.3]]",16.1164,16.7164,0.6000000000000014,0.0,0.0,16.4164,68,False
3719793245,3,,"[[0.0, 2.2]]",7.2075000000000005,7.8075,0.5999999999999996,0.0,0.0,7.5075,47,False
6896884547,5,,"[[18.0, 22.0], [23.3, 26.6]]",40.07366666666667,40.67366666666666,0.5999999999999943,0.0,0.0,40.373666666666665,192,False
2697261300,4,,"[[0.0, 18.9], [26.5, 34.9], [39.0, 46]]",33.4334,34.034,0.6006,1.0,0.07150000000000001,33.8338,187,False
7536230796,2,,"[[53.0, 62.0], [66.7, 73.9]]",52.833333333333336,56.458333333333336,3.625,0.9540229885057477,0.37727272727272765,54.208333333333336,240,False
3105728894,7,,"[[24.4, 25.6]]",33.6336,35.035,1.4013999999999953,0.0,0.0,34.6346,203,False
8557532213,4,,"[[0.0, 1.7]]",8.442066666666665,9.042066666666667,0.6000000000000014,0.0,0.0,8.742066666666666,51,False
11566980553,8,,"[[9.1, 17.8]]",27.69436102769436,28.795462128795464,1.1011011011011043,0.0,0.0,27.69436102769436,228,False
4636208292,3,,"[[77.2, 80.5]]",73.774,74.374,0.5999999999999943,0.0,0.0,74.074,344,False
6582763207,5,,"[[24.6, 27.3]]",22.01395833333333,22.613958333333333,0.6000000000000014,0.0,0.0,22.313958333333332,94,False
6297019062,3,,"[[52.0, 55.1]]",45.07836666666667,47.18046666666667,2.1021,0.0,0.0,46.813433333333336,234,False
4798585428,1,,"[[6.5, 8.2]]",59.42633333333334,60.02633333333333,0.5999999999999943,0.0,0.0,59.726333333333336,360,False
5607805258,1,,"[[0.4, 25.4]]",6.666666666666667,7.666666666666667,1.0,1.0,0.04,6.666666666666667,96,False
4626085492,9,,"[[0.2, 3.6]]",9.709999999999999,10.31,0.6000000000000014,0.0,0.0,10.01,86,False
8277866423,3,,"[[14.2, 16.6]]",7.416666666666667,9.416666666666666,1.9999999999999991,0.0,0.0,8.666666666666666,111,False
2925298951,1,,"[[2.2, 5.2]]",1.2095416666666667,2.5025,1.2929583333333332,0.2339595887982983,0.0758058284867026,1.5432083333333333,54,False
6592821115,11,,"[[50.8, 59.9]]",62.03333333333334,62.63333333333333,0.5999999999999943,0.0,0.0,62.333333333333336,253,False
4968805923,5,,"[[0.0, 4.6]]",2.7030000000000003,3.303,0.5999999999999996,1.0,0.1304347826086956,3.003,43,False
3763643225,8,,"[[3.4, 6.3], [7.5, 12.1]]",5.6059,6.2059,0.5999999999999996,1.0,0.20689655172413782,5.9059,144,False
4006608424,2,,"[[61.8, 70.9]]",40.47376666666667,41.5415,1.0677333333333294,0.0,0.0,41.041,360,False
7331927796,8,,"[[9.5, 10.8]]",12.445766666666668,13.046366666666666,0.6005999999999982,0.0,0.0,12.445766666666668,70,False
14003541505,5,,"[[18.2, 21.0]]",12.475083333333334,13.476083333333333,1.0009999999999994,0.0,0.0,12.475083333333334,64,False
5801184682,0,,"[[19.8, 25.2]]",32.56,36.88,4.32,0.0,0.0,32.92,301,False
5173770364,1,,"[[25.6, 27.8]]",75.87610000000001,76.4761,0.5999999999999943,0.0,0.0,76.1761,320,False
5349766264,9,,"[[6.9, 19.6]]",55.30525,58.183125,2.877874999999996,0.0,0.0,56.431375,252,False
7331927796,3,,"[[8.6, 10.2]]",12.946266666666666,14.047366666666667,1.1011000000000006,0.0,0.0,13.646966666666666,70,False
2782658657,6,,"[[19.6, 22.0]]",1.9689333333333334,2.5689333333333333,0.5999999999999999,0.0,0.0,2.2689333333333335,106,False
2834146886,0,,"[[0.0, 2.4]]",0.0,0.3,0.3,1.0,0.125,0.0,251,False
5635265624,9,,"[[13.6, 16.6]]",13.346966666666665,13.946966666666667,0.6000000000000014,0.5782777777777768,0.10665942556178333,13.646966666666666,79,False
7571121368,8,,"[[23.4, 28.8]]",12.645966666666666,17.650966666666665,5.004999999999999,0.0,0.0,15.648966666666666,226,False
5875535585,0,,"[[0.6, 9.9]]",61.061,62.09536666666666,1.0343666666666635,0.0,0.0,61.094366666666666,306,False
4123915842,5,,"[[12.3, 16.4]]",22.4227,23.0227,0.6000000000000014,0.0,0.0,22.7227,100,False
7059877301,2,,"[[12.7, 13.9]]",0.00030000000000002247,0.6003000000000001,0.6000000000000001,0.0,0.0,0.3003,123,False
5902452647,2,,"[[25.3, 27]]",21.4214,22.389033333333334,0.9676333333333353,0.0,0.0,21.4214,110,False
11681746823,6,,"[[0.0, 5.8], [7.7, 11.8]]",9.075742409075742,11.144477811144478,2.068735402068736,1.0,0.5045696102606673,9.50950950950951,72,False
8457210773,7,,"[[65.8, 69.6]]",71.74000000000001,72.34,0.5999999999999943,0.0,0.0,72.04,264,False
3524939594,7,,"[[0.1, 6.0]]",6.707,7.3069999999999995,0.5999999999999996,0.0,0.0,7.007,59,False
3456030972,2,,"[[5.1, 21.4]]",12.7127,14.9149,2.2021999999999995,1.0,0.1351042944785276,13.4134,102,False
4164771889,7,,"[[8.9, 11.7]]",14.014,16.7167,2.7027,0.0,0.0,16.4164,68,False
8627074061,8,,"[[83.7, 90.0]]",28.49513333333333,30.363666666666667,1.8685333333333354,0.0,0.0,29.963266666666666,360,False
2971556305,5,,"[[8.0, 17.4]]",17.5175,21.27125,3.75375,0.0,0.0,19.185833333333335,195,False
4336654741,6,,"[[12.2, 20.5]]",56.456700000000005,57.0567,0.5999999999999943,0.0,0.0,56.7567,360,False
9304738817,4,,"[[9.2, 16.3]]",2.2333333333333334,2.833333333333333,0.5999999999999996,0.0,0.0,2.533333333333333,37,False
2442307875,6,,"[[49.1, 51.0]]",1.3,2.5,1.2,0.0,0.0,2.5,70,False
3233088823,6,,"[[8.1, 11.7]]",14.014,15.0,0.9860000000000007,0.0,0.0,15.015,63,False
8811725760,3,,"[[7.2, 10.1]]",18.21821821821822,19.51951951951952,1.3013013013013008,0.0,0.0,19.41941941941942,66,False
5427285434,2,,"[[9.3, 20.5]]",7.040366666666666,8.041366666666667,1.0010000000000003,0.0,0.0,7.741066666666667,83,False
9917882506,2,,"[[13.6, 18.0]]",22.02202202202202,25.025025025025027,3.0030030030030055,0.0,0.0,24.824824824824823,115,False
4024008346,7,,"[[4.1, 10.1]]",0.0,1.001,1.001,0.0,0.0,0.8008,79,False
5328004991,0,,"[[0.1, 9.3]]",6.2127,19.212699999999998,12.999999999999998,0.2374846153846155,0.16153133780156656,12.7127,106,False
5875535585,6,,"[[24.3, 32.2]]",40.07366666666667,40.67366666666666,0.5999999999999943,0.0,0.0,40.373666666666665,306,False
3263908208,5,,"[[0.1, 12]]",7.2,7.8,0.5999999999999996,1.0,0.05042016806722686,7.5,40,False
8740703217,5,,"[[12.9, 20]]",3.6372666666666666,4.237266666666667,0.6000000000000001,0.0,0.0,3.9372666666666665,82,False
6356067859,0,,"[[0.1, 2.4]]",2.736366666666667,3.3363666666666667,0.5999999999999996,0.0,0.0,3.036366666666667,143,False
7149153537,3,,"[[38.1, 40.9]]",37.070366666666665,38.77206666666667,1.7017000000000024,0.39493839493839394,0.17549112621747928,37.971266666666665,186,False
7605329840,7,,"[[11.0, 13.4]]",13.847166666666666,14.547866666666666,0.7006999999999994,0.0,0.0,14.347666666666667,86,False
11966080214,3,,"[[44.6, 51]]",13.713999999999999,14.314,0.6000000000000014,0.0,0.0,14.014,198,False
2726497009,2,,"[[16.2, 20.6]]",48.749,49.349,0.5999999999999943,0.0,0.0,49.049,211,False
6727904179,0,,"[[0.0, 5.4]]",0.03336666666666667,3.036366666666667,3.003,1.0,0.5561111111111111,0.33366666666666667,130,False
5296635780,1,,"[[0.2, 21.8]]",12.4127,13.0127,0.6000000000000014,1.0,0.027777777777777842,12.7127,88,False
2736413196,0,,"[[4.4, 26.6]]",41.875,43.209,1.3340000000000032,0.0,0.0,42.142,217,False
4036955771,7,,"[[54.9, 58.4]]",81.74833333333333,83.01626666666667,1.2679333333333318,0.0,0.0,81.74833333333333,360,False
2976913210,5,,"[[16.2, 18]]",7.707999999999999,8.308,0.6000000000000005,0.0,0.0,8.008,74,False
5349766264,2,,"[[6.7, 26.2], [33.4, 46.2]]",67.97654166666666,68.57654166666666,0.5999999999999943,0.0,0.0,68.27654166666666,252,False
2731071928,6,,"[[41.3, 47.0]]",27.259999999999998,27.86,0.6000000000000014,0.0,0.0,27.56,263,False
8428551576,2,,"[[12.8, 21.0]]",5.839466666666667,6.439466666666666,0.5999999999999996,0.0,0.0,6.139466666666666,359,False
3345608051,5,,"[[0.1, 1.4], [4.8, 5.5], [16.0, 17.5], [24.9, 27.3]]",15.48,21.72,6.239999999999998,0.24038461538461545,0.24038461538461545,19.2,300,False
5056964274,8,,"[[0.0, 4.4]]",0.0,2.002,2.002,1.0,0.4549999999999999,1.4347666666666667,125,False
4798585428,4,,"[[49.7, 53.2]]",54.654900000000005,55.2549,0.5999999999999943,0.0,0.0,54.9549,360,False
2973331780,3,,"[[7.8, 16.4]]",12.579233333333333,13.4134,0.8341666666666665,1.0,0.09699612403100775,13.2132,136,False
4984331176,6,,"[[1.0, 3.2]]",0.4674333333333333,1.0674333333333332,0.5999999999999999,0.11238888888888875,0.024677653488173478,0.7674333333333333,40,False
5133787349,1,,"[[2.6, 7.0]]",13.96425,14.564250000000001,0.6000000000000014,0.0,0.0,14.26425,50,False
2990321092,7,,"[[17.7, 21]]",20.3206,20.9206,0.6000000000000014,1.0,0.1818181818181822,20.6206,86,False
3427674558,6,,"[[18.6, 21.9]]",11.011,12.178833333333333,1.1678333333333342,0.0,0.0,12.012,116,False
4859057828,0,,"[[0.0, 4.8]]",18.68563333333333,19.285633333333333,0.6000000000000014,0.0,0.0,18.985633333333332,87,False
2957808913,6,,"[[0.1, 5.8]]",4.9049,8.008,3.1030999999999995,0.2884534820018692,0.11318917551846235,5.005,80,False
2401167740,7,,"[[8.1, 10.7]]",11.411,12.011000000000001,0.6000000000000014,0.0,0.0,11.711,53,False
5256928210,7,,"[[0.1, 20]]",12.713,13.313,0.6000000000000014,1.0,0.030150753768844296,13.013,82,False
7988210561,4,,"[[2.5, 9.9]]",4.037366666666666,5.038366666666667,1.0010000000000003,1.0,0.13527027027027033,4.337666666666666,43,False
6097994550,4,,"[[10.9, 17.6]]",11.945566666666666,12.545566666666668,0.6000000000000014,1.0,0.08955223880597035,12.245566666666667,71,False
6762389913,4,,"[[19.8, 26.5]]",2.5358666666666667,3.1364666666666667,0.6006,0.0,0.0,2.736066666666667,183,False
2584172238,7,,"[[13.4, 27.0]]",28.403375,29.404375,1.0010000000000012,0.0,0.0,29.029,96,False
4244817395,1,,"[[51.4, 62.0]]",5.88,8.88,3.000000000000001,0.0,0.0,8.28,226,False
4935987905,2,,"[[16.1, 20.9]]",16.016,17.951266666666665,1.9352666666666671,0.9565951290089205,0.3790472290472285,16.1161,108,False
6168295272,9,,"[[12.7, 14.0]]",10.96125,11.561250000000001,0.6000000000000014,0.0,0.0,11.26125,60,False
4765717907,8,,"[[8.4, 10.6]]",33.80043333333333,34.9349,1.1344666666666683,0.0,0.0,34.034,159,False
5467727317,2,,"[[0.4, 41]]",32.76606666666667,33.767066666666665,1.0009999999999977,1.0,0.024655172413793044,32.96626666666667,164,False
8604794910,2,,"[[3.1, 10.4]]",12.045666666666666,12.645666666666667,0.6000000000000014,0.0,0.0,12.345666666666666,55,False
4542882771,7,,"[[30.0, 35.8]]",14.848166666666666,16.850166666666667,2.0020000000000007,0.0,0.0,16.26625,116,False
8107573462,1,,"[[0.8, 3.5]]",5.839466666666667,6.439466666666666,0.5999999999999996,0.0,0.0,6.139466666666666,55,False
4276006683,8,,"[[25.2, 26.7]]",3.7039999999999997,4.303999999999999,0.5999999999999996,0.0,0.0,4.004,107,False
8313365386,7,,"[[2.6, 9.5]]",6.741666666666667,7.341666666666667,0.5999999999999996,1.0,0.08695652173913038,7.041666666666667,43,False
4336654741,2,,"[[7.7, 18.2]]",8.709,9.309000000000001,0.6000000000000014,1.0,0.05714285714285728,9.009,360,False
3321261856,7,,"[[11.0, 25.3]]",28.19513333333333,28.795133333333332,0.6000000000000014,0.0,0.0,28.49513333333333,115,False
7771650716,4,,"[[16.6, 21.2]]",18.651966666666667,22.255566666666667,3.6036,0.7070799570799569,0.4505354606376019,21.955266666666667,247,False
11541421563,7,,"[[31.3, 35.1]]",3.25325,4.5045,1.2512500000000002,0.0,0.0,3.25325,303,False
8171216955,8,,"[[1.8, 5.6]]",13.046366666666666,14.047366666666667,1.0010000000000012,0.0,0.0,13.246566666666666,75,False
6443512089,7,,"[[71.8, 75.9]]",36.77036666666667,37.37036666666666,0.5999999999999943,0.0,0.0,37.070366666666665,326,False
5145526755,4,,"[[48.3, 50.4]]",54.2545,54.854499999999994,0.5999999999999943,0.0,0.0,54.5545,224,False
6621511673,5,,"[[30.0, 33.8], [78.4, 84.0]]",5.739366666666667,6.339366666666667,0.5999999999999996,0.0,0.0,6.039366666666667,360,False
5913180144,4,,"[[36.4, 39.8]]",28.4284,32.06536666666667,3.6369666666666696,0.0,0.0,32.032,159,False
5801184682,4,,"[[24.2, 37.0]]",32.56,36.88,4.32,1.0,0.3375,36.44,301,False
6024684644,3,,"[[1.0, 2.9], [5.6, 9.1], [13.5, 16.1]]",16.483433333333334,17.0,0.516566666666666,0.0,0.0,16.783433333333335,70,False
5349969207,5,,"[[11.1, 18.6]]",14.715,15.315000000000001,0.6000000000000014,1.0,0.08000000000000017,15.015,160,False
5134317883,9,,"[[68.7, 72.3]]",76.2,76.8,0.5999999999999943,0.0,0.0,76.5,252,False
6143391925,6,,"[[23.9, 25.5]]",17.4177,18.0177,0.6000000000000014,0.0,0.0,17.7177,162,False
4075791856,3,,"[[11.2, 14.5]]",26.4,27.84,1.4400000000000013,0.0,0.0,27.84,300,False
6183104292,2,,"[[5.7, 11.6]]",10.7107,11.7117,1.0010000000000012,0.8884115884115877,0.14792820666367257,10.7107,95,False
7416295940,8,,"[[25.2, 26.8]]",36.7367,38.20483333333333,1.4681333333333342,0.0,0.0,37.57086666666667,351,False
4688219212,1,,"[[28.5, 31.6]]",27.994633333333333,29.496133333333333,1.5015,0.663425463425463,0.27629182422499765,28.695333333333334,128,False
6239210933,1,,"[[0.1, 2.9]]",24.057366666666667,27.060366666666667,3.003,0.0,0.0,25.358666666666668,138,False
3897746373,4,,"[[0.0, 4.0]]",11.712,12.312000000000001,0.6000000000000014,0.0,0.0,12.012,54,False
2973331780,8,,"[[23.2, 30.1]]",25.025,26.026,1.0010000000000012,1.0,0.14507246376811608,25.6256,136,False
3078294001,4,,"[[0.0, 3.5]]",0.3003,1.6016,1.3013,1.0,0.3718,0.4004,46,False
8188651630,6,,"[[35.6, 38]]",5.466666666666667,8.066666666666666,2.5999999999999996,0.0,0.0,5.466666666666667,77,False
7536230796,0,,"[[10.4, 14.7]]",64.15833333333333,64.75833333333333,0.5999999999999943,0.0,0.0,64.45833333333333,240,False
8277866423,8,,"[[7.0, 10.3], [16.1, 18.9]]",7.416666666666667,9.416666666666666,1.9999999999999991,1.0,0.6060606060606056,8.541666666666666,111,False
3376544720,5,,"[[46.7, 49.6]]",23.77375,25.025,1.2512499999999989,0.0,0.0,24.024,288,False
3359075894,8,,"[[10.6, 13.8]]",1.6199999999999999,2.2199999999999998,0.5999999999999999,0.0,0.0,1.92,56,False
5913180144,6,,"[[16.8, 20.8]]",37.4374,38.6386,1.2012,0.0,0.0,38.038,159,False
12392885583,8,,"[[0.1, 4.6], [7.8, 9.7]]",13.1131,14.147466666666666,1.034366666666667,0.0,0.0,14.147466666666666,110,False
3861485381,7,,"[[5.0, 15.9]]",18.351966666666666,18.951966666666667,0.6000000000000014,0.0,0.0,18.651966666666667,359,False
4444192938,3,,"[[5.7, 7.5]]",1.4014,2.2022,0.8008,0.0,0.0,1.9019,116,False
3107742409,4,,"[[1.6, 3.9]]",21.6216,23.023,1.4013999999999989,0.0,0.0,21.6216,215,False
4263096481,7,,"[[0.0, 9.2]]",10.710999999999999,11.311,0.6000000000000014,0.0,0.0,11.011,86,False
4333544549,0,,"[[1.1, 26.7], [32.6, 35.4]]",1.5015,3.7037,2.2022,1.0,0.08602343750000001,3.3033,143,False
2833209794,2,,"[[5.0, 8.0]]",2.4024024024024024,3.1698365031698366,0.7674341007674341,0.0,0.0,3.1698365031698366,45,False
6516459343,0,,"[[19.3, 24.7], [30.4, 90.0]]",0.03336666666666667,3.1364666666666667,3.1031,0.0,0.0,0.4337666666666667,362,False
5433090067,6,,"[[0.7, 2.7]]",8.241566666666667,11.044366666666667,2.8027999999999995,0.0,0.0,8.441766666666666,90,False
5138093706,2,,"[[25.3, 30.6]]",0.4007,1.0007,0.5999999999999999,0.0,0.0,0.7007,125,False
3741143820,7,,"[[9.2, 11]]",1.3015999999999999,1.9016,0.6000000000000001,0.0,0.0,1.6016,46,False
2833209794,8,,"[[5.6, 11]]",0.0,0.3,0.3,0.0,0.0,0.0,45,False
4420239986,0,,"[[20.1, 22]]",0.7009999999999998,1.301,0.6000000000000001,0.0,0.0,1.001,90,False
5133787349,7,,"[[10.9, 15]]",11.586875,12.186875,0.6000000000000014,1.0,0.1463414634146345,11.886875,50,False
5056964274,5,,"[[24.4, 30.5]]",3.9039,4.7047,0.8007999999999997,0.0,0.0,4.4044,125,False
5766018720,2,,"[[11.7, 18.8]]",24.057366666666667,26.459766666666667,2.4024,0.0,0.0,25.392033333333334,244,False
4626085492,7,,"[[18.0, 21.0]]",8.041666666666666,8.641666666666667,0.6000000000000014,0.0,0.0,8.341666666666667,86,False
4123915842,1,,"[[4.9, 18.9]]",4.705,5.305,0.5999999999999996,0.6749999999999994,0.028531172948221162,5.005,100,False
5521781780,7,,"[[6.0, 88.4]]",62.09536666666666,62.72933333333334,0.633966666666673,1.0,0.007693770226537293,62.72933333333334,361,False
2705374471,4,,"[[0.9, 3.0]]",0.6676333333333333,1.2676333333333334,0.6000000000000001,0.6127222222222222,0.15762244358377042,0.9676333333333333,208,False
7453733046,10,,"[[20.2, 22.3]]",30.430699999999998,31.0307,0.6000000000000014,0.0,0.0,30.7307,134,False
3198533789,9,,"[[8.3, 10.9]]",4.7047,5.5055,0.8007999999999997,0.0,0.0,5.5055,92,False
3441428429,6,,"[[21.3, 25.5], [33.8, 36.6], [47.1, 50.8]]",67.03363333333333,68.068,1.0343666666666707,0.0,0.0,67.03363333333333,360,False
3830567237,2,,"[[4.0, 16.5]]",20.721,21.321,0.6000000000000014,0.0,0.0,21.021,96,False
5681946487,8,,"[[0.6, 5.6]]",26.459766666666667,28.0,1.5402333333333331,0.0,0.0,27.8278,114,False
5498331490,5,,"[[18.5, 89.4]]",67.16666666666667,71.29166666666667,4.125,1.0,0.0581805359661495,67.91666666666667,288,False
2726497009,3,,"[[23.8, 33.4]]",26.493133333333333,29.029,2.535866666666667,1.0,0.2641527777777779,27.994633333333333,211,False
5607805258,0,,"[[0.4, 12.6]]",12.541666666666666,15.416666666666666,2.875,0.02028985507246385,0.003884572697003346,13.916666666666666,96,False
8505893258,1,,"[[14.9, 20.1]]",0.7427083333333333,1.3427083333333334,0.6000000000000001,0.0,0.0,1.0427083333333333,119,False
10001787725,1,,"[[1.2, 5.8]]",23.890557223890557,25.725725725725727,1.8351685018351702,0.0,0.0,24.15749082415749,121,False
3049351381,4,,"[[16.1, 26.5]]",26.39333333333333,26.993333333333332,0.6000000000000014,0.17777777777778145,0.009791921664626911,26.69333333333333,207,False
2442307875,3,,"[[0.0, 1.9], [25.9, 30.2]]",26.4,27.0,0.6000000000000014,1.0,0.13953488372093054,26.4,70,False
3804148568,6,,"[[37.0, 46.5]]",83.4834,84.084,0.6006,0.0,0.0,83.6836,360,False
6772999108,9,,"[[13.5, 28.2]]",2.3359666666666667,2.9359666666666664,0.5999999999999996,0.0,0.0,2.6359666666666666,196,False
3372023610,6,,"[[0.1, 4.6], [6.4, 20.5], [21.0, 27.7], [28.9, 34.0]]",10.710999999999999,11.311,0.6000000000000014,1.0,0.042553191489361805,11.011,136,False
5229476012,2,,"[[24.2, 26.8]]",16.58353333333333,17.183533333333333,0.6000000000000014,0.0,0.0,16.883533333333332,108,False
3963997053,1,,"[[0.0, 7.7]]",0.4007,1.0007,0.5999999999999999,1.0,0.07792207792207789,0.7007,78,False
13919236672,5,,"[[103.2, 106.4]]",122.33491825158492,124.5704871538205,2.2355689022355705,0.0,0.0,122.70195195195195,467,False
4612723694,4,,"[[9.6, 27.0]]",43.610533333333336,44.21053333333333,0.5999999999999943,0.0,0.0,43.91053333333333,225,False
2596300565,5,,"[[0.1, 35.1]]",50.784,53.053,2.2689999999999984,0.0,0.0,52.318,325,False
2771402761,9,,"[[14.1, 18.1]]",21.3216,21.9216,0.6000000000000014,0.0,0.0,21.6216,195,False
2573424030,10,,"[[10.8, 12.7], [17.3, 29.9], [31.0, 38.3]]",5.271,6.272,1.0010000000000003,0.0,0.0,5.271,197,False
4443526735,8,,"[[16.6, 19.4]]",3.4537500000000003,4.05375,0.5999999999999996,0.0,0.0,3.75375,64,False
7572859950,1,,"[[0.1, 7.6]]",13.747366666666666,14.347366666666668,0.6000000000000014,0.0,0.0,14.047366666666667,67,False
2735019707,5,,"[[5.0, 7.6]]",6.940566666666667,7.540566666666667,0.5999999999999996,1.0,0.23076923076923067,7.240566666666667,79,False
4219909195,5,,"[[18.9, 26.2]]",3.970933333333334,4.5709333333333335,0.5999999999999996,0.0,0.0,4.270933333333334,136,False
5919180502,7,,"[[24.4, 27.2], [31.7, 34.0]]",24.891533333333335,27.160466666666668,2.268933333333333,1.0,0.810333333333333,27.160466666666668,200,False
6480018109,5,,"[[23.5, 29.6]]",25.041666666666668,28.791666666666668,3.75,1.0,0.6147540983606556,27.416666666666668,95,False
6879924118,2,,"[[0.0, 14.6]]",14.4147,15.014700000000001,0.6000000000000014,0.30883333333333224,0.01234123891919251,14.7147,67,False
6025238212,6,,"[[23.9, 25]]",23.724,24.324,0.6000000000000014,0.7066666666666701,0.33228840125392095,24.024,102,False
7331927796,5,,"[[10.2, 12.5]]",15.648966666666666,16.249566666666666,0.6006,0.0,0.0,15.648966666666666,70,False
4276006683,6,,"[[9.0, 12.2]]",14.4144,15.015,0.6006,0.0,0.0,15.015,107,False
3345608051,6,,"[[28.8, 31.8]]",48.900000000000006,49.5,0.5999999999999943,0.0,0.0,49.2,300,False
8627074061,7,,"[[70.7, 77.4]]",81.41496666666667,82.01496666666667,0.5999999999999943,0.0,0.0,81.71496666666667,360,False
8107573462,8,,"[[5.9, 6.8]]",6.139466666666666,7.140466666666667,1.0010000000000003,0.6598734598734597,0.5324877734186061,6.6066,55,False
4251505427,0,,"[[31.2, 71.7]]",64.3643,66.3663,2.0019999999999953,1.0,0.04943209876543198,64.59786666666666,306,False
4584426085,3,,"[[72.1, 90.0]]",70.5705,71.2712,0.7006999999999977,0.0,0.0,71.071,360,False
4765717907,7,,"[[13.9, 17.0]]",12.713,13.313,0.6000000000000014,0.0,0.0,13.013,159,False
3429509208,4,,"[[10.2, 13.1]]",3.75375,8.008,4.254249999999999,0.0,0.0,7.5075,51,False
2978295992,6,,"[[40.4, 43.3]]",35.75,38.125,2.375,0.0,0.0,36.0,142,False
5205081904,0,,"[[0.1, 11.0], [14.9, 20.8]]",12.0123,12.612300000000001,0.6000000000000014,0.0,0.0,12.3123,84,False
6988748711,4,,"[[13.5, 17.5]]",3.136766666666667,3.7367666666666666,0.5999999999999996,0.0,0.0,3.4367666666666667,203,False
3261079025,4,,"[[0.3, 3.6]]",5.005,6.006,1.0010000000000003,0.0,0.0,5.8058,75,False
3063380173,2,,"[[0.0, 7.3]]",15.114999999999998,15.715,0.6000000000000014,0.0,0.0,15.415,71,False
4103088549,6,,"[[4.3, 15.2]]",9.509799999999998,10.1098,0.6000000000000014,1.0,0.05504587155963316,9.8098,67,False
4967810888,6,,"[[26.5, 30.7], [49.8, 53.4]]",51.051,53.053,2.0019999999999953,1.0,0.5561111111111096,51.7517,250,False
2435633172,4,,"[[0.8, 7.8], [10.4, 15.2]]",59.592,61.594,2.0020000000000024,0.0,0.0,61.594,307,False
6233408665,1,,"[[5.4, 7.3]]",11.645266666666666,12.245266666666668,0.6000000000000014,0.0,0.0,11.945266666666667,300,False
4984417707,6,,"[[9.4, 14.1]]",12.1124,12.7124,0.6000000000000014,1.0,0.12765957446808543,12.4124,59,False
2984974097,7,,"[[0.0, 9.2]]",19.019,20.053,1.0340000000000025,0.0,0.0,19.819,121,False
8457210773,3,,"[[2.8, 6.8]]",41.56,44.44,2.8799999999999955,0.0,0.0,42.76,264,False
2679328607,7,,"[[19.1, 20.5], [24.2, 26.0], [31.9, 33.4]]",10.744,13.013,2.269,0.0,0.0,12.012,141,False
6097994550,6,,"[[10.9, 17.6]]",7.440766666666667,10.143466666666667,2.7027,0.0,0.0,8.041366666666667,71,False
5256928210,4,,"[[1.1, 20]]",12.813099999999999,13.4131,0.6000000000000014,1.0,0.03174603174603182,13.1131,82,False
3526597179,6,,"[[23.9, 26.9]]",22.7227,26.793433333333333,4.070733333333333,0.7107892107892111,0.6926563410177231,26.4264,108,False
8575881495,5,,"[[5.9, 13.7]]",3.003,4.738066666666667,1.7350666666666665,0.0,0.0,4.738066666666667,267,False
8080432373,1,,"[[6.2, 8.1]]",84.81806666666667,87.12036666666667,2.3023000000000025,0.0,0.0,85.41866666666667,360,False
3121571439,7,,"[[38.2, 39.5]]",34.4344,36.036,1.6016000000000048,0.0,0.0,34.7347,163,False
2833209794,7,,"[[5.6, 11]]",0.0,0.3,0.3,0.0,0.0,0.0,45,False
4488066715,4,,"[[0.7, 4.7]]",0.0,2.6026,2.6026,0.7310381925766541,0.4048085106382978,2.3023,352,False
7416295940,5,,"[[65.8, 66.5]]",60.4604,72.33893333333333,11.87853333333333,0.05892983421073334,0.05892983421073334,67.83443333333334,351,False
4260763967,7,,"[[15.1, 20.3]]",23.724,24.324,0.6000000000000014,0.0,0.0,24.024,136,False
7164729910,3,,"[[11.9, 15.2]]",16.291666666666668,18.041666666666668,1.75,0.0,0.0,17.791666666666668,88,False
11566930393,4,,"[[15.2, 19.3]]",0.0,4.004004004004004,4.004004004004004,0.0,0.0,0.0,114,False
10309542255,3,,"[[12.5, 17.3], [20.8, 23.3]]",16.58355021688355,17.18355021688355,0.6000000000000014,1.0,0.12500000000000028,16.88355021688355,300,False
6691330381,3,,"[[18.5, 21.4]]",27.360666666666667,29.062366666666666,1.7016999999999989,0.0,0.0,28.695333333333334,166,False
2854886555,0,,"[[0.0, 4.0]]",7.3076,7.9075999999999995,0.5999999999999996,0.0,0.0,7.6076,64,False
10042935613,1,,"[[43.2, 47.0]]",25.225525525525526,25.825525525525528,0.6000000000000014,0.0,0.0,25.525525525525527,200,False
3462517143,1,,"[[1.6, 7.3]]",16.016,19.6196,3.6036,0.0,0.0,17.6176,98,False
2735019707,2,,"[[7.0, 11.9]]",7.240566666666667,8.1081,0.8675333333333333,1.0,0.177047619047619,7.240566666666667,79,False
3708066257,8,,"[[3.3, 5.5], [7.2, 9.4], [13.4, 16.2]]",18.46875,19.06875,0.6000000000000014,0.0,0.0,18.76875,64,False
5801184682,5,,"[[1.6, 18.2]]",2.2,6.52,4.319999999999999,1.0,0.26024096385542167,5.2,301,False
4189100053,4,,"[[2.1, 5.3]]",13.5135,15.015,1.5015,0.0,0.0,14.9149,118,False
2400715506,3,,"[[5.5, 7.2]]",10.677633333333333,11.277633333333334,0.6000000000000014,0.0,0.0,10.977633333333333,56,False
6480018109,7,,"[[11.5, 29.6]]",22.041666666666668,23.791666666666668,1.75,1.0,0.09668508287292817,23.541666666666668,95,False
3477387686,8,,"[[59.9, 61.6]]",65.23213333333334,65.83213333333333,0.5999999999999943,0.0,0.0,65.53213333333333,272,False
4189100053,5,,"[[24.3, 27.2]]",2.3026,2.9025999999999996,0.5999999999999996,0.0,0.0,2.6026,118,False
3429509208,2,,"[[4.4, 8.7]]",4.879875,8.008,3.128124999999999,1.0,0.727470930232558,8.008,51,False
5026660202,9,,"[[52.5, 64.8]]",13.980633333333333,15.015,1.034366666666667,0.0,0.0,14.9149,360,False
6239210933,9,,"[[0.1, 16.3]]",27.761366666666667,28.36136666666667,0.6000000000000014,0.0,0.0,28.061366666666668,138,False
5138093706,6,,"[[29.4, 30.8]]",7.007,8.2082,1.2012,0.0,0.0,7.7077,125,False
3963997053,4,,"[[11.5, 19]]",7.7744333333333335,9.1091,1.3346666666666662,0.0,0.0,8.008,78,False
5429688959,2,,"[[0.8, 44.4], [55.0, 83]]",27.660966666666667,30.663966666666667,3.003,1.0,0.06887614678899083,29.462766666666667,333,False
2824317018,1,,"[[17.5, 50.5]]",4.27,8.008,3.7379999999999995,0.0,0.0,6.272,217,False
14003541505,4,,"[[0.9, 4.5]]",11.758,12.358,0.6000000000000014,0.0,0.0,12.058,64,False
9217939684,5,,"[[0.2, 3.5]]",65.36666666666667,65.96666666666667,0.5999999999999943,0.0,0.0,65.66666666666667,175,False
3429509208,8,,"[[10.2, 13.1]]",13.96425,14.564250000000001,0.6000000000000014,0.0,0.0,14.26425,51,False
3477387686,4,,"[[12.1, 15.1]]",37.738,38.337999999999994,0.5999999999999943,0.0,0.0,38.038,272,False
4584426085,6,,"[[32.0, 39.4]]",33.333600000000004,33.9336,0.5999999999999943,1.0,0.08108108108108032,33.6336,360,False
2712662377,5,,"[[26.6, 30.0]]",27.127399999999998,27.7274,0.6000000000000014,1.0,0.1764705882352946,27.4274,140,False
11541421563,8,,"[[32.7, 36.6]]",96.5965,97.34725,0.7507499999999965,0.0,0.0,97.34725,303,False
3861485381,2,,"[[13.8, 18.1]]",17.017,18.018,1.0010000000000012,1.0,0.23279069767441884,17.884533333333334,359,False
4444192938,1,,"[[20.3, 25.8]]",18.08503333333333,18.685033333333333,0.6000000000000014,0.0,0.0,18.385033333333332,116,False
2503404966,10,,"[[22.6, 23.6]]",5.9059,6.5065,0.6006,0.0,0.0,6.339666666666667,112,False
6253433310,4,,"[[3.8, 5.3]]",1.0343666666666667,1.8351666666666666,0.8008,0.0,0.0,1.4347666666666667,91,False
2977504625,6,,"[[8.2, 14.8]]",2.375,3.375,1.0,0.0,0.0,2.625,52,False
2771402761,6,,"[[5.7, 14.2], [22.7, 29.3]]",35.06866666666667,35.66866666666667,0.5999999999999943,0.0,0.0,35.36866666666667,195,False
5433090067,3,,"[[0.2, 20]]",18.284933333333335,20.0,1.7150666666666652,1.0,0.08661952861952854,19.019,90,False
4249756405,5,,"[[10.9, 21.5]]",28.353625,28.953625000000002,0.6000000000000014,0.0,0.0,28.653625,104,False
6618792571,5,,"[[32.4, 38.7]]",65.09836666666666,66.09936666666667,1.0010000000000048,0.0,0.0,65.89916666666667,336,False
8313365386,4,,"[[4.5, 8.1]]",9.366666666666665,9.966666666666667,0.6000000000000014,0.0,0.0,9.666666666666666,43,False
6300775954,9,,"[[51.8, 55.4]]",54.788066666666666,56.08936666666666,1.3012999999999977,0.47024770101693236,0.14266286398147351,55.58886666666667,232,False
4388652400,3,,"[[0.0, 2.5]]",3.3033,5.005,1.7016999999999998,0.0,0.0,5.005,239,False
6988748711,8,,"[[16.2, 18.0]]",0.0,0.33336666666666664,0.33336666666666664,0.0,0.0,0.03336666666666667,203,False
6329954198,7,,"[[3.5, 6.3]]",1.4347666666666667,2.0353666666666665,0.6005999999999998,0.0,0.0,1.4347666666666667,94,False
5919180502,2,,"[[37.3, 38.6]]",33.50043333333333,34.10043333333333,0.5999999999999943,0.0,0.0,33.80043333333333,200,False
6233408665,2,,"[[35.0, 41.0], [54.1, 60.0]]",23.657266666666665,24.257266666666666,0.6000000000000014,0.0,0.0,23.957266666666666,300,False
5328004991,1,,"[[9.2, 21.8]]",5.005,17.1171,12.112100000000002,0.653652132990976,0.4713962488835963,12.7127,106,False
5667931404,4,,"[[0.6, 5.0]]",7.541166666666667,8.141166666666667,0.5999999999999996,0.0,0.0,7.841166666666667,46,False
5902452647,1,,"[[11.6, 13.8]]",11.845166666666668,13.046366666666666,1.2011999999999983,1.0,0.5459999999999989,12.045366666666666,110,False
6618792571,8,,"[[48.8, 56.3]]",56.890166666666666,60.193466666666666,3.3033,0.0,0.0,57.99126666666667,336,False
6037747123,6,,"[[17.9, 23.4]]",24.357966666666666,24.957966666666668,0.6000000000000014,0.0,0.0,24.657966666666667,123,False
6168295272,7,,"[[2.5, 5.2]]",11.052708333333333,12.554208333333333,1.5015,0.0,0.0,11.177833333333334,60,False
6642268693,4,,"[[9.8, 13.3], [29.2, 31.3]]",25.3,25.900000000000002,0.6000000000000014,0.0,0.0,25.6,154,False
4698622422,2,,"[[38.5, 41.8]]",41.37496666666667,41.97496666666667,0.5999999999999943,0.7083888888888809,0.12231292386497457,41.67496666666667,169,False
2435100235,2,,"[[5.8, 12.3]]",31.998633333333334,32.999633333333335,1.0010000000000012,0.0,0.0,32.999633333333335,256,False
4762946272,7,,"[[13.9, 16.6]]",10.5105,12.7127,2.2021999999999995,0.0,0.0,11.8118,87,False
4612723694,6,,"[[33.5, 46.4]]",43.41003333333333,44.37766666666667,0.9676333333333389,1.0,0.0750103359173131,43.810433333333336,225,False
6762389913,6,,"[[37.9, 45.8]]",38.37196666666667,38.97196666666667,0.5999999999999943,1.0,0.07594936708860689,38.67196666666667,183,False
2559262403,7,,"[[23.0, 33.1], [67.2, 68.7], [69.2, 90.0]]",49.124375,49.724374999999995,0.5999999999999943,0.0,0.0,49.424375,288,False
6168716346,8,,"[[25.1, 31.7]]",25.959266666666668,26.760066666666667,0.8007999999999988,1.0,0.1213333333333332,26.059366666666666,127,False
3902997424,4,,"[[3.8, 8.2]]",9.7097,13.3133,3.6036,0.0,0.0,13.3133,104,False
5667931404,6,,"[[5.1, 11]]",7.240866666666667,7.840866666666667,0.5999999999999996,1.0,0.10169491525423723,7.540866666666667,46,False
9576671750,2,,"[[22.9, 27.6]]",26.99396062729396,27.59396062729396,0.6000000000000014,1.0,0.12765957446808532,27.29396062729396,97,False
4443526735,4,,"[[16.6, 19.7]]",2.75275,3.378375,0.6256250000000003,0.0,0.0,2.75275,64,False
4465235803,5,,"[[23.3, 29.7]]",23.7237,30.6306,6.9069,0.8652651696129955,0.8152538673505577,27.027,136,False
6582763207,3,,"[[6.6, 7.3]]",3.745708333333334,4.3457083333333335,0.5999999999999996,0.0,0.0,4.045708333333334,94,False
5061117640,3,,"[[3.2, 8.1]]",4.4047,5.0047,0.5999999999999996,1.0,0.12244897959183668,4.7047,213,False
2400171624,6,,"[[5.1, 6.7]]",16.717,17.317,0.6000000000000014,0.0,0.0,17.017,135,False
3902997424,5,,"[[0.9, 3.4]]",1.7019999999999997,2.3019999999999996,0.5999999999999999,1.0,0.23999999999999994,2.002,104,False
8457210773,0,,"[[0.5, 3.6]]",37.78,38.379999999999995,0.5999999999999943,0.0,0.0,38.08,264,False
4276006683,3,,"[[0.0, 2.5]]",3.7039999999999997,4.303999999999999,0.5999999999999996,0.0,0.0,4.004,107,False
3206694342,0,,"[[32.7, 35.6]]",65.065,65.6656,0.6006,0.0,0.0,65.5655,263,False
9565310990,3,,"[[20.5, 27.2]]",6.707007007007007,7.307007007007007,0.5999999999999996,0.0,0.0,7.007007007007007,125,False
5333075105,3,,"[[7.6, 35.5]]",29.4294,30.6306,1.2012,1.0,0.04305376344086022,30.5305,156,False
6879924118,4,,"[[0.0, 15.0]]",11.645266666666666,12.245266666666668,0.6000000000000014,1.0,0.0400000000000001,11.945266666666667,67,False
8783897632,3,,"[[14.1, 20.4]]",18.852166666666665,20.053366666666665,1.2012,1.0,0.1906666666666667,19.552866666666667,117,False
4378803532,10,,"[[0.8, 43.2]]",6.5732333333333335,11.044366666666667,4.471133333333333,1.0,0.10545125786163521,8.742066666666666,175,False
6772999108,2,,"[[0.0, 34.5]]",46.679966666666665,48.88216666666667,2.202200000000005,0.0,0.0,48.782066666666665,196,False
3814690167,5,,"[[1.2, 7.1]]",2.3023,3.6036,1.3013000000000003,1.0,0.2205593220338984,3.4034,62,False
3263908208,9,,"[[0.1, 12]]",10.95,11.55,0.6000000000000014,1.0,0.05042016806722701,11.25,40,False
2669452260,0,,"[[0.0, 5.0]]",0.0,5.3053,5.3053,0.9424537726424519,0.9424537726424521,2.002,62,False
6516459343,9,,"[[41.0, 89.9]]",49.18246666666667,54.68796666666667,5.505499999999998,1.0,0.11258691206543961,50.884166666666665,362,False
5919180502,3,,"[[29.4, 39.7]]",16.4164,18.051366666666667,1.6349666666666671,0.0,0.0,17.050366666666665,200,False
5681946487,5,,"[[5.5, 11.6]]",1.7350666666666668,2.4024,0.6673333333333333,0.0,0.0,1.7350666666666668,114,False
4378803532,12,,"[[19.9, 27.3]]",10.043366666666667,11.044366666666667,1.0009999999999994,0.0,0.0,10.043366666666667,175,False
2599937944,3,,"[[0.0, 9.5]]",7.64,8.274,0.6339999999999995,1.0,0.0667368421052631,7.941,62,False
8797589693,8,,"[[80.6, 89.8]]",37.50417083750417,39.90657323990657,2.4024024024024015,0.0,0.0,37.50417083750417,289,False
11541421563,6,,"[[5.9, 10.9]]",7.298958333333333,15.849166666666667,8.550208333333334,0.4211642016520066,0.36194404891531956,11.344666666666667,303,False
7492398760,11,,"[[63.8, 69.7]]",67.80136666666667,68.40136666666666,0.5999999999999943,1.0,0.10169491525423623,68.10136666666666,361,False
5349766264,10,,"[[21.0, 32.0]]",7.007,8.216541666666666,1.2095416666666665,0.0,0.0,7.007,252,False
4333544549,2,,"[[15.1, 22.7]]",0.0,0.4001,0.4001,0.0,0.0,0.1001,143,False
11566930393,3,,"[[14.8, 25.4]]",0.0,1.9352686019352685,1.9352686019352685,0.0,0.0,0.7007007007007007,114,False
6443512089,5,,"[[42.3, 48.0], [54.1, 59.9]]",39.07266666666667,39.672666666666665,0.5999999999999943,0.0,0.0,39.37266666666667,326,False
2442307875,7,,"[[27.7, 30.2]]",26.9,29.1,2.200000000000003,0.6363636363636365,0.4242424242424248,29.1,70,False
9217939684,8,,"[[13.8, 18.3]]",18.65833333333333,19.258333333333333,0.6000000000000014,0.0,0.0,18.958333333333332,175,False
3581585756,7,,"[[6.9, 10.4]]",1.5018,2.1018,0.5999999999999999,0.0,0.0,1.8018,95,False
11541421563,2,,"[[21.5, 26.1]]",25.058666666666667,25.65866666666667,0.6000000000000014,1.0,0.13043478260869593,25.358666666666668,303,False
3206694342,1,,"[[33.8, 39.4]]",45.045,46.046,1.0009999999999977,0.0,0.0,45.2452,263,False
4671452046,5,,"[[1.9, 14.0]]",8.008,14.5145,6.506500000000001,0.9209252286175363,0.4750089183082961,11.011,175,False
6727904179,4,,"[[0.0, 2.6]]",0.03336666666666667,3.036366666666667,3.003,0.8546897546897546,0.8452975595832739,2.435766666666667,130,False
7728559968,8,,"[[41.5, 49]]",44.07766666666667,44.67766666666667,0.5999999999999943,1.0,0.07999999999999924,44.37766666666667,200,False
3456030972,6,,"[[11.5, 24.9]]",0.0,1.3013,1.3013,0.0,0.0,1.001,102,False
8552680285,2,,"[[6.5, 14.8]]",5.372333333333334,5.972333333333333,0.5999999999999996,0.0,0.0,5.6723333333333334,73,False
4612723694,8,,"[[8.8, 15.0]]",7.6076,11.7117,4.104100000000001,0.70946127043688,0.39387749580650394,8.5085,225,False
5561024834,0,,"[[2.8, 6.0]]",15.541666666666666,16.666666666666668,1.1250000000000018,0.0,0.0,15.541666666666666,127,False
8557532213,6,,"[[5.9, 9.5]]",3.8371666666666666,5.739066666666667,1.9019000000000004,0.0,0.0,3.9372666666666665,51,False
5333075105,9,,"[[33.8, 39.0]]",36.737,37.336999999999996,0.5999999999999943,1.0,0.11538461538461423,37.037,156,False
6183104292,5,,"[[0.0, 11.3]]",10.7107,11.7117,1.0010000000000012,0.5887112887112895,0.05031720416335814,10.7107,95,False
4564478328,7,,"[[23.4, 29.1]]",6.707,7.3069999999999995,0.5999999999999996,0.0,0.0,7.007,188,False
4378803532,3,,"[[10.5, 14.7]]",26.3263,29.062366666666666,2.736066666666666,0.0,0.0,27.761066666666668,175,False
3550839192,2,,"[[13.3, 30.6]]",12.713,13.313,0.6000000000000014,0.02166666666666645,0.0007267848157879969,13.013,140,False
3263908208,4,,"[[0.1, 12]]",10.666666666666666,12.0,1.333333333333334,1.0,0.11204481792717091,10.666666666666666,40,False
10030609934,4,,"[[0.0, 3.4]]",19.91991991991992,22.822822822822822,2.902902902902902,0.0,0.0,21.32132132132132,198,False
4542882771,2,,"[[9.4, 13.8]]",18.343625,18.943625,0.6000000000000014,0.0,0.0,18.643625,116,False
4968805923,3,,"[[5.0, 6.1]]",0.0,0.5002,0.5002,0.0,0.0,0.2002,43,False
3375218204,2,,"[[36.2, 42.6]]",38.739000000000004,39.339,0.5999999999999943,1.0,0.09374999999999913,39.039,299,False
5235909148,2,,"[[9.7, 11.8]]",5.706,6.306,0.5999999999999996,0.0,0.0,6.006,48,False
3974684583,6,,"[[0.0, 8.7]]",0.0,1.5015,1.5015,1.0,0.17258620689655174,1.4014,99,False
7453733046,2,,"[[16.2, 17.3]]",30.5305,31.36466666666667,0.8341666666666683,0.0,0.0,30.8308,134,False
11966080214,1,,"[[0.0, 6.6]]",10.01,10.877533333333334,0.8675333333333342,0.0,0.0,10.1101,198,False
5875242364,1,,"[[0.3, 5.4], [7.8, 12.7]]",0.23386666666666672,0.8338666666666668,0.6000000000000001,0.8897777777777777,0.1033396995818923,0.5338666666666667,59,False
2976913210,0,,"[[3.8, 16.6]]",0.7009999999999998,1.301,0.6000000000000001,0.0,0.0,1.001,74,False
4770216656,5,,"[[22.8, 30.6]]",7.074033333333333,7.674033333333333,0.5999999999999996,0.0,0.0,7.374033333333333,128,False
3972259774,3,,"[[9.3, 16.6]]",19.97025,20.57025,0.6000000000000014,0.0,0.0,20.27025,143,False
13569831214,6,,"[[36.6, 44.1]]",40.74104104104104,41.34104104104104,0.5999999999999943,1.0,0.07999999999999924,41.04104104104104,199,False
4164771889,5,,"[[9.8, 12.9]]",8.008,9.009,1.0010000000000012,0.0,0.0,8.9089,68,False
7988210561,2,,"[[9.0, 10.7]]",4.337666666666666,5.038366666666667,0.7007000000000003,0.0,0.0,4.337666666666666,43,False
8513603944,1,,"[[3.5, 5.4]]",8.041366666666667,10.043366666666667,2.0020000000000007,0.0,0.0,8.742066666666666,123,False
4815534482,3,,"[[19.9, 32.1]]",12.059999999999999,12.66,0.6000000000000014,0.0,0.0,12.36,300,False
8594314852,3,,"[[7.5, 12.6]]",9.042366666666666,10.043366666666667,1.0010000000000012,1.0,0.19627450980392183,9.042366666666666,51,False
8594314852,4,,"[[9.2, 12.6]]",8.742366666666666,9.342366666666667,0.6000000000000014,0.23727777777777884,0.036905183661830904,9.042366666666666,51,False
3303565503,6,,"[[33.1, 37]]",20.987633333333335,21.7217,0.7340666666666635,0.0,0.0,21.6216,150,False
3112351937,6,,"[[3.9, 6.1]]",4.537866666666667,5.372033333333333,0.8341666666666665,1.0,0.37916666666666665,5.372033333333333,60,False
5138093706,8,,"[[25.0, 26.7]]",20.02,26.1261,6.106100000000001,0.1844221352418075,0.1685778443113774,24.7247,125,False
2824317018,5,,"[[16.5, 19.3], [35.9, 38.4]]",39.139,39.739,0.5999999999999943,0.0,0.0,39.439,217,False
6754608321,7,,"[[45.4, 48.9]]",19.652966666666668,20.653966666666665,1.0009999999999977,0.0,0.0,19.652966666666668,216,False
4488066715,8,,"[[62.7, 66.3]]",0.0,1.001,1.001,0.0,0.0,0.5005,352,False
8505893258,5,,"[[29.4, 37]]",8.875833333333333,9.475833333333334,0.6000000000000014,0.0,0.0,9.175833333333333,119,False
3427674558,5,,"[[15.6, 18.4]]",11.011,12.178833333333333,1.1678333333333342,0.0,0.0,12.012,116,False
2987766537,7,,"[[12.9, 16.0]]",4.971,5.571,0.5999999999999996,0.0,0.0,5.271,69,False
7771650716,2,,"[[41.7, 46.5]]",30.964266666666667,32.76606666666667,1.8018,0.0,0.0,31.564866666666667,247,False
8277866423,6,,"[[17.7, 21.3]]",7.416666666666667,9.416666666666666,1.9999999999999991,0.0,0.0,8.666666666666666,111,False
4190655097,3,,"[[27.4, 33.8]]",40.69929166666667,41.29929166666666,0.5999999999999943,0.0,0.0,40.999291666666664,172,False
3322503255,4,,"[[38.2, 41]]",6.6066,9.6096,3.003,0.0,0.0,6.8068,166,False
3557498300,4,,"[[25.3, 28]]",7.007,11.011,4.004,0.0,0.0,9.009,114,False
2573424030,2,,"[[6.5, 10.3]]",14.047,16.716,2.6690000000000005,0.0,0.0,14.748,197,False
6898821807,2,,"[[15.6, 17.5]]",16.016,18.051366666666667,2.0353666666666683,0.7291069586151556,0.6053765926489991,16.249566666666666,79,False
4264435046,2,,"[[0.4, 8.9]]",0.0,2.2022,2.2022,0.8183634547270912,0.20249438202247194,0.13346666666666668,76,False
3171006258,4,,"[[10.0, 14.5]]",32.733000000000004,33.333,0.5999999999999943,0.0,0.0,33.033,147,False
3383804222,2,,"[[14.2, 18.2]]",13.46375,14.06375,0.6000000000000014,0.0,0.0,13.76375,134,False
3105728894,0,,"[[4.0, 6.3]]",34.601533333333336,35.20153333333333,0.5999999999999943,0.0,0.0,34.90153333333333,203,False
11244289523,7,,"[[5.7, 9.8]]",20.03333333333333,20.633333333333333,0.6000000000000014,0.0,0.0,20.333333333333332,70,False
10030609934,2,,"[[16.7, 20.5]]",20.487454120787454,21.087454120787456,0.6000000000000014,0.020909798687576094,0.0028594895506950536,20.787454120787455,198,False
4217422838,1,,"[[0.2, 28.1]]",49.75,50.349999999999994,0.5999999999999943,0.0,0.0,50.05,169,False
2932897373,4,,"[[4.7, 12.1]]",7.64,10.477,2.8370000000000006,1.0,0.3833783783783785,9.142,77,False
4761953886,2,,"[[14.9, 16.6]]",10.075,10.675,0.6000000000000014,0.0,0.0,10.375,107,False
6713120511,4,,"[[25.0, 31.0]]",47.38066666666667,49.082366666666665,1.7016999999999953,0.0,0.0,48.38166666666667,223,False
9082180631,4,,"[[0.0, 7.7]]",7.474140807474141,8.341675008341674,0.8675342008675333,0.26034615384615395,0.027075999999999985,7.674341007674341,43,False
2821788355,4,,"[[0.0, 7.7]]",6.940566666666667,7.540566666666667,0.5999999999999996,1.0,0.07792207792207786,7.240566666666667,103,False
4815534482,1,,"[[13.3, 15.9]]",72.54,73.14,0.5999999999999943,0.0,0.0,72.84,300,False
3158022797,8,,"[[87.8, 90.0]]",82.24883333333334,83.04963333333333,0.8007999999999953,0.0,0.0,82.24883333333334,360,False
8241491518,8,,"[[1.1, 14.0], [22.4, 26.3]]",26.960566666666665,27.560566666666666,0.6000000000000014,0.0,0.0,27.260566666666666,124,False
4189100053,8,,"[[6.5, 13.2]]",0.43406666666666666,1.0340666666666667,0.6000000000000001,0.0,0.0,0.7340666666666666,118,False
2957808913,7,,"[[5.9, 7.6]]",0.7007,8.174833333333334,7.4741333333333335,0.22745112030826306,0.22745112030826303,4.004,80,False
4419096437,1,,"[[21.0, 32.0], [39.1, 44.7]]",14.581233333333333,16.5165,1.9352666666666671,0.0,0.0,14.981633333333333,212,False
5803861992,3,,"[[0.6, 69.9]]",58.859100000000005,59.4591,0.5999999999999943,1.0,0.008658008658008575,59.1591,290,False
7288107396,8,,"[[16.6, 18.4]]",16.850166666666667,18.810458333333333,1.9602916666666665,0.7906136416774708,0.7011366420991121,18.560208333333332,68,False
8189958994,2,,"[[10.0, 24.2]]",50.9509,51.5515,0.6006,0.0,0.0,51.051,250,False
4978714491,7,,"[[32.8, 34.7]]",29.663266666666665,30.263266666666667,0.6000000000000014,0.0,0.0,29.963266666666666,160,False
7453733046,9,,"[[16.6, 18.3]]",7.741066666666667,10.043366666666667,2.3023000000000007,0.0,0.0,9.642966666666666,134,False
3359075894,9,,"[[10.6, 13.8]]",0.0,0.72,0.72,0.0,0.0,0.6,56,False
7988210561,3,,"[[8.4, 10.7]]",0.0,0.5335666666666666,0.5335666666666666,0.0,0.0,0.23356666666666667,43,False
3164519967,7,,"[[17.8, 24.1]]",18.8191,19.4191,0.6000000000000014,1.0,0.09523809523809545,19.1191,146,False
3321261856,3,,"[[12.1, 15.1]]",28.028299999999998,28.6283,0.6000000000000014,0.0,0.0,28.3283,115,False
8080432373,7,,"[[2.0, 4.6], [19.1, 20.6]]",69.40266666666666,73.10636666666667,3.703700000000012,0.0,0.0,69.50276666666667,360,False
7164729910,0,,"[[0.0, 19.9]]",16.7,17.3,0.6000000000000014,1.0,0.030150753768844296,17.0,88,False
4798585428,2,,"[[16.8, 19.3]]",81.88210000000001,82.4821,0.5999999999999943,0.0,0.0,82.1821,360,False
8627074061,5,,"[[4.7, 11.1]]",27.427699999999998,28.0277,0.6000000000000014,0.0,0.0,27.7277,360,False
3340340268,2,,"[[7.8, 10.6]]",27.694333333333333,30.7307,3.036366666666666,0.0,0.0,27.694333333333333,172,False
2984974097,8,,"[[10.7, 16.3]]",14.28,15.281,1.0010000000000012,1.0,0.1787500000000002,14.814,121,False
4882821564,3,,"[[85.1, 88.1]]",10.043366666666667,15.548866666666667,5.5055,0.0,0.0,14.447766666666666,360,False
3508407941,2,,"[[2.8, 5.9], [13.7, 19.6]]",7.916541666666666,8.516541666666667,0.6000000000000005,0.0,0.0,8.216541666666666,70,False
4485707628,0,,"[[0.3, 8.7]]",3.036366666666667,5.438766666666667,2.4024,1.0,0.28600000000000003,4.838166666666667,259,False
2735019707,3,,"[[11.2, 16.7]]",15.715999999999998,16.316,0.6000000000000014,1.0,0.10909090909090935,16.016,79,False
4485707628,4,,"[[47.9, 52.5]]",49.8498,50.98426666666667,1.1344666666666683,1.0,0.2466231884057974,50.78406666666667,259,False
5134317883,10,,"[[67.3, 71.5]]",76.2,76.8,0.5999999999999943,0.0,0.0,76.5,252,False
3846475848,6,,"[[24.7, 71]]",35.80243333333333,37.70433333333333,1.9018999999999977,1.0,0.04107775377969758,36.4364,287,False
6201488511,6,,"[[32.7, 38.2]]",1.4350666666666667,2.035066666666667,0.6000000000000001,0.0,0.0,1.7350666666666668,345,False
8387356484,5,,"[[41.1, 42.6]]",27.5,30.041666666666668,2.541666666666668,0.0,0.0,27.541666666666668,138,False
8740703217,2,,"[[11.6, 16.0]]",3.6372666666666666,4.237266666666667,0.6000000000000001,0.0,0.0,3.9372666666666665,82,False
2796821016,3,,"[[26.5, 36.6]]",17.017,18.018,1.0010000000000012,0.0,0.0,17.25,249,False
4465235803,2,,"[[13.6, 17.0], [24.6, 28.0]]",14.7147,18.018,3.3033,0.6918233281869643,0.5172702580353098,15.3153,136,False
3524939594,8,,"[[6.6, 14.4]]",6.707,7.3069999999999995,0.5999999999999996,1.0,0.07692307692307687,7.007,59,False
12392885583,9,,"[[28.5, 31.0]]",13.179833333333333,14.147466666666666,0.9676333333333336,0.0,0.0,14.147466666666666,110,False
3375218204,7,,"[[30.3, 34.2]]",53.4534,61.42803333333333,7.97463333333333,0.0,0.0,60.9609,299,False
10030609934,3,,"[[21.8, 24.8]]",19.652986319652985,24.357691024357692,4.704704704704707,0.5436453900709218,0.49692718597655827,22.489155822489156,198,False
2735019707,7,,"[[6.0, 10.2]]",7.240566666666667,8.6086,1.368033333333332,1.0,0.32572222222222197,7.3073,79,False
3046900922,3,,"[[7.9, 12.4]]",4.071033333333333,4.671033333333333,0.5999999999999996,0.0,0.0,4.371033333333333,72,False
11244289523,5,,"[[19.5, 23.0]]",21.625,22.75,1.125,1.0,0.32142857142857145,21.625,70,False
8505893258,6,,"[[0.2, 14.4], [34.6, 37.0]]",24.766708333333334,25.366708333333335,0.6000000000000014,0.0,0.0,25.066708333333334,119,False
3388598772,3,,"[[6.0, 11]]",3.7039999999999997,4.303999999999999,0.5999999999999996,0.0,0.0,4.004,46,False
6516459343,10,,"[[38.0, 90.0]]",36.169466666666665,36.87016666666667,0.7007000000000048,0.0,0.0,36.56986666666667,362,False
6297019062,0,,"[[6.6, 10.1], [23.2, 27.1], [35.4, 39.9], [48.2, 51.5]]",48.61553333333334,49.21553333333333,0.5999999999999943,1.0,0.18181818181818024,48.915533333333336,234,False
7492398760,10,,"[[27.8, 31.4]]",84.81806666666667,89.9899,5.171833333333339,0.0,0.0,88.72196666666666,361,False
5549243726,1,,"[[5.4, 11.8], [13.2, 16.8]]",2.8361666666666667,3.7370666666666668,0.9009,0.0,0.0,3.6369666666666665,71,False
2829462646,7,,"[[69.3, 77.1]]",77.077,78.4784,1.4013999999999953,0.016412159269299422,0.0025058833783661795,77.9779,334,False
5561024834,1,,"[[17.0, 20.3]]",16.541666666666668,17.541666666666668,1.0,0.5416666666666679,0.14412416851441276,17.416666666666668,127,False
5801184682,9,,"[[20.3, 25.5]]",1.6,3.88,2.28,0.0,0.0,3.84,301,False
2930782930,1,,"[[17.6, 21.3]]",16.9169,30.03,13.113100000000003,0.28216058750409884,0.28216058750409884,19.7197,126,False
3026084730,9,,"[[13.5, 15.9]]",11.8121,12.4121,0.6000000000000014,0.0,0.0,12.1121,295,False
3383804222,3,,"[[21.9, 25.3]]",13.46375,14.06375,0.6000000000000014,0.0,0.0,13.76375,134,False
3526597179,8,,"[[23.9, 26.9]]",22.7227,26.793433333333333,4.070733333333333,0.7107892107892111,0.6926563410177231,22.989633333333334,108,False
4378803532,8,,"[[19.9, 27.4]]",16.249566666666666,17.7177,1.4681333333333342,0.0,0.0,17.150466666666667,175,False
4584426085,2,,"[[60.6, 66.6]]",34.034,35.035,1.0009999999999977,0.0,0.0,34.2342,360,False
4968805923,1,,"[[0.0, 6.0]]",2.7030000000000003,3.303,0.5999999999999996,1.0,0.09999999999999994,3.003,43,False
8797589693,5,,"[[4.4, 9.4]]",31.898565231898566,34.40106773440107,2.5025025025025016,0.0,0.0,31.898565231898566,289,False
5173770364,4,,"[[0.0, 2.9]]",53.8538,56.056,2.2021999999999977,0.0,0.0,55.2552,320,False
3441428429,7,,"[[20.5, 27.1], [51.5, 55.2]]",75.075,76.54313333333333,1.468133333333327,0.0,0.0,75.80906666666667,360,False
4147398280,2,,"[[12.2, 14.8], [45.8, 48.8]]",9.4094,10.6106,1.2012,0.0,0.0,10.5105,230,False
3557498300,5,,"[[4.6, 18.4]]",0.0,0.5002,0.5002,0.0,0.0,0.2002,114,False
4272084125,8,,"[[0.1, 3.9]]",7.1074,7.7074,0.5999999999999996,0.0,0.0,7.4074,99,False
4915733559,2,,"[[33.4, 35.2]]",30.03,30.9309,0.9009,0.0,0.0,30.03,143,False
7531285946,7,,"[[12.2, 18.9]]",8.041366666666667,10.143466666666667,2.1021,0.0,0.0,8.541866666666667,162,False
3445431963,5,,"[[6.4, 10.7]]",42.83445833333333,44.461083333333335,1.6266250000000042,0.0,0.0,42.83445833333333,171,False
2957808913,10,,"[[0.0, 1.8]]",2.9029,5.1051,2.2022000000000004,0.0,0.0,3.4034,80,False
7331927796,9,,"[[13.9, 14.6]]",12.946266666666666,14.3143,1.368033333333333,0.3028434979654485,0.25052406675804184,14.3143,70,False
2535384528,0,,"[[3.6, 4.5]]",13.2,13.8,0.6000000000000014,0.0,0.0,13.2,51,False
8575881495,9,,"[[24.8, 33.3]]",29.062366666666666,31.06436666666667,2.0020000000000024,1.0,0.23552941176470626,31.06436666666667,267,False
10127533784,7,,"[[3.9, 7.3], [9.4, 11.5], [12.7, 17.6]]",5.305305305305305,5.905905905905906,0.6006006006006004,1.0,0.1766472354707648,5.905905905905906,70,False
4765717907,9,,"[[21.7, 23.2]]",33.033,34.9349,1.9018999999999977,0.0,0.0,34.70133333333333,159,False
5885887012,3,,"[[3.9, 31.9]]",19.753366666666665,20.353366666666666,0.6000000000000014,1.0,0.02142857142857148,20.053366666666665,128,False
5504913999,5,,"[[7.7, 29.6], [39.8, 46.6]]",26.559866666666668,34.667966666666665,8.108099999999997,0.37495015272793064,0.1127312774785888,32.76606666666667,199,False
3383804222,4,,"[[26.3, 30.3]]",30.98125,31.58125,0.6000000000000014,0.0,0.0,31.28125,134,False
3388598772,4,,"[[6.3, 9.8]]",7.4077,8.0077,0.5999999999999996,1.0,0.1714285714285713,7.7077,46,False
2957808913,2,,"[[8.7, 14.7]]",3.4034,5.1051,1.7017000000000002,0.0,0.0,3.4034,80,False
3145698830,5,,"[[37.8, 43.5]]",38.00463333333333,40.7407,2.736066666666666,1.0,0.4800116959064324,40.3403,236,False
4798585428,5,,"[[59.3, 60.7]]",59.42633333333334,60.02633333333333,0.5999999999999943,1.0,0.4285714285714228,59.726333333333336,360,False
4412508597,1,,"[[0.4, 6.0]]",3.003,4.571233333333334,1.5682333333333336,1.0,0.28004166666666674,3.2699333333333334,48,False
3372023610,12,,"[[29.2, 31.4]]",23.757066666666667,25.4254,1.668333333333333,0.0,0.0,24.891533333333335,136,False
3814690167,2,,"[[2.9, 15]]",0.0,0.3,0.3,0.0,0.0,0.0,62,False
6618792571,7,,"[[40.5, 48.0]]",62.79606666666667,63.897166666666664,1.1010999999999953,0.0,0.0,63.69696666666667,336,False
11871253306,0,,"[[2.7, 5.3]]",5.038366666666667,6.773433333333333,1.7350666666666665,0.15079151617613148,0.06422919240935161,6.2729333333333335,173,False
5173770364,0,,"[[2.7, 9.5]]",42.8428,44.4444,1.6016000000000048,0.0,0.0,43.2432,320,False
4420239986,9,,"[[1.1, 19.2]]",18.68563333333333,19.285633333333333,0.6000000000000014,0.8572777777777771,0.02828423169205,18.985633333333332,90,False
8531675050,2,,"[[1.0, 4.7]]",48.38196666666667,48.981966666666665,0.5999999999999943,0.0,0.0,48.68196666666667,216,False
2454242177,10,,"[[18.5, 31.8]]",22.5225,23.7237,1.2012,1.0,0.09031578947368421,23.7237,212,False
6895608152,3,,"[[17.2, 23.7], [25.3, 30.8]]",67.0,70.24,3.239999999999995,0.0,0.0,69.28,291,False
3963997053,5,,"[[5.9, 7.9], [9.8, 10.3]]",7.707999999999999,8.308,0.6000000000000005,0.3200000000000015,0.07973421926910344,8.008,78,False
4166942239,8,,"[[5.9, 14.1]]",0.0,2.002,2.002,0.0,0.0,1.001,79,False
4333544549,6,,"[[18.2, 21.6]]",2.9029,3.7037,0.8008000000000002,0.0,0.0,3.7037,143,False
7531285946,6,,"[[5.4, 18.0]]",20.987633333333335,22.989633333333334,2.001999999999999,0.0,0.0,22.455766666666666,162,False
5504913999,7,,"[[8.0, 31.3]]",26.259866666666667,26.85986666666667,0.6000000000000014,1.0,0.02575107296137345,26.559866666666668,199,False
5623068492,0,,"[[0.8, 78.7]]",15.949566666666666,16.549566666666667,0.6000000000000014,1.0,0.007702182284980762,16.249566666666666,319,False
6690256857,7,,"[[3.0, 8.2]]",1.8351666666666666,3.3366666666666664,1.5014999999999998,0.2242202242202241,0.052894812642383895,3.036366666666667,47,False
11566980553,7,,"[[7.2, 16.7]]",7.374040707374041,15.749082415749083,8.375041708375042,1.0,0.8815833377236885,10.076743410076743,228,False
3943634344,5,,"[[1.8, 18.2]]",19.3193,20.8208,1.5015,0.0,0.0,20.02,84,False
2679328607,8,,"[[7.7, 9.7], [19.9, 21.8], [25.6, 26.9], [32.4, 34.7]]",19.386,19.986,0.6000000000000014,0.14333333333333645,0.035625517812759744,19.686,141,False
6898821807,9,,"[[15.3, 16.9]]",15.749366666666667,16.34936666666667,0.6000000000000014,1.0,0.3750000000000014,16.049366666666668,79,False
8211075660,0,,"[[31.2, 50.6]]",11.845166666666668,13.346666666666666,1.5014999999999983,0.0,0.0,12.746066666666668,217,False
6253433310,2,,"[[2.8, 3.6], [7.2, 8.3], [12.2, 13.1], [15.7, 16.9]]",0.03336666666666667,2.0353666666666665,2.002,0.0,0.0,1.8351666666666666,91,False
4636208292,5,,"[[28.7, 34.0]]",41.7417,47.047,5.3052999999999955,0.0,0.0,41.7417,344,False
7114553643,7,,"[[52.6, 59.8]]",2.6359666666666666,3.9372666666666665,1.3013,0.0,0.0,2.736066666666667,264,False
3155382178,3,,"[[9.9, 22.2]]",14.014,15.015,1.0010000000000012,1.0,0.08138211382113832,14.848166666666666,115,False
3340340268,4,,"[[39.5, 43.0]]",20.687633333333334,21.287633333333336,0.6000000000000014,0.0,0.0,20.987633333333335,172,False
3455926688,3,,"[[0.5, 17.8]]",13.739999999999998,14.34,0.6000000000000014,1.0,0.03468208092485557,14.04,74,False
2712662377,1,,"[[26.1, 30.1]]",13.713999999999999,14.314,0.6000000000000014,0.0,0.0,14.014,140,False
4219909195,4,,"[[15.8, 23.0]]",26.4267,27.0267,0.6000000000000014,0.0,0.0,26.7267,136,False
3708066257,7,,"[[0.8, 4.4]]",18.76875,19.76975,1.0009999999999977,0.0,0.0,18.76875,64,False
7416295940,3,,"[[60.1, 68.5]]",60.4604,72.73933333333333,12.278933333333335,0.6547474264865568,0.6360778522073949,63.730333333333334,351,False
6618792571,6,,"[[40.4, 46.2]]",35.66896666666667,37.670966666666665,2.0019999999999953,0.0,0.0,36.169466666666665,336,False
10042935613,9,,"[[34.5, 37.7]]",55.28892225558892,55.888922255588916,0.5999999999999943,0.0,0.0,55.58892225558892,200,False
4612723694,5,,"[[39.8, 49.0]]",12.545866666666667,13.646966666666666,1.1010999999999989,0.0,0.0,13.480133333333333,225,False
7605329840,9,,"[[16.4, 18.8]]",0.03336666666666667,1.2345666666666666,1.2011999999999998,0.0,0.0,0.13346666666666668,86,False
6291413193,4,,"[[24.4, 29.9], [36.9, 46.9], [60.0, 66]]",41.875166666666665,44.07736666666667,2.202200000000005,1.0,0.22022000000000047,43.8438,264,False
8464056582,7,,"[[39.9, 55.9]]",11.041666666666666,16.291666666666668,5.250000000000002,0.0,0.0,14.291666666666666,179,False
9473479950,3,,"[[9.0, 16.9]]",11.71201201201201,12.312012012012012,0.6000000000000014,1.0,0.07594936708860779,12.012012012012011,72,False
3375218204,6,,"[[20.9, 23.0]]",65.03163333333333,66.066,1.0343666666666707,0.0,0.0,65.065,299,False
6964124866,4,,"[[9.3, 14.3]]",11.344666666666667,12.045366666666666,0.7006999999999994,1.0,0.14013999999999988,11.945266666666667,70,False
4244817395,4,,"[[62.8, 67]]",65.64,67.0,1.3599999999999994,1.0,0.32380952380952344,65.88,226,False
4412508597,3,,"[[5.9, 11.5]]",3.003,4.571233333333334,1.5682333333333336,0.0,0.0,3.7704333333333335,48,False
5237219621,6,,"[[77.9, 89]]",44.444700000000005,45.0447,0.5999999999999943,0.0,0.0,44.7447,358,False
3345608051,7,,"[[29.9, 62.5]]",48.900000000000006,49.5,0.5999999999999943,1.0,0.018404907975459947,49.2,300,False
4949582792,0,,"[[0.1, 4.2]]",71.3716,71.9716,0.5999999999999943,0.0,0.0,71.6716,353,False
4272084125,6,,"[[12.7, 17.9]]",3.9706333333333332,5.005,1.0343666666666667,0.0,0.0,3.9706333333333332,99,False
5561024834,2,,"[[26.4, 36.6]]",23.791666666666668,25.541666666666668,1.75,0.0,0.0,24.041666666666668,127,False
8253302563,1,,"[[29.9, 42.6]]",3.075,3.675,0.5999999999999996,0.0,0.0,3.375,142,False
4984331176,5,,"[[7.5, 9.0]]",5.6056,7.007,1.4013999999999998,0.0,0.0,7.007,40,False
3303565503,2,,"[[5.5, 15.6]]",14.8148,15.4154,0.6006,1.0,0.05946534653465347,14.8148,150,False
5803861992,2,,"[[0.6, 69.9]]",20.8208,22.1221,1.3013000000000012,1.0,0.018777777777777793,20.8208,290,False
8024853715,0,,"[[2.0, 4.0], [5.3, 6.9], [9.5, 11.3]]",1.2432083333333332,1.8432083333333333,0.6000000000000001,0.0,0.0,1.5432083333333333,66,False
5297811305,5,,"[[0.1, 4.0]]",23.023,23.6236,0.6006,0.0,0.0,23.3233,96,False
13569831214,9,,"[[54.1, 55.5]]",38.93923923923924,39.53923923923924,0.5999999999999943,0.0,0.0,39.23923923923924,199,False
2584172238,9,,"[[9.6, 12.2]]",9.75975,10.385375,0.6256249999999994,1.0,0.2406249999999998,10.135125,96,False
2978295992,7,,"[[39.0, 43.2]]",6.616666666666667,7.216666666666667,0.5999999999999996,0.0,0.0,6.916666666666667,142,False
4857781123,0,,"[[0.5, 6.9]]",22.1224,22.7224,0.6000000000000014,0.0,0.0,22.4224,147,False
6143391925,7,,"[[26.6, 32.3]]",15.0153,15.615300000000001,0.6000000000000014,0.0,0.0,15.3153,162,False
4955723618,9,,"[[15.9, 17.9]]",14.3143,18.4184,4.104099999999999,0.4873175604882919,0.4873175604882919,17.5175,245,False
5679866364,6,,"[[13.1, 20.4]]",8.041366666666667,9.6096,1.5682333333333336,0.0,0.0,8.942266666666667,100,False
8024853715,6,,"[[1.3, 14.9]]",13.430083333333334,14.806458333333333,1.3763749999999995,1.0,0.10120404411764702,13.805458333333334,66,False
6024684644,5,,"[[2.9, 4.7], [9.9, 13.3], [16.6, 17]]",16.049366666666668,17.0,0.9506333333333323,0.42077211683439003,0.42077211683439003,16.783433333333335,70,False
7987845241,0,,"[[0.1, 8.1]]",35.06866666666667,35.66866666666667,0.5999999999999943,0.0,0.0,35.36866666666667,202,False
4488066715,0,,"[[0.4, 82.6]]",2.3026,2.9025999999999996,0.5999999999999996,1.0,0.007299270072992697,2.6026,352,False
5907839036,4,,"[[56.5, 59.9]]",4.037366666666666,5.238566666666666,1.2012,0.0,0.0,4.838166666666667,360,False
5349766264,8,,"[[10.8, 22.6]]",72.23883333333333,73.5735,1.3346666666666636,0.0,0.0,72.48908333333334,252,False
5116088152,3,,"[[19.1, 22.1]]",17.7177,19.019,1.3012999999999977,0.0,0.0,18.2182,162,False
6413546609,3,,"[[26.3, 28.7]]",38.07166666666667,38.67166666666667,0.5999999999999943,0.0,0.0,38.37166666666667,190,False
3581585756,3,,"[[0.0, 4.8]]",16.4164,18.018,1.6016000000000012,0.0,0.0,18.018,95,False
3372023610,2,,"[[7.3, 29.2]]",32.29923333333333,32.89923333333333,0.5999999999999943,0.0,0.0,32.59923333333333,136,False
6168295272,5,,"[[12.7, 15.4]]",17.475791666666666,18.476791666666667,1.0010000000000012,0.0,0.0,17.684333333333335,60,False
7088595057,5,,"[[20.4, 25.6]]",30.363966666666666,30.963966666666668,0.6000000000000014,0.0,0.0,30.663966666666667,142,False
2987766537,0,,"[[12.9, 16.0]]",4.237,4.837,0.5999999999999996,0.0,0.0,4.537,69,False
5521781780,8,,"[[59.2, 64.4]]",61.6616,63.59686666666666,1.9352666666666636,1.0,0.37216666666666587,62.72933333333334,361,False
2971556305,8,,"[[40.2, 43.8]]",46.29625,53.30325,7.006999999999998,0.0,0.0,52.427375,195,False
3322503255,9,,"[[29.8, 33.2]]",8.008,9.2092,1.2012,0.0,0.0,9.009,166,False
4955723618,8,,"[[27.8, 31.6]]",21.3213,27.6276,6.3063,0.0,0.0,24.024,245,False
2584172238,0,,"[[0.0, 6.7]]",0.875875,2.75275,1.8768749999999998,1.0,0.2801305970149254,0.875875,96,False
3711681535,5,,"[[33.1, 35.7]]",3.7039999999999997,4.303999999999999,0.5999999999999996,0.0,0.0,4.004,144,False
8552680285,1,,"[[6.5, 14.8]]",5.372333333333334,5.972333333333333,0.5999999999999996,0.0,0.0,5.6723333333333334,73,False
5635265624,3,,"[[0.6, 5.8], [15.5, 19]]",12.446066666666667,13.046066666666668,0.6000000000000014,0.0,0.0,12.746066666666668,79,False
8604794910,9,,"[[8.7, 13.5]]",4.6382666666666665,5.238266666666666,0.5999999999999996,0.0,0.0,4.938266666666666,55,False
4815534482,4,,"[[7.2, 12.3]]",32.1,32.699999999999996,0.5999999999999943,0.0,0.0,32.4,300,False
6201488511,4,,"[[30.4, 32.7]]",71.70526666666667,72.30526666666667,0.5999999999999943,0.0,0.0,72.00526666666667,345,False
5662041273,2,,"[[47.9, 59.2]]",60.894466666666666,61.49446666666666,0.5999999999999943,0.0,0.0,61.19446666666666,361,False
5875535585,8,,"[[48.4, 52.1]]",12.679333333333334,13.4134,0.7340666666666653,0.0,0.0,12.679333333333334,306,False
2401167740,4,,"[[11.8, 12.9]]",11.411,12.011000000000001,0.6000000000000014,0.35166666666666635,0.1417058428475488,11.711,53,False
4217422838,7,,"[[0.6, 28.6]]",2.877875,3.878875,1.001,1.0,0.03575,2.877875,169,False
10030609934,7,,"[[21.1, 28.8]]",19.91991991991992,22.822822822822822,2.902902902902902,0.593482758620689,0.19400982956082577,21.32132132132132,198,False
3851913128,4,,"[[2.2, 4.4], [10.8, 22.1], [23.2, 32.6], [50.9, 53.6], [59.6, 74.2]]",7.7077,11.011,3.3032999999999992,0.06387551842097253,0.014660617135551545,9.6096,299,False
3359075894,6,,"[[13.7, 16.6]]",6.54,7.14,0.5999999999999996,0.0,0.0,6.84,56,False
6786501294,7,,"[[17.5, 19.6]]",27.89453333333333,31.598233333333333,3.7037000000000013,0.0,0.0,27.89453333333333,242,False
2717347132,8,,"[[12.6, 27]]",19.019299999999998,19.6193,0.6000000000000014,1.0,0.04166666666666676,19.3193,110,False
6413546609,1,,"[[42.9, 47.3]]",34.56786666666667,36.06936666666667,1.5015,0.0,0.0,35.36866666666667,190,False
4189100053,2,,"[[24.3, 27.2]]",12.4127,13.0127,0.6000000000000014,0.0,0.0,12.7127,118,False
2930782930,0,,"[[3.4, 7.5]]",12.8128,25.025,12.2122,0.0,0.0,20.6206,126,False
5116088152,7,,"[[18.6, 27.0]]",17.7177,21.9219,4.2042,0.7901384329955757,0.3578746646843993,18.5185,162,False
4584426085,9,,"[[55.2, 71.2]]",2.0023,2.6022999999999996,0.5999999999999996,0.0,0.0,2.3023,360,False
5205081904,6,,"[[13.0, 15.2]]",11.978633333333333,13.013,1.034366666666667,0.012568077084206016,0.004035554267857297,12.8128,84,False
4955723618,0,,"[[28.9, 39.8]]",15.215499999999999,15.8155,0.6000000000000014,0.0,0.0,15.5155,245,False
11244289523,8,,"[[19.1, 22.4]]",0.0,0.7916666666666666,0.7916666666666666,0.0,0.0,0.7083333333333334,70,False
3112351937,4,,"[[0.0, 1.5]]",4.237866666666667,4.837866666666667,0.5999999999999996,0.0,0.0,4.537866666666667,60,False
10042935613,11,,"[[40.0, 44.4]]",25.358992325658992,25.958992325658993,0.6000000000000014,0.0,0.0,25.658992325658993,200,False
4138579400,0,,"[[0.0, 18.2]]",23.432041666666667,24.032041666666668,0.6000000000000014,0.0,0.0,23.732041666666667,81,False
7149153537,4,,"[[18.7, 46]]",16.649966666666668,18.551866666666665,1.9018999999999977,0.0,0.0,17.050366666666665,186,False
3557498300,10,,"[[19.8, 22.9]]",21.021,22.389033333333334,1.368033333333333,1.0,0.4413010752688174,21.187833333333334,114,False
5561024834,9,,"[[27.1, 37.0]]",20.375,21.0,0.625,0.0,0.0,21.0,127,False
2401167740,0,,"[[6.5, 10.5]]",11.411,12.011000000000001,0.6000000000000014,0.0,0.0,11.711,53,False
3376544720,8,,"[[48.9, 52.9]]",50.625875,51.225874999999995,0.5999999999999943,1.0,0.14999999999999858,50.925875,288,False
5256928210,9,,"[[0.0, 20]]",12.813099999999999,13.4131,0.6000000000000014,1.0,0.030000000000000072,13.1131,82,False
13919236672,4,,"[[86.3, 87.7]]",111.35727394060727,114.05997664330998,2.702702702702709,0.0,0.0,111.35727394060727,467,False
4336654741,4,,"[[67.9, 81.3]]",65.4654,66.1661,0.7006999999999977,0.0,0.0,66.066,360,False
2824317018,0,,"[[0.0, 1.2]]",12.245,12.845,0.6000000000000014,0.0,0.0,12.545,217,False
2679328607,3,,"[[7.2, 9.0], [18.7, 20.2], [23.5, 25.7], [31.9, 33.4]]",10.744,13.013,2.269,0.0,0.0,10.877,141,False
6988748711,7,,"[[0.0, 2.5]]",6.039366666666667,12.045366666666666,6.005999999999999,0.0,0.0,9.642966666666666,203,False
4674481985,0,,"[[7.3, 12.7]]",1.2012,3.370033333333333,2.168833333333333,0.0,0.0,1.8018,99,False
4420239986,7,,"[[17.8, 22.0]]",15.015,15.682333333333334,0.6673333333333336,0.0,0.0,15.582233333333333,90,False
7728559968,7,,"[[0.1, 17.8]]",3.5035,7.140466666666667,3.636966666666667,1.0,0.20547834274952922,5.138466666666667,200,False
12682618843,0,,"[[15.0, 25.2]]",31.097733333333334,32.59923333333333,1.5014999999999965,0.0,0.0,31.297933333333333,172,False
5766018720,6,,"[[29.2, 39.5]]",27.861166666666666,30.063366666666667,2.2022000000000013,0.3920473465928014,0.07417982902066367,28.061366666666668,244,False
5145526755,6,,"[[49.1, 50.6]]",18.651966666666667,34.5345,15.882533333333335,0.0,0.0,20.487133333333333,224,False
7416295940,6,,"[[25.2, 29.9]]",23.056366666666666,25.7257,2.6693333333333342,0.19694055944055958,0.07681592136730497,24.691333333333333,351,False
4272084125,5,,"[[6.6, 13.2]]",3.6706333333333334,4.2706333333333335,0.6000000000000001,0.0,0.0,3.9706333333333332,99,False
6592821115,0,,"[[12.2, 17.1]]",62.333333333333336,66.45833333333333,4.124999999999993,0.0,0.0,63.208333333333336,253,False
3711681535,9,,"[[0.2, 15.0]]",3.7039999999999997,4.303999999999999,0.5999999999999996,1.0,0.040540540540540515,4.004,144,False
5070310138,5,,"[[40.1, 43.3]]",34.034,35.46876666666667,1.4347666666666683,0.0,0.0,34.8348,216,False
8277866423,0,,"[[1.4, 9.9]]",7.416666666666667,9.416666666666666,1.9999999999999991,1.0,0.2352941176470587,8.75,111,False
2623954636,0,,"[[9.5, 12.4]]",18.652,19.252000000000002,0.6000000000000014,0.0,0.0,18.952,127,False
3131380536,6,,"[[0.0, 0.7]]",41.742000000000004,42.342,0.5999999999999943,0.0,0.0,42.042,268,False
6516459343,8,,"[[49.0, 64.1]]",78.94553333333333,85.31856666666667,6.373033333333339,0.0,0.0,80.91416666666667,362,False
6183104292,3,,"[[11.4, 13.1]]",5.272233333333333,5.872233333333333,0.5999999999999996,0.0,0.0,5.572233333333333,95,False
2782307049,8,,"[[6.1, 15]]",8.208499999999999,8.8085,0.6000000000000014,1.0,0.0674157303370788,8.5085,62,False
7288107396,0,,"[[0.0, 10.5]]",0.04170833333333333,1.9185833333333333,1.876875,1.0,0.17875000000000002,0.5422083333333333,68,False
4949582792,9,,"[[75.1, 85.1]]",59.760000000000005,60.36,0.5999999999999943,0.0,0.0,60.06,353,False
3456030972,4,,"[[17.9, 23.1]]",3.003,4.9049,1.9018999999999995,0.0,0.0,4.7047,102,False
8064178441,0,,"[[27.4, 74]]",27.660966666666667,28.561866666666667,0.9009,1.0,0.019332618025751074,27.961266666666667,298,False
6772999108,4,,"[[0.0, 34.0]]",48.38196666666667,48.981966666666665,0.5999999999999943,0.0,0.0,48.68196666666667,196,False
4244817395,3,,"[[47.2, 53.4]]",10.139999999999999,10.74,0.6000000000000014,0.0,0.0,10.44,226,False
8495272210,0,,"[[7.1, 21]]",1.5348666666666666,2.6359666666666666,1.1011,0.0,0.0,1.5348666666666666,84,False
4949582792,1,,"[[3.2, 8.1]]",73.47370000000001,74.0737,0.5999999999999943,0.0,0.0,73.7737,353,False
4420239986,8,,"[[1.1, 19.2]]",0.8008,2.002,1.2011999999999998,0.7509157509157508,0.04902387060306969,1.001,90,False
2854886555,7,,"[[2.4, 11.5]]",7.007,7.6076,0.6006,1.0,0.066,7.6076,64,False
5945172741,0,,"[[0.0, 9.7]]",3.28,4.96,1.6800000000000002,1.0,0.17319587628865982,3.52,214,False
2925298951,4,,"[[14.3, 16.6]]",13.46375,14.06375,0.6000000000000014,0.0,0.0,13.76375,54,False
2442307875,0,,"[[25.9, 30.2]]",19.2,19.8,0.6000000000000014,0.0,0.0,19.5,70,False
6895608152,0,,"[[2.5, 15.6]]",45.04,47.44,2.3999999999999986,0.0,0.0,45.28,291,False
4846820256,5,,"[[19.6, 21.1]]",21.121399999999998,21.7214,0.6000000000000014,0.0,0.0,21.4214,90,False
4516967897,3,,"[[39.2, 52.2]]",51.3513,52.6526,1.3012999999999977,0.6521939598862694,0.06308817626332465,51.8518,272,False
10001787725,7,,"[[0.1, 2.6], [16.0, 19.6], [22.3, 25.8], [30.3, 34]]",23.890557223890557,24.924924924924923,1.0343677010343661,1.0,0.2955336288669618,24.824824824824823,121,False
4166942239,6,,"[[0.3, 7.2]]",2.4024,4.2042,1.8018,1.0,0.26113043478260867,2.7027,79,False
2824317018,2,,"[[14.9, 25.1]]",22.456,23.056,0.6000000000000014,1.0,0.05882352941176484,22.756,217,False
2573424030,8,,"[[4.8, 11.4], [38.2, 47.2]]",38.238,46.579,8.341000000000001,1.0,0.9267777777777779,40.306,197,False
4896969617,2,,"[[4.2, 6.8]]",0.0,1.3013,1.3013,0.0,0.0,0.2002,47,False
7442562474,8,,"[[0.0, 2.9]]",6.940266666666667,7.6409666666666665,0.7006999999999994,0.0,0.0,7.540866666666667,80,False
8457210773,5,,"[[46.5, 50.8]]",55.24,56.44,1.1999999999999957,0.0,0.0,56.44,264,False
4420239986,1,,"[[0.6, 20.0]]",18.68563333333333,19.285633333333333,0.6000000000000014,1.0,0.030927835051546466,18.985633333333332,90,False
5735711594,2,,"[[0.5, 6.0]]",12.545866666666667,13.747066666666667,1.2012,0.0,0.0,12.746066666666668,79,False
4010069381,8,,"[[4.1, 10.1]]",4.9052,5.505199999999999,0.5999999999999996,1.0,0.09999999999999994,5.2052,50,False
6516459343,6,,"[[39.6, 90.0]]",78.74533333333333,85.51876666666666,6.77343333333333,1.0,0.13439351851851844,80.91416666666667,362,False
6806999702,10,,"[[67.0, 80.5]]",74.90846666666667,75.50846666666666,0.5999999999999943,1.0,0.04444444444444402,75.20846666666667,360,False
4636208292,6,,"[[76.8, 81.3]]",79.78,80.38,0.5999999999999943,1.0,0.13333333333333208,80.08,344,False
8740703217,3,,"[[17.7, 20]]",17.851466666666667,18.45146666666667,0.6000000000000014,1.0,0.26086956521739185,18.151466666666668,82,False
7416295940,1,,"[[39.8, 48.8]]",37.57086666666667,54.6546,17.083733333333335,0.526816933066933,0.526816933066933,51.7517,351,False
7059877301,0,,"[[0.0, 4.5]]",15.449066666666665,16.049066666666665,0.5999999999999996,0.0,0.0,15.749066666666666,123,False
4761953886,4,,"[[0.0, 30.6]]",9.041666666666666,11.0,1.958333333333334,1.0,0.06399782135076254,10.375,107,False
8107573462,4,,"[[6.0, 9.8]]",5.839166666666666,7.140466666666667,1.3013000000000003,0.8764056456364147,0.2879360403955396,6.239566666666667,55,False
8594314852,2,,"[[5.1, 12.6]]",9.042366666666666,11.2112,2.1688333333333336,1.0,0.2891777777777778,9.943266666666666,51,False
4166942239,9,,"[[13.3, 19.7]]",11.311599999999999,11.9116,0.6000000000000014,0.0,0.0,11.6116,79,False
6896884547,8,,"[[41.0, 47.1]]",24.057666666666666,24.657666666666668,0.6000000000000014,0.0,0.0,24.357666666666667,192,False
7572859950,4,,"[[6.7, 8.1]]",6.840166666666667,8.041366666666667,1.2012,1.0,0.8580000000000003,7.3406666666666665,67,False
4838145161,5,,"[[39.5, 41.2]]",48.4487,49.0487,0.5999999999999943,0.0,0.0,48.7487,257,False
3719793245,5,,"[[8.2, 9.4]]",9.142766666666667,9.742766666666668,0.6000000000000014,0.4287222222222217,0.16673508631679015,9.442766666666667,47,False
4388652400,1,,"[[22.4, 29.7]]",56.72363333333334,57.32363333333333,0.5999999999999943,0.0,0.0,57.023633333333336,239,False
10309542255,5,,"[[11.8, 17.9], [20.9, 28.0], [37.9, 44.0], [64.0, 67.6], [73.5, 78.5]]",53.35365365365366,53.95365365365365,0.5999999999999943,0.0,0.0,53.653653653653656,300,False
3171006258,6,,"[[14.0, 34.8]]",31.731999999999996,32.331999999999994,0.5999999999999979,1.0,0.028846153846153747,32.032,147,False
3270490566,6,,"[[47.5, 50.6]]",13.713999999999999,14.314,0.6000000000000014,0.0,0.0,14.014,203,False
3261079025,7,,"[[0.2, 4.0]]",5.5058,6.1057999999999995,0.5999999999999996,0.0,0.0,5.8058,75,False
4420239986,5,,"[[0.2, 20.0]]",18.985633333333332,21.388033333333333,2.4024,0.4222305472305476,0.04787450778033517,18.985633333333332,90,False
3046900922,8,,"[[4.1, 12.3]]",2.4024,4.371033333333333,1.968633333333333,0.13767588343859538,0.027383742860222018,2.9696333333333333,72,False
6037747123,7,,"[[0.0, 17.8]]",17.4177,18.0177,0.6000000000000014,0.6371666666666664,0.021218024498132433,17.7177,123,False
2821788355,5,,"[[0.0, 4.6], [7.4, 15.2]]",13.646966666666666,15.015,1.3680333333333348,1.0,0.1753888888888891,13.747066666666667,103,False
6297019062,8,,"[[19.6, 22.5]]",45.07836666666667,46.079366666666665,1.0009999999999977,0.0,0.0,45.27856666666667,234,False
5919180502,4,,"[[9.4, 13.3]]",10.043366666666667,13.046366666666666,3.0029999999999983,1.0,0.7699999999999995,10.043366666666667,200,False
5662041273,6,,"[[0.5, 3.1], [15.8, 30.2], [72.6, 90.0]]",14.547866666666666,16.049366666666668,1.5015000000000018,0.16607836607836607,0.015931800563927408,14.6146,361,False
6624174621,5,,"[[34.9, 40]]",39.77336666666667,40.0,0.22663333333333213,1.0,0.04443790849673178,40.073366666666665,163,False
5308503740,1,,"[[31.8, 53.7]]",5.038666666666667,5.6386666666666665,0.5999999999999996,0.0,0.0,5.338666666666667,215,False
6253433310,3,,"[[17.5, 22.7]]",3.3369666666666666,3.9369666666666663,0.5999999999999996,0.0,0.0,3.6369666666666665,91,False
8253302563,2,,"[[25.7, 28.1]]",3.075,3.675,0.5999999999999996,0.0,0.0,3.375,142,False
2868183184,2,,"[[16.7, 51.5]]",44.411,45.010999999999996,0.5999999999999943,1.0,0.017241379310344664,44.711,209,False
2990321092,9,,"[[3.2, 7.3], [10.9, 13.9]]",20.3206,20.9206,0.6000000000000014,0.0,0.0,20.6206,86,False
5406108447,0,,"[[12.2, 14.4], [28.5, 31.8], [40.0, 42.4]]",32.36596666666667,32.96596666666667,0.5999999999999943,0.0,0.0,32.66596666666667,179,False
4564478328,5,,"[[25.0, 30.9], [31.4, 37.4]]",34.301233333333336,34.90123333333333,0.5999999999999943,1.0,0.09999999999999905,34.60123333333333,188,False
5907839036,1,,"[[4.3, 6.3]]",32.26586666666667,32.86586666666666,0.5999999999999943,0.0,0.0,32.565866666666665,360,False
4092992100,8,,"[[0.0, 3.5]]",14.8151,15.0,0.18490000000000073,0.0,0.0,15.1151,62,False
2821788355,7,,"[[8.6, 13.4]]",13.013,14.014,1.0009999999999994,0.3866133866133873,0.07148134466198752,13.747066666666667,103,False
9082180631,5,,"[[0.1, 7.7]]",6.77344010677344,8.341675008341674,1.5682349015682346,0.590829787234043,0.11242373574410033,8.141474808141474,43,False
4650556666,2,,"[[17.7, 22.5]]",12.059999999999999,12.66,0.6000000000000014,0.0,0.0,12.36,76,False
4859057828,1,,"[[1.5, 4.5]]",2.8028,4.004,1.2011999999999996,1.0,0.4003999999999998,3.7704333333333335,87,False
4488066715,1,,"[[46.4, 51.2]]",2.0023,2.6022999999999996,0.5999999999999996,0.0,0.0,2.3023,352,False
8513603944,5,,"[[0.2, 10.7]]",15.648966666666666,17.050366666666665,1.4013999999999989,0.0,0.0,16.649966666666668,123,False
3131380536,7,,"[[10.4, 17.2]]",15.348966666666666,15.948966666666667,0.6000000000000014,1.0,0.08823529411764729,15.648966666666666,268,False
10030609934,11,,"[[47.1, 53.3]]",33.4668001334668,38.03803803803804,4.571237904571241,0.0,0.0,33.60026693360027,198,False
3456030972,0,,"[[0.2, 3.2], [6.1, 11.7]]",4.7047,9.1091,4.4044,0.6832031604758878,0.4301602504538762,7.4074,102,False
4199369046,5,,"[[2.4, 7.6]]",0.0,1.001,1.001,0.0,0.0,0.0,230,False
7453733046,12,,"[[3.5, 5.3]]",0.7343666666666666,1.3343666666666667,0.6000000000000001,0.0,0.0,1.0343666666666667,134,False
5521781780,0,,"[[6.4, 14.0]]",5.238566666666666,6.339666666666667,1.1011000000000006,0.0,0.0,5.338666666666667,361,False
2623954636,2,,"[[27.0, 31]]",18.951999999999998,19.552,0.6000000000000014,0.0,0.0,19.252,127,False
3711681535,7,,"[[0.1, 15.2]]",2.002,5.005,3.003,1.0,0.19887417218543046,4.004,144,False
7533369046,4,,"[[9.3, 9.7]]",23.541666666666668,24.541666666666668,1.0,0.0,0.0,24.541666666666668,108,False
4859057828,6,,"[[0.0, 3.0]]",1.001,2.002,1.001,1.0,0.33366666666666667,1.001,87,False
6516459343,1,,"[[5.8, 29.9]]",36.26986666666667,36.86986666666667,0.5999999999999943,0.0,0.0,36.56986666666667,362,False
5533380417,5,,"[[0.2, 13]]",0.23386666666666672,0.8338666666666668,0.6000000000000001,1.0,0.04687500000000001,0.5338666666666667,56,False
3942617402,4,,"[[0.0, 6.6]]",11.052708333333333,12.012,0.9592916666666671,0.0,0.0,11.052708333333333,99,False
5885887012,5,,"[[3.9, 31.9]]",11.745366666666666,12.345366666666667,0.6000000000000014,1.0,0.02142857142857148,12.045366666666666,128,False
8107573462,2,,"[[0.1, 6.2]]",5.839166666666666,6.6066,0.7674333333333339,0.47018199192112264,0.055456510824906054,6.6066,55,False
3851913128,2,,"[[65.0, 74.2]]",31.031299999999998,31.6313,0.6000000000000014,0.0,0.0,31.3313,299,False
6300775954,3,,"[[50.5, 54.8]]",29.463066666666666,30.063066666666668,0.6000000000000014,0.0,0.0,29.763066666666667,232,False
3321261856,1,,"[[12.0, 15.0]]",20.02,21.021,1.0010000000000012,0.0,0.0,21.021,115,False
2697214342,4,,"[[4.2, 15.3]]",20.9209,23.023,2.1021,0.0,0.0,21.6216,200,False
3155382178,0,,"[[0.0, 3.0]]",17.083733333333335,19.753066666666665,2.6693333333333307,0.0,0.0,19.019,115,False
3046900922,9,,"[[0.1, 12.8]]",13.013,14.180833333333334,1.1678333333333342,0.0,0.0,14.014,72,False
4970148391,10,,"[[17.3, 19.8]]",18.718999999999998,19.319,0.6000000000000014,1.0,0.24000000000000057,19.019,99,False
2604394962,4,,"[[9.7, 11.7]]",22.723,23.323,0.6000000000000014,0.0,0.0,23.023,144,False
4488066715,5,,"[[16.0, 20.5], [23.7, 27.2]]",56.2565,56.8565,0.5999999999999943,0.0,0.0,56.5565,352,False
5138093706,1,,"[[14.7, 29.8]]",20.02,29.029,9.009,1.0,0.5966225165562914,26.026,125,False
8495272210,2,,"[[16.0, 19.2]]",1.5348666666666666,2.6359666666666666,1.1011,0.0,0.0,1.9352666666666667,84,False
3046900922,6,,"[[0.0, 12.7]]",12.245566666666667,14.180833333333334,1.9352666666666671,0.23481690723069978,0.03204560145736609,13.013,72,False
6443512089,2,,"[[17.8, 20.8]]",43.27686666666667,43.876866666666665,0.5999999999999943,0.0,0.0,43.57686666666667,326,False
5349766264,3,,"[[6.8, 26.4], [33.6, 46.4]]",7.007,7.75775,0.75075,1.0,0.03830357142857144,7.007,252,False
2824317018,4,,"[[16.5, 19.3], [35.9, 38.4]]",39.139,39.739,0.5999999999999943,0.0,0.0,39.439,217,False
9531760182,10,,"[[0.1, 5.9]]",4.6,6.04,1.4400000000000004,0.902777777777778,0.21885521885521897,4.96,257,False
3981865268,0,,"[[0.0, 6.1]]",6.4067,7.0066999999999995,0.5999999999999996,0.0,0.0,6.7067,148,False
7308042410,2,,"[[25.4, 34.0]]",3.8371666666666666,4.738066666666667,0.9009,0.0,0.0,4.337666666666666,137,False
6329954198,8,,"[[0.0, 3.7]]",1.6352666666666666,2.2352666666666665,0.5999999999999999,1.0,0.16216216216216212,1.9352666666666667,94,False
3060478605,3,,"[[7.9, 11.2]]",14.589875,15.189875,0.6000000000000014,0.0,0.0,14.889875,59,False
9408800471,2,,"[[13.5, 19.9]]",17.550884217550884,19.185852519185854,1.63496830163497,1.0,0.25546379713046413,17.91791791791792,124,False
13919236672,6,,"[[12.3, 17.6]]",111.05727394060727,111.65727394060727,0.5999999999999943,0.0,0.0,111.35727394060727,467,False
2696280239,8,,"[[1.3, 2.9]]",11.945266666666667,13.0,1.054733333333333,0.0,0.0,12.1121,54,False
4006608424,6,,"[[20.5, 34.1]]",28.995633333333334,32.5325,3.536866666666665,1.0,0.2600637254901959,28.995633333333334,360,False
5333075105,12,,"[[35.2, 39.0]]",36.737,37.336999999999996,0.5999999999999943,1.0,0.1578947368421039,37.037,156,False
3526597179,4,,"[[22.7, 26.8]]",22.4224,26.793433333333333,4.371033333333333,0.9364909899261045,0.935086196393762,24.5245,108,False
4707679105,5,,"[[17.6, 19.1]]",20.9209,22.022,1.1010999999999989,0.0,0.0,21.9219,130,False
3943634344,2,,"[[0.0, 1.8]]",19.3193,20.8208,1.5015,0.0,0.0,20.6206,84,False
2782658657,1,,"[[4.3, 7.8]]",1.9689333333333334,2.5689333333333333,0.5999999999999999,0.0,0.0,2.2689333333333335,106,False
2461993294,2,,"[[0.1, 12.3], [45.8, 66.7]]",7.274233333333333,7.874233333333333,0.5999999999999996,1.0,0.04918032786885242,7.574233333333333,267,False
8225502382,10,,"[[24.5, 28.4]]",43.21013333333334,43.81013333333333,0.5999999999999943,0.0,0.0,43.510133333333336,196,False
6754608321,6,,"[[19.2, 25.1]]",19.453066666666665,20.053066666666666,0.6000000000000014,1.0,0.10169491525423749,19.753066666666665,216,False
8064178441,6,,"[[26.6, 35.5], [65.4, 67.8]]",35.56916666666667,36.16916666666666,0.5999999999999943,0.0,0.0,35.869166666666665,298,False
6624174621,3,,"[[34.0, 36.0]]",33.76736666666667,34.36736666666666,0.5999999999999943,0.6122777777777757,0.16454411084070922,34.067366666666665,163,False
10030609934,8,,"[[20.0, 23.3]]",19.652986319652985,22.822822822822822,3.1698365031698366,0.8905263157894734,0.7740093869223514,20.72072072072072,198,False
3046900922,4,,"[[12.6, 14.6]]",0.8010999999999999,1.4011,0.6000000000000001,0.0,0.0,1.1011,72,False
8627074061,2,,"[[46.9, 57.5]]",20.954266666666665,22.555866666666667,1.6016000000000012,0.0,0.0,21.454766666666668,360,False
3846475848,9,,"[[19.9, 71]]",44.67796666666667,45.41203333333333,0.7340666666666635,1.0,0.014365296803652906,45.41203333333333,287,False
7114553643,5,,"[[21.8, 30.8]]",37.070366666666665,42.57586666666667,5.505500000000005,0.0,0.0,40.073366666666665,264,False
4251505427,3,,"[[31.2, 71.7]]",10.7107,12.012,1.3013000000000012,0.0,0.0,12.012,306,False
3851913128,8,,"[[32.0, 37.7]]",15.816099999999999,16.4161,0.6000000000000014,0.0,0.0,16.1161,299,False
10127533784,3,,"[[5.1, 6.7], [8.4, 11.2], [13.8, 16.4]]",5.005305305305305,5.605305305305305,0.5999999999999996,0.8421755088421761,0.2981689308919079,5.305305305305305,70,False
7571121368,0,,"[[0.5, 32.8]]",15.048366666666666,17.050366666666665,2.001999999999999,1.0,0.06198142414860678,15.849166666666667,226,False
7114553643,8,,"[[25.6, 30.6]]",44.8448,46.079366666666665,1.234566666666666,0.0,0.0,45.045,264,False
4488066715,6,,"[[62.9, 65.7]]",0.20049999999999996,0.8005,0.6000000000000001,0.0,0.0,0.5005,352,False
6024684644,7,,"[[0.0, 1.9]]",16.483433333333334,17.0,0.516566666666666,0.0,0.0,16.783433333333335,70,False
9498159305,6,,"[[6.6, 13.1]]",1.1678345011678346,2.9029029029029028,1.7350684017350682,0.0,0.0,1.3013013013013013,152,False
3270490566,4,,"[[46.0, 50.6]]",34.9352,35.535199999999996,0.5999999999999943,0.0,0.0,35.2352,203,False
11871253306,3,,"[[37.0, 40.2]]",21.488133333333334,25.091733333333334,3.6036,0.0,0.0,22.155466666666666,173,False
2834146886,4,,"[[55.7, 57.5]]",21.721999999999998,22.322,0.6000000000000014,0.0,0.0,22.022,251,False
2696280239,4,,"[[1.3, 3.1]]",10.677633333333333,11.277633333333334,0.6000000000000014,0.0,0.0,10.977633333333333,54,False
12392885583,7,,"[[12.4, 19.8]]",12.9129,14.147466666666666,1.234566666666666,1.0,0.16683333333333322,14.147466666666666,110,False
3375218204,1,,"[[29.0, 37.2]]",42.4424,43.2432,0.8008000000000024,0.0,0.0,42.5425,299,False
6253433310,0,,"[[0.6, 3.2], [6.6, 7.5]]",6.740366666666667,7.340366666666666,0.5999999999999996,1.0,0.666666666666666,7.040366666666666,91,False
8455160795,4,,"[[11.2, 13.6]]",3.6369666666666665,4.537866666666667,0.9009000000000005,0.0,0.0,3.8371666666666666,80,False
4272084125,2,,"[[6.5, 13.4]]",12.012,13.013,1.0009999999999994,1.0,0.14507246376811586,12.7127,99,False
7771650716,0,,"[[0.2, 8.1]]",0.03336666666666667,9.042366666666666,9.009,0.8769008769008768,0.8769008769008768,1.0343666666666667,247,False
11966080214,0,,"[[0.0, 6.6]]",19.186133333333334,19.786133333333336,0.6000000000000014,0.0,0.0,19.486133333333335,198,False
4443526735,1,,"[[0.3, 4.2]]",1.25125,2.75275,1.5014999999999998,1.0,0.3849999999999999,1.25125,64,False
4378803532,4,,"[[38.2, 41.6]]",9.376033333333334,10.343666666666667,0.9676333333333336,0.0,0.0,10.043366666666667,175,False
4838145161,2,,"[[8.3, 10.1], [24.5, 28.3]]",62.763000000000005,63.363,0.5999999999999943,0.0,0.0,63.063,257,False
4444192938,9,,"[[4.5, 6.8]]",1.4014,2.2022,0.8008,0.0,0.0,1.9019,116,False
6078524411,6,,"[[0.0, 21.4]]",30.730999999999998,31.331,0.6000000000000014,0.0,0.0,31.031,336,False
3340340268,6,,"[[18.9, 23.0]]",17.9182,18.5182,0.6000000000000014,0.0,0.0,18.2182,172,False
3960291106,6,,"[[14.7, 19.6]]",36.2365,36.836499999999994,0.5999999999999943,0.0,0.0,36.5365,191,False
4190655097,8,,"[[25.4, 32.3]]",40.999291666666664,43.376666666666665,2.3773750000000007,0.0,0.0,41.624916666666664,172,False
5902452647,5,,"[[25.3, 27]]",22.055366666666668,22.956266666666668,0.9009,0.0,0.0,22.956266666666668,110,False
8253302563,0,,"[[0.3, 4.7]]",3.075,3.675,0.5999999999999996,1.0,0.13636363636363627,3.375,142,False
5854324479,5,,"[[16.8, 21.7]]",0.04170833333333333,0.7924583333333334,0.75075,0.0,0.0,0.04170833333333333,70,False
3303565503,3,,"[[34.8, 37]]",21.3216,21.9216,0.6000000000000014,0.0,0.0,21.6216,150,False
5875535585,7,,"[[16.4, 74.6]]",51.78536666666667,52.38536666666666,0.5999999999999943,1.0,0.010309278350515367,52.085366666666665,306,False
2599937944,5,,"[[0.4, 6.6]]",4.304,4.904,0.5999999999999996,1.0,0.09677419354838705,4.604,62,False
6277800530,2,,"[[0.0, 20.9]]",26.059666666666665,26.659666666666666,0.6000000000000014,0.0,0.0,26.359666666666666,119,False
9531760182,9,,"[[0.1, 3.2]]",4.66,5.26,0.5999999999999996,0.0,0.0,4.96,257,False
3851913128,0,,"[[31.4, 35.7]]",15.816099999999999,16.4161,0.6000000000000014,0.0,0.0,16.1161,299,False
2454242177,0,,"[[0.0, 1.8]]",5.005,7.7077,2.7027,0.0,0.0,5.338666666666667,212,False
4006608424,0,,"[[0.0, 10.8]]",39.8398,41.5415,1.7017000000000024,0.0,0.0,41.1411,360,False
2705374471,5,,"[[27.9, 33.9]]",11.311599999999999,11.9116,0.6000000000000014,0.0,0.0,11.6116,208,False
4774302357,8,,"[[5.5, 8.2]]",3.6703333333333332,6.9069,3.236566666666667,0.4346890223178883,0.3105968062403416,4.2042,60,False
6621511673,3,,"[[18.2, 90.0]]",53.153400000000005,53.7534,0.5999999999999943,1.0,0.008356545961002706,53.4534,360,False
5662041273,8,,"[[49.0, 59.8]]",54.788066666666666,55.6556,0.8675333333333342,1.0,0.08032716049382725,55.6556,361,False
6621511673,0,,"[[0.0, 1.5]]",29.3296,29.9296,0.6000000000000014,0.0,0.0,29.6296,360,False
4094488636,6,,"[[5.5, 8.4]]",9.9099,11.011,1.1010999999999989,0.0,0.0,10.6106,108,False
6691330381,2,,"[[12.5, 19.9]]",2.0356666666666667,2.6356666666666664,0.5999999999999996,0.0,0.0,2.3356666666666666,166,False
2868183184,3,,"[[0.0, 13.2]]",51.251000000000005,51.851,0.5999999999999943,0.0,0.0,51.551,209,False
6143391925,1,,"[[4.3, 13.7]]",7.040666666666667,7.640666666666666,0.5999999999999996,1.0,0.06382978723404252,7.3406666666666665,162,False
6329954198,2,,"[[21.8, 23]]",1.6352666666666666,2.2352666666666665,0.5999999999999999,0.0,0.0,1.9352666666666667,94,False
6183104292,1,,"[[3.1, 19.8]]",10.7107,11.7117,1.0010000000000012,1.0,0.05994011976047912,10.7107,95,False
4263096481,9,,"[[0.2, 9.3]]",7.340966666666667,7.940966666666666,0.5999999999999996,1.0,0.06593406593406588,7.6409666666666665,86,False
3192668394,7,,"[[50.4, 57.9]]",54.7547,57.1571,2.4024,1.0,0.32032,55.1551,278,False
2834146886,2,,"[[22.0, 28.6]]",22.022299999999998,22.6223,0.6000000000000014,1.0,0.0909090909090911,22.3223,251,False
7771650716,6,,"[[24.9, 27.8]]",3.7039999999999997,4.303999999999999,0.5999999999999996,0.0,0.0,4.004,247,False
8313365386,6,,"[[4.7, 9.6]]",0.1166666666666667,0.7166666666666667,0.6,0.0,0.0,0.4166666666666667,43,False
5133787349,6,,"[[11.0, 15]]",3.2035,3.8034999999999997,0.5999999999999996,0.0,0.0,3.5035,50,False
6244675392,8,,"[[47.1, 49.9]]",34.8,37.06666666666667,2.266666666666673,0.0,0.0,36.06666666666667,120,False
4166942239,2,,"[[13.5, 19.7]]",2.4027000000000003,3.0027,0.5999999999999996,0.0,0.0,2.7027,79,False
5667931404,5,,"[[0.8, 2.3]]",6.640266666666667,7.240266666666667,0.5999999999999996,0.0,0.0,6.940266666666667,46,False
7149153537,9,,"[[3.3, 46]]",26.359666666666666,27.260566666666666,0.9009,1.0,0.021098360655737704,27.060366666666667,186,False
5945172741,2,,"[[0.0, 37.2]]",5.62,6.22,0.5999999999999996,1.0,0.016129032258064505,5.92,214,False
2435100235,8,,"[[40.0, 42.3]]",48.181466666666665,56.122733333333336,7.941266666666671,0.0,0.0,49.616233333333334,256,False
8132842161,8,,"[[0.0, 12.1], [14.4, 21.8], [27.4, 29.6], [30.7, 36.9]]",27.461066666666667,28.06106666666667,0.6000000000000014,1.0,0.27272727272727304,27.761066666666668,148,False
8064178441,8,,"[[72.2, 74]]",37.17076666666667,37.77076666666667,0.5999999999999943,0.0,0.0,37.47076666666667,298,False
2623954636,10,,"[[0.8, 3.4], [15.7, 18.6], [22.9, 26.1]]",21.554,22.288,0.7340000000000018,0.0,0.0,21.554,127,False
3192668394,6,,"[[20.9, 27.1]]",25.5255,26.5265,1.0009999999999977,1.0,0.16145161290322535,25.9259,278,False
3963997053,2,,"[[12.4, 19]]",6.640266666666667,7.240266666666667,0.5999999999999996,0.0,0.0,6.940266666666667,78,False
6413546609,0,,"[[0.1, 5.2]]",28.8288,30.363666666666667,1.534866666666666,0.0,0.0,28.8288,190,False
3427674558,2,,"[[2.6, 3.7], [5.8, 7.9]]",7.707999999999999,8.308,0.6000000000000005,0.3200000000000015,0.0765550239234454,8.008,116,False
6143391925,5,,"[[0.0, 5.8]]",15.0153,15.615300000000001,0.6000000000000014,0.0,0.0,15.3153,162,False
7999756100,0,,"[[0.0, 2.8]]",1.8351666666666666,3.036366666666667,1.2012000000000003,0.803224553224553,0.31775916391301,3.036366666666667,83,False
3526597179,7,,"[[23.9, 26.9]]",22.4224,26.793433333333333,4.371033333333333,0.6619563642464408,0.646201834316003,26.6266,108,False
6786501294,2,,"[[11.0, 60]]",31.8321,32.4321,0.5999999999999979,1.0,0.01224489795918363,32.1321,242,False
7308042410,6,,"[[9.8, 15.5]]",13.013,14.047366666666667,1.034366666666667,1.0,0.18146783625731003,13.646966666666666,137,False
7308042410,9,,"[[27.6, 30.3]]",11.645266666666666,12.245266666666668,0.6000000000000014,0.0,0.0,11.945266666666667,137,False
4915733559,8,,"[[2.8, 6.5]]",3.9039,5.005,1.1010999999999997,1.0,0.29759459459459453,3.9039,143,False
3763643225,2,,"[[10.8, 15.1]]",11.6116,12.4124,0.8008000000000006,1.0,0.18623255813953507,11.9119,144,False
5623068492,8,,"[[5.7, 7.8]]",6.640266666666667,7.240266666666667,0.5999999999999996,1.0,0.2857142857142856,6.940266666666667,319,False
4249756405,0,,"[[0.2, 32]]",22.723,23.323,0.6000000000000014,1.0,0.018867924528301928,23.023,104,False
5308503740,2,,"[[5.6, 25.8]]",0.0,2.002,2.002,0.0,0.0,0.26693333333333336,215,False
2559262403,4,,"[[10.4, 12.3]]",47.255541666666666,51.30125,4.045708333333337,0.0,0.0,49.174125,288,False
2809330695,8,,"[[29.5, 36.1]]",87.087,88.33825,1.2512499999999989,0.0,0.0,88.33825,289,False
6078524411,8,,"[[0.0, 21.4], [49.6, 55.8]]",24.458066666666667,25.05806666666667,0.6000000000000014,0.0,0.0,24.758066666666668,336,False
4378803532,2,,"[[6.2, 12.1]]",6.5732333333333335,8.041366666666667,1.4681333333333333,1.0,0.2488361581920904,6.773433333333333,175,False
4882821564,6,,"[[24.2, 27.1]]",6.973633333333333,17.050366666666665,10.076733333333333,0.0,0.0,13.747066666666667,360,False
3626788516,7,,"[[7.7, 10.7]]",9.009,11.386375,2.377374999999999,0.7112887112887112,0.45871621850734107,9.884875,46,False
8575881495,0,,"[[4.7, 13.1], [20.4, 30.3]]",7.040666666666667,7.640666666666666,0.5999999999999996,1.0,0.0714285714285714,7.3406666666666665,267,False
5858985747,3,,"[[0.6, 5.7]]",10.043666666666667,10.643666666666668,0.6000000000000014,0.0,0.0,10.343666666666667,47,False
4199369046,2,,"[[0.0, 2.0]]",6.006,6.7067,0.7006999999999994,0.0,0.0,6.006,230,False
5427285434,4,,"[[0.2, 4.0]]",1.2348666666666666,1.8348666666666666,0.6000000000000001,1.0,0.15789473684210528,1.5348666666666666,83,False
6188449000,4,,"[[36.5, 37.5], [42.6, 54.1], [56.4, 62.7], [64.4, 71.9]]",69.53333333333333,72.4,2.8666666666666742,0.8255813953488377,0.2958333333333343,72.06666666666666,188,False
3960291106,7,,"[[34.7, 37.8]]",1.1014,1.7014,0.6000000000000001,0.0,0.0,1.4014,191,False
11244289523,6,,"[[0.4, 4.0]]",6.741666666666667,7.341666666666667,0.5999999999999996,0.0,0.0,7.041666666666667,70,False
2868183184,9,,"[[0.0, 5.9]]",19.886,22.822,2.936,0.0,0.0,22.155,209,False
4249756405,2,,"[[0.2, 32]]",28.653625,29.654625,1.0009999999999977,1.0,0.03147798742138357,28.653625,104,False
2930782930,4,,"[[0.2, 16.9]]",16.6166,17.7177,1.1011000000000024,0.25737898465171166,0.016177922900837454,17.4174,126,False
13569831214,4,,"[[50.2, 53.5]]",50.984317650984316,51.651651651651655,0.6673340006673385,1.0,0.2022224244446482,51.651651651651655,199,False
6896884547,4,,"[[45.0, 47.9]]",0.5341666666666667,1.1341666666666665,0.5999999999999999,0.0,0.0,0.8341666666666666,192,False
9473479950,2,,"[[11.8, 15.1]]",9.776443109776443,12.012012012012011,2.2355689022355687,0.09483582089552176,0.039825255253937444,11.277944611277945,72,False
4336654741,7,,"[[78.1, 83.5]]",83.2835,83.8835,0.5999999999999943,0.3608333333333307,0.03743407970951781,83.5835,360,False
8493226484,6,,"[[30.3, 32]]",0.7343666666666666,1.3343666666666667,0.6000000000000001,0.0,0.0,1.0343666666666667,134,False
4650556666,9,,"[[0.6, 22.4]]",15.66,16.26,0.6000000000000014,1.0,0.02752293577981658,15.96,76,False
2573424030,5,,"[[38.2, 47.2]]",38.438,41.207,2.7689999999999984,1.0,0.3076666666666665,40.306,197,False
4955723618,3,,"[[44.4, 58.9]]",41.67526666666667,42.27526666666667,0.5999999999999943,0.0,0.0,41.97526666666667,245,False
4260763967,1,,"[[12.3, 15.1], [20.5, 26.6]]",26.026,27.3273,1.3013000000000012,0.4410973641742881,0.08407423139454859,26.1261,136,False
4859057828,5,,"[[11.9, 13.0]]",18.985633333333332,21.3213,2.3356666666666683,0.0,0.0,21.3213,87,False
6168295272,8,,"[[11.0, 14.1]]",11.052708333333333,12.554208333333333,1.5015,1.0,0.4843548387096775,11.26125,60,False
8464056582,6,,"[[8.7, 30.6]]",31.041666666666668,33.791666666666664,2.7499999999999964,0.0,0.0,31.916666666666668,179,False
8064178441,1,,"[[0.0, 29.4]]",22.555866666666667,25.058366666666668,2.5025000000000013,1.0,0.08511904761904766,22.555866666666667,298,False
2793806282,2,,"[[21.5, 28.0]]",17.283,18.551,1.2679999999999971,0.0,0.0,17.684,259,False
6265968082,5,,"[[36.0, 41.4]]",38.739000000000004,39.339,0.5999999999999943,1.0,0.11111111111111009,39.039,171,False
4761953886,3,,"[[30.7, 33]]",15.0,16.25,1.25,0.0,0.0,15.833333333333334,107,False
4967810888,4,,"[[51.5, 53.9]]",60.761,61.361,0.5999999999999943,0.0,0.0,61.061,250,False
2976913210,7,,"[[16.5, 18]]",7.707999999999999,8.308,0.6000000000000005,0.0,0.0,8.008,74,False
4092992100,4,,"[[12.7, 15]]",14.8151,15.0,0.18490000000000073,1.0,0.08039130434782638,15.1151,62,False
6168295272,3,,"[[10.5, 11.8]]",7.749708333333333,8.349708333333334,0.6000000000000005,0.0,0.0,8.049708333333333,60,False
4094488636,3,,"[[16.2, 21.2]]",4.705,5.305,0.5999999999999996,0.0,0.0,5.005,108,False
7059877301,9,,"[[25.8, 30.7]]",0.00030000000000002247,0.6003000000000001,0.6000000000000001,0.0,0.0,0.3003,123,False
2735019707,8,,"[[14.7, 18.9]]",1.5685333333333333,2.1685333333333334,0.6000000000000001,0.0,0.0,1.8685333333333334,79,False
3821781616,6,,"[[0.0, 2.1]]",0.0,1.7017,1.7017,1.0,0.8103333333333331,0.4004,100,False
3105728894,6,,"[[19.1, 34.0]]",46.58016666666667,47.180166666666665,0.5999999999999943,0.0,0.0,46.88016666666667,203,False
7531285946,5,,"[[11.9, 30.6]]",38.739000000000004,39.0,0.2609999999999957,0.0,0.0,39.039,162,False
6143391925,3,,"[[16.7, 25.5]]",17.651266666666665,18.251266666666666,0.6000000000000014,1.0,0.06818181818181834,17.951266666666665,162,False
6898821807,1,,"[[0.0, 7.5]]",2.8695333333333335,4.137466666666667,1.2679333333333331,1.0,0.16905777777777775,3.1364666666666667,79,False
8189958994,6,,"[[51.9, 58.2]]",9.642966666666666,12.045366666666666,2.4024,0.0,0.0,10.944266666666667,250,False
5681946487,6,,"[[5.4, 11.7]]",1.0343666666666667,2.4024,1.3680333333333334,0.0,0.0,1.7350666666666668,114,False
7164729910,1,,"[[4.1, 7.4]]",1.2916666666666667,2.75,1.4583333333333333,0.0,0.0,2.0416666666666665,88,False
4189100053,0,,"[[0.0, 25.3]]",13.5135,15.015,1.5015,1.0,0.059347826086956525,14.5145,118,False
3261079025,8,,"[[6.0, 9.0]]",6.973633333333333,9.009,2.0353666666666674,0.9955781922995036,0.6734352498061372,7.2072,75,False
5134317883,3,,"[[43.9, 52.4]]",42.7,43.3,0.5999999999999943,0.0,0.0,43.0,252,False
5561024834,11,,"[[19.5, 21.3]]",22.416666666666668,25.541666666666668,3.125,0.0,0.0,23.791666666666668,127,False
4698622422,8,,"[[7.5, 17.3], [19.5, 30.2], [33.5, 34.7]]",21.721999999999998,22.322,0.6000000000000014,1.0,0.056074766355140325,22.022,169,False
2454242177,6,,"[[14.5, 24.2], [37.6, 52.4]]",42.642900000000004,43.2429,0.5999999999999943,1.0,0.04054054054054016,42.9429,212,False
8080432373,4,,"[[74.8, 79.3]]",81.51476666666667,82.61586666666666,1.1010999999999882,0.0,0.0,81.51476666666667,360,False
4127497265,0,,"[[4.5, 9.1]]",10.010299999999999,10.6103,0.6000000000000014,0.0,0.0,10.3103,120,False
4671452046,11,,"[[28.4, 31.4]]",10.710999999999999,11.311,0.6000000000000014,0.0,0.0,11.011,175,False
4412508597,0,,"[[2.4, 11.6]]",2.6026,4.004,1.4013999999999998,1.0,0.15232608695652172,3.7704333333333335,48,False
5173770364,6,,"[[9.3, 11.6]]",3.3036000000000003,3.9036,0.5999999999999996,0.0,0.0,3.6036,320,False
6201488511,8,,"[[70.6, 74.2]]",83.91716666666666,85.11836666666666,1.2012,0.0,0.0,83.91716666666666,345,False
14003541505,3,,"[[9.4, 11.7]]",8.971583333333333,13.476083333333333,4.5045,0.5106005106005104,0.5106005106005104,11.223833333333333,64,False
3741143820,8,,"[[9.2, 11]]",10.744366666666666,11.0,0.2556333333333338,1.0,0.14201851851851874,11.044366666666667,46,False
2535384528,2,,"[[4.0, 10.0]]",14.1,14.700000000000001,0.6000000000000014,0.0,0.0,14.4,51,False
8132842161,1,,"[[9.8, 30.2]]",26.660266666666665,27.260266666666666,0.6000000000000014,1.0,0.029411764705882425,26.960266666666666,148,False
6233408665,5,,"[[31.6, 33.8]]",21.855166666666666,26.059366666666666,4.2042,0.0,0.0,23.957266666666666,300,False
12392885583,4,,"[[10.4, 16.2]]",13.1131,14.147466666666666,1.034366666666667,1.0,0.17833908045977023,14.147466666666666,110,False
8783897632,1,,"[[17.9, 25.3]]",15.482133333333334,16.983633333333334,1.5015,0.0,0.0,15.482133333333334,117,False
2567843468,6,,"[[1.4, 7.5]]",4.9049,6.4064,1.5015,1.0,0.24614754098360658,6.006,78,False
4219909195,8,,"[[25.0, 33]]",27.260866666666665,27.860866666666666,0.6000000000000014,1.0,0.07500000000000018,27.560866666666666,136,False
3322503255,5,,"[[22.0, 31.6]]",6.673633333333333,7.273633333333333,0.5999999999999996,0.0,0.0,6.973633333333333,166,False
3192668394,3,,"[[21.5, 38.7]]",25.9259,26.5265,0.6006,1.0,0.03491860465116279,25.992633333333334,278,False
4984417707,5,,"[[0.0, 1.8]]",6.0063,6.6063,0.5999999999999996,0.0,0.0,6.3063,59,False
8604794910,6,,"[[0.2, 4.1], [8.3, 11.8]]",9.442766666666667,10.043366666666667,0.6006,1.0,0.1716,9.743066666666667,55,False
4420239986,3,,"[[0.2, 20.0]]",16.750366666666665,17.350366666666666,0.6000000000000014,1.0,0.030303030303030373,17.050366666666665,90,False
7571121368,2,,"[[38.8, 41.6]]",48.481766666666665,56.0,7.518233333333335,0.0,0.0,51.08436666666667,226,False
4915733559,5,,"[[4.9, 7.6]]",26.727,27.327,0.6000000000000014,0.0,0.0,27.027,143,False
2405940242,9,,"[[7.5, 10.8]]",5.372,5.9719999999999995,0.5999999999999996,0.0,0.0,5.672,57,False
6297019062,4,,"[[0.7, 3.3]]",22.656266666666667,23.25626666666667,0.6000000000000014,0.0,0.0,22.956266666666668,234,False
3376544720,2,,"[[29.7, 45.4]]",62.053958333333334,62.65395833333333,0.5999999999999943,0.0,0.0,62.35395833333333,288,False
7571121368,5,,"[[28.9, 35.0]]",31.765066666666666,33.06636666666667,1.3013000000000012,1.0,0.21332786885245916,33.06636666666667,226,False
2736413196,3,,"[[44.7, 49.9]]",40.774,41.373999999999995,0.5999999999999943,0.0,0.0,41.074,217,False
4378803532,6,,"[[32.8, 37.4]]",34.067366666666665,37.77106666666667,3.703700000000005,0.8998118998118988,0.6704060832014584,35.268566666666665,175,False
6895608152,4,,"[[0.0, 14.8]]",45.28,46.84,1.5600000000000023,0.0,0.0,45.28,291,False
4970148391,9,,"[[7.1, 8.5]]",18.718999999999998,19.319,0.6000000000000014,0.0,0.0,19.019,99,False
4272084125,0,,"[[6.4, 12.7]]",12.012,13.013,1.0009999999999994,0.6873126873126866,0.10403750189021607,12.6126,99,False
2771402761,10,,"[[0.8, 3.1]]",35.06866666666667,35.66866666666667,0.5999999999999943,0.0,0.0,35.36866666666667,195,False
4896969617,4,,"[[9.8, 11.3]]",5.0053,5.6053,0.5999999999999996,0.0,0.0,5.3053,47,False
9565310990,8,,"[[27.4, 33.4]]",22.02232232232232,22.622322322322322,0.6000000000000014,0.0,0.0,22.32232232232232,125,False
6291413193,1,,"[[24.4, 29.9], [36.7, 44.1]]",41.47476666666667,43.27656666666667,1.8018,1.0,0.24348648648648655,43.076366666666665,264,False
4978714491,3,,"[[14.6, 17.4]]",27.660966666666667,30.196833333333334,2.535866666666667,0.0,0.0,29.963266666666666,160,False
2679130168,2,,"[[55.4, 60.5]]",57.007250000000006,57.60725,0.5999999999999943,1.0,0.11764705882352826,57.30725,202,False
3145698830,2,,"[[25.4, 28.3]]",20.02,27.7277,7.707699999999999,0.3019967045941072,0.2811231884057971,20.4204,236,False
4688219212,0,,"[[1.3, 6.8]]",6.2065,6.8065,0.5999999999999996,0.9891666666666667,0.10778171252156536,6.5065,128,False
6624174621,6,,"[[31.1, 34.3]]",33.76736666666667,34.36736666666666,0.5999999999999943,0.8877222222222243,0.16301608838922185,34.067366666666665,163,False
7492398760,3,,"[[51.8, 55.1], [58.6, 65.0]]",87.52076666666666,89.9899,2.469133333333346,0.0,0.0,88.72196666666666,361,False
4219909195,7,,"[[4.3, 9.8]]",7.707999999999999,8.308,0.6000000000000005,1.0,0.10909090909090917,8.008,136,False
6356067859,4,,"[[12.5, 13.2]]",4.237866666666667,4.837866666666667,0.5999999999999996,0.0,0.0,4.537866666666667,143,False
4896969617,6,,"[[6.0, 8.4]]",3.6036,6.2062,2.6026,0.07922846384384845,0.04299057626553247,5.3053,47,False
5667931404,0,,"[[0.1, 1.8]]",3.5368666666666666,7.040366666666666,3.5035,0.0,0.0,5.939266666666667,46,False
3303565503,7,,"[[19.5, 28.7]]",14.8148,15.4154,0.6006,0.0,0.0,14.981633333333333,150,False
6727904179,7,,"[[0.0, 4.4]]",23.256866666666667,23.85686666666667,0.6000000000000014,0.0,0.0,23.556866666666668,130,False
8428551576,8,,"[[66.5, 70.3]]",66.3663,67.10036666666667,0.7340666666666777,0.8178639542275871,0.15262136580488417,66.7667,359,False
2434859163,1,,"[[0.0, 1.6]]",5.505,6.1049999999999995,0.5999999999999996,0.0,0.0,5.805,85,False
6691330381,0,,"[[0.6, 12.0]]",14.547866666666666,15.548866666666667,1.0010000000000012,0.0,0.0,14.547866666666666,166,False
6624174621,1,,"[[33.0, 40]]",10.7107,12.545866666666667,1.8351666666666677,0.0,0.0,12.445766666666668,163,False
3974684583,1,,"[[4.8, 9.1], [16.1, 24.6]]",6.707,7.3069999999999995,0.5999999999999996,1.0,0.13953488372093015,7.007,99,False
3063380173,5,,"[[7.9, 13.2]]",15.415,16.016,0.6009999999999991,0.0,0.0,15.415,71,False
9531760182,8,,"[[25.3, 34.1]]",4.6,5.44,0.8400000000000007,0.0,0.0,4.96,257,False
5833145209,9,,"[[10.0, 10.5]]",0.20049999999999996,0.8005,0.6000000000000001,0.0,0.0,0.5005,68,False
8403741210,4,,"[[21.9, 24.9], [34.4, 37.8]]",21.054366666666667,21.654966666666667,0.6006,0.0,0.0,21.454766666666668,178,False
11566980553,6,,"[[22.1, 43.6]]",55.98932265598932,57.0,1.0106773440106807,0.0,0.0,56.45645645645646,228,False
6291413193,0,,"[[24.4, 29.9], [36.7, 47.0]]",46.88046666666667,47.480466666666665,0.5999999999999943,0.19922222222221772,0.01108795537608108,47.18046666666667,264,False
8797589693,1,,"[[6.5, 12.7]]",78.11144477811145,80.84751418084751,2.7360694027360637,0.0,0.0,78.91224557891225,289,False
10309542255,4,,"[[13.5, 17.9], [23.3, 27.9], [37.9, 42.3], [49.5, 53.8], [64.1, 66.8], [73.4, 77.9], [81.1, 85.6]]",63.363663663663665,63.96366366366366,0.5999999999999943,0.0,0.0,63.66366366366366,300,False
7531285946,3,,"[[12.5, 15.7]]",8.041366666666667,11.044366666666667,3.003,0.0,0.0,9.642966666666666,162,False
3508459605,0,,"[[4.3, 8.3]]",81.081,83.4834,2.4024,0.0,0.0,82.94953333333333,348,False
5907839036,3,,"[[41.0, 43.1]]",57.791066666666666,68.60186666666667,10.8108,0.0,0.0,66.90016666666666,360,False
5940941487,6,,"[[11.3, 29.1]]",4.34,4.9399999999999995,0.5999999999999996,0.0,0.0,4.64,115,False
4516967897,1,,"[[24.4, 32.0], [38.8, 40.0], [45.7, 47.7]]",51.3513,52.5525,1.2012,0.0,0.0,51.8518,272,False
3078294001,2,,"[[0.0, 3.5]]",8.008,9.2092,1.2012,0.0,0.0,8.9089,46,False
7492398760,8,,"[[57.8, 62.6]]",47.38096666666667,47.98096666666667,0.5999999999999943,0.0,0.0,47.68096666666667,361,False
3897746373,8,,"[[3.2, 8.5]]",1.001,1.9686333333333332,0.9676333333333333,0.0,0.0,1.7017,54,False
10309542255,1,,"[[8.2, 11.9]]",5.538872205538873,6.9402736069402735,1.401401401401401,0.0,0.0,6.9402736069402735,300,False
6025238212,3,,"[[2.8, 6.0]]",0.7343666666666666,1.3343666666666667,0.6000000000000001,0.0,0.0,1.0343666666666667,102,False
2614918961,6,,"[[32.8, 37.4]]",20.0203,20.6203,0.6000000000000014,0.0,0.0,20.3203,175,False
4949582792,5,,"[[0.0, 2.5]]",71.3716,71.9716,0.5999999999999943,0.0,0.0,71.6716,353,False
5256928210,5,,"[[3.1, 17.1]]",18.7187,19.9199,1.2012,0.0,0.0,18.7187,82,False
9473479950,7,,"[[13.4, 19.4]]",10.844477811144477,11.444477811144479,0.6000000000000014,0.0,0.0,11.144477811144478,72,False
2623954636,8,,"[[25.6, 30.0]]",13.18,13.780000000000001,0.6000000000000014,0.0,0.0,13.48,127,False
10779838974,1,,"[[0.7, 15.5]]",5.505805805805806,6.105805805805805,0.5999999999999996,1.0,0.040540540540540515,5.8058058058058055,105,False
4674481985,3,,"[[6.8, 12.6]]",21.688633333333332,22.288633333333333,0.6000000000000014,0.0,0.0,21.988633333333333,99,False
5328004991,3,,"[[15.9, 21.8]]",0.8008,2.2022,1.4014,0.0,0.0,1.3013,106,False
8428551576,4,,"[[59.3, 62.7]]",8.041366666666667,9.042366666666666,1.0009999999999994,0.0,0.0,8.041366666666667,359,False
6239210933,0,,"[[2.7, 16.3]]",16.850466666666666,17.450466666666667,0.6000000000000014,0.0,0.0,17.150466666666667,138,False
2854886555,3,,"[[2.3, 6.9]]",3.6036,5.2052,1.6015999999999995,1.0,0.3481739130434781,5.2052,64,False
4127497265,6,,"[[8.9, 15.0]]",3.003,4.004,1.0009999999999994,0.0,0.0,4.004,120,False
4882414082,5,,"[[34.7, 38.6]]",0.0,3.0,3.0,0.0,0.0,1.8,180,False
7164729910,2,,"[[4.3, 6.0]]",1.2916666666666667,2.75,1.4583333333333333,0.0,0.0,2.0416666666666665,88,False
5907839036,8,,"[[86.7, 87.6]]",86.787,87.387,0.5999999999999943,1.0,0.6666666666666666,87.087,360,False
8557532213,5,,"[[10.2, 12.7]]",10.643966666666667,12.045366666666666,1.4013999999999989,1.0,0.5605599999999995,11.945266666666667,51,False
3897746373,2,,"[[3.2, 8.5]]",1.7019999999999997,2.3019999999999996,0.5999999999999999,0.0,0.0,2.002,54,False
4333544549,3,,"[[1.1, 27.0], [32.6, 35.5]]",0.0,5.3053,5.3053,0.7926601700186605,0.15575185185185184,3.5035,143,False
3105728894,4,,"[[36.3, 43.5]]",37.4374,40.7407,3.3033,1.0,0.4587916666666665,37.804433333333336,203,False
3902997424,2,,"[[8.8, 14.4]]",13.413699999999999,14.0137,0.6000000000000014,1.0,0.1071428571428574,13.7137,104,False
8455160795,1,,"[[2.5, 19.9]]",3.6369666666666665,4.537866666666667,0.9009000000000005,1.0,0.05177586206896555,3.8371666666666666,80,False
5662041273,3,,"[[3.7, 15.8]]",55.4557,56.055699999999995,0.5999999999999943,0.0,0.0,55.7557,361,False
8594314852,1,,"[[4.9, 11.9]]",9.042366666666666,12.579233333333333,3.5368666666666666,0.8079561947486478,0.3721248214882564,9.943266666666666,51,False
4103088549,5,,"[[4.3, 15.2]]",2.3023,3.003,0.7007000000000003,0.0,0.0,2.5025,67,False
8505893258,7,,"[[17.1, 19.0]]",0.6175833333333334,1.2175833333333332,0.5999999999999999,0.0,0.0,0.9175833333333333,119,False
4626085492,3,,"[[0.1, 7.4]]",4.6046,6.006,1.4014000000000006,1.0,0.1919726027397261,4.6046,86,False
6356067859,7,,"[[15.8, 17.8]]",0.7343666666666666,1.3343666666666667,0.6000000000000001,0.0,0.0,1.0343666666666667,143,False
2793806282,5,,"[[57.3, 64]]",63.697,64.0,0.30299999999999727,1.0,0.0452238805970145,63.997,259,False
2400715506,6,,"[[0.1, 13.8]]",10.977633333333333,12.4124,1.4347666666666665,1.0,0.10472749391727493,11.011,56,False
3846475848,4,,"[[2.3, 6.5]]",6.006,7.007,1.0009999999999994,0.49350649350649356,0.10495007435734009,6.2062,287,False
7001078933,7,,"[[12.4, 17.6]]",17.48443333333333,18.084433333333333,0.6000000000000014,0.19261111111111573,0.02033037593896836,17.784433333333332,86,False
7453733046,11,,"[[0.0, 3.3]]",20.587233333333334,21.488133333333334,0.9009,0.0,0.0,20.787433333333333,134,False
5427285434,5,,"[[5.8, 9.1]]",8.542166666666667,9.142166666666668,0.6000000000000014,0.9297222222222193,0.1669076946092852,8.842166666666667,83,False
4935987905,3,,"[[4.3, 8.8]]",6.5065,13.7137,7.207199999999999,0.31822344322344337,0.24363427770164772,10.01,108,False
4626085492,5,,"[[9.5, 12.6]]",10.5108,11.110800000000001,0.6000000000000014,1.0,0.1935483870967747,10.8108,86,False
6031805098,7,,"[[0.0, 6.0]]",25.859166666666667,29.062366666666666,3.203199999999999,0.0,0.0,27.060366666666667,185,False
3830567237,1,,"[[4.0, 16.5]]",11.4117,12.011700000000001,0.6000000000000014,1.0,0.04800000000000011,11.7117,96,False
2854886555,2,,"[[2.2, 9.1]]",6.9072000000000005,7.5072,0.5999999999999996,1.0,0.08695652173913039,7.2072,64,False
2717347132,0,,"[[0.0, 4.4]]",4.2042,5.005,0.8007999999999997,0.24450549450549483,0.03912087912087916,4.2042,110,False
5735711594,1,,"[[0.8, 13.4]]",2.9362666666666666,3.6369666666666665,0.7006999999999999,1.0,0.055611111111111104,3.4367666666666667,79,False
5875242364,4,,"[[0.2, 13.2]]",0.13346666666666668,1.0343666666666667,0.9009,0.9261479261479262,0.06385524342085123,0.5338666666666667,59,False
4276006683,0,,"[[0.2, 26.1]]",20.387333333333334,20.987333333333336,0.6000000000000014,1.0,0.02316602316602322,20.687333333333335,107,False
3270490566,5,,"[[0.8, 3.2], [47.5, 50.6]]",46.747,47.346999999999994,0.5999999999999943,0.0,0.0,47.047,203,False
4419096437,6,,"[[5.3, 14.2]]",14.581233333333333,16.5165,1.9352666666666671,0.0,0.0,14.981633333333333,212,False
6754608321,2,,"[[20.3, 29.1]]",17.650966666666665,18.651966666666667,1.0010000000000012,0.0,0.0,17.984633333333335,216,False
2871995580,5,,"[[8.6, 17.3]]",0.0,0.5660000000000001,0.5660000000000001,0.0,0.0,0.266,361,False
4955723618,5,,"[[0.0, 16.6]]",10.01,12.012,2.0020000000000007,1.0,0.12060240963855424,11.1111,245,False
7571121368,7,,"[[24.3, 25.8]]",54.788066666666666,56.0,1.2119333333333344,0.0,0.0,55.388666666666666,226,False
5549243726,3,,"[[5.3, 12.2], [13.0, 16.7]]",13.113399999999999,13.7134,0.6000000000000014,1.0,0.1621621621621626,13.4134,71,False
4859057828,7,,"[[13.3, 16.9]]",10.01,12.012,2.0020000000000007,0.0,0.0,10.7107,87,False
2712662377,0,,"[[19.0, 25.8], [26.9, 31.7]]",27.127399999999998,27.7274,0.6000000000000014,1.0,0.12500000000000028,27.4274,140,False
5328616848,6,,"[[9.4, 13.0]]",10.410699999999999,11.0107,0.6000000000000014,1.0,0.16666666666666707,10.7107,60,False
3557498300,0,,"[[1.9, 15.7]]",5.839166666666666,11.544866666666667,5.705700000000001,1.0,0.4134565217391305,9.943266666666666,114,False
8783897632,4,,"[[26.7, 32]]",2.0353666666666665,3.4367666666666667,1.4014000000000002,0.0,0.0,2.0353666666666665,117,False
2573424030,4,,"[[22.5, 26.2]]",42.575,44.31,1.7349999999999994,0.0,0.0,42.575,197,False
5427285434,3,,"[[17.4, 20.5]]",7.040366666666666,8.041366666666667,1.0010000000000003,0.0,0.0,7.741066666666667,83,False
6618792571,2,,"[[19.1, 20.0]]",58.992266666666666,60.193466666666666,1.2012,0.0,0.0,59.059,336,False
4151403382,1,,"[[38.6, 43.4]]",51.7517,58.058,6.3063,0.0,0.0,56.056,252,False
5429688959,3,,"[[79.5, 83]]",58.492066666666666,59.09206666666666,0.5999999999999943,0.0,0.0,58.79206666666666,333,False
4151403382,5,,"[[20.1, 25.9]]",7.7077,9.4094,1.7016999999999998,0.0,0.0,7.8078,252,False
3942617402,2,,"[[23.8, 30.6]]",13.338624999999999,13.938625,0.6000000000000014,0.0,0.0,13.638625,99,False
2679130168,9,,"[[7.3, 9.0], [10.7, 25.0]]",13.088375,13.688375,0.6000000000000014,1.0,0.04195804195804206,13.388375,202,False
2567843468,11,,"[[1.0, 2.7]]",0.30060000000000003,0.9006000000000001,0.6000000000000001,0.0,0.0,0.6006,78,False
6143391925,0,,"[[4.4, 6.9]]",17.050366666666665,19.486133333333335,2.4357666666666695,0.0,0.0,19.2192,162,False
6898821807,7,,"[[6.2, 19.6]]",15.6156,18.051366666666667,2.435766666666666,1.0,0.18177363184079595,17.050366666666665,79,False
9498159305,5,,"[[2.2, 6.4]]",0.0,0.3667334000667334,0.3667334000667334,0.0,0.0,0.0667334000667334,152,False
3164519967,10,,"[[8.5, 13.7]]",31.731999999999996,32.331999999999994,0.5999999999999979,0.0,0.0,32.032,146,False
2679130168,7,,"[[35.6, 38.6], [55.7, 62.6]]",57.5575,58.30825,0.7507500000000036,1.0,0.1088043478260875,58.183125,202,False
6896884547,6,,"[[46.6, 48.0]]",7.841166666666667,9.042366666666666,1.2011999999999992,0.0,0.0,8.641966666666667,192,False
4846820256,7,,"[[18.9, 22]]",20.721,21.321,0.6000000000000014,1.0,0.19354838709677458,21.021,90,False
4949582792,4,,"[[34.1, 47.0]]",73.5738,74.1738,0.5999999999999943,0.0,0.0,73.8738,353,False
2793260225,8,,"[[10.2, 16.4]]",9.142,9.742,0.6000000000000014,0.0,0.0,9.442,77,False
9531760182,5,,"[[3.2, 5.7]]",43.72,44.44,0.7199999999999989,0.0,0.0,44.44,257,False
9531760182,3,,"[[0.6, 4.9]]",0.0,2.56,2.56,0.765625,0.3999999999999999,1.24,257,False
4762946272,0,,"[[3.4, 5.9]]",12.4124,14.014,1.6015999999999995,0.0,0.0,12.5125,87,False
9473479950,6,,"[[6.7, 9.9]]",6.506506506506507,9.70970970970971,3.203203203203203,0.93959375,0.8869059909737176,6.57323990657324,72,False
5945172741,3,,"[[29.1, 41.7]]",43.6,45.16,1.5599999999999952,0.0,0.0,45.16,214,False
4698622422,1,,"[[35.0, 38.4]]",3.437066666666667,4.037066666666667,0.6000000000000001,0.0,0.0,3.7370666666666668,169,False
5504913999,1,,"[[8.3, 29.5]]",41.57516666666667,42.17516666666666,0.5999999999999943,0.0,0.0,41.875166666666665,199,False
3376544720,0,,"[[8.0, 22.5]]",70.07,71.32125,1.251250000000013,0.0,0.0,70.07,288,False
2599937944,0,,"[[0.0, 8.3]]",2.002,3.003,1.0010000000000003,1.0,0.12060240963855424,2.736,62,False
5297811305,1,,"[[0.0, 24]]",6.5068,7.1068,0.5999999999999996,1.0,0.024999999999999984,6.8068,96,False
5134317883,1,,"[[10.2, 13.7]]",64.125,65.0,0.875,0.0,0.0,64.875,252,False
6037747123,1,,"[[19.6, 30.7]]",28.862166666666667,30.563866666666666,1.7016999999999989,1.0,0.15330630630630623,29.763066666666667,123,False
2596300565,1,,"[[4.5, 6.2], [22.7, 27.1]]",50.784,53.053,2.2689999999999984,0.0,0.0,52.686,325,False
4984417707,2,,"[[8.6, 13.2]]",9.810099999999998,10.4101,0.6000000000000014,1.0,0.13043478260869598,10.1101,59,False
5635265624,4,,"[[10.5, 14.1]]",16.583233333333332,19.0,2.4167666666666676,0.0,0.0,17.450766666666667,79,False
8464056582,0,,"[[5.0, 9.0]]",8.791666666666666,16.291666666666668,7.500000000000002,0.02777777777777785,0.01845018450184507,11.291666666666666,179,False
2726497009,8,,"[[4.0, 7.5]]",20.387333333333334,20.987333333333336,0.6000000000000014,0.0,0.0,20.687333333333335,211,False
5205081904,4,,"[[0.1, 1.4]]",12.512799999999999,13.1128,0.6000000000000014,0.0,0.0,12.8128,84,False
3626788516,2,,"[[11.2, 14]]",9.584874999999998,10.184875,0.6000000000000014,0.0,0.0,9.884875,46,False
3524939594,0,,"[[2.8, 6.0]]",6.707,7.3069999999999995,0.5999999999999996,0.0,0.0,7.007,59,False
4636208292,2,,"[[10.4, 30.6]]",41.7417,47.047,5.3052999999999955,0.0,0.0,41.7417,344,False
6642268693,7,,"[[2.8, 6.1]]",4.9,5.5,0.5999999999999996,1.0,0.1818181818181817,5.2,154,False
4244817395,0,,"[[0.3, 5.9]]",5.88,8.88,3.000000000000001,0.006666666666666819,0.0023310023310023843,8.28,226,False
4970148391,2,,"[[6.9, 8.6]]",12.713,13.313,0.6000000000000014,0.0,0.0,13.013,99,False
5681946487,3,,"[[15.0, 27.0]]",20.687633333333334,21.287633333333336,0.6000000000000014,1.0,0.05000000000000012,20.987633333333335,114,False
4603484665,8,,"[[29.3, 34.8]]",32.5325,35.74404166666667,3.211541666666669,0.706047199553692,0.3518754404908925,34.034,140,False
3151715056,3,,"[[49.3, 54.0]]",22.6226,24.024,1.4014000000000024,0.0,0.0,23.023,254,False
4896969617,10,,"[[8.1, 11.0]]",3.6036,4.2042,0.6006,0.0,0.0,4.2042,47,False
2782658657,2,,"[[18.2, 20.5]]",17.984633333333335,20.4204,2.435766666666666,0.9115815691158166,0.8827341275625831,20.186833333333333,106,False
5134317883,4,,"[[49.7, 57.0]]",63.375,64.125,0.75,0.0,0.0,63.375,252,False
6516459343,3,,"[[33.9, 37.0]]",36.26986666666667,36.86986666666667,0.5999999999999943,1.0,0.19354838709677227,36.56986666666667,362,False
11244289523,11,,"[[4.2, 11.3], [18.4, 23.0]]",6.575,7.175,0.5999999999999996,1.0,0.08450704225352107,6.875,70,False
4123915842,7,,"[[7.0, 10.0]]",22.4227,23.0227,0.6000000000000014,0.0,0.0,22.7227,100,False
6988748711,3,,"[[3.2, 7.0]]",5.839166666666666,12.045366666666666,6.2062,0.18704413865704192,0.13123631581129105,7.540866666666667,203,False
5138093706,5,,"[[29.6, 30.9]]",11.611899999999999,12.2119,0.6000000000000014,0.0,0.0,11.9119,125,False
9408800471,8,,"[[7.7, 10.0], [12.8, 16.4], [17.4, 22.8], [31.4, 33.8]]",29.262896229562894,29.862896229562896,0.6000000000000014,0.0,0.0,29.562896229562895,124,False
5801184682,3,,"[[24.2, 29.6]]",1.6,4.72,3.1199999999999997,0.0,0.0,3.8,301,False
4518113460,1,,"[[27.8, 33.6]]",43.043,47.3473,4.304299999999998,0.0,0.0,43.5435,250,False
4915733559,7,,"[[3.2, 5.3]]",3.9039,5.005,1.1010999999999997,1.0,0.5243333333333333,4.8048,143,False
3508459605,6,,"[[11.9, 15.1]]",26.026,27.027,1.0010000000000012,0.0,0.0,26.860166666666668,348,False
9565310990,9,,"[[15.3, 18.6]]",13.714014014014014,14.314014014014015,0.6000000000000014,0.0,0.0,14.014014014014014,125,False
4896969617,3,,"[[6.2, 8.4]]",5.0053,5.6053,0.5999999999999996,0.0,0.0,5.3053,47,False
8457210773,8,,"[[2.4, 23.4], [26.3, 36.1], [44.6, 53.5], [63.9, 70.3]]",37.12,45.64,8.520000000000003,0.12206572769953038,0.06349206349206343,38.68,264,False
8330342965,8,,"[[9.7, 12.1], [20.4, 22.7], [24.8, 28.7]]",23.356666666666666,25.358666666666668,2.0020000000000024,0.27905427905427904,0.10455396132252039,25.358666666666668,176,False
9408800471,9,,"[[5.7, 7.4], [12.9, 15.5], [26.8, 32.2]]",27.42742742742743,31.564898231564896,4.137470804137468,1.0,0.7661982970624938,31.43143143143143,124,False
2796821016,7,,"[[31.4, 35.8]]",27.627,28.227,0.6000000000000014,0.0,0.0,27.927,249,False
4774302357,5,,"[[4.0, 7.6]]",6.873833333333334,7.473833333333333,0.5999999999999996,1.0,0.16666666666666657,7.1738333333333335,60,False
10082798964,5,,"[[1.7, 6.6], [9.9, 13.8]]",8.739999999999998,9.34,0.6000000000000014,0.0,0.0,9.04,42,False
2679130168,0,,"[[7.0, 9.5]]",9.134125,11.76175,2.627625,0.1392417106702824,0.07683624717803347,10.969291666666667,202,False
5349766264,0,,"[[0.2, 78.4]]",45.29525,52.5525,7.257249999999999,1.0,0.09280370843989769,49.674625,252,False
7149153537,5,,"[[0.0, 4.2]]",39.77336666666667,40.37336666666666,0.5999999999999943,0.0,0.0,40.073366666666665,186,False
10779838974,5,,"[[0.0, 12.0]]",10.577544210877544,11.177544210877546,0.6000000000000014,1.0,0.05000000000000012,10.877544210877545,105,False
7453733046,13,,"[[22.9, 30.3]]",25.058366666666668,30.063366666666667,5.004999999999999,1.0,0.676351351351351,30.063366666666667,134,False
5533380417,2,,"[[10.1, 13]]",10.243866666666666,10.843866666666667,0.6000000000000014,1.0,0.2068965517241384,10.543866666666666,56,False
4075791856,5,,"[[33.8, 42.1]]",77.4,81.24,3.839999999999989,0.0,0.0,77.64,300,False
6713120511,3,,"[[26.8, 44.1]]",47.38066666666667,49.082366666666665,1.7016999999999953,0.0,0.0,48.38166666666667,223,False
8225502382,4,,"[[39.7, 42.3]]",38.00463333333333,38.7387,0.7340666666666706,0.0,0.0,38.5385,196,False
5297811305,4,,"[[0.1, 5.4]]",23.023,23.6236,0.6006,0.0,0.0,23.3233,96,False
2796821016,5,,"[[0.2, 8.7]]",17.017,18.018,1.0010000000000012,0.0,0.0,17.25,249,False
3145698830,3,,"[[3.2, 19.2]]",54.5548,55.154799999999994,0.5999999999999943,0.0,0.0,54.8548,236,False
8225502382,0,,"[[4.4, 6.0]]",26.193133333333332,26.793133333333333,0.6000000000000014,0.0,0.0,26.493133333333333,196,False
6691330381,4,,"[[18.5, 20.5]]",38.77236666666667,39.372366666666665,0.5999999999999943,0.0,0.0,39.07236666666667,166,False
2809330695,7,,"[[4.9, 7.8], [24.9, 27.2], [32.8, 35.7]]",33.734,34.333999999999996,0.5999999999999943,1.0,0.20689655172413557,34.034,289,False
3340340268,5,,"[[19.6, 23.0]]",27.394333333333332,27.994333333333334,0.6000000000000014,0.0,0.0,27.694333333333333,172,False
2614918961,7,,"[[35.1, 38.8]]",43.243500000000004,43.8435,0.5999999999999943,0.0,0.0,43.5435,175,False
4024008346,8,,"[[0.0, 1.1], [6.4, 10.1], [12.2, 13.7]]",0.0,1.001,1.001,1.0,0.9099999999999998,0.8008,79,False
11244289523,2,,"[[13.4, 17.3]]",22.28333333333333,22.883333333333333,0.6000000000000014,0.0,0.0,22.583333333333332,70,False
3462517143,5,,"[[19.6, 22.8]]",2.8028,4.170833333333333,1.3680333333333334,0.0,0.0,3.003,98,False
7149153537,7,,"[[10.9, 21.9]]",36.06936666666667,37.17046666666667,1.1011000000000024,0.0,0.0,37.070366666666665,186,False
5116088152,0,,"[[0.0, 7.2]]",30.9309,32.6326,1.7016999999999953,0.0,0.0,31.5315,162,False
3897746373,5,,"[[6.8, 13]]",11.712,12.312000000000001,0.6000000000000014,1.0,0.09677419354838733,12.012,54,False
5875242364,5,,"[[4.6, 7.3]]",0.0,0.33336666666666664,0.33336666666666664,0.0,0.0,0.03336666666666667,59,False
6618792571,10,,"[[63.5, 71.0]]",56.890166666666666,58.49176666666666,1.6015999999999977,0.0,0.0,56.99026666666666,336,False
5662041273,0,,"[[0.2, 2.6], [16.0, 29.4], [73.2, 90.0]]",76.61016666666667,77.21016666666667,0.5999999999999943,1.0,0.03571428571428538,76.91016666666667,361,False
4984331176,2,,"[[0.0, 2.3]]",3.4037,4.0037,0.6000000000000001,0.0,0.0,3.7037,40,False
8428551576,5,,"[[52.4, 56.1]]",69.4697,70.0697,0.5999999999999943,0.0,0.0,69.7697,359,False
2535384528,7,,"[[10.4, 15]]",14.459999999999999,15.0,0.5400000000000009,1.0,0.1173913043478263,14.76,51,False
3026084730,1,,"[[4.3, 13.2]]",49.6496,50.4504,0.8008000000000024,0.0,0.0,50.3503,295,False
6265968082,3,,"[[15.1, 20.3]]",14.481433333333333,15.081433333333335,0.6000000000000014,0.0,0.0,14.781433333333334,171,False
5061117640,7,,"[[25.9, 29.1]]",42.209133333333334,42.80913333333333,0.5999999999999943,0.0,0.0,42.50913333333333,213,False
4006608424,4,,"[[77.8, 90.0]]",11.578233333333333,12.245566666666667,0.6673333333333336,0.0,0.0,11.7117,360,False
6592821115,3,,"[[27.6, 29.4]]",24.541666666666668,26.291666666666668,1.75,0.0,0.0,24.875,253,False
6277800530,3,,"[[20.9, 26.9]]",11.678333333333333,18.084733333333332,6.4064,0.0,0.0,11.778433333333334,119,False
6168716346,6,,"[[9.2, 16.4]]",25.659266666666667,26.25926666666667,0.6000000000000014,0.0,0.0,25.959266666666668,127,False
2984974097,2,,"[[0.0, 9.2], [18.9, 24.2]]",23.523,25.492,1.9690000000000012,0.34382935500253897,0.10270024271844651,24.157,121,False
4190655097,6,,"[[35.9, 38.8]]",17.851166666666668,18.76875,0.917583333333333,0.0,0.0,18.76875,172,False
6786501294,4,,"[[20.1, 24.0]]",35.40233333333334,36.00233333333333,0.5999999999999943,0.0,0.0,35.702333333333335,242,False
6691330381,1,,"[[0.0, 41]]",38.77236666666667,39.372366666666665,0.5999999999999943,1.0,0.014634146341463277,39.07236666666667,166,False
3121571439,6,,"[[9.0, 14.9]]",24.724999999999998,25.325,0.6000000000000014,0.0,0.0,25.025,163,False
7088595057,4,,"[[20.4, 23.3]]",30.063366666666667,30.76406666666667,0.7007000000000012,0.0,0.0,30.063366666666667,142,False
6727904179,8,,"[[14.0, 27.8]]",7.741066666666667,11.044366666666667,3.3033,0.0,0.0,9.042366666666666,130,False
3340340268,7,,"[[29.4, 32.4]]",16.4164,18.2182,1.8018,0.0,0.0,17.384033333333335,172,False
5987365500,6,,"[[18.8, 19.6]]",22.355666666666668,23.256566666666668,0.9009,0.0,0.0,22.555866666666667,96,False
5913180144,3,,"[[32.9, 36.3]]",13.680333333333333,14.447766666666666,0.767433333333333,0.0,0.0,13.980633333333333,159,False
6046149003,3,,"[[7.3, 9.6], [10.7, 12.1], [18.2, 19.3]]",10.127083333333333,10.727083333333335,0.6000000000000014,0.045138888888892136,0.013727560718058045,10.427083333333334,74,False
8224504302,2,,"[[25.8, 30.7]]",35.06836666666667,36.469766666666665,1.4013999999999953,0.0,0.0,36.36966666666667,172,False
2782307049,7,,"[[13.3, 15]]",5.8061,6.4060999999999995,0.5999999999999996,0.0,0.0,6.1061,62,False
3626788516,1,,"[[7.0, 14]]",9.384375,10.26025,0.8758749999999988,1.0,0.12512499999999985,9.884875,46,False
5237219621,1,,"[[0.1, 9.1]]",65.2652,68.068,2.802800000000005,0.0,0.0,67.50076666666666,358,False
7988210561,1,,"[[3.0, 9.8]]",4.037366666666666,5.038366666666667,1.0010000000000003,1.0,0.14720588235294121,4.337666666666666,43,False
9531760182,2,,"[[74.0, 77.3]]",61.48,62.32,0.8400000000000034,0.0,0.0,61.72,257,False
7605329840,5,,"[[16.4, 18.8]]",0.0,0.33336666666666664,0.33336666666666664,0.0,0.0,0.03336666666666667,86,False
2679130168,3,,"[[1.5, 3.7], [8.8, 14.0], [25.8, 31.2], [42.1, 45.5]]",40.79075,41.5415,0.7507499999999965,0.0,0.0,40.79075,202,False
4765717907,0,,"[[1.2, 2.5]]",2.8028,4.004,1.2011999999999996,0.0,0.0,3.003,159,False
5854324479,1,,"[[0.3, 3.0], [4.0, 16.3]]",0.4924583333333334,1.0924583333333333,0.5999999999999999,1.0,0.22222222222222215,0.7924583333333334,70,False
2793260225,9,,"[[9.6, 12.1]]",7.44,9.576,2.136,0.0,0.0,9.442,77,False
6772999108,3,,"[[13.6, 35.4]]",48.48206666666667,49.0,0.5179333333333318,0.0,0.0,48.782066666666665,196,False
3508407941,3,,"[[18.6, 21]]",18.2185,18.8185,0.6000000000000014,0.3641666666666638,0.07855473665288468,18.5185,70,False
6097994550,7,,"[[4.7, 9.6]]",7.440766666666667,10.143466666666667,2.7027,0.7989171322504653,0.3966651153676578,8.041366666666667,71,False
3206694342,4,,"[[53.3, 57.9]]",30.730999999999998,31.331,0.6000000000000014,0.0,0.0,31.031,263,False
8594314852,8,,"[[7.6, 9.9]]",9.042366666666666,10.043366666666667,1.0010000000000012,0.8567765567765565,0.3510047611901613,9.042366666666666,51,False
4584426085,7,,"[[30.8, 47.0]]",1.4014,2.6026,1.2011999999999998,0.0,0.0,2.3023,360,False
2736413196,6,,"[[4.5, 37.6], [41.5, 53.8]]",0.467,1.601,1.134,0.0,0.0,1.601,217,False
7001078933,5,,"[[12.7, 15.2]]",17.48443333333333,18.084433333333333,0.6000000000000014,0.0,0.0,17.784433333333332,86,False
2793806282,11,,"[[20.9, 23.8], [39.2, 49.0]]",47.847,48.481,0.6340000000000003,1.0,0.06469387755102046,47.847,259,False
8277866423,9,,"[[0.1, 15.7]]",7.416666666666667,8.791666666666666,1.3749999999999991,1.0,0.08814102564102559,8.541666666666666,111,False
4612723694,1,,"[[10.1, 34.2]]",43.110033333333334,43.71003333333333,0.5999999999999943,0.0,0.0,43.41003333333333,225,False
4336654741,3,,"[[5.2, 14.8], [22.5, 45.5], [51.3, 55.6]]",83.2835,83.8835,0.5999999999999943,0.0,0.0,83.5835,360,False
11871253306,2,,"[[2.4, 5.4]]",21.855466666666665,22.455466666666666,0.6000000000000014,0.0,0.0,22.155466666666666,173,False
8531675050,9,,"[[50.4, 54]]",38.77236666666667,39.372366666666665,0.5999999999999943,0.0,0.0,39.07236666666667,216,False
3972259774,2,,"[[16.1, 19.8]]",10.419041666666667,11.019041666666668,0.6000000000000014,0.0,0.0,10.719041666666667,143,False
5801184682,1,,"[[19.8, 25.2]]",0.4,6.52,6.119999999999999,0.0,0.0,5.2,301,False
6244382586,5,,"[[0.0, 0.8], [1.7, 5.2]]",12.145766666666667,12.745766666666668,0.6000000000000014,0.0,0.0,12.445766666666668,83,False
5561024834,8,,"[[14.2, 17.0]]",22.166666666666668,25.041666666666668,2.875,0.0,0.0,25.0,127,False
6025238212,5,,"[[22.6, 25]]",24.291233333333334,24.891233333333336,0.6000000000000014,1.0,0.2500000000000007,24.591233333333335,102,False
5070310138,1,,"[[28.2, 33.8]]",31.5315,34.8348,3.3033,0.6867375049193218,0.3419093265810567,34.7347,216,False
3145698830,9,,"[[0.0, 4.9]]",48.4484,57.057,8.608600000000003,0.0,0.0,52.6526,236,False
3078294001,0,,"[[6.1, 7.4]]",0.3003,1.1011,0.8008,0.0,0.0,0.4004,46,False
3524939594,4,,"[[2.3, 5.6]]",12.421041666666666,13.021041666666667,0.6000000000000014,0.0,0.0,12.721041666666666,59,False
3388598772,0,,"[[0.0, 6.1]]",3.7039999999999997,4.303999999999999,0.5999999999999996,1.0,0.09836065573770486,4.004,46,False
5229476012,6,,"[[0.3, 4.1]]",19.019,23.023,4.004000000000001,0.0,0.0,22.255566666666667,108,False
4164771889,2,,"[[5.3, 10.2]]",15.9159,16.7167,0.8007999999999988,0.0,0.0,16.5165,68,False
5129152550,4,,"[[88.6, 89.8]]",49.6499,50.2499,0.5999999999999943,0.0,0.0,49.9499,360,False
5064681723,7,,"[[16.3, 20]]",18.6189,19.2189,0.6000000000000014,1.0,0.1621621621621626,18.9189,82,False
8811725760,4,,"[[3.8, 10.4]]",4.304604604604605,4.904604604604605,0.5999999999999996,1.0,0.09090909090909084,4.604604604604605,66,False
5406108447,1,,"[[0.1, 44.6]]",21.554866666666666,24.057366666666667,2.5025000000000013,1.0,0.0562359550561798,23.957266666666666,179,False
2495861393,3,,"[[41.1, 49.9]]",31.564,32.766,1.2019999999999982,0.0,0.0,31.564,201,False
4138579400,4,,"[[0.0, 18.2]]",13.722041666666666,15.015,1.2929583333333348,1.0,0.07104166666666675,14.5145,81,False
3526597179,3,,"[[22.7, 26.8]]",22.4224,24.6246,2.2022000000000013,0.8739442375806015,0.4396472953216377,22.7227,108,False
3155382178,8,,"[[2.9, 4.3]]",14.014,15.015,1.0010000000000012,0.0,0.0,14.848166666666666,115,False
4838145161,0,,"[[0.0, 53.4]]",6.7067,8.274933333333333,1.5682333333333336,1.0,0.02936766541822722,7.7077,257,False
2877270840,3,,"[[20.3, 24.2]]",0.0,2.002,2.002,0.0,0.0,1.9686333333333332,104,False
6754608321,8,,"[[30.0, 44.0]]",19.352966666666667,19.95296666666667,0.6000000000000014,0.0,0.0,19.652966666666668,216,False
4650556666,8,,"[[0.6, 22.4]]",0.0,0.84,0.84,0.2857142857142857,0.010714285714285714,0.6,76,False
7492398760,0,,"[[0.2, 18.1]]",2.736066666666667,4.738066666666667,2.002,1.0,0.11184357541899438,2.9362666666666666,361,False
6244675392,6,,"[[6.2, 46.1]]",7.066666666666666,8.066666666666666,1.0,1.0,0.025062656641604012,7.266666666666667,120,False
2679328607,14,,"[[31.7, 35.0]]",34.267,34.901,0.6340000000000003,1.0,0.1921212121212122,34.334,141,False
7771650716,7,,"[[0.7, 3.7]]",1.7353666666666665,2.3353666666666664,0.5999999999999999,1.0,0.19999999999999996,2.0353666666666665,247,False
11871253306,10,,"[[36.4, 40.2]]",21.855466666666665,22.455466666666666,0.6000000000000014,0.0,0.0,22.155466666666666,173,False
4518113460,2,,"[[53.0, 62]]",44.3446,44.944599999999994,0.5999999999999943,0.0,0.0,44.6446,250,False
4147398280,4,,"[[54.7, 57]]",46.546800000000005,47.1468,0.5999999999999943,0.0,0.0,46.8468,230,False
7605329840,6,,"[[13.1, 15.3]]",13.847166666666666,14.547866666666666,0.7006999999999994,1.0,0.31849999999999956,13.947266666666666,86,False
5056964274,4,,"[[7.5, 11.1]]",0.0,0.3,0.3,0.0,0.0,0.0,125,False
11871253306,1,,"[[3.2, 5.4]]",12.779733333333333,13.379733333333334,0.6000000000000014,0.0,0.0,13.079733333333333,173,False
6233408665,9,,"[[8.7, 13.7]]",11.745366666666666,12.345366666666667,0.6000000000000014,1.0,0.12000000000000029,12.045366666666666,300,False
10607095936,9,,"[[24.3, 28.8]]",24.724724724724723,26.426426426426428,1.7017017017017046,1.0,0.3781559337114899,24.724724724724723,126,False
5833145209,0,,"[[10.8, 12.1]]",15.048366666666666,16.449766666666665,1.4013999999999989,0.0,0.0,16.349666666666668,68,False
6806999702,11,,"[[88.5, 90.0]]",84.01726666666667,89.92316666666666,5.905899999999988,0.24097371554998606,0.23787900736564016,87.02026666666667,360,False
3455926688,4,,"[[5.0, 20.3]]",2.7,3.3,0.5999999999999996,0.0,0.0,3.0,74,False
3741143820,6,,"[[6.1, 11]]",0.0,0.4001,0.4001,0.0,0.0,0.1001,46,False
5679866364,0,,"[[3.0, 21.0]]",6.039366666666667,10.7107,4.671333333333332,1.0,0.2595185185185185,8.942266666666667,100,False
12392885583,5,,"[[0.0, 13.4]]",23.690333333333335,24.791433333333334,1.1010999999999989,0.0,0.0,24.691333333333333,110,False
8189958994,4,,"[[3.8, 9.3]]",3.7037,6.639966666666667,2.936266666666667,0.9672032512941604,0.5074721988933164,6.539866666666667,250,False
7308042410,5,,"[[21.5, 27.3]]",3.537166666666667,4.137166666666666,0.5999999999999996,0.0,0.0,3.8371666666666666,137,False
2669452260,5,,"[[7.2, 9.0]]",10.610899999999999,11.2109,0.6000000000000014,0.0,0.0,10.9109,62,False
3869005094,2,,"[[4.5, 8.9]]",8.008,9.2092,1.2012,0.7425907425907436,0.18941646139471702,8.2082,40,False
4276006683,1,,"[[0.2, 26.1]]",10.4104,13.1131,2.7027,1.0,0.10435135135135135,12.979633333333334,107,False
2793806282,9,,"[[36.9, 41.3]]",63.730000000000004,64.0,0.269999999999996,0.0,0.0,64.03,259,False
5056964274,2,,"[[9.2, 17.5]]",0.0,0.3,0.3,0.0,0.0,0.0,125,False
2697261300,3,,"[[20.1, 25.3]]",20.02,20.754066666666667,0.7340666666666671,0.8910180728362522,0.12387626262626233,20.553866666666668,187,False
6592821115,1,,"[[53.4, 64.2]]",54.86666666666667,55.46666666666666,0.5999999999999943,1.0,0.055555555555555004,55.166666666666664,253,False
8224492254,3,,"[[11.2, 14.9], [21.1, 28.6]]",21.52,22.96,1.4400000000000013,1.0,0.19200000000000017,22.12,131,False
6727904179,2,,"[[8.6, 11.7]]",14.547866666666666,15.4154,0.8675333333333342,0.0,0.0,15.2152,130,False
4249756405,1,,"[[0.2, 32]]",20.679291666666664,21.279291666666666,0.6000000000000014,1.0,0.018867924528301928,20.979291666666665,104,False
4244817395,10,,"[[51.1, 62.4]]",34.68,38.4,3.719999999999999,0.0,0.0,36.36,226,False
3861485381,5,,"[[4.6, 11.3], [12.3, 15.8], [26.7, 29.8], [42.9, 48.2]]",0.7009999999999998,1.301,0.6000000000000001,0.0,0.0,1.001,359,False
8493226484,5,,"[[15.8, 19.5]]",17.384333333333334,17.984333333333336,0.6000000000000014,1.0,0.1621621621621626,17.684333333333335,134,False
3508407941,0,,"[[0.3, 9.8], [13.7, 20.3]]",16.466749999999998,17.06675,0.6000000000000014,1.0,0.0909090909090911,16.76675,70,False
2697214342,2,,"[[18.1, 40.6], [47.3, 49.9]]",20.8208,23.2232,2.4024,1.0,0.10677333333333333,22.022,200,False
4219909195,2,,"[[14.4, 16.5]]",11.712,12.312000000000001,0.6000000000000014,0.0,0.0,12.012,136,False
3107742409,0,,"[[0.0, 4.2]]",19.72,20.32,0.6000000000000014,0.0,0.0,20.02,215,False
8811725760,5,,"[[6.7, 12.1]]",12.879846513179846,13.479846513179847,0.6000000000000014,0.0,0.0,13.179846513179847,66,False
11849091804,0,,"[[0.0, 25.5]]",10.343666666666667,14.014,3.670333333333332,1.0,0.14393464052287577,12.846166666666667,162,False
5766018720,0,,"[[2.8, 14.2]]",22.055366666666668,26.459766666666667,4.404399999999999,0.0,0.0,25.058366666666668,244,False
3821781616,1,,"[[1.6, 7.0]]",3.003,4.004,1.0009999999999994,1.0,0.18537037037037027,3.5035,100,False
6592821115,4,,"[[12.3, 14.8], [41.4, 45.1]]",0.041666666666666664,2.0833333333333335,2.041666666666667,0.0,0.0,1.25,253,False
5766018720,8,,"[[39.7, 55.9]]",1.3346666666666667,2.135466666666667,0.8008000000000002,0.0,0.0,1.3346666666666667,244,False
4698622422,6,,"[[38.0, 41.7]]",41.041,41.708333333333336,0.6673333333333389,0.9875124875124883,0.17770786516854084,41.708333333333336,169,False
7442562474,7,,"[[15.6, 17.2]]",4.337666666666666,7.6409666666666665,3.3033,0.0,0.0,7.040366666666666,80,False
5129152550,1,,"[[22.6, 23.6]]",0.5341666666666667,1.1341666666666665,0.5999999999999999,0.0,0.0,0.8341666666666666,360,False
4036955771,3,,"[[41.8, 49.7]]",56.723333333333336,57.4574,0.7340666666666635,0.0,0.0,57.4574,360,False
6988748711,5,,"[[4.1, 10.9]]",0.03336666666666667,1.0343666666666667,1.001,0.0,0.0,1.001,203,False
3626788516,0,,"[[0.1, 2.8]]",10.96125,11.561250000000001,0.6000000000000014,0.0,0.0,11.26125,46,False
11503803033,6,,"[[3.1, 5.9], [10.2, 13.6], [16.1, 20.7]]",10.310599999999999,10.9106,0.6000000000000014,1.0,0.17647058823529452,10.6106,74,False
3049351381,3,,"[[19.7, 26.8]]",22.8228,25.025,2.2021999999999977,1.0,0.31016901408450664,24.024,207,False
7223854838,3,,"[[2.8, 3.4], [4.1, 5.3], [5.8, 5.9], [11.7, 12.0], [12.3, 12.6]]",2.5,4.416666666666667,1.916666666666667,0.3130434782608696,0.3130434782608696,4.416666666666667,56,False
5902452647,3,,"[[25.3, 27]]",22.089033333333333,22.689033333333334,0.6000000000000014,0.0,0.0,22.389033333333334,110,False
4164771889,0,,"[[5.1, 16.8]]",8.8088,9.7097,0.9009,1.0,0.077,8.9089,68,False
7416295940,2,,"[[29.7, 34.0]]",40.7407,54.6546,13.913900000000005,0.0,0.0,45.7457,351,False
4838113006,0,,"[[19.5, 44.0]]",28.028,28.6286,0.6006,1.0,0.024514285714285714,28.1281,360,False
2834146886,5,,"[[0.0, 2.2], [37.2, 44.2]]",32.733000000000004,33.333,0.5999999999999943,0.0,0.0,33.033,251,False
7999756100,6,,"[[9.8, 13.7]]",2.435766666666667,3.036366666666667,0.6006,0.0,0.0,3.036366666666667,83,False
7001078933,2,,"[[12.2, 12.8]]",16.249866666666666,16.849866666666667,0.6000000000000014,0.0,0.0,16.549866666666667,86,False
5907839036,0,,"[[0.0, 7.8]]",4.037366666666666,7.040366666666666,3.003,1.0,0.38499999999999995,4.738066666666667,360,False
7492398760,5,,"[[75.9, 77.6]]",87.52076666666666,89.9899,2.469133333333346,0.0,0.0,88.72196666666666,361,False
4276006683,7,,"[[19.1, 23.4]]",4.004,4.671333333333333,0.6673333333333336,0.0,0.0,4.004,107,False
2782658657,0,,"[[0.0, 5.2]]",3.003,7.3073,4.3043,0.5104198127453942,0.3006582458637253,4.4044,106,False
7059877301,5,,"[[25.6, 28.4]]",3.2035,3.8034999999999997,0.5999999999999996,0.0,0.0,3.5035,123,False
9531760182,11,,"[[6.2, 9.6]]",41.64,42.4,0.759999999999998,0.0,0.0,41.92,257,False
4164771889,6,,"[[5.3, 10.2]]",3.4037,4.0037,0.6000000000000001,0.0,0.0,3.7037,68,False
9217939684,1,,"[[1.3, 9.5]]",50.708333333333336,51.875,1.1666666666666643,0.0,0.0,50.708333333333336,175,False
4488066715,7,,"[[62.6, 69.4]]",26.4267,27.0267,0.6000000000000014,0.0,0.0,26.7267,352,False
7531285946,1,,"[[5.4, 20.0]]",8.041366666666667,11.745066666666666,3.7036999999999995,1.0,0.2536780821917808,9.542866666666667,162,False
5854324479,3,,"[[16.8, 21.7]]",20.937583333333333,21.563208333333332,0.6256249999999994,1.0,0.12767857142857134,21.563208333333332,70,False
5138093706,7,,"[[21.2, 25.5]]",24.024,27.7277,3.7036999999999978,0.3985203985203985,0.22611333241417333,25.025,125,False
9217939684,12,,"[[59.3, 62.9]]",18.65833333333333,19.258333333333333,0.6000000000000014,0.0,0.0,18.958333333333332,175,False
3145698830,7,,"[[18.0, 27.1]]",43.3433,44.5445,1.2012,0.0,0.0,44.4444,236,False
2717347132,3,,"[[12.5, 27]]",18.6186,19.5195,0.9009,1.0,0.062131034482758626,18.8188,110,False
2503404966,1,,"[[0.0, 3.6], [7.7, 24.3]]",4.2045,4.8045,0.5999999999999996,0.0,0.0,4.5045,112,False
3046900922,1,,"[[4.0, 12.8]]",4.071033333333333,4.671033333333333,0.5999999999999996,1.0,0.06818181818181814,4.371033333333333,72,False
3359075894,0,,"[[0.1, 7.8]]",11.219999999999999,11.82,0.6000000000000014,0.0,0.0,11.52,56,False
4949582792,8,,"[[75.1, 85.1]]",63.063300000000005,63.6633,0.5999999999999943,0.0,0.0,63.3633,353,False
7164729910,5,,"[[26.6, 27]]",16.625,17.791666666666668,1.1666666666666679,0.0,0.0,17.0,88,False
3218498932,6,,"[[12.2, 14.1]]",23.3233,24.024,0.7007000000000012,0.0,0.0,23.7237,120,False
3145698830,8,,"[[28.2, 34.9]]",43.043,44.5445,1.5015,0.0,0.0,43.4434,236,False
2604394962,0,,"[[0.0, 4.6]]",0.5005,1.6016,1.1011,1.0,0.2393695652173913,0.9009,144,False
8811725760,2,,"[[3.9, 7.3]]",18.21821821821822,20.053386720053386,1.8351685018351667,0.0,0.0,19.51951951951952,66,False
5679866364,3,,"[[0.0, 3.5]]",8.642266666666666,9.242266666666668,0.6000000000000014,0.0,0.0,8.942266666666667,100,False
6031805098,2,,"[[0.0, 6.0]]",36.40303333333333,37.5375,1.1344666666666683,0.0,0.0,37.037,185,False
3261079025,2,,"[[11.1, 15.0]]",6.973633333333333,9.009,2.0353666666666674,0.0,0.0,8.2082,75,False
8313365386,5,,"[[7.2, 13]]",9.741666666666665,10.341666666666667,0.6000000000000014,1.0,0.10344827586206921,10.041666666666666,43,False
4123915842,4,,"[[0.0, 4.9]]",2.002,3.5035,1.5015,1.0,0.30642857142857144,2.8028,100,False
10042935613,4,,"[[2.2, 9.4], [35.9, 39.4]]",11.21121121121121,12.012012012012011,0.8008008008008005,0.0,0.0,11.811811811811811,200,False
8171216955,1,,"[[0.1, 2.0]]",4.037366666666666,6.639966666666667,2.6026000000000007,0.0,0.0,4.337666666666666,75,False
2435100235,3,,"[[1.1, 6.4], [12.3, 14.5], [15.3, 16.0], [19.7, 41.0], [43.9, 47.2]]",34.00063333333333,35.50213333333333,1.5015,1.0,0.07049295774647887,34.40103333333333,256,False
4488066715,3,,"[[0.6, 2.8], [26.8, 33.3]]",2.3026,2.9025999999999996,0.5999999999999996,0.8290000000000002,0.21601667680013895,2.6026,352,False
8189958994,9,,"[[0.1, 1.6]]",3.7037,6.639966666666667,2.936266666666667,0.0,0.0,6.439766666666666,250,False
5349766264,1,,"[[10.8, 22.5]]",27.185791666666667,27.785791666666668,0.6000000000000014,0.0,0.0,27.485791666666668,252,False
2868183184,6,,"[[29.7, 51.5]]",24.024,26.026,2.001999999999999,0.0,0.0,26.026,209,False
6592821115,8,,"[[0.0, 3.3], [4.6, 15.2], [38.8, 42.9]]",54.825,55.425,0.5999999999999943,0.0,0.0,55.125,253,False
8604794910,1,,"[[3.5, 5.8]]",5.038666666666667,5.6386666666666665,0.5999999999999996,1.0,0.2608695652173912,5.338666666666667,55,False
3711681535,8,,"[[13.0, 16.0]]",3.7039999999999997,4.303999999999999,0.5999999999999996,0.0,0.0,4.004,144,False
7364407194,4,,"[[0.0, 13.0]]",4.416666666666667,6.666666666666667,2.25,1.0,0.17307692307692307,6.666666666666667,43,False
9088819598,4,,"[[11.5, 16.2]]",8.375342008675341,8.975342008675343,0.6000000000000014,0.0,0.0,8.675342008675342,70,False
7536230796,5,,"[[53.2, 73.9]]",52.708333333333336,56.458333333333336,3.75,0.8688888888888887,0.15375540699960671,56.458333333333336,240,False
6806999702,4,,"[[19.1, 25.9]]",55.4557,56.055699999999995,0.5999999999999943,0.0,0.0,55.7557,360,False
4838113006,3,,"[[37.7, 41.7]]",30.497433333333333,31.097433333333335,0.6000000000000014,0.0,0.0,30.797433333333334,360,False
2401167740,6,,"[[10.7, 12.3]]",10.91,11.711,0.8010000000000002,1.0,0.5006249999999997,11.711,53,False
2584172238,8,,"[[16.2, 28.1]]",13.588875,14.188875000000001,0.6000000000000014,0.0,0.0,13.888875,96,False
6297019062,7,,"[[0.7, 4.4]]",46.813433333333336,47.98126666666667,1.1678333333333342,0.0,0.0,46.813433333333336,234,False
2696280239,3,,"[[8.8, 12.3]]",11.678633333333332,12.278633333333334,0.6000000000000014,1.0,0.17142857142857185,11.978633333333333,54,False
12392885583,6,,"[[28.5, 31.0]]",3.370033333333333,4.471133333333333,1.1011000000000002,0.0,0.0,4.270933333333334,110,False
8388104887,4,,"[[38.6, 41]]",15.148766666666665,15.748766666666667,0.6000000000000014,0.0,0.0,15.448766666666666,178,False
4103088549,0,,"[[0.0, 3.7]]",2.3023,3.003,0.7007000000000003,1.0,0.18937837837837845,2.5025,67,False
6592821115,5,,"[[13.2, 17.1]]",0.041666666666666664,2.0833333333333335,2.041666666666667,0.0,0.0,1.25,253,False
5679866364,5,,"[[9.4, 19.7]]",13.5135,16.049366666666668,2.535866666666667,1.0,0.24620064724919102,15.548866666666667,100,False
3375218204,5,,"[[12.9, 21.6]]",46.046,50.05,4.003999999999998,0.0,0.0,48.048,299,False
4671452046,8,,"[[0.2, 3.6]]",41.6416,43.4434,1.8018,0.0,0.0,42.308933333333336,175,False
2834146886,1,,"[[19.1, 20.8]]",56.056,59.059,3.003,0.0,0.0,56.3563,251,False
3550839192,1,,"[[6.2, 24.2]]",15.515799999999999,16.1158,0.6000000000000014,1.0,0.03333333333333341,15.8158,140,False
4130504920,1,,"[[1.5, 7.0]]",4.705,5.305,0.5999999999999996,1.0,0.10909090909090903,5.005,58,False
2697261300,5,,"[[20.6, 23.6]]",20.553866666666668,23.023,2.469133333333332,0.9813159813159812,0.7954346493915777,21.788433333333334,187,False
5833145209,6,,"[[9.8, 11.9]]",0.20049999999999996,0.8005,0.6000000000000001,0.0,0.0,0.5005,68,False
13919236672,2,,"[[46.0, 54.1]]",104.91780113446781,105.5178011344678,0.5999999999999943,0.0,0.0,105.2178011344678,467,False
9082180631,9,,"[[0.0, 5.2]]",11.678645311978645,12.278645311978647,0.6000000000000014,0.0,0.0,11.978645311978646,43,False
4762946272,1,,"[[8.5, 8.8]]",10.5105,12.7127,2.2021999999999995,0.0,0.0,10.7107,87,False
8594314852,5,,"[[1.2, 7.4]]",12.279233333333332,12.879233333333334,0.6000000000000014,0.0,0.0,12.579233333333333,51,False
6300775954,6,,"[[55.8, 57.9]]",55.28886666666667,55.888866666666665,0.5999999999999943,0.14811111111111472,0.034033752904231176,55.58886666666667,232,False
8797589693,7,,"[[35.7, 40.6]]",78.11144477811145,78.91224557891225,0.8008008008008005,0.0,0.0,78.11144477811145,289,False
5945172741,8,,"[[23.4, 29.7]]",43.12,45.16,2.039999999999999,0.0,0.0,45.16,214,False
5116088152,8,,"[[22.8, 26.4]]",17.7177,19.019,1.3012999999999977,0.0,0.0,18.5185,162,False
8188651630,5,,"[[24.7, 27.1]]",0.7666666666666666,1.3666666666666667,0.6000000000000001,0.0,0.0,1.0666666666666667,77,False
6078524411,2,,"[[21.4, 83.8]]",23.757066666666667,31.06436666666667,7.3073000000000015,1.0,0.11710416666666668,25.759066666666666,336,False
4166942239,1,,"[[0.0, 10.8]]",1.8018,2.7027,0.9009,1.0,0.08341666666666667,1.9019,79,False
2932897373,6,,"[[11.7, 18.0]]",8.441,9.542,1.100999999999999,0.0,0.0,8.441,77,False
2559262403,6,,"[[67.6, 77.1]]",49.174125,50.175125,1.0010000000000048,0.0,0.0,49.424375,288,False
5801184682,6,,"[[25.4, 67]]",32.68,35.36,2.6799999999999997,1.0,0.06442307692307692,34.04,301,False
2623954636,7,,"[[2.4, 5.2]]",21.554,22.288,0.7340000000000018,0.0,0.0,22.288,127,False
11541421563,1,,"[[2.6, 4.2], [11.3, 12.7]]",39.5395,41.20783333333333,1.6683333333333366,0.0,0.0,39.70633333333333,303,False
7442562474,5,,"[[9.6, 10.2]]",12.045366666666666,13.646966666666666,1.6015999999999995,0.0,0.0,12.245566666666667,80,False
3155382178,1,,"[[0.1, 2.9]]",5.005,6.006,1.0010000000000003,0.0,0.0,5.005,115,False
5296635780,3,,"[[7.9, 14.6]]",12.012,12.7127,0.7006999999999994,1.0,0.10458208955223873,12.7127,88,False
6516459343,4,,"[[37.8, 41.1]]",47.5478,48.1478,0.5999999999999943,0.0,0.0,47.8478,362,False
6516459343,5,,"[[37.6, 89.9]]",43.676966666666665,48.181466666666665,4.5045,1.0,0.08612810707456979,47.8478,362,False
3376544720,6,,"[[50.3, 87.7]]",19.72,20.32,0.6000000000000014,0.0,0.0,20.02,288,False
5129152550,3,,"[[14.7, 19.8]]",41.2412,42.5425,1.3012999999999977,0.0,0.0,42.3423,360,False
2793260225,3,,"[[9.1, 12.5]]",8.541,9.576,1.0350000000000001,0.4599033816425129,0.12023238191462514,9.442,77,False
4130504920,3,,"[[10.4, 14]]",4.671633333333333,5.271633333333333,0.5999999999999996,0.0,0.0,4.971633333333333,58,False
6895608152,7,,"[[0.7, 14.6]]",30.82,31.42,0.6000000000000014,0.0,0.0,31.12,291,False
2461993294,9,,"[[5.0, 8.3]]",9.8098,11.011,1.2012,0.0,0.0,10.7107,267,False
6291413193,5,,"[[36.9, 46.9], [60.0, 66]]",46.713633333333334,47.31363333333333,0.5999999999999943,0.31061111111111056,0.01789641143500968,47.01363333333333,264,False
6762389913,5,,"[[15.0, 26.5]]",19.753366666666665,20.353366666666666,0.6000000000000014,1.0,0.05217391304347838,20.053366666666665,183,False
8455160795,5,,"[[11.1, 12.8]]",3.6369666666666665,5.038366666666667,1.4014000000000002,0.0,0.0,4.838166666666667,80,False
5138093706,3,,"[[25.6, 28.9]]",22.5225,24.9249,2.4024,0.0,0.0,23.6236,125,False
10042935613,8,,"[[2.9, 7.4]]",25.092058725392057,25.69205872539206,0.6000000000000014,0.0,0.0,25.392058725392058,200,False
5803861992,6,,"[[0.6, 69.9]]",60.1601,61.8618,1.7017000000000024,1.0,0.024555555555555587,60.8608,290,False
6896884547,3,,"[[0.0, 45.0]]",0.33366666666666667,1.0343666666666667,0.7007,1.0,0.01557111111111111,0.4337666666666667,192,False
4765564263,0,,"[[0.0, 10.5]]",3.003,6.006,3.003,1.0,0.28600000000000003,3.8038,56,False
7786283208,6,,"[[17.9, 19.9]]",6.439766666666666,8.041366666666667,1.6016000000000004,0.0,0.0,6.639966666666667,86,False
6143391925,4,,"[[11.2, 16.4], [24.6, 33.4]]",17.751366666666666,18.351366666666667,0.6000000000000014,0.0,0.0,18.051366666666667,162,False
9088819598,7,,"[[15.2, 22]]",14.04738071404738,14.848181514848182,0.8008008008008023,0.0,0.0,14.781448114781448,70,False
3972259774,7,,"[[11.1, 13.1]]",34.234500000000004,34.8345,0.5999999999999943,0.0,0.0,34.5345,143,False
4838113006,6,,"[[6.1, 21.8]]",30.797433333333334,32.29893333333333,1.5014999999999965,0.0,0.0,30.997633333333333,360,False
8575881495,7,,"[[58.0, 62.5]]",29.062366666666666,30.063366666666667,1.0010000000000012,0.0,0.0,30.063366666666667,267,False
8604794910,3,,"[[8.9, 13.5]]",12.646266666666666,13.246266666666667,0.6000000000000014,1.0,0.13043478260869598,12.946266666666666,55,False
5134317883,8,,"[[68.1, 70.5]]",76.2,76.8,0.5999999999999943,0.0,0.0,76.5,252,False
2435633172,2,,"[[44.5, 52.7]]",68.902,71.604,2.701999999999998,0.0,0.0,71.071,307,False
6642268693,0,,"[[3.2, 4.3]]",4.9,5.5,0.5999999999999996,0.0,0.0,5.2,154,False
7999756100,2,,"[[3.2, 20.7]]",18.685333333333332,20.6206,1.9352666666666671,1.0,0.1105866666666667,18.685333333333332,83,False
3821781616,2,,"[[6.5, 10.4]]",9.6099,10.209900000000001,0.6000000000000014,1.0,0.1538461538461542,9.9099,100,False
8211075660,1,,"[[0.0, 17.9]]",11.845166666666668,13.246566666666666,1.4013999999999989,1.0,0.07829050279329604,12.746066666666668,217,False
3359075894,2,,"[[2.9, 4.8]]",0.3,0.8999999999999999,0.5999999999999999,0.0,0.0,0.6,56,False
5607805258,3,,"[[8.0, 16.8]]",0.041666666666666664,4.166666666666667,4.125,0.0,0.0,0.6666666666666666,96,False
5662041273,4,,"[[15.4, 29.9], [72.6, 90.0]]",74.8748,81.11436666666667,6.239566666666676,1.0,0.35859578544061343,76.30956666666667,361,False
4968805923,2,,"[[3.9, 5.5]]",2.7030000000000003,3.303,0.5999999999999996,0.0,0.0,3.003,43,False
4612723694,0,,"[[16.8, 42.1]]",12.545866666666667,14.447766666666666,1.9018999999999995,0.0,0.0,13.480133333333333,225,False
5256928210,0,,"[[2.6, 20]]",14.5148,15.1148,0.6000000000000014,1.0,0.03448275862068974,14.8148,82,False
3655906094,0,,"[[3.5, 5.4]]",4.5048,5.1048,0.5999999999999996,1.0,0.3157894736842103,4.8048,76,False
8797589693,6,,"[[11.2, 14.5]]",78.11144477811145,80.54721388054722,2.4357691024357706,0.0,0.0,78.11144477811145,289,False
7605329840,4,,"[[16.4, 18.8]]",0.0,0.43346666666666667,0.43346666666666667,0.0,0.0,0.13346666666666668,86,False
2623954636,5,,"[[0.0, 3.6], [15.4, 17.7], [23.0, 25.6]]",21.554,22.288,0.7340000000000018,0.0,0.0,21.554,127,False
5064681723,6,,"[[17.0, 19.8]]",18.6189,19.2189,0.6000000000000014,1.0,0.21428571428571475,18.9189,82,False
7453733046,0,,"[[4.2, 8.2]]",0.03336666666666667,6.039366666666667,6.006,0.30625485625485627,0.22522949073261525,3.036366666666667,134,False
6786501294,8,,"[[54.0, 59.3]]",31.8321,32.4321,0.5999999999999979,0.0,0.0,32.1321,242,False
4859057828,2,,"[[14.2, 16.8]]",8.709,9.309000000000001,0.6000000000000014,0.0,0.0,9.009,87,False
2435633172,0,,"[[33.1, 35.7]]",53.053,54.054,1.0010000000000048,0.0,0.0,54.054,307,False
4251505427,4,,"[[70.3, 72.9]]",72.7727,74.14073333333333,1.3680333333333294,0.09305328817524353,0.03314471194737255,73.8738,306,False
10309542255,6,,"[[11.7, 18.0], [20.9, 28.2], [38.0, 44.1], [51.0, 54.2], [65.4, 68.6], [71.2, 74.8]]",40.67430764097431,41.27430764097431,0.5999999999999943,1.0,0.09836065573770396,40.97430764097431,300,False
5296635780,5,,"[[11.5, 14.0]]",12.5125,14.014,1.5015,0.9906759906759911,0.5916865552903744,13.3133,88,False
7492398760,4,,"[[72.3, 81.8]]",65.59886666666667,68.40166666666667,2.802800000000005,0.0,0.0,67.83443333333334,361,False
5026660202,6,,"[[1.7, 7.5]]",25.5258,26.1258,0.6000000000000014,0.0,0.0,25.8258,360,False
8171216955,9,,"[[0.0, 1.8], [10.7, 13.3]]",1.0346666666666666,1.6346666666666667,0.6000000000000001,1.0,0.3333333333333333,1.3346666666666667,75,False
3530231811,1,,"[[86.3, 89.8]]",60.89416666666666,62.062,1.1678333333333342,0.0,0.0,61.9619,361,False
5129152550,0,,"[[4.0, 9.1]]",56.9569,58.058,1.1011000000000024,0.0,0.0,57.057,360,False
4518113460,6,,"[[48.3, 61.9]]",19.019,26.6266,7.6076000000000015,0.0,0.0,22.1221,250,False
5681946487,2,,"[[5.5, 9.9]]",18.351966666666666,18.951966666666667,0.6000000000000014,0.0,0.0,18.651966666666667,114,False
2925298951,7,,"[[7.1, 10.3]]",13.304958333333333,14.014,0.7090416666666659,0.0,0.0,13.805458333333334,54,False
6642268693,3,,"[[18.0, 25.3]]",16.0,17.2,1.1999999999999993,0.0,0.0,17.2,154,False
3372023610,9,,"[[9.2, 16.0]]",6.5068,7.1068,0.5999999999999996,0.0,0.0,6.8068,136,False
3581585756,8,,"[[15.4, 19.6]]",22.022,23.0,0.9780000000000015,0.0,0.0,23.189833333333333,95,False
3942617402,5,,"[[23.8, 30.6]]",11.052708333333333,12.012,0.9592916666666671,0.0,0.0,11.052708333333333,99,False
4935987905,4,,"[[6.7, 15.0]]",8.9089,11.6116,2.7027,1.0,0.3256265060240964,10.01,108,False
5803861992,9,,"[[1.8, 71.0]]",20.520799999999998,21.1208,0.6000000000000014,1.0,0.008670520231213891,20.8208,290,False
4882821564,8,,"[[66.4, 79.6]]",87.65423333333334,89.12236666666666,1.468133333333327,0.0,0.0,89.089,360,False
8557532213,9,,"[[0.0, 4.4]]",2.4024,4.738066666666667,2.3356666666666666,0.8552590266875982,0.4216065624516329,4.004,51,False
4612723694,9,,"[[14.3, 42.3]]",37.4374,39.039,1.6016000000000048,1.0,0.05720000000000018,38.1381,225,False
4846820256,4,,"[[7.4, 9.3]]",7.1071,8.5085,1.4013999999999998,0.7909947195661479,0.5054950066122481,8.5085,90,False
3763643225,6,,"[[0.0, 6.0]]",6.9069,8.008,1.1010999999999989,0.0,0.0,7.007,144,False
3626788516,5,,"[[4.1, 14]]",8.709,9.309000000000001,0.6000000000000014,1.0,0.060606060606060747,9.009,46,False
3508459605,11,,"[[16.2, 19.4]]",24.991633333333333,27.027,2.0353666666666683,0.0,0.0,26.9269,348,False
2435633172,1,,"[[38.1, 43.7]]",61.294000000000004,61.894,0.5999999999999943,0.0,0.0,61.594,307,False
4688219212,6,,"[[25.5, 28.1]]",10.8108,13.013,2.2021999999999995,0.0,0.0,12.979633333333334,128,False
9917882506,1,,"[[16.8, 20.4]]",26.760393727060393,27.360393727060394,0.6000000000000014,0.0,0.0,27.060393727060394,115,False
11503803033,7,,"[[4.5, 10.1]]",13.713999999999999,14.314,0.6000000000000014,0.0,0.0,14.014,74,False
8428551576,1,,"[[83.2, 86.0]]",75.10836666666667,78.11136666666667,3.003,0.0,0.0,76.50976666666666,359,False
2405940242,3,,"[[4.0, 7.6]]",8.141,9.442,1.3010000000000002,0.0,0.0,9.009,57,False
4164771889,8,,"[[3.6, 10.4]]",6.8068,9.7097,2.9029,1.0,0.4268970588235294,8.8088,68,False
7288107396,2,,"[[12.1, 17.7]]",12.929583333333333,15.056708333333333,2.1271249999999995,1.0,0.3798437499999999,12.929583333333333,68,False
5533380417,4,,"[[9.9, 13]]",0.4337666666666667,3.036366666666667,2.6026000000000002,0.0,0.0,0.5338666666666667,56,False
7288107396,1,,"[[10.5, 12.2]]",10.502458333333333,11.102458333333335,0.6000000000000014,1.0,0.3529411764705892,10.802458333333334,68,False
2930782930,5,,"[[16.5, 18.3]]",19.5195,21.021,1.5015,0.0,0.0,19.7197,126,False
4264435046,5,,"[[12.7, 18.6]]",10.01,11.011,1.0009999999999994,0.0,0.0,10.8108,76,False
6097994550,9,,"[[3.5, 5.1]]",4.738366666666667,5.3383666666666665,0.5999999999999996,0.6027222222222217,0.19671447480553364,5.038366666666667,71,False
4190655097,7,,"[[1.8, 8.8]]",17.475791666666666,18.76875,1.2929583333333348,0.0,0.0,17.851166666666668,172,False
7771650716,8,,"[[31.0, 42.9], [57.9, 60]]",34.46776666666667,35.96926666666667,1.5015,1.0,0.1261764705882353,34.968266666666665,247,False
4199369046,1,,"[[23.7, 57]]",56.3566,56.956599999999995,0.5999999999999943,1.0,0.018018018018017848,56.6566,230,False
3383804222,5,,"[[35.7, 39.4]]",8.383375,14.139125,5.755750000000001,0.0,0.0,10.969291666666667,134,False
5467727317,0,,"[[0.0, 11.5]]",32.76606666666667,33.767066666666665,1.0009999999999977,0.0,0.0,33.66696666666667,164,False
5296635780,6,,"[[18.0, 20.9]]",11.2115,11.8115,0.6000000000000014,0.0,0.0,11.5115,88,False
6898821807,4,,"[[13.8, 16.7]]",16.249566666666666,18.051366666666667,1.8018,0.2499907499907497,0.10595024345112541,17.050366666666665,79,False
3943634344,10,,"[[18.8, 21.0]]",19.3193,20.02,0.7007000000000012,1.0,0.31850000000000067,19.4194,84,False
3830567237,6,,"[[3.9, 23.1]]",20.8208,22.022,1.2012,1.0,0.0625625,21.021,96,False
4671452046,4,,"[[32.3, 43.6]]",33.50013333333333,43.4434,9.943266666666666,1.0,0.8799351032448374,41.6416,175,False
4518113460,9,,"[[19.8, 28.0]]",22.4224,25.4254,3.003,1.0,0.366219512195122,22.7227,250,False
7961460440,10,,"[[10.7, 12]]",0.0,0.33336666666666664,0.33336666666666664,0.0,0.0,0.03336666666666667,48,False
5116088152,2,,"[[17.4, 22.1]]",17.7177,19.019,1.3012999999999977,1.0,0.27687234042553127,18.5185,162,False
3441428429,9,,"[[5.0, 7.3]]",75.80906666666667,76.54313333333333,0.7340666666666635,0.0,0.0,75.80906666666667,360,False
6356067859,2,,"[[6.4, 8.6]]",3.7370666666666668,4.537866666666667,0.8008000000000002,0.0,0.0,3.8371666666666666,143,False
2454242177,1,,"[[9.6, 12.9]]",5.038666666666667,5.6386666666666665,0.5999999999999996,0.0,0.0,5.338666666666667,212,False
7492398760,2,,"[[20.9, 52.6]]",84.81806666666667,89.9899,5.171833333333339,0.0,0.0,87.02026666666667,361,False
8388104887,0,,"[[4.5, 5.6]]",0.5672333333333334,1.5348666666666666,0.9676333333333332,0.0,0.0,1.5348666666666666,178,False
5328616848,1,,"[[5.1, 7.9]]",6.1064,6.7063999999999995,0.5999999999999996,1.0,0.2142857142857141,6.4064,60,False
5803861992,7,,"[[0.0, 29.8], [33.1, 66.6]]",60.1601,61.8618,1.7017000000000024,1.0,0.05079701492537322,60.8608,290,False
6754608321,3,,"[[1.2, 9.4], [15.3, 19.7], [30.6, 32.0], [48.0, 49.6]]",17.650966666666665,19.052366666666668,1.4014000000000024,1.0,0.31850000000000067,17.984633333333335,216,False
4978714491,1,,"[[13.4, 19.6]]",29.029,30.196833333333334,1.1678333333333342,0.0,0.0,29.195833333333333,160,False
5854324479,2,,"[[0.2, 16.4]]",11.878833333333333,12.478833333333334,0.6000000000000014,1.0,0.037037037037037125,12.178833333333333,70,False
2925298951,8,,"[[0.1, 6.3]]",5.588916666666667,10.01,4.421083333333333,0.16083916083916075,0.07175412041708706,8.75875,54,False
2679130168,8,,"[[58.1, 62.6]]",57.5575,58.30825,0.7507500000000036,0.27738927738927555,0.04129895884977679,58.183125,202,False
3445431963,4,,"[[1.2, 8.8]]",8.008,10.01,2.0020000000000007,0.39560439560439625,0.08989784335981858,9.384375,171,False
6239210933,5,,"[[0.1, 16.3]]",31.264866666666666,31.864866666666668,0.6000000000000014,0.0,0.0,31.564866666666667,138,False
4650556666,6,,"[[7.0, 17.6]]",2.8200000000000003,3.42,0.5999999999999996,0.0,0.0,3.12,76,False
4626085492,2,,"[[0.1, 7.4]]",8.041666666666666,8.641666666666667,0.6000000000000014,0.0,0.0,8.341666666666667,86,False
4264435046,4,,"[[7.6, 13.0]]",10.01,11.011,1.0009999999999994,1.0,0.18537037037037027,10.8108,76,False
5256928210,2,,"[[2.6, 13.4]]",12.713,13.313,0.6000000000000014,1.0,0.055555555555555684,13.013,82,False
6142416815,4,,"[[10.4, 12.0]]",22.055366666666668,22.889533333333333,0.8341666666666647,0.0,0.0,22.055366666666668,170,False
3846475848,3,,"[[24.7, 71]]",54.42133333333334,55.02133333333333,0.5999999999999943,1.0,0.012958963282937244,54.721333333333334,287,False
2821788355,8,,"[[3.3, 7.0]]",12.379033333333334,15.5155,3.1364666666666654,0.0,0.0,12.6126,103,False
5429688959,4,,"[[0.4, 83]]",47.580866666666665,48.782066666666665,1.2012,1.0,0.014542372881355934,47.78106666666667,333,False
2495861393,2,,"[[5.2, 7.5], [9.9, 13.8], [16.5, 32.3]]",27.259999999999998,27.86,0.6000000000000014,1.0,0.037974683544303896,27.56,201,False
6618792571,1,,"[[3.7, 19.4]]",56.890166666666666,57.59086666666666,0.7006999999999977,0.0,0.0,56.99026666666666,336,False
4251505427,5,,"[[66.7, 72.5]]",22.489133333333335,23.356666666666666,0.8675333333333306,0.0,0.0,22.489133333333335,306,False
2559262403,1,,"[[0.1, 8.9], [9.9, 11.9]]",48.79875,49.424375,0.6256249999999994,0.0,0.0,49.174125,288,False
2400171624,1,,"[[13.0, 14.7], [15.9, 18.7], [21.2, 22.5]]",12.178999999999998,12.779,0.6000000000000014,0.0,0.0,12.479,135,False
8132842161,0,,"[[11.2, 15.2], [20.2, 27.5], [29.2, 36.9]]",28.962566666666667,29.56256666666667,0.6000000000000014,0.6042777777777812,0.045678073936579376,29.262566666666668,148,False
4465235803,3,,"[[10.0, 13.8], [22.6, 29.1]]",9.476133333333333,10.577233333333334,1.1011000000000006,0.5242333424151608,0.13349933701316735,10.01,136,False
7988210561,5,,"[[3.3, 6.7]]",3.8371666666666666,5.038366666666667,1.2012,1.0,0.3532941176470588,4.337666666666666,43,False
2925298951,2,,"[[0.0, 6.2]]",13.088375,13.688375,0.6000000000000014,0.0,0.0,13.388375,54,False
3218498932,7,,"[[15.1, 17.0]]",0.4007,1.0007,0.5999999999999999,0.0,0.0,0.7007,120,False
6300775954,2,,"[[41.6, 45.0], [50.5, 54.8]]",18.051366666666667,19.052366666666668,1.0010000000000012,0.0,0.0,18.051366666666667,232,False
2821788355,10,,"[[8.6, 13.4]]",13.346966666666665,13.946966666666667,0.6000000000000014,0.0883888888888919,0.009918396099969813,13.646966666666666,103,False
6097994550,5,,"[[0.0, 3.4]]",5.005,11.244566666666667,6.239566666666668,0.0,0.0,5.005,71,False
4518113460,3,,"[[47.2, 52.5]]",43.043,51.2512,8.208199999999998,0.49355522526254175,0.42838109336998986,44.2442,250,False
6895608152,1,,"[[1.4, 7.6]]",67.0,70.24,3.239999999999995,0.0,0.0,69.28,291,False
7533369046,1,,"[[0.0, 6.6], [9.8, 22.9]]",24.241666666666667,24.84166666666667,0.6000000000000014,0.0,0.0,24.541666666666668,108,False
3830567237,8,,"[[17.0, 22.4]]",21.6219,22.2219,0.6000000000000014,1.0,0.11111111111111141,21.9219,96,False
8428551576,0,,"[[41.4, 44.8]]",5.038366666666667,6.639966666666667,1.6016000000000004,0.0,0.0,6.139466666666666,359,False
3960291106,3,,"[[11.2, 17.0]]",12.512799999999999,13.1128,0.6000000000000014,1.0,0.1034482758620692,12.8128,191,False
4915733559,3,,"[[11.9, 14.8]]",3.9039,5.005,1.1010999999999997,0.0,0.0,4.7047,143,False
6097994550,3,,"[[0.0, 3.4]]",5.005,10.343666666666667,5.338666666666668,0.0,0.0,5.038366666666667,71,False
5333075105,8,,"[[33.8, 39.0]]",35.8358,38.9389,3.1030999999999977,1.0,0.5967499999999992,37.037,156,False
5662041273,11,,"[[37.4, 45.4]]",8.442066666666665,9.042066666666667,0.6000000000000014,0.0,0.0,8.742066666666666,361,False
3861485381,6,,"[[41.5, 56.9]]",36.80343333333333,37.70433333333333,0.9009,0.0,0.0,37.504133333333336,359,False
5328616848,4,,"[[12.8, 14.8]]",10.310599999999999,10.9106,0.6000000000000014,0.0,0.0,10.6106,60,False
9917882506,0,,"[[13.7, 18.6]]",27.060393727060394,29.02902902902903,1.9686353019686358,0.0,0.0,29.02902902902903,115,False
5833145209,4,,"[[4.5, 5.4]]",10.744366666666666,11.344366666666668,0.6000000000000014,0.0,0.0,11.044366666666667,68,False
6713120511,1,,"[[0.0, 15.5]]",14.581533333333333,15.181533333333334,0.6000000000000014,1.0,0.03870967741935493,14.881533333333334,223,False
11566980553,2,,"[[10.6, 15.3]]",22.62262262262262,23.990657323990657,1.3680347013680354,0.0,0.0,22.889556222889556,228,False
10042935613,2,,"[[39.5, 44.5]]",0.667334000667334,4.804804804804805,4.137470804137471,0.0,0.0,3.803803803803804,200,False
3960291106,2,,"[[33.7, 38.6]]",0.26693333333333336,1.5015,1.2345666666666668,0.0,0.0,1.4014,191,False
4138579400,7,,"[[5.8, 9.8]]",0.75075,1.75175,1.001,0.0,0.0,1.5015,81,False
8493226484,4,,"[[3.6, 6.3]]",23.857166666666668,25.158466666666666,1.3012999999999977,0.0,0.0,25.058366666666668,134,False
3372023610,5,,"[[28.9, 30.1]]",24.591533333333334,25.191533333333336,0.6000000000000014,0.0,0.0,24.891533333333335,136,False
5017166671,1,,"[[47.4, 51.1]]",85.8858,87.087,1.2012,0.0,0.0,86.086,360,False
3557498300,6,,"[[25.3, 28]]",14.247866666666665,14.847866666666667,0.6000000000000014,0.0,0.0,14.547866666666666,114,False
3581585756,2,,"[[10.2, 14.8]]",22.022,23.0,0.9780000000000015,0.0,0.0,22.022,95,False
7771650716,1,,"[[3.1, 10.7], [21.8, 28.9]]",24.958266666666667,26.159466666666667,1.2012,1.0,0.16918309859154934,26.059366666666666,247,False
12682618843,1,,"[[24.7, 32.1]]",37.1371,37.77106666666667,0.633966666666673,0.0,0.0,37.1371,172,False
2984974097,1,,"[[10.7, 16.3]]",23.523,24.424,0.9009999999999998,0.0,0.0,24.157,121,False
8464056582,1,,"[[20.0, 30.8]]",36.291666666666664,38.416666666666664,2.125,0.0,0.0,38.416666666666664,179,False
5681946487,1,,"[[0.5, 5.6]]",0.43406666666666666,1.0340666666666667,0.6000000000000001,0.890111111111111,0.10338241556866139,0.7340666666666666,114,False
4264435046,0,,"[[0.4, 18.8]]",10.5108,11.110800000000001,0.6000000000000014,1.0,0.03260869565217399,10.8108,76,False
6624174621,4,,"[[34.9, 36.0]]",14.614899999999999,15.2149,0.6000000000000014,0.0,0.0,14.9149,163,False
7114553643,2,,"[[0.0, 12.8]]",0.8344666666666667,1.4344666666666668,0.6000000000000001,1.0,0.04687500000000001,1.1344666666666667,264,False
3626788516,4,,"[[0.2, 4.0]]",10.96125,11.561250000000001,0.6000000000000014,0.0,0.0,11.26125,46,False
2809330695,0,,"[[0.0, 7.2], [22.4, 26.9], [29.2, 35.0]]",25.475749999999998,26.07575,0.6000000000000014,1.0,0.13333333333333364,25.77575,289,False
2614918961,2,,"[[17.7, 21.5], [26.0, 29.0]]",38.438700000000004,39.0387,0.5999999999999943,0.0,0.0,38.7387,175,False
3972259774,1,,"[[9.4, 17.3]]",34.359625,34.959624999999996,0.5999999999999943,0.0,0.0,34.659625,143,False
4968805923,7,,"[[1.9, 4.6]]",2.2022,3.003,0.8008000000000002,1.0,0.2965925925925927,3.003,43,False
11871253306,6,,"[[36.8, 40.2]]",21.855466666666665,22.455466666666666,0.6000000000000014,0.0,0.0,22.155466666666666,173,False
4419096437,4,,"[[21.4, 31.1], [39.1, 44.7]]",15.3153,16.5165,1.2012,0.0,0.0,15.3153,212,False
8594314852,7,,"[[9.4, 11.9]]",9.642966666666666,10.643966666666667,1.0010000000000012,1.0,0.4004000000000005,10.343666666666667,51,False
3869005094,6,,"[[2.0, 10]]",3.7039999999999997,4.303999999999999,0.5999999999999996,1.0,0.07499999999999996,4.004,40,False
3321261856,6,,"[[17.7, 24.9]]",19.920199999999998,20.5202,0.6000000000000014,1.0,0.08333333333333354,20.2202,115,False
8428551576,9,,"[[81.9, 89.7]]",66.3663,67.10036666666667,0.7340666666666777,0.0,0.0,66.7667,359,False
10779838974,7,,"[[7.2, 14.6]]",21.85518852185519,23.923923923923923,2.0687354020687323,0.0,0.0,22.95628962295629,105,False
5235909148,7,,"[[6.0, 11.5]]",4.9049,8.008,3.1030999999999995,0.6470948406432275,0.3044684690148745,6.006,48,False
4915733559,1,,"[[30.6, 33.7]]",4.6049,5.204899999999999,0.5999999999999996,0.0,0.0,4.9049,143,False
6898821807,11,,"[[2.8, 7.8]]",8.742366666666666,9.342366666666667,0.6000000000000014,0.0,0.0,9.042366666666666,79,False
6443512089,8,,"[[18.2, 20.0]]",36.77036666666667,37.37036666666666,0.5999999999999943,0.0,0.0,37.070366666666665,326,False
2868183184,7,,"[[22.8, 51.5]]",40.741,41.340999999999994,0.5999999999999943,1.0,0.02090592334494754,41.041,209,False
7059877301,6,,"[[23.8, 29.0]]",24.758066666666668,25.759066666666666,1.0009999999999977,1.0,0.1924999999999996,24.758066666666668,123,False
8403741210,5,,"[[8.9, 11.1], [15.7, 19.6]]",5.538866666666666,6.840166666666667,1.3013000000000003,0.0,0.0,6.006,178,False
8513603944,9,,"[[0.1, 9.9]]",5.639266666666667,6.2392666666666665,0.5999999999999996,1.0,0.061224489795918324,5.939266666666667,123,False
3145698830,0,,"[[0.1, 5.3]]",52.4524,57.057,4.604600000000005,0.0,0.0,55.055,236,False
8495272210,1,,"[[0.0, 6.3]]",1.5348666666666666,2.6359666666666666,1.1011,1.0,0.17477777777777778,1.9352666666666667,84,False
4130504920,2,,"[[9.0, 12.4]]",4.705,5.305,0.5999999999999996,0.0,0.0,5.005,58,False
4955723618,2,,"[[46.7, 59.5]]",15.015,16.016,1.0009999999999977,0.0,0.0,15.982633333333334,245,False
7331927796,6,,"[[13.0, 14.8]]",2.7030000000000003,3.303,0.5999999999999996,0.0,0.0,3.003,70,False
6691330381,5,,"[[20.7, 31.5]]",36.56986666666667,37.804433333333336,1.234566666666666,0.0,0.0,37.037,166,False
5061117640,8,,"[[41.1, 46.5]]",4.4047,5.0047,0.5999999999999996,0.0,0.0,4.7047,213,False
4584426085,4,,"[[29.3, 41.0]]",7.674333333333333,8.6086,0.9342666666666659,0.0,0.0,8.5085,360,False
6806999702,3,,"[[15.4, 16.8]]",17.784433333333332,19.753066666666665,1.968633333333333,0.0,0.0,19.552866666666667,360,False
14003541505,6,,"[[11.0, 16.9]]",10.056,14.643916666666666,4.587916666666667,0.7942421215148486,0.5324249951295538,12.475083333333334,64,False
2435100235,6,,"[[32.3, 35.8]]",48.181466666666665,56.122733333333336,7.941266666666671,0.0,0.0,55.42203333333333,256,False
6078524411,5,,"[[0.0, 21.4]]",51.68526666666667,52.285266666666665,0.5999999999999943,0.0,0.0,51.98526666666667,336,False
6031805098,1,,"[[10.0, 13.6]]",21.054366666666667,28.061366666666668,7.0070000000000014,0.0,0.0,27.394033333333333,185,False
2435633172,3,,"[[0.0, 29.4]]",61.294000000000004,61.894,0.5999999999999943,0.0,0.0,61.594,307,False
5875535585,4,,"[[0.7, 74.8]]",50.98456666666667,51.58456666666667,0.5999999999999943,1.0,0.008097165991902758,51.28456666666667,306,False
4263096481,5,,"[[8.2, 21]]",9.976633333333334,11.011,1.0343666666666653,1.0,0.08080989583333323,11.011,86,False
6713120511,0,,"[[0.0, 18.2]]",41.37466666666667,42.70933333333333,1.3346666666666636,0.0,0.0,42.475766666666665,223,False
6691330381,6,,"[[16.1, 21.4]]",3.3369666666666666,3.9369666666666663,0.5999999999999996,0.0,0.0,3.6369666666666665,166,False
7453733046,5,,"[[8.1, 10.6]]",5.038366666666667,5.739066666666667,0.7007000000000003,0.0,0.0,5.038366666666667,134,False
6592821115,12,,"[[33.6, 41.1]]",11.708333333333334,13.625,1.916666666666666,0.0,0.0,13.625,253,False
6592821115,10,,"[[35.3, 44.8]]",30.0,30.708333333333332,0.7083333333333321,0.0,0.0,30.708333333333332,253,False
6713120511,6,,"[[0.0, 13.5]]",40.87416666666667,42.70933333333333,1.835166666666666,0.0,0.0,40.87416666666667,223,False
11681746823,7,,"[[0.0, 5.2], [7.6, 12.4]]",9.075742409075742,10.01001001001001,0.9342676009342679,1.0,0.19463908352797243,9.075742409075742,72,False
11681746823,2,,"[[0.8, 6.1], [8.8, 11.3]]",9.075742409075742,11.144477811144478,2.068735402068736,1.0,0.8274941608274944,9.075742409075742,72,False
3830567237,7,,"[[3.9, 23.1]]",20.7207,22.022,1.3012999999999977,1.0,0.06777604166666654,21.021,96,False
6037747123,5,,"[[17.9, 23.4]]",28.561866666666667,30.563866666666666,2.001999999999999,0.0,0.0,29.763066666666667,123,False
7288107396,4,,"[[17.3, 19.5]]",18.059708333333333,19.561208333333333,1.5015,0.9592352092352094,0.6369566419134316,18.560208333333332,68,False
3960291106,9,,"[[37.6, 44.0]]",46.4464,47.280566666666665,0.8341666666666683,0.0,0.0,47.280566666666665,191,False
5070310138,2,,"[[33.5, 39.4]]",31.5315,34.8348,3.3033,0.40408076771713175,0.16963843172142107,34.6346,216,False
4264435046,7,,"[[0.2, 4.9]]",12.7127,13.5135,0.8008000000000006,0.0,0.0,13.3133,76,False
7001078933,1,,"[[8.2, 11.2]]",17.48443333333333,18.084433333333333,0.6000000000000014,0.0,0.0,17.784433333333332,86,False
6188449000,5,,"[[36.5, 37.5], [42.6, 54.1], [56.4, 62.7], [64.4, 71.9]]",69.53333333333333,72.4,2.8666666666666742,0.8255813953488377,0.2958333333333343,72.06666666666666,188,False
2573424030,9,,"[[9.3, 11.6]]",19.819,21.488,1.6690000000000005,0.0,0.0,20.754,197,False
5549243726,8,,"[[1.6, 5.0]]",15.348666666666666,16.049366666666668,0.7007000000000012,0.0,0.0,15.749066666666666,71,False
2405940242,8,,"[[8.1, 10.5]]",8.575,9.175,0.6000000000000014,1.0,0.25000000000000056,8.875,57,False
5735711594,0,,"[[0.8, 13.4]]",5.939266666666667,7.6409666666666665,1.7016999999999998,1.0,0.1350555555555555,6.339666666666667,79,False
2584172238,2,,"[[8.0, 10.5]]",2.45275,3.0527499999999996,0.5999999999999996,0.0,0.0,2.75275,96,False
10607095936,10,,"[[30.2, 34.4]]",27.728028028028028,28.32802802802803,0.6000000000000014,0.0,0.0,28.02802802802803,126,False
2495861393,1,,"[[2.8, 5.8], [8.7, 10.2], [13.9, 15.8]]",38.438,39.038,0.5999999999999943,0.0,0.0,38.738,201,False
2401167740,2,,"[[10.6, 13.0]]",11.411,12.011000000000001,0.6000000000000014,1.0,0.25000000000000056,11.711,53,False
3524939594,5,,"[[4.0, 6.8]]",6.707,7.3069999999999995,0.5999999999999996,0.15500000000000005,0.028122165104324158,7.007,59,False
4443526735,5,,"[[16.6, 19.7]]",14.389375,17.017,2.627625,0.15869844441272937,0.078521831234553,15.5155,64,False
4698622422,9,,"[[33.7, 39.9]]",21.721999999999998,22.322,0.6000000000000014,0.0,0.0,22.022,169,False
4857781123,5,,"[[5.4, 14.5]]",4.3043,6.006,1.7017000000000007,0.3561144737615324,0.05943682140510213,5.005,147,False
7531285946,4,,"[[7.2, 12.5]]",8.041366666666667,9.743066666666667,1.7017000000000007,1.0,0.32107547169811335,8.641966666666667,162,False
4765564263,4,,"[[3.2, 4.9]]",1.7019999999999997,2.3019999999999996,0.5999999999999999,0.0,0.0,2.002,56,False
3972259774,5,,"[[32.4, 35.9]]",3.2115416666666667,6.25625,3.044708333333333,0.0,0.0,4.295958333333333,143,False
5256928210,8,,"[[9.4, 20]]",14.5148,15.1148,0.6000000000000014,1.0,0.056603773584905794,14.8148,82,False
10001787725,5,,"[[1.0, 5.6], [8.4, 11.2]]",23.890557223890557,24.924924924924923,1.0343677010343661,0.0,0.0,23.890557223890557,121,False
7453733046,14,,"[[19.2, 19.8]]",0.03336666666666667,3.036366666666667,3.003,0.0,0.0,0.33366666666666667,134,False
4762946272,6,,"[[16.5, 20.3]]",9.3093,10.7107,1.4013999999999989,0.0,0.0,9.9099,87,False
3151715056,5,,"[[16.9, 19.2]]",46.546800000000005,47.1468,0.5999999999999943,0.0,0.0,46.8468,254,False
4219909195,1,,"[[4.4, 9.0]]",0.0,0.5335666666666666,0.5335666666666666,0.0,0.0,0.23356666666666667,136,False
8797589693,3,,"[[16.5, 20.6]]",33.9673006339673,39.90657323990657,5.939272605939273,0.0,0.0,38.80547213880547,289,False
2726497009,9,,"[[25.7, 29.0]]",27.561166666666665,28.161166666666666,0.6000000000000014,1.0,0.1818181818181822,27.861166666666666,211,False
3192668394,5,,"[[59.7, 69]]",25.9259,27.1271,1.2012,0.0,0.0,26.793433333333333,278,False
3943634344,0,,"[[1.4, 18.2]]",20.3206,20.9206,0.6000000000000014,0.0,0.0,20.6206,84,False
3655906094,4,,"[[15.7, 18.8]]",5.4054,6.006,0.6006,0.0,0.0,5.4054,76,False
2400171624,0,,"[[0.0, 5.6]]",16.717,17.317,0.6000000000000014,0.0,0.0,17.017,135,False
3508459605,1,,"[[9.4, 12.5]]",67.6676,69.069,1.4014000000000095,0.0,0.0,68.90216666666667,348,False
3963997053,6,,"[[9.8, 10.3]]",6.640266666666667,7.240266666666667,0.5999999999999996,0.0,0.0,6.940266666666667,78,False
6895608152,2,,"[[8.1, 20.0]]",58.06,58.66,0.5999999999999943,0.0,0.0,58.36,291,False
5017166671,8,,"[[0.0, 5.3]]",15.382033333333334,17.017,1.6349666666666653,0.0,0.0,17.017,360,False
8797589693,0,,"[[0.1, 6.5]]",47.580914247580914,50.784117450784116,3.203203203203202,0.0,0.0,49.816483149816484,289,False
12392885583,11,,"[[15.8, 24.5]]",23.190133333333332,23.790133333333333,0.6000000000000014,1.0,0.06896551724137948,23.490133333333333,110,False
7223854838,7,,"[[4.3, 9.0]]",1.7916666666666667,2.5416666666666665,0.7499999999999998,0.0,0.0,2.5,56,False
4378803532,11,,"[[0.0, 19.7], [22.1, 25.0], [29.9, 43.7]]",6.5732333333333335,8.041366666666667,1.4681333333333333,1.0,0.07452453468697123,7.9079,175,False
8224504302,8,,"[[29.1, 32.8]]",35.96926666666667,37.17046666666667,1.2012,0.0,0.0,36.36966666666667,172,False
8505893258,2,,"[[16.5, 24.2]]",0.4924583333333334,1.0924583333333333,0.5999999999999999,0.0,0.0,0.7924583333333334,119,False
3530231811,3,,"[[35.3, 39.4], [63.8, 67.1]]",60.89416666666666,62.062,1.1678333333333342,0.0,0.0,61.49476666666666,361,False
5667931404,1,,"[[1.7, 11]]",5.739066666666667,7.040366666666666,1.3012999999999995,1.0,0.13992473118279564,7.007,46,False
3974684583,3,,"[[12.3, 24.5]]",6.4067,7.0066999999999995,0.5999999999999996,0.0,0.0,6.7067,99,False
5235909148,5,,"[[9.7, 11.8]]",5.706,6.306,0.5999999999999996,0.0,0.0,6.006,48,False
4942054721,5,,"[[19.4, 21.3]]",12.345966666666666,12.945966666666667,0.6000000000000014,0.0,0.0,12.645966666666666,87,False
3508459605,5,,"[[11.9, 15.1]]",26.026,27.761066666666668,1.7350666666666683,0.0,0.0,26.9269,348,False
2535384528,9,,"[[14.1, 15]]",14.459999999999999,15.0,0.5400000000000009,1.0,0.6000000000000008,14.76,51,False
5056964274,0,,"[[0.0, 5.6]]",3.4034,5.2052,1.8017999999999996,1.0,0.32175,4.4044,125,False
6078524411,3,,"[[39.0, 40.1], [46.8, 47.6], [49.5, 57.6], [58.4, 64.9], [65.4, 66.5], [72.2, 72.9], [75.4, 76.3]]",81.41466666666666,82.61586666666666,1.2012,0.0,0.0,82.61586666666666,336,False
5445581571,8,,"[[23.4, 28.3]]",30.663966666666667,32.0,1.336033333333333,0.0,0.0,31.865166666666667,130,False
2736413196,7,,"[[40.2, 45.6]]",4.371,4.971,0.5999999999999996,0.0,0.0,4.671,217,False
3508459605,12,,"[[21.1, 24.7]]",75.84243333333333,80.08,4.237566666666666,0.0,0.0,78.2782,348,False
2796821016,6,,"[[25.5, 31.5]]",0.0,1.334,1.334,0.0,0.0,0.133,249,False
3555755537,2,,"[[6.2, 30.6]]",13.0133,13.6133,0.6000000000000014,1.0,0.024590163934426285,13.3133,214,False
3388598772,2,,"[[0.5, 7.8]]",3.7039999999999997,4.303999999999999,0.5999999999999996,1.0,0.08219178082191776,4.004,46,False
2623954636,6,,"[[9.3, 11.2]]",24.29,25.025,0.7349999999999994,0.0,0.0,24.824,127,False
6078524411,1,,"[[51.6, 64.7]]",53.08636666666666,54.487766666666666,1.4014000000000024,1.0,0.1069770992366414,53.78706666666667,336,False
13919236672,1,,"[[6.5, 13.7]]",120.70025025025025,121.30025025025024,0.5999999999999943,0.0,0.0,121.00025025025025,467,False
4984331176,4,,"[[3.2, 6.0]]",6.4067,7.0066999999999995,0.5999999999999996,0.0,0.0,6.7067,40,False
3981865268,4,,"[[0.0, 6.1]]",32.3323,33.50013333333333,1.1678333333333342,0.0,0.0,33.166466666666665,148,False
3804148568,5,,"[[18.0, 21.9]]",84.1844,84.78439999999999,0.5999999999999943,0.0,0.0,84.4844,360,False
4915733559,4,,"[[28.5, 29.5]]",26.727,27.327,0.6000000000000014,0.0,0.0,27.027,143,False
6690256857,6,,"[[3.0, 8.2]]",1.8351666666666666,3.3366666666666664,1.5014999999999998,0.2242202242202241,0.052894812642383895,3.036366666666667,47,False
4925211209,6,,"[[0.0, 7.4]]",3.125,4.625,1.5,1.0,0.2027027027027027,3.125,103,False
7999756100,3,,"[[10.7, 12.6]]",1.8351666666666666,4.637966666666666,2.8027999999999995,0.0,0.0,2.8028,83,False
7786283208,7,,"[[17.9, 19.9]]",6.339966666666667,6.939966666666667,0.5999999999999996,0.0,0.0,6.639966666666667,86,False
2679328607,4,,"[[29.5, 35.0]]",19.453,20.053,0.6000000000000014,0.0,0.0,19.753,141,False
4564478328,8,,"[[26.7, 30.4]]",17.4177,18.0177,0.6000000000000014,0.0,0.0,17.7177,188,False
10042935613,0,,"[[25.8, 32.3]]",24.891858525191857,25.49185852519186,0.6000000000000014,0.0,0.0,25.191858525191858,200,False
2736413196,8,,"[[22.0, 34.0]]",21.021,21.888,0.8670000000000009,0.0,0.0,21.021,217,False
8388104887,1,,"[[5.5, 7.7]]",7.5078000000000005,8.107800000000001,0.6000000000000005,0.3203333333333326,0.07370197101004664,7.8078,178,False
3112351937,5,,"[[0.0, 7.0]]",4.537866666666667,6.172833333333333,1.6349666666666662,1.0,0.2335666666666666,6.006,60,False
6879924118,1,,"[[6.5, 16]]",10.443766666666667,13.947266666666666,3.503499999999999,1.0,0.3687894736842104,10.643966666666667,67,False
4127497265,8,,"[[12.2, 16.9]]",2.1021,3.003,0.9009,0.0,0.0,2.2022,120,False
6727904179,5,,"[[8.0, 11.8]]",13.8138,15.4154,1.6015999999999995,0.0,0.0,15.2152,130,False
4564478328,0,,"[[6.2, 17.9]]",33.86716666666667,35.568866666666665,1.7016999999999953,0.0,0.0,33.9339,188,False
6413546609,2,,"[[44.3, 45.4]]",0.0,0.33336666666666664,0.33336666666666664,0.0,0.0,0.03336666666666667,190,False
8330342965,5,,"[[9.7, 13.4], [20.8, 24.0], [33.4, 36.1]]",23.990633333333335,25.358666666666668,1.368033333333333,0.006846811724859266,0.0020546943550742106,23.990633333333335,176,False
4217422838,3,,"[[0.2, 28.4]]",10.385375,18.76875,8.383375000000001,1.0,0.2972828014184397,16.5165,169,False
4123915842,6,,"[[14.0, 25]]",4.8051,5.4051,0.5999999999999996,0.0,0.0,5.1051,100,False
2871995580,7,,"[[54.8, 64.2]]",10.242999999999999,10.843,0.6000000000000014,0.0,0.0,10.543,361,False
2454242177,5,,"[[20.4, 35.7]]",42.042,43.7437,1.7016999999999953,0.0,0.0,42.776066666666665,212,False
7331927796,1,,"[[6.7, 9.1]]",12.946266666666666,14.3143,1.368033333333333,0.0,0.0,12.946266666666666,70,False
2990321092,8,,"[[16.6, 21]]",19.8198,20.8208,1.0009999999999977,1.0,0.22749999999999954,20.6206,86,False
5070310138,0,,"[[0.0, 3.5]]",1.5015,3.003,1.5015,1.0,0.429,2.3023,216,False
8225502382,1,,"[[16.0, 19.4]]",25.658966666666668,26.793433333333333,1.1344666666666647,0.0,0.0,25.658966666666668,196,False
4024008346,2,,"[[11.8, 14.3]]",0.5007999999999999,1.1008,0.6000000000000001,0.0,0.0,0.8008,79,False
9612838272,2,,"[[11.9, 15]]",1.334668001334668,2.1021021021021022,0.7674341007674343,0.0,0.0,2.002002002002002,54,False
2623954636,1,,"[[6.8, 11.2]]",18.652,19.252000000000002,0.6000000000000014,0.0,0.0,18.952,127,False
8253302563,4,,"[[0.5, 4.9]]",3.075,3.675,0.5999999999999996,1.0,0.13636363636363627,3.375,142,False
8811725760,7,,"[[12.3, 18.8]]",18.21821821821822,19.51951951951952,1.3013013013013008,0.4470769230769233,0.08058455693745409,18.685352018685354,66,False
6592821115,13,,"[[56.6, 60.0]]",54.825,55.425,0.5999999999999943,0.0,0.0,55.125,253,False
5133787349,4,,"[[1.2, 4.1]]",13.5135,14.26425,0.75075,0.0,0.0,14.26425,50,False
5433090067,1,,"[[5.3, 13.0]]",4.838166666666667,6.039366666666667,1.2012,0.615523365523366,0.09058830736558379,4.838166666666667,90,False
8318310610,7,,"[[6.1, 10.2]]",18.652266666666666,19.252266666666667,0.6000000000000014,0.0,0.0,18.952266666666667,90,False
5735711594,7,,"[[0.4, 19.2]]",10.444066666666666,11.044066666666668,0.6000000000000014,1.0,0.03191489361702135,10.744066666666667,79,False
8224504302,7,,"[[19.9, 23.8]]",35.06836666666667,36.469766666666665,1.4013999999999953,0.0,0.0,36.36966666666667,172,False
5333075105,2,,"[[0.0, 35.4]]",35.6359,36.235899999999994,0.5999999999999943,0.0,0.0,35.9359,156,False
14003541505,7,,"[[9.3, 11.7]]",10.056,11.474083333333333,1.4180833333333336,1.0,0.590868055555556,11.390666666666666,64,False
5913180144,1,,"[[8.0, 11.0]]",35.4354,36.26956666666667,0.8341666666666683,0.0,0.0,36.26956666666667,159,False
6031805098,0,,"[[0.0, 8.2]]",0.6339666666666667,3.6036,2.9696333333333333,1.0,0.36215040650406505,1.001,185,False
5623068492,6,,"[[3.2, 7.5]]",37.77136666666667,38.37136666666667,0.5999999999999943,0.0,0.0,38.07136666666667,319,False
3145698830,6,,"[[37.9, 43.5]]",53.3536,53.953599999999994,0.5999999999999943,0.0,0.0,53.6536,236,False
2957808913,4,,"[[13.5, 20.0]]",0.0,0.3,0.3,0.0,0.0,0.0,80,False
6244675392,9,,"[[49.8, 55.8]]",12.666666666666666,14.066666666666666,1.4000000000000004,0.0,0.0,12.666666666666666,120,False
6201488511,3,,"[[0.1, 1.1], [1.8, 7.2], [11.8, 21.0], [23.4, 35.2], [38.4, 45.8], [51.7, 53.7], [63.8, 64.1], [66.4, 76.5], [77.0, 80.6]]",22.355666666666668,24.557866666666666,2.2021999999999977,0.525777253049981,0.09014610853035063,23.957266666666666,345,False
5349766264,11,,"[[71.8, 75.1]]",27.185791666666667,27.785791666666668,0.6000000000000014,0.0,0.0,27.485791666666668,252,False
6183104292,0,,"[[0.0, 3.7]]",0.03336666666666667,0.7007,0.6673333333333333,1.0,0.18036036036036035,0.03336666666666667,95,False
8107573462,0,,"[[5.6, 7.4]]",6.840466666666667,7.440466666666667,0.5999999999999996,0.9325555555555562,0.304017097113051,7.140466666666667,55,False
10607095936,5,,"[[1.8, 5.0]]",21.188154821488155,21.788154821488156,0.6000000000000014,0.0,0.0,21.488154821488155,126,False
3171006258,7,,"[[23.5, 27.2]]",29.73,30.330000000000002,0.6000000000000014,0.0,0.0,30.03,147,False
11966080214,4,,"[[6.7, 10.6]]",42.47606666666667,43.07606666666666,0.5999999999999943,0.0,0.0,42.776066666666665,198,False
11681746823,3,,"[[0.0, 5.8], [8.2, 10.7]]",9.075742409075742,11.144477811144478,2.068735402068736,0.7851451612903222,0.551628402420506,9.075742409075742,72,False
4671452046,6,,"[[12.1, 14.4]]",18.785433333333334,20.02,1.234566666666666,0.0,0.0,19.853166666666667,175,False
5766018720,1,,"[[0.5, 60.2]]",51.3513,52.085366666666665,0.7340666666666635,1.0,0.012295924064768232,51.418033333333334,244,False
5445581571,1,,"[[0.3, 16.9]]",24.658266666666666,25.258266666666668,0.6000000000000014,0.0,0.0,24.958266666666667,130,False
4765564263,8,,"[[10.0, 11.9]]",10.1101,11.4114,1.3013000000000012,1.0,0.6848947368421058,11.4114,56,False
7331927796,2,,"[[0.0, 12.7]]",0.9345666666666665,1.5345666666666666,0.6000000000000001,1.0,0.04724409448818898,1.2345666666666666,70,False
9217939684,10,,"[[28.6, 32.3]]",29.866666666666667,30.46666666666667,0.6000000000000014,1.0,0.16216216216216273,30.166666666666668,175,False
4444192938,5,,"[[23.7, 27.2]]",18.08503333333333,18.685033333333333,0.6000000000000014,0.0,0.0,18.385033333333332,116,False
11566980553,1,,"[[3.3, 8.3]]",4.471137804471137,9.10910910910911,4.637971304637972,0.8255467625899282,0.6591134928977194,7.374040707374041,228,False
8495272210,7,,"[[0.0, 4.1]]",18.351666666666667,19.552866666666667,1.2012,0.0,0.0,18.351666666666667,84,False
13569831214,8,,"[[41.8, 43.9]]",54.35465465465466,54.954654654654654,0.5999999999999943,0.0,0.0,54.65465465465466,199,False
6297019062,1,,"[[23.2, 27.1]]",39.07236666666667,39.70633333333333,0.6339666666666659,0.0,0.0,39.27256666666667,234,False
3960291106,4,,"[[1.5, 4.8]]",0.26693333333333336,1.5015,1.2345666666666668,0.001215001215001261,0.00033090181775399807,1.001,191,False
3508459605,4,,"[[11.9, 15.1]]",82.082,86.92016666666666,4.838166666666666,0.0,0.0,85.85243333333334,348,False
5945172741,1,,"[[0.0, 1.9]]",30.76,39.64,8.879999999999999,0.0,0.0,31.12,214,False
3164519967,1,,"[[3.8, 14.9]]",6.707,7.3069999999999995,0.5999999999999996,1.0,0.054054054054054015,7.007,146,False
2454242177,4,,"[[14.5, 24.2], [37.6, 52.4]]",41.80843333333333,43.043,1.234566666666666,1.0,0.08341666666666664,42.9429,212,False
8080432373,2,,"[[5.3, 10.9]]",4.938266666666666,6.039366666666667,1.1011000000000006,0.6714800351163989,0.12401874175295782,5.005,360,False
3869005094,3,,"[[0.3, 2.5]]",0.7009999999999998,1.301,0.6000000000000001,1.0,0.27272727272727276,1.001,40,False
4217422838,2,,"[[26.5, 28.4]]",2.7030000000000003,3.303,0.5999999999999996,0.0,0.0,3.003,169,False
4542882771,6,,"[[15.4, 25.3]]",34.234500000000004,34.8345,0.5999999999999943,0.0,0.0,34.5345,116,False
2573424030,0,,"[[0.5, 1.8], [5.1, 7.9]]",3.036,6.539,3.5029999999999997,0.41079075078504146,0.2958470394736842,3.269,197,False
5056964274,6,,"[[21.1, 23.4]]",0.8008,1.4347666666666667,0.6339666666666668,0.0,0.0,1.4347666666666667,125,False
8330342965,3,,"[[9.5, 14.8], [20.3, 24.6], [26.3, 30.4]]",10.043666666666667,10.643666666666668,0.6000000000000014,1.0,0.11320754716981157,10.343666666666667,176,False
8557532213,2,,"[[1.3, 5.4]]",8.6086,10.043366666666667,1.4347666666666683,0.0,0.0,8.742066666666666,51,False
3741143820,5,,"[[0.0, 2.9]]",0.20049999999999996,0.8005,0.6000000000000001,1.0,0.20689655172413796,0.5005,46,False
3821781616,4,,"[[8.6, 14.2]]",9.676633333333333,10.276633333333335,0.6000000000000014,1.0,0.1071428571428574,9.976633333333334,100,False
4765717907,4,,"[[16.1, 20.1]]",0.0,0.3,0.3,0.0,0.0,0.0,159,False
3155382178,9,,"[[2.9, 4.4]]",4.705,5.305,0.5999999999999996,0.0,0.0,5.005,115,False
4968805923,4,,"[[6.1, 8.8]]",2.7030000000000003,3.303,0.5999999999999996,0.0,0.0,3.003,43,False
2726497009,6,,"[[8.3, 20.5]]",16.8168,18.018,1.2012,1.0,0.09845901639344264,17.851166666666668,211,False
6244382586,6,,"[[0.0, 0.8], [1.7, 5.2]]",12.045666666666666,12.645666666666667,0.6000000000000014,0.0,0.0,12.345666666666666,83,False
4955723618,6,,"[[14.2, 18.1]]",13.780433333333333,16.016,2.2355666666666654,0.8123220063518571,0.42041254138146533,14.5145,245,False
4272084125,4,,"[[0.1, 4.0]]",13.713999999999999,14.314,0.6000000000000014,0.0,0.0,14.014,99,False
5875535585,5,,"[[7.7, 18.5]]",68.40196666666667,69.00196666666666,0.5999999999999943,0.0,0.0,68.70196666666666,306,False
5296635780,2,,"[[5.1, 11.2]]",12.012,12.7127,0.7006999999999994,0.0,0.0,12.6126,88,False
4036955771,1,,"[[80.0, 87.5]]",82.51606666666667,83.11606666666667,0.5999999999999943,1.0,0.07999999999999924,82.81606666666667,360,False
4272084125,7,,"[[0.1, 3.9]]",7.1074,7.7074,0.5999999999999996,0.0,0.0,7.4074,99,False
7531285946,2,,"[[7.2, 18.0]]",8.541866666666667,9.743066666666667,1.2012,1.0,0.11122222222222222,8.641966666666667,162,False
2977504625,3,,"[[15.1, 16.0]]",10.95,11.55,0.6000000000000014,0.0,0.0,11.25,52,False
11503803033,1,,"[[1.5, 5.7]]",9.209499999999998,9.8095,0.6000000000000014,0.0,0.0,9.5095,74,False
4103088549,1,,"[[12.5, 16]]",2.1021,3.003,0.9009,0.0,0.0,2.5025,67,False
3063380173,4,,"[[0.0, 7.3]]",15.415,16.016,0.6009999999999991,0.0,0.0,15.415,71,False
7416295940,9,,"[[0.0, 32.6]]",10.844166666666666,16.349666666666668,5.505500000000001,1.0,0.1688803680981595,13.046366666666666,351,False
3105728894,2,,"[[35.1, 37.0]]",20.3206,20.9206,0.6000000000000014,0.0,0.0,20.6206,203,False
6233408665,0,,"[[33.8, 68.9]]",72.10536666666667,74.80806666666666,2.702699999999993,0.0,0.0,72.40566666666666,300,False
4968805923,8,,"[[1.3, 4.5]]",0.7009999999999998,1.301,0.6000000000000001,0.001666666666666483,0.00026322716504340347,1.001,43,False
2495861393,10,,"[[8.8, 11.1]]",24.557,25.291,0.7340000000000018,0.0,0.0,25.025,201,False
5902452647,6,,"[[25.3, 27]]",18.651966666666667,20.053366666666665,1.4013999999999989,0.0,0.0,18.651966666666667,110,False
3557498300,3,,"[[3.1, 5.2]]",14.981633333333333,17.017,2.0353666666666665,0.0,0.0,15.015,114,False
4774302357,6,,"[[4.3, 8.0]]",3.6703333333333332,6.006,2.335666666666667,0.730412444698159,0.394025714065748,4.571233333333334,60,False
7987845241,4,,"[[9.6, 34.8]]",0.7340666666666666,5.038366666666667,4.3043,0.0,0.0,1.0343666666666667,202,False
2973331780,5,,"[[19.7, 30.6]]",18.3186,18.9186,0.6000000000000014,0.0,0.0,18.6186,136,False
3814690167,0,,"[[0.0, 5.0]]",0.0,0.5002,0.5002,1.0,0.10003999999999999,0.2002,62,False
6265968082,2,,"[[0.0, 6.2]]",14.7147,16.4164,1.7016999999999989,0.0,0.0,15.9159,171,False
3380344744,5,,"[[30.5, 38.0]]",9.776433333333333,11.011,1.234566666666666,0.0,0.0,9.876533333333333,199,False
3359075894,3,,"[[14.3, 16.6]]",0.6,2.04,1.44,0.0,0.0,0.6,56,False
5735711594,4,,"[[1.2, 13.9]]",2.9362666666666666,4.037366666666666,1.1010999999999997,1.0,0.08670078740157476,3.036366666666667,79,False
5561024834,6,,"[[16.9, 20.6]]",17.241666666666667,17.84166666666667,0.6000000000000014,1.0,0.16216216216216242,17.541666666666668,127,False
5116088152,6,,"[[5.1, 9.1]]",30.5305,31.1311,0.6006,0.0,0.0,30.9309,162,False
3078294001,5,,"[[3.6, 7.4]]",0.0,1.6016,1.6016,0.0,0.0,1.1011,46,False
4485707628,7,,"[[47.5, 64]]",50.78406666666667,64.0,13.215933333333332,1.0,0.8009656565656565,53.98726666666666,259,False
6291413193,3,,"[[24.3, 25.6]]",42.175466666666665,45.07836666666667,2.9029000000000025,0.0,0.0,43.8438,264,False
8107573462,11,,"[[6.8, 13.6]]",5.839166666666666,7.140466666666667,1.3013000000000003,0.26163580009733867,0.0438698593364115,6.6066,55,False
6253433310,7,,"[[0.6, 3.8]]",0.03336666666666667,1.8351666666666666,1.8017999999999998,0.6855181855181857,0.3279232559580174,1.4347666666666667,91,False
3155382178,2,,"[[3.0, 4.2]]",2.3023,4.2042,1.9019000000000004,0.630947999369052,0.630947999369052,4.037366666666666,115,False
5533380417,0,,"[[0.0, 13]]",10.143766666666666,10.743766666666668,0.6000000000000014,1.0,0.04615384615384626,10.443766666666667,56,False
4978714491,5,,"[[19.9, 21.3]]",29.963266666666666,32.032,2.0687333333333306,0.0,0.0,29.963266666666666,160,False
4024008346,4,,"[[0.0, 1.1]]",0.5007999999999999,1.1008,0.6000000000000001,0.9986666666666668,0.5443313953488373,0.8008,79,False
4333544549,1,,"[[15.1, 22.7]]",14.9149,16.7167,1.8018,0.8972693972693971,0.20766592593544075,15.7157,143,False
14003541505,9,,"[[18.0, 21]]",7.920833333333333,8.520833333333334,0.6000000000000005,0.0,0.0,8.220833333333333,64,False
5561024834,10,,"[[13.7, 17.1]]",21.866666666666667,22.46666666666667,0.6000000000000014,0.0,0.0,22.166666666666668,127,False
4896969617,7,,"[[8.7, 10.9]]",5.0053,5.6053,0.5999999999999996,0.0,0.0,5.3053,47,False
4006608424,3,,"[[61.0, 64.1]]",13.546866666666666,14.180833333333334,0.6339666666666677,0.0,0.0,13.847166666666666,360,False
5803861992,1,,"[[0.8, 29.6], [31.6, 65.7]]",58.759,59.358999999999995,0.5999999999999943,1.0,0.017595307917888395,59.059,290,False
5235909148,1,,"[[0.1, 11.5]]",0.0,2.1021,2.1021,0.9524285238570952,0.17409565217391304,2.002,48,False
8594314852,6,,"[[0.0, 2.0]]",9.042366666666666,10.343666666666667,1.3013000000000012,0.0,0.0,9.843166666666667,51,False
3376544720,9,,"[[57.5, 86.5]]",68.43533333333333,69.03533333333333,0.5999999999999943,1.0,0.0206896551724136,68.73533333333333,288,False
4217422838,9,,"[[41.4, 46.3]]",30.613916666666668,32.907875,2.293958333333329,0.0,0.0,30.864166666666666,169,False
4896969617,1,,"[[0.0, 7.8]]",0.0,0.5002,0.5002,1.0,0.06412820512820512,0.2002,47,False
5549243726,2,,"[[2.0, 5.0]]",3.3369666666666666,3.9369666666666663,0.5999999999999996,1.0,0.19999999999999987,3.6369666666666665,71,False
4419096437,7,,"[[14.6, 47.8]]",11.4114,16.5165,5.1051,0.3754089048206697,0.05266759369692709,13.1131,212,False
3375218204,3,,"[[15.9, 31.6]]",66.8668,67.63423333333333,0.7674333333333294,0.0,0.0,66.9669,299,False
3830567237,4,,"[[3.9, 23.1]]",20.8208,22.022,1.2012,1.0,0.0625625,21.021,96,False
9088819598,3,,"[[8.5, 14.0]]",1.2015015015015014,1.8015015015015015,0.6000000000000001,0.0,0.0,1.5015015015015014,70,False
7453733046,6,,"[[17.1, 19.8]]",15.949266666666666,18.051366666666667,2.1021,0.4525791668648804,0.24706116583854112,17.017,134,False
4925211209,4,,"[[28.2, 31.7]]",25.708333333333332,31.458333333333332,5.75,0.5666666666666665,0.5438108484005562,27.375,103,False
8277866423,5,,"[[21.3, 34.5]]",23.03333333333333,23.633333333333333,0.6000000000000014,1.0,0.04545454545454557,23.333333333333332,111,False
4671452046,12,,"[[32.0, 38.4]]",33.50013333333333,43.4434,9.943266666666666,0.4927823853998352,0.4281827661941966,42.308933333333336,175,False
6762389913,1,,"[[29.9, 38.7]]",37.77136666666667,38.37136666666667,0.5999999999999943,1.0,0.0681818181818175,38.07136666666667,183,False
4765717907,2,,"[[5.3, 10.3]]",2.7030000000000003,3.303,0.5999999999999996,0.0,0.0,3.003,159,False
2782658657,7,,"[[16.3, 22.1]]",17.2172,18.4184,1.2012,1.0,0.20710344827586205,18.3183,106,False
9408800471,7,,"[[2.6, 6.0], [7.5, 11.8], [24.5, 27.4]]",1.3349683016349683,1.9349683016349684,0.6000000000000001,0.0,0.0,1.6349683016349683,124,False
4123915842,3,,"[[3.8, 7.9]]",8.008,9.009,1.0010000000000012,0.0,0.0,8.008,100,False
2793806282,4,,"[[23.5, 25.7], [48.3, 54.6]]",63.730000000000004,64.0,0.269999999999996,0.0,0.0,64.03,259,False
3804148568,4,,"[[0.0, 63.9]]",51.3513,52.052,0.7006999999999977,1.0,0.010965571205007789,51.7517,360,False
3445431963,3,,"[[6.4, 8.7]]",31.5315,38.455083333333334,6.923583333333333,0.0,0.0,35.95258333333334,171,False
10030609934,10,,"[[0.3, 4.0], [13.6, 19.2], [43.1, 49.4]]",34.93523523523524,35.535235235235234,0.5999999999999943,0.0,0.0,35.23523523523524,198,False
8241491518,9,,"[[22.2, 24.6]]",24.658266666666666,25.258266666666668,0.6000000000000014,0.0,0.0,24.958266666666667,124,False
3376544720,1,,"[[23.9, 33.6]]",42.00029166666667,42.79275,0.7924583333333288,0.0,0.0,42.125416666666666,288,False
4671452046,2,,"[[10.4, 13.8]]",5.0053,5.6053,0.5999999999999996,0.0,0.0,5.3053,175,False
2793260225,0,,"[[0.0, 10.4]]",10.710999999999999,11.311,0.6000000000000014,0.0,0.0,11.011,77,False
12682618843,2,,"[[1.6, 13.8]]",4.337666666666666,5.071733333333333,0.7340666666666671,1.0,0.060169398907103856,4.571233333333334,172,False
3026084730,12,,"[[69.1, 72.1]]",13.6136,15.6156,2.0020000000000007,0.0,0.0,13.6136,295,False
6762389913,7,,"[[35.1, 38.0]]",28.061666666666667,28.66166666666667,0.6000000000000014,0.0,0.0,28.361666666666668,183,False
2821788355,6,,"[[2.2, 7.0], [14.4, 20.8]]",13.013,13.747066666666667,0.7340666666666671,0.0,0.0,13.747066666666667,103,False
2977504625,7,,"[[3.5, 6.2]]",13.25,15.0,1.75,0.0,0.0,14.541666666666666,52,False
4219909195,6,,"[[0.3, 11.8]]",13.380333333333333,13.980333333333334,0.6000000000000014,0.0,0.0,13.680333333333333,136,False
5429688959,1,,"[[0.4, 45.0], [54.9, 82.8]]",57.19076666666667,57.79076666666666,0.5999999999999943,1.0,0.02150537634408582,57.490766666666666,333,False
8024853715,2,,"[[2.0, 14.1]]",15.757708333333333,16.357708333333335,0.6000000000000014,0.0,0.0,16.057708333333334,66,False
9088819598,2,,"[[0.1, 8.9]]",1.2015015015015014,1.8015015015015015,0.6000000000000001,1.0,0.06818181818181819,1.5015015015015014,70,False
6037747123,2,,"[[19.6, 28.4]]",19.753366666666665,20.353366666666666,0.6000000000000014,1.0,0.06818181818181837,20.053366666666665,123,False
8211075660,3,,"[[45.1, 48.9]]",51.68526666666667,52.285266666666665,0.5999999999999943,0.0,0.0,51.98526666666667,217,False
4264435046,3,,"[[8.9, 18.8]]",13.0133,13.6133,0.6000000000000014,1.0,0.060606060606060747,13.3133,76,False
4420239986,6,,"[[0.6, 20.1]]",5.438766666666667,7.007,1.5682333333333327,1.0,0.08042222222222219,7.007,90,False
5133787349,3,,"[[0.0, 3.1]]",13.5135,14.26425,0.75075,0.0,0.0,14.26425,50,False
4249756405,6,,"[[21.1, 27.8]]",5.038666666666667,5.6386666666666665,0.5999999999999996,0.0,0.0,5.338666666666667,104,False
4815534482,0,,"[[7.1, 8.8]]",81.3,81.89999999999999,0.5999999999999943,0.0,0.0,81.6,300,False
2435100235,9,,"[[0.0, 3.8], [8.7, 12.6]]",49.249500000000005,49.8495,0.5999999999999943,0.0,0.0,49.5495,256,False
2930782930,9,,"[[0.2, 4.5]]",16.6166,26.6266,10.010000000000002,0.0,0.0,23.023,126,False
3861485381,3,,"[[58.8, 68.2]]",1.001,2.002,1.001,0.0,0.0,1.001,359,False
4925211209,3,,"[[0.0, 6.2], [28.3, 31.7]]",25.833333333333332,27.5,1.6666666666666679,0.0,0.0,27.5,103,False
3974684583,5,,"[[0.0, 8.7]]",11.311599999999999,11.9116,0.6000000000000014,0.0,0.0,11.6116,99,False
3340340268,1,,"[[0.3, 15.7]]",20.6209,21.2209,0.6000000000000014,0.0,0.0,20.9209,172,False
3233088823,8,,"[[2.4, 5.2], [7.1, 9.3], [11.7, 15]]",14.1141,15.0,0.8858999999999995,1.0,0.2684545454545452,14.1141,63,False
12682618843,5,,"[[2.5, 7.8], [24.0, 26.4]]",17.350666666666665,19.7197,2.369033333333334,0.0,0.0,18.852166666666665,172,False
7442562474,1,,"[[2.3, 5.1], [8.5, 20.0]]",17.250866666666667,17.85086666666667,0.6000000000000014,1.0,0.05217391304347838,17.550866666666668,80,False
4603484665,2,,"[[26.8, 29.1]]",32.5325,35.410375,2.877875000000003,0.0,0.0,33.491791666666664,140,False
3261079025,1,,"[[0.1, 6.9]]",5.005,6.006,1.0010000000000003,1.0,0.14720588235294121,5.8058,75,False
6727904179,1,,"[[4.9, 6.3]]",15.1154,15.7154,0.6000000000000014,0.0,0.0,15.4154,130,False
6898821807,0,,"[[0.0, 4.3]]",0.6009,1.2009,0.6000000000000001,1.0,0.13953488372093023,0.9009,79,False
5498331490,2,,"[[18.6, 45.9]]",32.5,35.041666666666664,2.5416666666666643,1.0,0.09310134310134302,34.541666666666664,288,False
3429509208,0,,"[[0.1, 9.6]]",7.707999999999999,8.308,0.6000000000000005,1.0,0.06315789473684216,8.008,51,False
5879651428,2,,"[[73.4, 74.8]]",69.80306666666667,71.10436666666666,1.3012999999999977,0.0,0.0,70.80406666666667,360,False
5913180144,7,,"[[16.8, 20.8]]",16.450066666666665,17.050066666666666,0.6000000000000014,0.4167777777777746,0.057487471072353254,16.750066666666665,159,False
4419096437,9,,"[[40.4, 49.8]]",5.6056,9.009,3.4034000000000004,0.0,0.0,6.006,212,False
2712662377,3,,"[[24.4, 27.3]]",27.127399999999998,27.7274,0.6000000000000014,0.28766666666667057,0.05187233275229991,27.4274,140,False
4189100053,1,,"[[4.2, 7.7]]",0.0,0.7340666666666666,0.7340666666666666,0.0,0.0,0.7340666666666666,118,False
6329954198,3,,"[[0.9, 2.3], [14.5, 16.5]]",1.6352666666666666,2.2352666666666665,0.5999999999999999,1.0,0.4285714285714285,1.9352666666666667,94,False
6031805098,6,,"[[42.2, 45.7]]",25.358666666666668,28.061366666666668,2.7027,0.0,0.0,27.394033333333333,185,False
7364407194,3,,"[[9.2, 9.9]]",12.041666666666666,12.791666666666666,0.75,0.0,0.0,12.541666666666666,43,False
3376544720,4,,"[[14.2, 17.3]]",88.789,89.389,0.5999999999999943,0.0,0.0,89.089,288,False
3508459605,9,,"[[20.1, 26.0]]",26.026,27.027,1.0010000000000012,0.0,0.0,26.9269,348,False
3508459605,10,,"[[41.3, 46.0], [50.5, 53.9]]",53.28686666666667,53.88686666666666,0.5999999999999943,1.0,0.17647058823529252,53.586866666666666,348,False
6516459343,7,,"[[36.5, 40.9]]",36.26986666666667,36.86986666666667,0.5999999999999943,0.6164444444444505,0.07988250878304455,36.56986666666667,362,False
3429509208,11,,"[[13.2, 15.6]]",3.75375,6.25625,2.5024999999999995,0.0,0.0,4.879875,51,False
8132842161,5,,"[[26.9, 28.5]]",27.260866666666665,27.860866666666666,0.6000000000000014,1.0,0.37500000000000056,27.560866666666666,148,False
6898821807,3,,"[[8.8, 12.4]]",0.6009,1.2009,0.6000000000000001,0.0,0.0,0.9009,79,False
5504913999,8,,"[[7.8, 31.3], [39.1, 46.5]]",41.508433333333336,42.10843333333333,0.5999999999999943,1.0,0.08108108108108032,41.80843333333333,199,False
2932897373,1,,"[[4.7, 12.1]]",11.210999999999999,11.811,0.6000000000000014,1.0,0.0810810810810813,11.511,77,False
8064178441,3,,"[[26.7, 35.5], [55.6, 58.7], [65.8, 67.7]]",70.771,71.371,0.5999999999999943,0.0,0.0,71.071,298,False
8783897632,0,,"[[15.6, 23.5]]",14.014,16.983633333333334,2.9696333333333342,0.4659273310958705,0.1458605664488018,16.049366666666668,117,False
3508459605,2,,"[[41.3, 46.2]]",51.38496666666667,51.984966666666665,0.5999999999999943,0.0,0.0,51.68496666666667,348,False
2973331780,2,,"[[2.0, 6.2]]",2.7030000000000003,3.303,0.5999999999999996,1.0,0.14285714285714277,3.003,136,False
7088595057,3,,"[[18.6, 32.0]]",1.6352666666666666,2.2352666666666665,0.5999999999999999,0.0,0.0,1.9352666666666667,142,False
8318310610,6,,"[[1.5, 4.0]]",5.739366666666667,6.339366666666667,0.5999999999999996,0.0,0.0,6.039366666666667,90,False
6244675392,4,,"[[45.9, 48.1]]",25.466666666666665,31.066666666666666,5.600000000000001,0.0,0.0,31.066666666666666,120,False
3121571439,10,,"[[36.6, 40]]",32.0323,32.632299999999994,0.5999999999999943,0.0,0.0,32.3323,163,False
2596300565,6,,"[[34.7, 39.9]]",50.784,52.686,1.902000000000001,0.0,0.0,50.784,325,False
3960291106,1,,"[[17.2, 19.7]]",39.039,39.6396,0.6006,0.0,0.0,39.4394,191,False
14003541505,10,,"[[9.2, 11.5]]",10.056,11.474083333333333,1.4180833333333336,1.0,0.6165579710144927,11.390666666666666,64,False
5297811305,6,,"[[18.1, 21.8]]",21.855166666666666,23.6236,1.7684333333333342,0.0,0.0,23.2232,96,False
8253302563,5,,"[[3.7, 7.0]]",3.075,3.675,0.5999999999999996,0.0,0.0,3.375,142,False
6621511673,8,,"[[18.2, 90.0]]",27.360666666666667,30.7307,3.370033333333332,1.0,0.046936397400185695,30.4304,360,False
3846475848,7,,"[[24.7, 71]]",8.909199999999998,9.5092,0.6000000000000014,0.0,0.0,9.2092,287,False
4276006683,4,,"[[0.7, 4.3]]",4.671333333333333,6.006,1.3346666666666671,0.0,0.0,5.3053,107,False
13919236672,0,,"[[0.0, 6.6]]",4.049966633299967,4.917500834167501,0.8675342008675342,1.0,0.13144457588902034,4.917500834167501,467,False
6233408665,6,,"[[31.6, 33.8]]",21.855166666666666,26.059366666666666,4.2042,0.0,0.0,23.957266666666666,300,False
5766018720,7,,"[[1.6, 13.2]]",22.889533333333333,24.257566666666666,1.368033333333333,0.0,0.0,24.057366666666667,244,False
9408800471,1,,"[[2.0, 6.5]]",29.562896229562895,31.564898231564896,2.0020020020020013,0.0,0.0,31.43143143143143,124,False
3218498932,0,,"[[2.7, 29.8]]",11.5118,12.1118,0.6000000000000014,1.0,0.022140221402214073,11.8118,120,False
3345608051,9,,"[[38.0, 50.5]]",42.72,47.04,4.32,1.0,0.3456,45.12,300,False
6356067859,5,,"[[13.2, 15.8]]",35.26886666666667,35.86886666666666,0.5999999999999943,0.0,0.0,35.568866666666665,143,False
6239210933,6,,"[[16.3, 20.3]]",6.840166666666667,8.041366666666667,1.2012,0.0,0.0,7.6409666666666665,138,False
3263908208,1,,"[[0.1, 12]]",10.666666666666666,12.0,1.333333333333334,1.0,0.11204481792717091,10.666666666666666,40,False
8495272210,10,,"[[13.0, 21]]",11.445066666666666,12.045066666666667,0.6000000000000014,0.0,0.0,11.745066666666666,84,False
8627074061,6,,"[[58.0, 62.9]]",13.346966666666665,13.946966666666667,0.6000000000000014,0.0,0.0,13.646966666666666,360,False
4518113460,8,,"[[52.8, 61.9]]",43.043,51.2512,8.208199999999998,0.0,0.0,50.05,250,False
4249756405,3,,"[[21.0, 27.8]]",29.354625,29.954625,0.6000000000000014,0.0,0.0,29.654625,104,False
4485498145,2,,"[[13.1, 16.3]]",2.9699333333333335,3.569933333333333,0.5999999999999996,0.0,0.0,3.2699333333333334,67,False
3194558043,6,,"[[12.0, 23]]",2.3690333333333333,3.003,0.6339666666666668,0.0,0.0,2.8695333333333335,93,False
3821781616,7,,"[[0.9, 4.4]]",0.2002,1.2012,1.0010000000000001,0.3008991008991009,0.07171770084289728,1.001,100,False
5504913999,3,,"[[40.4, 47.7]]",26.259866666666667,26.85986666666667,0.6000000000000014,0.0,0.0,26.559866666666668,199,False
2925298951,3,,"[[15.3, 16.6]]",5.588916666666667,7.215541666666667,1.6266249999999998,0.0,0.0,5.714041666666667,54,False
4762946272,9,,"[[9.4, 10.7]]",12.1124,12.7124,0.6000000000000014,0.0,0.0,12.4124,87,False
8064178441,4,,"[[48.9, 52.2]]",37.17076666666667,37.77076666666667,0.5999999999999943,0.0,0.0,37.47076666666667,298,False
11566980553,9,,"[[41.5, 47.3]]",56.15645645645646,56.756456456456455,0.5999999999999943,0.0,0.0,56.45645645645646,228,False
7223854838,4,,"[[8.4, 9.2]]",0.24166666666666664,0.8416666666666666,0.5999999999999999,0.0,0.0,0.5416666666666666,56,False
5858985747,2,,"[[10.1, 11.7]]",10.844466666666666,11.444466666666667,0.6000000000000014,1.0,0.375000000000001,11.144466666666666,47,False
3846475848,1,,"[[18.2, 71]]",35.80243333333333,36.6366,0.8341666666666683,1.0,0.01579861111111114,36.4364,287,False
6300775954,7,,"[[6.0, 7.7], [10.2, 11.4], [12.6, 15.6], [17.2, 19.5], [22.4, 24.4], [27.1, 30.0], [33.7, 36.9], [41.9, 45.3], [51.3, 55.5]]",55.789366666666666,56.38936666666666,0.5999999999999943,0.0,0.0,56.08936666666666,232,False
4336654741,8,,"[[84.8, 89.5]]",79.3796,79.97959999999999,0.5999999999999943,0.0,0.0,79.6796,360,False
5406108447,5,,"[[11.4, 14.4], [27.8, 31.7], [38.7, 42.4]]",21.554866666666666,24.057366666666667,2.5025000000000013,0.0,0.0,23.957266666666666,179,False
4889681401,1,,"[[8.3, 8.9]]",2.6026,3.6036,1.0010000000000003,0.0,0.0,3.4034,361,False
10607095936,7,,"[[17.6, 20.5]]",26.426426426426428,28.02802802802803,1.601601601601601,0.0,0.0,28.02802802802803,126,False
8575881495,2,,"[[56.4, 62.4]]",0.03336666666666667,1.0343666666666667,1.001,0.0,0.0,0.13346666666666668,267,False
3524939594,6,,"[[2.3, 5.6]]",3.3366666666666664,5.714041666666667,2.3773750000000002,0.9520304257146361,0.6629483627665157,3.378375,59,False
8594314852,11,,"[[8.7, 12.6]]",10.043666666666667,10.643666666666668,0.6000000000000014,1.0,0.1538461538461542,10.343666666666667,51,False
4970148391,0,,"[[0.0, 4.9]]",2.5025,3.6036,1.1011000000000002,1.0,0.22471428571428573,2.7027,99,False
2401167740,3,,"[[0.0, 8.8]]",10.91,11.711,0.8010000000000002,0.0,0.0,11.711,53,False
4465235803,0,,"[[1.8, 17.2]]",20.286933333333334,21.021,0.7340666666666671,0.0,0.0,20.687333333333335,136,False
2599937944,7,,"[[4.7, 6.5]]",7.907,9.009,1.1020000000000003,0.0,0.0,8.008,62,False
3429509208,10,,"[[0.0, 8.7]]",3.25325,6.25625,3.0029999999999997,1.0,0.3451724137931034,4.879875,51,False
8064178441,5,,"[[48.7, 52.9]]",22.255866666666666,22.855866666666667,0.6000000000000014,0.0,0.0,22.555866666666667,298,False
6188449000,7,,"[[0.0, 14.7], [30.6, 33.6], [40.9, 47.0], [64.1, 69.4]]",14.899999999999999,15.5,0.6000000000000014,0.0,0.0,15.2,188,False
4882821564,5,,"[[20.5, 24.7]]",10.043366666666667,17.050366666666665,7.006999999999998,0.0,0.0,13.747066666666667,360,False
6183104292,4,,"[[7.0, 13.1]]",10.410699999999999,11.0107,0.6000000000000014,1.0,0.09836065573770515,10.7107,95,False
4838113006,7,,"[[37.6, 39.1]]",30.797433333333334,32.19883333333333,1.4013999999999989,0.0,0.0,30.997633333333333,360,False
8080432373,6,,"[[77.6, 79.3]]",73.80706666666667,78.51176666666667,4.7047000000000025,0.1937991086927283,0.16598902832730789,76.70996666666667,360,False
3655906094,8,,"[[6.6, 8.9]]",6.8068,7.5075,0.7007000000000003,1.0,0.3046521739130435,7.3073,76,False
4838113006,2,,"[[22.9, 27.4]]",14.8151,15.4151,0.6000000000000014,0.0,0.0,15.1151,360,False
4967810888,5,,"[[0.0, 15.6], [49.7, 53.4]]",59.4594,61.061,1.6015999999999977,0.0,0.0,59.4594,250,False
8313365386,0,,"[[0.9, 3.1]]",3.4916666666666667,4.091666666666667,0.6000000000000001,0.0,0.0,3.7916666666666665,43,False
10779838974,4,,"[[0.2, 9.8]]",13.180146813480146,13.780146813480147,0.6000000000000014,0.0,0.0,13.480146813480147,105,False
13296054183,8,,"[[1.0, 3.0]]",7.6409666666666665,10.0,2.3590333333333335,0.0,0.0,9.376033333333334,37,False
6188449000,6,,"[[21.8, 90.0]]",74.13333333333334,80.86666666666666,6.73333333333332,1.0,0.09872922776148563,77.53333333333333,188,False
7988210561,9,,"[[0.0, 2.9]]",4.0376666666666665,4.637666666666666,0.5999999999999996,0.0,0.0,4.337666666666666,43,False
6097994550,1,,"[[9.2, 17.6]]",5.238866666666667,5.838866666666666,0.5999999999999996,0.0,0.0,5.538866666666666,71,False
3026084730,8,,"[[11.8, 15.7]]",42.70933333333333,59.2592,16.549866666666667,0.0,0.0,50.3503,295,False
5945172741,9,,"[[25.9, 28.7]]",5.62,6.22,0.5999999999999996,0.0,0.0,5.92,214,False
3655906094,2,,"[[4.2, 6.9]]",13.713999999999999,14.314,0.6000000000000014,0.0,0.0,14.014,76,False
5679866364,8,,"[[10.0, 19.3]]",6.039366666666667,10.043366666666667,4.0040000000000004,0.010830835830836024,0.0032703314824078867,7.741066666666667,100,False
11871253306,7,,"[[2.7, 5.4]]",3.1034,3.7034,0.5999999999999996,1.0,0.22222222222222207,3.4034,173,False
8225502382,7,,"[[4.4, 6.0]]",29.963566666666665,30.563566666666667,0.6000000000000014,0.0,0.0,30.263566666666666,196,False
8513603944,2,,"[[0.0, 9.0]]",5.038366666666667,8.742066666666666,3.7036999999999995,1.0,0.4115222222222222,8.241566666666667,123,False
4825843801,3,,"[[10.1, 24.3]]",17.5175,23.064708333333332,5.547208333333334,1.0,0.3906484741784038,18.76875,95,False
8189958994,7,,"[[1.0, 4.6]]",50.48376666666667,51.28456666666667,0.8008000000000024,0.0,0.0,50.9509,250,False
4276006683,2,,"[[0.2, 26.1]]",3.7039999999999997,4.303999999999999,0.5999999999999996,1.0,0.023166023166023154,4.004,107,False
11541421563,9,,"[[86.2, 95.6]]",9.342666666666666,11.344666666666667,2.0020000000000007,0.0,0.0,11.344666666666667,303,False
4485707628,1,,"[[0.3, 10.2]]",5.138766666666667,5.738766666666667,0.5999999999999996,1.0,0.06060606060606058,5.438766666666667,259,False
3359075894,5,,"[[10.7, 13.8]]",0.0,2.04,2.04,0.0,0.0,1.92,56,False
6806999702,7,,"[[16.0, 18.9]]",42.743,43.342999999999996,0.5999999999999943,0.0,0.0,43.043,360,False
11681746823,8,,"[[0.0, 6.5], [7.6, 12.4]]",6.47313980647314,11.144477811144478,4.671338004671338,0.7587714285714287,0.598036345621186,9.50950950950951,72,False
4272084125,1,,"[[0.1, 4.0]]",7.3073,8.2082,0.9009,0.0,0.0,7.3073,99,False
2696280239,6,,"[[0.8, 2.4]]",1.7019999999999997,2.3019999999999996,0.5999999999999999,1.0,0.37499999999999994,2.002,54,False
3158022797,6,,"[[0.0, 4.2]]",61.428333333333335,62.02833333333333,0.5999999999999943,0.0,0.0,61.72833333333333,360,False
4164771889,4,,"[[3.9, 8.6]]",14.2142,16.016,1.8017999999999983,0.0,0.0,14.3143,68,False
7771650716,3,,"[[16.3, 18.2]]",18.651966666666667,21.054366666666667,2.4024,0.0,0.0,19.019,247,False
6806999702,9,,"[[78.2, 84.7]]",84.01726666666667,89.92316666666666,5.905899999999988,0.1156019122120816,0.058237961870370517,85.51876666666666,360,False
7059877301,1,,"[[6.7, 8.0]]",26.560166666666667,27.16016666666667,0.6000000000000014,0.0,0.0,26.860166666666668,123,False
3846475848,5,,"[[17.5, 24.3]]",8.7087,9.3093,0.6006,0.0,0.0,9.2092,287,False
3902997424,0,,"[[0.2, 2.6]]",13.0133,13.6133,0.6000000000000014,0.0,0.0,13.3133,104,False
12682618843,4,,"[[19.6, 22.6]]",21.955266666666667,24.591233333333335,2.6359666666666683,0.24459085218578927,0.12917315025678383,24.491133333333334,172,False
6621511673,9,,"[[29.9, 33.1], [46.6, 47.6], [53.1, 55.5], [61.0, 66.0], [66.7, 68.1], [71.1, 72.9], [75.0, 76.9], [79.0, 80.9], [81.4, 82.4], [83.0, 86.1], [87.1, 88.6]]",41.37466666666667,43.076366666666665,1.7016999999999953,0.0,0.0,41.37466666666667,360,False
4978714491,0,,"[[0.0, 10.8]]",37.037,38.37166666666667,1.3346666666666707,0.0,0.0,37.037,160,False
8080432373,3,,"[[76.4, 79.2]]",70.90416666666667,74.70796666666666,3.8037999999999954,0.0,0.0,71.071,360,False
5205081904,2,,"[[4.7, 7.0]]",16.1164,16.7164,0.6000000000000014,0.0,0.0,16.4164,84,False
9217939684,2,,"[[13.7, 19.4]]",57.45,58.05,0.5999999999999943,0.0,0.0,57.75,175,False
7536230796,6,,"[[72.5, 73.9]]",62.625,65.20833333333333,2.5833333333333286,0.0,0.0,63.958333333333336,240,False
2604394962,2,,"[[9.0, 12.0]]",22.4224,23.656966666666666,1.234566666666666,0.0,0.0,22.5225,144,False
6806999702,2,,"[[6.9, 11.4]]",20.053366666666665,24.657966666666667,4.604600000000001,0.0,0.0,21.755066666666668,360,False
2877270840,1,,"[[0.0, 13.7]]",19.72,20.32,0.6000000000000014,0.0,0.0,20.02,104,False
8797589693,2,,"[[5.1, 7.2]]",34.1675008341675,39.10577243910577,4.938271604938272,0.0,0.0,38.80547213880547,289,False
9531760182,4,,"[[73.2, 77.4]]",3.64,5.44,1.8000000000000003,0.0,0.0,4.96,257,False
3388598772,8,,"[[3.6, 6.5]]",3.7039999999999997,4.303999999999999,0.5999999999999996,1.0,0.20689655172413782,4.004,46,False
2599937944,6,,"[[5.3, 7.1]]",4.438000000000001,5.038,0.5999999999999996,0.0,0.0,4.738,62,False
4942054721,3,,"[[19.7, 21.3]]",3.003,6.006,3.003,0.0,0.0,3.5035,87,False
2495861393,7,,"[[13.5, 16.2], [21.4, 25.0]]",14.981,15.581000000000001,0.6000000000000014,1.0,0.22222222222222282,15.281,201,False
2599937944,2,,"[[0.0, 7.5]]",1.668,3.003,1.3350000000000002,1.0,0.178,2.736,62,False
2834146886,3,,"[[29.1, 40.3]]",25.692333333333334,27.7277,2.0353666666666648,0.0,0.0,26.6266,251,False
6592821115,9,,"[[16.9, 21.1]]",0.041666666666666664,2.0833333333333335,2.041666666666667,0.0,0.0,1.25,253,False
4688219212,2,,"[[1.4, 6.8]]",27.994633333333333,29.496133333333333,1.5015,0.0,0.0,28.995633333333334,128,False
4674481985,6,,"[[5.2, 9.4]]",20.6209,21.2209,0.6000000000000014,0.0,0.0,20.9209,99,False
4765564263,6,,"[[0.0, 4.2]]",1.7019999999999997,2.3019999999999996,0.5999999999999999,1.0,0.14285714285714282,2.002,56,False
5116088152,9,,"[[34.7, 38.5]]",17.7177,19.019,1.3012999999999977,0.0,0.0,18.2182,162,False
4006608424,1,,"[[0.0, 22.7], [42.8, 62.8]]",13.547166666666666,14.147166666666667,0.6000000000000014,1.0,0.026431718061674072,13.847166666666666,360,False
4444192938,2,,"[[3.1, 6.0]]",3.3033,4.3043,1.0009999999999994,1.0,0.34517241379310326,3.3033,116,False
9408800471,5,,"[[23.5, 26.8]]",30.764097430764096,31.564898231564896,0.8008008008008005,0.0,0.0,31.297964631297965,124,False
5445581571,3,,"[[11.3, 18.1]]",26.660266666666665,27.260266666666666,0.6000000000000014,0.0,0.0,26.960266666666666,130,False
10030609934,9,,"[[1.9, 5.5]]",34.93523523523524,35.535235235235234,0.5999999999999943,0.0,0.0,35.23523523523524,198,False
6244675392,2,,"[[7.4, 46.1]]",0.0,0.36666666666666664,0.36666666666666664,0.0,0.0,0.06666666666666667,120,False
4765717907,6,,"[[21.7, 33.9]]",0.0,0.3,0.3,0.0,0.0,0.0,159,False
13569831214,7,,"[[45.8, 48.9]]",46.94724724724725,47.54724724724724,0.5999999999999943,1.0,0.19354838709677227,47.247247247247245,199,False
5133787349,2,,"[[6.6, 8.6]]",11.586875,12.186875,0.6000000000000014,0.0,0.0,11.886875,50,False
5919180502,6,,"[[24.2, 27.1], [31.7, 34.3], [42.3, 46.0]]",11.044366666666667,13.046366666666666,2.001999999999999,0.0,0.0,11.044366666666667,200,False
2809330695,1,,"[[28.4, 32.1]]",20.345625,20.945625,0.6000000000000014,0.0,0.0,20.645625,289,False
4564478328,1,,"[[25.0, 30.9]]",30.797433333333334,34.034,3.236566666666665,0.031689959525010414,0.011353405652719115,33.96726666666667,188,False
5945172741,4,,"[[41.7, 63.8]]",5.62,6.22,0.5999999999999996,0.0,0.0,5.92,214,False
11871253306,9,,"[[4.9, 6.3]]",3.1034,3.7034,0.5999999999999996,0.0,0.0,3.4034,173,False
4444192938,0,,"[[20.3, 25.8]]",18.08503333333333,18.685033333333333,0.6000000000000014,0.0,0.0,18.385033333333332,116,False
8225502382,8,,"[[10.2, 12.5]]",18.6186,20.2202,1.6015999999999977,0.0,0.0,20.2202,196,False
4151403382,6,,"[[28.8, 32.5]]",31.031,31.6316,0.6006,1.0,0.16232432432432436,31.5315,252,False
4075791856,4,,"[[10.3, 14.5], [28.5, 35.4]]",18.9,19.5,0.6000000000000014,0.0,0.0,19.2,300,False
2503404966,5,,"[[22.0, 23.6], [24.7, 28.0]]",5.9059,6.5065,0.6006,0.0,0.0,5.9059,112,False
10001787725,3,,"[[12.1, 17.1], [20.0, 23.5], [29.7, 33.2]]",22.189155822489155,22.789155822489157,0.6000000000000014,1.0,0.17142857142857185,22.489155822489156,121,False
9612838272,4,,"[[7.3, 11.2]]",1.334668001334668,2.1021021021021022,0.7674341007674343,0.0,0.0,2.002002002002002,54,False
8064178441,9,,"[[66.2, 70.8]]",46.78006666666667,49.082366666666665,2.3022999999999954,0.0,0.0,47.08036666666667,298,False
4132599924,4,,"[[5.7, 11.5]]",10.077033333333333,10.677033333333334,0.6000000000000014,1.0,0.10344827586206921,10.377033333333333,105,False
6025238212,4,,"[[10.1, 22.6]]",23.757366666666666,24.357366666666667,0.6000000000000014,0.0,0.0,24.057366666666667,102,False
5662041273,10,,"[[0.5, 5.6], [15.3, 33.9], [68.4, 90.0]]",46.379666666666665,48.08136666666667,1.7017000000000024,0.0,0.0,46.679966666666665,361,False
8189958994,0,,"[[47.8, 49.5]]",9.642966666666666,11.945266666666667,2.3023000000000007,0.0,0.0,10.944266666666667,250,False
4859057828,9,,"[[2.6, 6.1]]",0.7009999999999998,1.301,0.6000000000000001,0.0,0.0,1.001,87,False
4915733559,0,,"[[10.4, 15.4]]",3.9039,4.9049,1.0009999999999994,0.0,0.0,4.7047,143,False
7001078933,3,,"[[15.1, 16.6]]",20.587533333333333,21.0,0.412466666666667,0.0,0.0,20.887533333333334,86,False
9917882506,5,,"[[12.1, 16.1]]",21.82182182182182,25.025025025025027,3.2032032032032056,0.0,0.0,24.024024024024023,115,False
3340340268,3,,"[[29.9, 41.7]]",16.4164,18.2182,1.8018,0.0,0.0,17.384033333333335,172,False
5907839036,5,,"[[32.5, 40.9]]",32.26586666666667,32.86586666666666,0.5999999999999943,0.6097777777777756,0.04237445178825074,32.565866666666665,360,False
6188449000,2,,"[[6.3, 12.5]]",53.666666666666664,56.06666666666667,2.4000000000000057,0.0,0.0,54.666666666666664,188,False
7001078933,8,,"[[10.7, 12.7], [19.8, 21]]",17.48443333333333,18.084433333333333,0.6000000000000014,0.0,0.0,17.784433333333332,86,False
4485707628,6,,"[[21.1, 25.5]]",28.695633333333333,29.295633333333335,0.6000000000000014,0.0,0.0,28.995633333333334,259,False
6896884547,9,,"[[46.1, 47.5]]",0.5341666666666667,1.1341666666666665,0.5999999999999999,0.0,0.0,0.8341666666666666,192,False
4774302357,1,,"[[10.2, 15.0]]",8.008,14.9149,6.9069,0.6826362043753348,0.6743278032036613,11.011,60,False
2614918961,3,,"[[37.4, 42.1]]",43.410333333333334,44.0,0.5896666666666661,0.0,0.0,43.71033333333333,175,False
4838113006,4,,"[[23.1, 24.4]]",27.4274,29.5295,2.1021,0.0,0.0,28.1281,360,False
6188449000,0,,"[[0.0, 4.9], [8.7, 12.2]]",65.06666666666666,67.6,2.5333333333333314,0.0,0.0,66.06666666666666,188,False
5875242364,3,,"[[8.1, 12.9]]",12.979933333333333,13.579933333333335,0.6000000000000014,0.0,0.0,13.279933333333334,59,False
14003541505,8,,"[[3.4, 6.5]]",4.133416666666666,10.056,5.922583333333333,0.39958632916379405,0.35555639022435903,7.928875,64,False
8189958994,3,,"[[47.6, 58.2]]",50.9509,51.5515,0.6006,1.0,0.05666037735849056,51.38466666666667,250,False
7331927796,0,,"[[0.0, 8.2]]",0.9345666666666665,1.5345666666666666,0.6000000000000001,1.0,0.0731707317073171,1.2345666666666666,70,False
4970148391,3,,"[[18.4, 19.9]]",12.713,13.313,0.6000000000000014,0.0,0.0,13.013,99,False
8531675050,6,,"[[1.7, 4.4]]",0.16713333333333336,0.7671333333333333,0.6,0.0,0.0,0.46713333333333334,216,False
8188651630,3,,"[[1.3, 28.0]]",5.466666666666667,8.066666666666666,2.5999999999999996,1.0,0.09737827715355805,5.466666666666667,77,False
2782307049,6,,"[[11.9, 14.6]]",7.274233333333333,7.874233333333333,0.5999999999999996,0.0,0.0,7.574233333333333,62,False
8531675050,8,,"[[29.2, 32.3]]",32.56616666666667,33.16616666666666,0.5999999999999943,0.0,0.0,32.866166666666665,216,False
3429509208,9,,"[[10.2, 13.1]]",3.75375,6.25625,2.5024999999999995,0.0,0.0,6.006,51,False
4935987905,0,,"[[0.0, 14.8]]",13.013,13.7137,0.7006999999999994,1.0,0.04734459459459455,13.013,108,False
8253302563,6,,"[[28.5, 36.6]]",16.916666666666668,18.916666666666668,2.0,0.0,0.0,17.541666666666668,142,False
4671452046,10,,"[[24.1, 27.2]]",22.4224,23.1231,0.7007000000000012,0.0,0.0,23.1231,175,False
10127533784,5,,"[[16.6, 20.0]]",13.313613613613613,13.913613613613615,0.6000000000000014,0.0,0.0,13.613613613613614,70,False
8811725760,0,,"[[0.1, 16.5]]",15.816116116116117,16.416116116116118,0.6000000000000014,1.0,0.036585365853658625,16.116116116116117,66,False
8171216955,4,,"[[16.8, 18]]",4.037366666666666,6.639966666666667,2.6026000000000007,0.0,0.0,5.939266666666667,75,False
5297811305,7,,"[[19.6, 23.8]]",23.023,23.6236,0.6006,1.0,0.14300000000000002,23.3233,96,False
3218498932,1,,"[[14.2, 16.8]]",16.016299999999998,16.6163,0.6000000000000014,1.0,0.2307692307692312,16.3163,120,False
4626085492,8,,"[[18.0, 21.0]]",18.985633333333332,20.7207,1.7350666666666683,1.0,0.5783555555555561,19.052366666666668,86,False
3375218204,11,,"[[67.5, 70.9]]",70.47070000000001,71.0707,0.5999999999999943,0.7155000000000031,0.12022852661942968,70.7707,299,False
4151403382,7,,"[[39.8, 43.8]]",53.053,55.055,2.0020000000000024,0.0,0.0,55.055,252,False
3897746373,6,,"[[3.2, 7.4]]",11.712,12.312000000000001,0.6000000000000014,0.0,0.0,12.012,54,False
2871995580,9,,"[[65.8, 69.3], [80.8, 82.5]]",57.324000000000005,57.924,0.5999999999999943,0.0,0.0,57.624,361,False
4949582792,7,,"[[70.6, 78.8]]",73.0733,73.6733,0.5999999999999943,1.0,0.07317073170731636,73.3733,353,False
3164519967,6,,"[[17.9, 24.0]]",31.731999999999996,32.331999999999994,0.5999999999999979,0.0,0.0,32.032,146,False
8330342965,4,,"[[9.2, 11.2], [19.4, 21.2], [24.6, 26.7], [30.9, 32.6]]",23.990633333333335,25.658966666666668,1.668333333333333,0.6347452547452548,0.39085395110788534,25.358666666666668,176,False
3741143820,1,,"[[8.3, 11]]",0.0,1.001,1.001,0.0,0.0,0.5005,46,False
3526597179,9,,"[[23.9, 26.9]]",0.2672333333333334,0.8672333333333333,0.5999999999999999,0.0,0.0,0.5672333333333334,108,False
4968805923,6,,"[[2.8, 5.6]]",3.7039999999999997,4.303999999999999,0.5999999999999996,1.0,0.21428571428571416,4.004,43,False
5498331490,0,,"[[0.4, 18.5]]",79.16666666666667,82.08333333333333,2.916666666666657,0.0,0.0,81.16666666666667,288,False
5833145209,3,,"[[10.2, 11.8]]",0.5005,1.2345666666666666,0.7340666666666666,0.0,0.0,0.5005,68,False
2584172238,4,,"[[6.0, 10.5]]",13.5135,16.016,2.5024999999999977,0.0,0.0,16.016,96,False
4671452046,9,,"[[28.2, 31.3]]",30.4304,32.032,1.6015999999999977,0.5429570429570449,0.22693110647181694,30.8308,175,False
5256928210,3,,"[[17.1, 20]]",1.7019999999999997,2.3019999999999996,0.5999999999999999,0.0,0.0,2.002,82,False
6621511673,7,,"[[18.2, 90.0]]",29.529799999999998,30.1298,0.6000000000000014,1.0,0.008356545961002803,29.8298,360,False
5070310138,4,,"[[29.6, 32.7]]",31.5315,34.8348,3.3033,0.35373717191899057,0.22321769695117324,32.8328,216,False
3830567237,5,,"[[14.9, 18.4]]",1.7019999999999997,2.3019999999999996,0.5999999999999999,0.0,0.0,2.002,96,False
3303565503,4,,"[[6.1, 15.3]]",13.4134,15.015,1.6016000000000012,1.0,0.17408695652173925,14.9149,150,False
3121571439,2,,"[[38.4, 39.5]]",38.6386,39.7397,1.1011000000000024,0.78230860049042,0.6429797715906568,38.8388,163,False
4825843801,4,,"[[17.1, 18.4]]",15.807458333333333,21.5215,5.714041666666667,0.22750971656081095,0.22750971656081095,18.76875,95,False
4949582792,6,,"[[33.6, 44.5]]",73.5738,74.1738,0.5999999999999943,0.0,0.0,73.8738,353,False
2726497009,5,,"[[22.8, 26.1]]",49.75,50.349999999999994,0.5999999999999943,0.0,0.0,50.05,211,False
5521781780,4,,"[[65.2, 70.0]]",54.38796666666667,54.987966666666665,0.5999999999999943,0.0,0.0,54.68796666666667,361,False
2400171624,7,,"[[13.7, 14.7], [21.3, 22.5]]",3.1700000000000004,3.77,0.5999999999999996,0.0,0.0,3.47,135,False
8388104887,3,,"[[10.6, 16.3], [29.1, 33.6]]",0.2672333333333334,0.8672333333333333,0.5999999999999999,0.0,0.0,0.5672333333333334,178,False
5879651428,0,,"[[0.0, 1.5]]",2.7030000000000003,3.303,0.5999999999999996,0.0,0.0,3.003,360,False
5145526755,8,,"[[8.7, 16.9]]",36.3363,37.6376,1.3012999999999977,0.0,0.0,36.6366,224,False
2442307875,5,,"[[49.1, 51.0]]",1.3,5.1,3.8,0.0,0.0,5.1,70,False
4419096437,3,,"[[6.2, 13.7]]",22.022299999999998,22.6223,0.6000000000000014,0.0,0.0,22.3223,212,False
9498159305,2,,"[[9.1, 14.6]]",0.0,0.3667334000667334,0.3667334000667334,0.0,0.0,0.0667334000667334,152,False
6642268693,1,,"[[13.3, 18.0]]",12.64,13.6,0.9599999999999991,0.31249999999999917,0.05597014925373115,13.36,154,False
3383804222,1,,"[[21.8, 25.9]]",13.46375,14.06375,0.6000000000000014,0.0,0.0,13.76375,134,False
3340340268,0,,"[[0.3, 8.0]]",20.9209,22.2222,1.3013000000000012,0.0,0.0,22.1221,172,False
5235909148,6,,"[[9.7, 11.8]]",0.16713333333333336,0.7671333333333333,0.6,0.0,0.0,0.46713333333333334,48,False
6244675392,7,,"[[8.5, 15.6], [19.1, 23.2], [25.2, 27.2], [29.2, 30.9], [33.4, 37.7], [38.9, 47.7]]",45.666666666666664,48.06666666666667,2.4000000000000057,0.8472222222222224,0.22181818181818228,47.46666666666667,120,False
6413546609,4,,"[[8.7, 9.8]]",34.76806666666667,36.06936666666667,1.3012999999999977,0.0,0.0,35.36866666666667,190,False
5433090067,4,,"[[5.1, 12.8]]",4.838166666666667,6.039366666666667,1.2012,0.7820235320235326,0.11798371396872588,4.838166666666667,90,False
5229476012,0,,"[[0.4, 4.1]]",10.343966666666667,10.943966666666668,0.6000000000000014,0.0,0.0,10.643966666666667,108,False
7416295940,11,,"[[32.3, 35.3]]",29.7297,32.7327,3.003,0.14408924408924545,0.07767983771071654,30.263566666666666,351,False
5296635780,4,,"[[0.6, 5.0]]",11.4117,12.011700000000001,0.6000000000000014,0.0,0.0,11.7117,88,False
5679866364,4,,"[[3.4, 8.2]]",7.741066666666667,9.042366666666666,1.3012999999999995,0.35267296805758297,0.08133702760661884,8.041366666666667,100,False
4603484665,6,,"[[29.0, 42.3]]",32.5325,38.28825,5.755749999999999,1.0,0.43276315789473685,35.410375,140,False
5498331490,7,,"[[63.9, 89.8]]",64.54166666666667,65.91666666666667,1.375,1.0,0.053088803088803094,65.91666666666667,288,False
8811725760,9,,"[[12.4, 17.9]]",12.679346012679346,13.480146813480147,0.8008008008008005,1.0,0.1456001456001456,12.779446112779446,66,False
3851913128,1,,"[[50.7, 58.9]]",15.816099999999999,16.4161,0.6000000000000014,0.0,0.0,16.1161,299,False
5987365500,2,,"[[18.8, 23.8]]",22.355666666666668,23.256566666666668,0.9009,1.0,0.18018,22.355666666666668,96,False
2726497009,7,,"[[37.8, 50.4]]",20.387333333333334,20.987333333333336,0.6000000000000014,0.0,0.0,20.687333333333335,211,False
7786283208,8,,"[[4.0, 6.4]]",14.347966666666666,14.947966666666668,0.6000000000000014,0.0,0.0,14.647966666666667,86,False
3711681535,2,,"[[13.0, 15.1]]",2.002,6.7067,4.7047,0.0,0.0,4.004,144,False
5854324479,4,,"[[16.8, 21.7]]",9.501458333333332,10.101458333333333,0.6000000000000014,0.0,0.0,9.801458333333333,70,False
7288107396,6,,"[[6.7, 10.3]]",11.803458333333333,14.431083333333333,2.627625,0.0,0.0,11.803458333333333,68,False
4199369046,3,,"[[23.8, 57]]",40.6406,41.2412,0.6006,1.0,0.018090361445783132,41.041,230,False
3508459605,3,,"[[60.4, 63.6]]",18.5185,23.656966666666666,5.138466666666666,0.0,0.0,21.688333333333333,348,False
8224492254,9,,"[[12.9, 15.0], [28.1, 29.5]]",17.74,18.34,0.6000000000000014,0.0,0.0,18.04,131,False
3303565503,9,,"[[19.5, 28.7]]",31.5315,36.2362,4.704699999999995,0.0,0.0,36.036,150,False
7149153537,8,,"[[18.1, 25.2]]",27.060366666666667,28.061366666666668,1.0010000000000012,0.0,0.0,27.060366666666667,186,False
3821781616,3,,"[[17.4, 21.8]]",9.6099,10.209900000000001,0.6000000000000014,0.0,0.0,9.9099,100,False
2435100235,4,,"[[37.0, 44.2]]",34.10103333333333,34.70103333333333,0.5999999999999943,0.0,0.0,34.40103333333333,256,False
6239210933,4,,"[[28.8, 32.5]]",9.142766666666667,9.742766666666668,0.6000000000000014,0.0,0.0,9.442766666666667,138,False
5406108447,6,,"[[4.1, 7.7], [11.2, 14.3], [18.2, 21.7], [27.1, 31.8], [37.9, 42.1]]",21.554866666666666,24.057366666666667,2.5025000000000013,0.057995337995338146,0.024777914990240284,21.554866666666666,179,False
6143391925,2,,"[[26.6, 28.9]]",15.3153,16.349666666666668,1.034366666666667,0.0,0.0,15.3153,162,False
6690256857,1,,"[[0.6, 5.9]]",2.736066666666667,6.039366666666667,3.3033,0.957809866900776,0.5816731114529264,3.036366666666667,47,False
4978714491,4,,"[[31.0, 33.8]]",29.73,30.330000000000002,0.6000000000000014,0.0,0.0,30.03,160,False
3218498932,2,,"[[2.9, 12.2]]",17.48443333333333,18.084433333333333,0.6000000000000014,0.0,0.0,17.784433333333332,120,False
5173770364,5,,"[[21.8, 28.1]]",40.04,41.6416,1.6015999999999977,0.0,0.0,41.6416,320,False
12392885583,0,,"[[0.0, 6.3]]",13.179833333333333,14.147466666666666,0.9676333333333336,0.0,0.0,14.147466666666666,110,False
7114553643,4,,"[[30.6, 49.2]]",44.8448,46.079366666666665,1.234566666666666,1.0,0.06637455197132612,44.9449,264,False
7308042410,1,,"[[11.6, 23.9]]",12.713,13.313,0.6000000000000014,1.0,0.04878048780487817,13.013,137,False
6233408665,3,,"[[67.7, 68.9]]",13.013,14.047366666666667,1.034366666666667,0.0,0.0,13.7137,300,False
4485498145,6,,"[[14.7, 16.6]]",1.6686333333333332,2.2686333333333333,0.6000000000000001,0.0,0.0,1.9686333333333332,67,False
3121571439,5,,"[[1.9, 3.6]]",26.6266,27.2272,0.6006,0.0,0.0,27.2272,163,False
6300775954,8,,"[[0.0, 3.2]]",24.758366666666667,25.35836666666667,0.6000000000000014,0.0,0.0,25.058366666666668,232,False
7223854838,8,,"[[4.3, 9.0]]",14.158333333333333,14.758333333333335,0.6000000000000014,0.0,0.0,14.458333333333334,56,False
8330342965,6,,"[[0.2, 4.8]]",25.058666666666667,25.65866666666667,0.6000000000000014,0.0,0.0,25.358666666666668,176,False
7786283208,4,,"[[18.9, 21]]",6.139766666666667,6.739766666666666,0.5999999999999996,0.0,0.0,6.439766666666666,86,False
2599937944,1,,"[[0.0, 8.3]]",2.002,3.003,1.0010000000000003,1.0,0.12060240963855424,2.769,62,False
4217422838,8,,"[[28.4, 41.6]]",0.5839166666666666,7.007,6.423083333333333,0.0,0.0,3.003,169,False
5875242364,0,,"[[0.2, 7.3]]",9.7097,11.044366666666667,1.3346666666666671,0.0,0.0,9.7097,59,False
4333544549,4,,"[[18.2, 21.6]]",1.2015,1.8015,0.6000000000000001,0.0,0.0,1.5015,143,False
3164519967,0,,"[[19.6, 24.1]]",16.917199999999998,17.5172,0.6000000000000014,0.0,0.0,17.2172,146,False
5205081904,7,,"[[4.6, 7.1]]",5.6059,6.2059,0.5999999999999996,1.0,0.23999999999999985,5.9059,84,False
4674481985,9,,"[[7.2, 13.0]]",20.6209,21.2209,0.6000000000000014,0.0,0.0,20.9209,99,False
5623068492,1,,"[[0.2, 4.6], [7.0, 11.1], [13.0, 21.3], [22.8, 26.9], [27.6, 37.1], [39.4, 50.5]]",4.938266666666666,6.039366666666667,1.1011000000000006,0.0,0.0,6.039366666666667,319,False
5681946487,7,,"[[21.6, 26.2]]",0.03336666666666667,2.4024,2.3690333333333333,0.0,0.0,0.7340666666666666,114,False
4388652400,0,,"[[16.4, 22.1]]",34.234500000000004,34.8345,0.5999999999999943,0.0,0.0,34.5345,239,False
2623954636,3,,"[[4.3, 8.1], [17.6, 21.4], [25.8, 29.6]]",12.979,13.579,0.6000000000000014,0.0,0.0,13.279,127,False
6762389913,0,,"[[0.0, 19.8]]",2.3356666666666666,3.3366666666666664,1.001,1.0,0.05055555555555555,2.736066666666667,183,False
5349969207,7,,"[[0.2, 13.9], [16.1, 24.7], [25.9, 31.9], [38.6, 39.8]]",1.4014,9.5095,8.108099999999999,1.0,0.591832116788321,5.005,160,False
9612838272,6,,"[[5.2, 10.7]]",1.7020020020020021,2.302002002002002,0.5999999999999999,0.0,0.0,2.002002002002002,54,False
3814690167,8,,"[[1.2, 15]]",1.1014,1.7014,0.6000000000000001,0.8356666666666667,0.03607557595729067,1.4014,62,False
4249756405,8,,"[[20.8, 27.5]]",14.673291666666666,15.273291666666667,0.6000000000000014,0.0,0.0,14.973291666666666,104,False
5858985747,6,,"[[8.4, 10.4]]",3.4367666666666667,4.6046,1.1678333333333328,0.0,0.0,4.337666666666666,47,False
3830567237,3,,"[[6.0, 17.2]]",23.390333333333334,23.990333333333336,0.6000000000000014,0.0,0.0,23.690333333333335,96,False
11966080214,7,,"[[7.0, 11.7]]",42.6426,43.61023333333333,0.9676333333333318,0.0,0.0,43.510133333333336,198,False
3063380173,7,,"[[10.8, 12.3]]",15.415,16.016,0.6009999999999991,0.0,0.0,15.415,71,False
6896884547,0,,"[[0.0, 44.0]]",19.052366666666668,20.553866666666668,1.5015,1.0,0.034125,20.353666666666665,192,False
4707679105,10,,"[[28.5, 29.6]]",29.73,30.330000000000002,0.6000000000000014,0.0,0.0,30.03,130,False
3429509208,1,,"[[0.1, 8.7]]",5.706,6.306,0.5999999999999996,1.0,0.06976744186046507,6.006,51,False
5521781780,6,,"[[59.1, 63.6]]",60.89416666666666,63.59686666666666,2.7027,1.0,0.6006,62.72933333333334,361,False
4970148391,4,,"[[16.4, 17.3]]",18.718999999999998,19.319,0.6000000000000014,0.0,0.0,19.019,99,False
6727904179,6,,"[[22.6, 24.6]]",12.846166666666667,14.047366666666667,1.2012,0.0,0.0,13.3133,130,False
4419096437,0,,"[[5.9, 13.6]]",22.022299999999998,22.6223,0.6000000000000014,0.0,0.0,22.3223,212,False
9217939684,7,,"[[13.4, 16.6]]",50.708333333333336,53.291666666666664,2.5833333333333286,0.0,0.0,50.708333333333336,175,False
7987845241,6,,"[[32.0, 34.4]]",20.153466666666667,23.056366666666666,2.902899999999999,0.0,0.0,21.054366666666667,202,False
2735019707,4,,"[[13.0, 19]]",0.0,1.1011,1.1011,0.0,0.0,0.9342666666666667,79,False
8604794910,0,,"[[3.7, 8.9], [9.8, 13.5]]",4.137766666666667,4.7377666666666665,0.5999999999999996,1.0,0.11538461538461531,4.437766666666667,55,False
3524939594,3,,"[[3.7, 7.1]]",6.707,7.3069999999999995,0.5999999999999996,0.655,0.10895481009148873,7.007,59,False
5504913999,4,,"[[7.7, 29.6]]",26.259866666666667,26.85986666666667,0.6000000000000014,1.0,0.027397260273972664,26.559866666666668,199,False
10082798964,7,,"[[4.3, 10.7]]",10.42,11.020000000000001,0.6000000000000014,0.4666666666666645,0.04166666666666656,10.72,42,False
2782658657,5,,"[[20.0, 22.0]]",1.001,2.2689333333333335,1.2679333333333336,0.0,0.0,1.4014,106,False
4127497265,7,,"[[11.7, 19.7]]",2.002,3.003,1.0010000000000003,0.0,0.0,2.2022,120,False
8428551576,3,,"[[0.0, 15.0]]",5.638966666666667,6.239566666666667,0.6006,1.0,0.04004,6.139466666666666,359,False
8493226484,2,,"[[3.6, 6.3], [17.2, 20.0], [28.4, 30.9]]",19.052366666666668,20.353666666666665,1.3012999999999977,0.7282204974512672,0.30048620653207875,19.652966666666668,134,False
4103088549,3,,"[[0.0, 3.9]]",0.0,0.3,0.3,1.0,0.07692307692307691,0.0,67,False
5549243726,0,,"[[2.0, 4.9]]",4.838166666666667,5.839166666666666,1.0009999999999994,0.06177156177156188,0.016105925765140024,5.238566666666666,71,False
4942054721,4,,"[[5.2, 11.3]]",12.3126,12.912600000000001,0.6000000000000014,0.0,0.0,12.6126,87,False
3303565503,5,,"[[17.9, 28.3]]",24.7247,27.027,2.3023000000000025,1.0,0.22137500000000018,25.3253,150,False
2697261300,2,,"[[20.1, 25.3]]",18.9189,26.559866666666668,7.640966666666667,0.6805421652583223,0.6805421652583223,19.085733333333334,187,False
8387356484,1,,"[[0.0, 20.5]]",27.541666666666668,30.041666666666668,2.5,0.0,0.0,27.666666666666668,138,False
4138579400,3,,"[[0.0, 20.6]]",2.5025,3.878875,1.376375,1.0,0.0668143203883495,3.128125,81,False
5940941487,4,,"[[22.0, 24.1]]",28.16,30.8,2.6400000000000006,0.0,0.0,29.0,115,False
4092992100,6,,"[[2.9, 8.8]]",2.7030000000000003,3.303,0.5999999999999996,0.6716666666666671,0.06609808102345417,3.003,62,False
4420239986,2,,"[[2.5, 6.7]]",18.718999999999998,19.319,0.6000000000000014,0.0,0.0,19.019,90,False
6037747123,3,,"[[19.6, 30.7]]",19.552866666666667,21.454766666666668,1.9019000000000013,0.9752177646914482,0.16638956503017216,20.053366666666665,123,False
11244289523,3,,"[[18.4, 23.0]]",22.28333333333333,22.883333333333333,0.6000000000000014,1.0,0.13043478260869593,22.583333333333332,70,False
5133787349,5,,"[[1.2, 4.1]]",13.96425,14.564250000000001,0.6000000000000014,0.0,0.0,14.26425,50,False
7331927796,4,,"[[13.6, 14.8]]",15.648966666666666,16.649966666666668,1.0010000000000012,0.0,0.0,15.9159,70,False
5913180144,5,,"[[11.6, 16.7], [21.4, 33.6]]",30.363666666666667,32.06536666666667,1.7017000000000024,1.0,0.1394836065573772,30.5305,159,False
4584426085,8,,"[[59.5, 70.2]]",82.082,83.5835,1.5015000000000072,0.0,0.0,82.8828,360,False
8811725760,1,,"[[0.0, 6.7]]",18.21821821821822,20.053386720053386,1.8351685018351667,0.0,0.0,18.451785118451784,66,False
2877270840,4,,"[[7.0, 13.6], [21.2, 24.6]]",22.6226,24.8248,2.2022000000000013,0.897920261556626,0.545519752813949,22.7227,104,False
6988748711,0,,"[[0.0, 2.9]]",6.740066666666666,12.045366666666666,5.3053,0.0,0.0,9.009,203,False
5662041273,1,,"[[39.4, 50.6]]",44.07736666666667,48.08136666666667,4.003999999999998,1.0,0.3574999999999997,46.379666666666665,361,False
2454242177,2,,"[[14.5, 52.6]]",27.7277,35.402033333333335,7.674333333333337,1.0,0.20142607174103244,32.699333333333335,212,False
6297019062,6,,"[[0.0, 6.7], [10.2, 23.1], [27.3, 35.5], [40.0, 48.2], [51.5, 58]]",51.31823333333334,51.91823333333333,0.5999999999999943,0.697055555555562,0.06259322634233465,51.618233333333336,234,False
8428551576,7,,"[[17.7, 21.4]]",5.038366666666667,6.239566666666667,1.2012,0.0,0.0,6.139466666666666,359,False
4949582792,2,,"[[7.9, 10.0]]",73.47370000000001,74.0737,0.5999999999999943,0.0,0.0,73.7737,353,False
3261079025,0,,"[[0.0, 6.8]]",0.0,4.7047,4.7047,1.0,0.6918676470588235,3.7037,75,False
6097994550,2,,"[[0.5, 1.7]]",5.005,10.343666666666667,5.338666666666668,0.0,0.0,5.538866666666666,71,False
8107573462,6,,"[[5.5, 7.2]]",6.3066,6.9066,0.5999999999999996,1.0,0.352941176470588,6.6066,55,False
8388104887,2,,"[[7.9, 10.6], [26.0, 29.1]]",0.2672333333333334,0.8672333333333333,0.5999999999999999,0.0,0.0,0.5672333333333334,178,False
6168716346,7,,"[[0.3, 8.6]]",5.739366666666667,6.339366666666667,0.5999999999999996,1.0,0.072289156626506,6.039366666666667,127,False
8107573462,5,,"[[5.9, 6.8]]",5.839166666666666,6.6066,0.7674333333333339,0.9207314424705721,0.7354032957502167,6.239566666666667,55,False
8330342965,1,,"[[0.1, 10.4], [14.2, 20.5], [22.9, 25.6], [28.6, 31.9]]",24.7247,25.658966666666668,0.9342666666666695,0.9368845440274014,0.3172564607522147,25.358666666666668,176,False
4272084125,9,,"[[12.9, 18.2]]",3.9706333333333332,4.671333333333333,0.7006999999999999,0.0,0.0,3.9706333333333332,99,False
6143391925,10,,"[[11.2, 16.4], [24.6, 33.4]]",5.6056,8.041366666666667,2.435766666666667,0.0,0.0,6.039366666666667,162,False
7453733046,3,,"[[6.2, 8.1]]",7.9412666666666665,9.042366666666666,1.1010999999999997,0.14415887143159858,0.0558454808786105,9.042366666666666,134,False
7533369046,2,,"[[22.9, 24.6]]",24.241666666666667,24.84166666666667,0.6000000000000014,0.5972222222222224,0.18454935622317614,24.541666666666668,108,False
3943634344,3,,"[[17.8, 20.4]]",20.3206,20.9206,0.6000000000000014,0.1323333333333325,0.025443824905466803,20.6206,84,False
4612723694,7,,"[[4.8, 13.1]]",16.583233333333332,18.018,1.4347666666666683,0.0,0.0,17.6176,225,False
3046900922,7,,"[[12.5, 17.4]]",15.715999999999998,16.316,0.6000000000000014,1.0,0.12244897959183706,16.016,72,False
4516967897,4,,"[[0.2, 12.7]]",2.9699333333333335,3.569933333333333,0.5999999999999996,1.0,0.04799999999999997,3.2699333333333334,272,False
5533380417,3,,"[[10.1, 13]]",0.23386666666666672,0.8338666666666668,0.6000000000000001,0.0,0.0,0.5338666666666667,56,False
5561024834,7,,"[[7.3, 14.6]]",20.375,21.0,0.625,0.0,0.0,20.5,127,False
7492398760,7,,"[[0.0, 9.6]]",35.96926666666667,37.77106666666667,1.8018,0.0,0.0,36.06936666666667,361,False
6168716346,9,,"[[23.8, 27.4]]",25.959266666666668,27.060366666666667,1.1010999999999989,1.0,0.305861111111111,26.059366666666666,127,False
6168295272,10,,"[[14.2, 16.6]]",18.176791666666666,18.776791666666668,0.6000000000000014,0.0,0.0,18.476791666666667,60,False
2793260225,7,,"[[2.8, 7.0]]",0.6,1.668,1.068,0.0,0.0,1.401,77,False
6233408665,4,,"[[33.8, 63.0]]",11.645266666666666,12.245266666666668,0.6000000000000014,0.0,0.0,11.945266666666667,300,False
4688219212,8,,"[[27.3, 31.6]]",9.5095,10.1101,0.6006,0.0,0.0,10.1101,128,False
2604394962,3,,"[[18.8, 22.0]]",15.281933333333333,18.018,2.7360666666666678,0.0,0.0,15.448766666666666,144,False
4146348376,3,,"[[30.7, 38.0]]",2.8698333333333337,3.4698333333333333,0.5999999999999996,0.0,0.0,3.1698333333333335,212,False
8313365386,1,,"[[4.8, 9.3]]",0.9916666666666667,1.5916666666666668,0.6000000000000001,0.0,0.0,1.2916666666666667,43,False
9917882506,3,,"[[9.6, 13.1]]",21.82182182182182,25.025025025025027,3.2032032032032056,0.0,0.0,24.824824824824823,115,False
8224492254,2,,"[[10.2, 14.7], [20.7, 29.5]]",20.92,22.96,2.039999999999999,1.0,0.2318181818181817,22.24,131,False
3026084730,5,,"[[69.6, 73.6]]",12.012,18.9189,6.9069,0.0,0.0,14.5145,295,False
2717347132,1,,"[[13.8, 18.9]]",3.7039999999999997,4.303999999999999,0.5999999999999996,0.0,0.0,4.004,110,False
2584172238,3,,"[[2.9, 11.7]]",9.75975,10.385375,0.6256249999999994,1.0,0.07109374999999994,10.01,96,False
4518113460,0,,"[[15.1, 25.7]]",39.3393,40.77406666666667,1.4347666666666683,0.0,0.0,40.40703333333333,250,False
3943634344,7,,"[[0.6, 2.7]]",19.3193,20.02,0.7007000000000012,0.0,0.0,19.3193,84,False
6239210933,3,,"[[26.4, 34]]",24.758366666666667,25.35836666666667,0.6000000000000014,0.0,0.0,25.058366666666668,138,False
4707679105,4,,"[[21.1, 24.7]]",21.9222,22.5222,0.6000000000000014,1.0,0.16666666666666716,22.2222,130,False
4970148391,5,,"[[16.7, 17.6]]",18.718999999999998,19.319,0.6000000000000014,0.0,0.0,19.019,99,False
2726497009,0,,"[[0.0, 7.7]]",20.687333333333335,24.657966666666667,3.970633333333332,0.0,0.0,24.657966666666667,211,False
10042935613,5,,"[[21.2, 24.7]]",25.225525525525526,25.825525525525528,0.6000000000000014,0.0,0.0,25.525525525525527,200,False
4189100053,7,,"[[2.5, 7.7]]",3.9039,4.6046,0.7006999999999994,1.0,0.1347499999999999,4.5045,118,False
2454242177,3,,"[[1.3, 14.9]]",6.6066,7.2072,0.6006,1.0,0.04416176470588236,7.007,212,False
5833145209,1,,"[[0.2, 10.9]]",0.20049999999999996,0.8005,0.6000000000000001,1.0,0.056074766355140186,0.5005,68,False
4955723618,7,,"[[18.0, 20.4]]",14.2142,16.016,1.8017999999999983,0.0,0.0,14.5145,245,False
2495861393,8,,"[[13.3, 16.1]]",26.259,26.859,0.6000000000000014,0.0,0.0,26.559,201,False
3233088823,3,,"[[1.0, 13.0]]",13.5135,14.1141,0.6006,0.0,0.0,14.1141,63,False
6291413193,7,,"[[25.5, 29.9]]",41.47476666666667,45.07836666666667,3.6036,0.0,0.0,43.8438,264,False
2854886555,6,,"[[1.8, 3.4]]",4.9052,5.505199999999999,0.5999999999999996,0.0,0.0,5.2052,64,False
3456030972,8,,"[[21.8, 24.9]]",13.3133,14.7147,1.4014000000000006,0.0,0.0,13.7137,102,False
2567843468,10,,"[[17.6, 19]]",5.8058,6.4064,0.6006,0.0,0.0,6.006,78,False
3155382178,10,,"[[2.8, 6.8]]",2.7030000000000003,3.303,0.5999999999999996,0.838333333333334,0.1227727605565048,3.003,115,False
4219909195,12,,"[[28.5, 33]]",26.4267,27.0267,0.6000000000000014,0.0,0.0,26.7267,136,False
4765717907,3,,"[[16.1, 21.5]]",14.848166666666666,17.017,2.1688333333333336,0.42280796126949877,0.13785673122697972,16.950266666666668,159,False
3830567237,0,,"[[0.0, 4.0]]",11.4117,12.011700000000001,0.6000000000000014,0.0,0.0,11.7117,96,False
9082180631,6,,"[[7.9, 13.6]]",4.604904904904905,5.204904904904905,0.5999999999999996,0.0,0.0,4.904904904904905,43,False
4010069381,3,,"[[2.3, 10.5]]",11.978933333333332,12.0,0.0210666666666679,0.0,0.0,12.278933333333333,50,False
7988210561,7,,"[[6.8, 10.6]]",8.942266666666667,10.677333333333333,1.7350666666666665,0.9554291861984168,0.4275447042640989,10.677333333333333,43,False
5623068492,3,,"[[5.6, 10.0]]",5.706,6.306,0.5999999999999996,1.0,0.13636363636363627,6.006,319,False
3078294001,1,,"[[4.6, 11]]",0.0,1.6016,1.6016,0.0,0.0,0.4004,46,False
4130504920,6,,"[[0.0, 11.7]]",4.6049,5.204899999999999,0.5999999999999996,1.0,0.05128205128205125,4.9049,58,False
5561024834,3,,"[[26.6, 36.7]]",29.491666666666667,30.09166666666667,0.6000000000000014,1.0,0.059405940594059535,29.791666666666668,127,False
9408800471,4,,"[[11.9, 19.0], [26.3, 31.8]]",1.3349683016349683,1.9349683016349684,0.6000000000000001,0.0,0.0,1.6349683016349683,124,False
4955723618,1,,"[[16.1, 17.8]]",10.8111,11.411100000000001,0.6000000000000014,0.0,0.0,11.1111,245,False
4036955771,2,,"[[5.2, 18.1]]",55.5555,56.823433333333334,1.2679333333333318,0.0,0.0,56.1561,360,False
4485707628,3,,"[[20.6, 25.4]]",28.995933333333333,29.595933333333335,0.6000000000000014,0.0,0.0,29.295933333333334,259,False
7728559968,6,,"[[21.1, 35.7]]",44.07766666666667,44.67766666666667,0.5999999999999943,0.0,0.0,44.37766666666667,200,False
4244817395,9,,"[[4.0, 51.5]]",36.0,38.4,2.3999999999999986,1.0,0.050526315789473655,36.24,226,False
6713120511,2,,"[[8.8, 14.8]]",41.37466666666667,42.70933333333333,1.3346666666666636,0.0,0.0,42.6426,223,False
8253302563,7,,"[[38.4, 40.2]]",17.541666666666668,20.041666666666668,2.5,0.0,0.0,20.041666666666668,142,False
4485498145,3,,"[[6.9, 10.1]]",7.674333333333333,9.009,1.3346666666666671,1.0,0.4170833333333336,9.009,67,False
4857781123,6,,"[[29.4, 36.8]]",4.3043,6.006,1.7017000000000007,0.0,0.0,5.005,147,False
2871995580,2,,"[[13.6, 17.6]]",16.282,17.017,0.7349999999999994,1.0,0.18374999999999977,16.75,361,False
4244817395,6,,"[[51.3, 61.3]]",36.78,37.379999999999995,0.5999999999999943,0.0,0.0,37.08,226,False
4444192938,6,,"[[17.9, 20.9]]",18.2185,18.8185,0.6000000000000014,1.0,0.20000000000000048,18.5185,116,False
2669452260,4,,"[[4.2, 5.9]]",0.0,5.3053,5.3053,0.20833883098034037,0.1873389830508474,2.002,62,False
2782658657,4,,"[[19.3, 22.1]]",18.3183,21.4214,3.1030999999999977,0.6836389417034576,0.5609646455297875,19.786433333333335,106,False
2679130168,1,,"[[7.5, 9.0], [13.6, 19.4]]",12.012,13.013,1.0009999999999994,0.0,0.0,12.012,202,False
5940941487,3,,"[[5.5, 7.3], [11.2, 12.7], [16.2, 17.8], [19.5, 21.4], [24.2, 25.0], [27.5, 28.5], [31.3, 32.7]]",29.0,29.72,0.7199999999999989,0.0,0.0,29.0,115,False
8455160795,0,,"[[3.4, 5.7]]",3.537166666666667,4.137166666666666,0.5999999999999996,1.0,0.26086956521739113,3.8371666666666666,80,False
3375218204,9,,"[[41.0, 53.9]]",41.8418,48.3483,6.506500000000003,1.0,0.5043798449612406,45.3453,299,False
8188651630,4,,"[[33.9, 38]]",24.666666666666668,26.066666666666666,1.3999999999999986,0.0,0.0,24.866666666666667,77,False
3218498932,4,,"[[2.0, 3.8]]",2.3023,3.1031,0.8008000000000002,1.0,0.44488888888888906,3.003,120,False
12392885583,3,,"[[12.4, 16.1]]",15.181833333333334,16.182833333333335,1.0010000000000012,0.9172494172494173,0.24271930211041132,16.082733333333334,110,False
4688219212,4,,"[[5.0, 11.1]]",27.29393333333333,29.99663333333333,2.7027,0.0,0.0,28.695333333333334,128,False
6244382586,1,,"[[0.0, 0.8], [1.7, 5.2]]",4.538166666666667,5.138166666666667,0.5999999999999996,1.0,0.17142857142857132,4.838166666666667,83,False
7571121368,4,,"[[5.8, 28.8]]",31.765066666666666,33.06636666666667,1.3013000000000012,0.0,0.0,32.76606666666667,226,False
4251505427,6,,"[[0.0, 4.5]]",14.014,15.015,1.0010000000000012,0.0,0.0,14.481133333333334,306,False
5349969207,2,,"[[32.2, 35.7]]",25.1251,26.026,0.9009,0.0,0.0,25.892533333333333,160,False
5061117640,4,,"[[10.7, 14.0]]",3.6036,4.7047,1.1010999999999997,0.0,0.0,4.7047,213,False
4984417707,0,,"[[10.1, 14.4]]",9.876533333333333,11.011,1.1344666666666665,0.8030205089028616,0.20139421092967033,9.876533333333333,59,False
4765564263,2,,"[[0.0, 10.5]]",10.4104,11.011,0.6006,0.1491841491841505,0.00813731722822639,10.4104,56,False
6621511673,6,,"[[10.1, 17.5], [30.7, 37.3]]",83.91716666666666,89.12236666666666,5.205200000000005,0.0,0.0,84.9849,360,False
2930782930,6,,"[[1.9, 3.2]]",16.6166,27.1271,10.5105,0.0,0.0,25.7257,126,False
3192668394,2,,"[[21.9, 46.3]]",37.4374,40.2402,2.802800000000005,1.0,0.1148688524590166,40.04,278,False
5907839036,2,,"[[19.0, 30.4]]",32.46576666666667,35.7357,3.2699333333333342,0.0,0.0,32.565866666666665,360,False
3198533789,4,,"[[8.5, 10.8]]",3.9039,5.5055,1.6015999999999995,0.0,0.0,4.971633333333333,92,False
8428551576,6,,"[[69.1, 71.3], [72.9, 75.3]]",5.638966666666667,6.239566666666667,0.6006,0.0,0.0,6.139466666666666,359,False
9612838272,1,,"[[6.9, 11.9]]",9.943576910243577,10.543576910243578,0.6000000000000014,1.0,0.12000000000000029,10.243576910243577,54,False
2434859163,6,,"[[0.0, 1.8], [5.0, 9.6], [16.8, 19.6]]",18.985,19.585,0.6000000000000014,1.0,0.21428571428571475,19.285,85,False
4688219212,5,,"[[15.2, 17.4]]",9.8098,13.013,3.2032000000000007,0.0,0.0,12.8128,128,False
8330342965,0,,"[[0.2, 6.8]]",43.27686666666667,43.876866666666665,0.5999999999999943,0.0,0.0,43.57686666666667,176,False
4674481985,5,,"[[5.2, 9.4]]",20.6206,21.2212,0.6006,0.0,0.0,20.9209,99,False
8575881495,6,,"[[44.0, 47.8]]",64.59786666666666,66.29956666666666,1.7017000000000024,0.0,0.0,66.19946666666667,267,False
3063380173,6,,"[[13.0, 17]]",15.415,16.016,0.6009999999999991,1.0,0.15024999999999977,15.415,71,False
3322503255,0,,"[[0.8, 24.7]]",8.008,9.6096,1.6016000000000012,1.0,0.06701255230125529,9.009,166,False
11566930393,5,,"[[18.7, 29]]",14.114114114114114,15.682349015682348,1.5682349015682338,0.0,0.0,14.881548214881548,114,False
2877270840,6,,"[[21.2, 24.5]]",8.008,9.1091,1.1011000000000006,0.0,0.0,8.9089,104,False
4103088549,2,,"[[4.3, 15.2]]",2.1024000000000003,2.7024,0.5999999999999996,0.0,0.0,2.4024,67,False
7987845241,5,,"[[34.2, 37.0]]",0.7340666666666666,5.038366666666667,4.3043,0.0,0.0,3.036366666666667,202,False
2871995580,0,,"[[3.6, 6.5]]",74.074,75.475,1.4009999999999962,0.0,0.0,74.374,361,False
8080432373,5,,"[[17.7, 22.1]]",47.08036666666667,51.08436666666667,4.003999999999998,0.0,0.0,47.68096666666667,360,False
4671452046,3,,"[[1.7, 13.7]]",19.486133333333335,21.021,1.534866666666666,0.0,0.0,19.853166666666667,175,False
6168716346,3,,"[[30.2, 31.7]]",24.557866666666666,26.960266666666666,2.4024,0.0,0.0,25.025,127,False
4244817395,7,,"[[20.4, 24.8]]",37.74,38.339999999999996,0.5999999999999943,0.0,0.0,38.04,226,False
4626085492,4,,"[[6.8, 10.0]]",4.3046,4.904599999999999,0.5999999999999996,0.0,0.0,4.6046,86,False
3383804222,0,,"[[21.8, 25.4]]",13.46375,14.06375,0.6000000000000014,0.0,0.0,13.76375,134,False
3508407941,1,,"[[10.3, 19.7]]",16.466749999999998,17.06675,0.6000000000000014,1.0,0.06382978723404271,16.76675,70,False
6291413193,2,,"[[41.3, 46.1]]",41.47476666666667,45.779066666666665,4.304299999999998,1.0,0.8967291666666654,43.8438,264,False
4896969617,8,,"[[8.6, 11.2]]",5.0053,5.6053,0.5999999999999996,0.0,0.0,5.3053,47,False
3372023610,4,,"[[27.6, 30.1]]",32.29923333333333,32.89923333333333,0.5999999999999943,0.0,0.0,32.59923333333333,136,False
5919180502,5,,"[[7.4, 14.1], [15.2, 15.6], [28.3, 36.3], [38.9, 41.6]]",10.643966666666667,13.546866666666666,2.902899999999999,1.0,0.4332686567164178,11.544866666666667,200,False
4674481985,2,,"[[12.2, 24]]",20.6209,21.2209,0.6000000000000014,1.0,0.05084745762711876,20.9209,99,False
9088819598,6,,"[[16.6, 21.4]]",1.2015015015015014,1.8015015015015015,0.6000000000000001,0.0,0.0,1.5015015015015014,70,False
3462517143,4,,"[[14.2, 18.6]]",0.0,4.170833333333333,4.170833333333333,0.0,0.0,0.8675333333333334,98,False
2623954636,9,,"[[28.5, 31]]",9.275,10.276,1.0009999999999994,0.0,0.0,9.275,127,False
3218498932,5,,"[[0.3, 2.6]]",0.5007999999999999,1.1008,0.6000000000000001,1.0,0.2608695652173913,0.8008,120,False
3131380536,0,,"[[0.1, 25.8]]",5.005,6.006,1.0010000000000003,1.0,0.03894941634241247,5.1051,268,False
3263908208,3,,"[[0.1, 12]]",10.666666666666666,12.0,1.333333333333334,1.0,0.11204481792717091,10.666666666666666,40,False
8627074061,4,,"[[64.8, 68.8]]",20.954266666666665,23.056366666666666,2.1021,0.0,0.0,22.255566666666667,360,False
2834146886,7,,"[[30.8, 34.9]]",37.9379,39.67296666666667,1.7350666666666683,0.0,0.0,38.7387,251,False
6618792571,9,,"[[60.7, 68.0]]",57.59086666666666,60.193466666666666,2.6026000000000025,0.0,0.0,58.992266666666666,336,False
4333544549,7,,"[[1.0, 26.7], [32.1, 35.6]]",0.20049999999999996,0.8005,0.6000000000000001,0.0,0.0,0.5005,143,False
7164729910,4,,"[[10.0, 17.5]]",10.916666666666666,12.541666666666666,1.625,1.0,0.21666666666666667,12.541666666666666,88,False
2824317018,6,,"[[44.5, 49.7]]",38.304,39.806,1.5019999999999953,0.0,0.0,39.439,217,False
6618792571,4,,"[[30.9, 38.5]]",35.66896666666667,37.670966666666665,2.0019999999999953,1.0,0.2634210526315783,35.66896666666667,336,False
5945172741,6,,"[[8.7, 14.3]]",5.62,6.22,0.5999999999999996,0.0,0.0,5.92,214,False
6806999702,5,,"[[0.0, 5.0]]",74.70796666666666,76.40966666666667,1.7017000000000024,0.0,0.0,75.20846666666667,360,False
5521781780,1,,"[[19.0, 23.4]]",22.4224,23.056366666666666,0.6339666666666659,1.0,0.1440833333333332,22.4224,361,False
6988748711,1,,"[[6.6, 7.6]]",5.839166666666666,9.642966666666666,3.8038,0.262894999737105,0.262894999737105,9.009,203,False
10607095936,4,,"[[31.1, 35.1]]",32.63293293293294,33.23293293293293,0.5999999999999943,1.0,0.14999999999999858,32.932932932932935,126,False
10042935613,6,,"[[21.6, 28.6]]",3.53687020353687,4.804804804804805,1.267934601267935,0.0,0.0,4.738071404738071,200,False
2930782930,2,,"[[26.8, 31]]",24.8248,27.1271,2.302299999999999,0.14207531598835865,0.05296994429330191,26.3263,126,False
2495861393,9,,"[[41.1, 49.9]]",14.981,15.581000000000001,0.6000000000000014,0.0,0.0,15.281,201,False
4465235803,1,,"[[1.8, 13.2], [18.5, 23.3]]",22.1221,23.023,0.9009,1.0,0.18768749999999998,22.288933333333333,136,False
8318310610,5,,"[[0.0, 4.2]]",20.754366666666666,21.354366666666667,0.6000000000000014,0.0,0.0,21.054366666666667,90,False
3105728894,8,,"[[40.1, 46.0]]",25.325599999999998,25.9256,0.6000000000000014,0.0,0.0,25.6256,203,False
5858985747,5,,"[[1.4, 3.9]]",3.036366666666667,4.6046,1.5682333333333327,0.5507046145344018,0.26949801327258727,3.1364666666666667,47,False
7536230796,4,,"[[10.4, 14.7]]",10.041666666666666,12.708333333333334,2.666666666666668,0.8656249999999998,0.4955277280858677,10.041666666666666,240,False
3821781616,0,,"[[1.6, 4.3]]",9.6099,10.209900000000001,0.6000000000000014,0.0,0.0,9.9099,100,False
3375218204,8,,"[[34.3, 40.8]]",60.026633333333336,61.42803333333333,1.4013999999999953,0.0,0.0,60.5605,299,False
5064681723,2,,"[[18.7, 19.9]]",18.785433333333334,20.0,1.2145666666666664,0.9176661086258462,0.8573589743589726,20.02,82,False
2535384528,1,,"[[3.0, 5.4]]",14.1,14.700000000000001,0.6000000000000014,0.0,0.0,14.4,51,False
7605329840,0,,"[[8.4, 11.0]]",10.343966666666667,10.943966666666668,0.6000000000000014,1.0,0.23076923076923134,10.643966666666667,86,False
5875535585,1,,"[[0.8, 74.8]]",47.2475,47.8475,0.5999999999999943,1.0,0.00810810810810803,47.5475,306,False
4094488636,2,,"[[4.5, 9.6]]",10.4104,12.012,1.6016000000000012,0.0,0.0,12.012,108,False
6642268693,6,,"[[4.8, 6.4]]",18.099999999999998,18.7,0.6000000000000014,0.0,0.0,18.4,154,False
6806999702,0,,"[[2.7, 13.2]]",42.97626666666667,44.77806666666667,1.8018,0.0,0.0,43.043,360,False
4485498145,4,,"[[3.0, 5.3]]",2.7030000000000003,3.303,0.5999999999999996,0.5050000000000002,0.11667308432807084,3.003,67,False
5623068492,7,,"[[38.5, 50.5]]",27.360966666666666,27.960966666666668,0.6000000000000014,0.0,0.0,27.660966666666667,319,False
4970148391,8,,"[[8.8, 12.2]]",2.5025,5.005,2.5025,0.0,0.0,2.7027,99,False
5328004991,5,,"[[0.2, 21.9]]",7.707999999999999,8.308,0.6000000000000005,1.0,0.027649769585253482,8.008,106,False
6168295272,2,,"[[12.2, 15.7]]",17.259208333333333,17.859208333333335,0.6000000000000014,0.0,0.0,17.559208333333334,60,False
5635265624,8,,"[[9.2, 14.9]]",16.583233333333332,18.952266666666667,2.369033333333334,0.0,0.0,16.583233333333332,79,False
8253302563,3,,"[[31.5, 39.2]]",38.90833333333334,39.50833333333333,0.5999999999999943,0.48611111111111177,0.036420395421435714,39.208333333333336,142,False
3380344744,2,,"[[12.6, 33.9]]",9.776433333333333,11.011,1.234566666666666,0.0,0.0,10.4104,199,False
8225502382,2,,"[[24.0, 27.8]]",43.00963333333333,44.47776666666667,1.4681333333333342,0.0,0.0,43.00963333333333,196,False
6277800530,1,,"[[0.0, 20.9]]",28.094733333333334,28.895533333333333,0.8007999999999988,0.0,0.0,28.094733333333334,119,False
3131380536,2,,"[[24.0, 44.4]]",27.027,33.5335,6.5064999999999955,1.0,0.31894607843137235,32.3323,268,False
7059877301,8,,"[[1.0, 4.1]]",15.6159,16.2159,0.6000000000000014,0.0,0.0,15.9159,123,False
5138093706,4,,"[[29.3, 30.8]]",6.5065,7.7077,1.2012,0.0,0.0,7.7077,125,False
5328616848,3,,"[[9.5, 13.0]]",9.4094,10.01,0.6006,0.8491508491508488,0.14203754247201017,9.6096,60,False
4444192938,4,,"[[5.0, 6.9]]",1.6018999999999999,2.2018999999999997,0.5999999999999999,0.0,0.0,1.9019,116,False
3763643225,1,,"[[16.2, 21.3]]",1.001,2.736066666666667,1.735066666666667,0.0,0.0,2.469133333333333,144,False
4092992100,7,,"[[3.1, 8.8]]",14.715,15.0,0.28500000000000014,0.0,0.0,15.015,62,False
6786501294,3,,"[[17.5, 19.2]]",31.398033333333334,32.59923333333333,1.2011999999999965,0.0,0.0,32.1321,242,False
4949582792,3,,"[[30.5, 32.4]]",71.3716,71.9716,0.5999999999999943,0.0,0.0,71.6716,353,False
7088595057,7,,"[[17.9, 21.1]]",30.464066666666668,31.06406666666667,0.6000000000000014,0.0,0.0,30.76406666666667,142,False
6239210933,2,,"[[16.3, 20.3]]",24.257566666666666,27.060366666666667,2.8028000000000013,0.0,0.0,25.358666666666668,138,False
7001078933,0,,"[[0.5, 3.4]]",15.348966666666666,15.948966666666667,0.6000000000000014,0.0,0.0,15.648966666666666,86,False
4516967897,2,,"[[65.2, 68.0]]",7.4077,8.0077,0.5999999999999996,0.0,0.0,7.7077,272,False
6898821807,8,,"[[6.4, 11.0]]",14.481133333333334,18.051366666666667,3.5702333333333325,0.0,0.0,16.049366666666668,79,False
6078524411,0,,"[[37.2, 40.2], [58.4, 64.9]]",53.08636666666666,55.088366666666666,2.0020000000000024,0.0,0.0,53.78706666666667,336,False
3851913128,5,,"[[23.2, 35.7]]",66.4667,67.0667,0.5999999999999943,0.0,0.0,66.7667,299,False
2736413196,2,,"[[33.7, 45.7]]",29.73,30.330000000000002,0.6000000000000014,0.0,0.0,30.03,217,False
10607095936,8,,"[[18.7, 23.9]]",8.442075408742074,9.042075408742075,0.6000000000000014,0.0,0.0,8.742075408742075,126,False
8740703217,0,,"[[0.1, 12.6]]",3.9372666666666665,5.038366666666667,1.1011000000000002,1.0,0.08808800000000001,4.137466666666667,82,False
8575881495,1,,"[[4.2, 13.1]]",20.954266666666665,23.256566666666668,2.3023000000000025,0.0,0.0,21.154466666666668,267,False
3155382178,4,,"[[2.3, 7.0]]",2.3023,4.2042,1.9019000000000004,1.0,0.40465957446808515,3.003,115,False
3164519967,5,,"[[13.4, 16.9]]",6.6069,7.2069,0.5999999999999996,0.0,0.0,6.9069,146,False
8575881495,8,,"[[62.3, 66.8]]",0.03336666666666667,1.5348666666666666,1.5014999999999998,0.0,0.0,0.23356666666666667,267,False
2461993294,0,,"[[2.8, 7.0], [8.0, 12.4], [23.6, 35.7], [51.6, 66.7]]",12.846166666666667,15.682333333333334,2.836166666666667,0.0,0.0,15.3153,267,False
8313365386,2,,"[[2.6, 9.5]]",5.366666666666667,5.966666666666667,0.5999999999999996,1.0,0.08695652173913038,5.666666666666667,43,False
4838113006,5,,"[[0.0, 1.4]]",30.797433333333334,34.6346,3.837166666666665,0.0,0.0,30.997633333333333,360,False
4488066715,2,,"[[64.0, 68.1]]",0.0,2.3023,2.3023,0.0,0.0,0.5005,352,False
4838145161,4,,"[[53.5, 54.1]]",62.763000000000005,63.363,0.5999999999999943,0.0,0.0,63.063,257,False
5875242364,8,,"[[7.5, 12.7]]",0.03336666666666667,1.0343666666666667,1.001,0.0,0.0,0.5338666666666667,59,False
4412508597,6,,"[[0.4, 2.9]]",2.9699333333333335,3.569933333333333,0.5999999999999996,0.0,0.0,3.2699333333333334,48,False
7728559968,4,,"[[36.5, 41.3]]",43.3433,45.07836666666667,1.7350666666666683,0.0,0.0,43.47676666666667,200,False
7492398760,13,,"[[80.1, 83.0]]",78.9789,80.11336666666666,1.1344666666666683,0.011782335311749872,0.003324131871047684,79.91316666666667,361,False
3046900922,0,,"[[0.0, 12.8]]",13.013,14.180833333333334,1.1678333333333342,0.0,0.0,14.014,72,False
4859057828,4,,"[[20.1, 21.1]]",10.01,13.013,3.003,0.0,0.0,10.7107,87,False
3972259774,4,,"[[40.0, 43.3]]",3.75375,4.5045,0.75075,0.0,0.0,4.295958333333333,143,False
7786283208,1,,"[[17.6, 20.5]]",6.439766666666666,7.240566666666667,0.8008000000000006,0.0,0.0,7.007,86,False
7999756100,1,,"[[10.5, 13.7]]",1.8351666666666666,3.036366666666667,1.2012000000000003,0.0,0.0,3.036366666666667,83,False
8132842161,4,,"[[11.6, 15.2], [20.2, 27.4], [29.4, 36.9]]",22.756366666666665,23.356366666666666,0.6000000000000014,1.0,0.08333333333333354,23.056366666666666,148,False
5138093706,0,,"[[0.1, 5.1]]",13.380333333333333,13.980333333333334,0.6000000000000014,0.0,0.0,13.680333333333333,125,False
11566980553,5,,"[[2.6, 4.0]]",26.460093426760093,27.060093426760094,0.6000000000000014,0.0,0.0,26.760093426760093,228,False
5549243726,7,,"[[3.8, 12.4]]",5.238566666666666,5.839166666666666,0.6006,1.0,0.06983720930232558,5.238566666666666,71,False
4674481985,7,,"[[3.9, 10.2]]",20.6206,21.2212,0.6006,0.0,0.0,20.9209,99,False
2868183184,5,,"[[0.1, 9.3]]",7.007,8.008,1.0009999999999994,1.0,0.10880434782608689,8.008,209,False
5662041273,7,,"[[38.8, 51.1]]",8.141766666666665,8.741766666666667,0.6000000000000014,0.0,0.0,8.441766666666666,361,False
8171216955,0,,"[[0.5, 18]]",1.0346666666666666,1.6346666666666667,0.6000000000000001,1.0,0.03428571428571429,1.3346666666666667,75,False
4838145161,7,,"[[7.1, 7.5]]",3.2032,10.3103,7.1071,0.056281746422591546,0.056281746422591546,5.005,257,False
5498331490,6,,"[[18.5, 89.4]]",67.16666666666667,70.04166666666667,2.875,1.0,0.04055007052186178,70.04166666666667,288,False
6031805098,3,,"[[7.7, 31.2]]",43.209833333333336,45.612233333333336,2.4024,0.0,0.0,43.6436,185,False
3455926688,5,,"[[2.9, 20.3]]",4.5,5.1,0.5999999999999996,1.0,0.03448275862068964,4.8,74,False
2824317018,7,,"[[47.1, 50.5]]",39.139,39.739,0.5999999999999943,0.0,0.0,39.439,217,False
5801184682,7,,"[[37.7, 65.6]]",31.0,33.28,2.280000000000001,0.0,0.0,33.28,301,False
6988748711,2,,"[[19.0, 20.2]]",7.040366666666666,12.045366666666666,5.005,0.0,0.0,7.540866666666667,203,False
5445581571,6,,"[[5.3, 11.0]]",26.660266666666665,27.260266666666666,0.6000000000000014,0.0,0.0,26.960266666666666,130,False
6443512089,4,,"[[51.9, 60.4], [64.5, 72.9], [76.0, 81]]",79.91316666666667,81.0,1.086833333333331,1.0,0.2173666666666662,80.91416666666667,326,False
3581585756,4,,"[[2.3, 5.1]]",19.019,21.4214,2.4024,0.0,0.0,21.021,95,False
9612838272,7,,"[[0.2, 6.9]]",1.334668001334668,2.1021021021021022,0.7674341007674343,1.0,0.11454240309961707,2.002002002002002,54,False
2793806282,3,,"[[29.4, 34.1]]",16.883,18.284,1.4009999999999998,0.0,0.0,17.283,259,False
5445581571,4,,"[[23.7, 26.9]]",23.557166666666667,24.15716666666667,0.6000000000000014,0.7619444444444472,0.13676023333499615,23.857166666666668,130,False
3581585756,0,,"[[0.1, 4.7]]",22.889833333333332,23.0,0.11016666666666808,0.0,0.0,23.189833333333333,95,False
6806999702,1,,"[[2.7, 6.4]]",40.373666666666665,42.67596666666667,2.3023000000000025,0.0,0.0,41.77506666666667,360,False
7453733046,1,,"[[19.7, 21.5]]",31.36466666666667,33.0,1.6353333333333318,0.0,0.0,32.76606666666667,134,False
3462517143,3,,"[[4.6, 13.5]]",5.572233333333333,7.007,1.4347666666666665,1.0,0.16120973782771533,5.6723333333333334,98,False
4967810888,0,,"[[3.3, 4.2]]",58.759,59.358999999999995,0.5999999999999943,0.0,0.0,59.059,250,False
2793806282,8,,"[[34.1, 38.6]]",63.730000000000004,64.0,0.269999999999996,0.0,0.0,64.03,259,False
2868183184,4,,"[[17.9, 26.5]]",22.822,25.291,2.469000000000001,1.0,0.28709302325581404,23.39,209,False
4765717907,5,,"[[19.5, 20.5]]",7.3073,9.6096,2.3023000000000007,0.0,0.0,9.1091,159,False
4260763967,6,,"[[2.4, 7.2], [15.0, 17.6]]",2.5692333333333335,3.5035,0.9342666666666664,1.0,0.1946388888888888,3.4034,136,False
4138579400,5,,"[[19.4, 21.9]]",1.001,2.5025,1.5015,0.0,0.0,1.5015,81,False
2405940242,5,,"[[10.4, 13.9]]",8.875,10.01,1.1349999999999998,0.0,0.0,9.009,57,False
4774302357,3,,"[[0.0, 3.8]]",7.4741333333333335,14.9149,7.440766666666666,0.0,0.0,14.014,60,False
5406108447,3,,"[[11.6, 14.4], [28.2, 31.6], [39.0, 42.2]]",21.554866666666666,24.057366666666667,2.5025000000000013,0.0,0.0,23.957266666666666,179,False
8783897632,6,,"[[18.9, 26.9]]",22.055366666666668,22.856166666666667,0.8007999999999988,1.0,0.10009999999999986,22.856166666666667,117,False
4103088549,4,,"[[0.0, 4.9]]",13.6139,14.2139,0.6000000000000014,0.0,0.0,13.9139,67,False
8552680285,4,,"[[2.3, 3.9]]",3.370033333333333,4.471133333333333,1.1011000000000002,0.4813065722156631,0.2440967850892007,4.037366666666666,73,False
7442562474,6,,"[[14.5, 17.4]]",1.8351666666666666,3.2365666666666666,1.4014,0.0,0.0,2.8361666666666667,80,False
2623954636,4,,"[[1.6, 5.4]]",21.554,22.288,0.7340000000000018,0.0,0.0,21.554,127,False
3359075894,1,,"[[10.2, 13.3]]",6.72,7.68,0.96,0.0,0.0,7.68,56,False
7331927796,10,,"[[0.0, 7.7]]",9.976633333333334,11.644966666666667,1.668333333333333,0.0,0.0,11.044366666666667,70,False
3830567237,9,,"[[0.0, 2.4]]",23.1234,23.7234,0.6000000000000014,0.0,0.0,23.4234,96,False
4485498145,5,,"[[11.2, 13.6]]",2.7030000000000003,3.303,0.5999999999999996,0.0,0.0,3.003,67,False
4798585428,11,,"[[59.2, 60.5]]",59.3596,59.959599999999995,0.5999999999999943,1.0,0.4615384615384582,59.6596,360,False
8224492254,0,,"[[0.1, 3.2]]",21.52,22.96,1.4400000000000013,0.0,0.0,21.64,131,False
3121571439,1,,"[[19.0, 21.3]]",5.005,7.3073,2.3023,0.0,0.0,6.840166666666667,163,False
3155382178,5,,"[[6.8, 9.9]]",7.6076,9.2092,1.6015999999999995,1.0,0.5166451612903223,8.008,115,False
5623068492,2,,"[[39.1, 69.9]]",21.154766666666667,21.75476666666667,0.6000000000000014,0.0,0.0,21.454766666666668,319,False
3263908208,0,,"[[0.1, 12]]",6.875,7.75,0.875,1.0,0.07352941176470588,7.25,40,False
10042935613,7,,"[[21.1, 26.7]]",24.891858525191857,25.49185852519186,0.6000000000000014,1.0,0.10714285714285744,25.191858525191858,200,False
3711681535,4,,"[[31.9, 35.7]]",10.01,15.1151,5.1051,0.0,0.0,13.7137,144,False
4984417707,3,,"[[13.5, 14.5]]",13.0133,13.6133,0.6000000000000014,0.18883333333333394,0.07620905360866385,13.3133,59,False
2782307049,3,,"[[12.6, 15]]",1.2015,1.8015,0.6000000000000001,0.0,0.0,1.5015,62,False
2833209794,6,,"[[0.0, 2.3]]",2.4024024024024024,3.1698365031698366,0.7674341007674341,0.0,0.0,2.8361695028361695,45,False
3026084730,11,,"[[69.6, 73.6]]",50.0503,50.650299999999994,0.5999999999999943,0.0,0.0,50.3503,295,False
2573424030,11,,"[[41.6, 43.1]]",5.271,6.539,1.2679999999999998,0.0,0.0,5.271,197,False
3263908208,2,,"[[0.1, 12]]",8.325,8.925,0.6000000000000014,1.0,0.05042016806722701,8.625,40,False
2535384528,5,,"[[4.0, 10.0]]",13.379999999999999,13.98,0.6000000000000014,0.0,0.0,13.68,51,False
5427285434,6,,"[[3.5, 5.4]]",0.5338666666666667,1.2345666666666666,0.7006999999999999,0.0,0.0,1.2345666666666666,83,False
3375218204,10,,"[[64.8, 68.4]]",70.73763333333333,71.33763333333333,0.5999999999999943,0.0,0.0,71.03763333333333,299,False
2696280239,2,,"[[0.0, 2.2]]",2.536166666666667,3.1361666666666665,0.5999999999999996,0.0,0.0,2.8361666666666667,54,False
3943634344,1,,"[[1.8, 18.2]]",19.3193,20.8208,1.5015,0.0,0.0,19.3193,84,False
4006608424,5,,"[[62.8, 73.8]]",63.730333333333334,66.80006666666667,3.069733333333332,1.0,0.2790666666666665,64.064,360,False
4006608424,7,,"[[77.8, 90.0]]",7.841166666666667,12.245566666666667,4.4044,0.0,0.0,11.7117,360,False
4650556666,5,,"[[0.0, 1.1]]",15.6,17.76,2.160000000000002,0.0,0.0,15.96,76,False
5429688959,0,,"[[0.1, 44.9], [54.9, 82.8]]",63.39666666666667,64.49776666666666,1.1010999999999953,1.0,0.03946594982078836,63.39666666666667,333,False
4688219212,7,,"[[27.3, 31.6]]",8.175133333333333,8.775133333333335,0.6000000000000014,0.0,0.0,8.475133333333334,128,False
2567843468,2,,"[[0.0, 1.6], [7.8, 9.2], [12.6, 13.8]]",5.8058,6.4064,0.6006,0.0,0.0,6.006,78,False
4626085492,0,,"[[18.0, 20.9]]",0.0,1.001,1.001,0.0,0.0,0.6339666666666667,86,False
6239210933,7,,"[[2.1, 4.2]]",27.060666666666666,27.660666666666668,0.6000000000000014,0.0,0.0,27.360666666666667,138,False
4889681401,3,,"[[8.3, 9.5]]",2.6026,3.6036,1.0010000000000003,0.0,0.0,2.8028,361,False
2435100235,0,,"[[13.0, 17.6]]",32.69963333333334,33.29963333333333,0.5999999999999943,0.0,0.0,32.999633333333335,256,False
3846475848,8,,"[[39.6, 41.8]]",5.4054,7.5075,2.1021,0.0,0.0,5.7057,287,False
5913180144,8,,"[[32.9, 39.8]]",37.4374,38.6386,1.2012,1.0,0.17408695652173917,37.87116666666667,159,False
2871995580,4,,"[[0.1, 3.3]]",0.0,0.5660000000000001,0.5660000000000001,0.8233215547703181,0.14121212121212123,0.266,361,False
6244675392,1,,"[[7.4, 46.1]]",5.066666666666666,7.466666666666667,2.4000000000000004,0.027777777777777676,0.0016246953696181909,7.266666666666667,120,False
8552680285,3,,"[[0.0, 0.9]]",3.370033333333333,4.037366666666666,0.6673333333333331,0.0,0.0,4.037366666666666,73,False
2679130168,6,,"[[31.7, 35.5], [37.2, 40.5]]",15.76575,16.725041666666666,0.9592916666666653,0.0,0.0,15.76575,202,False
4147398280,7,,"[[30.3, 35.3]]",17.8178,19.019,1.2012,0.0,0.0,17.9179,230,False
9498159305,7,,"[[6.0, 11.1]]",0.0,0.3667334000667334,0.3667334000667334,0.0,0.0,0.0667334000667334,152,False
8024853715,7,,"[[4.2, 17.1]]",13.505458333333333,14.105458333333335,0.6000000000000014,1.0,0.04651162790697685,13.805458333333334,66,False
2868183184,8,,"[[0.0, 5.9]]",40.807,44.711,3.9039999999999964,0.0,0.0,41.041,209,False
8211075660,4,,"[[44.0, 46.5]]",45.87916666666667,46.679966666666665,0.8007999999999953,0.7752664002664007,0.23165711016306062,45.87916666666667,217,False
4774302357,0,,"[[0.0, 4.7]]",1.6686333333333332,2.2686333333333333,0.6000000000000001,1.0,0.1276595744680851,1.9686333333333332,60,False
6621511673,2,,"[[18.2, 90.0]]",79.11266666666667,79.71266666666666,0.5999999999999943,1.0,0.008356545961002706,79.41266666666667,360,False
3145698830,1,,"[[15.2, 18.7]]",4.705,5.305,0.5999999999999996,0.0,0.0,5.005,236,False
2559262403,0,,"[[0.0, 7.6], [22.4, 29.6]]",24.024,29.029,5.004999999999999,1.0,0.6951388888888885,29.029,288,False
3322503255,3,,"[[24.1, 35.5]]",6.006,7.007,1.0009999999999994,0.0,0.0,7.007,166,False
8080432373,0,,"[[1.8, 4.9]]",70.90416666666667,73.00626666666666,2.102099999999993,0.0,0.0,72.072,360,False
4024008346,1,,"[[4.1, 8.8]]",0.30060000000000003,0.9006000000000001,0.6000000000000001,0.0,0.0,0.6006,79,False
5933003028,0,,"[[1.4, 4.1], [7.9, 8.4], [9.5, 9.7], [10.4, 21.2], [22.6, 23.2], [28.0, 30.6], [33.6, 36.9]]",10.791666666666666,11.666666666666666,0.875,1.0,0.08101851851851853,11.041666666666666,125,False
4650556666,3,,"[[19.6, 22.7]]",2.8200000000000003,3.42,0.5999999999999996,0.0,0.0,3.12,76,False
4443526735,2,,"[[0.5, 19.4]]",11.136125,12.137125,1.0009999999999994,1.0,0.05296296296296294,11.26125,64,False
2771402761,8,,"[[11.8, 16.4]]",2.7027,4.2042,1.5015,0.0,0.0,4.004,195,False
5328004991,8,,"[[9.0, 21.8]]",9.8098,15.3153,5.505500000000001,1.0,0.4301171875000001,12.8128,106,False
11566980553,3,,"[[30.1, 43.5]]",22.62262262262262,23.990657323990657,1.3680347013680354,0.0,0.0,22.889556222889556,228,False
5429688959,5,,"[[0.4, 45.0], [55.1, 83]]",43.77706666666667,44.47776666666667,0.7006999999999977,1.0,0.01571076233183851,43.77706666666667,333,False
3427674558,4,,"[[9.9, 13.3]]",11.712,12.312000000000001,0.6000000000000014,1.0,0.17647058823529452,12.012,116,False
8387356484,8,,"[[17.8, 21.7]]",27.5,30.041666666666668,2.541666666666668,0.0,0.0,27.541666666666668,138,False
4006608424,8,,"[[30.0, 41.9]]",14.347966666666666,14.947966666666668,0.6000000000000014,0.0,0.0,14.647966666666667,360,False
7059877301,3,,"[[3.9, 6.7], [7.1, 14.9], [18.9, 21.9]]",23.256866666666667,23.85686666666667,0.6000000000000014,0.0,0.0,23.556866666666668,123,False
3902997424,3,,"[[10.3, 12.5]]",11.011,12.5125,1.5015,0.9916749916749922,0.6729943502824867,11.044366666666667,104,False
4674481985,1,,"[[7.3, 12.7]]",13.2135,13.813500000000001,0.6000000000000014,0.0,0.0,13.5135,99,False
4127497265,5,,"[[0.0, 2.9]]",2.1021,3.003,0.9009,0.8856698856698855,0.26570096570096563,2.2022,120,False
4584426085,0,,"[[64.1, 79.7]]",82.082,83.5835,1.5015000000000072,0.0,0.0,82.8828,360,False
3158022797,5,,"[[42.3, 45.3]]",61.628233333333334,62.529133333333334,0.9009,0.0,0.0,61.82843333333334,360,False
9293415110,0,,"[[0.4, 5.4], [78.8, 84.9]]",8.95,9.55,0.6000000000000014,0.0,0.0,9.25,227,False
4698622422,5,,"[[12.5, 17.3], [22.4, 30.2], [36.8, 39.0]]",19.786433333333335,22.022,2.2355666666666636,0.0,0.0,19.786433333333335,169,False
2567843468,9,,"[[0.0, 1.6], [7.8, 9.2], [12.6, 13.8]]",5.8058,6.4064,0.6006,0.0,0.0,6.006,78,False
8107573462,10,,"[[6.8, 13.6]]",6.139466666666666,7.140466666666667,1.0010000000000003,0.34012654012654026,0.045635700754190975,6.6066,55,False
3869005094,4,,"[[3.9, 7.0]]",7.9082,8.5082,0.6000000000000005,0.0,0.0,8.2082,40,False
4896969617,5,,"[[9.7, 11.4]]",0.0,1.001,1.001,0.0,0.0,0.2002,47,False
2834146886,6,,"[[53.8, 55.0]]",19.786433333333335,22.022,2.2355666666666636,0.0,0.0,20.7207,251,False
3581585756,9,,"[[9.6, 13.4]]",22.022,23.0,0.9780000000000015,0.0,0.0,22.022,95,False
5735711594,3,,"[[0.2, 5.4]]",12.545866666666667,13.747066666666667,1.2012,0.0,0.0,12.746066666666668,79,False
7088595057,8,,"[[0.0, 16.4]]",0.0,0.33336666666666664,0.33336666666666664,1.0,0.020327235772357725,0.03336666666666667,142,False
4244817395,8,,"[[0.0, 14.3]]",6.96,8.88,1.9200000000000008,1.0,0.13426573426573432,8.28,226,False
5235909148,0,,"[[9.7, 11.8]]",10.610899999999999,11.2109,0.6000000000000014,1.0,0.2857142857142862,10.9109,48,False
5427285434,0,,"[[2.9, 9.8]]",1.7353666666666665,2.3353666666666664,0.5999999999999999,0.0,0.0,2.0353666666666665,83,False
5328616848,0,,"[[0.3, 9.3]]",2.002,3.5035,1.5015,1.0,0.16683333333333333,2.002,60,False
4882821564,2,,"[[64.3, 77.6]]",6.2062,18.051366666666667,11.845166666666668,0.0,0.0,13.747066666666667,360,False
4276006683,5,,"[[1.1, 9.4]]",4.004,4.671333333333333,0.6673333333333336,1.0,0.08040160642570283,4.004,107,False
6188449000,3,,"[[12.4, 22.7]]",69.43333333333334,70.03333333333333,0.5999999999999943,0.0,0.0,69.73333333333333,188,False
5907839036,6,,"[[19.0, 30.4]]",32.46576666666667,33.06636666666667,0.6006,0.0,0.0,32.565866666666665,360,False
5858985747,4,,"[[2.8, 5.5]]",1.6016,2.3356666666666666,0.7340666666666666,0.0,0.0,1.6016,47,False
9531760182,1,,"[[0.1, 4.8]]",0.0,13.72,13.72,0.3425655976676385,0.34256559766763844,12.52,257,False
2567843468,8,,"[[5.5, 6.9], [10.7, 13.9]]",5.706,6.306,0.5999999999999996,1.0,0.4285714285714282,6.006,78,False
5498331490,3,,"[[41.4, 64.7]]",67.16666666666667,71.66666666666667,4.5,0.0,0.0,71.16666666666667,288,False
4603484665,3,,"[[29.0, 42.2]]",41.041,41.666625,0.6256250000000065,1.0,0.04739583333333382,41.29125,140,False
4132599924,1,,"[[16.1, 20.8], [22.2, 26]]",20.520799999999998,21.1208,0.6000000000000014,0.4653333333333372,0.05560866794136455,20.8208,105,False
5349969207,4,,"[[35.4, 37.7]]",32.66596666666667,33.4334,0.7674333333333294,0.0,0.0,32.66596666666667,160,False
5854324479,0,,"[[16.2, 21.5]]",0.4924583333333334,1.0924583333333333,0.5999999999999999,0.0,0.0,0.7924583333333334,70,False
4190655097,5,,"[[32.3, 34.6]]",40.999291666666664,43.376666666666665,2.3773750000000007,0.0,0.0,43.00129166666667,172,False
4190655097,0,,"[[9.0, 20.7]]",10.96125,11.561250000000001,0.6000000000000014,1.0,0.051282051282051405,11.26125,172,False
6713120511,5,,"[[43.7, 51.4]]",26.259866666666667,26.85986666666667,0.6000000000000014,0.0,0.0,26.559866666666668,223,False
7308042410,8,,"[[25.6, 31.4]]",3.8371666666666666,5.038366666666667,1.2012,0.0,0.0,3.8371666666666666,137,False
9565310990,0,,"[[0.3, 8.0]]",6.006006006006006,8.008008008008009,2.002002002002003,0.9959999999999997,0.2586912198226043,7.007007007007007,125,False
8575881495,3,,"[[20.4, 30.3]]",7.040666666666667,7.640666666666666,0.5999999999999996,0.0,0.0,7.3406666666666665,267,False
5133787349,8,,"[[9.9, 15]]",1.576875,2.176875,0.5999999999999999,0.0,0.0,1.876875,50,False
2559262403,5,,"[[28.6, 29.7], [30.6, 33.0]]",24.024,27.652625,3.6286249999999995,0.0,0.0,24.649625,288,False
7572859950,5,,"[[8.9, 16.6]]",13.747366666666666,14.347366666666668,0.6000000000000014,1.0,0.0779220779220781,14.047366666666667,67,False
5875535585,3,,"[[23.0, 26.6]]",40.07366666666667,40.67366666666666,0.5999999999999943,0.0,0.0,40.373666666666665,306,False
3192668394,8,,"[[56.6, 64.9]]",0.8010999999999999,1.4011,0.6000000000000001,0.0,0.0,1.1011,278,False
5919180502,1,,"[[42.3, 44.2]]",24.557866666666666,27.160466666666668,2.6026000000000025,0.0,0.0,27.160466666666668,200,False
4984417707,7,,"[[11.0, 14.7]]",9.810099999999998,10.4101,0.6000000000000014,0.0,0.0,10.1101,59,False
3107742409,5,,"[[8.5, 10.7]]",40.741,41.340999999999994,0.5999999999999943,0.0,0.0,41.041,215,False
4166942239,7,,"[[5.0, 13.5]]",2.4024,4.2042,1.8018,0.0,0.0,2.7027,79,False
2503404966,3,,"[[24.8, 27.1]]",12.8128,14.748066666666666,1.9352666666666671,0.0,0.0,12.8128,112,False
8277866423,1,,"[[1.8, 6.1], [6.1, 34.6]]",7.416666666666667,9.416666666666666,1.9999999999999991,1.0,0.0701754385964912,8.541666666666666,111,False
3171006258,1,,"[[26.5, 33.5]]",35.3353,36.2362,0.9009,0.0,0.0,36.002633333333335,147,False
11566930393,2,,"[[12.2, 17.9]]",0.0,3.4034034034034035,3.4034034034034035,0.0,0.0,0.7007007007007007,114,False
5205081904,3,,"[[14.4, 17.1]]",12.512799999999999,13.1128,0.6000000000000014,0.0,0.0,12.8128,84,False
8171216955,6,,"[[0.0, 16.8]]",4.337666666666666,6.639966666666667,2.3023000000000007,1.0,0.13704166666666673,5.038366666666667,75,False
4092992100,5,,"[[0.0, 3.2]]",5.706,6.306,0.5999999999999996,0.0,0.0,6.006,62,False
7114553643,6,,"[[35.8, 46.4]]",37.070366666666665,42.57586666666667,5.505500000000005,1.0,0.5193867924528306,40.04,264,False
5433090067,0,,"[[0.8, 5.5]]",18.3183,19.019,0.7006999999999977,0.0,0.0,19.019,90,False
4838113006,1,,"[[52.8, 89.7]]",63.063300000000005,63.6633,0.5999999999999943,1.0,0.01626016260162586,63.3633,360,False
4612723694,2,,"[[0.0, 12.1]]",7.6076,9.009,1.4014000000000006,1.0,0.11581818181818188,8.5085,225,False
7442562474,9,,"[[2.4, 3.0], [3.4, 4.9]]",1.8351666666666666,3.036366666666667,1.2012000000000003,0.49950049950049946,0.49950049950049946,2.8361666666666667,80,False
4465235803,4,,"[[13.1, 17.0]]",14.7147,18.018,3.3033,0.6918233281869643,0.46468076453843005,17.2172,136,False
11871253306,5,,"[[6.4, 7.9]]",36.9369,40.60723333333333,3.670333333333332,0.0,0.0,40.04,173,False
2796821016,9,,"[[51.6, 57.4]]",0.10000000000000003,0.7,0.5999999999999999,0.0,0.0,0.4,249,False
3530231811,8,,"[[29.6, 33.3]]",23.4237,24.0237,0.6000000000000014,0.0,0.0,23.7237,361,False
5064681723,3,,"[[19.2, 20.0]]",19.72,20.0,0.28000000000000114,1.0,0.3500000000000011,20.02,82,False
9576671750,8,,"[[22.4, 25.8]]",16.78375041708375,17.38375041708375,0.6000000000000014,0.0,0.0,17.08375041708375,97,False
3846475848,0,,"[[0.0, 19.2]]",35.80243333333333,36.6366,0.8341666666666683,0.0,0.0,36.5365,287,False
4882821564,0,,"[[9.7, 11.3]]",86.45303333333334,89.7897,3.336666666666659,0.0,0.0,86.45303333333334,360,False
8594314852,10,,"[[6.5, 10.0]]",9.042366666666666,10.343666666666667,1.3013000000000012,0.7359051205205048,0.2491457809383402,9.042366666666666,51,False
4412508597,4,,"[[5.9, 11.5]]",3.003,5.1051,2.1021,0.0,0.0,3.7704333333333335,48,False
4123915842,8,,"[[15.1, 25]]",22.4227,23.0227,0.6000000000000014,1.0,0.060606060606060747,22.7227,100,False
9473479950,9,,"[[0.1, 7.2]]",11.71201201201201,12.312012012012012,0.6000000000000014,0.0,0.0,12.012012012012011,72,False
6078524411,4,,"[[64.7, 72.1]]",56.623533333333334,57.22353333333333,0.5999999999999943,0.0,0.0,56.92353333333333,336,False
4846820256,2,,"[[17.6, 19.9]]",20.954266666666665,21.7217,0.767433333333333,0.0,0.0,21.7217,90,False
4707679105,6,,"[[29.2, 32]]",31.031,31.7317,0.7007000000000012,1.0,0.25025000000000036,31.7317,130,False
13919236672,3,,"[[81.2, 86.0]]",119.66558224891558,126.07198865532199,6.406406406406404,0.0,0.0,124.33692025358692,467,False
5061117640,6,,"[[22.7, 28.1]]",7.974933333333333,8.574933333333334,0.6000000000000005,0.0,0.0,8.274933333333333,213,False
5662041273,9,,"[[47.8, 54.0]]",48.78236666666667,49.38236666666666,0.5999999999999943,1.0,0.09677419354838614,49.082366666666665,361,False
3960291106,5,,"[[36.1, 47.7]]",37.4374,40.5405,3.103100000000005,1.0,0.2675086206896556,39.4394,191,False
6233408665,8,,"[[64.7, 67.9]]",12.746366666666665,13.346366666666666,0.6000000000000014,0.0,0.0,13.046366666666666,300,False
