frame_idx,action_score,is_peak,persistence_value
0,0.7085138559341431,False,0.0
1,0.1352432668209076,False,0.0
2,0.007087686099112034,False,0.0
3,0.0,False,0.0
4,0.07107003778219223,False,0.0
5,0.09523520618677139,False,0.19047041237354279
6,0.0,False,0.0
7,0.08859264850616455,False,0.0
8,0.04602682217955589,False,0.0
9,0.23549246788024902,False,0.0
10,0.062289636582136154,False,0.0
11,0.17017397284507751,False,0.0
12,0.3341000974178314,True,0.6682001948356628
13,0.020067399367690086,False,0.0
14,0.0650382861495018,False,0.0
15,0.2103729099035263,False,0.0
16,0.33173322677612305,False,0.0
17,0.04007142409682274,False,0.0
18,0.0,False,0.0
19,0.3707868754863739,True,0.6835727617144585
20,0.33612343668937683,False,0.0
21,0.05747951194643974,False,0.0
22,0.25912317633628845,False,0.0
23,0.02900049462914467,False,0.0
24,0.3363906443119049,True,0.5931728929281235
25,0.03980419784784317,False,0.0
26,0.2596576511859894,False,0.0
27,0.3935777544975281,False,0.0
28,0.026977187022566795,False,0.0
29,0.05404370650649071,False,0.0
30,0.40014395117759705,False,0.0
31,0.778333842754364,True,1.0
32,0.12138550728559494,False,0.0
33,0.0026593131478875875,False,0.0
34,0.39063820242881775,False,0.0
35,0.3975861966609955,False,0.0
36,0.06305315345525742,False,0.0
37,0.5172667503356934,True,1.0
38,0.03831534832715988,False,0.0
39,0.45206281542778015,False,0.0
40,0.08840176463127136,False,0.0
41,0.2934049069881439,False,0.0
42,0.4684019684791565,True,0.8601732403039932
43,0.03216907009482384,False,0.0
44,0.06408389657735825,False,0.0
45,0.2692779004573822,False,0.0
46,0.4083898663520813,False,0.0
47,0.05740315839648247,False,0.0
48,0.0,False,0.0
49,0.2450745552778244,False,0.0
50,0.41255101561546326,False,0.0
51,0.06500010937452316,False,0.0
52,0.3518899381160736,False,0.0
53,0.03144373744726181,False,0.0
54,0.42083510756492615,True,0.7360260486602783
55,0.05282208323478699,False,0.0
56,0.41556689143180847,False,0.0
57,0.5037144422531128,False,0.0
58,0.03171096369624138,False,0.0
59,0.03919338807463646,False,0.0
60,0.3189825713634491,False,0.0
61,0.7227475047111511,True,1.0
62,0.3839956521987915,False,0.0
63,0.02373225800693035,False,0.0
64,0.37823113799095154,False,0.0
65,0.45878171920776367,False,0.0
66,0.06866496801376343,False,0.0
67,0.3767804801464081,False,0.0
68,0.024877527728676796,False,0.0
69,0.4317152202129364,True,0.6824275851249695
70,0.09050142765045166,False,0.0
71,0.3398646414279938,False,0.0
72,0.5197100043296814,False,0.0
73,0.03766636177897453,False,0.0
74,0.03232177719473839,False,0.0
75,0.9431604146957397,True,1.0
76,0.5009276270866394,False,0.0
77,0.053280193358659744,False,0.0
78,0.0,False,0.0
79,0.3751007318496704,False,0.0
80,0.4230111539363861,True,0.7906172573566437
81,0.03961331769824028,False,0.0
82,0.39544835686683655,False,0.0
83,0.02770252525806427,False,0.0
84,0.45026856660842896,False,0.0
85,0.061984237283468246,False,0.0
86,0.3484923243522644,False,0.0
87,0.5282613635063171,True,0.9853893220424652
88,0.035566702485084534,False,0.0
89,0.03827717527747154,False,0.0
90,0.3552112281322479,False,0.0
91,0.750098466873169,False,0.0
92,0.1168426051735878,False,0.0
93,0.0033082987647503614,False,0.0
94,0.7930859327316284,True,1.0
95,0.7017713785171509,False,0.0
96,0.08935616165399551,False,0.0
97,0.4243854582309723,False,0.0
98,0.026748133823275566,False,0.0
99,0.4599269926548004,False,0.0
100,0.07057374715805054,False,0.0
101,0.3369632661342621,False,0.0
102,0.5187174677848816,True,0.983938667923212
103,0.032818060368299484,False,0.0
104,0.03877345845103264,False,0.0
105,0.32921361923217773,False,0.0
106,0.517724871635437,False,0.0
107,0.07649097591638565,False,0.0
108,0.0001015461384668015,False,0.0
109,0.3348636329174042,False,0.0
110,0.475922554731369,False,0.0
111,0.07190989702939987,False,0.0
112,0.523107647895813,True,0.9711116254329681
113,0.03957514092326164,False,0.0
114,0.47848033905029297,False,0.0
115,0.07481124252080917,False,0.0
116,0.3546767830848694,False,0.0
117,0.5115022659301758,True,0.9438542500138283
118,0.03755183517932892,False,0.0
119,0.0547308623790741,False,0.0
120,0.32665586471557617,False,0.0
121,0.5252836346626282,False,0.0
122,0.08412609994411469,False,0.0
123,0.0,False,0.0
124,0.48397761583328247,False,0.0
125,0.8117575645446777,True,1.0
126,0.11630815267562866,False,0.0
127,0.4863445460796356,False,0.0
128,0.042896419763565063,False,0.0
129,0.5197100043296814,False,0.0
130,0.1126432940363884,False,0.0
131,0.6848526000976562,False,0.0
132,0.7336740493774414,True,1.0
133,0.03858257830142975,False,0.0
134,0.08065211772918701,False,0.0
135,0.4914218485355377,False,0.0
136,0.7333489656448364,False,0.0
137,0.10298486053943634,False,0.0
138,0.0003687755379360169,False,0.0
139,0.4159868359565735,False,0.0
140,0.5074556469917297,True,0.9306454733014107
141,0.06862679123878479,False,0.0
142,0.472715824842453,False,0.0
143,0.0421329103410244,False,0.0
144,0.506157636642456,False,0.0
145,0.08275177329778671,False,0.0
146,0.35425683856010437,False,0.0
147,0.7402841448783875,False,0.0
148,0.034688662737607956,False,0.0
149,0.05412006005644798,False,0.0
150,0.9386873245239258,True,1.0
151,0.5275742411613464,False,0.0
152,0.0781325250864029,False,0.0
153,0.0,False,0.0
154,0.3374595642089844,False,0.0
155,0.5330714583396912,True,1.0
156,0.4338912069797516,False,0.0
157,0.46676039695739746,False,0.0
158,0.04007142409682274,False,0.0
159,0.4685928523540497,False,0.0
160,0.09573148936033249,False,0.0
161,0.31283628940582275,False,0.0
162,0.4875279366970062,True,0.894913025200367
163,0.03526129946112633,False,0.0
164,0.04694303870201111,False,0.0
165,0.30814069509506226,False,0.0
166,0.48794791102409363,False,0.0
167,0.07362779974937439,False,0.0
168,0.0,False,0.0
169,0.5102424621582031,True,1.0
170,0.46737122535705566,False,0.0
171,0.07332240045070648,False,0.0
172,0.40682467818260193,False,0.0
173,0.029878536239266396,False,0.0
174,0.45664387941360474,False,0.0
175,0.08088117092847824,False,0.0
176,0.31092751026153564,False,0.0
177,0.5010039210319519,True,0.942250769585371
178,0.03774271532893181,False,0.0
179,0.03988054767251015,False,0.0
180,0.32902273535728455,False,0.0
181,0.47206684947013855,False,0.0
182,0.07118456065654755,False,0.0
183,0.0,False,0.0
184,0.3278774917125702,False,0.0
185,0.5416228175163269,False,0.0
186,0.1835736185312271,False,0.0
187,0.8904755115509033,True,1.0
188,0.055150795727968216,False,0.0
189,0.47214317321777344,False,0.0
190,0.08233184367418289,False,0.0
191,0.30993494391441345,False,0.0
192,0.5050123929977417,False,0.0
193,0.03465048596262932,False,0.0
194,0.04110216721892357,False,0.0
195,0.32951903343200684,False,0.0
196,0.7094324827194214,True,1.0
197,0.07614739239215851,False,0.0
198,0.0020103275310248137,False,0.0
199,0.38804227113723755,False,0.0
200,0.47344112396240234,False,0.0
201,0.06290044635534286,False,0.0
202,0.41006961464881897,True,0.6943383365869522
203,0.029916709288954735,False,0.0
204,0.437479704618454,False,0.0
205,0.07847610861063004,False,0.0
206,0.49157458543777466,False,0.0
207,0.707801342010498,True,1.0
208,0.034039679914712906,False,0.0
209,0.05560890585184097,False,0.0
210,0.3732683062553406,False,0.0
211,0.4825269281864166,False,0.0
212,0.07255887985229492,False,0.0
213,0.0,False,0.0
214,0.4597742557525635,False,0.0
215,0.7089280486106873,False,0.0
216,0.07618556916713715,False,0.0
217,0.5076846480369568,False,0.0
218,0.033848803490400314,False,0.0
219,0.8096104860305786,True,1.0
220,0.10111425071954727,False,0.0
221,0.3999148905277252,False,0.0
222,0.7371896505355835,False,0.0
223,0.0300312377512455,False,0.0
224,0.12371422350406647,False,0.0
225,0.940748929977417,True,1.0
226,0.5308191180229187,False,0.0
227,0.07229165732860565,False,0.0
228,0.0,False,0.0
229,0.4722958505153656,False,0.0
230,0.8505383133888245,False,0.0
231,0.08546224236488342,False,0.0
232,0.8541896343231201,True,1.0
233,0.04568324238061905,False,0.0
234,0.8411906361579895,False,0.0
235,0.11237605661153793,False,0.0
236,0.4412972629070282,False,0.0
237,0.76812344789505,True,1.0
238,0.035757582634687424,False,0.0
239,0.08072846382856369,False,0.0
240,0.4209878444671631,False,0.0
241,0.4710361063480377,False,0.0
242,0.06675618886947632,False,0.0
243,0.0,False,0.0
244,0.4180864989757538,False,0.0
245,0.41823920607566833,False,0.0
246,0.05171499401330948,False,0.0
247,0.7955543398857117,True,1.0
248,0.03686467558145523,False,0.0
249,0.8348420262336731,False,0.0
250,0.8997166156768799,False,0.0
251,0.36235007643699646,False,0.0
252,0.9152151942253113,True,1.0
253,0.021747125312685966,False,0.0
254,0.02999306097626686,False,0.0
255,0.40167099237442017,False,0.0
256,0.8376369476318359,False,0.0
257,0.056219715625047684,False,0.0
258,0.0,False,0.0
259,0.35234805941581726,False,0.0
260,0.9356647729873657,False,0.0
261,0.028695091605186462,False,0.0
262,0.9078034162521362,False,0.0
263,0.0,False,0.0
264,0.9845199584960938,True,1.0
265,0.08229366689920425,False,0.0
266,0.5233367085456848,False,0.0
267,0.8513647317886353,False,0.0
268,0.03694102540612221,False,0.0
269,0.08706562221050262,False,0.0
270,0.3980061113834381,False,0.0
271,0.8346949219703674,True,1.0
272,0.097449392080307,False,0.0
273,0.0,False,0.0
274,0.4580945670604706,False,0.0
275,0.531162679195404,False,0.0
276,0.08362981677055359,False,0.0
277,0.4188881814479828,False,0.0
278,0.017166052013635635,False,0.0
279,0.8982815742492676,True,1.0
280,0.287105917930603,False,0.0
281,0.8655016422271729,False,0.0
282,0.567734956741333,False,0.0
283,0.05335653945803642,False,0.0
284,0.07755988836288452,False,0.0
285,0.27523329854011536,False,0.0
286,0.45206281542778015,True,0.7974125519394875
287,0.08519501984119415,False,0.0
288,0.0024684348609298468,False,0.0
289,0.3413916528224945,False,0.0
290,0.40243449807167053,False,0.0
291,0.07927779853343964,False,0.0
292,0.3650987148284912,False,0.0
293,0.023846786469221115,False,0.0
294,0.47916752099990845,True,0.8702516630291939
295,0.09641864895820618,False,0.0
296,0.44736719131469727,False,0.0
297,0.4789002537727356,False,0.0
298,0.04480520263314247,False,0.0
299,0.04404168948531151,False,0.0
300,0.9370841979980469,True,1.0
301,0.4003729820251465,False,0.0
302,0.05778491497039795,False,0.0
303,0.0,False,0.0
304,0.26232993602752686,False,0.0
305,0.3554021120071411,True,0.6848707590252161
306,0.04999708756804466,False,0.0
307,0.312492698431015,False,0.0
308,0.012966732494533062,False,0.0
309,0.4080080986022949,False,0.0
310,0.07935414463281631,False,0.0
311,0.5216187834739685,False,0.0
312,0.7980762720108032,True,1.0
313,0.051142361015081406,False,0.0
314,0.10218316316604614,False,0.0
315,0.24522724747657776,False,0.0
316,0.38044533133506775,False,0.0
317,0.07187172025442123,False,0.0
318,0.0,False,0.0
319,0.5853339433670044,True,1.0
320,0.4043814241886139,False,0.0
321,0.07771258801221848,False,0.0
322,0.27744749188423157,False,0.0
323,0.014341055415570736,False,0.0
324,0.2993603050708771,False,0.0
325,0.04484337940812111,False,0.0
326,0.25232791900634766,False,0.0
327,0.42304930090904236,True,0.8174164909869432
328,0.035757582634687424,False,0.0
329,0.03988054767251015,False,0.0
330,0.24728873372077942,False,0.0
331,0.33600887656211853,False,0.0
332,0.05507444962859154,False,0.0
333,0.0017812736332416534,False,0.0
334,0.22655938565731049,False,0.0
335,0.315470427274704,False,0.0
336,0.05488356947898865,False,0.0
337,0.411672979593277,True,0.7767976559698582
338,0.023274151608347893,False,0.0
339,0.2991694211959839,False,0.0
340,0.04854641482234001,False,0.0
341,0.2749660909175873,False,0.0
342,0.4938269257545471,True,0.9782886086031795
343,0.031329210847616196,False,0.0
344,0.3311987817287445,False,0.0
345,0.32753390073776245,False,0.0
346,0.3802162706851959,False,0.0
347,0.058281201869249344,False,0.0
348,0.004682621452957392,False,0.0
349,0.21189992129802704,False,0.0
350,0.30333057045936584,True,0.5838580764830112
351,0.034726839512586594,False,0.0
352,0.250686377286911,False,0.0
353,0.011401532217860222,False,0.0
354,0.2910761833190918,False,0.0
355,0.04404168948531151,False,0.0
356,0.43003544211387634,False,0.0
357,0.9313840866088867,True,1.0
358,0.05125688388943672,False,0.0
359,0.12176727503538132,False,0.0
360,0.4978353679180145,False,0.0
361,0.4943232238292694,False,0.0
362,0.08458420634269714,False,0.0
363,0.0,False,0.0
364,0.3228001296520233,False,0.0
365,0.3978152275085449,True,0.749922014772892
366,0.06839773803949356,False,0.0
367,0.34272781014442444,False,0.0
368,0.022854220122098923,False,0.0
369,0.3221129775047302,False,0.0
370,0.057632215321063995,False,0.0
371,0.23324011266231537,False,0.0
372,0.5695673823356628,False,0.0
373,0.04072041064500809,False,0.0
374,0.08897440880537033,False,0.0
375,0.940240740776062,True,1.0
376,0.3765895962715149,False,0.0
377,0.03904068470001221,False,0.0
378,0.0,False,0.0
379,0.2481667846441269,False,0.0
380,0.3223038613796234,True,0.6301269456744194
381,0.033008936792612076,False,0.0
382,0.29462653398513794,False,0.0
383,0.0072403885424137115,False,0.0
384,0.2864951193332672,False,0.0
385,0.03644474223256111,False,0.0
386,0.30642279982566833,False,0.0
387,0.34883591532707214,True,0.6976718306541443
388,0.024419419467449188,False,0.0
389,0.03041299246251583,False,0.0
390,0.24434922635555267,False,0.0
391,0.31634843349456787,False,0.0
392,0.04499607905745506,False,0.0
393,0.0,False,0.0
394,0.33463457226753235,True,0.6560099879279733
395,0.29691705107688904,False,0.0
396,0.03327616676688194,False,0.0
397,0.2842045724391937,False,0.0
398,0.01728057861328125,False,0.0
399,0.28221943974494934,True,0.4858994036912918
400,0.039269737899303436,False,0.0
401,0.18479524552822113,False,0.0
402,0.2956572473049164,False,0.0
403,0.006629578303545713,False,0.0
404,0.011897815391421318,False,0.0
405,0.293710321187973,False,0.0
406,0.4038088023662567,True,0.8076176047325134
407,0.04858459159731865,False,0.0
408,0.0,False,0.0
409,0.15020810067653656,False,0.0
410,0.8738572001457214,False,0.0
411,0.07790347188711166,False,0.0
412,0.8973537683486938,True,1.0
413,0.014226527884602547,False,0.0
414,0.9374302625656128,False,0.0
415,0.11569733917713165,False,0.0
416,0.5707508325576782,False,0.0
417,0.9630013704299927,True,1.0
418,0.03770453855395317,False,0.0
419,0.07110821455717087,False,0.0
420,0.46466073393821716,False,0.0
421,0.8414369821548462,False,0.0
422,0.12043111771345139,False,0.0
423,0.006782280746847391,False,0.0
424,0.4025108516216278,False,0.0
425,0.4696999490261078,True,0.8801009356975555
426,0.08939433097839355,False,0.0
427,0.4267905354499817,False,0.0
428,0.029649481177330017,False,0.0
429,0.46786752343177795,False,0.0
430,0.08843994140625,False,0.0
431,0.5118076205253601,True,0.9385095611214638
432,0.4857337176799774,False,0.0
433,0.04255283996462822,False,0.0
434,0.04419439285993576,False,0.0
435,0.2938629984855652,False,0.0
436,0.5156633853912354,True,0.9995142593979836
437,0.37162676453590393,False,0.0
438,0.028427859768271446,False,0.0
439,0.3214639723300934,False,0.0
440,0.3482632637023926,False,0.0
441,0.039498791098594666,False,0.0
442,0.2805015444755554,False,0.0
443,0.015906255692243576,False,0.0
444,0.3002764880657196,True,0.5321682170033455
445,0.03419237956404686,False,0.0
446,0.19258306920528412,False,0.0
447,0.7958349585533142,False,0.0
448,0.04644675552845001,False,0.0
449,0.0,False,0.0
450,0.9987505674362183,True,1.0
451,0.977188766002655,False,0.0
452,0.13650305569171906,False,0.0
453,0.0005596536793746054,False,0.0
454,0.4604232907295227,False,0.0
455,0.5362400412559509,True,1.0
456,0.08702744543552399,False,0.0
457,0.4522154927253723,False,0.0
458,0.027015363797545433,False,0.0
459,0.5053178071975708,False,0.0
460,0.105848029255867,False,0.0
461,0.3345963954925537,False,0.0
462,0.42793580889701843,True,0.6441755592823029
463,0.028885969892144203,False,0.0
464,0.06450382620096207,False,0.0
465,0.3085987865924835,False,0.0
466,0.591098427772522,False,0.0
467,0.20640264451503754,False,0.0
468,0.017585983499884605,False,0.0
469,0.8110891580581665,True,1.0
470,0.3998003900051117,False,0.0
471,0.06790145486593246,False,0.0
472,0.2910761833190918,False,0.0
473,0.01789138838648796,False,0.0
474,0.33463457226753235,False,0.0
475,0.059922751039266586,False,0.0
476,0.2274755984544754,False,0.0
477,0.3430714011192322,True,0.6503600254654884
478,0.022243408486247063,False,0.0
479,0.03377244994044304,False,0.0
480,0.2469833344221115,False,0.0
481,0.3304734230041504,False,0.0
482,0.04789742827415466,False,0.0
483,0.0,False,0.0
484,0.21812255680561066,False,0.0
485,0.8477956056594849,False,0.0
486,0.1202402338385582,False,0.0
487,0.890792965888977,False,0.0
488,0.04911905154585838,False,0.0
489,0.8980774283409119,True,1.0
490,0.14150406420230865,False,0.0
491,0.4508030116558075,False,0.0
492,0.4887877404689789,False,0.0
493,0.04476702958345413,False,0.0
494,0.05816667154431343,False,0.0
495,0.36402979493141174,False,0.0
496,0.43732699751853943,False,0.0
497,0.07786529511213303,False,0.0
498,0.003002893878147006,False,0.0
499,0.4865354001522064,False,0.0
500,0.8985463976860046,True,1.0
501,0.09447169303894043,False,0.0
502,0.29741331934928894,False,0.0
503,0.004529919009655714,False,0.0
504,0.3237926959991455,False,0.0
505,0.08366798609495163,False,0.0
506,0.5375761985778809,True,1.0
507,0.4271722733974457,False,0.0
508,0.03644474223256111,False,0.0
509,0.052020397037267685,False,0.0
510,0.23442354798316956,False,0.0
511,0.3533788025379181,True,0.633868120610714
512,0.07332240045070648,False,0.0
513,0.0,False,0.0
514,0.24709784984588623,False,0.0
515,0.27065223455429077,False,0.0
516,0.0529366135597229,False,0.0
517,0.2640860080718994,False,0.0
518,0.015409971587359905,False,0.0
519,0.2856552302837372,True,0.46062711626291275
520,0.05534167215228081,False,0.0
521,0.20098169147968292,False,0.0
522,0.31111839413642883,False,0.0
523,0.028046105057001114,False,0.0
524,0.022357936948537827,False,0.0
525,0.9303078055381775,True,1.0
526,0.3201660215854645,False,0.0
527,0.024075839668512344,False,0.0
528,0.0,False,0.0
529,0.2002563774585724,False,0.0
530,0.3692980408668518,True,0.734880831791088
531,0.3189825713634491,False,0.0
532,0.32104405760765076,False,0.0
533,0.025297461077570915,False,0.0
534,0.2974897027015686,False,0.0
535,0.05442545935511589,False,0.0
536,0.17151011526584625,False,0.0
537,0.2919923961162567,True,0.47513387352228165
538,0.019265709444880486,False,0.0
539,0.019265709444880486,False,0.0
540,0.19712595641613007,False,0.0
541,0.33383288979530334,False,0.0
542,0.05648694559931755,False,0.0
543,0.0018576249713078141,False,0.0
544,0.36456426978111267,True,0.6951781921088696
545,0.2947792112827301,False,0.0
546,0.039269737899303436,False,0.0
547,0.2746606767177582,False,0.0
548,0.016975173726677895,False,0.0
549,0.47618982195854187,False,0.0
550,0.07603286951780319,False,0.0
551,0.4630955755710602,False,0.0
552,0.9066487550735474,True,1.0
553,0.042896419763565063,False,0.0
554,0.0979456752538681,False,0.0
555,0.5788440704345703,False,0.0
556,0.8497511744499207,False,0.0
557,0.11909496784210205,False,0.0
558,0.0,False,0.0
559,0.3963263928890228,False,0.0
560,0.5856392979621887,False,0.0
561,0.12829530239105225,False,0.0
562,0.6471784114837646,True,1.0
563,0.04900452122092247,False,0.0
564,0.36643487215042114,False,0.0
565,0.05717410519719124,False,0.0
566,0.1851769983768463,False,0.0
567,0.964455246925354,False,0.0
568,0.02934407629072666,False,0.0
569,0.10428283363580704,False,0.0
570,0.5882352590560913,False,0.0
571,0.9981970191001892,True,1.0
572,0.11661355942487717,False,0.0
573,0.0,False,0.0
574,0.596748411655426,False,0.0
575,0.8728870153427124,False,0.0
576,0.13047131896018982,False,0.0
577,0.5213515758514404,True,0.7817605137825012
578,0.036597445607185364,False,0.0
579,0.4917272627353668,False,0.0
580,0.1129486933350563,False,0.0
581,0.471112459897995,False,0.0
582,0.5519683957099915,True,1.0
583,0.045950472354888916,False,0.0
584,0.05587613582611084,False,0.0
585,0.36345717310905457,False,0.0
586,0.5168468356132507,False,0.0
587,0.10966559499502182,False,0.0
588,0.0034991768188774586,False,0.0
589,0.4039233326911926,False,0.0
590,0.4262942373752594,False,0.0
591,0.07435313612222672,False,0.0
592,0.512876570224762,False,0.0
593,0.026824483647942543,False,0.0
594,0.5597180724143982,True,0.8986542969942093
595,0.11039092391729355,False,0.0
596,0.42995911836624146,False,0.0
597,0.869799792766571,False,0.0
598,0.037437308579683304,False,0.0
599,0.091837577521801,False,0.0
600,0.9984565377235413,True,1.0
601,0.9222255945205688,False,0.0
602,0.09527338296175003,False,0.0
603,0.0,False,0.0
604,0.6218680143356323,False,0.0
605,0.8922332525253296,False,0.0
606,0.07847610861063004,False,0.0
607,0.9753193259239197,True,1.0
608,0.03400150313973427,False,0.0
609,0.9685059785842896,False,0.0
610,0.12791354954242706,False,0.0
611,0.47015807032585144,False,0.0
612,0.5421572923660278,True,0.8284874856472015
613,0.02705353870987892,False,0.0
614,0.05488356947898865,False,0.0
615,0.2779819667339325,False,0.0
616,0.5353620052337646,False,0.0
617,0.07729266583919525,False,0.0
618,0.0,False,0.0
619,0.531697154045105,True,1.0
620,0.3599831759929657,False,0.0
621,0.05247850343585014,False,0.0
622,0.25221338868141174,False,0.0
623,0.0,False,0.0
624,0.34494200348854065,True,0.428101509809494
625,0.13089124858379364,False,0.0
626,0.6074376106262207,False,0.0
627,0.9626622200012207,False,0.0
628,0.0,False,0.0
629,0.049729857593774796,False,0.0
630,0.8570532202720642,False,0.0
631,0.9833920001983643,True,1.0
632,0.12871523201465607,False,0.0
633,0.0,False,0.0
634,0.5010802745819092,False,0.0
635,0.5999169945716858,False,0.0
636,0.10046526044607162,False,0.0
637,0.866301417350769,True,1.0
638,0.03732278198003769,False,0.0
639,0.5972065329551697,False,0.0
640,0.09909094870090485,False,0.0
641,0.3486068546772003,False,0.0
642,0.5912129282951355,True,0.9842439591884613
643,0.03892615810036659,False,0.0
644,0.06022815778851509,False,0.0
645,0.3153940439224243,False,0.0
646,0.5515484809875488,False,0.0
647,0.1263483464717865,False,0.0
648,0.0,False,0.0
649,0.35563117265701294,False,0.0
650,0.3654041290283203,True,0.7308082580566406
651,0.04957715794444084,False,0.0
652,0.20762427151203156,False,0.0
653,0.0,False,0.0
654,0.3373068571090698,False,0.0
655,0.03900250792503357,False,0.0
656,0.5594508051872253,False,0.0
657,0.9091029763221741,True,1.0
658,0.0,False,0.0
659,0.032818060368299484,False,0.0
660,0.5192519426345825,False,0.0
661,0.8712577819824219,False,0.0
662,0.040758587419986725,False,0.0
663,0.0,False,0.0
664,0.5168086886405945,False,0.0
665,0.858718752861023,False,0.0
666,0.03820082172751427,False,0.0
667,0.9332201480865479,True,1.0
668,0.0,False,0.0
669,0.9098628759384155,False,0.0
670,0.11703348159790039,False,0.0
671,0.5842267870903015,False,0.0
672,0.8606926798820496,False,0.0
673,0.03980419784784317,False,0.0
674,0.10203047096729279,False,0.0
675,0.9768164753913879,True,1.0
676,0.5741102695465088,False,0.0
677,0.08901257812976837,False,0.0
678,0.0,False,0.0
679,0.39044734835624695,False,0.0
680,0.5318498611450195,True,1.0
681,0.10928384214639664,False,0.0
682,0.4840157926082611,False,0.0
683,0.029458602890372276,False,0.0
684,0.6506524085998535,False,0.0
685,0.2136559933423996,False,0.0
686,0.6312592029571533,False,0.0
687,0.9034998416900635,True,1.0
688,0.06408389657735825,False,0.0
689,0.19903473556041718,False,0.0
690,0.2825630307197571,False,0.0
691,0.4319060742855072,False,0.0
692,0.13570137321949005,False,0.0
693,0.0,False,0.0
694,0.6023983955383301,True,1.0
695,0.4283175468444824,False,0.0
696,0.11210882663726807,False,0.0
697,0.36032676696777344,False,0.0
698,0.02667178213596344,False,0.0
699,0.4283175468444824,False,0.0
700,0.16818884015083313,False,0.0
701,0.3583798110485077,False,0.0
702,0.4314098060131073,True,0.8094760477542877
703,0.032665353268384933,False,0.0
704,0.07236800342798233,False,0.0
705,0.2735917270183563,False,0.0
706,0.3333747684955597,False,0.0
707,0.08153015375137329,False,0.0
708,0.008500183932483196,False,0.0
709,0.267063707113266,False,0.0
710,0.28103598952293396,False,0.0
711,0.09050142765045166,False,0.0
712,0.5071502327919006,True,0.9212542548775673
713,0.04652310535311699,False,0.0
714,0.31123289465904236,False,0.0
715,0.1255466490983963,False,0.0
716,0.21453404426574707,False,0.0
717,0.9642770886421204,True,1.0
718,0.06171700358390808,False,0.0
719,0.5400575995445251,False,0.0
720,0.3180663287639618,False,0.0
721,0.29271772503852844,False,0.0
722,0.0929446741938591,False,0.0
723,0.005713363643735647,False,0.0
724,0.1869712471961975,False,0.0
725,0.23415632545948029,True,0.44986161030828953
726,0.03858257830142975,False,0.0
727,0.2105637788772583,False,0.0
728,0.009225520305335522,False,0.0
729,0.30073460936546326,False,0.0
730,0.07045922428369522,False,0.0
731,0.5430734753608704,True,1.0
732,0.4194989800453186,False,0.0
733,0.03507041931152344,False,0.0
734,0.08175920695066452,False,0.0
735,0.21533572673797607,False,0.0
736,0.3098585903644562,True,0.5495763421058655
737,0.0726352334022522,False,0.0
738,0.0002160730364266783,False,0.0
739,0.23808841407299042,False,0.0
740,0.28744950890541077,False,0.0
741,0.07404773682355881,False,0.0
742,0.21739721298217773,False,0.0
743,0.015562674961984158,False,0.0
744,0.26591846346855164,True,0.4151218309998512
745,0.05835754796862602,False,0.0
746,0.28313565254211426,False,0.0
747,0.5186029076576233,False,0.0
748,0.05297478660941124,False,0.0
749,0.10508451610803604,False,0.0
750,0.9000000357627869,True,1.0
751,0.1670435667037964,False,0.0
752,0.0020103275310248137,False,0.0
753,0.0,False,0.0
754,0.16288243234157562,False,0.0
755,0.20361581444740295,True,0.4072316288948059
756,0.020678209140896797,False,0.0
757,0.1739533543586731,False,0.0
758,0.0,False,0.0
759,0.23644685745239258,False,0.0
760,0.03602481260895729,False,0.0
761,0.16093546152114868,False,0.0
762,0.248663067817688,True,0.497326135635376
763,0.010905249044299126,False,0.0
764,0.03209272027015686,False,0.0
765,0.16307330131530762,False,0.0
766,0.2271701842546463,False,0.0
767,0.03549035266041756,False,0.0
768,0.0,False,0.0
769,0.34662172198295593,True,0.6828092830255628
770,0.24530361592769623,False,0.0
771,0.0550362728536129,False,0.0
772,0.19590434432029724,False,0.0
773,0.005217080470174551,False,0.0
774,0.23572151362895966,False,0.3947359770536423
775,0.03835352510213852,False,0.0
776,0.18498611450195312,False,0.0
777,0.25801607966423035,False,0.0
778,0.01342483889311552,False,0.0
779,0.027817049995064735,False,0.0
780,0.3094768226146698,False,0.0
781,0.49405598640441895,True,0.9881119728088379
782,0.09832742810249329,False,0.0
783,0.00895829126238823,False,0.0
784,0.19590434432029724,False,0.0
785,0.24572353065013885,False,0.0
786,0.05385282635688782,False,0.0
787,0.4703107476234436,True,0.9227049127221107
788,0.037628185003995895,False,0.0
789,0.3066900074481964,False,0.0
790,0.07580380886793137,False,0.0
791,0.20838777720928192,False,0.0
792,0.27111032605171204,False,0.0
793,0.016135310754179955,False,0.0
794,0.02980218268930912,False,0.0
795,0.19109420478343964,False,0.0
796,0.2837083041667938,True,0.5351459868252277
797,0.049309927970170975,False,0.0
798,0.0,False,0.0
799,0.2158701866865158,False,0.0
800,0.24851036071777344,False,0.0
801,0.040338654071092606,False,0.0
802,0.2397681325674057,False,0.0
803,0.01605895720422268,False,0.0
804,0.23969177901744843,False,0.0
805,0.05900653824210167,False,0.0
806,0.29283225536346436,True,0.5532411895692348
807,0.2846626937389374,False,0.0
808,0.01621166057884693,False,0.0
809,0.02064003422856331,False,0.0
810,0.17250268161296844,False,0.0
811,0.335054486989975,True,0.6577660320326686
812,0.19922561943531036,False,0.0
813,0.00617147097364068,False,0.0
814,0.17299896478652954,False,0.0
815,0.34104809165000916,False,0.0
816,0.0492335744202137,False,0.0
817,1.0,True,1.0
818,0.05209675058722496,False,0.0
819,0.5376525521278381,False,0.0
820,0.13646487891674042,False,0.0
821,0.2528623938560486,False,0.0
822,0.3450946807861328,False,0.0
823,0.014570108614861965,False,0.0
824,0.008271130733191967,False,0.0
825,0.9321703314781189,True,1.0
826,0.5192137360572815,False,0.0
827,0.0363302156329155,False,0.0
828,0.0,False,0.0
829,0.584150493144989,False,0.0
830,0.9107784628868103,False,0.0
831,0.05427275970578194,False,0.0
832,0.8933530449867249,False,0.0
833,0.0,False,0.0
834,0.9537915587425232,True,1.0
835,0.061602480709552765,False,0.0
836,0.881229043006897,False,0.0
837,0.9858134984970093,False,0.0
838,0.015333621762692928,False,0.0
839,0.07072645425796509,False,0.0
840,0.563688337802887,False,0.0
841,0.9979283809661865,True,1.0
842,0.15169696509838104,False,0.0
843,0.0,False,0.0
844,0.9630371332168579,False,0.0
845,0.6793223023414612,False,0.0
846,0.10978012531995773,False,0.0
847,0.6115987300872803,False,0.0
848,0.04037683084607124,False,0.0
849,0.9149340391159058,True,1.0
850,0.11940038204193115,False,0.0
851,0.41465067863464355,False,0.0
852,0.544371485710144,False,0.0
853,0.03518494591116905,False,0.0
854,0.046599458903074265,False,0.0
855,0.33154234290122986,False,0.0
856,0.9956002831459045,True,1.0
857,0.1856732815504074,False,0.0
858,0.005255255848169327,False,0.0
859,0.5568549036979675,False,0.0
860,0.6550425887107849,False,0.0
861,0.10141965001821518,False,0.0
862,0.573079526424408,True,0.9433197528123856
863,0.031596437096595764,False,0.0
864,0.5049742460250854,False,0.0
865,0.07897239178419113,False,0.0
866,0.34414029121398926,False,0.0
867,0.8779159784317017,True,1.0
868,0.03526129946112633,False,0.0
869,0.03644474223256111,False,0.0
870,0.563688337802887,False,0.0
871,0.9987534284591675,False,0.0
872,0.12798988819122314,False,0.0
873,0.0,False,0.0
874,0.8893554210662842,False,0.0
875,0.999083399772644,True,1.0
876,0.0829426571726799,False,0.0
877,0.971427857875824,False,0.0
878,0.012050516903400421,False,0.0
879,0.9955483675003052,False,0.0
880,0.1620425581932068,False,0.0
881,0.6595854759216309,False,0.0
882,0.9987838864326477,True,1.0
883,0.02518293261528015,False,0.0
884,0.04961533471941948,False,0.0
885,0.5768970847129822,False,0.0
886,0.9977235198020935,False,0.0
887,0.09935817122459412,False,0.0
888,0.0,False,0.0
889,0.9006240367889404,False,0.0
890,0.9964909553527832,True,1.0
891,0.10130512714385986,False,0.0
892,0.934969425201416,False,0.0
893,0.04102581366896629,False,0.0
894,0.6275561451911926,False,0.0
895,0.08611123263835907,False,0.0
896,0.5458602905273438,False,0.0
897,0.6567987203598022,False,0.0
898,0.04522513598203659,False,0.0
899,0.012661327607929707,False,0.0
900,0.9515239596366882,True,1.0
901,0.550517737865448,False,0.0
902,0.07584198564291,False,0.0
903,0.0,False,0.0
904,0.34662172198295593,False,0.0
905,0.6237767934799194,True,1.0
906,0.5342167615890503,False,0.0
907,0.5072647929191589,False,0.0
908,0.04320182651281357,False,0.0
909,0.5392559170722961,False,0.0
910,0.1023358702659607,False,0.0
911,0.43736520409584045,False,0.0
912,0.5287194848060608,True,0.8527672290802002
913,0.047019388526678085,False,0.0
914,0.08057576417922974,False,0.0
915,0.44328242540359497,False,0.0
916,0.5422336459159851,False,0.0
917,0.09935817122459412,False,0.0
918,0.005140728782862425,False,0.0
919,0.6237767934799194,True,1.0
920,0.5192900896072388,False,0.0
921,0.12188179790973663,False,0.0
922,0.4125128388404846,False,0.0
923,0.03442143648862839,False,0.0
924,0.4167885482311249,False,0.0
925,0.0937463566660881,False,0.0
926,0.36532777547836304,False,0.0
927,0.4601178765296936,True,0.8513928800821304
928,0.038238998502492905,False,0.0
929,0.05835754796862602,False,0.0
930,0.34272781014442444,False,0.0
931,0.4304172098636627,False,0.0
932,0.07721631228923798,False,0.0
933,0.004109987057745457,False,0.0
934,0.3075680434703827,False,0.0
935,0.5647572875022888,False,0.0
936,0.20082901418209076,False,0.0
937,0.9574061632156372,True,1.0
938,0.06645078212022781,False,0.0
939,0.450115829706192,False,0.0
940,0.09832742810249329,False,0.0
941,0.28202855587005615,False,0.0
942,0.42266756296157837,False,0.0
943,0.028275160118937492,False,0.0
944,0.03789541870355606,False,0.0
945,0.3002764880657196,False,0.0
946,0.4330131709575653,True,0.8094760216772556
947,0.06625990569591522,False,0.0
948,0.0,False,0.0
949,0.2913052439689636,False,0.0
950,0.38964566588401794,False,0.0
951,0.05320383980870247,False,0.0
952,0.33711597323417664,False,0.0
953,0.015524499118328094,False,0.0
954,0.394074022769928,False,0.0
955,0.06270956993103027,False,0.0
956,0.45034489035606384,True,0.9004866884351941
957,0.4496195316314697,False,0.0
958,0.02957313135266304,False,0.0
959,0.03640656918287277,False,0.0
960,0.2759586274623871,False,0.0
961,0.42075878381729126,True,0.7823713049292564
962,0.061984237283468246,False,0.0
963,0.0001015461384668015,False,0.0
964,0.3042086064815521,False,0.0
965,0.3809797763824463,False,0.0
966,0.05698322877287865,False,0.0
967,0.5222296118736267,False,0.0
968,0.03812446817755699,False,0.0
969,0.6772226691246033,True,1.0
970,0.15078073740005493,False,0.0
971,0.35215720534324646,False,0.0
972,0.45435333251953125,False,0.0
973,0.03850622475147247,False,0.0
974,0.06072443723678589,False,0.0
975,0.941895604133606,True,1.0
976,0.4602324068546295,False,0.0
977,0.05782309174537659,False,0.0
978,0.0,False,0.0
979,0.29550454020500183,False,0.0
980,0.37376460433006287,True,0.6947964541614056
981,0.0450342558324337,False,0.0
982,0.3558602035045624,False,0.0
983,0.026366377249360085,False,0.0
984,0.3578835427761078,False,0.0
985,0.042171087116003036,False,0.0
986,0.29653531312942505,False,0.0
987,0.3929669260978699,False,0.0
988,0.02621367573738098,False,0.0
989,0.04278189688920975,False,0.0
990,0.2911907136440277,False,0.0
991,0.3951047658920288,True,0.7884030631976202
992,0.0621369369328022,False,0.0
993,0.0009032342932187021,False,0.0
994,0.3872787654399872,False,0.0
995,0.3915162682533264,False,0.0
996,0.056219715625047684,False,0.0
997,0.3533024489879608,False,0.0
998,0.02125084213912487,False,0.0
999,0.5027982592582703,False,0.0
1000,0.8987460732460022,True,1.0
1001,0.2834028899669647,False,0.0
1002,0.41957536339759827,False,0.0
1003,0.011859639547765255,False,0.0
1004,0.024610299617052078,False,0.0
1005,0.25270968675613403,False,0.0
1006,0.4458019733428955,True,0.8678846675902605
1007,0.060762614011764526,False,0.0
1008,0.0,False,0.0
1009,0.31703561544418335,False,0.0
1010,0.38212504982948303,False,0.0
1011,0.05900653824210167,False,0.0
1012,0.4943995475769043,True,0.9887990951538086
1013,0.032665353268384933,False,0.0
1014,0.3980824649333954,False,0.0
1015,0.0700392946600914,False,0.0
1016,0.2864569127559662,False,0.0
1017,0.40044933557510376,True,0.7355679646134377
1018,0.02503023110330105,False,0.0
1019,0.03499406948685646,False,0.0
1020,0.250686377286911,False,0.0
1021,0.3723902702331543,False,0.0
1022,0.06106801703572273,False,0.0
1023,0.0,False,0.0
1024,0.27042317390441895,False,0.0
1025,0.32112041115760803,True,0.6116499304771423
1026,0.04896634444594383,False,0.0
1027,0.28901469707489014,False,0.0
1028,0.015295445919036865,False,0.0
1029,0.45015403628349304,False,0.0
1030,0.17078478634357452,False,0.0
1031,0.5453640818595886,True,1.0
1032,0.3853699862957001,False,0.0
1033,0.023999487981200218,False,0.0
1034,0.020258275792002678,False,0.0
1035,0.1695631593465805,False,0.0
1036,0.3394065201282501,True,0.6382964886724949
1037,0.029687657952308655,False,0.0
1038,0.0,False,0.0
1039,0.5241002440452576,False,0.0
1040,0.8690184354782104,False,0.0
1041,0.05820484831929207,False,0.0
1042,0.9971423149108887,True,1.0
1043,0.0,False,0.0
1044,0.996673047542572,False,0.0
1045,0.09225750714540482,False,0.0
1046,0.9050340056419373,False,0.0
1047,0.9970542788505554,True,1.0
1048,0.026290027424693108,False,0.0
1049,0.10726052522659302,False,0.0
1050,0.9712202548980713,False,0.0
1051,0.8872852325439453,False,0.0
1052,0.10050344467163086,False,0.0
1053,0.0010177611839026213,False,0.0
1054,0.4568347632884979,False,0.0
1055,0.7512624859809875,True,1.0
1056,0.11191795021295547,False,0.0
1057,0.7406547665596008,False,0.0
1058,0.038735281676054,False,0.0
1059,0.7571501135826111,False,0.0
1060,0.12371422350406647,False,0.0
1061,0.7977840304374695,False,0.0
1062,0.9608411192893982,True,1.0
1063,0.054959919303655624,False,0.0
1064,0.10779499262571335,False,0.0
1065,0.3426896333694458,False,0.0
1066,0.8155274391174316,False,0.0
1067,0.17338071763515472,False,0.0
1068,0.009378223679959774,False,0.0
1069,0.7651321887969971,True,1.0
1070,0.5605197548866272,False,0.0
1071,0.12405780702829361,False,0.0
1072,0.425912469625473,False,0.0
1073,0.0337342731654644,False,0.0
1074,0.5668569207191467,False,0.0
1075,0.10703147947788239,False,0.0
1076,0.4010983407497406,False,0.0
1077,0.9626404047012329,True,1.0
1078,0.059960927814245224,False,0.0
1079,0.23163671791553497,False,0.0
1080,0.5559386610984802,False,0.0
1081,0.7275193929672241,False,0.0
1082,0.12016389518976212,False,0.0
1083,0.010828897356987,False,0.0
1084,0.333871066570282,False,0.0
1085,0.45557495951652527,False,0.0
1086,0.10103789716959,False,0.0
1087,0.8020704984664917,True,1.0
1088,0.06366395950317383,False,0.0
1089,0.46737122535705566,False,0.0
1090,0.09019602090120316,False,0.0
1091,0.319478839635849,False,0.0
1092,0.5396758913993835,False,0.0
1093,0.03946061432361603,False,0.0
1094,0.7054173946380615,True,1.0
1095,0.38395747542381287,False,0.0
1096,0.4669131338596344,False,0.0
1097,0.09244838356971741,False,0.0
1098,0.006705929525196552,False,0.0
1099,0.2754623591899872,False,0.0
1100,0.3787655830383301,True,0.6862450614571571
1101,0.05438728258013725,False,0.0
1102,0.37105414271354675,False,0.0
1103,0.03564305230975151,False,0.0
1104,0.3963263928890228,False,0.0
1105,0.08107204735279083,False,0.0
1106,0.6969204545021057,True,1.0
1107,0.4968046247959137,False,0.0
1108,0.03671197220683098,False,0.0
1109,0.06790145486593246,False,0.0
1110,0.2745843231678009,False,0.0
1111,0.43163880705833435,True,0.7898536697030067
1112,0.07771258801221848,False,0.0
1113,0.005178904626518488,False,0.0
1114,0.27813464403152466,False,0.0
1115,0.36212101578712463,False,0.0
1116,0.06034268066287041,False,0.0
1117,0.3249761462211609,False,0.0
1118,0.0229305699467659,False,0.0
1119,0.37422269582748413,True,0.6082904487848282
1120,0.07007747143507004,False,0.0
1121,0.27263733744621277,False,0.0
1122,0.5194809436798096,False,0.0
1123,0.040987640619277954,False,0.0
1124,0.2327820062637329,False,0.0
1125,0.9311913847923279,True,1.0
1126,0.423927366733551,False,0.0
1127,0.05908288434147835,False,0.0
1128,0.0,False,0.0
1129,0.19937832653522491,False,0.0
1130,0.3361997604370117,True,0.6249350048601627
1131,0.046179525554180145,False,0.0
1132,0.2992075979709625,False,0.0
1133,0.02373225800693035,False,0.0
1134,0.37353554368019104,False,0.0
1135,0.06790145486593246,False,0.0
1136,0.26985055208206177,False,0.0
1137,0.40842804312705994,True,0.8126827287487686
1138,0.02732076682150364,False,0.0
1139,0.0566396489739418,False,0.0
1140,0.25503838062286377,False,0.0
1141,0.37296292185783386,False,0.0
1142,0.0671379491686821,False,0.0
1143,0.0020866787526756525,False,0.0
1144,0.4679056704044342,True,0.8804826438426971
1145,0.371893972158432,False,0.0
1146,0.07912509143352509,False,0.0
1147,0.30264338850975037,False,0.0
1148,0.027664348483085632,False,0.0
1149,0.35326430201530457,True,0.5667554289102554
1150,0.06988658756017685,False,0.0
1151,0.2617954909801483,False,0.0
1152,0.38010174036026,False,0.0
1153,0.02934407629072666,False,0.0
1154,0.030794749036431313,False,0.0
1155,0.43133345246315,False,0.0
1156,0.8079995512962341,True,1.0
1157,0.14429089426994324,False,0.0
1158,0.012966732494533062,False,0.0
1159,0.2575579881668091,False,0.0
1160,0.3299771249294281,False,0.0
1161,0.0695430114865303,False,0.0
1162,0.7344675064086914,True,1.0
1163,0.05259303003549576,False,0.0
1164,0.38754600286483765,False,0.0
1165,0.09271561354398727,False,0.0
1166,0.2680562734603882,False,0.0
1167,0.39884597063064575,True,0.6925058811903
1168,0.03186367079615593,False,0.0
1169,0.04839371144771576,False,0.0
1170,0.23072052001953125,False,0.0
1171,0.3641825020313263,False,0.0
1172,0.07759806513786316,False,0.0
1173,0.003919109236449003,False,0.0
1174,0.260497510433197,False,0.0
1175,0.33406195044517517,True,0.6231026239693165
1176,0.060380857437849045,False,0.0
1177,0.29012179374694824,False,0.0
1178,0.02251063846051693,False,0.0
1179,0.3406663239002228,False,0.0
1180,0.0626332238316536,False,0.0
1181,0.44095370173454285,True,0.8077199459075928
1182,0.3791855275630951,False,0.0
1183,0.03709372878074646,False,0.0
1184,0.05530350282788277,False,0.0
1185,0.23747758567333221,False,0.0
1186,0.4746246039867401,True,0.9245373625308275
1187,0.4471763074398041,False,0.0
1188,0.037590011954307556,False,0.0
1189,0.29840588569641113,False,0.0
1190,0.326464980840683,False,0.0
1191,0.061602480709552765,False,0.0
1192,0.2685907483100891,False,0.0
1193,0.012355922721326351,False,0.0
1194,0.3021852672100067,True,0.5001770332455635
1195,0.05209675058722496,False,0.0
1196,0.5279940962791443,False,0.0
1197,0.787724494934082,False,0.0
1198,0.05396735295653343,False,0.0
1199,0.1389462947845459,False,0.0
1200,0.92238450050354,True,1.0
1201,0.36395344138145447,False,0.0
1202,0.052860260009765625,False,0.0
1203,0.0,False,0.0
1204,0.22232186794281006,False,0.0
1205,0.3321913182735443,True,0.6214228421449661
1206,0.05144776031374931,False,0.0
1207,0.2702704668045044,False,0.0
1208,0.023197799921035767,False,0.0
1209,0.3102021813392639,False,0.0
1210,0.04877546802163124,False,0.0
1211,0.21480126678943634,False,0.0
1212,0.32024237513542175,True,0.594089150428772
1213,0.02147989720106125,False,0.0
1214,0.02499205432832241,False,0.0
1215,0.19911108911037445,False,0.0
1216,0.4723340570926666,False,0.0
1217,0.18498611450195312,False,0.0
1218,0.005140728782862425,False,0.0
1219,0.8238335847854614,True,1.0
1220,0.41037502884864807,False,0.0
1221,0.08508048951625824,False,0.0
1222,0.26973602175712585,False,0.0
1223,0.010599843226373196,False,0.0
1224,0.29523733258247375,True,0.4813946932554245
1225,0.054539985954761505,False,0.0
1226,0.2203749269247055,False,0.0
1227,0.3258923590183258,False,0.0
1228,0.032665353268384933,False,0.0
1229,0.04961533471941948,False,0.0
1230,0.21968774497509003,False,0.0
1231,0.33253490924835205,True,0.6438701320439577
1232,0.045110609382390976,False,0.0
1233,0.006515051703900099,False,0.0
1234,0.19998912513256073,False,0.0
1235,0.28932008147239685,False,0.0
1236,0.05652511864900589,False,0.0
1237,0.4225912094116211,True,0.832152315415442
1238,0.038468051701784134,False,0.0
1239,0.2955809235572815,False,0.0
1240,0.06618355959653854,False,0.0
1241,0.23701949417591095,False,0.0
1242,0.32631227374076843,True,0.5756884440779686
1243,0.028275160118937492,False,0.0
1244,0.0392315611243248,False,0.0
1245,0.1994546800851822,False,0.0
1246,0.3258923590183258,False,0.0
1247,0.047821078449487686,False,0.0
1248,0.0038045819383114576,False,0.0
1249,0.3936922550201416,False,0.0
1250,0.8990833759307861,True,1.0
1251,0.06580179929733276,False,0.0
1252,0.2501519024372101,False,0.0
1253,0.0,False,0.0
1254,0.26072654128074646,False,0.0
1255,0.04717209190130234,False,0.0
1256,0.6180701851844788,True,1.0
1257,0.3709014356136322,False,0.0
1258,0.02503023110330105,False,0.0
1259,0.06572544574737549,False,0.0
1260,0.21159453690052032,False,0.0
1261,0.3074917197227478,True,0.5649229772388935
1262,0.0653436928987503,False,0.0
1263,0.002353908261284232,False,0.0
1264,0.2173590511083603,False,0.0
1265,0.2823721468448639,False,0.0
1266,0.06309133023023605,False,0.0
1267,0.2604593336582184,False,0.0
1268,0.02251063846051693,False,0.0
1269,0.28252485394477844,True,0.4507014974951744
1270,0.05717410519719124,False,0.0
1271,0.2253759205341339,False,0.0
1272,0.3123781681060791,False,0.0
1273,0.030565697699785233,False,0.0
1274,0.035910286009311676,False,0.0
1275,0.9192484617233276,True,1.0
1276,0.5187526345252991,False,0.0
1277,0.06041903421282768,False,0.0
1278,0.00250661070458591,False,0.0
1279,0.20193608105182648,False,0.0
1280,0.3632662892341614,True,0.7093031574040651
1281,0.29993292689323425,False,0.0
1282,0.3188680410385132,False,0.0
1283,0.023465029895305634,False,0.0
1284,0.30501028895378113,False,0.0
1285,0.0516386404633522,False,0.0
1286,0.22323809564113617,False,0.0
1287,0.33081701397895813,True,0.614703968167305
1288,0.03018394112586975,False,0.0
1289,0.04087311401963234,False,0.0
1290,0.2284681648015976,False,0.0
1291,0.3134852647781372,False,0.0
1292,0.05816667154431343,False,0.0
1293,0.008614710532128811,False,0.0
1294,0.5637214183807373,True,1.0
1295,0.33513087034225464,False,0.0
1296,0.06927578151226044,False,0.0
1297,0.29141977429389954,False,0.0
1298,0.016746118664741516,False,0.0
1299,0.32092952728271484,False,0.0
1300,0.06171700358390808,False,0.0
1301,0.2300715297460556,False,0.0
1302,0.34364402294158936,True,0.6537958085536957
1303,0.03640656918287277,False,0.0
1304,0.0508369505405426,False,0.0
1305,0.2202603816986084,False,0.0
1306,0.3359707295894623,False,0.0
1307,0.05576160550117493,False,0.0
1308,0.011248829774558544,False,0.0
1309,0.24014990031719208,False,0.0
1310,0.5328036546707153,False,0.0
1311,0.10733687877655029,False,0.0
1312,0.7291535139083862,True,1.0
1313,0.047019388526678085,False,0.0
1314,0.32375451922416687,False,0.0
1315,0.066832534968853,False,0.0
1316,0.20731885731220245,False,0.0
1317,0.31463053822517395,True,0.4955960065126419
1318,0.03327616676688194,False,0.0
1319,0.029725832864642143,False,0.0
1320,0.2165573686361313,False,0.0
1321,0.3106602728366852,False,0.0
1322,0.059121061116456985,False,0.0
1323,0.008423833176493645,False,0.0
1324,0.19601885974407196,False,0.0
1325,0.29481741786003113,True,0.5255257412791252
1326,0.05270756036043167,False,0.0
1327,0.27214106917381287,False,0.0
1328,0.03205454722046852,False,0.0
1329,0.312110960483551,False,0.0
1330,0.0658399686217308,False,0.0
1331,0.3359707295894623,False,0.0
1332,0.33784133195877075,True,0.6498255524784327
1333,0.0350322462618351,False,0.0
1334,0.043278180062770844,False,0.0
1335,0.2142668217420578,False,0.0
1336,0.3250524699687958,False,0.0
1337,0.07221530377864838,False,0.0
1338,0.012928555719554424,False,0.0
1339,0.22048945724964142,False,0.0
1340,0.284280925989151,False,0.0
1341,0.049348101019859314,False,0.0
1342,0.33543625473976135,False,0.0
1343,0.0329325869679451,False,0.0
1344,0.3685726821422577,True,0.7171672973781824
1345,0.05820484831929207,False,0.0
1346,0.1873530000448227,False,0.0
1347,0.2761495113372803,False,0.0
1348,0.026328200474381447,False,0.0
1349,0.009989033453166485,False,0.0
1350,0.9230401515960693,True,1.0
1351,0.3843774199485779,False,0.0
1352,0.059770047664642334,False,0.0
1353,0.00040695114876143634,False,0.0
1354,0.20567730069160461,False,0.0
1355,0.2593904137611389,False,0.0
1356,0.046141352504491806,False,0.0
1357,0.2639714777469635,True,0.49162571877241135
1358,0.018158618360757828,False,0.0
1359,0.2835937440395355,False,0.0
1360,0.04228561371564865,False,0.0
1361,0.23243843019008636,False,0.0
1362,0.32463255524635315,True,0.6346316309645772
1363,0.025488337501883507,False,0.0
1364,0.020258275792002678,False,0.0
1365,0.20663169026374817,False,0.0
1366,0.31073662638664246,False,0.0
1367,0.05362377315759659,False,0.0
1368,0.00731673976406455,False,0.0
1369,0.3479578495025635,True,0.6499018557369709
1370,0.32142579555511475,False,0.0
1371,0.04831736162304878,False,0.0
1372,0.27263733744621277,False,0.0
1373,0.023006921634078026,False,0.0
1374,0.5405499339103699,True,1.0
1375,0.3665112257003784,False,0.0
1376,0.260077565908432,False,0.0
1377,0.3594105541706085,False,0.0
1378,0.029916709288954735,False,0.0
1379,0.03476501628756523,False,0.0
1380,0.3265031576156616,False,0.0
1381,0.3572727143764496,True,0.6547120101749897
1382,0.07019199430942535,False,0.0
1383,0.01029443833976984,False,0.0
1384,0.24431104958057404,False,0.0
1385,0.3160048723220825,False,0.0
1386,0.06362579017877579,False,0.0
1387,0.6787651777267456,True,1.0
1388,0.058662958443164825,False,0.0
1389,0.365709513425827,False,0.0
1390,0.07442948967218399,False,0.0
1391,0.27172112464904785,False,0.0
1392,0.3673892617225647,False,0.0
1393,0.035910286009311676,False,0.0
1394,0.04022412747144699,False,0.0
1395,0.2834028899669647,False,0.0
1396,0.5144081711769104,True,0.9569957703351974
1397,0.07408591359853745,False,0.0
1398,0.012241396121680737,False,0.0
1399,0.2799670696258545,False,0.0
1400,0.34601089358329773,False,0.0
1401,0.06671801209449768,False,0.0
1402,0.2939011752605438,False,0.0
1403,0.03216907009482384,False,0.0
1404,0.6236559748649597,False,0.0
1405,0.18239016830921173,False,0.0
1406,0.809036910533905,True,1.0
1407,0.5615531802177429,False,0.0
1408,0.03839170187711716,False,0.0
1409,0.05270756036043167,False,0.0
1410,0.23381273448467255,False,0.0
1411,0.3465835452079773,True,0.6163836866617203
1412,0.06740517169237137,False,0.0
1413,0.010523492470383644,False,0.0
1414,0.22022221982479095,False,0.0
1415,0.29771873354911804,False,0.0
1416,0.060380857437849045,False,0.0
1417,0.28752586245536804,False,0.0
1418,0.0187312513589859,False,0.0
1419,0.31253087520599365,True,0.47444668412208557
1420,0.07530753314495087,False,0.0
1421,0.252289742231369,False,0.0
1422,0.32864099740982056,False,0.0
1423,0.036177512258291245,False,0.0
1424,0.043888986110687256,False,0.0
1425,0.9166209101676941,True,1.0
1426,0.380483478307724,False,0.0
1427,0.054501812905073166,False,0.0
1428,0.007278563920408487,False,0.0
1429,0.20121076703071594,False,0.0
1430,0.27924174070358276,True,0.5194939523935318
1431,0.05938829109072685,False,0.0
1432,0.2664910852909088,False,0.0
1433,0.019494764506816864,False,0.0
1434,0.258474200963974,False,0.0
1435,0.05148593708872795,False,0.0
1436,0.30783528089523315,False,0.0
1437,0.9217384457588196,True,1.0
1438,0.06645078212022781,False,0.0
1439,0.10787134617567062,False,0.0
1440,0.5120292901992798,False,0.0
1441,0.5398139357566833,False,0.0
1442,0.12589024007320404,False,0.0
1443,0.013577542267739773,False,0.0
1444,0.7618647217750549,True,1.0
1445,0.3579980731010437,False,0.0
1446,0.08607305586338043,False,0.0
1447,0.25480934977531433,False,0.0
1448,0.024724824354052544,False,0.0
1449,0.2969934046268463,True,0.43184271454811096
1450,0.08107204735279083,False,0.0
1451,0.23644685745239258,False,0.0
1452,0.31012579798698425,False,0.0
1453,0.035528529435396194,False,0.0
1454,0.048050131648778915,False,0.0
1455,0.21144182980060577,False,0.0
1456,0.31493595242500305,True,0.580422256141901
1457,0.05137140676379204,False,0.0
1458,0.011287004686892033,False,0.0
1459,0.24400563538074493,False,0.0
1460,0.26603296399116516,False,0.0
1461,0.04442344605922699,False,0.0
1462,0.5267735719680786,True,0.985620491206646
1463,0.03396332636475563,False,0.0
1464,0.2848917245864868,False,0.0
1465,0.06209876015782356,False,0.0
1466,0.21922965347766876,False,0.0
1467,0.5940297842025757,True,1.0
1468,0.044957906007766724,False,0.0
1469,0.502940833568573,False,0.0
1470,0.2926032245159149,False,0.0
1471,0.3262741267681122,False,0.0
1472,0.10050344467163086,False,0.0
1473,0.013272138312458992,False,0.0
1474,0.1928502917289734,False,0.0
1475,0.2767984867095947,True,0.5012459754943848
1476,0.07152814418077469,False,0.0
1477,0.2614900767803192,False,0.0
1478,0.026175498962402344,False,0.0
1479,0.3273812234401703,False,0.0
1480,0.09229568392038345,False,0.0
1481,0.6745965480804443,True,1.0
1482,0.5079554915428162,False,0.0
1483,0.04449979588389397,False,0.0
1484,0.06519099324941635,False,0.0
1485,0.20781515538692474,False,0.0
1486,0.3066900074481964,True,0.5243804231286049
1487,0.08221732079982758,False,0.0
1488,0.016288012266159058,False,0.0
1489,0.19388103485107422,False,0.0
1490,0.294893741607666,False,0.0
1491,0.06110619381070137,False,0.0
1492,0.24202048778533936,False,0.0
1493,0.034077852964401245,False,0.0
1494,0.2822957932949066,True,0.41504545509815216
1495,0.07477306574583054,False,0.0
1496,0.5200919508934021,False,0.0
1497,0.7490943074226379,False,0.0
1498,0.058472078293561935,False,0.0
1499,0.2805778682231903,False,0.0
1500,0.8995214700698853,True,1.0
1501,0.2332782745361328,False,0.0
1502,0.025526514276862144,False,0.0
1503,0.0,False,0.0
1504,0.12627199292182922,False,0.0
1505,0.2245742380619049,True,0.4387143151834607
1506,0.02289239503443241,False,0.0
1507,0.1899489462375641,False,0.0
1508,0.005217080470174551,False,0.0
1509,0.23942457139492035,False,0.0
1510,0.04079676419496536,False,0.0
1511,0.18597868084907532,False,0.0
1512,0.2595812976360321,True,0.5177378829102963
1513,0.011668761260807514,False,0.0
1514,0.028504211455583572,False,0.0
1515,0.16238614916801453,False,0.0
1516,0.2583978474140167,False,0.0
1517,0.04209473356604576,False,0.0
1518,0.000712356180883944,False,0.0
1519,0.47351405024528503,True,0.9226980116218328
1520,0.24331846833229065,False,0.0
1521,0.0645420029759407,False,0.0
1522,0.19571346044540405,False,0.0
1523,0.01216504443436861,False,0.0
1524,0.24728873372077942,False,0.38221438974142075
1525,0.056181538850069046,False,0.0
1526,0.199263796210289,False,0.0
1527,0.2667964696884155,False,0.0
1528,0.020716384053230286,False,0.0
1529,0.03350521996617317,False,0.0
1530,0.31222549080848694,False,0.0
1531,0.6034942865371704,True,1.0
1532,0.13222739100456238,False,0.0
1533,0.01342483889311552,False,0.0
1534,0.17803815007209778,False,0.0
1535,0.25362589955329895,False,0.0
1536,0.08049941062927246,False,0.0
1537,0.627432107925415,True,1.0
1538,0.05488356947898865,False,0.0
1539,0.310469388961792,False,0.0
1540,0.11138349771499634,False,0.0
1541,0.22381071746349335,False,0.0
1542,0.28760218620300293,False,0.3524373769760132
1543,0.033047113567590714,False,0.0
1544,0.041980206966400146,False,0.0
1545,0.19391921162605286,False,0.0
1546,0.27023229002952576,False,0.0
1547,0.07026834785938263,False,0.0
1548,0.015600849874317646,False,0.0
1549,0.1899489462375641,False,0.0
1550,0.24999921023845673,True,0.44222648069262505
1551,0.06316768378019333,False,0.0
1552,0.2166718691587448,False,0.0
1553,0.028885969892144203,False,0.0
1554,0.2360651046037674,False,0.0
1555,0.05656329542398453,False,0.0
1556,0.48013511300086975,True,0.9133401662111282
1557,0.2956572473049164,False,0.0
1558,0.03224542364478111,False,0.0
1559,0.05014979466795921,False,0.0
1560,0.1958661675453186,False,0.0
1561,0.46951425075531006,True,0.8745376542210579
1562,0.45670759677886963,False,0.0
1563,0.040949463844299316,False,0.0
1564,0.2314840406179428,False,0.0
1565,0.2669873535633087,False,0.0
1566,0.056601472198963165,False,0.0
1567,0.20792965590953827,False,0.0
1568,0.023465029895305634,False,0.0
1569,0.22411613166332245,False,0.3069320619106293
1570,0.07065010070800781,False,0.0
1571,0.17964152991771698,False,0.0
1572,0.2534731924533844,False,0.0
1573,0.032818060368299484,False,0.0
1574,0.048660941421985626,False,0.0
1575,0.9131054282188416,True,1.0
1576,0.2922596335411072,False,0.0
1577,0.05152411386370659,False,0.0
1578,0.004377216566354036,False,0.0
1579,0.1516587883234024,False,0.0
1580,0.2032722532749176,False,0.37442659214138985
1581,0.04045318067073822,False,0.0
1582,0.18578779697418213,False,0.0
1583,0.01605895720422268,False,0.0
1584,0.2349580079317093,False,0.0
1585,0.05534167215228081,False,0.0
1586,0.17964152991771698,False,0.0
1587,0.2621772289276123,True,0.4711635932326317
1588,0.026595432311296463,False,0.0
1589,0.04156027361750603,False,0.0
1590,0.18620774149894714,False,0.0
1591,0.49771979451179504,False,0.0
1592,0.11718618869781494,False,0.0
1593,0.019914695993065834,False,0.0
1594,0.696376621723175,True,1.0
1595,0.42832428216934204,False,0.0
1596,0.0868365690112114,False,0.0
1597,0.20342493057250977,False,0.0
1598,0.019456589594483376,False,0.0
1599,0.23583605885505676,False,0.0
1600,0.05591430887579918,False,0.0
1601,0.1862459033727646,False,0.0
1602,0.2545802891254425,True,0.47024739906191826
1603,0.026786310598254204,False,0.0
1604,0.04587411880493164,False,0.0
1605,0.16349323093891144,False,0.0
1606,0.24992285668849945,False,0.0
1607,0.0645420029759407,False,0.0
1608,0.012699502520263195,False,0.0
1609,0.20014183223247528,False,0.0
1610,0.2435857057571411,False,0.0
1611,0.08836359530687332,False,0.0
1612,0.5096624493598938,True,0.9939258936792612
1613,0.043888986110687256,False,0.0
1614,0.2554965019226074,False,0.0
1615,0.06965753436088562,False,0.0
1616,0.1434510201215744,False,0.0
1617,0.2535877227783203,False,0.3678603768348694
1618,0.03247447684407234,False,0.0
1619,0.0692376047372818,False,0.0
1620,0.2116708755493164,False,0.0
1621,0.2533586621284485,False,0.0
1622,0.06438930332660675,False,0.0
1623,0.012546800076961517,False,0.0
1624,0.28832754492759705,False,0.0
1625,0.5792049169540405,True,1.0
1626,0.13329629600048065,False,0.0
1627,0.22633031010627747,False,0.0
1628,0.029305899515748024,False,0.0
1629,0.26912519335746765,False,0.0
1630,0.06919942796230316,False,0.0
1631,0.5963778495788574,True,1.0
1632,0.4448222517967224,False,0.0
1633,0.04018595442175865,False,0.0
1634,0.06465652585029602,False,0.0
1635,0.21548843383789062,False,0.0
1636,0.2792799174785614,True,0.4781879261136055
1637,0.06622172892093658,False,0.0
1638,0.01708970032632351,False,0.0
1639,0.1968587338924408,False,0.0
1640,0.25003740191459656,False,0.0
1641,0.07320787012577057,False,0.0
1642,0.1997600793838501,False,0.0
1643,0.02915319800376892,False,0.0
1644,0.25874143838882446,True,0.45932918041944504
1645,0.07797982543706894,False,0.0
1646,0.174067884683609,False,0.0
1647,0.24595259130001068,False,0.0
1648,0.029076848179101944,False,0.0
1649,0.05076059699058533,False,0.0
1650,0.9146178960800171,True,1.0
1651,0.31165286898612976,False,0.0
1652,0.06087714061141014,False,0.0
1653,0.011554233729839325,False,0.0
1654,0.18674218654632568,False,0.0
1655,0.42944690585136414,True,0.8292191345244646
1656,0.29714611172676086,False,0.0
1657,0.24675427377223969,False,0.0
1658,0.026824483647942543,False,0.0
1659,0.27271372079849243,False,0.0
1660,0.06870314478874207,False,0.0
1661,0.17750369012355804,False,0.0
1662,0.28221943974494934,True,0.5099500454962254
1663,0.027244416996836662,False,0.0
1664,0.04816465824842453,False,0.0
1665,0.2120526283979416,False,0.0
1666,0.2843954265117645,False,0.0
1667,0.06538186967372894,False,0.0
1668,0.014837338589131832,False,0.0
1669,0.5828320384025574,True,1.0
1670,0.29764237999916077,False,0.0
1671,0.07049740105867386,False,0.0
1672,0.21312156319618225,False,0.0
1673,0.026404554024338722,False,0.0
1674,0.2512971758842468,False,0.3756481856107712
1675,0.06347308307886124,False,0.0
1676,0.1860550343990326,False,0.0
1677,0.25603094696998596,False,0.0
1678,0.028389686718583107,False,0.0
1679,0.04839371144771576,False,0.0
1680,0.19502630829811096,False,0.0
1681,0.265880286693573,True,0.47895146533846855
1682,0.07187172025442123,False,0.0
1683,0.012508625164628029,False,0.0
1684,0.16448579728603363,False,0.0
1685,0.46199291944503784,False,0.0
1686,0.09931999444961548,False,0.0
1687,0.7304063439369202,True,1.0
1688,0.05854842811822891,False,0.0
1689,0.3018035292625427,False,0.0
1690,0.07080280035734177,False,0.0
1691,0.16330234706401825,False,0.0
1692,0.2520988881587982,False,0.0
1693,0.024839352816343307,False,0.0
1694,0.05461633950471878,False,0.0
1695,0.1903688758611679,False,0.0
1696,0.2897782027721405,True,0.5298776999115944
1697,0.07965955138206482,False,0.0
1698,0.01854037307202816,False,0.0
1699,0.17708376049995422,False,0.0
1700,0.2539694905281067,False,0.0
1701,0.07404773682355881,False,0.0
1702,0.19792765378952026,False,0.0
1703,0.02373225800693035,False,0.0
1704,0.2599630355834961,False,0.0
1705,0.05232580378651619,False,0.0
1706,0.468690425157547,True,0.9003001041710377
1707,0.2740880250930786,False,0.0
1708,0.02831333316862583,False,0.0
1709,0.05534167215228081,False,0.0
1710,0.17681652307510376,False,0.0
1711,0.25984853506088257,True,0.4630704037845135
1712,0.0768345519900322,False,0.0
1713,0.013768421486020088,False,0.0
1714,0.19651515781879425,False,0.0
1715,0.2614519000053406,False,0.0
1716,0.06469470262527466,False,0.0
1717,0.4570254683494568,False,0.0
1718,0.04018595442175865,False,0.0
1719,0.5860849618911743,True,1.0
1720,0.14673413336277008,False,0.0
1721,0.20899859070777893,False,0.0
1722,0.2532059848308563,False,0.0
1723,0.034077852964401245,False,0.0
1724,0.06011362746357918,False,0.0
1725,0.9141408205032349,True,1.0
1726,0.2980623245239258,False,0.0
1727,0.05175316333770752,False,0.0
1728,0.007507618051022291,False,0.0
1729,0.17979423701763153,False,0.0
1730,0.2219782918691635,False,0.39443058148026466
1731,0.050951480865478516,False,0.0
1732,0.20644080638885498,False,0.0
1733,0.02476300112903118,False,0.0
1734,0.224879652261734,False,0.0
1735,0.04877546802163124,False,0.0
1736,0.18002328276634216,False,0.0
1737,0.2571762502193451,True,0.46177244558930397
1738,0.026290027424693108,False,0.0
1739,0.04068223759531975,False,0.0
1740,0.19727866351604462,False,0.0
1741,0.2697741687297821,False,0.0
1742,0.07870515435934067,False,0.0
1743,0.019227534532546997,False,0.0
1744,0.4469175934791565,True,0.8398044593632221
1745,0.25893232226371765,False,0.0
1746,0.06961935758590698,False,0.0
1747,0.20823507010936737,False,0.0
1748,0.027015363797545433,False,0.0
1749,0.4402325451374054,False,0.0
1750,0.8996562957763672,True,1.0
1751,0.1724645048379898,False,0.0
1752,0.24560900032520294,False,0.0
1753,0.006515051703900099,False,0.0
1754,0.030756575986742973,False,0.0
1755,0.15337668359279633,False,0.0
1756,0.24694514274597168,True,0.48086018208414316
1757,0.04186568036675453,False,0.0
1758,0.0,False,0.0
1759,0.19151414930820465,False,0.0
1760,0.1944536715745926,False,0.0
1761,0.036750148981809616,False,0.0
1762,0.5258655548095703,True,1.0
1763,0.03747548535466194,False,0.0
1764,0.24579988420009613,False,0.0
1765,0.058739304542541504,False,0.0
1766,0.1587594598531723,False,0.0
1767,0.225070521235466,False,0.332662433385849
1768,0.01850219815969467,False,0.0
1769,0.046790335327386856,False,0.0
1770,0.15723243355751038,False,0.0
1771,0.21850430965423584,False,0.0
1772,0.044537972658872604,False,0.0
1773,0.004109987057745457,False,0.0
1774,0.15307128429412842,False,0.0
1775,0.21434317529201508,False,0.3980191070586443
1776,0.03881163150072098,False,0.0
1777,0.16414222121238708,False,0.0
1778,0.015333621762692928,False,0.0
1779,0.4283466637134552,False,0.0
1780,0.11772065609693527,False,0.0
1781,0.5588817596435547,True,1.0
1782,0.2758822739124298,False,0.0
1783,0.02273969165980816,False,0.0
1784,0.041178520768880844,False,0.0
1785,0.1281425952911377,False,0.0
1786,0.2092658132314682,False,0.3730522431433201
1787,0.03755183517932892,False,0.0
1788,0.004415391944348812,False,0.0
1789,0.13741926848888397,False,0.0
1790,0.1532621681690216,False,0.0
1791,0.03182549402117729,False,0.0
1792,0.1368466466665268,False,0.0
1793,0.008652887307107449,False,0.0
1794,0.14650507271289825,False,0.24180441349744797
1795,0.02560286596417427,False,0.0
1796,0.24633434414863586,False,0.0
1797,0.4948849380016327,False,0.0
1798,0.031329210847616196,False,0.0
1799,0.04530148580670357,False,0.0
1800,0.9319677948951721,True,1.0
1801,0.2750805914402008,False,0.0
1802,0.04209473356604576,False,0.0
1803,0.003384650219231844,False,0.0
1804,0.11573552340269089,False,0.0
1805,0.21987862884998322,False,0.39992786571383476
1806,0.03820082172751427,False,0.0
1807,0.1952553540468216,False,0.0
1808,0.019914695993065834,False,0.0
1809,0.2107546627521515,False,0.0
1810,0.05625789240002632,False,0.0
1811,0.265460342168808,False,0.0
1812,0.5524199604988098,True,1.0
1813,0.044079866260290146,False,0.0
1814,0.10493182390928268,False,0.0
1815,0.15811048448085785,False,0.0
1816,0.2402644157409668,False,0.0
1817,0.0584339015185833,False,0.0
1818,0.012966732494533062,False,0.0
1819,0.6185462474822998,True,1.0
1820,0.4003041684627533,False,0.0
1821,0.08359163999557495,False,0.0
1822,0.17853443324565887,False,0.0
1823,0.024419419467449188,False,0.0
1824,0.22789552807807922,False,0.0
1825,0.060762614011764526,False,0.0
1826,0.16131721436977386,False,0.0
1827,0.2543894052505493,True,0.45993997156620026
1828,0.033008936792612076,False,0.0
1829,0.04812648519873619,False,0.0
1830,0.22262728214263916,False,0.0
1831,0.24385292828083038,False,0.0
1832,0.06656531244516373,False,0.0
1833,0.01621166057884693,False,0.0
1834,0.16803614795207977,False,0.0
1835,0.21548843383789062,False,0.0
1836,0.06186970695853233,False,0.0
1837,0.4970569610595703,True,0.9614615477621555
1838,0.050340671092271805,False,0.0
1839,0.23579786717891693,False,0.0
1840,0.07045922428369522,False,0.0
1841,0.16410404443740845,False,0.0
1842,0.4302314817905426,True,0.7597816213965416
1843,0.04022412747144699,False,0.0
1844,0.40148302912712097,False,0.0
1845,0.1886509656906128,False,0.0
1846,0.25511476397514343,False,0.0
1847,0.06694706529378891,False,0.0
1848,0.016326187178492546,False,0.0
1849,0.16341689229011536,False,0.0
1850,0.24041712284088135,True,0.42962851375341415
1851,0.07782711833715439,False,0.0
1852,0.18177936971187592,False,0.0
1853,0.02560286596417427,False,0.0
1854,0.22739923000335693,False,0.0
1855,0.061182547360658646,False,0.0
1856,0.5870737433433533,True,1.0
1857,0.276493102312088,False,0.0
1858,0.030985627323389053,False,0.0
1859,0.053051140159368515,False,0.0
1860,0.1744496375322342,False,0.0
1861,0.23564517498016357,True,0.40931909531354904
1862,0.058319371193647385,False,0.0
1863,0.00968362856656313,False,0.0
1864,0.1659746617078781,False,0.0
1865,0.2110600769519806,False,0.0
1866,0.06324402987957001,False,0.0
1867,0.17891620099544525,False,0.0
1868,0.02002922259271145,False,0.0
1869,0.2297661304473877,False,0.31471990048885345
1870,0.07240618020296097,False,0.0
1871,0.1629587858915329,False,0.0
1872,0.5015085935592651,False,0.0
1873,0.03850622475147247,False,0.0
1874,0.06477105617523193,False,0.0
1875,0.9175791144371033,True,1.0
1876,0.27500423789024353,False,0.0
1877,0.0421329103410244,False,0.0
1878,0.0,False,0.0
1879,0.1293642222881317,False,0.0
1880,0.19953103363513947,False,0.3761063013225794
1881,0.04022412747144699,False,0.0
1882,0.15100979804992676,False,0.0
1883,0.011477882973849773,False,0.0
1884,0.19899657368659973,False,0.0
1885,0.044919729232788086,False,0.0
1886,0.15601080656051636,False,0.0
1887,0.2245742380619049,True,0.40573057532310486
1888,0.021708950400352478,False,0.0
1889,0.0350322462618351,False,0.0
1890,0.15402567386627197,False,0.0
1891,0.23530159890651703,False,0.0
1892,0.054539985954761505,False,0.0
1893,0.01029443833976984,False,0.0
1894,0.42975565791130066,True,0.8119704462587833
1895,0.20437932014465332,False,0.0
1896,0.0695430114865303,False,0.0
1897,0.19139961898326874,False,0.0
1898,0.02377043478190899,False,0.0
1899,0.2083495855331421,False,0.30922257900238037
1900,0.053738296031951904,False,0.0
1901,0.1307385414838791,False,0.0
1902,0.21651919186115265,False,0.0
1903,0.02522110939025879,False,0.0
1904,0.02621367573738098,False,0.0
1905,0.23892827332019806,False,0.0
1906,0.5139376521110535,True,0.9970553610473871
1907,0.09412811696529388,False,0.0
1908,0.015409971587359905,False,0.0
1909,0.1345560997724533,False,0.0
1910,0.20628809928894043,False,0.0
1911,0.050798773765563965,False,0.0
1912,0.5465354919433594,True,1.0
1913,0.04919540137052536,False,0.0
1914,0.24045529961585999,False,0.0
1915,0.06366395950317383,False,0.0
1916,0.14039698243141174,False,0.0
1917,0.24305124580860138,False,0.0
1918,0.028046105057001114,False,0.0
1919,0.04320182651281357,False,0.0
1920,0.1536439210176468,False,0.0
1921,0.24572353065013885,True,0.4353548511862755
1922,0.06732882559299469,False,0.0
1923,0.012546800076961517,False,0.0
1924,0.16219526529312134,False,0.0
1925,0.23805022239685059,False,0.0
1926,0.05965552479028702,False,0.0
1927,0.21842797100543976,False,0.0
1928,0.033467043191194534,False,0.0
1929,0.2617573142051697,False,0.0
1930,0.06561092287302017,False,0.0
1931,0.45243901014328003,True,0.8510763458907604
1932,0.2751569449901581,False,0.0
1933,0.0342305563390255,False,0.0
1934,0.05767039209604263,False,0.0
1935,0.17070843279361725,False,0.0
1936,0.4253544211387634,False,0.0
1937,0.43323612213134766,True,0.7980111315846443
1938,0.03751366212964058,False,0.0
1939,0.19788947701454163,False,0.0
1940,0.2525569796562195,False,0.0
1941,0.05885383486747742,False,0.0
1942,0.22724652290344238,False,0.0
1943,0.02690083719789982,False,0.0
1944,0.24713602662086487,False,0.36763128638267517
1945,0.06332038342952728,False,0.0
1946,0.15738514065742493,False,0.0
1947,0.2677890658378601,False,0.0
1948,0.03545217588543892,False,0.0
1949,0.07255887985229492,False,0.0
1950,0.9165355563163757,True,1.0
1951,0.28283023834228516,False,0.0
1952,0.045950472354888916,False,0.0
1953,0.0029265424236655235,False,0.0
1954,0.16521114110946655,False,0.0
1955,0.21625195443630219,False,0.38572655245661736
1956,0.044270746409893036,False,0.0
1957,0.20163069665431976,False,0.0
1958,0.023388678207993507,False,0.0
1959,0.23530159890651703,False,0.0
1960,0.05595248565077782,False,0.0
1961,0.16372229158878326,False,0.0
1962,0.24095158278942108,True,0.43023933097720146
1963,0.02583191730082035,False,0.0
1964,0.05969369411468506,False,0.0
1965,0.1607445925474167,False,0.0
1966,0.43884971737861633,False,0.0
1967,0.17590032517910004,False,0.0
1968,0.020563682541251183,False,0.0
1969,0.6749367117881775,True,1.0
1970,0.4035259485244751,False,0.0
1971,0.07931596785783768,False,0.0
1972,0.18594050407409668,False,0.0
1973,0.023579556494951248,False,0.0
1974,0.2599630355834961,True,0.4727669581770897
1975,0.07091733068227768,False,0.0
1976,0.18204659223556519,False,0.0
1977,0.2514498829841614,False,0.0
1978,0.031940020620822906,False,0.0
1979,0.045759592205286026,False,0.0
1980,0.17013579607009888,False,0.0
1981,0.25683265924453735,True,0.4497852772474289
1982,0.07019199430942535,False,0.0
1983,0.01770051009953022,False,0.0
1984,0.197660431265831,False,0.0
1985,0.2253759205341339,False,0.0
1986,0.05251668021082878,False,0.0
1987,0.48712795972824097,True,0.9388548992574215
1988,0.0442325696349144,False,0.0
1989,0.25751981139183044,False,0.0
1990,0.07297881692647934,False,0.0
1991,0.15562905371189117,False,0.0
1992,0.2593522369861603,True,0.43023933470249176
1993,0.03167278692126274,False,0.0
1994,0.051409583538770676,False,0.0
1995,0.16933409869670868,False,0.0
1996,0.2538549602031708,False,0.0
1997,0.06286226958036423,False,0.0
1998,0.013348489068448544,False,0.0
1999,0.2740117013454437,False,0.0
2000,0.8995317220687866,True,1.0
2001,0.05782309174537659,False,0.0
2002,0.16486756503582,False,0.0
2003,0.0,False,0.0
2004,0.21663370728492737,False,0.0
2005,0.06603085249662399,False,0.0
2006,0.5539804697036743,True,1.0
2007,0.26714006066322327,False,0.0
2008,0.023999487981200218,False,0.0
2009,0.05591430887579918,False,0.0
2010,0.15383480489253998,False,0.0
2011,0.23320193588733673,False,0.0
2012,0.0645420029759407,False,0.0
2013,0.004644445609301329,False,0.0
2014,0.18448983132839203,False,0.0
2015,0.23812659084796906,True,0.4407758116722107
2016,0.05629606917500496,False,0.0
2017,0.1845661848783493,False,0.0
2018,0.01773868501186371,False,0.0
2019,0.22774282097816467,False,0.0
2020,0.05614336207509041,False,0.0
2021,0.14280204474925995,False,0.0
2022,0.23850834369659424,False,0.0
2023,0.025908270850777626,False,0.0
2024,0.045148786157369614,False,0.0
2025,0.9135795831680298,True,1.0
2026,0.28714409470558167,False,0.0
2027,0.04896634444594383,False,0.0
2028,0.005827890243381262,False,0.0
2029,0.1510479748249054,False,0.0
2030,0.24400563538074493,False,0.0
2031,0.2737444341182709,True,0.5232351310551167
2032,0.2366759032011032,False,0.0
2033,0.027778876945376396,False,0.0
2034,0.21590836346149445,False,0.0
2035,0.061793357133865356,False,0.0
2036,0.14180946350097656,False,0.0
2037,0.24935021996498108,True,0.44314268603920937
2038,0.02602279745042324,False,0.0
2039,0.045950472354888916,False,0.0
2040,0.19189590215682983,False,0.0
2041,0.2521752119064331,False,0.0
2042,0.07931596785783768,False,0.0
2043,0.012126868590712547,False,0.0
2044,0.5515620708465576,True,1.0
2045,0.2661474943161011,False,0.0
2046,0.08061394095420837,False,0.0
2047,0.21312156319618225,False,0.0
2048,0.03319981321692467,False,0.0
2049,0.22144384682178497,False,0.3181557133793831
2050,0.06236599013209343,False,0.0
2051,0.18223747611045837,False,0.0
2052,0.2391573190689087,False,0.0
2053,0.028427859768271446,False,0.0
2054,0.037208255380392075,False,0.0
2055,0.19002529978752136,False,0.0
2056,0.2766839861869812,True,0.4965122528374195
2057,0.06839773803949356,False,0.0
2058,0.015944432467222214,False,0.0
2059,0.16669999063014984,False,0.0
2060,0.3089042007923126,False,0.0
2061,0.14562703669071198,False,0.0
2062,0.6913730502128601,True,1.0
2063,0.05461633950471878,False,0.0
2064,0.3040940761566162,False,0.0
2065,0.07328422367572784,False,0.0
2066,0.15223142504692078,False,0.0
2067,0.23094956576824188,False,0.0
2068,0.026709958910942078,False,0.0
2069,0.03480319306254387,False,0.0
2070,0.172044575214386,False,0.0
2071,0.24713602662086487,True,0.4408521354198456
2072,0.06060991436243057,False,0.0
2073,0.010179911740124226,False,0.0
2074,0.16280607879161835,False,0.0
2075,0.22552862763404846,False,0.0
2076,0.05457816272974014,False,0.0
2077,0.1989583820104599,False,0.0
2078,0.026748133823275566,False,0.0
2079,0.24030259251594543,False,0.0
2080,0.060953494161367416,False,0.0
2081,0.45650506019592285,True,0.8783726133406162
2082,0.27802011370658875,False,0.0
2083,0.03625386580824852,False,0.0
2084,0.053661949932575226,False,0.0
2085,0.18162666261196136,False,0.0
2086,0.26824715733528137,True,0.4639865830540657
2087,0.07557475566864014,False,0.0
2088,0.01731875352561474,False,0.0
2089,0.19033069908618927,False,0.0
2090,0.23049144446849823,False,0.0
2091,0.06236599013209343,False,0.0
2092,0.2839755117893219,False,0.0
2093,0.034688662737607956,False,0.0
2094,0.5294355154037476,True,0.8483965843915939
2095,0.10523722320795059,False,0.0
2096,0.5536695122718811,False,0.0
2097,0.566263735294342,False,0.0
2098,0.04564506933093071,False,0.0
2099,0.16773073375225067,False,0.0
2100,0.916597843170166,True,1.0
2101,0.4400264620780945,False,0.0
2102,0.05881565809249878,False,0.0
2103,0.010179911740124226,False,0.0
2104,0.190865159034729,False,0.0
2105,0.24423468112945557,True,0.4337514750659466
2106,0.0529366135597229,False,0.0
2107,0.20182156562805176,False,0.0
2108,0.027358943596482277,False,0.0
2109,0.2539694905281067,False,0.0
2110,0.056601472198963165,False,0.0
2111,0.1977749466896057,False,0.0
2112,0.2878694236278534,True,0.546674981713295
2113,0.03186367079615593,False,0.0
2114,0.05148593708872795,False,0.0
2115,0.20365400612354279,False,0.0
2116,0.24954108893871307,False,0.0
2117,0.06809233874082565,False,0.0
2118,0.014531932771205902,False,0.0
2119,0.5235157608985901,True,1.0
2120,0.2491593360900879,False,0.0
2121,0.0700392946600914,False,0.0
2122,0.20838777720928192,False,0.0
2123,0.02980218268930912,False,0.0
2124,0.4673732817173004,False,0.0
2125,0.5033283233642578,True,0.9470522813498974
2126,0.25561103224754333,False,0.0
2127,0.30474305152893066,False,0.0
2128,0.040338654071092606,False,0.0
2129,0.05480721592903137,False,0.0
2130,0.1629587858915329,False,0.0
2131,0.2580924332141876,True,0.43550755828619003
2132,0.05988457426428795,False,0.0
2133,0.01582990400493145,False,0.0
2134,0.1935756355524063,False,0.0
2135,0.23362186551094055,False,0.0
2136,0.055799782276153564,False,0.0
2137,0.6217218637466431,True,1.0
2138,0.0566396489739418,False,0.0
2139,0.28202855587005615,False,0.0
2140,0.0663362592458725,False,0.0
2141,0.16669999063014984,False,0.0
2142,0.2680562734603882,True,0.40344002842903137
2143,0.03144373744726181,False,0.0
2144,0.03961331769824028,False,0.0
2145,0.20201244950294495,False,0.0
2146,0.2610701322555542,False,0.0
2147,0.07710178941488266,False,0.0
2148,0.017242401838302612,False,0.0
2149,0.19662968814373016,False,0.0
2150,0.22873537242412567,False,0.3971792161464691
2151,0.04816465824842453,False,0.0
2152,0.22102390229701996,False,0.0
2153,0.030145764350891113,False,0.0
2154,0.4548181891441345,False,0.0
2155,0.13287638127803802,False,0.0
2156,0.6814842224121094,False,0.0
2157,0.685693621635437,True,1.0
2158,0.0592355914413929,False,0.0
2159,0.10386289656162262,False,0.0
2160,0.487689346075058,False,0.0
2161,0.4571937918663025,False,0.0
2162,0.08733285218477249,False,0.0
2163,0.019456589594483376,False,0.0
2164,0.17731282114982605,False,0.0
2165,0.43635785579681396,True,0.8106681033968925
2166,0.08439332991838455,False,0.0
2167,0.2729809284210205,False,0.0
2168,0.03434508666396141,False,0.0
2169,0.2725610136985779,False,0.0
2170,0.06801598519086838,False,0.0
2171,0.21231985092163086,False,0.0
2172,0.28195223212242126,False,0.0
2173,0.03102380409836769,False,0.0
2174,0.049348101019859314,False,0.0
2175,0.917536199092865,True,1.0
2176,0.300696462392807,False,0.0
2177,0.04530148580670357,False,0.0
2178,0.004415391944348812,False,0.0
2179,0.19510266184806824,False,0.0
2180,0.24114246666431427,True,0.4384852759540081
2181,0.04885181784629822,False,0.0
2182,0.20182156562805176,False,0.0
2183,0.02189982868731022,False,0.0
2184,0.23950091004371643,False,0.0
2185,0.043049123138189316,False,0.0
2186,0.2649640738964081,False,0.0
2187,0.5791565775871277,True,1.0
2188,0.04839371144771576,False,0.0
2189,0.10916930437088013,False,0.0
2190,0.1899489462375641,False,0.0
2191,0.2606883943080902,False,0.0
2192,0.07656732201576233,False,0.0
2193,0.017776861786842346,False,0.0
2194,0.6139947175979614,True,1.0
2195,0.29901671409606934,False,0.0
2196,0.08729467540979385,False,0.0
2197,0.23449991643428802,False,0.0
2198,0.03205454722046852,False,0.0
2199,0.22125296294689178,False,0.3300664946436882
2200,0.056219715625047684,False,0.0
2201,0.1681506633758545,False,0.0
2202,0.24454009532928467,False,0.0
2203,0.029305899515748024,False,0.0
2204,0.05545620247721672,False,0.0
2205,0.20892222225666046,False,0.0
2206,0.2504573166370392,True,0.4423028342425823
2207,0.05652511864900589,False,0.0
2208,0.013119435869157314,False,0.0
2209,0.20289050042629242,False,0.0
2210,0.2314840406179428,False,0.0
2211,0.05530350282788277,False,0.0
2212,0.4470685124397278,True,0.8678981531411409
2213,0.038048118352890015,False,0.0
2214,0.242287740111351,False,0.0
2215,0.06881766766309738,False,0.0
2216,0.1818557232618332,False,0.0
2217,0.29672619700431824,True,0.5173561573028564
2218,0.034535963088274,False,0.0
2219,0.250266432762146,False,0.0
2220,0.2176644653081894,False,0.0
2221,0.26572757959365845,False,0.0
2222,0.06335856020450592,False,0.0
2223,0.015600849874317646,False,0.0
2224,0.1513533741235733,False,0.0
2225,0.248663067817688,True,0.4439062178134918
2226,0.06072443723678589,False,0.0
2227,0.18448983132839203,False,0.0
2228,0.026709958910942078,False,0.0
2229,0.2279718667268753,False,0.0
2230,0.05736498162150383,False,0.0
2231,0.4448820948600769,True,0.8585624899715185
2232,0.27924174070358276,False,0.0
2233,0.030527520924806595,False,0.0
2234,0.04106399044394493,False,0.0
2235,0.15742330253124237,False,0.0
2236,0.24083705246448517,True,0.42061906307935715
2237,0.05167681723833084,False,0.0
2238,0.010179911740124226,False,0.0
2239,0.14723041653633118,False,0.0
2240,0.20300500094890594,False,0.0
2241,0.03419237956404686,False,0.0
2242,0.1876584142446518,False,0.30693206936120987
2243,0.027626171708106995,False,0.0
2244,0.1748695820569992,False,0.0
2245,0.044919729232788086,False,0.0
2246,0.1145520731806755,False,0.0
2247,0.22438335418701172,False,0.0
2248,0.03125285729765892,False,0.0
2249,0.019876521080732346,False,0.0
2250,0.899384617805481,True,1.0
2251,0.22785735130310059,False,0.0
2252,0.02373225800693035,False,0.0
2253,0.0,False,0.0
2254,0.14322195947170258,False,0.0
2255,0.20365400612354279,True,0.4015312781557441
2256,0.02273969165980816,False,0.0
2257,0.1913614422082901,False,0.0
2258,0.0028883670456707478,False,0.0
2259,0.21193809807300568,False,0.0
2260,0.031100153923034668,False,0.0
2261,0.1682651937007904,False,0.0
2262,0.23747758567333221,True,0.45230481028556824
2263,0.011325180530548096,False,0.0
2264,0.03136738762259483,False,0.0
2265,0.1805577427148819,False,0.0
2266,0.2415623962879181,False,0.0
2267,0.04545418918132782,False,0.0
2268,0.0,False,0.0
2269,0.32493796944618225,True,0.611191812902689
2270,0.22724652290344238,False,0.0
2271,0.057021405547857285,False,0.0
2272,0.2111745923757553,False,0.0
2273,0.01934206299483776,False,0.0
2274,0.2292698472738266,False,0.3651880770921707
2275,0.04667580872774124,False,0.0
2276,0.16108816862106323,False,0.0
2277,0.2593904137611389,False,0.0
2278,0.023426853120326996,False,0.0
2279,0.036559268832206726,False,0.0
2280,0.43875235319137573,False,0.0
2281,0.5865506529808044,True,1.0
2282,0.1389462947845459,False,0.0
2283,0.016173485666513443,False,0.0
2284,0.1755567342042923,False,0.0
2285,0.27000322937965393,False,0.0
2286,0.06530551612377167,False,0.0
2287,0.6062026619911194,True,1.0
2288,0.0479356050491333,False,0.0
2289,0.26828533411026,False,0.0
2290,0.07572745531797409,False,0.0
2291,0.1821611225605011,False,0.0
2292,0.26580390334129333,False,0.0
2293,0.029649481177330017,False,0.0
2294,0.057021405547857285,False,0.0
2295,0.189452663064003,False,0.0
2296,0.28344103693962097,True,0.5075831115245819
2297,0.0679396316409111,False,0.0
2298,0.010790721513330936,False,0.0
2299,0.20995298027992249,False,0.0
2300,0.2525569796562195,False,0.0
2301,0.06282410025596619,False,0.0
2302,0.22583404183387756,False,0.0
2303,0.02541198767721653,False,0.0
2304,0.24694514274597168,False,0.0
2305,0.05396735295653343,False,0.0
2306,0.46181461215019226,True,0.8724998459219933
2307,0.2840518653392792,False,0.0
2308,0.03541400283575058,False,0.0
2309,0.047630202025175095,False,0.0
2310,0.18510064482688904,False,0.0
2311,0.4470975697040558,True,0.8233671337366104
2312,0.43494582176208496,False,0.0
2313,0.03854440152645111,False,0.0
2314,0.23350732028484344,False,0.0
2315,0.2594667673110962,False,0.0
2316,0.05194404721260071,False,0.0
2317,0.22239823639392853,False,0.0
2318,0.025564689189195633,False,0.0
2319,0.2669873535633087,True,0.4233677014708519
2320,0.05530350282788277,False,0.0
2321,0.1855587512254715,False,0.0
2322,0.27763837575912476,False,0.0
2323,0.030565697699785233,False,0.0
2324,0.05412006005644798,False,0.0
2325,0.9110427498817444,True,1.0
2326,0.3286791741847992,False,0.0
2327,0.05950281769037247,False,0.0
2328,0.00853835977613926,False,0.0
2329,0.1826574057340622,False,0.0
2330,0.2562981843948364,True,0.4636811763048172
2331,0.05767039209604263,False,0.0
2332,0.2084641307592392,False,0.0
2333,0.024457596242427826,False,0.0
2334,0.2419823259115219,False,0.0
2335,0.05240214988589287,False,0.0
2336,0.18651314079761505,False,0.0
2337,0.2538549602031708,True,0.45115960016846657
2338,0.028275160118937492,False,0.0
2339,0.04457614943385124,False,0.0
2340,0.19930197298526764,False,0.0
2341,0.47169220447540283,False,0.0
2342,0.16830335557460785,False,0.0
2343,0.022319762036204338,False,0.0
2344,0.6741113066673279,True,1.0
2345,0.3102021813392639,False,0.0
2346,0.07259705662727356,False,0.0
2347,0.21804621815681458,False,0.0
2348,0.02419036626815796,False,0.0
2349,0.2698887288570404,True,0.41603804379701614
2350,0.06186970695853233,False,0.0
2351,0.18338273465633392,False,0.0
2352,0.27504241466522217,False,0.0
2353,0.030069414526224136,False,0.0
2354,0.04881364479660988,False,0.0
2355,0.19712595641613007,False,0.0
2356,0.2944738268852234,True,0.5405669212341309
2357,0.06072443723678589,False,0.0
2358,0.011859639547765255,False,0.0
2359,0.22152018547058105,False,0.0
2360,0.25202250480651855,False,0.0
2361,0.06125890091061592,False,0.0
2362,0.4648268222808838,True,0.8980701863765717
2363,0.04335452988743782,False,0.0
2364,0.26733094453811646,False,0.0
2365,0.07469671964645386,False,0.0
2366,0.18720029294490814,False,0.0
2367,0.2861897051334381,True,0.4856703504920006
2368,0.036979202181100845,False,0.0
2369,0.051409583538770676,False,0.0
2370,0.1878492832183838,False,0.0
2371,0.26981234550476074,False,0.0
2372,0.062480516731739044,False,0.0
2373,0.01579172909259796,False,0.0
2374,0.26702556014060974,False,0.0
2375,0.5375078916549683,True,1.0
2376,0.11172707378864288,False,0.0
2377,0.24473097920417786,False,0.0
2378,0.03152008727192879,False,0.0
2379,0.2628644108772278,False,0.0
2380,0.06725247204303741,False,0.0
2381,0.5442637205123901,True,1.0
2382,0.32222747802734375,False,0.0
2383,0.032359953969717026,False,0.0
2384,0.05144776031374931,False,0.0
2385,0.19430096447467804,False,0.0
2386,0.26672014594078064,True,0.46872038394212723
2387,0.07171902060508728,False,0.0
2388,0.016936998814344406,False,0.0
2389,0.18731482326984406,False,0.0
2390,0.24438738822937012,False,0.0
2391,0.062480516731739044,False,0.0
2392,0.20964756608009338,False,0.0
2393,0.028695091605186462,False,0.0
2394,0.2257576733827591,False,0.31571243703365326
2395,0.06790145486593246,False,0.0
2396,0.5460403561592102,False,0.0
2397,0.6026593446731567,False,0.0
2398,0.05461633950471878,False,0.0
2399,0.12287435680627823,False,0.0
2400,0.9155329465866089,True,1.0
2401,0.3229909837245941,False,0.0
2402,0.05492174252867699,False,0.0
2403,0.004911675117909908,False,0.0
2404,0.2053719013929367,False,0.0
2405,0.4726521968841553,False,0.0
2406,0.47516241669654846,True,0.9214136693626642
2407,0.30203258991241455,False,0.0
2408,0.03270353004336357,False,0.0
2409,0.2659566104412079,False,0.0
2410,0.05984640121459961,False,0.0
2411,0.180252343416214,False,0.0
2412,0.2885565757751465,True,0.5063614994287491
2413,0.03537582606077194,False,0.0
2414,0.058281201869249344,False,0.0
2415,0.22839179635047913,False,0.0
2416,0.2960008382797241,False,0.0
2417,0.07210078090429306,False,0.0
2418,0.01445558201521635,False,0.0
2419,0.6354830265045166,True,1.0
2420,0.32982444763183594,False,0.0
2421,0.08130110055208206,False,0.0
2422,0.22854450345039368,False,0.0
2423,0.027244416996836662,False,0.0
2424,0.24373839795589447,False,0.0
2425,0.0732460469007492,False,0.0
2426,0.21449588239192963,False,0.0
2427,0.3058883249759674,True,0.5572878159582615
2428,0.032627180218696594,False,0.0
2429,0.058052148669958115,False,0.0
2430,0.2190769463777542,False,0.0
2431,0.27450796961784363,False,0.0
2432,0.07626192271709442,False,0.0
2433,0.017624160274863243,False,0.0
2434,0.21461038291454315,False,0.0
2435,0.45637816190719604,False,0.0
2436,0.1602483093738556,False,0.0
2437,0.7655961513519287,True,1.0
2438,0.066832534968853,False,0.0
2439,0.3188680410385132,False,0.0
2440,0.07366597652435303,False,0.0
2441,0.17841990292072296,False,0.0
2442,0.2640096843242645,False,0.0
2443,0.029916709288954735,False,0.0
2444,0.056219715625047684,False,0.0
2445,0.1900634616613388,False,0.0
2446,0.2725610136985779,True,0.4852886088192463
2447,0.06610720604658127,False,0.0
2448,0.011134302243590355,False,0.0
2449,0.2045702040195465,False,0.0
2450,0.26442959904670715,False,0.0
2451,0.0547308623790741,False,0.0
2452,0.21781714260578156,False,0.0
2453,0.02770252525806427,False,0.0
2454,0.2567944824695587,False,0.0
2455,0.058510251343250275,False,0.0
2456,0.4624533951282501,True,0.8930942788720131
2457,0.3180663287639618,False,0.0
2458,0.039689671248197556,False,0.0
2459,0.0521349273622036,False,0.0
2460,0.19884386658668518,False,0.0
2461,0.274851530790329,True,0.47032371908426285
2462,0.0666416585445404,False,0.0
2463,0.015906255692243576,False,0.0
2464,0.2006763070821762,False,0.0
2465,0.25244244933128357,False,0.0
2466,0.058701127767562866,False,0.0
2467,0.4464831054210663,False,0.0
2468,0.039918720722198486,False,0.0
2469,0.5646166205406189,True,1.0
2470,0.11920949071645737,False,0.0
2471,0.17208275198936462,False,0.0
2472,0.27351540327072144,False,0.0
2473,0.02957313135266304,False,0.0
2474,0.06267139315605164,False,0.0
2475,0.917245090007782,True,1.0
2476,0.303483247756958,False,0.0
2477,0.04976803436875343,False,0.0
2478,0.01029443833976984,False,0.0
2479,0.1881546825170517,False,0.0
2480,0.24614346027374268,True,0.4413865990936756
2481,0.05480721592903137,False,0.0
2482,0.23759213089942932,False,0.0
2483,0.02545016072690487,False,0.0
2484,0.2353779375553131,False,0.0
2485,0.05255485326051712,False,0.0
2486,0.19559894502162933,False,0.0
2487,0.26023027300834656,True,0.46673522517085075
2488,0.02686266042292118,False,0.0
2489,0.03724643215537071,False,0.0
2490,0.1643712818622589,False,0.0
2491,0.26530763506889343,False,0.0
2492,0.054081883281469345,False,0.0
2493,0.011516058817505836,False,0.0
2494,0.45762085914611816,True,0.8603711314499378
2495,0.25423669815063477,False,0.0
2496,0.05732680484652519,False,0.0
2497,0.21651919186115265,False,0.0
2498,0.027435293421149254,False,0.0
2499,0.2938629984855652,False,0.0
2500,0.8999108672142029,True,1.0
2501,0.19449184834957123,False,0.0
2502,0.23972995579242706,False,0.0
2503,0.0027356643695384264,False,0.0
2504,0.03396332636475563,False,0.0
2505,0.13673211634159088,False,0.0
2506,0.2613755464553833,True,0.5172797641716897
2507,0.04606499895453453,False,0.0
2508,0.0,False,0.0
2509,0.17620572447776794,False,0.0
2510,0.2378593534231186,False,0.0
2511,0.060991670936346054,False,0.0
2512,0.5025261044502258,True,0.9484255425632
2513,0.02831333316862583,False,0.0
2514,0.23931002616882324,False,0.0
2515,0.061793357133865356,False,0.0
2516,0.16173715889453888,False,0.0
2517,0.6083489656448364,True,1.0
2518,0.04854641482234001,False,0.0
2519,0.18212293088436127,False,0.0
2520,0.44201427698135376,False,0.0
2521,0.46944236755371094,False,0.0
2522,0.09137946367263794,False,0.0
2523,0.013997474685311317,False,0.0
2524,0.17303714156150818,False,0.0
2525,0.3081788718700409,True,0.5500344708561897
2526,0.06858862191438675,False,0.0
2527,0.2719883620738983,False,0.0
2528,0.03316163644194603,False,0.0
2529,0.490604430437088,False,0.0
2530,0.2506482005119324,False,0.0
2531,0.8526032567024231,True,1.0
2532,0.4899469017982483,False,0.0
2533,0.03770453855395317,False,0.0
2534,0.06377848982810974,False,0.0
2535,0.1710520088672638,False,0.0
2536,0.26553669571876526,True,0.4556643143296242
2537,0.051409583538770676,False,0.0
2538,0.007469441741704941,False,0.0
2539,0.19414827227592468,False,0.0
2540,0.2554583251476288,False,0.0
2541,0.055990662425756454,False,0.0
2542,0.22003133594989777,False,0.0
2543,0.016135310754179955,False,0.0
2544,0.22319991886615753,False,0.30929894745349884
2545,0.06855044513940811,False,0.0
2546,0.16803614795207977,False,0.0
2547,0.2725991904735565,False,0.0
2548,0.03251265361905098,False,0.0
2549,0.045377835631370544,False,0.0
2550,0.9173480272293091,True,1.0
2551,0.28691503405570984,False,0.0
2552,0.049729857593774796,False,0.0
2553,0.005675187800079584,False,0.0
2554,0.17139558494091034,False,0.0
2555,0.2293843775987625,True,0.4165724739432335
2556,0.05022614076733589,False,0.0
2557,0.20689892768859863,False,0.0
2558,0.021098140627145767,False,0.0
2559,0.24110428988933563,False,0.0
2560,0.04900452122092247,False,0.0
2561,0.25301510095596313,False,0.0
2562,0.5573890805244446,True,1.0
2563,0.044957906007766724,False,0.0
2564,0.09317371994256973,False,0.0
2565,0.18781112134456635,False,0.0
2566,0.25740528106689453,False,0.0
2567,0.07782711833715439,False,0.0
2568,0.016288012266159058,False,0.0
2569,0.5690879821777344,True,1.0
2570,0.2955809235572815,False,0.0
2571,0.07847610861063004,False,0.0
2572,0.23858468234539032,False,0.0
2573,0.029267726466059685,False,0.0
2574,0.25148805975914,False,0.0
2575,0.0689321979880333,False,0.0
2576,0.17620572447776794,False,0.0
2577,0.29741331934928894,True,0.5362911857664585
2578,0.04259101673960686,False,0.0
2579,0.06270956993103027,False,0.0
2580,0.21071648597717285,False,0.0
2581,0.28073057532310486,False,0.0
2582,0.06919942796230316,False,0.0
2583,0.018807603046298027,False,0.0
2584,0.19590434432029724,False,0.0
2585,0.23133133351802826,False,0.0
2586,0.057212281972169876,False,0.0
2587,0.4781096875667572,True,0.9186041690409184
2588,0.04457614943385124,False,0.0
2589,0.2548856735229492,False,0.0
2590,0.0721389576792717,False,0.0
2591,0.16127905249595642,False,0.0
2592,0.45070692896842957,True,0.8122615590691566
2593,0.03835352510213852,False,0.0
2594,0.31172919273376465,False,0.0
2595,0.2456853687763214,False,0.0
2596,0.28042516112327576,False,0.0
2597,0.06194606050848961,False,0.0
2598,0.012928555719554424,False,0.0
2599,0.18399354815483093,False,0.0
2600,0.24614346027374268,True,0.43703457713127136
2601,0.04789742827415466,False,0.0
2602,0.23503434658050537,False,0.0
2603,0.027626171708106995,False,0.0
2604,0.2241543084383011,False,0.0
2605,0.07614739239215851,False,0.0
2606,0.5781726241111755,True,1.0
2607,0.30894237756729126,False,0.0
2608,0.034077852964401245,False,0.0
2609,0.06022815778851509,False,0.0
2610,0.19388103485107422,False,0.0
2611,0.2614900767803192,True,0.45482444763183594
2612,0.06320586055517197,False,0.0
2613,0.010599843226373196,False,0.0
2614,0.20289050042629242,False,0.0
2615,0.24694514274597168,False,0.0
2616,0.0579376183450222,False,0.0
2617,0.21621377766132355,False,0.0
2618,0.027206242084503174,False,0.0
2619,0.24904482066631317,False,0.3561786264181137
2620,0.07095550745725632,False,0.0
2621,0.17040303349494934,False,0.0
2622,0.4558080732822418,False,0.0
2623,0.030947452411055565,False,0.0
2624,0.10936018079519272,False,0.0
2625,0.916739284992218,True,1.0
2626,0.45198914408683777,False,0.0
2627,0.044919729232788086,False,0.0
2628,0.0035755280405282974,False,0.0
2629,0.15788142383098602,False,0.0
2630,0.23610328137874603,True,0.4252001531422138
2631,0.04976803436875343,False,0.0
2632,0.21964958310127258,False,0.0
2633,0.023503204807639122,False,0.0
2634,0.249464750289917,False,0.0
2635,0.05266938358545303,False,0.0
2636,0.16418039798736572,False,0.0
2637,0.2508009076118469,True,0.4790278058499098
2638,0.024266717955470085,False,0.0
2639,0.04316365346312523,False,0.0
2640,0.18128308653831482,False,0.0
2641,0.24728873372077942,False,0.0
2642,0.05545620247721672,False,0.0
2643,0.011287004686892033,False,0.0
2644,0.44680002331733704,True,0.8533888943493366
2645,0.25942859053611755,False,0.0
2646,0.06458017975091934,False,0.0
2647,0.21018202602863312,False,0.0
2648,0.020105576142668724,False,0.0
2649,0.23644685745239258,False,0.3697691410779953
2650,0.05156228691339493,False,0.0
2651,0.17769457399845123,False,0.0
2652,0.2537022531032562,False,0.0
2653,0.0264809038490057,False,0.0
2654,0.03850622475147247,False,0.0
2655,0.23805022239685059,False,0.0
2656,0.5669910907745361,True,1.0
2657,0.10787134617567062,False,0.0
2658,0.015219094231724739,False,0.0
2659,0.18338273465633392,False,0.0
2660,0.2504954934120178,False,0.0
2661,0.059121061116456985,False,0.0
2662,0.5441995859146118,True,1.0
2663,0.04904269799590111,False,0.0
2664,0.256069153547287,False,0.0
2665,0.06587814539670944,False,0.0
2666,0.17570944130420685,False,0.0
2667,0.26152825355529785,True,0.4249711111187935
2668,0.028847793117165565,False,0.0
2669,0.04927175119519234,False,0.0
2670,0.18120673298835754,False,0.0
2671,0.23972995579242706,False,0.0
2672,0.057250458747148514,False,0.0
2673,0.014951865188777447,False,0.0
2674,0.18983441591262817,False,0.0
2675,0.2579779326915741,True,0.4597873017191887
2676,0.05717410519719124,False,0.0
2677,0.20812053978443146,False,0.0
2678,0.02808428183197975,False,0.0
2679,0.20873133838176727,False,0.0
2680,0.052020397037267685,False,0.0
2681,0.2816849648952484,True,0.5136148743331432
2682,0.25362589955329895,False,0.0
2683,0.032398127019405365,False,0.0
2684,0.03106198087334633,False,0.0
2685,0.16250066459178925,False,0.0
2686,0.26572757959365845,True,0.46933119744062424
2687,0.1987675130367279,False,0.0
2688,0.02831333316862583,False,0.0
2689,0.1693722903728485,False,0.0
2690,0.22033675014972687,False,0.0
2691,0.04121669381856918,False,0.0
2692,0.1615462750196457,False,0.0
2693,0.025373810902237892,False,0.0
2694,0.19220130145549774,False,0.31479621678590775
2695,0.03480319306254387,False,0.0
2696,0.23503434658050537,False,0.0
2697,0.2489684671163559,False,0.0
2698,0.030260292813181877,False,0.0
2699,0.024877527728676796,False,0.0
2700,0.9251434803009033,True,1.0
2701,0.44562384486198425,False,0.0
2702,0.059960927814245224,False,0.0
2703,0.00819477904587984,False,0.0
2704,0.1869712471961975,False,0.0
2705,0.2702704668045044,True,0.48063116148114204
2706,0.05255485326051712,False,0.0
2707,0.23789754509925842,False,0.0
2708,0.029954886063933372,False,0.0
2709,0.26843804121017456,False,0.0
2710,0.07076463103294373,False,0.0
2711,0.21083103120326996,False,0.0
2712,0.2729046046733856,True,0.4855940341949463
2713,0.030107587575912476,False,0.0
2714,0.045950472354888916,False,0.0
2715,0.14948277175426483,False,0.0
2716,0.4824730455875397,False,0.0
2717,0.17128106951713562,False,0.0
2718,0.023655908182263374,False,0.0
2719,0.7688013911247253,True,1.0
2720,0.4501074254512787,False,0.0
2721,0.08737102895975113,False,0.0
2722,0.2012489289045334,False,0.0
2723,0.02354138158261776,False,0.0
2724,0.2567944824695587,False,0.3917583301663399
2725,0.06091531738638878,False,0.0
2726,0.19842393696308136,False,0.0
2727,0.2866477966308594,False,0.0
2728,0.031100153923034668,False,0.0
2729,0.050531547516584396,False,0.0
2730,0.281455934047699,False,0.0
2731,0.3038650155067444,True,0.5606472678482533
2732,0.07572745531797409,False,0.0
2733,0.01896030642092228,False,0.0
2734,0.2007526457309723,False,0.0
2735,0.25351136922836304,False,0.0
2736,0.05820484831929207,False,0.0
2737,0.5221978425979614,True,1.0
2738,0.043507229536771774,False,0.0
2739,0.24244044721126556,False,0.0
2740,0.06431294977664948,False,0.0
2741,0.16700540482997894,False,0.0
2742,0.2512971758842468,True,0.4155798926949501
2743,0.030145764350891113,False,0.0
2744,0.0392315611243248,False,0.0
2745,0.18700942397117615,False,0.0
2746,0.26691100001335144,False,0.0
2747,0.05797579512000084,False,0.0
2748,0.014531932771205902,False,0.0
2749,0.27901268005371094,False,0.0
2750,0.8996852040290833,True,1.0
2751,0.05289843678474426,False,0.0
2752,0.17899253964424133,False,0.0
2753,0.0,False,0.0
2754,0.22785735130310059,False,0.0
2755,0.03896433487534523,False,0.0
2756,0.5634741187095642,True,1.0
2757,0.4293662905693054,False,0.0
2758,0.026519080623984337,False,0.0
2759,0.060151804238557816,False,0.0
2760,0.18090133368968964,False,0.0
2761,0.2525951564311981,True,0.45215215161442757
2762,0.05232580378651619,False,0.0
2763,0.007354915142059326,False,0.0
2764,0.18708577752113342,False,0.0
2765,0.23644685745239258,False,0.0
2766,0.05236397311091423,False,0.0
2767,0.21029655635356903,False,0.0
2768,0.01686064712703228,False,0.0
2769,0.22388708591461182,False,0.35923267900943756
2770,0.044270746409893036,False,0.0
2771,0.18830738961696625,False,0.0
2772,0.24041712284088135,False,0.0
2773,0.023045098409056664,False,0.0
2774,0.031749140471220016,False,0.0
2775,0.913969099521637,True,1.0
2776,0.2959626615047455,False,0.0
2777,0.05251668021082878,False,0.0
2778,0.007087686099112034,False,0.0
2779,0.15769053995609283,False,0.0
2780,0.24820494651794434,False,0.0
2781,0.25152623653411865,False,0.0
2782,0.26103195548057556,True,0.4597872495651245
2783,0.031138330698013306,False,0.0
2784,0.23640869557857513,False,0.0
2785,0.05198222026228905,False,0.0
2786,0.1517351269721985,False,0.0
2787,0.26950696110725403,True,0.5153709948062897
2788,0.024533947929739952,False,0.0
2789,0.0405295304954052,False,0.0
2790,0.1927739381790161,False,0.0
2791,0.249273881316185,False,0.0
2792,0.05457816272974014,False,0.0
2793,0.011821463704109192,False,0.0
2794,0.5541762709617615,True,1.0
2795,0.2737826108932495,False,0.0
2796,0.07126091420650482,False,0.0
2797,0.22831545770168304,False,0.0
2798,0.02770252525806427,False,0.0
2799,0.2473651021718979,False,0.0
2800,0.059731870889663696,False,0.0
2801,0.17719827592372894,False,0.0
2802,0.26813262701034546,True,0.4808602035045624
2803,0.03667379543185234,False,0.0
2804,0.059770047664642334,False,0.0
2805,0.16860876977443695,False,0.0
2806,0.24740326404571533,False,0.0
2807,0.05679234862327576,False,0.0
2808,0.011287004686892033,False,0.0
2809,0.20029453933238983,False,0.0
2810,0.29752787947654724,False,0.0
2811,0.11680443584918976,False,0.0
2812,0.6685677766799927,True,1.0
2813,0.05377647280693054,False,0.0
2814,0.2860751748085022,False,0.0
2815,0.08408792316913605,False,0.0
2816,0.17257903516292572,False,0.0
2817,0.25984853506088257,False,0.35152122378349304
2818,0.03381062671542168,False,0.0
2819,0.061182547360658646,False,0.0
2820,0.16299694776535034,False,0.0
2821,0.23354552686214447,False,0.0
2822,0.04881364479660988,False,0.0
2823,0.012279571034014225,False,0.0
2824,0.15780507028102875,False,0.0
2825,0.22869721055030823,True,0.40962449833750725
2826,0.05400552973151207,False,0.0
2827,0.21121278405189514,False,0.0
2828,0.023884961381554604,False,0.0
2829,0.23228572309017181,False,0.0
2830,0.05465451627969742,False,0.0
2831,0.4315750002861023,True,0.8340861350297928
2832,0.2630934417247772,False,0.0
2833,0.033696096390485764,False,0.0
2834,0.05457816272974014,False,0.0
2835,0.18922361731529236,False,0.0
2836,0.2479759007692337,True,0.4285596087574959
2837,0.06759605556726456,False,0.0
2838,0.014531932771205902,False,0.0
2839,0.20800602436065674,False,0.0
2840,0.23923368752002716,False,0.0
2841,0.05591430887579918,False,0.0
2842,0.2865714728832245,False,0.0
2843,0.035948459059000015,False,0.0
2844,0.5097533464431763,True,0.9545577391982079
2845,0.10962741822004318,False,0.0
2846,0.17548038065433502,False,0.0
2847,0.23407995700836182,False,0.0
2848,0.03247447684407234,False,0.0
2849,0.056410592049360275,False,0.0
2850,0.9129798412322998,True,1.0
2851,0.27813464403152466,False,0.0
2852,0.03797176852822304,False,0.0
2853,0.003537352429702878,False,0.0
2854,0.1862459033727646,False,0.0
2855,0.20529554784297943,False,0.0
2856,0.04434709623456001,False,0.0
2857,0.2117472141981125,False,0.38481030240654945
2858,0.01934206299483776,False,0.0
2859,0.20854046940803528,False,0.0
2860,0.043469056487083435,False,0.0
2861,0.17998510599136353,False,0.0
2862,0.25011372566223145,True,0.4789514131844044
2863,0.0264809038490057,False,0.0
2864,0.041407570242881775,False,0.0
2865,0.17032667994499207,False,0.0
2866,0.23694315552711487,False,0.0
2867,0.057021405547857285,False,0.0
2868,0.010638019070029259,False,0.0
2869,0.3101640045642853,True,0.5709547102451324
2870,0.23572151362895966,False,0.0
2871,0.06171700358390808,False,0.0
2872,0.1935756355524063,False,0.0
2873,0.024686649441719055,False,0.0
2874,0.2645440995693207,False,0.0
2875,0.2720647156238556,False,0.0
2876,0.22552862763404846,False,0.0
2877,0.6154142022132874,True,1.0
2878,0.04919540137052536,False,0.0
2879,0.08542407304048538,False,0.0
2880,0.4831402897834778,False,0.0
2881,0.4559549391269684,False,0.0
2882,0.0739332064986229,False,0.0
2883,0.015524499118328094,False,0.0
2884,0.19464455544948578,False,0.0
2885,0.2784018814563751,False,0.0
2886,0.07985042780637741,False,0.0
2887,0.7066059112548828,True,1.0
2888,0.06332038342952728,False,0.0
2889,0.3113856017589569,False,0.0
2890,0.07610922306776047,False,0.0
2891,0.19991278648376465,False,0.0
2892,0.2611846625804901,False,0.3701508790254593
2893,0.03274170681834221,False,0.0
2894,0.06751970201730728,False,0.0
2895,0.21170905232429504,False,0.0
2896,0.2561836540699005,False,0.0
2897,0.05549437925219536,False,0.0
2898,0.012355922721326351,False,0.0
2899,0.20201244950294495,False,0.0
2900,0.22335262596607208,False,0.3073901832103729
2901,0.06965753436088562,False,0.0
2902,0.22671206295490265,False,0.0
2903,0.027626171708106995,False,0.0
2904,0.4311376214027405,False,0.0
2905,0.2150685042142868,False,0.0
2906,0.7975984215736389,True,1.0
2907,0.478675901889801,False,0.0
2908,0.038238998502492905,False,0.0
2909,0.08824906498193741,False,0.0
2910,0.16131721436977386,False,0.0
2911,0.2693542540073395,True,0.46223051100969315
2912,0.06507646292448044,False,0.0
2913,0.010599843226373196,False,0.0
2914,0.19323204457759857,False,0.0
2915,0.25419852137565613,False,0.0
2916,0.06427477300167084,False,0.0
2917,0.21884790062904358,False,0.0
2918,0.02835150994360447,False,0.0
2919,0.24942658841609955,False,0.3861846998333931
2920,0.056334238499403,False,0.0
2921,0.19323204457759857,False,0.0
2922,0.25763434171676636,False,0.0
2923,0.025564689189195633,False,0.0
2924,0.031138330698013306,False,0.0
2925,0.9143011569976807,True,1.0
2926,0.4472423791885376,False,0.0
2927,0.060762614011764526,False,0.0
2928,0.008805588819086552,False,0.0
2929,0.18311551213264465,False,0.0
2930,0.23022423684597015,True,0.406570453196764
2931,0.046599458903074265,False,0.0
2932,0.21499216556549072,False,0.0
2933,0.026939010247588158,False,0.0
2934,0.233660027384758,False,0.0
2935,0.058472078293561935,False,0.0
2936,0.2526715099811554,False,0.0
2937,0.5465322732925415,True,1.0
2938,0.045148786157369614,False,0.0
2939,0.07313152402639389,False,0.0
2940,0.19109420478343964,False,0.0
2941,0.2769511938095093,False,0.0
2942,0.06759605556726456,False,0.0
2943,0.011057950556278229,False,0.0
2944,0.557212769985199,True,1.0
2945,0.29035085439682007,False,0.0
2946,0.06648895889520645,False,0.0
2947,0.23499618470668793,False,0.0
2948,0.0271298885345459,False,0.0
2949,0.23373639583587646,False,0.0
2950,0.043888986110687256,False,0.0
2951,0.1860550343990326,False,0.0
2952,0.2718738317489624,True,0.489487886428833
2953,0.031138330698013306,False,0.0
2954,0.04232378676533699,False,0.0
2955,0.1958661675453186,False,0.0
2956,0.27030864357948303,False,0.0
2957,0.05320383980870247,False,0.0
2958,0.008080252446234226,False,0.0
2959,0.1860550343990326,False,0.0
2960,0.24839583039283752,False,0.0
2961,0.05988457426428795,False,0.0
2962,0.4496023952960968,True,0.8663997128605843
2963,0.03549035266041756,False,0.0
2964,0.26141372323036194,False,0.0
2965,0.06625990569591522,False,0.0
2966,0.19731684029102325,False,0.0
2967,0.4422627091407776,True,0.8135447129607201
2968,0.032359953969717026,False,0.0
2969,0.27431708574295044,False,0.0
2970,0.22778098285198212,False,0.0
2971,0.27824917435646057,False,0.0
2972,0.07221530377864838,False,0.0
2973,0.016402538865804672,False,0.0
2974,0.19697324931621552,False,0.0
2975,0.241676926612854,True,0.42222245782613754
2976,0.06759605556726456,False,0.0
2977,0.23308740556240082,False,0.0
2978,0.030565697699785233,False,0.0
2979,0.2591613531112671,False,0.0
2980,0.06625990569591522,False,0.0
2981,0.520973265171051,True,1.0
2982,0.4570482671260834,False,0.0
2983,0.04037683084607124,False,0.0
2984,0.04961533471941948,False,0.0
2985,0.2063644677400589,False,0.0
2986,0.26263532042503357,True,0.44451697915792465
2987,0.05908288434147835,False,0.0
2988,0.01499004103243351,False,0.0
2989,0.19701144099235535,False,0.0
2990,0.2290789633989334,False,0.0
2991,0.04911905154585838,False,0.0
2992,0.2381647676229477,False,0.0
2993,0.028885969892144203,False,0.0
2994,0.2429748773574829,False,0.3700745180249214
2995,0.0579376183450222,False,0.0
2996,0.5010034441947937,False,0.0
2997,0.7252856492996216,False,0.0
2998,0.05896836146712303,False,0.0
2999,0.22400160133838654,False,0.0
3000,0.9000000357627869,True,1.0
3001,0.260879248380661,False,0.0
3002,0.01624983549118042,False,0.0
3003,0.0,False,0.0
3004,0.14253480732440948,False,0.0
3005,0.24114246666431427,True,0.4712399626150727
3006,0.03442143648862839,False,0.0
3007,0.22690294682979584,False,0.0
3008,0.005522485356777906,False,0.0
3009,0.25931406021118164,False,0.0
3010,0.032207246869802475,False,0.0
3011,0.20987661182880402,False,0.0
3012,0.2609556019306183,True,0.5219112038612366
3013,0.015257269144058228,False,0.0
3014,0.03625386580824852,False,0.0
3015,0.1852533519268036,False,0.0
3016,0.2540839910507202,False,0.0
3017,0.05129506066441536,False,0.0
3018,0.0,False,0.0
3019,0.46523478627204895,True,0.9014057070016861
3020,0.2740498483181,False,0.0
3021,0.057250458747148514,False,0.0
3022,0.22152018547058105,False,0.0
3023,0.014531932771205902,False,0.0
3024,0.24820494651794434,True,0.40893732011318207
3025,0.0437362864613533,False,0.0
3026,0.20388305187225342,False,0.0
3027,0.27863094210624695,False,0.0
3028,0.02396131306886673,False,0.0
3029,0.04282006993889809,False,0.0
3030,0.3216548562049866,False,0.0
3031,0.6455766558647156,True,1.0
3032,0.12940238416194916,False,0.0
3033,0.011363356374204159,False,0.0
3034,0.22384889423847198,False,0.0
3035,0.27802011370658875,False,0.0
3036,0.06404571980237961,False,0.0
3037,0.6471483707427979,True,1.0
3038,0.05179134011268616,False,0.0
3039,0.27653127908706665,False,0.0
3040,0.07691090553998947,False,0.0
3041,0.22018404304981232,False,0.0
3042,0.27202653884887695,False,0.39023126661777496
3043,0.029878536239266396,False,0.0
3044,0.05102783069014549,False,0.0
3045,0.18513880670070648,False,0.0
3046,0.2786690890789032,False,0.0
3047,0.05480721592903137,False,0.0
3048,0.006285997573286295,False,0.0
3049,0.20922763645648956,False,0.0
3050,0.28111234307289124,True,0.5087284184992313
3051,0.06370213627815247,False,0.0
3052,0.2436620444059372,False,0.0
3053,0.026748133823275566,False,0.0
3054,0.2627880275249481,False,0.0
3055,0.062022414058446884,False,0.0
3056,0.4958585798740387,True,0.9371519722044468
3057,0.3009636700153351,False,0.0
3058,0.03144373744726181,False,0.0
3059,0.05060789734125137,False,0.0
3060,0.20831142365932465,False,0.0
3061,0.4785442054271698,True,0.894200935959816
3062,0.45083650946617126,False,0.0
3063,0.03827717527747154,False,0.0
3064,0.25152623653411865,False,0.0
3065,0.26771268248558044,False,0.0
3066,0.07225348055362701,False,0.0
3067,0.22098572552204132,False,0.0
3068,0.0272825937718153,False,0.0
3069,0.2625971734523773,True,0.4145873412489891
3070,0.05530350282788277,False,0.0
3071,0.21438133716583252,False,0.0
3072,0.2821812629699707,False,0.0
3073,0.03209272027015686,False,0.0
3074,0.04770655184984207,False,0.0
3075,0.9157652258872986,True,1.0
3076,0.32104405760765076,False,0.0
3077,0.045950472354888916,False,0.0
3078,0.00544613366946578,False,0.0
3079,0.20289050042629242,False,0.0
3080,0.2332782745361328,True,0.41771771013736725
3081,0.03568122908473015,False,0.0
3082,0.22342896461486816,False,0.0
3083,0.024419419467449188,False,0.0
3084,0.23682861030101776,False,0.0
3085,0.05091330409049988,False,0.0
3086,0.19559894502162933,False,0.0
3087,0.2831738293170929,True,0.5151419267058372
3088,0.02560286596417427,False,0.0
3089,0.04480520263314247,False,0.0
3090,0.20491378009319305,False,0.0
3091,0.45860645174980164,False,0.0
3092,0.09909094870090485,False,0.0
3093,0.016936998814344406,False,0.0
3094,0.6945388913154602,True,1.0
3095,0.44587835669517517,False,0.0
3096,0.07557475566864014,False,0.0
3097,0.23438537120819092,False,0.0
3098,0.026175498962402344,False,0.0
3099,0.25221338868141174,False,0.0
3100,0.06316768378019333,False,0.0
3101,0.1882692128419876,False,0.0
3102,0.27721843123435974,True,0.5020858645439148
3103,0.02522110939025879,False,0.0
3104,0.0379335917532444,False,0.0
3105,0.19044522941112518,False,0.0
3106,0.26171913743019104,False,0.0
3107,0.05400552973151207,False,0.0
3108,0.013195785693824291,False,0.0
3109,0.1956752985715866,False,0.0
3110,0.23152220249176025,False,0.0
3111,0.06137342378497124,False,0.0
3112,0.4438976049423218,True,0.861403638496995
3113,0.035337649285793304,False,0.0
3114,0.25813063979148865,False,0.0
3115,0.06087714061141014,False,0.0
3116,0.1860550343990326,False,0.0
3117,0.26553669571876526,True,0.4603980928659439
3118,0.029115021228790283,False,0.0
3119,0.04831736162304878,False,0.0
3120,0.1785726100206375,False,0.0
3121,0.257672518491745,False,0.0
3122,0.05404370650649071,False,0.0
3123,0.01040896587073803,False,0.0
3124,0.22209282219409943,False,0.0
3125,0.48590388894081116,True,0.9430493172258139
3126,0.09199027717113495,False,0.0
3127,0.21449588239192963,False,0.0
3128,0.02545016072690487,False,0.0
3129,0.2376684695482254,False,0.0
3130,0.06045721098780632,False,0.0
3131,0.32344910502433777,True,0.5959978885948658
3132,0.2919923961162567,False,0.0
3133,0.0358339324593544,False,0.0
3134,0.05427275970578194,False,0.0
3135,0.19930197298526764,False,0.0
3136,0.25912317633628845,True,0.4465784877538681
3137,0.04801195487380028,False,0.0
3138,0.014379230327904224,False,0.0
3139,0.19227765500545502,False,0.0
3140,0.19670604169368744,False,0.0
3141,0.02980218268930912,False,0.0
3142,0.18414625525474548,False,0.0
3143,0.030298465862870216,False,0.0
3144,0.19483542442321777,False,0.31685771048069
3145,0.03640656918287277,False,0.0
3146,0.11073451489210129,False,0.0
3147,0.20682255923748016,False,0.0
3148,0.026290027424693108,False,0.0
3149,0.01750963181257248,False,0.0
3150,0.9177870750427246,True,1.0
3151,0.3064609467983246,False,0.0
3152,0.053509246557950974,False,0.0
3153,0.008500183932483196,False,0.0
3154,0.19334657490253448,False,0.0
3155,0.278898149728775,False,0.0
3156,0.2977950870990753,True,0.5752303507179022
3157,0.2784782350063324,False,0.0
3158,0.031214682385325432,False,0.0
3159,0.2567562758922577,False,0.0
3160,0.06427477300167084,False,0.0
3161,0.14849020540714264,False,0.0
3162,0.2848917245864868,True,0.5073540844023228
3163,0.029305899515748024,False,0.0
3164,0.054769039154052734,False,0.0
3165,0.18410806357860565,False,0.0
3166,0.2660711705684662,False,0.0
3167,0.05507444962859154,False,0.0
3168,0.010179911740124226,False,0.0
3169,0.5990248918533325,True,1.0
3170,0.2914579510688782,False,0.0
3171,0.07652914524078369,False,0.0
3172,0.22732289135456085,False,0.0
3173,0.027397120371460915,False,0.0
3174,0.25473299622535706,False,0.3722887486219406
3175,0.06858862191438675,False,0.0
3176,0.19453002512454987,False,0.0
3177,0.27992889285087585,False,0.0
3178,0.028236983343958855,False,0.0
3179,0.04885181784629822,False,0.0
3180,0.2942447364330292,False,0.0
3181,0.3005055785179138,True,0.5462169162929058
3182,0.06828321516513824,False,0.0
3183,0.013004908338189125,False,0.0
3184,0.19479724764823914,False,0.0
3185,0.44797462224960327,False,0.0
3186,0.10519903898239136,False,0.0
3187,0.7888317704200745,True,1.0
3188,0.06839773803949356,False,0.0
3189,0.29901671409606934,False,0.0
3190,0.08981426805257797,False,0.0
3191,0.17822901904582977,False,0.0
3192,0.28221943974494934,False,0.38481034338474274
3193,0.02934407629072666,False,0.0
3194,0.059960927814245224,False,0.0
3195,0.22281816601753235,False,0.0
3196,0.2722555994987488,False,0.0
3197,0.06618355959653854,False,0.0
3198,0.010752546600997448,False,0.0
3199,0.19548441469669342,False,0.0
3200,0.2320566624403,True,0.41382381319999695
3201,0.05480721592903137,False,0.0
3202,0.22274179756641388,False,0.0
3203,0.025144755840301514,False,0.0
3204,0.24511273205280304,False,0.0
3205,0.06144977733492851,False,0.0
3206,0.4829517602920532,True,0.9378322213888168
3207,0.28962549567222595,False,0.0
3208,0.033237989991903305,False,0.0
3209,0.05854842811822891,False,0.0
3210,0.19479724764823914,False,0.0
3211,0.25351136922836304,True,0.44054675847291946
3212,0.07087915390729904,False,0.0
3213,0.014035649597644806,False,0.0
3214,0.19861482083797455,False,0.0
3215,0.2324765920639038,False,0.0
3216,0.0600372813642025,False,0.0
3217,0.31543225049972534,False,0.0
3218,0.03980419784784317,False,0.0
3219,0.587230920791626,True,1.0
3220,0.13493786752223969,False,0.0
3221,0.1932702213525772,False,0.0
3222,0.28813666105270386,False,0.0
3223,0.03537582606077194,False,0.0
3224,0.059770047664642334,False,0.0
3225,0.9130324125289917,True,1.0
3226,0.30283427238464355,False,0.0
3227,0.041140343993902206,False,0.0
3228,0.0025829619262367487,False,0.0
3229,0.1871621310710907,False,0.0
3230,0.2356833517551422,True,0.4282542057335377
3231,0.04621770232915878,False,0.0
3232,0.2189624160528183,False,0.0
3233,0.021556248888373375,False,0.0
3234,0.2249559909105301,False,0.0
3235,0.043240003287792206,False,0.0
3236,0.19846211373806,False,0.0
3237,0.6611719727516174,True,1.0
3238,0.05400552973151207,False,0.0
3239,0.22942255437374115,False,0.0
3240,0.494405597448349,False,0.0
3241,0.4775156080722809,False,0.0
3242,0.0916466936469078,False,0.0
3243,0.01468463521450758,False,0.0
3244,0.6153002381324768,True,1.0
3245,0.4485865831375122,False,0.0
3246,0.09202845394611359,False,0.0
3247,0.23152220249176025,False,0.0
3248,0.0216326005756855,False,0.0
3249,0.4903356730937958,False,0.0
3250,0.9000000357627869,True,1.0
3251,0.21064011752605438,False,0.0
3252,0.26832351088523865,False,0.0
3253,0.004873499274253845,False,0.0
3254,0.030603870749473572,False,0.0
3255,0.15811048448085785,False,0.0
3256,0.2637805938720703,True,0.5178141891956329
3257,0.04637040197849274,False,0.0
3258,0.0,False,0.0
3259,0.21342694759368896,False,0.0
3260,0.25122082233428955,False,0.0
3261,0.0487372912466526,False,0.0
3262,0.6992710828781128,True,1.0
3263,0.05671599507331848,False,0.0
3264,0.3151650130748749,False,0.0
3265,0.08824906498193741,False,0.0
3266,0.2329728901386261,False,0.0
3267,0.31463053822517395,True,0.4527629464864731
3268,0.033467043191194534,False,0.0
3269,0.054501812905073166,False,0.0
3270,0.21361783146858215,False,0.0
3271,0.2950846254825592,False,0.0
3272,0.0621369369328022,False,0.0
3273,0.013119435869157314,False,0.0
3274,0.2155648022890091,False,0.0
3275,0.28191402554512024,True,0.5082702971994877
3276,0.05767039209604263,False,0.0
3277,0.22842998802661896,False,0.0
3278,0.027778876945376396,False,0.0
3279,0.3032923638820648,False,0.0
3280,0.1440618336200714,False,0.0
3281,0.7034265398979187,True,1.0
3282,0.5203850865364075,False,0.0
3283,0.03613933548331261,False,0.0
3284,0.06335856020450592,False,0.0
3285,0.20750974118709564,False,0.0
3286,0.313294380903244,True,0.5543100908398628
3287,0.059770047664642334,False,0.0
3288,0.011401532217860222,False,0.0
3289,0.2237725555896759,False,0.0
3290,0.26152825355529785,False,0.0
3291,0.058243025094270706,False,0.0
3292,0.2498846799135208,False,0.0
3293,0.03312346339225769,False,0.0
3294,0.28523531556129456,True,0.4607798457145691
3295,0.05484539270401001,False,0.0
3296,0.4895891845226288,False,0.0
3297,0.6359045505523682,False,0.0
3298,0.045797768980264664,False,0.0
3299,0.08622575551271439,False,0.0
3300,0.9201952219009399,True,1.0
3301,0.32902273535728455,False,0.0
3302,0.04358358308672905,False,0.0
3303,0.004071811214089394,False,0.0
3304,0.20720432698726654,False,0.0
3305,0.2709576189517975,True,0.4992608465254307
3306,0.05259303003549576,False,0.0
3307,0.24973197281360626,False,0.0
3308,0.021327195689082146,False,0.0
3309,0.26660558581352234,False,0.0
3310,0.051142361015081406,False,0.0
3311,0.32791563868522644,False,0.0
3312,0.6304285526275635,True,1.0
3313,0.046790335327386856,False,0.0
3314,0.08546224236488342,False,0.0
3315,0.22755193710327148,False,0.0
3316,0.2856934070587158,False,0.0
3317,0.06442748010158539,False,0.0
3318,0.013806596398353577,False,0.0
3319,0.6154804229736328,True,1.0
3320,0.47038698196411133,False,0.0
3321,0.07790347188711166,False,0.0
3322,0.24721239507198334,False,0.0
3323,0.030145764350891113,False,0.0
3324,0.2685907483100891,True,0.41962653398513794
3325,0.05877748131752014,False,0.0
3326,0.21831344068050385,False,0.0
3327,0.29653531312942505,False,0.0
3328,0.031176505610346794,False,0.0
3329,0.056410592049360275,False,0.0
3330,0.21449588239192963,False,0.0
3331,0.3063846230506897,True,0.5524777173995972
3332,0.0637403130531311,False,0.0
3333,0.013653893955051899,False,0.0
3334,0.21693912148475647,False,0.0
3335,0.24690698087215424,False,0.0
3336,0.06599267572164536,False,0.0
3337,0.4902120530605316,True,0.9475426748394966
3338,0.04072041064500809,False,0.0
3339,0.2831738293170929,False,0.0
3340,0.07484941929578781,False,0.0
3341,0.20640264451503754,False,0.0
3342,0.4578683078289032,True,0.8342957943677902
3343,0.038009945303201675,False,0.0
3344,0.45037275552749634,False,0.0
3345,0.252289742231369,False,0.0
3346,0.308064341545105,False,0.0
3347,0.06771057844161987,False,0.0
3348,0.01644071564078331,False,0.0
3349,0.2102583646774292,False,0.0
3350,0.27752384543418884,True,0.4826163128018379
3351,0.06381666660308838,False,0.0
3352,0.25961944460868835,False,0.0
3353,0.03621568903326988,False,0.0
3354,0.2823721468448639,False,0.0
3355,0.07381867617368698,False,0.0
3356,0.5889443159103394,True,1.0
3357,0.49227333068847656,False,0.0
3358,0.03839170187711716,False,0.0
3359,0.058090317994356155,False,0.0
3360,0.23232388496398926,False,0.0
3361,0.2961917221546173,True,0.5156000405550003
3362,0.0684359148144722,False,0.0
3363,0.014493757858872414,False,0.0
3364,0.2034631222486496,False,0.0
3365,0.27691301703453064,False,0.0
3366,0.06156430393457413,False,0.0
3367,0.2521752119064331,False,0.0
3368,0.030107587575912476,False,0.0
3369,0.2725991904735565,True,0.4075630456209183
3370,0.06881766766309738,False,0.0
3371,0.2315603792667389,False,0.0
3372,0.5032877326011658,False,0.0
3373,0.03896433487534523,False,0.0
3374,0.08592035621404648,False,0.0
3375,0.9201859831809998,True,1.0
3376,0.3277629613876343,False,0.0
3377,0.05301296338438988,False,0.0
3378,0.00617147097364068,False,0.0
3379,0.19323204457759857,False,0.0
3380,0.2529768943786621,True,0.4602453485131264
3381,0.04331635311245918,False,0.0
3382,0.22400160133838654,False,0.0
3383,0.022854220122098923,False,0.0
3384,0.26003941893577576,False,0.0
3385,0.050378840416669846,False,0.0
3386,0.22965160012245178,False,0.0
3387,0.28424274921417236,True,0.5188831426203251
3388,0.024953879415988922,False,0.0
3389,0.02480117790400982,False,0.0
3390,0.19521717727184296,False,0.0
3391,0.2863805890083313,False,0.0
3392,0.049729857593774796,False,0.0
3393,0.006934983190149069,False,0.0
3394,0.46268466114997864,True,0.8711095452308655
3395,0.27744749188423157,False,0.0
3396,0.06011362746357918,False,0.0
3397,0.23190395534038544,False,0.0
3398,0.0271298885345459,False,0.0
3399,0.2635515630245209,True,0.4016839861869812
3400,0.06270956993103027,False,0.0
3401,0.20411209762096405,False,0.0
3402,0.28195223212242126,False,0.0
3403,0.0316346138715744,False,0.0
3404,0.043698109686374664,False,0.0
3405,0.25030460953712463,False,0.0
3406,0.5443578958511353,True,1.0
3407,0.10038890689611435,False,0.0
3408,0.019723817706108093,False,0.0
3409,0.19514082372188568,False,0.0
3410,0.2699650526046753,False,0.0
3411,0.06622172892093658,False,0.0
3412,0.5125722885131836,True,0.985696941614151
3413,0.038658928126096725,False,0.0
3414,0.28241032361984253,False,0.0
3415,0.06007545068860054,False,0.0
3416,0.20189790427684784,False,0.0
3417,0.2843572795391083,True,0.4913967028260231
3418,0.034497786313295364,False,0.0
3419,0.037628185003995895,False,0.0
3420,0.1826574057340622,False,0.0
3421,0.2509536147117615,False,0.0
3422,0.042209260165691376,False,0.0
3423,0.011554233729839325,False,0.0
3424,0.18483340740203857,False,0.0
3425,0.22961342334747314,True,0.4168778620660305
3426,0.04415621981024742,False,0.0
3427,0.1968587338924408,False,0.0
3428,0.028198808431625366,False,0.0
3429,0.21453404426574707,False,0.0
3430,0.021174492314457893,False,0.0
3431,0.11768247187137604,False,0.0
