frame_idx,action_score,is_peak,persistence_value
0,0.7502862215042114,False,0.0
1,0.18503527343273163,False,0.0
2,0.0487331859767437,False,0.0
3,0.12065469473600388,False,0.14384301751852036
4,0.0,False,0.0
5,0.10189665853977203,False,0.0
6,0.0,False,0.0
7,0.10778800398111343,False,0.0
8,0.17037761211395264,False,0.0
9,0.12861977517604828,False,0.0
10,0.12286984175443649,False,0.0
11,0.22731153666973114,False,0.0
12,0.31912222504615784,False,0.0
13,0.1735825091600418,False,0.0
14,0.3220914602279663,False,0.0
15,0.3799680173397064,True,0.6349453181028366
16,0.06339084357023239,False,0.0
17,0.23527665436267853,False,0.0
18,0.31648290157318115,False,0.0
19,0.3270873427391052,False,0.0
20,0.1716030091047287,False,0.0
21,0.34037819504737854,False,0.0
22,0.062495358288288116,False,0.0
23,0.4447256624698639,True,0.8215830624103546
24,0.22825418412685394,False,0.0
25,0.2892884910106659,False,0.0
26,0.3031449019908905,False,0.0
27,0.19177497923374176,False,0.0
28,0.033934131264686584,False,0.0
29,0.37492501735687256,False,0.0
30,0.8703600764274597,True,1.0
31,0.4514182209968567,False,0.0
32,0.44133225083351135,False,0.0
33,0.42582622170448303,False,0.0
34,0.043925847858190536,False,0.0
35,0.24399583041667938,False,0.0
36,0.44547972083091736,True,0.8031077459454536
37,0.40160104632377625,False,0.0
38,0.21279528737068176,False,0.0
39,0.32812419533729553,False,0.0
40,0.02323545329272747,False,0.0
41,0.4213959276676178,False,0.0
42,0.2907966673374176,False,0.0
43,0.4345925450325012,True,0.8227141834795475
44,0.40518292784690857,False,0.0
45,0.2717558443546295,False,0.0
46,0.017768288031220436,False,0.0
47,0.3490973711013794,False,0.0
48,0.36592304706573486,False,0.0
49,0.19380159676074982,False,0.0
50,0.41786113381385803,True,0.8001856915652752
51,0.40089407563209534,False,0.0
52,0.012960952706634998,False,0.0
53,0.17999228835105896,False,0.0
54,0.34985145926475525,False,0.0
55,0.34560972452163696,False,0.0
56,0.23221313953399658,False,0.0
57,0.3709189295768738,False,0.0
58,0.01300808321684599,False,0.0
59,0.6696407794952393,False,0.0
60,0.8016541004180908,True,1.0
61,0.5999736189842224,False,0.0
62,0.4487788677215576,False,0.0
63,0.23687909543514252,False,0.0
64,0.012301122769713402,False,0.0
65,0.6382305026054382,True,1.0
66,0.40405184030532837,False,0.0
67,0.19210489094257355,False,0.0
68,0.32030048966407776,False,0.0
69,0.29084378480911255,False,0.0
70,0.013149476610124111,False,0.0
71,0.1189579889178276,False,0.0
72,0.40532436966896057,True,0.7821817714720964
73,0.3560727536678314,False,0.0
74,0.19776058197021484,False,0.0
75,0.3344397246837616,False,0.0
76,0.01423348393291235,False,0.0
77,0.42436519265174866,True,0.8224314320832491
78,0.29654660820961,False,0.0
79,0.3942486345767975,False,0.0
80,0.406266987323761,False,0.0
81,0.22424805164337158,False,0.0
82,0.0,False,0.0
83,0.3788840174674988,False,0.0
84,0.3953326344490051,False,0.21727269887924194
85,0.28669628500938416,False,0.0
86,0.43751463294029236,False,0.0
87,0.6212277412414551,False,0.0
88,0.021350225433707237,False,0.0
89,0.30667969584465027,False,0.0
90,0.8469448089599609,True,1.0
91,0.6867808103561401,False,0.0
92,0.34952154755592346,False,0.0
93,0.6389982104301453,False,0.0
94,0.02087891660630703,False,0.0
95,0.649780809879303,True,1.0
96,0.2625182271003723,False,0.0
97,0.4090476632118225,False,0.0
98,0.3948613107204437,False,0.0
99,0.134416863322258,False,0.0
100,0.0,False,0.0
101,0.6136091947555542,True,1.0
102,0.43496957421302795,False,0.0
103,0.3159644603729248,False,0.0
104,0.38081637024879456,False,0.0
105,0.3905724287033081,False,0.0
106,0.02563912235200405,False,0.0
107,0.21246536076068878,False,0.0
108,0.4645676612854004,True,0.8778570778667927
109,0.4550943970680237,False,0.0
110,0.22976234555244446,False,0.0
111,0.3900068700313568,False,0.0
112,0.017815418541431427,False,0.0
113,0.4206889569759369,False,0.0
114,0.22005341947078705,False,0.0
115,0.44953298568725586,True,0.8634351342916489
116,0.39269331097602844,False,0.0
117,0.19059669971466064,False,0.0
118,0.0,False,0.0
119,0.372662752866745,False,0.0
120,0.894474446773529,True,1.0
121,0.44387727975845337,False,0.0
122,0.4649447500705719,False,0.0
123,0.39849039912223816,False,0.0
124,0.009473278187215328,False,0.0
125,0.19328315556049347,False,0.0
126,0.33901140093803406,False,0.18701475858688354
127,0.3388228714466095,False,0.0
128,0.24550402164459229,False,0.0
129,0.4000456929206848,False,0.0
130,0.0,False,0.0
131,0.44142651557922363,True,0.8682425022125244
132,0.18677912652492523,False,0.0
133,0.39825472235679626,False,0.0
134,0.38043931126594543,False,0.0
135,0.2666657269001007,False,0.0
136,0.0110285934060812,False,0.0
137,0.4272873103618622,True,0.832517433911562
138,0.3909023702144623,False,0.0
139,0.23805736005306244,False,0.0
140,0.3139849603176117,False,0.0
141,0.3518781065940857,False,0.0
142,0.007305264472961426,False,0.0
143,0.2512068450450897,False,0.0
144,0.38680195808410645,True,0.7399525679647923
145,0.3692222237586975,False,0.0
146,0.19050244987010956,False,0.0
147,0.30795225501060486,False,0.0
148,0.01682567410171032,False,0.0
149,0.4586763381958008,False,0.0
150,0.8222558498382568,True,1.0
151,0.6706879734992981,False,0.0
152,0.6251940727233887,False,0.0
153,0.2087891548871994,False,0.0
154,0.007446656469255686,False,0.0
155,0.4279942512512207,False,0.0
156,0.37987375259399414,False,0.0
157,0.18239596486091614,False,0.0
158,0.4580164849758148,True,0.8834185004234314
159,0.39476707577705383,False,0.0
160,0.021680139005184174,False,0.0
161,0.282218873500824,False,0.0
162,0.357675164937973,False,0.0
163,0.3990088403224945,False,0.0
164,0.20930759608745575,False,0.0
165,0.4365249276161194,False,0.0
166,0.026251820847392082,False,0.0
167,0.44109660387039185,True,0.8388329297304153
168,0.2136436551809311,False,0.0
169,0.34730643033981323,False,0.0
170,0.3654046058654785,False,0.0
171,0.2935302257537842,False,0.0
172,0.01630723476409912,False,0.0
173,0.45947757363319397,True,0.480167955160141
174,0.3836441934108734,False,0.0
175,0.21939359605312347,False,0.0
176,0.3470707833766937,False,0.0
177,0.6124631762504578,False,0.0
178,0.008954840712249279,False,0.0
179,0.3255320191383362,False,0.0
180,0.8326432108879089,True,1.0
181,0.6946218013763428,False,0.0
182,0.35701534152030945,False,0.0
183,0.3860478699207306,False,0.0
184,0.024225199595093727,False,0.0
185,0.40565425157546997,False,0.0
186,0.15991459786891937,False,0.0
187,0.46037307381629944,True,0.8722957484424114
188,0.38600075244903564,False,0.0
189,0.18263161182403564,False,0.0
190,0.00683395704254508,False,0.0
191,0.3486731946468353,False,0.0
192,0.34306463599205017,False,0.0
193,0.2059141844511032,False,0.0
194,0.46673569083213806,True,0.8885086551308632
195,0.4571210443973541,False,0.0
196,0.022481363266706467,False,0.0
197,0.241922065615654,False,0.0
198,0.3980662226676941,False,0.0
199,0.3648390471935272,False,0.0
200,0.23145905137062073,False,0.0
201,0.4223385453224182,False,0.0
202,0.024790769442915916,False,0.0
203,0.4708360731601715,True,0.9280042322352529
204,0.25714531540870667,False,0.0
205,0.3383515775203705,False,0.0
206,0.3662058413028717,False,0.0
207,0.20157817006111145,False,0.0
208,0.004760204814374447,False,0.0
209,0.6086910367012024,False,0.0
210,0.8971670269966125,True,1.0
211,0.4398711621761322,False,0.0
212,0.5888468027114868,False,0.0
213,0.45773372054100037,False,0.0
214,0.025167813524603844,False,0.0
215,0.26199978590011597,False,0.0
216,0.45278501510620117,True,0.8552344031631947
217,0.3941543698310852,False,0.0
218,0.24361877143383026,False,0.0
219,0.32331687211990356,False,0.0
220,0.01861664280295372,False,0.0
221,0.354046106338501,False,0.0
222,0.14257048070430756,False,0.0
223,0.3898654878139496,True,0.7424976900219917
224,0.36752551794052124,False,0.0
225,0.3039461374282837,False,0.0
226,0.014610528945922852,False,0.0
227,0.36394354701042175,False,0.0
228,0.40956613421440125,False,0.0
229,0.22387102246284485,False,0.0
230,0.46329519152641296,True,0.8973693251609802
231,0.3815704584121704,False,0.0
232,0.011876946315169334,False,0.0
233,0.24328887462615967,False,0.0
234,0.31742551922798157,False,0.0
235,0.37143734097480774,False,0.24668225646018982
236,0.24809621274471283,False,0.0
237,0.42304548621177673,False,0.0
238,0.01918221078813076,False,0.0
239,0.6893524527549744,False,0.0
240,0.800727367401123,True,1.0
241,0.6232638359069824,False,0.0
242,0.44420719146728516,False,0.0
243,0.23141193389892578,False,0.0
244,0.008436402305960655,False,0.0
245,0.6200754642486572,True,0.927862673997879
246,0.3862835168838501,False,0.0
247,0.1561441272497177,False,0.0
248,0.32063040137290955,False,0.0
249,0.32100746035575867,False,0.0
250,0.8930728435516357,True,1.0
251,0.16533462703227997,False,0.0
252,0.40956613421440125,False,0.0
253,0.39811334013938904,False,0.0
254,0.27755293250083923,False,0.0
255,0.32157301902770996,False,0.0
256,0.010368762537837029,False,0.0
257,0.436053603887558,True,0.8513696826994419
258,0.2046416848897934,False,0.0
259,0.3963223695755005,False,0.0
260,0.3717672526836395,False,0.0
261,0.22090177237987518,False,0.0
262,0.0031106288079172373,False,0.0
263,0.3745479881763458,False,0.3651689887046814
264,0.3360893130302429,False,0.0
265,0.19196349382400513,False,0.0
266,0.40494728088378906,False,0.0
267,0.610079824924469,False,0.0
268,0.0215387474745512,False,0.0
269,0.27293410897254944,False,0.0
270,0.826245129108429,True,1.0
271,0.6428043842315674,False,0.0
272,0.32930248975753784,False,0.0
273,0.6310474276542664,False,0.0
274,0.028325572609901428,False,0.0
275,0.626946210861206,True,1.0
276,0.1882401704788208,False,0.0
277,0.34179210662841797,False,0.0
278,0.32063040137290955,False,0.0
279,0.11184123903512955,False,0.0
280,0.0,False,0.0
281,0.46984633803367615,True,0.9271558998152614
282,0.4180496633052826,False,0.0
283,0.23937702178955078,False,0.0
284,0.35333916544914246,False,0.0
285,0.38854581117630005,False,0.0
286,0.015176097862422466,False,0.0
287,0.2635079622268677,False,0.0
288,0.4129595458507538,True,0.7955668959766626
289,0.41234683990478516,False,0.0
290,0.20101259648799896,False,0.0
291,0.33877575397491455,False,0.0
292,0.01428061444312334,False,0.0
293,0.396086722612381,False,0.0
294,0.16575880348682404,False,0.0
295,0.42978522181510925,True,0.8310092147439718
296,0.37850695848464966,False,0.0
297,0.20737524330615997,False,0.0
298,0.0062683881260454655,False,0.0
299,0.33359137177467346,False,0.0
300,0.8720642328262329,True,1.0
301,0.445574015378952,False,0.0
302,0.612481951713562,False,0.0
303,0.4553771913051605,False,0.0
304,0.022339969873428345,False,0.0
305,0.2940015494823456,False,0.0
306,0.37351110577583313,False,0.0
307,0.39094945788383484,False,0.0
308,0.1806049793958664,False,0.0
309,0.4641435146331787,False,0.0
310,0.02559198997914791,False,0.0
311,0.6161055564880371,True,1.0
312,0.21175840497016907,False,0.0
313,0.3724270761013031,False,0.0
314,0.389676958322525,False,0.0
315,0.28264304995536804,False,0.0
316,0.005749950185418129,False,0.0
317,0.4576866328716278,True,0.8821932263672352
318,0.37054187059402466,False,0.0
319,0.21397355198860168,False,0.0
320,0.35249078273773193,False,0.0
321,0.37073037028312683,False,0.0
322,0.019606387242674828,False,0.0
323,0.27849552035331726,False,0.0
324,0.41611728072166443,True,0.7930217869579792
325,0.3701648414134979,False,0.0
326,0.20365193486213684,False,0.0
327,0.34834328293800354,False,0.0
328,0.016590019688010216,False,0.0
329,0.6157622933387756,False,0.0
330,0.8042700290679932,True,1.0
331,0.6553197503089905,False,0.0
332,0.60149085521698,False,0.0
333,0.27005913853645325,False,0.0
334,0.007399525493383408,False,0.0
335,0.41149845719337463,False,0.0
336,0.36870378255844116,False,0.0
337,0.21204118430614471,False,0.0
338,0.42931389808654785,False,0.0
339,0.4361478388309479,True,0.8360050059854984
340,0.018145335838198662,False,0.0
341,0.23065784573554993,False,0.0
342,0.38463395833969116,False,0.0
343,0.3741709291934967,False,0.0
344,0.2575223445892334,False,0.0
345,0.433320015668869,False,0.0
346,0.028137052431702614,False,0.0
347,0.48059216141700745,True,0.9463852718472481
348,0.19941015541553497,False,0.0
349,0.3488617241382599,False,0.0
350,0.39038392901420593,False,0.0
351,0.29433146119117737,False,0.0
352,0.007211002986878157,False,0.0
353,0.4398711621761322,True,0.8552343416959047
354,0.40296778082847595,False,0.0
355,0.21633009612560272,False,0.0
356,0.3315647542476654,False,0.0
357,0.32953813672065735,False,0.0
358,0.012253991328179836,False,0.0
359,0.39905595779418945,False,0.0
360,0.9707497358322144,True,1.0
361,0.697036862373352,False,0.0
362,0.27166157960891724,False,0.0
363,0.4246479570865631,False,0.0
364,0.023376846686005592,False,0.0
365,0.43888145685195923,False,0.0
366,0.1764574944972992,False,0.0
367,0.4555656909942627,True,0.8643776886165142
368,0.37030622363090515,False,0.0
369,0.1535990685224533,False,0.0
370,0.0009426148026250303,False,0.0
371,0.32237425446510315,False,0.0
372,0.3458924889564514,False,0.0
373,0.23070494830608368,False,0.0
374,0.4154103398323059,True,0.7846325561404228
375,0.4139964282512665,False,0.0
376,0.02497929148375988,False,0.0
377,0.20219087600708008,False,0.0
378,0.3678082823753357,False,0.0
379,0.3479662537574768,False,0.0
380,0.2328258603811264,False,0.0
381,0.40353336930274963,False,0.0
382,0.023094061762094498,False,0.0
383,0.4302093982696533,True,0.8496729880571365
384,0.18550658226013184,False,0.0
385,0.31257104873657227,False,0.0
386,0.3333085775375366,False,0.0
387,0.18560084700584412,False,0.0
388,0.0053729042410850525,False,0.0
389,0.4372318685054779,False,0.0
390,0.9556987881660461,True,1.0
391,0.45782801508903503,False,0.0
392,0.4604201912879944,False,0.0
393,0.4287954270839691,False,0.0
394,0.022999800741672516,False,0.0
395,0.26195263862609863,False,0.0
396,0.47724586725234985,True,0.9084921330213547
397,0.3799208998680115,False,0.0
398,0.1731112003326416,False,0.0
399,0.2919277846813202,False,0.0
400,0.009708932600915432,False,0.0
401,0.4346868097782135,False,0.0
402,0.2262275516986847,False,0.0
403,0.44675227999687195,True,0.8682424835860729
404,0.42215004563331604,False,0.0
405,0.29890313744544983,False,0.0
406,0.012631038203835487,False,0.0
407,0.39787769317626953,False,0.0
408,0.371060311794281,False,0.0
409,0.2531391978263855,False,0.0
410,0.43082210421562195,True,0.8243166618049145
411,0.4104616343975067,False,0.0
412,0.02144448645412922,False,0.0
413,0.28358563780784607,False,0.0
414,0.3604559004306793,False,0.0
415,0.35272642970085144,False,0.0
416,0.24606958031654358,False,0.0
417,0.4085763394832611,False,0.0
418,0.01866377331316471,False,0.0
419,0.6979116201400757,False,0.0
420,0.792862057685852,True,1.0
421,0.6339933276176453,False,0.0
422,0.4589119851589203,False,0.0
423,0.27585622668266296,False,0.0
424,0.01300808321684599,False,0.0
425,0.6661601066589355,True,1.0
426,0.43242451548576355,False,0.0
427,0.16613584756851196,False,0.0
428,0.369457870721817,False,0.0
429,0.3301979601383209,False,0.0
430,0.018192464485764503,False,0.0
431,0.3665357530117035,False,0.0
432,0.4266274571418762,False,0.0
433,0.4561784267425537,True,0.8759719245135784
434,0.22764146327972412,False,0.0
435,0.3624825179576874,False,0.0
436,0.01856951229274273,False,0.0
437,0.4300679862499237,False,0.0
438,0.24507983028888702,False,0.0
439,0.42318686842918396,False,0.35621407628059387
440,0.3791668117046356,False,0.0
441,0.26049157977104187,False,0.0
442,0.010840069502592087,False,0.0
443,0.3721914291381836,False,0.0
444,0.3265689015388489,False,0.0
445,0.2189694195985794,False,0.0
446,0.40056416392326355,False,0.0
447,0.5954864025115967,False,0.0
448,0.019464995712041855,False,0.0
449,0.33509954810142517,False,0.0
450,0.7889825105667114,True,1.0
451,0.6396927833557129,False,0.0
452,0.29221057891845703,False,0.0
453,0.4589119851589203,False,0.0
454,0.02092604897916317,False,0.0
455,0.6242753267288208,True,1.0
456,0.18706189095973969,False,0.0
457,0.35470592975616455,False,0.0
458,0.3153989017009735,False,0.0
459,0.17117884755134583,False,0.0
460,0.0027807136066257954,False,0.0
461,0.44896742701530457,True,0.8804022185504436
462,0.41149845719337463,False,0.0
463,0.23739753663539886,False,0.0
464,0.35230228304862976,False,0.0
465,0.3255320191383362,False,0.0
466,0.014469136483967304,False,0.0
467,0.2616698443889618,False,0.0
468,0.4306807219982147,True,0.8324231710284948
469,0.4090476632118225,False,0.0
470,0.2470121830701828,False,0.0
471,0.3230340778827667,False,0.0
472,0.013479391112923622,False,0.0
473,0.4242709279060364,True,0.8215830735862255
474,0.17471365630626678,False,0.0
475,0.41475048661231995,False,0.0
476,0.36276528239250183,False,0.0
477,0.24578681588172913,False,0.0
478,0.00876631774008274,False,0.0
479,0.3909023702144623,False,0.0
480,0.9341500997543335,True,1.0
481,0.46051445603370667,False,0.0
482,0.6377081871032715,False,0.0
483,0.4276171624660492,False,0.0
484,0.020737525075674057,False,0.0
485,0.24423149228096008,False,0.0
486,0.3470707833766937,False,0.0
487,0.3509354889392853,False,0.0
488,0.21232397854328156,False,0.0
489,0.4154103398323059,False,0.0
490,0.014799050986766815,False,0.0
491,0.4410494267940521,True,0.8525007516145706
492,0.23065784573554993,False,0.0
493,0.34579822421073914,False,0.0
494,0.3977362811565399,False,0.0
495,0.2574281096458435,False,0.0
496,0.008342141285538673,False,0.0
497,0.45589563250541687,False,0.0
498,0.43209463357925415,False,0.0
499,0.251301109790802,False,0.0
500,0.892871618270874,True,1.0
501,0.4267217218875885,False,0.0
502,0.012631038203835487,False,0.0
503,0.24244050681591034,False,0.0
504,0.4242709279060364,False,0.0
505,0.39292895793914795,False,0.0
506,0.2300451248884201,False,0.0
507,0.3312348425388336,False,0.0
508,0.008342141285538673,False,0.0
509,0.47573766112327576,False,0.0
510,0.8351184725761414,True,1.0
511,0.5423334240913391,False,0.0
512,0.4918563961982727,False,0.0
513,0.29164502024650574,False,0.0
514,0.014092090539634228,False,0.0
515,0.4265802800655365,False,0.0
516,0.3829372525215149,False,0.0
517,0.20374618470668793,False,0.0
518,0.430162250995636,True,0.8165871761739254
519,0.3892056345939636,False,0.0
520,0.021868662908673286,False,0.0
521,0.26440343260765076,False,0.0
522,0.35399898886680603,False,0.0
523,0.3812405467033386,False,0.0
524,0.2812291085720062,False,0.0
525,0.4282298982143402,False,0.0
526,0.024790769442915916,False,0.0
527,0.4966166019439697,True,0.965049022808671
528,0.30460596084594727,False,0.0
529,0.3515010476112366,False,0.0
530,0.37907251715660095,False,0.0
531,0.2431946098804474,False,0.0
532,0.006881088018417358,False,0.0
533,0.4769631028175354,True,0.9092462658882141
534,0.42502498626708984,False,0.0
535,0.25738096237182617,False,0.0
536,0.35654404759407043,False,0.0
537,0.46329519152641296,False,0.0
538,0.022339969873428345,False,0.0
539,0.2905610203742981,False,0.0
540,0.8804932832717896,True,1.0
541,0.5722614526748657,False,0.0
542,0.3232226073741913,False,0.0
543,0.41116857528686523,False,0.0
544,0.020690394565463066,False,0.0
545,0.46221113204956055,True,0.883041474968195
546,0.27156731486320496,False,0.0
547,0.46051445603370667,False,0.0
548,0.4103201925754547,False,0.0
549,0.19728927314281464,False,0.0
550,0.011735553853213787,False,0.0
551,0.37690451741218567,False,0.0
552,0.4076808989048004,False,0.0
553,0.2658173739910126,False,0.0
554,0.47022339701652527,True,0.9032135084271431
555,0.42780572175979614,False,0.0
556,0.019464995712041855,False,0.0
557,0.25851210951805115,False,0.0
558,0.3624825179576874,False,0.0
559,0.3751135468482971,False,0.0
560,0.2820303440093994,False,0.0
561,0.4247422218322754,False,0.0
562,0.01861664280295372,False,0.0
563,0.4733811318874359,True,0.9232911560684443
564,0.2787783145904541,False,0.0
565,0.3577694594860077,False,0.0
566,0.3887343108654022,False,0.0
567,0.28735610842704773,False,0.0
568,0.0110285934060812,False,0.0
569,0.4920920431613922,False,0.0
570,0.9358049035072327,True,1.0
571,0.4371376037597656,False,0.0
572,0.47781142592430115,False,0.0
573,0.47517210245132446,False,0.0
574,0.028325572609901428,False,0.0
575,0.31997057795524597,False,0.0
576,0.5012825727462769,True,0.9459140002727509
577,0.4492030739784241,False,0.0
578,0.21760261058807373,False,0.0
579,0.36809107661247253,False,0.0
580,0.027571482583880424,False,0.0
581,0.45655545592308044,False,0.0
582,0.323128342628479,False,0.0
583,0.4656517207622528,True,0.8761604763567448
584,0.4374675452709198,False,0.0
585,0.3202533721923828,False,0.0
586,0.01428061444312334,False,0.0
587,0.41163989901542664,False,0.0
588,0.4118283689022064,False,0.0
589,0.3105444610118866,False,0.0
590,0.44053101539611816,False,0.0
591,0.4488731324672699,True,0.8627752549946308
592,0.01748550496995449,False,0.0
593,0.32110172510147095,False,0.0
594,0.3842097818851471,False,0.0
595,0.42007628083229065,False,0.0
596,0.277411550283432,False,0.0
597,0.45598989725112915,False,0.0
598,0.017249850556254387,False,0.0
599,0.7460155487060547,False,0.0
600,0.8553122282028198,True,1.0
601,0.5490259528160095,False,0.0
602,0.4988788664340973,False,0.0
603,0.3514539301395416,False,0.0
604,0.02083178609609604,False,0.0
605,0.5455854535102844,True,1.0
606,0.4845511019229889,False,0.0
607,0.33439260721206665,False,0.0
608,0.4065968990325928,False,0.0
609,0.40183669328689575,False,0.0
610,0.02149161696434021,False,0.0
611,0.2553071975708008,False,0.0
612,0.500905454158783,False,0.0
613,0.5272044539451599,False,0.0
614,0.3635194003582001,False,0.0
615,0.39118513464927673,False,0.0
616,0.021915793418884277,False,0.0
617,0.572402834892273,True,1.0
618,0.3642263412475586,False,0.0
619,0.533378541469574,False,0.0
620,0.5389871001243591,False,0.0
621,0.36276528239250183,False,0.0
622,0.019276471808552742,False,0.0
623,0.46244677901268005,False,0.0
624,0.46697136759757996,False,0.0
625,0.45287925004959106,False,0.0
626,0.4830900728702545,False,0.0
627,0.7828498482704163,False,0.0
628,0.03652632236480713,False,0.0
629,0.5140078067779541,False,0.0
630,0.9347734451293945,True,1.0
631,0.7672078609466553,False,0.0
632,0.4434531331062317,False,0.0
633,0.5670298933982849,False,0.0
634,0.0348767451941967,False,0.0
635,0.7275232076644897,True,1.0
636,0.3224214017391205,False,0.0
637,0.4965694546699524,False,0.0
638,0.4342155158519745,False,0.0
639,0.23174183070659637,False,0.0
640,0.010321631096303463,False,0.0
641,0.48544660210609436,True,0.9282870180904865
642,0.4713073670864105,False,0.0
643,0.36219972372055054,False,0.0
644,0.41196975111961365,False,0.0
645,0.43379130959510803,False,0.0
646,0.021303093060851097,False,0.0
647,0.3836441934108734,False,0.0
648,0.4607972204685211,False,0.0
649,0.5710360407829285,True,1.0
650,0.3483904302120209,False,0.0
651,0.47078895568847656,False,0.0
652,0.028702620416879654,False,0.0
653,0.5626468062400818,False,0.0
654,0.4020251929759979,False,0.0
655,0.5336142182350159,False,0.0
656,0.5381388068199158,False,0.0
657,0.39500272274017334,False,0.0
658,0.018239594995975494,False,0.0
659,0.478565514087677,False,0.0
660,0.9529889225959778,True,1.0
661,0.5559541583061218,False,0.0
662,0.564437747001648,False,0.0
663,0.5780584812164307,False,0.0
664,0.03713902458548546,False,0.0
665,0.37388813495635986,False,0.0
666,0.4927990138530731,False,0.36394357681274414
667,0.4746536910533905,False,0.0
668,0.31082722544670105,False,0.0
669,0.5018481016159058,False,0.0
670,0.030069410800933838,False,0.0
671,0.5727327466011047,True,1.0
672,0.4016481339931488,False,0.0
673,0.461504191160202,False,0.0
674,0.46475622057914734,False,0.0
675,0.38416263461112976,False,0.0
676,0.018192464485764503,False,0.0
677,0.5527964234352112,True,1.0
678,0.5462924242019653,False,0.0
679,0.45184239745140076,False,0.0
680,0.4331786334514618,False,0.0
681,0.48624783754348755,False,0.0
682,0.02446085400879383,False,0.0
683,0.3734639585018158,False,0.0
684,0.5340855121612549,False,0.0
685,0.5538333058357239,True,1.0
686,0.45999598503112793,False,0.0
687,0.4677254259586334,False,0.0
688,0.03214316442608833,False,0.0
689,0.8012725114822388,False,0.0
690,0.945463240146637,True,1.0
691,0.7547621726989746,False,0.0
692,0.7299356460571289,False,0.0
693,0.35192522406578064,False,0.0
694,0.013385129161179066,False,0.0
695,0.5234339833259583,False,0.0
696,0.5022251605987549,False,0.0
697,0.3320360481739044,False,0.0
698,0.5467637181282043,True,1.0
699,0.48228883743286133,False,0.0
700,0.027760004624724388,False,0.0
701,0.281087726354599,False,0.0
702,0.4145619869232178,False,0.0
703,0.4842212200164795,False,0.0
704,0.41253533959388733,False,0.0
705,0.5551058650016785,False,0.0
706,0.03421691805124283,False,0.0
707,0.7217245101928711,True,1.0
708,0.4278528392314911,False,0.0
709,0.49119654297828674,False,0.0
710,0.5523722767829895,False,0.0
711,0.38416263461112976,False,0.0
712,0.0062212576158344746,False,0.0
713,0.5527493357658386,False,0.0
714,0.5800380110740662,False,0.3807221055030823
715,0.389676958322525,False,0.0
716,0.7145164608955383,False,0.0
717,0.7092025279998779,False,0.0
718,0.031059155240654945,False,0.0
719,0.5865420699119568,False,0.0
720,0.9868108630180359,True,1.0
721,0.8287111520767212,False,0.0
722,0.4756433963775635,False,0.0
723,0.7238580584526062,False,0.0
724,0.03327430412173271,False,0.0
725,0.5610443353652954,False,0.0
726,0.4015538692474365,False,0.0
727,0.5797080993652344,False,0.0
728,0.7386723160743713,True,1.0
729,0.3482019007205963,False,0.0
730,0.010934331454336643,False,0.0
731,0.5012825727462769,False,0.0
732,0.5210303664207458,False,0.0
733,0.42950239777565,False,0.0
734,0.7517731785774231,True,1.0
735,0.5800851583480835,False,0.0
736,0.02389528416097164,False,0.0
737,0.39594534039497375,False,0.0
738,0.5178725719451904,False,0.0
739,0.561091423034668,False,0.0
740,0.5436530709266663,False,0.0
741,0.5828658938407898,False,0.0
742,0.02662886679172516,False,0.0
743,0.7960879802703857,True,0.6113853454589844
744,0.49039530754089355,False,0.0
745,0.5405424237251282,False,0.0
746,0.807445228099823,False,0.0
747,0.475360631942749,False,0.0
748,0.018428118899464607,False,0.0
749,0.7674669623374939,False,0.0
750,0.8952439427375793,True,1.0
751,0.6137365102767944,False,0.0
752,0.6546459794044495,False,0.0
753,0.660772979259491,False,0.0
754,0.020690394565463066,False,0.0
755,0.4891699254512787,False,0.0
756,0.6685023903846741,True,1.0
757,0.6120869517326355,False,0.0
758,0.5337085127830505,False,0.0
759,0.5971464514732361,False,0.0
760,0.04119226709008217,False,0.0
761,0.6792482137680054,False,0.0
762,0.5672655701637268,False,0.0
763,0.6594533324241638,False,0.0
764,0.7791182398796082,True,1.0
765,0.5640135407447815,False,0.0
766,0.01965351775288582,False,0.0
767,0.6765146255493164,False,0.0
768,0.6620454788208008,False,0.0
769,0.5387986302375793,False,0.0
770,0.7430161237716675,True,1.0
771,0.7027664184570312,False,0.0
772,0.033415693789720535,False,0.0
773,0.5146205425262451,False,0.0
774,0.6253306269645691,False,0.0
775,0.6238695979118347,False,0.0
776,0.6185909509658813,False,0.0
777,0.6710945963859558,False,0.0
778,0.02384815365076065,False,0.0
779,0.7991959452629089,False,0.0
780,0.9961833953857422,True,1.0
781,0.9941974878311157,False,0.0
782,0.9650565385818481,False,0.0
783,0.7993844747543335,False,0.0
784,0.04006112739443779,False,0.0
785,0.7688437700271606,True,1.0
786,0.5454440116882324,False,0.0
787,0.646256685256958,False,0.0
788,0.6596889495849609,False,0.0
789,0.7052172422409058,False,0.0
790,0.033981259912252426,False,0.0
791,0.7780342102050781,False,0.0
792,0.7630466818809509,False,0.0
793,0.6937644481658936,False,0.0
794,0.7518295645713806,False,0.0
795,0.9961938261985779,True,1.0
796,0.049063097685575485,False,0.0
797,0.6996086835861206,False,0.0
798,0.7851038575172424,False,0.0
799,0.7936816215515137,False,0.0
800,0.6996558308601379,False,0.0
801,0.9965407848358154,True,1.0
802,0.03138907253742218,False,0.0
803,0.7999971508979797,False,0.0
804,0.7217130064964294,False,0.0
805,0.7809092402458191,False,0.0
806,0.7977820038795471,False,0.0
807,0.9965909719467163,True,1.0
808,0.029833758249878883,False,0.0
809,0.7706817984580994,False,0.0
810,0.9960829019546509,False,0.0
811,0.9962548613548279,False,0.0
812,0.9853601455688477,False,0.0
813,0.9958657026290894,False,0.0
814,0.041616443544626236,False,0.0
815,0.7049344778060913,False,0.0
816,0.800000011920929,False,0.0
817,0.7883558869361877,False,0.0
818,0.6789183020591736,False,0.0
819,0.9958683252334595,False,0.0
820,0.035819362848997116,False,0.0
821,0.996078610420227,True,1.0
822,0.717754065990448,False,0.0
823,0.7634708285331726,False,0.0
824,0.9957436323165894,False,0.0
825,0.7923619747161865,False,0.0
826,0.016590019688010216,False,0.0
827,0.800000011920929,False,0.0
828,0.996344268321991,True,0.522586464881897
829,0.7350510358810425,False,0.0
830,0.7538090348243713,False,0.0
831,0.9963806867599487,False,0.0
832,0.03671484813094139,False,0.0
833,0.6748650670051575,False,0.0
834,0.9964821338653564,True,0.5494439601898193
835,0.7794481515884399,False,0.0
836,0.7217601537704468,False,0.0
837,0.9967701435089111,False,0.0
838,0.031059155240654945,False,0.0
839,0.9966505765914917,False,0.0
840,0.9970598220825195,False,0.0
841,0.9971360564231873,True,1.0
842,0.800000011920929,False,0.0
843,0.7911365628242493,False,0.0
844,0.017061328515410423,False,0.0
845,0.7786940932273865,False,0.0
846,0.7329301238059998,False,0.0
847,0.6257076859474182,False,0.0
848,0.7726141810417175,False,0.0
849,0.7947185039520264,True,1.0
850,0.029786625877022743,False,0.0
851,0.6110971570014954,False,0.0
852,0.663883626461029,False,0.0
853,0.6880145072937012,False,0.0
854,0.5736282467842102,False,0.0
855,0.7467865347862244,True,1.0
856,0.03836442157626152,False,0.0
857,0.6953198313713074,False,0.0
858,0.52602618932724,False,0.0
859,0.5987960696220398,False,0.0
860,0.6454554796218872,False,0.0
861,0.6640250086784363,False,0.0
862,0.015176097862422466,False,0.0
863,0.6861764192581177,False,0.3553657531738281
864,0.6506869792938232,False,0.0
865,0.5084935426712036,False,0.0
866,0.5400239825248718,False,0.0
867,0.7178482413291931,False,0.0
868,0.027712872251868248,False,0.0
869,0.5608558058738708,False,0.0
870,0.9947139024734497,True,1.0
871,0.7036148309707642,False,0.0
872,0.49294039607048035,False,0.0
873,0.6650146842002869,False,0.0
874,0.024507982656359673,False,0.0
875,0.5893227458000183,True,1.0
876,0.46975207328796387,False,0.0
877,0.5831015110015869,False,0.0
878,0.5747122168540955,False,0.0
879,0.4733339846134186,False,0.0
880,0.018758034333586693,False,0.0
881,0.5371490120887756,False,0.0
882,0.49770060181617737,False,0.0
883,0.4322360157966614,False,0.0
884,0.5357350707054138,False,0.0
885,0.5806507468223572,True,1.0
886,0.023612499237060547,False,0.0
887,0.3614456355571747,False,0.0
888,0.4567440152168274,False,0.0
889,0.4822417199611664,False,0.0
890,0.39005398750305176,False,0.0
891,0.5229626893997192,False,0.0
892,0.02318832278251648,False,0.0
893,0.6146319508552551,True,1.0
894,0.41776686906814575,False,0.0
895,0.4962395131587982,False,0.0
896,0.5386101007461548,False,0.0
897,0.42445942759513855,False,0.0
898,0.008436402305960655,False,0.0
899,0.586070716381073,False,0.0
900,0.9938175678253174,True,1.0
901,0.6197692155838013,False,0.0
902,0.5645319819450378,False,0.0
903,0.5949313044548035,False,0.0
904,0.026581738144159317,False,0.0
905,0.556236982345581,False,0.0
906,0.5929989218711853,True,1.0
907,0.5491673350334167,False,0.0
908,0.4012239873409271,False,0.0
909,0.49755921959877014,False,0.0
910,0.015270359814167023,False,0.0
911,0.5991730690002441,True,1.0
912,0.4053714871406555,False,0.0
913,0.5617513060569763,False,0.0
914,0.5610443353652954,False,0.0
915,0.4345925450325012,False,0.0
916,0.0,False,0.0
917,0.6021894812583923,True,1.0
918,0.5236696600914001,False,0.0
919,0.4227627217769623,False,0.0
920,0.5428990125656128,False,0.0
921,0.5511940121650696,False,0.0
922,0.019606387242674828,False,0.0
923,0.4927990138530731,False,0.0
924,0.5265917181968689,False,0.0
925,0.5433703064918518,False,0.16976499557495117
926,0.4584878087043762,False,0.0
927,0.5913022756576538,False,0.0
928,0.01795681193470955,False,0.0
929,0.759464681148529,False,0.0
930,0.9938008785247803,True,1.0
931,0.6621397733688354,False,0.0
932,0.6320232152938843,False,0.0
933,0.48393842577934265,False,0.0
934,0.01687280461192131,False,0.0
935,0.680379331111908,True,1.0
936,0.6129823923110962,False,0.0
937,0.461504191160202,False,0.0
938,0.5428518652915955,False,0.0
939,0.5970993041992188,False,0.0
940,0.020454740151762962,False,0.0
941,0.5747122168540955,False,0.0
942,0.6030849814414978,False,0.0
943,0.6381502151489258,False,0.0
944,0.4980776309967041,False,0.0
945,0.5421920418739319,False,0.0
946,0.024130938574671745,False,0.0
947,0.6629409790039062,True,1.0
948,0.4666414260864258,False,0.0
949,0.595119833946228,False,0.0
950,0.6407424211502075,False,0.0
951,0.4769631028175354,False,0.0
952,0.011688423343002796,False,0.0
953,0.6720371842384338,True,0.4133365750312805
954,0.5576509237289429,False,0.0
955,0.4653688967227936,False,0.0
956,0.5734397172927856,False,0.0
957,0.7128052711486816,False,0.0
958,0.01248964574187994,False,0.0
959,0.5974764227867126,False,0.0
960,0.9597543478012085,True,1.0
961,0.666475772857666,False,0.0
962,0.4736168086528778,False,0.0
963,0.6238695979118347,False,0.0
964,0.02738295868039131,False,0.0
965,0.688957154750824,True,1.0
966,0.4525964856147766,False,0.0
967,0.5626468062400818,False,0.0
968,0.5349810123443604,False,0.0
969,0.4309634864330292,False,0.0
970,0.015458881855010986,False,0.0
971,0.6244823336601257,True,1.0
972,0.5609500408172607,False,0.0
973,0.426486074924469,False,0.0
974,0.5237168073654175,False,0.0
975,0.5236225128173828,False,0.0
976,0.019040819257497787,False,0.0
977,0.4480719268321991,False,0.0
978,0.5402596592903137,False,0.0
979,0.5682553648948669,False,0.0
980,0.4311048686504364,False,0.0
981,0.4980776309967041,False,0.0
982,0.010887200944125652,False,0.0
983,0.5715073347091675,True,1.0
984,0.4002342224121094,False,0.0
985,0.5231512188911438,False,0.0
986,0.5609029531478882,False,0.0
987,0.37435945868492126,False,0.0
988,0.00876631774008274,False,0.0
989,0.487661749124527,False,0.0
990,0.9890455603599548,True,1.0
991,0.6051586866378784,False,0.0
992,0.5936588048934937,False,0.0
993,0.5989845395088196,False,0.0
994,0.03204890340566635,False,0.0
995,0.4403424859046936,False,0.0
996,0.5192865133285522,False,0.0
997,0.5320117473602295,False,0.0
998,0.43925848603248596,False,0.0
999,0.5639192461967468,False,0.0
1000,0.8938066959381104,True,1.0
1001,0.575513482093811,False,0.0
1002,0.4598546028137207,False,0.0
1003,0.4768216609954834,False,0.0
1004,0.4990202486515045,False,0.0
1005,0.3763860762119293,False,0.0
1006,0.003676197724416852,False,0.0
1007,0.54195636510849,False,0.0
1008,0.5493559241294861,True,1.0
1009,0.4169185161590576,False,0.0
1010,0.4671598970890045,False,0.0
1011,0.5055243372917175,False,0.0
1012,0.007682309951633215,False,0.0
1013,0.4028263986110687,False,0.0
1014,0.5567554235458374,True,1.0
1015,0.5447370409965515,False,0.0
1016,0.39618098735809326,False,0.0
1017,0.4558485150337219,False,0.0
1018,0.004713073838502169,False,0.0
1019,0.787534236907959,False,0.0
1020,0.9948596358299255,True,1.0
1021,0.7858679890632629,False,0.0
1022,0.5612328052520752,False,0.0
1023,0.38138195872306824,False,0.0
1024,0.011547030881047249,False,0.0
1025,0.4736168086528778,False,0.0
1026,0.520653247833252,False,0.0
1027,0.38783884048461914,False,0.0
1028,0.5546345114707947,True,1.0
1029,0.5514296889305115,False,0.0
1030,0.018710901960730553,False,0.0
1031,0.38864007592201233,False,0.0
1032,0.5381388068199158,False,0.0
1033,0.47894254326820374,False,0.0
1034,0.4065026342868805,False,0.0
1035,0.5378559827804565,False,0.0
1036,0.01918221078813076,False,0.0
1037,0.7267053723335266,True,1.0
1038,0.43982407450675964,False,0.0
1039,0.4689037501811981,False,0.0
1040,0.5098132491111755,False,0.0
1041,0.40900054574012756,False,0.0
1042,0.00782370287925005,False,0.0
1043,0.5327658653259277,False,0.3510296940803528
1044,0.5248007774353027,False,0.0
1045,0.35725101828575134,False,0.0
1046,0.4229041039943695,False,0.0
1047,0.7684070467948914,False,0.0
1048,0.022811276838183403,False,0.0
1049,0.47182583808898926,False,0.0
1050,0.9960270524024963,True,1.0
1051,0.8001735806465149,False,0.0
1052,0.4442543685436249,False,0.0
1053,0.4917621314525604,False,0.0
1054,0.02431946061551571,False,0.0
1055,0.553126335144043,False,0.0
1056,0.42907825112342834,False,0.0
1057,0.7486504316329956,True,1.0
1058,0.5732983350753784,False,0.0
1059,0.4485432207584381,False,0.0
1060,0.014987574890255928,False,0.0
1061,0.532907247543335,False,0.0
1062,0.5357350707054138,False,0.2576165795326233
1063,0.4069267809391022,False,0.0
1064,0.5466222763061523,False,0.0
1065,0.5688680410385132,False,0.0
1066,0.025921905413269997,False,0.0
1067,0.372662752866745,False,0.0
1068,0.5757962465286255,True,1.0
1069,0.4918563961982727,False,0.0
1070,0.3784126937389374,False,0.0
1071,0.534604012966156,False,0.0
1072,0.023659629747271538,False,0.0
1073,0.581310510635376,True,1.0
1074,0.44119080901145935,False,0.0
1075,0.48417407274246216,False,0.0
1076,0.5055243372917175,False,0.0
1077,0.35041704773902893,False,0.0
1078,0.00348767451941967,False,0.0
1079,0.5195692777633667,False,0.0
1080,0.9957919716835022,True,1.0
1081,0.740746021270752,False,0.0
1082,0.35032278299331665,False,0.0
1083,0.5160815715789795,False,0.0
1084,0.019983433187007904,False,0.0
1085,0.48115769028663635,False,0.0
1086,0.36059728264808655,False,0.0
1087,0.5570382475852966,True,1.0
1088,0.5070796012878418,False,0.0
1089,0.3615870177745819,False,0.0
1090,0.005561427213251591,False,0.0
1091,0.417389839887619,False,0.0
1092,0.44778916239738464,False,0.0
1093,0.40032848715782166,False,0.0
1094,0.4905838668346405,True,0.9471393413841724
1095,0.46593448519706726,False,0.0
1096,0.017014196142554283,False,0.0
1097,0.3278414309024811,False,0.0
1098,0.4065026342868805,False,0.0
1099,0.4990202486515045,False,0.0
1100,0.3799208998680115,False,0.0
1101,0.5062312483787537,False,0.0
1102,0.02502642385661602,False,0.0
1103,0.5210774540901184,True,1.0
1104,0.34938016533851624,False,0.0
1105,0.48228883743286133,False,0.0
1106,0.44331175088882446,False,0.0
1107,0.35272642970085144,False,0.0
1108,0.0,False,0.0
1109,0.45287925004959106,False,0.0
1110,0.996084988117218,True,1.0
1111,0.7535966634750366,False,0.0
1112,0.57716304063797,False,0.0
1113,0.5649561285972595,False,0.0
1114,0.021915793418884277,False,0.0
1115,0.4052301049232483,False,0.0
1116,0.5703762173652649,False,0.0
1117,0.7478796243667603,True,1.0
1118,0.40343913435935974,False,0.0
1119,0.51009601354599,False,0.0
1120,0.017108459025621414,False,0.0
1121,0.5596303939819336,False,0.0
1122,0.38449257612228394,False,0.0
1123,0.5743352174758911,True,1.0
1124,0.5461981296539307,False,0.0
1125,0.44001254439353943,False,0.0
1126,0.009756063111126423,False,0.0
1127,0.5129709839820862,False,0.0
1128,0.47121310234069824,False,0.0
1129,0.4348281919956207,False,0.0
1130,0.5221143364906311,False,0.0
1131,0.5778228640556335,True,1.0
1132,0.02606329880654812,False,0.0
1133,0.4046645164489746,False,0.0
1134,0.446092426776886,False,0.0
1135,0.5122168660163879,False,0.0
1136,0.3892998993396759,False,0.0
1137,0.5159873366355896,False,0.0
1138,0.028796881437301636,False,0.0
1139,0.7701843976974487,False,0.0
1140,0.9773657321929932,True,1.0
1141,0.7591761350631714,False,0.0
1142,0.5444071888923645,False,0.0
1143,0.351312518119812,False,0.0
1144,0.009756063111126423,False,0.0
1145,0.5426633358001709,True,1.0
1146,0.47701022028923035,False,0.0
1147,0.4321417510509491,False,0.0
1148,0.45080551505088806,False,0.0
1149,0.4758319556713104,False,0.0
1150,0.02493216097354889,False,0.0
1151,0.38265445828437805,False,0.0
1152,0.5158459544181824,False,0.0
1153,0.5171184539794922,True,0.9843725860118866
1154,0.3626239001750946,False,0.0
1155,0.4574509561061859,False,0.0
1156,0.014704790897667408,False,0.0
1157,0.4993501603603363,False,0.0
1158,0.3426404893398285,False,0.0
1159,0.5331900715827942,True,1.0
1160,0.49364733695983887,False,0.0
1161,0.3343454599380493,False,0.0
1162,0.001979490974918008,False,0.0
1163,0.45184239745140076,False,0.0
1164,0.4374203681945801,False,0.0
1165,0.40852925181388855,False,0.0
1166,0.4923276901245117,False,0.0
1167,0.7578784227371216,False,0.0
1168,0.03021080233156681,False,0.0
1169,0.44477277994155884,False,0.0
1170,0.9307141304016113,True,1.0
1171,0.7795689105987549,False,0.0
1172,0.414232075214386,False,0.0
1173,0.5870133638381958,False,0.0
1174,0.02903253398835659,False,0.0
1175,0.7190104126930237,True,1.0
1176,0.3248250484466553,False,0.0
1177,0.4676783084869385,False,0.0
1178,0.4304921627044678,False,0.0
1179,0.3360421657562256,False,0.0
1180,0.013432259671390057,False,0.0
1181,0.5423805117607117,True,1.0
1182,0.48992401361465454,False,0.0
1183,0.3972649872303009,False,0.0
1184,0.4326130449771881,False,0.0
1185,0.49086663126945496,False,0.0
1186,0.028137052431702614,False,0.0
1187,0.30389901995658875,False,0.0
1188,0.5191450715065002,False,0.0
1189,0.5478476881980896,True,1.0
1190,0.36177554726600647,False,0.0
1191,0.45877060294151306,False,0.0
1192,0.01630723476409912,False,0.0
1193,0.5008112788200378,False,0.0
1194,0.3400954008102417,False,0.0
1195,0.4992087781429291,False,0.31822675466537476
1196,0.4821474552154541,False,0.0
1197,0.31657716631889343,False,0.0
1198,0.003016367321833968,False,0.0
1199,0.4474121034145355,False,0.0
1200,0.9651539325714111,True,1.0
1201,0.5348396301269531,False,0.0
1202,0.7579231262207031,False,0.0
1203,0.5585463643074036,False,0.0
1204,0.023376846686005592,False,0.0
1205,0.3893941640853882,False,0.0
1206,0.46937504410743713,False,0.23046934604644775
1207,0.4644734561443329,False,0.0
1208,0.35414037108421326,False,0.0
1209,0.5377146005630493,False,0.0
1210,0.020549003034830093,False,0.0
1211,0.549308717250824,True,1.0
1212,0.2646862268447876,False,0.0
1213,0.4271930158138275,False,0.0
1214,0.4979833662509918,False,0.0
1215,0.35249078273773193,False,0.0
1216,0.003440544009208679,False,0.0
1217,0.5189093947410583,True,1.0
1218,0.47432374954223633,False,0.0
1219,0.3248721957206726,False,0.0
1220,0.4647091031074524,False,0.0
1221,0.48945268988609314,False,0.0
1222,0.019464995712041855,False,0.0
1223,0.34084948897361755,False,0.0
1224,0.47182583808898926,True,0.9047216847538948
1225,0.4695635437965393,False,0.0
1226,0.37355825304985046,False,0.0
1227,0.4463280737400055,False,0.0
1228,0.011688423343002796,False,0.0
1229,0.5595361590385437,False,0.0
1230,0.9519132375717163,True,1.0
1231,0.745617151260376,False,0.0
1232,0.7681993842124939,False,0.0
1233,0.34895598888397217,False,0.0
1234,0.004665943328291178,False,0.0
1235,0.47229716181755066,False,0.0
1236,0.455141544342041,False,0.0
1237,0.3053600490093231,False,0.0
1238,0.5432760119438171,True,1.0
1239,0.506419837474823,False,0.0
1240,0.013385129161179066,False,0.0
1241,0.2837270498275757,False,0.0
1242,0.4514182209968567,False,0.0
1243,0.44929733872413635,False,0.0
1244,0.4128652513027191,False,0.0
1245,0.5207475423812866,True,0.9918192848563194
1246,0.024837899953126907,False,0.0
1247,0.5666528940200806,False,0.0
1248,0.3871318995952606,False,0.0
1249,0.43383845686912537,False,0.0
1250,0.8953409790992737,True,1.0
1251,0.3426404893398285,False,0.0
1252,0.0,False,0.0
1253,0.6828780174255371,False,0.0
1254,0.4687623083591461,False,0.0
1255,0.3650747239589691,False,0.0
1256,0.48846298456192017,False,0.0
1257,0.7082504034042358,False,0.0
1258,0.014799050986766815,False,0.0
1259,0.38486960530281067,False,0.0
1260,0.9717046022415161,True,1.0
1261,0.7996125221252441,False,0.0
1262,0.46221113204956055,False,0.0
1263,0.6211731433868408,False,0.0
1264,0.016731413081288338,False,0.0
1265,0.6899468898773193,True,1.0
1266,0.3254377543926239,False,0.0
1267,0.6552537679672241,False,0.0
1268,0.6630190014839172,False,0.0
1269,0.3138907253742218,False,0.0
1270,0.0,False,0.0
1271,0.44778916239738464,False,0.0
1272,0.44222769141197205,False,0.0
1273,0.36267101764678955,False,0.0
1274,0.6651899218559265,True,1.0
1275,0.47201433777809143,False,0.0
1276,0.014044960029423237,False,0.0
1277,0.3615870177745819,False,0.0
1278,0.4178139865398407,False,0.0
1279,0.421537309885025,False,0.0
1280,0.35701534152030945,False,0.0
1281,0.47470077872276306,False,0.0
1282,0.012725300155580044,False,0.0
1283,0.6702696681022644,True,1.0
1284,0.30851781368255615,False,0.0
1285,0.4011768400669098,False,0.0
1286,0.4342155158519745,False,0.0
1287,0.3610214591026306,False,0.0
1288,0.0,False,0.0
1289,0.46386072039604187,False,0.0
1290,0.949880063533783,True,1.0
1291,0.6602050065994263,False,0.0
1292,0.6624341011047363,False,0.0
1293,0.7013483643531799,False,0.0
1294,0.012913822196424007,False,0.0
1295,0.3599845767021179,False,0.0
1296,0.48949986696243286,True,0.9531720895320177
1297,0.45193663239479065,False,0.0
1298,0.32793566584587097,False,0.0
1299,0.4411437213420868,False,0.0
1300,0.010368762537837029,False,0.0
1301,0.4262504279613495,False,0.0
1302,0.29673513770103455,False,0.0
1303,0.4287012219429016,False,0.0
1304,0.4600902497768402,True,0.8994429744780064
1305,0.3334971070289612,False,0.0
1306,0.0,False,0.0
1307,0.40457025170326233,False,0.0
1308,0.3826073408126831,False,0.0
1309,0.2516310214996338,False,0.0
1310,0.40504154562950134,False,0.0
1311,0.4595246911048889,True,0.9190493822097778
1312,0.004336027894169092,False,0.0
1313,0.24234627187252045,False,0.0
1314,0.34542116522789,False,0.0
1315,0.3563555181026459,False,0.0
1316,0.2838684320449829,False,0.0
1317,0.38934704661369324,False,0.0
1318,0.0,False,0.0
1319,0.7120221853256226,False,0.0
1320,0.8507646918296814,True,1.0
1321,0.6763817071914673,False,0.0
1322,0.45104119181632996,False,0.0
1323,0.30573710799217224,False,0.0
1324,0.001508183660916984,False,0.0
1325,0.47201433777809143,True,0.924045242369175
1326,0.418520987033844,False,0.0
1327,0.2561555802822113,False,0.0
1328,0.36832672357559204,False,0.0
1329,0.4268631041049957,False,0.0
1330,0.010321631096303463,False,0.0
1331,0.36003169417381287,False,0.0
1332,0.4288897216320038,False,0.0
1333,0.44142651557922363,True,0.8622097689658403
1334,0.26784399151802063,False,0.0
1335,0.39665231108665466,False,0.0
1336,0.01753263548016548,False,0.0
1337,0.36281242966651917,False,0.0
1338,0.29951584339141846,False,0.0
1339,0.3784598410129547,True,0.7218544110655785
1340,0.3760090470314026,False,0.0
1341,0.2650161683559418,False,0.0
1342,0.009991716593503952,False,0.0
1343,0.31558743119239807,False,0.0
1344,0.32675740122795105,False,0.33425116539001465
1345,0.15963181853294373,False,0.0
1346,0.3644619882106781,False,0.0
1347,0.4859178960323334,False,0.0
1348,0.02446085400879383,False,0.0
1349,0.2892884910106659,False,0.0
1350,0.7276014089584351,True,1.0
1351,0.48403269052505493,False,0.0
1352,0.3099788725376129,False,0.0
1353,0.4524551033973694,False,0.0
1354,0.01456339843571186,False,0.0
1355,0.4715430438518524,True,0.9139592908322811
1356,0.20299208164215088,False,0.0
1357,0.31808537244796753,False,0.0
1358,0.2992330491542816,False,0.0
1359,0.15454170107841492,False,0.0
1360,0.0,False,0.0
1361,0.3703533411026001,False,0.0
1362,0.3722856938838959,True,0.7277928460389376
1363,0.24465565383434296,False,0.0
1364,0.3000342845916748,False,0.0
1365,0.3503699004650116,False,0.0
1366,0.00838927086442709,False,0.0
1367,0.20270930230617523,False,0.0
1368,0.3851523995399475,True,0.770304799079895
1369,0.37596189975738525,False,0.0
1370,0.210533007979393,False,0.0
1371,0.2757619321346283,False,0.0
1372,0.0053729042410850525,False,0.0
1373,0.33208319544792175,False,0.0
1374,0.15039418637752533,False,0.0
1375,0.3528207242488861,True,0.6948956400156021
1376,0.31695422530174255,False,0.0
1377,0.19634665548801422,False,0.0
1378,0.0,False,0.0
1379,0.284292608499527,False,0.0
1380,0.821536660194397,True,1.0
1381,0.3883572816848755,False,0.0
1382,0.4412379860877991,False,0.0
1383,0.41338372230529785,False,0.0
1384,0.007635179907083511,False,0.0
1385,0.20285069942474365,False,0.0
1386,0.33241310715675354,False,0.3692222237586975
1387,0.2857065498828888,False,0.0
1388,0.14780199527740479,False,0.0
1389,0.36149275302886963,False,0.0
1390,0.009803193621337414,False,0.0
1391,0.4379388391971588,True,0.8606073185801506
1392,0.24569253623485565,False,0.0
1393,0.30399325489997864,False,0.0
1394,0.33448684215545654,False,0.0
1395,0.19969294965267181,False,0.0
1396,0.0,False,0.0
1397,0.40565425157546997,True,0.8113085031509399
1398,0.37388813495635986,False,0.0
1399,0.1728755533695221,False,0.0
1400,0.3299151659011841,False,0.0
1401,0.3030035197734833,False,0.0
1402,0.003063497832044959,False,0.0
1403,0.22467222809791565,False,0.0
1404,0.34754207730293274,True,0.6889571589417756
1405,0.3457511067390442,False,0.0
1406,0.1664186418056488,False,0.0
1407,0.2769402265548706,False,0.0
1408,0.0,False,0.0
1409,0.4501928389072418,False,0.0
1410,0.7323026061058044,True,1.0
1411,0.6155418753623962,False,0.0
1412,0.4592890441417694,False,0.0
1413,0.1808406561613083,False,0.0
1414,0.0007069610874168575,False,0.0
1415,0.36695992946624756,False,0.0
1416,0.3486731946468353,False,0.0
1417,0.1859307736158371,False,0.0
1418,0.4042874872684479,True,0.7983947349712253
1419,0.3239295780658722,False,0.0
1420,0.005090119782835245,False,0.0
1421,0.1297980546951294,False,0.0
1422,0.2686452269554138,False,0.0
1423,0.35079407691955566,False,0.0
1424,0.1913508027791977,False,0.0
1425,0.4109329283237457,False,0.0
1426,0.013479391112923622,False,0.0
1427,0.4590533673763275,True,0.9128280919976532
1428,0.21703706681728363,False,0.0
1429,0.33114057779312134,False,0.0
1430,0.329019695520401,False,0.0
1431,0.21199405193328857,False,0.0
1432,0.0026393213775008917,False,0.0
1433,0.4151746928691864,True,0.8207347150892019
1434,0.34636378288269043,False,0.0
1435,0.19497986137866974,False,0.0
1436,0.3288782835006714,False,0.0
1437,0.29225772619247437,False,0.0
1438,0.004807335324585438,False,0.0
1439,0.3723328411579132,False,0.0
1440,0.9789183735847473,True,1.0
1441,0.6781297922134399,False,0.0
1442,0.2569567859172821,False,0.0
1443,0.3651218116283417,False,0.0
1444,0.0033934132661670446,False,0.0
1445,0.3831728994846344,False,0.0
1446,0.14002542197704315,False,0.0
1447,0.4252135455608368,True,0.8436402645893395
1448,0.3463166654109955,False,0.0
1449,0.13144762814044952,False,0.0
1450,0.0,False,0.0
1451,0.31313663721084595,False,0.0
1452,0.2568625211715698,False,0.0
1453,0.0833742767572403,False,0.0
1454,0.3556956946849823,False,0.0
1455,0.40532436966896057,True,0.8106487393379211
1456,0.013573653064668179,False,0.0
1457,0.21661286056041718,False,0.0
1458,0.3260033130645752,False,0.0
1459,0.30781087279319763,False,0.0
1460,0.168492391705513,False,0.0
1461,0.3500399887561798,False,0.0
1462,0.006315519101917744,False,0.0
1463,0.39061957597732544,True,0.7686081137508154
1464,0.1402139514684677,False,0.0
1465,0.3120526075363159,False,0.0
1466,0.30045846104621887,False,0.0
1467,0.17838984727859497,False,0.0
1468,0.0,False,0.0
1469,0.3408966362476349,False,0.0
1470,0.8649721741676331,True,1.0
1471,0.44972148537635803,False,0.0
1472,0.4431231915950775,False,0.0
1473,0.3987731635570526,False,0.0
1474,0.017579765990376472,False,0.0
1475,0.24583391845226288,False,0.0
1476,0.43647775053977966,True,0.8324230648577213
1477,0.36705419421195984,False,0.0
1478,0.14502128958702087,False,0.0
1479,0.33868148922920227,False,0.0
1480,0.020266218110919,False,0.0
1481,0.3571567237377167,False,0.0
1482,0.12687595188617706,False,0.0
1483,0.4377031922340393,True,0.8402468524873257
1484,0.4139964282512665,False,0.0
1485,0.2869790494441986,False,0.0
1486,0.008436402305960655,False,0.0
1487,0.379496693611145,False,0.0
1488,0.3687509000301361,False,0.0
1489,0.2851409614086151,False,0.0
1490,0.4271930158138275,True,0.8320460617542267
1491,0.41823816299438477,False,0.0
1492,0.019417865201830864,False,0.0
1493,0.24003684520721436,False,0.0
1494,0.3327430188655853,False,0.0
1495,0.3765746057033539,False,0.3426404893398285
1496,0.20525436103343964,False,0.0
1497,0.39792484045028687,False,0.0
1498,0.011169984936714172,False,0.0
1499,0.642826497554779,False,0.0
1500,0.8931819200515747,True,1.0
1501,0.48888716101646423,False,0.0
1502,0.4507112503051758,False,0.0
1503,0.25516581535339355,False,0.0
1504,0.004995858296751976,False,0.0
1505,0.4963338077068329,True,0.9826758988201618
1506,0.4197934567928314,False,0.0
1507,0.18838156759738922,False,0.0
1508,0.34664657711982727,False,0.0
1509,0.32793566584587097,False,0.0
1510,0.011876946315169334,False,0.0
1511,0.15062984824180603,False,0.0
1512,0.4005170464515686,True,0.7772802002727985
1513,0.3493330180644989,False,0.0
1514,0.2212788164615631,False,0.0
1515,0.325814813375473,False,0.0
1516,0.005985604133456945,False,0.0
1517,0.4287954270839691,True,0.8456196459010243
1518,0.2636493444442749,False,0.0
1519,0.4249778687953949,False,0.0
1520,0.38925275206565857,False,0.0
1521,0.23504100739955902,False,0.0
1522,0.0,False,0.0
1523,0.3391527831554413,False,0.0
1524,0.39523836970329285,False,0.25252652168273926
1525,0.2689751088619232,False,0.0
1526,0.3894413113594055,False,0.0
1527,0.450852632522583,False,0.0
1528,0.02092604897916317,False,0.0
1529,0.2851409614086151,False,0.0
1530,0.7917967438697815,True,1.0
1531,0.5086349248886108,False,0.0
1532,0.33736181259155273,False,0.0
1533,0.4516538679599762,False,0.0
1534,0.031624726951122284,False,0.0
1535,0.4875674843788147,True,0.9118855148553848
1536,0.23588934540748596,False,0.0
1537,0.3205832839012146,False,0.0
1538,0.33542945981025696,False,0.0
1539,0.2258976250886917,False,0.0
1540,0.008672055788338184,False,0.0
1541,0.4559427797794342,True,0.894541447982192
1542,0.4263918101787567,False,0.0
1543,0.2595961093902588,False,0.0
1544,0.36153990030288696,False,0.0
1545,0.4131951928138733,False,0.0
1546,0.01484618242830038,False,0.0
1547,0.262471079826355,False,0.0
1548,0.4281827509403229,True,0.826673137024045
1549,0.4213016629219055,False,0.0
1550,0.27401813864707947,False,0.0
1551,0.3643206059932709,False,0.0
1552,0.009708932600915432,False,0.0
1553,0.40320345759391785,False,0.0
1554,0.3299623131752014,False,0.0
1555,0.4225741922855377,True,0.8257305193692446
1556,0.3881687819957733,False,0.0
1557,0.27604472637176514,False,0.0
1558,0.00348767451941967,False,0.0
1559,0.37007054686546326,False,0.0
1560,0.8501644134521484,True,1.0
1561,0.4691393971443176,False,0.0
1562,0.505807101726532,False,0.0
1563,0.45829930901527405,False,0.0
1564,0.03388700261712074,False,0.0
1565,0.21175840497016907,False,0.0
1566,0.3963695168495178,True,0.4026850461959839
1567,0.3345811069011688,False,0.0
1568,0.19502699375152588,False,0.0
1569,0.4058898985385895,False,0.0
1570,0.014044960029423237,False,0.0
1571,0.48879289627075195,True,0.9494958724826574
1572,0.32260990142822266,False,0.0
1573,0.3195464313030243,False,0.0
1574,0.40829357504844666,False,0.0
1575,0.26869234442710876,False,0.0
1576,0.007446656469255686,False,0.0
1577,0.4203590452671051,True,0.8204518724232912
1578,0.4099903106689453,False,0.0
1579,0.2522437274456024,False,0.0
1580,0.3591362237930298,False,0.0
1581,0.4145619869232178,False,0.0
1582,0.015883058309555054,False,0.0
1583,0.25978463888168335,False,0.0
1584,0.4189451336860657,True,0.8061241507530212
1585,0.418379545211792,False,0.0
1586,0.21972350776195526,False,0.0
1587,0.31648290157318115,False,0.0
1588,0.0101331090554595,False,0.0
1589,0.539222776889801,False,0.0
1590,0.8892943859100342,True,1.0
1591,0.7107477188110352,False,0.0
1592,0.5201348662376404,False,0.0
1593,0.29998716711997986,False,0.0
1594,0.007258133497089148,False,0.0
1595,0.43878719210624695,True,0.8630581172183156
1596,0.37308692932128906,False,0.0
1597,0.20525436103343964,False,0.0
1598,0.4080108106136322,False,0.0
1599,0.3936830461025238,False,0.0
1600,0.006739695556461811,False,0.0
1601,0.258135050535202,False,0.0
1602,0.3213845193386078,False,0.0
1603,0.39476707577705383,False,0.0
1604,0.197006493806839,False,0.0
1605,0.4073980748653412,False,0.0
1606,0.02601616643369198,False,0.0
1607,0.49147936701774597,True,0.9658974055200815
1608,0.2911265790462494,False,0.0
1609,0.3894413113594055,False,0.0
1610,0.36846813559532166,False,0.0
1611,0.291739284992218,False,0.0
1612,0.008530664257705212,False,0.0
1613,0.425354927778244,False,0.2989974021911621
1614,0.40900054574012756,False,0.0
1615,0.27585622668266296,False,0.0
1616,0.3409437835216522,False,0.0
1617,0.532200276851654,False,0.0
1618,0.01913508027791977,False,0.0
1619,0.34165072441101074,False,0.0
1620,0.8676973581314087,True,1.0
1621,0.7122448682785034,False,0.0
1622,0.3371261656284332,False,0.0
1623,0.40749236941337585,False,0.0
1624,0.019512126222252846,False,0.0
1625,0.4155046045780182,False,0.0
1626,0.22240996360778809,False,0.0
1627,0.4055600166320801,False,0.0
1628,0.4437830448150635,True,0.8485418371856213
1629,0.24672941863536835,False,0.0
1630,0.00782370287925005,False,0.0
1631,0.39396584033966064,False,0.0
1632,0.3598431944847107,False,0.0
1633,0.26935216784477234,False,0.0
1634,0.39340028166770935,False,0.0
1635,0.5102845430374146,True,0.9799423888325691
1636,0.02031334862112999,False,0.0
1637,0.30262646079063416,False,0.0
1638,0.3909966051578522,False,0.0
1639,0.49430719017982483,False,0.0
1640,0.3424048125743866,False,0.0
1641,0.4730041027069092,False,0.0
1642,0.02314119227230549,False,0.0
1643,0.702057957649231,True,1.0
1644,0.29593393206596375,False,0.0
1645,0.4691865146160126,False,0.0
1646,0.45924192667007446,False,0.0
1647,0.3521137535572052,False,0.0
1648,0.004194635432213545,False,0.0
1649,0.4300679862499237,False,0.0
1650,0.9635335803031921,True,1.0
1651,0.6900643110275269,False,0.0
1652,0.5266860127449036,False,0.0
1653,0.5016124248504639,False,0.0
1654,0.016731413081288338,False,0.0
1655,0.2971593141555786,False,0.0
1656,0.5106615424156189,True,0.9806021265685558
1657,0.4851166903972626,False,0.0
1658,0.2861778438091278,False,0.0
1659,0.4099903106689453,False,0.0
1660,0.02036047913134098,False,0.0
1661,0.4784241318702698,False,0.0
1662,0.3271815776824951,False,0.0
1663,0.5037333369255066,False,0.0
1664,0.5400239825248718,True,1.0
1665,0.36210545897483826,False,0.0
1666,0.009237624704837799,False,0.0
1667,0.47988519072532654,False,0.0
1668,0.4714016616344452,False,0.0
1669,0.4016953110694885,False,0.0
1670,0.45773372054100037,False,0.0
1671,0.5379502177238464,True,1.0
1672,0.02158587984740734,False,0.0
1673,0.35135966539382935,False,0.0
1674,0.39028963446617126,False,0.0
1675,0.5245651602745056,False,0.0
1676,0.32030048966407776,False,0.0
1677,0.48577651381492615,False,0.0
1678,0.01979490928351879,False,0.0
1679,0.871175229549408,False,0.0
1680,0.9652738571166992,True,1.0
1681,0.7961669564247131,False,0.0
1682,0.6811882257461548,False,0.0
1683,0.35272642970085144,False,0.0
1684,0.009708932600915432,False,0.0
1685,0.5410608649253845,True,1.0
1686,0.48195892572402954,False,0.0
1687,0.30875346064567566,False,0.0
1688,0.394484281539917,False,0.0
1689,0.4468936622142792,False,0.0
1690,0.014374874532222748,False,0.0
1691,0.25921905040740967,False,0.0
1692,0.4953440725803375,False,0.0
1693,0.5378559827804565,False,0.0
1694,0.413100928068161,False,0.0
1695,0.4600902497768402,False,0.0
1696,0.008483532816171646,False,0.0
1697,0.7449866533279419,True,1.0
1698,0.4196520745754242,False,0.0
1699,0.5167414546012878,False,0.0
1700,0.7205231189727783,False,0.0
1701,0.3805335760116577,False,0.0
1702,0.014940443448722363,False,0.0
1703,0.5134894251823425,False,0.31360799074172974
1704,0.4952026903629303,False,0.0
1705,0.35668542981147766,False,0.0
1706,0.500575602054596,False,0.0
1707,0.8128905892372131,False,0.0
1708,0.03761032968759537,False,0.0
1709,0.4886515140533447,False,0.0
1710,0.9632006883621216,True,1.0
1711,0.76739102602005,False,0.0
1712,0.4299737513065338,False,0.0
1713,0.6909047365188599,False,0.0
1714,0.030540719628334045,False,0.0
1715,0.687005877494812,True,1.0
1716,0.29791340231895447,False,0.0
1717,0.4118283689022064,False,0.0
1718,0.45089980959892273,False,0.0
1719,0.25412893295288086,False,0.0
1720,0.0008483533165417612,False,0.0
1721,0.48026224970817566,False,0.0
1722,0.534462571144104,True,1.0
1723,0.3783184289932251,False,0.0
1724,0.5240938067436218,False,0.0
1725,0.5206061601638794,False,0.0
1726,0.019983433187007904,False,0.0
1727,0.3713902235031128,False,0.0
1728,0.5002456903457642,False,0.0
1729,0.7082622647285461,True,1.0
1730,0.5122168660163879,False,0.0
1731,0.5236225128173828,False,0.0
1732,0.025874776765704155,False,0.0
1733,0.5520423650741577,False,0.0
1734,0.3909966051578522,False,0.0
1735,0.49204492568969727,False,0.0
1736,0.7271187901496887,False,0.0
1737,0.33806881308555603,False,0.0
1738,0.008342141285538673,False,0.0
1739,0.47168442606925964,False,0.0
1740,0.9484838843345642,True,1.0
1741,0.5461981296539307,False,0.0
1742,0.7622511386871338,False,0.0
1743,0.721255898475647,False,0.0
1744,0.03195464238524437,False,0.0
1745,0.36832672357559204,False,0.0
1746,0.4798380434513092,False,0.0
1747,0.49732357263565063,False,0.0
1748,0.3970293402671814,False,0.0
1749,0.5486489534378052,False,0.0
1750,0.8973255157470703,True,1.0
1751,0.5561898350715637,False,0.0
1752,0.34457284212112427,False,0.0
1753,0.4114513397216797,False,0.0
1754,0.5457739233970642,False,0.0
1755,0.43671342730522156,False,0.0
1756,0.0,False,0.0
1757,0.5643434524536133,False,0.0
1758,0.5572738647460938,False,0.0
1759,0.4420863091945648,False,0.0
1760,0.5865420699119568,False,0.0
1761,0.5945543050765991,True,1.0
1762,0.018380988389253616,False,0.0
1763,0.44180354475975037,False,0.0
1764,0.5330957770347595,False,0.0
1765,0.5354994535446167,False,0.0
1766,0.5490731000900269,False,0.0
1767,0.6439001560211182,False,0.0
1768,0.022292839363217354,False,0.0
1769,0.5044403076171875,False,0.0
1770,1.0,True,1.0
1771,0.680992066860199,False,0.0
1772,0.6119926571846008,False,0.0
1773,0.5807449221611023,False,0.0
1774,0.015411751344799995,False,0.0
1775,0.4103201925754547,False,0.0
1776,0.563730776309967,False,0.0
1777,0.5191450715065002,False,0.0
1778,0.5537862181663513,False,0.0
1779,0.5695750117301941,True,1.0
1780,0.004571681376546621,False,0.0
1781,0.4479776918888092,False,0.0
1782,0.5634479522705078,False,0.0
1783,0.5805564522743225,False,0.0
1784,0.5885686278343201,True,1.0
1785,0.55788654088974,False,0.0
1786,0.006692564580589533,False,0.0
1787,0.48799166083335876,False,0.0
1788,0.5668413639068604,False,0.0
1789,0.563730776309967,False,0.0
1790,0.5253663659095764,False,0.0
1791,0.5998329520225525,True,1.0
1792,0.00438315887004137,False,0.0
1793,0.5805564522743225,False,0.0
1794,0.5196163654327393,False,0.0
1795,0.5958268046379089,False,0.0
1796,0.6166114211082458,False,0.0
1797,0.6891927719116211,False,0.0
1798,0.0018852296052500606,False,0.0
1799,0.5701876878738403,False,0.0
1800,1.0,True,1.0
1801,0.9193565249443054,False,0.0
1802,0.5378088355064392,False,0.0
1803,0.9303851127624512,False,0.0
1804,0.009850324131548405,False,0.0
1805,0.5877674221992493,False,0.0
1806,0.4761618673801422,False,0.0
1807,0.5777286291122437,False,0.0
1808,0.6550230383872986,True,1.0
1809,0.5521366000175476,False,0.0
1810,0.0,False,0.0
1811,0.596769392490387,False,0.0
1812,0.57598477602005,False,0.0
1813,0.5708475112915039,False,0.0
1814,0.6402239203453064,False,0.0
1815,0.7089405655860901,True,1.0
1816,0.0032048902940005064,False,0.0
1817,0.4990202486515045,False,0.0
1818,0.549921452999115,False,0.0
1819,0.6422034502029419,False,0.0
1820,0.6038390398025513,False,0.0
1821,0.7125696539878845,True,1.0
1822,0.009661801159381866,False,0.0
1823,0.6413080096244812,False,0.0
1824,0.5638721585273743,False,0.0
1825,0.5955440402030945,False,0.0
1826,0.6018124222755432,False,0.0
1827,0.5900297164916992,False,0.0
1828,0.0012725299457088113,False,0.0
1829,0.5822060108184814,False,0.0
1830,0.9964211583137512,True,1.0
1831,0.6274986267089844,False,0.0
1832,0.6154331564903259,False,0.0
1833,0.6568611264228821,False,0.0
1834,0.011264246888458729,False,0.0
1835,0.544689953327179,False,0.0
1836,0.5968636870384216,False,0.0
1837,0.6008698344230652,True,1.0
1838,0.46140989661216736,False,0.0
1839,0.5947427749633789,False,0.0
1840,0.006928218062967062,False,0.0
1841,0.5793310403823853,False,0.0
1842,0.46155133843421936,False,0.0
1843,0.6178839802742004,True,1.0
1844,0.6151503920555115,False,0.0
1845,0.5381858944892883,False,0.0
1846,0.007446656469255686,False,0.0
1847,0.5379974246025085,False,0.0
1848,0.5622696876525879,False,0.0
1849,0.46404924988746643,False,0.0
1850,0.5843269228935242,False,0.0
1851,0.6600188612937927,True,1.0
1852,0.01423348393291235,False,0.0
1853,0.5158931016921997,False,0.0
1854,0.5670298933982849,False,0.0
1855,0.45287925004959106,False,0.0
1856,0.5716015696525574,False,0.0
1857,0.6524779200553894,False,0.0
1858,0.0031106288079172373,False,0.0
1859,0.5148090720176697,False,0.0
1860,0.9980243444442749,True,1.0
1861,0.9530541300773621,False,0.0
1862,0.7187437415122986,False,0.0
1863,0.93206787109375,False,0.0
1864,0.012960952706634998,False,0.0
1865,0.6779285669326782,False,0.0
1866,0.6535619497299194,False,0.0
1867,0.6852337718009949,False,0.0
1868,0.631410539150238,False,0.0
1869,0.9750179052352905,True,1.0
1870,0.015458881855010986,False,0.0
1871,0.6977705955505371,False,0.0
1872,0.7122868895530701,False,0.0
1873,0.6074680685997009,False,0.0
1874,0.677315890789032,False,0.0
1875,0.939292848110199,True,1.0
1876,0.009897454641759396,False,0.0
1877,0.6469636559486389,False,0.0
1878,0.6867420077323914,False,0.0
1879,0.6147262454032898,False,0.0
1880,0.6872133016586304,False,0.0
1881,1.0,True,1.0
1882,0.022528493776917458,False,0.0
1883,0.9302436709403992,False,0.0
1884,0.944382905960083,False,0.0
1885,0.6354166269302368,False,0.0
1886,0.9222785830497742,False,0.0
1887,0.7021066546440125,False,0.0
1888,0.02097317948937416,False,0.0
1889,0.9299609065055847,False,0.0
1890,1.0,True,1.0
1891,1.0,False,0.0
1892,0.9402825236320496,False,0.0
1893,0.7193093299865723,False,0.0
1894,0.00900197122246027,False,0.0
1895,1.0,True,1.0
1896,0.9314691424369812,False,0.0
1897,0.6582278609275818,False,0.0
1898,0.934746503829956,False,0.0
1899,0.9361267685890198,False,0.0
1900,0.01922934129834175,False,0.0
1901,0.6234925389289856,False,0.0
1902,0.7043218016624451,True,1.0
1903,0.7016353011131287,False,0.0
1904,0.5991730690002441,False,0.0
1905,0.6981476545333862,False,0.0
1906,0.017061328515410423,False,0.0
1907,0.9431657791137695,True,1.0
1908,0.524235188961029,False,0.0
1909,0.6680782437324524,False,0.0
1910,0.6816518902778625,False,0.0
1911,0.5480833649635315,False,0.0
1912,0.0018852296052500606,False,0.0
1913,0.6839612722396851,False,0.30399322509765625
1914,0.6018595099449158,False,0.0
1915,0.5319646596908569,False,0.0
1916,0.6363592147827148,False,0.0
1917,0.7125225067138672,False,0.0
1918,0.02036047913134098,False,0.0
1919,0.6027550101280212,False,0.0
1920,0.9957009553909302,True,1.0
1921,0.707385241985321,False,0.0
1922,0.5725913643836975,False,0.0
1923,0.6699163317680359,False,0.0
1924,0.030399326235055923,False,0.0
1925,0.6783055663108826,True,1.0
1926,0.5312106013298035,False,0.0
1927,0.570140540599823,False,0.0
1928,0.57716304063797,False,0.0
1929,0.49991574883461,False,0.0
1930,0.010698677971959114,False,0.0
1931,0.6321174502372742,True,1.0
1932,0.5622696876525879,False,0.0
1933,0.45749807357788086,False,0.0
1934,0.4975120723247528,False,0.0
1935,0.5429461002349854,False,0.0
1936,0.015506013296544552,False,0.0
1937,0.5188623070716858,False,0.0
1938,0.5606672763824463,False,0.0
1939,0.5789539813995361,False,0.0
1940,0.47446513175964355,False,0.0
1941,0.5174955129623413,False,0.0
1942,0.015883058309555054,False,0.0
1943,0.5840912461280823,True,1.0
1944,0.4059370458126068,False,0.0
1945,0.5386571884155273,False,0.0
1946,0.5281470417976379,False,0.0
1947,0.4395412504673004,False,0.0
1948,0.007635179907083511,False,0.0
1949,0.5163643956184387,False,0.0
1950,0.9913549423217773,True,1.0
1951,0.5330015420913696,False,0.0
1952,0.5700463056564331,False,0.0
1953,0.5712716579437256,False,0.0
1954,0.019040819257497787,False,0.0
1955,0.4966166019439697,False,0.21284246444702148
1956,0.47366389632225037,False,0.0
1957,0.4913850724697113,False,0.0
1958,0.390195369720459,False,0.0
1959,0.4973706901073456,False,0.0
1960,0.013196607120335102,False,0.0
1961,0.5502042174339294,True,1.0
1962,0.3383515775203705,False,0.0
1963,0.4339798390865326,False,0.0
1964,0.42653319239616394,False,0.0
1965,0.36474478244781494,False,0.0
1966,0.0,False,0.0
1967,0.49770060181617737,True,0.9596761055290699
1968,0.4646148383617401,False,0.0
1969,0.3360893130302429,False,0.0
1970,0.391750693321228,False,0.0
1971,0.40876489877700806,False,0.0
1972,0.017862549051642418,False,0.0
1973,0.3680439293384552,False,0.0
1974,0.423799604177475,False,0.0
1975,0.4279942512512207,True,0.8167757280170918
1976,0.3389642834663391,False,0.0
1977,0.3810991644859314,False,0.0
1978,0.019606387242674828,False,0.0
1979,0.528759777545929,False,0.0
1980,0.7041332125663757,True,1.0
1981,0.5409194827079773,False,0.0
1982,0.5059484839439392,False,0.0
1983,0.37747010588645935,False,0.0
1984,0.01918221078813076,False,0.0
1985,0.4852580726146698,True,0.9321517236530781
1986,0.4030620753765106,False,0.0
1987,0.3356179893016815,False,0.0
1988,0.450381338596344,False,0.0
1989,0.4504756033420563,False,0.0
1990,0.02262275479733944,False,0.0
1991,0.36983489990234375,False,0.0
1992,0.3727570176124573,False,0.0
1993,0.38576510548591614,False,0.0
1994,0.3384929597377777,False,0.0
1995,0.42478933930397034,True,0.8043331690132618
1996,0.011876946315169334,False,0.0
1997,0.44331175088882446,False,0.0
1998,0.3424990773200989,False,0.0
1999,0.34513840079307556,False,0.0
2000,0.8933041095733643,True,1.0
2001,0.26265960931777954,False,0.0
2002,0.0,False,0.0
2003,0.382230281829834,False,0.0
2004,0.408812016248703,False,0.0
2005,0.2745365500450134,False,0.0
2006,0.30781087279319763,False,0.0
2007,0.6590238809585571,False,0.0
2008,0.009803193621337414,False,0.0
2009,0.32237425446510315,False,0.0
2010,0.8595765233039856,True,1.0
2011,0.6684011220932007,False,0.0
2012,0.31535178422927856,False,0.0
2013,0.3984432816505432,False,0.0
2014,0.014987574890255928,False,0.0
2015,0.4323773980140686,True,0.8347796462476254
2016,0.3673841059207916,False,0.0
2017,0.40032848715782166,False,0.0
2018,0.4208303391933441,False,0.0
2019,0.2921634614467621,False,0.0
2020,0.005891342181712389,False,0.0
2021,0.3587120473384857,False,0.0
2022,0.41074439883232117,False,0.0
2023,0.27840128540992737,False,0.0
2024,0.4236110746860504,True,0.835439465008676
2025,0.4065026342868805,False,0.0
2026,0.011688423343002796,False,0.0
2027,0.2439015656709671,False,0.0
2028,0.35838213562965393,False,0.0
2029,0.3416978716850281,False,0.0
2030,0.2508297860622406,False,0.0
2031,0.3529149889945984,False,0.0
2032,0.005749950185418129,False,0.0
2033,0.4253078103065491,True,0.8391157202422619
2034,0.2985261082649231,False,0.0
2035,0.3134194314479828,False,0.0
2036,0.3161058723926544,False,0.0
2037,0.2652989327907562,False,0.0
2038,0.0,False,0.0
2039,0.38001513481140137,False,0.0
2040,0.8833631873130798,True,1.0
2041,0.44481992721557617,False,0.0
2042,0.4296909272670746,False,0.0
2043,0.43152904510498047,False,0.0
2044,0.019889172166585922,False,0.0
2045,0.2870733439922333,False,0.0
2046,0.40183669328689575,True,0.7638950422406197
2047,0.3998100459575653,False,0.0
2048,0.23447541892528534,False,0.0
2049,0.33613643050193787,False,0.0
2050,0.009614670649170876,False,0.0
2051,0.38062784075737,False,0.0
2052,0.2971593141555786,False,0.0
2053,0.3813348114490509,False,0.0
2054,0.4196992516517639,True,0.8201691620051861
2055,0.2705775797367096,False,0.0
2056,0.006928218062967062,False,0.0
2057,0.3348167836666107,False,0.0
2058,0.3717672526836395,False,0.0
2059,0.25643834471702576,False,0.0
2060,0.4123939573764801,False,0.0
2061,0.4252135455608368,True,0.8185667134821415
2062,0.015930188819766045,False,0.0
2063,0.2942372262477875,False,0.0
2064,0.3511711359024048,False,0.0
2065,0.3582407534122467,False,0.0
2066,0.268362432718277,False,0.0
2067,0.35447028279304504,False,0.0
2068,0.021255962550640106,False,0.0
2069,0.661246657371521,False,0.0
2070,0.8055156469345093,True,1.0
2071,0.6288086771965027,False,0.0
2072,0.4374203681945801,False,0.0
2073,0.2869790494441986,False,0.0
2074,0.007965094409883022,False,0.0
2075,0.4474121034145355,True,0.8762546945363283
2076,0.40598416328430176,False,0.0
2077,0.24093233048915863,False,0.0
2078,0.36290666460990906,False,0.0
2079,0.33599504828453064,False,0.0
2080,0.011547030881047249,False,0.0
2081,0.27604472637176514,False,0.0
2082,0.4081050455570221,False,0.0
2083,0.41508039832115173,True,0.807066734880209
2084,0.26685425639152527,False,0.0
2085,0.3659701943397522,False,0.0
2086,0.021303093060851097,False,0.0
2087,0.3802979290485382,False,0.0
2088,0.29395443201065063,False,0.0
2089,0.3845396935939789,False,0.0
2090,0.39778342843055725,True,0.7529606707394123
2091,0.2480490654706955,False,0.0
2092,0.009284756146371365,False,0.0
2093,0.3431117832660675,False,0.0
2094,0.3517366945743561,False,0.0
2095,0.2407909482717514,False,0.0
2096,0.32341113686561584,False,0.0
2097,0.6749546527862549,False,0.0
2098,0.035630837082862854,False,0.0
2099,0.31242966651916504,False,0.0
2100,0.7964985370635986,True,1.0
2101,0.645806074142456,False,0.0
2102,0.31233540177345276,False,0.0
2103,0.4627296030521393,False,0.0
2104,0.029503842815756798,False,0.0
2105,0.46386072039604187,True,0.8687137551605701
2106,0.2118998020887375,False,0.0
2107,0.3124768137931824,False,0.0
2108,0.3085649609565735,False,0.0
2109,0.19144505262374878,False,0.0
2110,0.0007069610874168575,False,0.0
2111,0.3522551357746124,False,0.2257562279701233
2112,0.34952154755592346,False,0.0
2113,0.23937702178955078,False,0.0
2114,0.2912679612636566,False,0.0
2115,0.3746422231197357,False,0.0
2116,0.012678168714046478,False,0.0
2117,0.29093804955482483,False,0.0
2118,0.349238783121109,False,0.0
2119,0.4303036332130432,True,0.8591933442512527
2120,0.23301437497138977,False,0.0
2121,0.3485318124294281,False,0.0
2122,0.017909681424498558,False,0.0
2123,0.38760319352149963,False,0.0
2124,0.2344282865524292,False,0.0
2125,0.35352766513824463,False,0.0
2126,0.3954268991947174,False,0.0
2127,0.2382458746433258,False,0.0
2128,0.00014139221457298845,False,0.0
2129,0.2852352559566498,False,0.0
2130,0.8803430795669556,True,1.0
2131,0.4580164849758148,False,0.0
2132,0.6010740399360657,False,0.0
2133,0.4558485150337219,False,0.0
2134,0.02898540534079075,False,0.0
2135,0.2709074914455414,False,0.0
2136,0.3541874885559082,False,0.0
2137,0.362011194229126,False,0.0
2138,0.22217431664466858,False,0.0
2139,0.3876974582672119,False,0.0
2140,0.0297394972294569,False,0.0
2141,0.46810251474380493,True,0.8782342188060284
2142,0.22603903710842133,False,0.0
2143,0.3406609892845154,False,0.0
2144,0.39420148730278015,False,0.0
2145,0.32817134261131287,False,0.0
2146,0.01333799958229065,False,0.0
2147,0.4014124870300293,False,0.0
2148,0.4202647805213928,True,0.8009397424757481
2149,0.2982904613018036,False,0.0
2150,0.351312518119812,False,0.0
2151,0.38185325264930725,False,0.0
2152,0.01979490928351879,False,0.0
2153,0.23475821316242218,False,0.0
2154,0.37445372343063354,False,0.0
2155,0.4439244270324707,True,0.8611728549003601
2156,0.2576166093349457,False,0.0
2157,0.3771401643753052,False,0.0
2158,0.013055214658379555,False,0.0
2159,0.3085649609565735,False,0.0
2160,0.9566747546195984,True,1.0
2161,0.6400656700134277,False,0.0
2162,0.2090248316526413,False,0.0
2163,0.3851052522659302,False,0.0
2164,0.029409581795334816,False,0.0
2165,0.3696464002132416,False,0.0
2166,0.20864777266979218,False,0.0
2167,0.4044288694858551,True,0.7500385753810406
2168,0.3247779309749603,False,0.0
2169,0.13055215775966644,False,0.0
2170,0.002592190634459257,False,0.0
2171,0.2738295793533325,False,0.0
2172,0.24272330105304718,False,0.0
2173,0.22825418412685394,False,0.0
2174,0.3383515775203705,False,0.0
2175,0.4771516025066376,True,0.9491188237443566
2176,0.03874146565794945,False,0.0
2177,0.22443656623363495,False,0.0
2178,0.32246851921081543,False,0.0
2179,0.4377973973751068,False,0.0
2180,0.24672941863536835,False,0.0
2181,0.41559886932373047,False,0.0
2182,0.015930188819766045,False,0.0
2183,0.4730041027069092,True,0.9141478277742863
2184,0.22858408093452454,False,0.0
2185,0.39094945788383484,False,0.0
2186,0.3941543698310852,False,0.0
2187,0.24380731582641602,False,0.0
2188,0.0,False,0.0
2189,0.3585706651210785,False,0.0
2190,0.9215823411941528,True,1.0
2191,0.4466579854488373,False,0.0
2192,0.6082282662391663,False,0.0
2193,0.625239908695221,False,0.0
2194,0.032802995294332504,False,0.0
2195,0.2945671081542969,False,0.0
2196,0.6155292987823486,True,1.0
2197,0.4693278968334198,False,0.0
2198,0.3358065187931061,False,0.0
2199,0.40230798721313477,False,0.0
2200,0.028089920058846474,False,0.0
2201,0.4337441921234131,True,0.8113085441291332
2202,0.19417864084243774,False,0.0
2203,0.40885916352272034,False,0.0
2204,0.4311991333961487,False,0.0
2205,0.2956511378288269,False,0.0
2206,0.003723328234627843,False,0.0
2207,0.38185325264930725,False,0.0
2208,0.4165414869785309,False,0.0
2209,0.31045016646385193,False,0.0
2210,0.6346752047538757,True,1.0
2211,0.6286221742630005,False,0.0
2212,0.024790769442915916,False,0.0
2213,0.3119112253189087,False,0.0
2214,0.36172839999198914,False,0.0
2215,0.4058898985385895,True,0.7621982581913471
2216,0.37803563475608826,False,0.0
2217,0.4036276340484619,False,0.0
2218,0.020030563697218895,False,0.0
2219,0.6726840734481812,False,0.0
2220,0.9110065698623657,True,1.0
2221,0.6388722658157349,False,0.0
2222,0.6546180844306946,False,0.0
2223,0.3697877824306488,False,0.0
2224,0.022858409211039543,False,0.0
2225,0.6540131568908691,True,1.0
2226,0.4357236921787262,False,0.0
2227,0.2997986376285553,False,0.0
2228,0.456272691488266,False,0.0
2229,0.44326457381248474,False,0.0
2230,0.017579765990376472,False,0.0
2231,0.30691537261009216,False,0.0
2232,0.46546316146850586,True,0.8957667909562588
2233,0.41130995750427246,False,0.0
2234,0.42667457461357117,False,0.0
2235,0.4246479570865631,False,0.0
2236,0.010934331454336643,False,0.0
2237,0.29155075550079346,False,0.0
2238,0.47597333788871765,True,0.930078012868762
2239,0.43958839774131775,False,0.0
2240,0.4560370147228241,False,0.0
2241,0.4299266040325165,False,0.0
2242,0.013102345168590546,False,0.0
2243,0.3709189295768738,False,0.0
2244,0.44929733872413635,False,0.0
2245,0.462635338306427,False,0.0
2246,0.4635779559612274,False,0.0
2247,0.4146091043949127,False,0.0
2248,0.0016024451470002532,False,0.0
2249,0.43558230996131897,False,0.0
2250,0.9000000357627869,True,1.0
2251,0.7895744442939758,False,0.0
2252,0.7814990878105164,False,0.0
2253,0.7047497630119324,False,0.0
2254,0.01809820346534252,False,0.0
2255,0.6858317255973816,False,0.0
2256,0.3975948989391327,False,0.0
2257,0.4368548095226288,False,0.0
2258,0.7036471366882324,True,1.0
2259,0.4736168086528778,False,0.0
2260,0.007588048931211233,False,0.0
2261,0.3697877824306488,False,0.0
2262,0.45226654410362244,False,0.0
2263,0.4633422791957855,False,0.0
2264,0.7042557001113892,True,1.0
2265,0.6766836643218994,False,0.0
2266,0.012253991328179836,False,0.0
2267,0.35319775342941284,False,0.0
2268,0.4164472222328186,False,0.0
2269,0.47097745537757874,False,0.0
2270,0.6837841272354126,False,0.0
2271,0.7001362442970276,True,1.0
2272,0.013432259671390057,False,0.0
2273,0.3553186357021332,False,0.0
2274,0.42827701568603516,False,0.0
2275,0.4468936622142792,False,0.0
2276,0.39014825224876404,False,0.0
2277,0.4823359549045563,False,0.0
2278,0.01428061444312334,False,0.0
2279,0.6816335320472717,False,0.0
2280,0.9873454570770264,True,1.0
2281,0.7442545294761658,False,0.0
2282,0.7288297414779663,False,0.0
2283,0.4014124870300293,False,0.0
2284,0.009473278187215328,False,0.0
2285,0.6758302450180054,True,1.0
2286,0.4704590439796448,False,0.0
2287,0.35126540064811707,False,0.0
2288,0.45287925004959106,False,0.0
2289,0.445574015378952,False,0.0
2290,0.005278642755001783,False,0.0
2291,0.308800607919693,False,0.0
2292,0.4316704273223877,False,0.0
2293,0.45273786783218384,True,0.8898283299058676
2294,0.31959351897239685,False,0.0
2295,0.393353134393692,False,0.0
2296,0.012301122769713402,False,0.0
2297,0.42412954568862915,False,0.0
2298,0.28391557931900024,False,0.0
2299,0.40381619334220886,False,0.0
2300,0.4266274571418762,True,0.8286526687443256
2301,0.3652632236480713,False,0.0
2302,0.00782370287925005,False,0.0
2303,0.3514539301395416,False,0.0
2304,0.36474478244781494,False,0.0
2305,0.28151190280914307,False,0.0
2306,0.3690808117389679,False,0.0
2307,0.724277138710022,False,0.0
2308,0.017721157521009445,False,0.0
2309,0.33703193068504333,False,0.0
2310,0.894474446773529,True,1.0
2311,0.6494728326797485,False,0.0
2312,0.32501357793807983,False,0.0
2313,0.47097745537757874,False,0.0
2314,0.025733381509780884,False,0.0
2315,0.479696661233902,True,0.9079265594482422
2316,0.2817475497722626,False,0.0
2317,0.3881687819957733,False,0.0
2318,0.40956613421440125,False,0.0
2319,0.34259334206581116,False,0.0
2320,0.001743837259709835,False,0.0
2321,0.41767260432243347,True,0.8290296895429492
2322,0.4144677221775055,False,0.0
2323,0.27156731486320496,False,0.0
2324,0.35484734177589417,False,0.0
2325,0.3728041350841522,False,0.0
2326,0.013290869072079659,False,0.0
2327,0.27434802055358887,False,0.0
2328,0.3961338698863983,True,0.7656860016286373
2329,0.3918449580669403,False,0.0
2330,0.2586063742637634,False,0.0
2331,0.3713902235031128,False,0.0
2332,0.011169984936714172,False,0.0
2333,0.4004227817058563,True,0.7785055935382843
2334,0.2553071975708008,False,0.0
2335,0.3829372525215149,False,0.0
2336,0.3643677234649658,False,0.0
2337,0.27397099137306213,False,0.0
2338,0.003157759550958872,False,0.0
2339,0.2932945787906647,False,0.0
2340,0.836320698261261,True,1.0
2341,0.4164000451564789,False,0.0
2342,0.4323773980140686,False,0.0
2343,0.4643320143222809,False,0.0
2344,0.022198578342795372,False,0.0
2345,0.2762332558631897,False,0.0
2346,0.36050301790237427,False,0.0
2347,0.3810991644859314,False,0.0
2348,0.2666185796260834,False,0.0
2349,0.4370904564857483,False,0.0
2350,0.018899425864219666,False,0.0
2351,0.44331175088882446,True,0.8488246500492096
2352,0.26996487379074097,False,0.0
2353,0.33679625391960144,False,0.0
2354,0.3432060182094574,False,0.0
2355,0.26822102069854736,False,0.0
2356,0.012018337845802307,False,0.0
2357,0.3711545765399933,False,0.0
2358,0.4169185161590576,True,0.8090462628751993
2359,0.2553071975708008,False,0.0
2360,0.3069624900817871,False,0.0
2361,0.3877917230129242,False,0.0
2362,0.016590019688010216,False,0.0
2363,0.2266988605260849,False,0.0
2364,0.35970181226730347,False,0.0
2365,0.3691750764846802,True,0.7051701135933399
2366,0.25827643275260925,False,0.0
2367,0.339058518409729,False,0.0
2368,0.012395384721457958,False,0.0
2369,0.4581579267978668,False,0.0
2370,0.7382204532623291,True,1.0
2371,0.6329334378242493,False,0.0
2372,0.48497530817985535,False,0.0
2373,0.3642734885215759,False,0.0
2374,0.024837899953126907,False,0.0
2375,0.38892287015914917,False,0.0
2376,0.3394355773925781,False,0.0
2377,0.2149161547422409,False,0.0
2378,0.3784598410129547,False,0.0
2379,0.43911710381507874,True,0.8285584077239037
2380,0.020266218110919,False,0.0
2381,0.2827373147010803,False,0.0
2382,0.3542817533016205,False,0.0
2383,0.3604559004306793,False,0.0
2384,0.25087693333625793,False,0.0
2385,0.4532563388347626,True,0.8659802414476871
2386,0.023046931251883507,False,0.0
2387,0.4434531331062317,False,0.0
2388,0.28448113799095154,False,0.0
2389,0.3221857249736786,False,0.0
2390,0.3393884599208832,False,0.0
2391,0.2797209322452545,False,0.0
2392,0.015411751344799995,False,0.0
2393,0.36809107661247253,False,0.3507469594478607
2394,0.35343340039253235,False,0.0
2395,0.19271759688854218,False,0.0
2396,0.2973478436470032,False,0.0
2397,0.4087177813053131,False,0.0
2398,0.0225756224244833,False,0.0
2399,0.29428431391716003,False,0.0
2400,0.7786438465118408,True,1.0
2401,0.6117056608200073,False,0.0
2402,0.31718987226486206,False,0.0
2403,0.32491931319236755,False,0.0
2404,0.015553143806755543,False,0.0
2405,0.3770458996295929,True,0.7229855116456747
2406,0.22118456661701202,False,0.0
2407,0.371060311794281,False,0.0
2408,0.35564854741096497,False,0.0
2409,0.21072153747081757,False,0.0
2410,0.0,False,0.0
2411,0.3566382825374603,False,0.0
2412,0.3672427237033844,False,0.0
2413,0.24314747750759125,False,0.0
2414,0.3751135468482971,False,0.0
2415,0.38948842883110046,True,0.7200634367763996
2416,0.029456710442900658,False,0.0
2417,0.2559199035167694,False,0.0
2418,0.3021080195903778,False,0.0
2419,0.33924707770347595,False,0.0
2420,0.28405696153640747,False,0.0
2421,0.3975948989391327,False,0.0
2422,0.0169199351221323,False,0.0
2423,0.43751463294029236,True,0.8750292658805847
2424,0.23197749257087708,False,0.0
2425,0.30814075469970703,False,0.0
2426,0.3218558132648468,False,0.0
2427,0.25874775648117065,False,0.0
2428,0.0,False,0.0
2429,0.3927875757217407,False,0.0
2430,0.8270074129104614,True,1.0
2431,0.38369134068489075,False,0.0
2432,0.37723442912101746,False,0.0
2433,0.4053714871406555,False,0.0
2434,0.026440342888236046,False,0.0
2435,0.23471108078956604,False,0.0
2436,0.3946256637573242,True,0.7363706417381763
2437,0.33703193068504333,False,0.0
2438,0.1628367006778717,False,0.0
2439,0.28127625584602356,False,0.0
2440,0.016024451702833176,False,0.0
2441,0.3387286365032196,False,0.0
2442,0.1577465832233429,False,0.0
2443,0.37054187059402466,True,0.709034837782383
2444,0.3531506359577179,False,0.0
2445,0.21255962550640106,False,0.0
2446,0.000377045915229246,False,0.0
2447,0.3307635486125946,False,0.0
2448,0.3208189308643341,False,0.0
2449,0.2814647853374481,False,0.0
2450,0.3381159007549286,False,0.0
2451,0.3794024586677551,True,0.7450427412986755
2452,0.021915793418884277,False,0.0
2453,0.24451427161693573,False,0.0
2454,0.28278443217277527,False,0.0
2455,0.2952740788459778,False,0.0
2456,0.20977890491485596,False,0.0
2457,0.3319418132305145,False,0.0
2458,0.006881088018417358,False,0.0
2459,0.4411437213420868,False,0.0
2460,0.7225561141967773,True,1.0
2461,0.4119226634502411,False,0.0
2462,0.4334142804145813,False,0.0
2463,0.24974577128887177,False,0.0
2464,0.012725300155580044,False,0.0
2465,0.4673483967781067,True,0.9092461932450533
2466,0.38703760504722595,False,0.0
2467,0.1859307736158371,False,0.0
2468,0.2962166965007782,False,0.0
2469,0.30470022559165955,False,0.0
2470,0.008012225851416588,False,0.0
2471,0.18659059703350067,False,0.0
2472,0.36281242966651917,True,0.6944243106991053
2473,0.31926363706588745,False,0.0
2474,0.19959867000579834,False,0.0
2475,0.2815590500831604,False,0.0
2476,0.015600274316966534,False,0.0
2477,0.39109086990356445,True,0.7661572881042957
2478,0.22061899304389954,False,0.0
2479,0.3679496943950653,False,0.0
2480,0.37459510564804077,False,0.0
2481,0.2223156988620758,False,0.0
2482,0.0021208832040429115,False,0.0
2483,0.3469293713569641,False,0.2591248154640198
2484,0.3038047254085541,False,0.0
2485,0.21736696362495422,False,0.0
2486,0.3589477241039276,False,0.0
2487,0.42007628083229065,False,0.0
2488,0.019464995712041855,False,0.0
2489,0.283774197101593,False,0.0
2490,0.7073795199394226,True,1.0
2491,0.4703647792339325,False,0.0
2492,0.26789113879203796,False,0.0
2493,0.4466579854488373,False,0.0
2494,0.029928019270300865,False,0.0
2495,0.4443957507610321,True,0.586212158203125
2496,0.22236283123493195,False,0.0
2497,0.31742551922798157,False,0.0
2498,0.2869790494441986,False,0.0
2499,0.1512896716594696,False,0.0
2500,0.8925318121910095,True,1.0
2501,0.3662058413028717,False,0.0
2502,0.39189207553863525,False,0.0
2503,0.23254306614398956,False,0.0
2504,0.3227512836456299,False,0.0
2505,0.31728413701057434,False,0.0
2506,0.015176097862422466,False,0.0
2507,0.2770344913005829,False,0.0
2508,0.36092719435691833,False,0.0
2509,0.362011194229126,True,0.6863177977502346
2510,0.2023322582244873,False,0.0
2511,0.3255320191383362,False,0.0
2512,0.018852295354008675,False,0.0
2513,0.3192164897918701,False,0.0
2514,0.2313176691532135,False,0.0
2515,0.31299522519111633,False,0.0
2516,0.37285128235816956,False,0.0
2517,0.18277300894260406,False,0.0
2518,0.0013667914317920804,False,0.0
2519,0.30111828446388245,False,0.0
2520,0.9752861261367798,True,1.0
2521,0.6187161803245544,False,0.0
2522,0.2344282865524292,False,0.0
2523,0.4205946922302246,False,0.0
2524,0.021303093060851097,False,0.0
2525,0.36290666460990906,False,0.0
2526,0.20987318456172943,False,0.0
2527,0.40249648690223694,True,0.7623867876827717
2528,0.33877575397491455,False,0.0
2529,0.15642692148685455,False,0.0
2530,0.01574166677892208,False,0.0
2531,0.2596432566642761,False,0.0
2532,0.28542375564575195,False,0.0
2533,0.1356893926858902,False,0.0
2534,0.31662431359291077,False,0.0
2535,0.3619169592857361,True,0.692350585013628
2536,0.015977321192622185,False,0.0
2537,0.217225581407547,False,0.0
2538,0.3337327539920807,False,0.0
2539,0.3113456666469574,False,0.0
2540,0.20944900810718536,False,0.0
2541,0.36172839999198914,True,0.6915021575987339
2542,0.010604416020214558,False,0.0
2543,0.3560727536678314,False,0.0
2544,0.2701062858104706,False,0.0
2545,0.2838684320449829,False,0.0
2546,0.3277471661567688,False,0.0
2547,0.25818219780921936,False,0.0
2548,0.0053729042410850525,False,0.0
2549,0.38798025250434875,False,0.0
2550,0.8362619876861572,True,1.0
2551,0.34641093015670776,False,0.0
2552,0.3995743989944458,False,0.0
2553,0.41555172204971313,False,0.0
2554,0.023094061762094498,False,0.0
2555,0.2444671392440796,False,0.0
2556,0.5784451365470886,True,1.0
2557,0.3720029294490814,False,0.0
2558,0.19662944972515106,False,0.0
2559,0.3056899607181549,False,0.0
2560,0.012018337845802307,False,0.0
2561,0.32746437191963196,False,0.0
2562,0.25709816813468933,False,0.0
2563,0.40178951621055603,True,0.7795423567295074
2564,0.38298436999320984,False,0.0
2565,0.29235196113586426,False,0.0
2566,0.015081836842000484,False,0.0
2567,0.32817134261131287,False,0.0
2568,0.3594190180301666,False,0.0
2569,0.22142021358013153,False,0.0
2570,0.37285128235816956,False,0.0
2571,0.3733697235584259,True,0.7165757734328508
2572,0.00565568869933486,False,0.0
2573,0.2249550074338913,False,0.0
2574,0.33863434195518494,False,0.0
2575,0.3319889008998871,False,0.0
2576,0.23541803658008575,False,0.0
2577,0.35470592975616455,False,0.0
2578,0.010604416020214558,False,0.0
2579,0.5998945236206055,False,0.0
2580,0.7866643071174622,True,1.0
2581,0.576417863368988,False,0.0
2582,0.4105558395385742,False,0.0
2583,0.26935216784477234,False,0.0
2584,0.007399525493383408,False,0.0
2585,0.5927819013595581,True,1.0
2586,0.4065026342868805,False,0.0
2587,0.22269272804260254,False,0.0
2588,0.32850125432014465,False,0.0
2589,0.3153989017009735,False,0.0
2590,0.008577794767916203,False,0.0
2591,0.15308064222335815,False,0.0
2592,0.41385504603385925,True,0.8105545025318861
2593,0.38369134068489075,False,0.0
2594,0.2796737849712372,False,0.0
2595,0.3298209011554718,False,0.0
2596,0.00815361738204956,False,0.0
2597,0.3979719579219818,True,0.7796366810798645
2598,0.3091776371002197,False,0.0
2599,0.3728041350841522,False,0.0
2600,0.3659701943397522,False,0.0
2601,0.27500787377357483,False,0.0
2602,0.006079865153878927,False,0.0
2603,0.34626954793930054,False,0.17909681797027588
2604,0.3359479010105133,False,0.0
2605,0.2567211389541626,False,0.0
2606,0.3474006652832031,False,0.0
2607,0.5956346392631531,False,0.0
2608,0.018899425864219666,False,0.0
2609,0.26902225613594055,False,0.0
2610,0.7669662833213806,True,1.0
2611,0.6098179221153259,False,0.0
2612,0.27595049142837524,False,0.0
2613,0.5637613534927368,False,0.0
2614,0.022481363266706467,False,0.0
2615,0.5734888911247253,True,1.0
2616,0.24498558044433594,False,0.0
2617,0.33415696024894714,False,0.0
2618,0.29928019642829895,False,0.0
2619,0.18008655309677124,False,0.0
2620,0.005561427213251591,False,0.0
2621,0.34834328293800354,False,0.15298640727996826
2622,0.3452797830104828,False,0.0
2623,0.2718500792980194,False,0.0
2624,0.28193607926368713,False,0.0
2625,0.3778471350669861,False,0.0
2626,0.020784655585885048,False,0.0
2627,0.2666657269001007,False,0.0
2628,0.40216660499572754,True,0.7895341590046883
2629,0.3696464002132416,False,0.0
2630,0.24196921288967133,False,0.0
2631,0.2877802848815918,False,0.0
2632,0.016354365274310112,False,0.0
2633,0.3638021647930145,False,0.0
2634,0.22175012528896332,False,0.0
2635,0.3900068700313568,True,0.7473050095140934
2636,0.3616813123226166,False,0.0
2637,0.25827643275260925,False,0.0
2638,0.007399525493383408,False,0.0
2639,0.29998716711997986,False,0.0
2640,0.7906293272972107,True,1.0
2641,0.41903939843177795,False,0.0
2642,0.552079439163208,False,0.0
2643,0.4101788103580475,False,0.0
2644,0.022339969873428345,False,0.0
2645,0.21095719933509827,False,0.0
2646,0.3114870488643646,False,0.0
2647,0.3501814007759094,False,0.0
2648,0.21543459594249725,False,0.0
2649,0.3867548406124115,True,0.7288297414779663
2650,0.021821532398462296,False,0.0
2651,0.3861892819404602,False,0.0
2652,0.22665171325206757,False,0.0
2653,0.3141263723373413,False,0.0
2654,0.3693164587020874,False,0.0
2655,0.19983433187007904,False,0.0
2656,0.0015553144039586186,False,0.0
2657,0.40862351655960083,True,0.8027307661250234
2658,0.37073037028312683,False,0.0
2659,0.2919749319553375,False,0.0
2660,0.32355251908302307,False,0.0
2661,0.32920822501182556,False,0.0
2662,0.01131137739866972,False,0.0
2663,0.2642149329185486,False,0.0
2664,0.3582407534122467,False,0.0
2665,0.37794139981269836,True,0.7332600448280573
2666,0.22405953705310822,False,0.0
2667,0.2998928725719452,False,0.0
2668,0.007258133497089148,False,0.0
2669,0.5934614539146423,False,0.0
2670,0.739531934261322,True,1.0
2671,0.6417506337165833,False,0.0
2672,0.5805307030677795,False,0.0
2673,0.24442000687122345,False,0.0
2674,0.007635179907083511,False,0.0
2675,0.379496693611145,False,0.0
2676,0.33967122435569763,False,0.0
2677,0.24969863891601562,False,0.0
2678,0.39688795804977417,True,0.771907253190875
2679,0.3431117832660675,False,0.0
2680,0.010934331454336643,False,0.0
2681,0.1590191125869751,False,0.0
2682,0.27547916769981384,False,0.0
2683,0.34084948897361755,False,0.0
2684,0.21557600796222687,False,0.0
2685,0.36950498819351196,False,0.0
2686,0.012913822196424007,False,0.0
2687,0.5641525387763977,True,1.0
2688,0.2707189619541168,False,0.0
2689,0.357675164937973,False,0.0
2690,0.3411322832107544,False,0.0
2691,0.30295640230178833,False,0.0
2692,0.0101331090554595,False,0.0
2693,0.38656631112098694,False,0.3919392228126526
2694,0.3493330180644989,False,0.0
2695,0.19059669971466064,False,0.0
2696,0.3670070767402649,False,0.0
2697,0.5553950667381287,False,0.0
2698,0.022999800741672516,False,0.0
2699,0.3180382251739502,False,0.0
2700,0.8251442313194275,True,1.0
2701,0.6305094957351685,False,0.0
2702,0.3071039021015167,False,0.0
2703,0.3519723415374756,False,0.0
2704,0.022434232756495476,False,0.0
2705,0.3749721646308899,False,0.0
2706,0.21670714020729065,False,0.0
2707,0.3752078115940094,True,0.7055471576750278
2708,0.35861778259277344,False,0.0
2709,0.18588362634181976,False,0.0
2710,0.0010368762305006385,False,0.0
2711,0.2957453727722168,False,0.0
2712,0.2948027551174164,False,0.0
2713,0.20765803754329681,False,0.0
2714,0.399244487285614,True,0.7546573877334595
2715,0.37803563475608826,False,0.0
2716,0.021915793418884277,False,0.0
2717,0.22094891965389252,False,0.0
2718,0.30507728457450867,False,0.0
2719,0.3648390471935272,False,0.0
2720,0.2595018446445465,False,0.0
2721,0.41013169288635254,False,0.0
2722,0.018286725506186485,False,0.0
2723,0.41036733984947205,True,0.8134765462018549
2724,0.22198577225208282,False,0.0
2725,0.31855666637420654,False,0.0
2726,0.3431117832660675,False,0.0
2727,0.23923562467098236,False,0.0
2728,0.003629066748544574,False,0.0
2729,0.3998100459575653,False,0.0
2730,0.7711941003799438,True,1.0
2731,0.39005398750305176,False,0.0
2732,0.4049001634120941,False,0.0
2733,0.39085522294044495,False,0.0
2734,0.020266218110919,False,0.0
2735,0.1992216408252716,False,0.0
2736,0.42582622170448303,True,0.8111200071871281
2737,0.35946616530418396,False,0.0
2738,0.27500787377357483,False,0.0
2739,0.33255448937416077,False,0.0
2740,0.007635179907083511,False,0.0
2741,0.37077751755714417,False,0.0
2742,0.23819875717163086,False,0.0
2743,0.3619169592857361,False,0.0
2744,0.5676075220108032,True,1.0
2745,0.2243894338607788,False,0.0
2746,0.009520409628748894,False,0.0
2747,0.3621526062488556,False,0.0
2748,0.3523494005203247,False,0.0
2749,0.23687909543514252,False,0.0
2750,0.892409086227417,True,1.0
2751,0.4393998682498932,False,0.0
2752,0.011499900370836258,False,0.0
2753,0.18932418525218964,False,0.0
2754,0.28909996151924133,False,0.0
2755,0.31092149019241333,False,0.13573652505874634
2756,0.24305322766304016,False,0.0
2757,0.3642263412475586,False,0.0
2758,0.011452769860625267,False,0.0
2759,0.47955527901649475,False,0.0
2760,0.7425168752670288,True,1.0
2761,0.4192279279232025,False,0.0
2762,0.4377973973751068,False,0.0
2763,0.2236824780702591,False,0.0
2764,0.007588048931211233,False,0.0
2765,0.42445942759513855,True,0.8239395637065172
2766,0.3399069011211395,False,0.0
2767,0.1787668913602829,False,0.0
2768,0.2889585494995117,False,0.0
2769,0.3128066956996918,False,0.0
2770,0.020171955227851868,False,0.0
2771,0.16151703894138336,False,0.0
2772,0.3724270761013031,True,0.7045102417469025
2773,0.34824904799461365,False,0.0
2774,0.27835413813591003,False,0.0
2775,0.2941429316997528,False,0.0
2776,0.0156474057585001,False,0.0
2777,0.3989145755767822,True,0.7665343396365643
2778,0.2131723165512085,False,0.0
2779,0.37445372343063354,False,0.0
2780,0.38081637024879456,False,0.0
2781,0.21731983125209808,False,0.0
2782,0.01248964574187994,False,0.0
2783,0.32963237166404724,False,0.17268699407577515
2784,0.3257676661014557,False,0.0
2785,0.24328887462615967,False,0.0
2786,0.3880273699760437,False,0.0
2787,0.4361949861049652,False,0.0
2788,0.020643262192606926,False,0.0
2789,0.36003169417381287,False,0.0
2790,0.7435001730918884,True,1.0
2791,0.4773872494697571,False,0.0
2792,0.30078837275505066,False,0.0
2793,0.4553771913051605,False,0.0
2794,0.026911651715636253,False,0.0
2795,0.4511825740337372,True,0.8485418446362019
2796,0.19601674377918243,False,0.0
2797,0.34028393030166626,False,0.0
2798,0.32397669553756714,False,0.0
2799,0.24965153634548187,False,0.0
2800,0.007116741966456175,False,0.0
2801,0.4057013988494873,True,0.7971693137660623
2802,0.34245195984840393,False,0.0
2803,0.20841212570667267,False,0.0
2804,0.33024510741233826,False,0.0
2805,0.35206660628318787,False,0.0
2806,0.019889172166585922,False,0.0
2807,0.23829300701618195,False,0.0
2808,0.3934473991394043,True,0.7471164539456367
2809,0.3781299293041229,False,0.0
2810,0.2725570797920227,False,0.0
2811,0.3563084006309509,False,0.0
2812,0.012112599797546864,False,0.0
2813,0.3839741349220276,False,0.0
2814,0.21779115498065948,False,0.0
2815,0.39076095819473267,True,0.7572967167943716
2816,0.37087178230285645,False,0.0
2817,0.24088521301746368,False,0.0
2818,0.006315519101917744,False,0.0
2819,0.3099317252635956,False,0.0
2820,0.8357895612716675,True,1.0
2821,0.39660516381263733,False,0.0
2822,0.4453854560852051,False,0.0
2823,0.4555656909942627,False,0.0
2824,0.027100175619125366,False,0.0
2825,0.19832615554332733,False,0.0
2826,0.3612571060657501,False,0.3133251368999481
2827,0.3249664306640625,False,0.0
2828,0.20459453761577606,False,0.0
2829,0.41036733984947205,False,0.0
2830,0.0169199351221323,False,0.0
2831,0.44962725043296814,True,0.8654146306216717
2832,0.2564854919910431,False,0.0
2833,0.33217746019363403,False,0.0
2834,0.35253793001174927,False,0.0
2835,0.3227984309196472,False,0.0
2836,0.015458881855010986,False,0.0
2837,0.430633544921875,True,0.8280870504677296
2838,0.3855765759944916,False,0.0
2839,0.2811819911003113,False,0.0
2840,0.3282184600830078,False,0.0
2841,0.3975948989391327,False,0.0
2842,0.018428118899464607,False,0.0
2843,0.2753377854824066,False,0.0
2844,0.3355708718299866,False,0.0
2845,0.39655801653862,True,0.7562597952783108
2846,0.24201634526252747,False,0.0
2847,0.3531506359577179,False,0.0
2848,0.016590019688010216,False,0.0
2849,0.48252448439598083,False,0.0
2850,0.7488683462142944,True,1.0
2851,0.48982977867126465,False,0.0
2852,0.47380533814430237,False,0.0
2853,0.32920822501182556,False,0.0
2854,0.01390356756746769,False,0.0
2855,0.3789311349391937,False,0.0
2856,0.35734525322914124,False,0.0
2857,0.23249593377113342,False,0.0
2858,0.4254491925239563,False,0.0
2859,0.48945268988609314,True,0.9510982446372509
2860,0.022999800741672516,False,0.0
2861,0.26416778564453125,False,0.0
2862,0.3424990773200989,False,0.0
2863,0.4075395166873932,False,0.0
2864,0.2553543448448181,False,0.0
2865,0.47861266136169434,True,0.9112257212400436
2866,0.024507982656359673,False,0.0
2867,0.46108004450798035,False,0.0
2868,0.2648276090621948,False,0.0
2869,0.3471178710460663,False,0.0
2870,0.35055842995643616,False,0.0
2871,0.3246365487575531,False,0.0
2872,0.011924076825380325,False,0.0
2873,0.4254491925239563,True,0.8259190935641527
2874,0.3763860762119293,False,0.0
2875,0.2782127559185028,False,0.0
2876,0.3274172246456146,False,0.0
2877,0.37549060583114624,False,0.0
2878,0.01248964574187994,False,0.0
2879,0.35956040024757385,False,0.0
2880,0.9907358288764954,True,1.0
2881,0.6606958508491516,False,0.0
2882,0.24201634526252747,False,0.0
2883,0.4370904564857483,False,0.0
2884,0.022339969873428345,False,0.0
2885,0.3740766942501068,False,0.0
2886,0.18710903823375702,False,0.0
2887,0.3948141932487488,True,0.7449484467506409
2888,0.38552945852279663,False,0.0
2889,0.24757777154445648,False,0.0
2890,0.009331886656582355,False,0.0
2891,0.336513489484787,False,0.0
2892,0.3165300488471985,False,0.0
2893,0.246210977435112,False,0.0
2894,0.3638964295387268,False,0.0
2895,0.4425105154514313,True,0.8588163405656815
2896,0.024743637070059776,False,0.0
2897,0.2169899195432663,False,0.0
2898,0.36554601788520813,False,0.0
2899,0.356732577085495,False,0.0
2900,0.26869234442710876,False,0.0
2901,0.4294552803039551,False,0.0
2902,0.013102345168590546,False,0.0
2903,0.47620898485183716,True,0.9337541963905096
2904,0.2841040790081024,False,0.0
2905,0.38585934042930603,False,0.0
2906,0.4263918101787567,False,0.0
2907,0.29291754961013794,False,0.0
2908,0.009237624704837799,False,0.0
2909,0.46075010299682617,False,0.0
2910,0.9668327569961548,True,1.0
2911,0.4316704273223877,False,0.0
2912,0.47804710268974304,False,0.0
2913,0.46084436774253845,False,0.0
2914,0.02021908573806286,False,0.0
2915,0.2995629906654358,False,0.0
2916,0.46800824999809265,True,0.8955783285200596
2917,0.43784457445144653,False,0.0
2918,0.317236989736557,False,0.0
2919,0.3686095178127289,False,0.0
2920,0.01428061444312334,False,0.0
2921,0.44100233912467957,False,0.0
2922,0.2568154036998749,False,0.0
2923,0.4575451910495758,True,0.8865291532129049
2924,0.45203089714050293,False,0.0
2925,0.30540719628334045,False,0.0
2926,0.01079293992370367,False,0.0
2927,0.4225741922855377,False,0.0
2928,0.39443716406822205,False,0.0
2929,0.3243066072463989,False,0.0
2930,0.43911710381507874,False,0.0
2931,0.49246907234191895,True,0.9580736253410578
2932,0.026251820847392082,False,0.0
2933,0.3677140176296234,False,0.0
2934,0.3512182831764221,False,0.0
2935,0.4181438982486725,False,0.0
2936,0.31473907828330994,False,0.0
2937,0.39603957533836365,False,0.0
2938,0.013432259671390057,False,0.0
2939,0.7703303098678589,False,0.0
2940,0.9303229451179504,True,1.0
2941,0.6365877985954285,False,0.0
2942,0.4840798079967499,False,0.0
2943,0.321525901556015,False,0.0
2944,0.00900197122246027,False,0.0
2945,0.6526355743408203,True,1.0
2946,0.4618341028690338,False,0.0
2947,0.2660530209541321,False,0.0
2948,0.3713902235031128,False,0.0
2949,0.4182853400707245,False,0.0
2950,0.025073552504181862,False,0.0
2951,0.40056416392326355,False,0.0
2952,0.4194636046886444,False,0.0
2953,0.6443636417388916,True,1.0
2954,0.3350524306297302,False,0.0
2955,0.43002086877822876,False,0.0
2956,0.02323545329272747,False,0.0
2957,0.4773872494697571,False,0.0
2958,0.29164502024650574,False,0.0
2959,0.4438301622867584,False,0.0
2960,0.4878973960876465,True,0.929323885589838
2961,0.34188637137413025,False,0.0
2962,0.01041589304804802,False,0.0
2963,0.45000430941581726,False,0.0
2964,0.4083878695964813,False,0.0
2965,0.31615301966667175,False,0.0
2966,0.4396355152130127,False,0.0
2967,0.7545199990272522,False,0.0
2968,0.021962923929095268,False,0.0
2969,0.49652233719825745,False,0.0
2970,0.9589374661445618,True,1.0
2971,0.6685277223587036,False,0.0
2972,0.3408023715019226,False,0.0
2973,0.6487524509429932,False,0.0
2974,0.019606387242674828,False,0.0
2975,0.7237199544906616,True,1.0
2976,0.3190751075744629,False,0.0
2977,0.3953797519207001,False,0.0
2978,0.47979092597961426,False,0.0
2979,0.40424033999443054,False,0.0
2980,0.025356337428092957,False,0.0
2981,0.7125723361968994,True,1.0
2982,0.6523043513298035,False,0.0
2983,0.38369134068489075,False,0.0
2984,0.44859036803245544,False,0.0
2985,0.6881042718887329,False,0.0
2986,0.021727269515395164,False,0.0
2987,0.5000100135803223,False,0.0
2988,0.6879165768623352,False,0.0
2989,0.7441835999488831,False,0.0
2990,0.4539632797241211,False,0.0
2991,0.49873748421669006,False,0.0
2992,0.012348253279924393,False,0.0
2993,0.7498554587364197,True,1.0
2994,0.426486074924469,False,0.0
2995,0.6786606907844543,False,0.0
2996,0.7000401020050049,False,0.0
2997,0.4786597788333893,False,0.0
2998,0.004665943328291178,False,0.0
2999,0.4525964856147766,False,0.0
3000,0.8973838090896606,True,1.0
3001,0.5862593054771423,False,0.0
3002,0.5956382751464844,False,0.0
3003,0.4587234556674957,False,0.0
3004,0.012960952706634998,False,0.0
3005,0.5248479247093201,False,0.0
3006,0.5868719816207886,False,0.0
3007,0.48393842577934265,False,0.0
3008,0.5567554235458374,False,0.0
3009,0.7767466306686401,True,1.0
3010,0.024272330105304718,False,0.0
3011,0.482854425907135,False,0.0
3012,0.5880030989646912,False,0.0
3013,0.5501571297645569,False,0.0
3014,0.48554086685180664,False,0.0
3015,0.7778893113136292,False,0.0
3016,0.012678168714046478,False,0.0
3017,0.8042112588882446,False,0.0
3018,0.8147895932197571,True,1.0
3019,0.5962509512901306,False,0.0
3020,0.7820387482643127,False,0.0
3021,0.5749949812889099,False,0.0
3022,0.010227370075881481,False,0.0
3023,0.7520910501480103,False,0.0
3024,0.8771573901176453,True,1.0
3025,0.4769159257411957,False,0.0
3026,0.588097333908081,False,0.0
3027,0.8162986636161804,False,0.0
3028,0.00900197122246027,False,0.0
3029,0.5405895709991455,False,0.0
3030,0.9978485107421875,True,1.0
3031,0.8048852682113647,False,0.0
3032,0.49732357263565063,False,0.0
3033,0.5714130997657776,False,0.0
3034,0.020030563697218895,False,0.0
3035,0.7898356914520264,False,0.0
3036,0.804171621799469,True,1.0
3037,0.5995972752571106,False,0.0
3038,0.7853285074234009,False,0.0
3039,0.7820881605148315,False,0.0
3040,0.014610528945922852,False,0.0
3041,0.5372904539108276,False,0.0
3042,0.606902539730072,False,0.0
3043,0.4723442494869232,False,0.0
3044,0.5818290114402771,False,0.0
3045,0.7964804172515869,True,1.0
3046,0.015788797289133072,False,0.0
3047,0.4985489547252655,False,0.0
3048,0.6052058339118958,False,0.0
3049,0.5598660707473755,False,0.0
3050,0.5205590128898621,False,0.0
3051,0.5985132455825806,False,0.155908465385437
3052,0.017579765990376472,False,0.0
3053,0.5757962465286255,False,0.0
3054,0.5615156292915344,False,0.0
3055,0.5468108057975769,False,0.0
3056,0.5348867774009705,False,0.0
3057,0.5245651602745056,False,0.0
3058,0.0016024451470002532,False,0.0
3059,0.534604012966156,False,0.0
3060,0.997242271900177,True,1.0
3061,0.8536770939826965,False,0.0
3062,0.584656834602356,False,0.0
3063,0.5036861896514893,False,0.0
3064,0.018428118899464607,False,0.0
3065,0.8024107813835144,False,0.0
3066,0.833078145980835,True,1.0
3067,0.4766331613063812,False,0.0
3068,0.5387043356895447,False,0.0
3069,0.5605258345603943,False,0.0
3070,0.008106487803161144,False,0.0
3071,0.41592875123023987,False,0.0
3072,0.5842797756195068,True,1.0
3073,0.5328130125999451,False,0.0
3074,0.43393269181251526,False,0.0
3075,0.5276286005973816,False,0.0
3076,0.008860578760504723,False,0.0
3077,0.4977477192878723,False,0.0
3078,0.5209360718727112,True,1.0
3079,0.5144320130348206,False,0.0
3080,0.44533833861351013,False,0.0
3081,0.49143218994140625,False,0.0
3082,0.0033462822902947664,False,0.0
3083,0.471071720123291,False,0.0
3084,0.5155631899833679,True,1.0
3085,0.4614570736885071,False,0.0
3086,0.35795795917510986,False,0.0
3087,0.42804136872291565,False,0.0
3088,0.005137250758707523,False,0.0
3089,0.5229155421257019,False,0.0
3090,0.9963998794555664,True,1.0
3091,0.6080336570739746,False,0.0
3092,0.3851523995399475,False,0.0
3093,0.487001895904541,False,0.0
3094,0.016590019688010216,False,0.0
3095,0.4718729555606842,True,0.910565871745348
3096,0.39882031083106995,False,0.0
3097,0.4681967794895172,False,0.0
3098,0.4482133388519287,False,0.0
3099,0.3099788725376129,False,0.0
3100,0.007116741966456175,False,0.0
3101,0.38680195808410645,False,0.0
3102,0.41658860445022583,False,0.0
3103,0.3634251058101654,False,0.0
3104,0.38171184062957764,False,0.0
3105,0.49261045455932617,True,0.97098742518574
3106,0.02158587984740734,False,0.0
3107,0.28773316740989685,False,0.0
3108,0.35286784172058105,False,0.0
3109,0.43322572112083435,False,0.0
3110,0.2940015494823456,False,0.0
3111,0.418992280960083,False,0.0
3112,0.019889172166585922,False,0.0
3113,0.4543403089046478,True,0.8689022734761238
3114,0.28193607926368713,False,0.0
3115,0.37817704677581787,False,0.0
3116,0.38854581117630005,False,0.0
3117,0.2781184911727905,False,0.0
3118,0.005325773265212774,False,0.0
3119,0.36672428250312805,False,0.0
3120,0.9332731366157532,True,1.0
3121,0.49213916063308716,False,0.0
3122,0.421537309885025,False,0.0
3123,0.48129913210868835,False,0.0
3124,0.036337800323963165,False,0.0
3125,0.3368905186653137,False,0.0
3126,0.4517952501773834,False,0.0
3127,0.47917819023132324,True,0.8856807798147202
3128,0.32331687211990356,False,0.0
3129,0.39500272274017334,False,0.0
3130,0.03176611661911011,False,0.0
3131,0.4369962215423584,False,0.0
3132,0.308800607919693,False,0.0
3133,0.4550943970680237,True,0.8466565608978271
3134,0.43935275077819824,False,0.0
3135,0.2723214328289032,False,0.0
3136,0.006739695556461811,False,0.0
3137,0.379025399684906,False,0.0
3138,0.3553186357021332,False,0.0
3139,0.3632837235927582,False,0.0
3140,0.3983018696308136,False,0.0
3141,0.41149845719337463,True,0.7815218642354012
3142,0.020737525075674057,False,0.0
3143,0.24178068339824677,False,0.0
3144,0.3113456666469574,False,0.0
3145,0.38010939955711365,False,0.0
3146,0.2465408891439438,False,0.0
3147,0.376338928937912,False,0.0
3148,0.025921905413269997,False,0.0
3149,0.516505777835846,False,0.0
3150,0.7795618176460266,True,1.0
3151,0.5225384831428528,False,0.0
3152,0.43553516268730164,False,0.0
3153,0.3109686076641083,False,0.0
3154,0.017061328515410423,False,0.0
3155,0.458817720413208,True,0.8835127837955952
3156,0.4431231915950775,False,0.0
3157,0.3782241940498352,False,0.0
3158,0.3560727536678314,False,0.0
3159,0.3615870177745819,False,0.0
3160,0.016354365274310112,False,0.0
3161,0.25087693333625793,False,0.0
3162,0.40796366333961487,False,0.0
3163,0.42054757475852966,True,0.8083864189684391
3164,0.2814176380634308,False,0.0
3165,0.32633325457572937,False,0.0
3166,0.0156474057585001,False,0.0
3167,0.3975948989391327,False,0.0
3168,0.30700963735580444,False,0.0
3169,0.4498157501220703,True,0.8683366887271404
3170,0.383314311504364,False,0.0
3171,0.2883458733558655,False,0.0
3172,0.012112599797546864,False,0.0
3173,0.3400954008102417,False,0.0
3174,0.35032278299331665,False,0.0
3175,0.30507728457450867,False,0.0
3176,0.3887343108654022,False,0.0
3177,0.46428489685058594,False,0.0
3178,0.02271701581776142,False,0.0
3179,0.32063040137290955,False,0.0
3180,0.8028751015663147,True,1.0
3181,0.5086820721626282,False,0.0
3182,0.32190296053886414,False,0.0
3183,0.4709303379058838,False,0.0
3184,0.02158587984740734,False,0.0
3185,0.47470077872276306,True,0.9062297977507114
3186,0.29513269662857056,False,0.0
3187,0.40829357504844666,False,0.0
3188,0.3652632236480713,False,0.0
3189,0.2873089909553528,False,0.0
3190,0.0062683881260454655,False,0.0
3191,0.43958839774131775,True,0.8426033444702625
3192,0.4191807806491852,False,0.0
3193,0.3815704584121704,False,0.0
3194,0.3465523421764374,False,0.0
3195,0.40277931094169617,False,0.0
3196,0.018286725506186485,False,0.0
3197,0.2993273437023163,False,0.0
3198,0.39222201704978943,False,0.0
3199,0.4553771913051605,True,0.8982176063582301
3200,0.3002699315547943,False,0.0
3201,0.3749721646308899,False,0.0
3202,0.011924076825380325,False,0.0
3203,0.40079981088638306,False,0.0
3204,0.2754320502281189,False,0.0
3205,0.39490845799446106,False,0.0
3206,0.4378916919231415,False,0.0
3207,0.217225581407547,False,0.0
3208,0.0035348054952919483,False,0.0
3209,0.34165072441101074,False,0.0
3210,0.8793601393699646,True,1.0
3211,0.4494858384132385,False,0.0
3212,0.518061101436615,False,0.0
3213,0.4763975143432617,False,0.0
3214,0.03770459070801735,False,0.0
3215,0.25780513882637024,False,0.0
3216,0.3654046058654785,False,0.1083064079284668
3217,0.35842928290367126,False,0.0
3218,0.3112514019012451,False,0.0
3219,0.4307278096675873,False,0.0
3220,0.018852295354008675,False,0.0
3221,0.483844131231308,True,0.9299836717545986
3222,0.279956579208374,False,0.0
3223,0.33344995975494385,False,0.0
3224,0.44835472106933594,False,0.0
3225,0.2978662848472595,False,0.0
3226,0.011217116378247738,False,0.0
3227,0.4485432207584381,True,0.8746522087603807
3228,0.39118513464927673,False,0.0
3229,0.2677968442440033,False,0.0
3230,0.3884986639022827,False,0.0
3231,0.373134046792984,False,0.0
3232,0.020171955227851868,False,0.0
3233,0.27712875604629517,False,0.0
3234,0.3980662226676941,True,0.7557885348796844
3235,0.38519951701164246,False,0.0
3236,0.3097432255744934,False,0.0
3237,0.3030035197734833,False,0.0
3238,0.0,False,0.0
3239,0.3912322521209717,False,0.0
3240,0.9888573884963989,True,1.0
3241,0.5752778053283691,False,0.0
3242,0.3642263412475586,False,0.0
3243,0.4612214267253876,False,0.0
3244,0.022434232756495476,False,0.0
3245,0.41196975111961365,False,0.3285011649131775
3246,0.2477191686630249,False,0.0
3247,0.47224998474121094,False,0.0
3248,0.42884260416030884,False,0.0
3249,0.2099674493074417,False,0.0
3250,0.8919326066970825,True,1.0
3251,0.32260990142822266,False,0.0
3252,0.31266531348228455,False,0.0
3253,0.23942415416240692,False,0.0
3254,0.46093860268592834,False,0.0
3255,0.4196520745754242,False,0.0
3256,0.015506013296544552,False,0.0
3257,0.25087693333625793,False,0.0
3258,0.3446199595928192,False,0.0
3259,0.3537161946296692,False,0.0
3260,0.3360893130302429,False,0.0
3261,0.40673828125,False,0.0
3262,0.014704790897667408,False,0.0
3263,0.621910035610199,True,1.0
3264,0.3116755783557892,False,0.0
3265,0.4113570749759674,False,0.0
3266,0.4268631041049957,False,0.0
3267,0.26958784461021423,False,0.0
3268,0.008954840712249279,False,0.0
3269,0.3990088403224945,False,0.0
3270,0.9513207077980042,True,1.0
3271,0.4500513970851898,False,0.0
3272,0.6251664161682129,False,0.0
3273,0.48521095514297485,False,0.0
3274,0.0284669678658247,False,0.0
3275,0.3440544009208679,False,0.0
3276,0.4886043667793274,True,0.9202747978270054
3277,0.462635338306427,False,0.0
3278,0.34339457750320435,False,0.0
3279,0.37398239970207214,False,0.0
3280,0.011782684363424778,False,0.0
3281,0.44859036803245544,False,0.0
3282,0.28749749064445496,False,0.0
3283,0.47192007303237915,False,0.0
3284,0.615981936454773,True,1.0
3285,0.3572981357574463,False,0.0
3286,0.024178069084882736,False,0.0
3287,0.39109086990356445,False,0.0
3288,0.3915150463581085,False,0.0
3289,0.30851781368255615,False,0.0
3290,0.47997942566871643,True,0.9116027131676674
3291,0.4668770730495453,False,0.0
3292,0.03303864598274231,False,0.0
3293,0.27029478549957275,False,0.0
3294,0.37770575284957886,False,0.0
3295,0.3744065761566162,False,0.0
3296,0.3486731946468353,False,0.0
3297,0.44793054461479187,False,0.0
3298,0.02380102314054966,False,0.0
3299,0.6304372549057007,False,0.0
3300,0.8557440042495728,True,1.0
3301,0.6185895800590515,False,0.0
3302,0.4618341028690338,False,0.0
3303,0.3412736654281616,False,0.0
3304,0.02851409651339054,False,0.0
3305,0.47724586725234985,True,0.8974635414779186
3306,0.4021194577217102,False,0.0
3307,0.2648276090621948,False,0.0
3308,0.3210545778274536,False,0.0
3309,0.40273213386535645,False,0.0
3310,0.020171955227851868,False,0.0
3311,0.29937443137168884,False,0.0
3312,0.4558013379573822,True,0.8712587654590607
3313,0.4303978979587555,False,0.0
3314,0.28763890266418457,False,0.0
3315,0.3761032819747925,False,0.0
3316,0.025403467938303947,False,0.0
3317,0.41116857528686523,False,0.0
3318,0.3317532539367676,False,0.0
3319,0.41083866357803345,False,0.0
3320,0.4359593391418457,True,0.8211117424070835
3321,0.3530563712120056,False,0.0
3322,0.00900197122246027,False,0.0
3323,0.34363022446632385,False,0.0
3324,0.3905724287033081,False,0.0
3325,0.27434802055358887,False,0.0
3326,0.4039575755596161,False,0.0
3327,0.653256893157959,False,0.0
3328,0.02389528416097164,False,0.0
3329,0.3338741660118103,False,0.0
3330,0.8429858684539795,True,1.0
3331,0.6219772100448608,False,0.0
3332,0.2903253734111786,False,0.0
3333,0.6401047706604004,False,0.0
3334,0.03327430412173271,False,0.0
3335,0.4688565731048584,True,0.8711645379662514
3336,0.2250964194536209,False,0.0
3337,0.3469293713569641,False,0.0
3338,0.3529149889945984,False,0.0
3339,0.277882844209671,False,0.0
3340,0.016495758667588234,False,0.0
3341,0.42111316323280334,True,0.7909480817615986
3342,0.3744065761566162,False,0.0
3343,0.26647719740867615,False,0.0
3344,0.327888548374176,False,0.0
3345,0.4197934567928314,False,0.0
3346,0.02563912235200405,False,0.0
3347,0.24767203629016876,False,0.0
3348,0.43200036883354187,False,0.0
3349,0.47399383783340454,True,0.9149961583316326
3350,0.3099317252635956,False,0.0
3351,0.43162330985069275,False,0.0
3352,0.03143620118498802,False,0.0
3353,0.42318686842918396,False,0.0
3354,0.2767045795917511,False,0.0
3355,0.3884986639022827,False,0.0
3356,0.42064186930656433,False,0.0
3357,0.3284069895744324,False,0.0
3358,0.006362650077790022,False,0.0
3359,0.37817704677581787,False,0.0
3360,0.9369932413101196,True,1.0
3361,0.44236913323402405,False,0.0
3362,0.4803093373775482,False,0.0
3363,0.6025274991989136,False,0.0
3364,0.016637152060866356,False,0.0
3365,0.2594076097011566,False,0.0
3366,0.391750693321228,True,0.41163983941078186
3367,0.35230228304862976,False,0.0
3368,0.1859307736158371,False,0.0
3369,0.4281827509403229,False,0.0
3370,0.018710901960730553,False,0.0
3371,0.6026044487953186,True,1.0
3372,0.31959351897239685,False,0.0
3373,0.3412736654281616,False,0.0
3374,0.45886489748954773,False,0.0
3375,0.3363720774650574,False,0.0
3376,0.012866690754890442,False,0.0
3377,0.4522194564342499,True,0.8787055313587189
3378,0.41903939843177795,False,0.0
3379,0.34339457750320435,False,0.0
3380,0.363566517829895,False,0.0
3381,0.41776686906814575,False,0.0
3382,0.011264246888458729,False,0.0
3383,0.25643834471702576,False,0.0
3384,0.41220545768737793,False,0.0
3385,0.4453854560852051,True,0.8210174217820168
3386,0.2955097258090973,False,0.0
3387,0.40796366333961487,False,0.0
3388,0.0348767451941967,False,0.0
3389,0.6191017031669617,False,0.0
3390,0.8680238723754883,True,1.0
3391,0.6537323594093323,False,0.0
3392,0.4671127498149872,False,0.0
3393,0.3429703712463379,False,0.0
3394,0.021680139005184174,False,0.0
3395,0.4005170464515686,False,0.0
3396,0.3776114881038666,False,0.0
3397,0.2702476680278778,False,0.0
3398,0.41130995750427246,True,0.7792596369981766
3399,0.3879331052303314,False,0.0
3400,0.01739124208688736,False,0.0
3401,0.19064383208751678,False,0.0
3402,0.33392128348350525,False,0.0
3403,0.3732754588127136,False,0.0
3404,0.2436659187078476,False,0.0
3405,0.4357236921787262,False,0.0
3406,0.01861664280295372,False,0.0
3407,0.6272947192192078,True,1.0
3408,0.28485819697380066,False,0.0
3409,0.336984783411026,False,0.0
3410,0.35838213562965393,False,0.0
3411,0.2551186978816986,False,0.0
3412,0.011217116378247738,False,0.0
3413,0.4468936622142792,False,0.24376016855239868
3414,0.42328116297721863,False,0.0
3415,0.32501357793807983,False,0.0
3416,0.3354766070842743,False,0.0
3417,0.47644463181495667,False,0.0
3418,0.02559198997914791,False,0.0
3419,0.3725684881210327,False,0.0
3420,0.8209965229034424,True,1.0
3421,0.6806001663208008,False,0.0
3422,0.3482961654663086,False,0.0
3423,0.4107914865016937,False,0.0
3424,0.026440342888236046,False,0.0
3425,0.44029536843299866,True,0.8277100510895252
3426,0.2330615073442459,False,0.0
3427,0.43379130959510803,False,0.0
3428,0.4073038697242737,False,0.0
3429,0.19705361127853394,False,0.0
3430,0.0,False,0.0
3431,0.3957568109035492,False,0.0
3432,0.3538576066493988,False,0.0
3433,0.3059256374835968,False,0.0
3434,0.39443716406822205,False,0.0
3435,0.44076666235923767,True,0.8306321240961552
3436,0.025450600311160088,False,0.0
3437,0.3105444610118866,False,0.0
3438,0.43727898597717285,False,0.0
3439,0.41409069299697876,False,0.0
3440,0.23117628693580627,False,0.0
3441,0.4664057791233063,False,0.0
3442,0.016684282571077347,False,0.0
3443,0.6194319128990173,True,1.0
3444,0.24456141889095306,False,0.0
3445,0.354046106338501,False,0.0
3446,0.38274872303009033,False,0.0
3447,0.2413565218448639,False,0.0
3448,0.0,False,0.0
3449,0.4511825740337372,False,0.0
3450,0.8860408663749695,True,1.0
3451,0.4196992516517639,False,0.0
3452,0.4409080445766449,False,0.0
3453,0.4571681618690491,False,0.0
3454,0.024178069084882736,False,0.0
3455,0.3441486656665802,False,0.0
3456,0.4487788677215576,True,0.8492015972733498
3457,0.3904310166835785,False,0.0
3458,0.21142850816249847,False,0.0
3459,0.3192164897918701,False,0.0
3460,0.006881088018417358,False,0.0
3461,0.3839741349220276,False,0.0
3462,0.1749493032693863,False,0.0
3463,0.44882604479789734,True,0.8791768401861191
3464,0.39684081077575684,False,0.0
3465,0.2861778438091278,False,0.0
3466,0.009237624704837799,False,0.0
3467,0.3767159879207611,False,0.0
3468,0.38147619366645813,False,0.0
3469,0.30446457862854004,False,0.0
3470,0.4234696924686432,False,0.0
3471,0.4244123101234436,True,0.8032963275909424
3472,0.022764146327972412,False,0.0
3473,0.3090362548828125,False,0.0
3474,0.33081063628196716,False,0.0
3475,0.36983489990234375,False,0.0
3476,0.26162272691726685,False,0.0
3477,0.40956613421440125,False,0.0
3478,0.02677025832235813,False,0.0
3479,0.6479634046554565,False,0.0
3480,0.815796434879303,True,1.0
3481,0.483844131231308,False,0.0
3482,0.44142651557922363,False,0.0
3483,0.2846696674823761,False,0.0
3484,0.008860578760504723,False,0.0
3485,0.6141526103019714,True,1.0
3486,0.3851523995399475,False,0.0
3487,0.22514353692531586,False,0.0
3488,0.30724528431892395,False,0.0
3489,0.391279399394989,False,0.0
3490,0.02097317948937416,False,0.0
3491,0.34117943048477173,False,0.0
3492,0.42907825112342834,True,0.8162101432681084
3493,0.38798025250434875,False,0.0
3494,0.2717086970806122,False,0.0
3495,0.3964637815952301,False,0.0
3496,0.018805164843797684,False,0.0
3497,0.450381338596344,False,0.0
3498,0.24432575702667236,False,0.0
3499,0.4678196907043457,False,0.0
3500,0.8926795721054077,True,1.0
3501,0.29833757877349854,False,0.0
3502,0.0,False,0.0
3503,0.38482245802879333,False,0.0
3504,0.37968525290489197,False,0.0
3505,0.27802422642707825,False,0.0
3506,0.4084821343421936,False,0.0
3507,0.4684324264526367,False,0.0
3508,0.020124826580286026,False,0.0
3509,0.33321431279182434,False,0.0
3510,0.8473747372627258,True,1.0
3511,0.6157395243644714,False,0.0
3512,0.35828787088394165,False,0.0
3513,0.4770573079586029,False,0.0
3514,0.02672312967479229,False,0.0
3515,0.4748421609401703,True,0.896238062530756
3516,0.3420749008655548,False,0.0
3517,0.3412736654281616,False,0.0
3518,0.37355825304985046,False,0.0
3519,0.24960438907146454,False,0.0
3520,0.005278642755001783,False,0.0
3521,0.42700448632240295,True,0.7852923572063446
3522,0.3924105167388916,False,0.0
3523,0.2978662848472595,False,0.0
3524,0.32770001888275146,False,0.0
3525,0.38519951701164246,False,0.0
3526,0.03435830771923065,False,0.0
3527,0.24409008026123047,False,0.0
3528,0.44373589754104614,False,0.0
3529,0.4502870738506317,True,0.8782341778278351
3530,0.3380216658115387,False,0.0
3531,0.3490031361579895,False,0.0
3532,0.011169984936714172,False,0.0
3533,0.42940816283226013,False,0.0
3534,0.3479191064834595,False,0.0
3535,0.4038632810115814,False,0.0
3536,0.41305381059646606,False,0.0
3537,0.279485285282135,False,0.0
3538,0.011688423343002796,False,0.0
3539,0.36809107661247253,False,0.0
3540,0.9034298658370972,True,1.0
3541,0.44302892684936523,False,0.0
3542,0.6144068241119385,False,0.0
3543,0.4760204255580902,False,0.0
3544,0.02271701581776142,False,0.0
3545,0.2336270660161972,False,0.0
3546,0.3868491053581238,False,0.2247193455696106
3547,0.385388046503067,False,0.0
3548,0.2744894325733185,False,0.0
3549,0.4379388391971588,False,0.0
3550,0.02158587984740734,False,0.0
3551,0.6158139705657959,True,1.0
3552,0.38585934042930603,False,0.0
3553,0.358806312084198,False,0.0
3554,0.39052531123161316,False,0.0
3555,0.3026736080646515,False,0.0
3556,0.01970064826309681,False,0.0
3557,0.4485432207584381,False,0.0
3558,0.4486374855041504,True,0.8578736744821072
3559,0.25780513882637024,False,0.0
3560,0.3563084006309509,False,0.0
3561,0.3955211639404297,False,0.0
3562,0.01248964574187994,False,0.0
3563,0.26638293266296387,False,0.0
3564,0.4451969563961029,True,0.8492959067225456
3565,0.4271930158138275,False,0.0
3566,0.3011654317378998,False,0.0
3567,0.3467879891395569,False,0.0
3568,0.020549003034830093,False,0.0
3569,0.6797568798065186,False,0.0
3570,0.848353922367096,True,1.0
3571,0.6632413864135742,False,0.0
3572,0.645905613899231,False,0.0
3573,0.32341113686561584,False,0.0
3574,0.014799050986766815,False,0.0
3575,0.42582622170448303,False,0.0
3576,0.4121583104133606,False,0.0
3577,0.2479548305273056,False,0.0
3578,0.4306807219982147,False,0.0
3579,0.4343568980693817,True,0.8385501224547625
3580,0.021633008494973183,False,0.0
3581,0.19926875829696655,False,0.0
3582,0.4107914865016937,False,0.0
3583,0.3903367817401886,False,0.0
3584,0.2730283737182617,False,0.0
3585,0.4236110746860504,False,0.0
3586,0.015081836842000484,False,0.0
3587,0.4494387209415436,True,0.8570253439247608
3588,0.31521037220954895,False,0.0
3589,0.354046106338501,False,0.0
3590,0.4005170464515686,False,0.0
3591,0.31926363706588745,False,0.0
3592,0.02092604897916317,False,0.0
3593,0.4603259265422821,False,0.0
3594,0.4634365737438202,True,0.8971807826310396
3595,0.3022023141384125,False,0.0
3596,0.38218316435813904,False,0.0
3597,0.4010825753211975,False,0.0
3598,0.01484618242830038,False,0.0
3599,0.40621981024742126,False,0.0
3600,0.9679561853408813,True,1.0
3601,0.6742717623710632,False,0.0
3602,0.33740895986557007,False,0.0
3603,0.41427919268608093,False,0.0
3604,0.025356337428092957,False,0.0
3605,0.36276528239250183,False,0.0
3606,0.21962924301624298,False,0.0
3607,0.45240792632102966,True,0.8541031777858734
3608,0.38868722319602966,False,0.0
3609,0.2633194625377655,False,0.0
3610,0.01734411157667637,False,0.0
3611,0.31153416633605957,False,0.0
3612,0.4098488986492157,False,0.0
3613,0.3132780194282532,False,0.0
3614,0.4698934555053711,True,0.9050986878573895
3615,0.4494858384132385,False,0.0
3616,0.02907966636121273,False,0.0
3617,0.25158390402793884,False,0.0
3618,0.34768345952033997,False,0.0
3619,0.3891585171222687,False,0.0
3620,0.2586063742637634,False,0.0
3621,0.40980178117752075,False,0.0
3622,0.011169984936714172,False,0.0
3623,0.44467851519584656,True,0.8670170605182648
3624,0.23273158073425293,False,0.0
3625,0.3695521056652069,False,0.0
3626,0.3659701943397522,False,0.0
3627,0.24314747750759125,False,0.0
3628,0.009237624704837799,False,0.0
3629,0.3942957818508148,False,0.0
3630,0.9208936095237732,True,1.0
3631,0.6067451238632202,False,0.0
3632,0.47144874930381775,False,0.0
3633,0.4446313977241516,False,0.0
3634,0.02102030999958515,False,0.0
3635,0.309271901845932,False,0.0
3636,0.46329519152641296,False,0.0
3637,0.46871519088745117,True,0.895389761775732
3638,0.2582293152809143,False,0.0
3639,0.38680195808410645,False,0.0
3640,0.013573653064668179,False,0.0
3641,0.4353937804698944,False,0.0
3642,0.28000372648239136,False,0.0
3643,0.4664529263973236,True,0.9038733188062906
3644,0.42224428057670593,False,0.0
3645,0.3011654317378998,False,0.0
3646,0.014516266994178295,False,0.0
3647,0.38185325264930725,False,0.0
3648,0.3688451647758484,False,0.0
3649,0.3177083134651184,False,0.0
3650,0.40485307574272156,False,0.0
3651,0.4236110746860504,True,0.8069724962115288
3652,0.020124826580286026,False,0.0
3653,0.23400412499904633,False,0.0
3654,0.34730643033981323,False,0.0
3655,0.41220545768737793,False,0.0
3656,0.23428690433502197,False,0.0
3657,0.4148918688297272,False,0.0
3658,0.021962923929095268,False,0.0
3659,0.6595178842544556,False,0.0
3660,0.8058491349220276,True,1.0
3661,0.6736843585968018,False,0.0
3662,0.47946101427078247,False,0.0
3663,0.28405696153640747,False,0.0
3664,0.013479391112923622,False,0.0
3665,0.6090901494026184,True,1.0
3666,0.40758663415908813,False,0.0
3667,0.3263803720474243,False,0.0
3668,0.359937459230423,False,0.0
3669,0.3448556363582611,False,0.0
3670,0.007352395448833704,False,0.0
3671,0.18611928820610046,False,0.0
3672,0.41083866357803345,True,0.7926447931677103
3673,0.3921748697757721,False,0.0
3674,0.23862293362617493,False,0.0
3675,0.35946616530418396,False,0.0
3676,0.014516266994178295,False,0.0
3677,0.3869905173778534,False,0.0
3678,0.2679382562637329,False,0.0
3679,0.4619283676147461,True,0.8889799900352955
3680,0.42606186866760254,False,0.0
3681,0.3084706962108612,False,0.0
3682,0.01743837259709835,False,0.0
3683,0.3722385764122009,False,0.0
3684,0.4028263986110687,False,0.13630205392837524
3685,0.3346753716468811,False,0.0
3686,0.4106972813606262,False,0.0
3687,0.6329277753829956,False,0.0
3688,0.024130938574671745,False,0.0
3689,0.35022851824760437,False,0.0
3690,0.7979745864868164,True,1.0
3691,0.70250004529953,False,0.0
3692,0.36625298857688904,False,0.0
3693,0.6233437657356262,False,0.0
3694,0.02677025832235813,False,0.0
3695,0.46602874994277954,True,0.8785169832408428
3696,0.25884202122688293,False,0.0
3697,0.3821360468864441,False,0.0
3698,0.35352766513824463,False,0.0
3699,0.22014768421649933,False,0.0
3700,0.0027807136066257954,False,0.0
3701,0.437608927488327,True,0.8326116688549519
3702,0.43129339814186096,False,0.0
3703,0.3419335186481476,False,0.0
3704,0.33575937151908875,False,0.0
3705,0.3999043405056,False,0.0
3706,0.021303093060851097,False,0.0
3707,0.28231313824653625,False,0.0
3708,0.4403424859046936,True,0.8474106676876545
3709,0.43426260352134705,False,0.0
3710,0.3959924876689911,False,0.0
3711,0.3914678990840912,False,0.0
3712,0.016637152060866356,False,0.0
3713,0.41328945755958557,False,0.3086121082305908
3714,0.25898340344429016,False,0.0
3715,0.426344633102417,False,0.0
3716,0.4735696315765381,False,0.0
3717,0.33024510741233826,False,0.0
3718,0.003016367321833968,False,0.0
3719,0.3859536349773407,False,0.0
3720,0.9457893967628479,True,1.0
3721,0.5996257066726685,False,0.0
3722,0.6695259809494019,False,0.0
3723,0.483325719833374,False,0.0
3724,0.021161701530218124,False,0.0
3725,0.2709074914455414,False,0.0
3726,0.3660644590854645,False,0.0
3727,0.3903367817401886,False,0.0
3728,0.30875346064567566,False,0.0
3729,0.4491559565067291,False,0.0
3730,0.016967065632343292,False,0.0
3731,0.44929733872413635,True,0.8646605461835861
3732,0.33184751868247986,False,0.0
3733,0.3438187539577484,False,0.0
3734,0.43058642745018005,False,0.0
3735,0.3331671953201294,False,0.0
3736,0.004053243901580572,False,0.0
3737,0.438740074634552,False,0.0
3738,0.44859036803245544,True,0.8596646673977375
3739,0.3006941080093384,False,0.0
3740,0.391279399394989,False,0.0
3741,0.4040989577770233,False,0.0
3742,0.02549772895872593,False,0.0
3743,0.28415122628211975,False,0.0
3744,0.40678539872169495,False,0.0
3745,0.41559886932373047,True,0.7802022807300091
3746,0.32633325457572937,False,0.0
3747,0.3532920181751251,False,0.0
3748,0.018758034333586693,False,0.0
3749,0.648157000541687,False,0.0
3750,0.8918538689613342,True,1.0
3751,0.6546818017959595,False,0.0
3752,0.6314807534217834,False,0.0
3753,0.3152575194835663,False,0.0
3754,0.011452769860625267,False,0.0
3755,0.42304548621177673,False,0.0
3756,0.38048645853996277,False,0.0
3757,0.26544031500816345,False,0.0
3758,0.47272130846977234,True,0.9225370772182941
3759,0.3939187228679657,False,0.0
3760,0.02040760964155197,False,0.0
3761,0.2637436091899872,False,0.0
3762,0.33717331290245056,False,0.0
3763,0.4026850163936615,False,0.0
3764,0.34942731261253357,False,0.0
3765,0.45933619141578674,False,0.0
3766,0.020030563697218895,False,0.0
3767,0.47064754366874695,True,0.9012339599430561
3768,0.30460596084594727,False,0.0
3769,0.38991260528564453,False,0.0
3770,0.4436887800693512,False,0.0
3771,0.2766103148460388,False,0.0
3772,0.003016367321833968,False,0.0
3773,0.450381338596344,False,0.3549887537956238
3774,0.42050042748451233,False,0.0
3775,0.2728869616985321,False,0.0
3776,0.40796366333961487,False,0.0
3777,0.6561331152915955,False,0.0
3778,0.019323602318763733,False,0.0
3779,0.33773887157440186,False,0.0
3780,0.8721724152565002,True,1.0
3781,0.7522084712982178,False,0.0
3782,0.39976292848587036,False,0.0
3783,0.4442543685436249,False,0.0
3784,0.023565368726849556,False,0.0
3785,0.43704333901405334,False,0.0
3786,0.27976807951927185,False,0.0
3787,0.4454326331615448,False,0.0
3788,0.6392958760261536,True,1.0
3789,0.316765695810318,False,0.0
3790,0.004948727320879698,False,0.0
3791,0.4202176630496979,False,0.0
3792,0.41267678141593933,False,0.0
3793,0.35541290044784546,False,0.0
3794,0.48577651381492615,True,0.933659914880991
3795,0.4545288681983948,False,0.0
3796,0.025780513882637024,False,0.0
3797,0.36361366510391235,False,0.0
3798,0.38369134068489075,False,0.0
3799,0.3927875757217407,False,0.0
3800,0.3583349883556366,False,0.0
3801,0.4459039270877838,False,0.0
3802,0.018946556374430656,False,0.0
3803,0.4887457489967346,True,0.9611842632293701
3804,0.3189336955547333,False,0.0
3805,0.3948613107204437,False,0.0
3806,0.39641663432121277,False,0.0
3807,0.3358065187931061,False,0.0
3808,0.00815361738204956,False,0.0
3809,0.4004227817058563,False,0.0
3810,0.9092944860458374,True,1.0
3811,0.46697136759757996,False,0.0
3812,0.4683852791786194,False,0.0
3813,0.6197240352630615,False,0.0
3814,0.01908794976770878,False,0.0
3815,0.3003641963005066,False,0.0
3816,0.4605615735054016,True,0.8829472474753857
3817,0.4154103398323059,False,0.0
3818,0.2739238440990448,False,0.0
3819,0.42502498626708984,False,0.0
3820,0.02031334862112999,False,0.0
3821,0.426486074924469,False,0.0
3822,0.282218873500824,False,0.0
3823,0.444018691778183,True,0.847410686314106
3824,0.4238467216491699,False,0.0
3825,0.38439831137657166,False,0.0
3826,0.017579765990376472,False,0.0
3827,0.3743123412132263,False,0.0
3828,0.40263792872428894,False,0.0
3829,0.2790139615535736,False,0.0
3830,0.4291725158691406,False,0.0
3831,0.4601845443248749,True,0.8670170903205872
3832,0.0266759991645813,False,0.0
3833,0.29984575510025024,False,0.0
3834,0.34579822421073914,False,0.0
3835,0.3850110173225403,False,0.0
3836,0.28745037317276,False,0.0
3837,0.46164557337760925,False,0.0
3838,0.01333799958229065,False,0.0
3839,0.6537556648254395,False,0.0
3840,0.8168073892593384,True,1.0
3841,0.6097221970558167,False,0.0
3842,0.4449613094329834,False,0.0
3843,0.36672428250312805,False,0.0
3844,0.020124826580286026,False,0.0
3845,0.4820060729980469,True,0.9237624928355217
3846,0.41960498690605164,False,0.0
3847,0.22570911049842834,False,0.0
3848,0.37388813495635986,False,0.0
3849,0.4191807806491852,False,0.0
3850,0.023094061762094498,False,0.0
3851,0.26303666830062866,False,0.0
3852,0.4268631041049957,True,0.8075380846858025
3853,0.42563769221305847,False,0.0
3854,0.3068211078643799,False,0.0
3855,0.41418489813804626,False,0.0
3856,0.01753263548016548,False,0.0
3857,0.4196520745754242,False,0.0
3858,0.30814075469970703,False,0.0
3859,0.42304548621177673,True,0.8110257014632225
3860,0.4228098392486572,False,0.0
3861,0.3452797830104828,False,0.0
3862,0.01748550496995449,False,0.0
3863,0.41498613357543945,False,0.0
3864,0.36705419421195984,False,0.0
3865,0.25931331515312195,False,0.0
3866,0.4121583104133606,False,0.0
3867,0.6290065050125122,False,0.0
3868,0.03186037763953209,False,0.0
3869,0.32963237166404724,False,0.0
3870,0.8045923709869385,True,1.0
3871,0.6279845237731934,False,0.0
3872,0.33354422450065613,False,0.0
3873,0.6431591510772705,False,0.0
3874,0.01805107295513153,False,0.0
3875,0.4725799262523651,True,0.9090577065944672
3876,0.250169962644577,False,0.0
3877,0.3623882532119751,False,0.0
3878,0.3461281359195709,False,0.0
3879,0.2907024025917053,False,0.0
3880,0.004948727320879698,False,0.0
3881,0.43407413363456726,True,0.8361936248838902
3882,0.4253078103065491,False,0.0
3883,0.30851781368255615,False,0.0
3884,0.34570395946502686,False,0.0
3885,0.4015067517757416,False,0.0
3886,0.019040819257497787,False,0.0
3887,0.2549773156642914,False,0.0
3888,0.4174841046333313,True,0.796886570751667
3889,0.40207234025001526,False,0.0
3890,0.27434802055358887,False,0.0
3891,0.4074452519416809,False,0.0
3892,0.015977321192622185,False,0.0
3893,0.41314807534217834,False,0.2624239921569824
3894,0.28193607926368713,False,0.0
3895,0.3890642523765564,False,0.0
3896,0.4151746928691864,False,0.0
3897,0.26426205039024353,False,0.0
3898,0.020124826580286026,False,0.0
3899,0.39905595779418945,False,0.0
3900,0.9014660120010376,True,1.0
3901,0.4442543685436249,False,0.0
3902,0.6100413203239441,False,0.0
3903,0.4664057791233063,False,0.0
3904,0.03355708345770836,False,0.0
3905,0.34626954793930054,False,0.0
3906,0.3589005768299103,False,0.0
3907,0.3875560462474823,False,0.0
3908,0.25365763902664185,False,0.0
3909,0.4254020154476166,False,0.0
3910,0.02375389263033867,False,0.0
3911,0.4745123088359833,True,0.9015168324112892
3912,0.2578994035720825,False,0.0
3913,0.35574281215667725,False,0.0
3914,0.3837384879589081,False,0.0
3915,0.3127124607563019,False,0.0
3916,0.02559198997914791,False,0.0
3917,0.46626439690589905,True,0.8813448138535023
3918,0.43808022141456604,False,0.0
3919,0.28740325570106506,False,0.0
3920,0.3350052833557129,False,0.0
3921,0.3696935176849365,False,0.0
3922,0.018899425864219666,False,0.0
3923,0.3203476369380951,False,0.0
3924,0.39995142817497253,False,0.0
3925,0.42125454545021057,True,0.8047102391719818
3926,0.31153416633605957,False,0.0
3927,0.3472592830657959,False,0.0
3928,0.013432259671390057,False,0.0
3929,0.6541789770126343,False,0.0
3930,0.8307424187660217,True,1.0
3931,0.6303383708000183,False,0.0
3932,0.6014989614486694,False,0.0
3933,0.26035019755363464,False,0.0
3934,0.013243737630546093,False,0.0
3935,0.46395498514175415,True,0.8756891116499901
3936,0.37685737013816833,False,0.0
3937,0.22665171325206757,False,0.0
3938,0.4198877513408661,False,0.0
3939,0.43982407450675964,False,0.0
3940,0.030917763710021973,False,0.0
3941,0.358806312084198,False,0.0
3942,0.3653103709220886,False,0.0
3943,0.38091063499450684,False,0.0
3944,0.31120428442955017,False,0.0
3945,0.41324231028556824,False,0.0
3946,0.02611042931675911,False,0.0
3947,0.6615238189697266,True,1.0
3948,0.29607531428337097,False,0.0
3949,0.3590419590473175,False,0.0
3950,0.3805335760116577,False,0.0
3951,0.27825987339019775,False,0.0
3952,0.01362078357487917,False,0.0
3953,0.46810251474380493,True,0.896332424134016
3954,0.4514182209968567,False,0.0
3955,0.2767045795917511,False,0.0
3956,0.3458924889564514,False,0.0
3957,0.3585706651210785,False,0.0
3958,0.019936302676796913,False,0.0
3959,0.4089062809944153,False,0.0
3960,0.9442915916442871,True,1.0
3961,0.6842332482337952,False,0.0
3962,0.23098774254322052,False,0.0
3963,0.4289368689060211,False,0.0
3964,0.025073552504181862,False,0.0
3965,0.42144307494163513,False,0.0
3966,0.203369140625,False,0.0
3967,0.4553300440311432,True,0.8605129830539227
3968,0.37850695848464966,False,0.0
3969,0.1846582293510437,False,0.0
3970,0.006362650077790022,False,0.0
3971,0.37421807646751404,False,0.0
3972,0.29918593168258667,False,0.0
3973,0.19752492010593414,False,0.0
3974,0.3861892819404602,False,0.0
3975,0.4323773980140686,True,0.8013168200850487
3976,0.031718987971544266,False,0.0
3977,0.27953240275382996,False,0.0
3978,0.34188637137413025,False,0.0
3979,0.4136664867401123,False,0.0
3980,0.23612499237060547,False,0.0
3981,0.4463280737400055,False,0.0
3982,0.020077696070075035,False,0.0
3983,0.6035497188568115,True,1.0
3984,0.21562312543392181,False,0.0
3985,0.38600075244903564,False,0.0
3986,0.3979719579219818,False,0.0
3987,0.26072725653648376,False,0.0
3988,0.009143362753093243,False,0.0
3989,0.45009857416152954,False,0.0
3990,0.9066731333732605,True,1.0
3991,0.46442627906799316,False,0.0
3992,0.4584878087043762,False,0.0
3993,0.47126027941703796,False,0.0
3994,0.024696506559848785,False,0.0
3995,0.3239295780658722,False,0.0
3996,0.4886043667793274,False,0.0
3997,0.41013169288635254,False,0.0
3998,0.23334430158138275,False,0.0
3999,0.3117227256298065,False,0.0
4000,0.8921021223068237,True,1.0
4001,0.39349454641342163,False,0.0
4002,0.20553715527057648,False,0.0
4003,0.3823716938495636,False,0.0
4004,0.38218316435813904,False,0.0
4005,0.26242396235466003,False,0.0
4006,0.008436402305960655,False,0.0
4007,0.3612571060657501,False,0.0
4008,0.4114513397216797,False,0.0
4009,0.29602816700935364,False,0.0
4010,0.44514980912208557,True,0.8633408360183239
4011,0.41187554597854614,False,0.0
4012,0.013479391112923622,False,0.0
4013,0.25516581535339355,False,0.0
4014,0.3594190180301666,False,0.0
4015,0.3564969003200531,False,0.0
4016,0.25483590364456177,False,0.0
4017,0.4049001634120941,False,0.0
4018,0.014516266994178295,False,0.0
4019,0.6363248825073242,False,0.0
4020,0.8462975025177002,True,1.0
4021,0.642117440700531,False,0.0
4022,0.4740881025791168,False,0.0
4023,0.34179210662841797,False,0.0
4024,0.01748550496995449,False,0.0
4025,0.6246671080589294,True,1.0
4026,0.47479507327079773,False,0.0
4027,0.24814334511756897,False,0.0
4028,0.37435945868492126,False,0.0
4029,0.3666771352291107,False,0.0
4030,0.01866377331316471,False,0.0
4031,0.21783827245235443,False,0.0
4032,0.472202867269516,True,0.9070781879127026
4033,0.43162330985069275,False,0.0
4034,0.2508297860622406,False,0.0
4035,0.3632837235927582,False,0.0
4036,0.021397355943918228,False,0.0
4037,0.4489203095436096,False,0.0
4038,0.2990916669368744,False,0.0
4039,0.454670250415802,True,0.8665457889437675
4040,0.45056986808776855,False,0.0
4041,0.2866491675376892,False,0.0
4042,0.01197120826691389,False,0.0
4043,0.36394354701042175,False,0.0
4044,0.41611728072166443,False,0.2617640495300293
4045,0.2852352559566498,False,0.0
4046,0.42582622170448303,False,0.0
4047,0.6288700103759766,False,0.0
4048,0.024178069084882736,False,0.0
4049,0.36361366510391235,False,0.0
4050,0.8600521087646484,True,1.0
4051,0.675574004650116,False,0.0
4052,0.3403310477733612,False,0.0
4053,0.4823831021785736,False,0.0
4054,0.03379274159669876,False,0.0
4055,0.6247382760047913,True,1.0
4056,0.3005998432636261,False,0.0
4057,0.3623882532119751,False,0.0
4058,0.36106857657432556,False,0.0
4059,0.175656259059906,False,0.0
4060,0.010038848035037518,False,0.0
4061,0.4397768974304199,False,0.0
4062,0.46027880907058716,True,0.851652480661869
4063,0.2941429316997528,False,0.0
4064,0.34975722432136536,False,0.0
4065,0.4137607514858246,False,0.0
4066,0.034452568739652634,False,0.0
4067,0.2548830211162567,False,0.0
4068,0.4784241318702698,True,0.9367705676704645
4069,0.44467851519584656,False,0.0
4070,0.2688808739185333,False,0.0
4071,0.4002813398838043,False,0.0
4072,0.025780513882637024,False,0.0
4073,0.40230798721313477,False,0.2590305209159851
4074,0.2727927267551422,False,0.0
4075,0.39778342843055725,False,0.0
4076,0.4279942512512207,False,0.0
4077,0.2531391978263855,False,0.0
4078,0.007305264472961426,False,0.0
4079,0.3638021647930145,False,0.0
4080,0.8976793885231018,True,1.0
4081,0.46324801445007324,False,0.0
4082,0.4872375428676605,False,0.0
4083,0.48337283730506897,False,0.0
4084,0.02733582817018032,False,0.0
4085,0.2807578146457672,False,0.0
4086,0.4107914865016937,False,0.3489559590816498
4087,0.3908080756664276,False,0.0
4088,0.23631350696086884,False,0.0
4089,0.4396826922893524,False,0.0
4090,0.02672312967479229,False,0.0
4091,0.45504727959632874,True,0.8566482998430729
4092,0.2444671392440796,False,0.0
4093,0.3429703712463379,False,0.0
4094,0.37963810563087463,False,0.0
4095,0.24314747750759125,False,0.0
4096,0.006786826532334089,False,0.0
4097,0.446705162525177,False,0.0
4098,0.4636250436306,True,0.9080207459628582
4099,0.28367993235588074,False,0.0
4100,0.36983489990234375,False,0.0
4101,0.3709660470485687,False,0.0
4102,0.027760004624724388,False,0.0
4103,0.3103087842464447,False,0.0
4104,0.4107914865016937,False,0.0
4105,0.4300679862499237,True,0.8046159632503986
4106,0.24767203629016876,False,0.0
4107,0.38972407579421997,False,0.0
4108,0.009614670649170876,False,0.0
4109,0.4878973960876465,False,0.0
4110,0.8122841119766235,True,1.0
4111,0.6931426525115967,False,0.0
4112,0.648167610168457,False,0.0
4113,0.2968294024467468,False,0.0
4114,0.01220686174929142,False,0.0
4115,0.4166828691959381,False,0.0
4116,0.37699878215789795,False,0.0
4117,0.3204890191555023,False,0.0
4118,0.45009857416152954,True,0.8513697013258934
4119,0.43035078048706055,False,0.0
4120,0.02441372349858284,False,0.0
4121,0.2082236111164093,False,0.0
4122,0.37157875299453735,False,0.0
4123,0.41767260432243347,False,0.0
4124,0.2539404332637787,False,0.0
4125,0.4341212213039398,False,0.0
4126,0.025309205055236816,False,0.0
4127,0.6624844074249268,True,1.0
4128,0.2908909022808075,False,0.0
4129,0.4314347803592682,False,0.0
4130,0.40782228112220764,False,0.0
4131,0.27119025588035583,False,0.0
4132,0.0019323602318763733,False,0.0
4133,0.40970751643180847,False,0.0
4134,0.4225270748138428,False,0.19917446374893188
4135,0.32293984293937683,False,0.0
4136,0.3820417821407318,False,0.0
4137,0.6315021514892578,False,0.0
4138,0.023565368726849556,False,0.0
4139,0.3532920181751251,False,0.0
4140,0.8707228302955627,True,1.0
4141,0.7319008111953735,False,0.0
4142,0.31393787264823914,False,0.0
4143,0.4068796634674072,False,0.0
4144,0.027571482583880424,False,0.0
4145,0.42285701632499695,False,0.0
4146,0.24399583041667938,False,0.0
4147,0.4679611325263977,True,0.8807792998850346
4148,0.4168713688850403,False,0.0
4149,0.28358563780784607,False,0.0
4150,0.011217116378247738,False,0.0
4151,0.37120169401168823,False,0.0
4152,0.3515481650829315,False,0.0
4153,0.29164502024650574,False,0.0
4154,0.4093775749206543,False,0.0
4155,0.46871519088745117,True,0.8870004899799824
4156,0.02601616643369198,False,0.0
4157,0.28047502040863037,False,0.0
4158,0.4044288694858551,False,0.0
4159,0.37836557626724243,False,0.0
4160,0.23555944859981537,False,0.0
4161,0.4068796634674072,False,0.0
4162,0.025214945897459984,False,0.0
4163,0.479036808013916,True,0.9227255620062351
4164,0.2883458733558655,False,0.0
4165,0.37492501735687256,False,0.0
4166,0.3491916358470917,False,0.0
4167,0.2707189619541168,False,0.0
4168,0.017674027010798454,False,0.0
4169,0.40485307574272156,False,0.0
4170,0.8802146911621094,True,1.0
4171,0.4572153091430664,False,0.0
4172,0.44236913323402405,False,0.0
4173,0.4472707211971283,False,0.0
4174,0.021915793418884277,False,0.0
4175,0.274725079536438,False,0.0
4176,0.4254020154476166,False,0.0
4177,0.45693251490592957,True,0.8700334429740906
4178,0.25111258029937744,False,0.0
4179,0.3424990773200989,False,0.0
4180,0.022292839363217354,False,0.0
4181,0.39754778146743774,False,0.0
4182,0.28367993235588074,False,0.0
4183,0.4472707211971283,True,0.8499557636678219
4184,0.4313405156135559,False,0.0
4185,0.3003641963005066,False,0.0
4186,0.017202720046043396,False,0.0
4187,0.3910437524318695,False,0.0
4188,0.39377734065055847,False,0.0
4189,0.33081063628196716,False,0.0
4190,0.4470350444316864,False,0.0
4191,0.4488731324672699,True,0.8566482588648796
4192,0.02559198997914791,False,0.0
4193,0.2853294909000397,False,0.0
4194,0.37341684103012085,False,0.0
4195,0.3969350755214691,False,0.0
4196,0.22792425751686096,False,0.0
4197,0.4168713688850403,False,0.0
4198,0.020549003034830093,False,0.0
4199,0.6772935390472412,False,0.0
4200,0.8137163519859314,True,1.0
4201,0.49327030777931213,False,0.0
4202,0.6160740852355957,False,0.0
4203,0.3182738721370697,False,0.0
4204,0.014139221981167793,False,0.0
4205,0.6295342445373535,True,1.0
4206,0.4200291335582733,False,0.0
4207,0.2420634776353836,False,0.0
4208,0.3932117521762848,False,0.0
4209,0.3503699004650116,False,0.0
4210,0.02681739069521427,False,0.0
4211,0.2770344913005829,False,0.0
4212,0.43129339814186096,False,0.0
4213,0.44293466210365295,True,0.8322345428168774
4214,0.3196878135204315,False,0.0
4215,0.36728984117507935,False,0.0
4216,0.011641292832791805,False,0.0
4217,0.4365249276161194,False,0.0
4218,0.26298952102661133,False,0.0
4219,0.4623053967952728,False,0.0
4220,0.46824389696121216,True,0.9132052082568407
4221,0.26812678575515747,False,0.0
4222,0.006551172584295273,False,0.0
4223,0.3709189295768738,False,0.0
4224,0.35923048853874207,False,0.0
4225,0.2712845504283905,False,0.0
4226,0.453539103269577,False,0.0
4227,0.6178777813911438,False,0.0
4228,0.024272330105304718,False,0.0
4229,0.3384929597377777,False,0.0
4230,0.833675742149353,True,1.0
4231,0.6172662377357483,False,0.0
4232,0.38567084074020386,False,0.0
4233,0.4863892197608948,False,0.0
4234,0.024837899953126907,False,0.0
4235,0.6364458203315735,True,1.0
4236,0.2400839775800705,False,0.0
4237,0.3690808117389679,False,0.0
4238,0.388592928647995,False,0.0
4239,0.231883242726326,False,0.0
4240,0.008012225851416588,False,0.0
4241,0.46324801445007324,True,0.9002913385629654
4242,0.4173426628112793,False,0.0
4243,0.2751021087169647,False,0.0
4244,0.434922456741333,False,0.0
4245,0.3746422231197357,False,0.0
4246,0.013102345168590546,False,0.0
4247,0.30422890186309814,False,0.0
4248,0.43218883872032166,False,0.0
4249,0.44001254439353943,False,0.0
4250,0.8923614025115967,True,1.0
4251,0.3544231355190277,False,0.0
4252,0.007446656469255686,False,0.0
4253,0.42794710397720337,False,0.0
4254,0.24149790406227112,False,0.0
4255,0.41418489813804626,False,0.0
4256,0.4434531331062317,False,0.0
4257,0.21929931640625,False,0.0
4258,0.004100374411791563,False,0.0
4259,0.36879801750183105,False,0.0
4260,0.8741045594215393,True,1.0
4261,0.466924250125885,False,0.0
4262,0.6701051592826843,False,0.0
4263,0.617047905921936,False,0.0
4264,0.027100175619125366,False,0.0
4265,0.27038905024528503,False,0.0
4266,0.37662172317504883,False,0.0
4267,0.3847753703594208,False,0.0
4268,0.32557913661003113,False,0.0
4269,0.40678539872169495,False,0.0
4270,0.02681739069521427,False,0.0
4271,0.4540575444698334,True,0.8544803075492382
4272,0.19045531749725342,False,0.0
4273,0.3465523421764374,False,0.0
4274,0.3745008409023285,False,0.0
4275,0.24145077168941498,False,0.0
4276,0.004336027894169092,False,0.0
4277,0.4265802800655365,True,0.8288410995155573
4278,0.4091419279575348,False,0.0
4279,0.282218873500824,False,0.0
4280,0.3846810758113861,False,0.0
4281,0.39307036995887756,False,0.0
4282,0.012159730307757854,False,0.0
4283,0.2519609332084656,False,0.0
4284,0.43011513352394104,True,0.8193207867443562
4285,0.41998201608657837,False,0.0
4286,0.3079993724822998,False,0.0
4287,0.3360421657562256,False,0.0
4288,0.020454740151762962,False,0.0
4289,0.49081951379776,False,0.0
4290,0.8193697929382324,True,1.0
4291,0.6452621221542358,False,0.0
4292,0.4873789846897125,False,0.0
4293,0.2346639484167099,False,0.0
4294,0.008247879333794117,False,0.0
4295,0.3814290463924408,False,0.0
4296,0.3534805476665497,False,0.0
4297,0.20765803754329681,False,0.0
4298,0.43610072135925293,True,0.8315747454762459
4299,0.42676883935928345,False,0.0
4300,0.02031334862112999,False,0.0
4301,0.16382645070552826,False,0.0
4302,0.33231884241104126,False,0.0
4303,0.3452797830104828,False,0.0
4304,0.3357122540473938,False,0.0
4305,0.41178128123283386,False,0.0
4306,0.020737525075674057,False,0.0
4307,0.48968836665153503,True,0.9607129599899054
4308,0.3168128430843353,False,0.0
4309,0.35508298873901367,False,0.0
4310,0.39849039912223816,False,0.0
4311,0.2504056394100189,False,0.0
4312,0.009331886656582355,False,0.0
4313,0.42064186930656433,True,0.812816770747304
4314,0.3982076346874237,False,0.0
4315,0.2524322271347046,False,0.0
4316,0.3649333119392395,False,0.0
4317,0.3938244581222534,False,0.0
4318,0.01423348393291235,False,0.0
4319,0.3813348114490509,False,0.0
4320,0.9591980576515198,True,1.0
4321,0.6984171271324158,False,0.0
4322,0.2804279029369354,False,0.0
4323,0.49157363176345825,False,0.0
4324,0.018710901960730553,False,0.0
4325,0.4448670446872711,False,0.0
4326,0.20779943466186523,False,0.0
4327,0.45023995637893677,True,0.8630581088364124
4328,0.38406839966773987,False,0.0
4329,0.2258976250886917,False,0.0
4330,0.0,False,0.0
4331,0.2994215786457062,False,0.0
4332,0.2932474613189697,False,0.0
4333,0.19879744946956635,False,0.0
4334,0.3828429877758026,False,0.0
4335,0.4152689576148987,True,0.798583272844553
4336,0.015977321192622185,False,0.0
4337,0.21062727272510529,False,0.0
4338,0.34410151839256287,False,0.0
4339,0.3532920181751251,False,0.0
4340,0.23079922795295715,False,0.0
4341,0.43449828028678894,False,0.0
4342,0.02389528416097164,False,0.0
4343,0.48148760199546814,True,0.9490245059132576
4344,0.2633194625377655,False,0.0
4345,0.34028393030166626,False,0.0
4346,0.39283472299575806,False,0.0
4347,0.26855096220970154,False,0.0
4348,0.00697534903883934,False,0.0
4349,0.43138766288757324,False,0.0
4350,0.9260426163673401,True,1.0
4351,0.4358650743961334,False,0.0
4352,0.47295695543289185,False,0.0
4353,0.48346710205078125,False,0.0
4354,0.0371861532330513,False,0.0
4355,0.2434302568435669,False,0.0
4356,0.605542004108429,True,1.0
4357,0.42158445715904236,False,0.0
4358,0.23136480152606964,False,0.0
4359,0.37963810563087463,False,0.0
4360,0.019323602318763733,False,0.0
4361,0.36889228224754333,False,0.0
4362,0.2020966112613678,False,0.0
4363,0.4411437213420868,False,0.0
4364,0.44778916239738464,True,0.8569311201572418
4365,0.34146222472190857,False,0.0
4366,0.016495758667588234,False,0.0
4367,0.35343340039253235,False,0.0
4368,0.3760090470314026,False,0.0
4369,0.2883458733558655,False,0.0
4370,0.4100845456123352,False,0.0
4371,0.6030831336975098,True,1.0
4372,0.01626010425388813,False,0.0
4373,0.23631350696086884,False,0.0
4374,0.3723328411579132,False,0.0
4375,0.3876974582672119,False,0.0
4376,0.3249664306640625,False,0.0
4377,0.4282298982143402,False,0.0
4378,0.0225756224244833,False,0.0
4379,0.6458287239074707,False,0.0
4380,0.8348121047019958,True,1.0
4381,0.6283459067344666,False,0.0
4382,0.4477420449256897,False,0.0
4383,0.3150689899921417,False,0.0
4384,0.022151445969939232,False,0.0
4385,0.6060628890991211,True,1.0
4386,0.4180496633052826,False,0.0
4387,0.1825844794511795,False,0.0
4388,0.3402368128299713,False,0.0
4389,0.37789425253868103,False,0.0
4390,0.021208832040429115,False,0.0
4391,0.1849881410598755,False,0.0
4392,0.4099903106689453,False,0.0
4393,0.4119226634502411,True,0.781427662819624
4394,0.21430347859859467,False,0.0
4395,0.36893942952156067,False,0.0
4396,0.020030563697218895,False,0.0
4397,0.42271557450294495,False,0.0
4398,0.2867434024810791,False,0.0
4399,0.4381744861602783,True,0.8281813599169254
4400,0.4188980162143707,False,0.0
4401,0.31535178422927856,False,0.0
4402,0.024083806201815605,False,0.0
4403,0.3577694594860077,False,0.0
4404,0.359937459230423,False,0.20652687549591064
4405,0.25667402148246765,False,0.0
4406,0.40631410479545593,False,0.0
4407,0.6234749555587769,False,0.0
4408,0.028089920058846474,False,0.0
4409,0.3498043417930603,False,0.0
4410,0.8367146849632263,True,1.0
4411,0.6467210650444031,False,0.0
4412,0.2989974021911621,False,0.0
4413,0.6118979454040527,False,0.0
4414,0.03011654131114483,False,0.0
4415,0.6606960296630859,True,1.0
4416,0.21797966957092285,False,0.0
4417,0.3493330180644989,False,0.0
4418,0.34942731261253357,False,0.0
4419,0.2149161547422409,False,0.0
4420,0.008483532816171646,False,0.0
4421,0.46268245577812195,True,0.9083978459239006
4422,0.3732754588127136,False,0.0
4423,0.2513953447341919,False,0.0
4424,0.3196406662464142,False,0.0
4425,0.39349454641342163,False,0.0
4426,0.022905539721250534,False,0.0
4427,0.3009297549724579,False,0.0
4428,0.4201233983039856,False,0.0
4429,0.4229041039943695,True,0.799997128546238
4430,0.24399583041667938,False,0.0
4431,0.3370790481567383,False,0.0
4432,0.02083178609609604,False,0.0
4433,0.43577080965042114,False,0.0
4434,0.2266988605260849,False,0.0
4435,0.43727898597717285,True,0.8328943997621536
4436,0.42667457461357117,False,0.0
4437,0.25181955099105835,False,0.0
4438,0.004995858296751976,False,0.0
4439,0.3847753703594208,False,0.0
4440,0.8998932838439941,True,1.0
4441,0.42238569259643555,False,0.0
4442,0.6004576683044434,False,0.0
4443,0.4436887800693512,False,0.0
4444,0.032897256314754486,False,0.0
4445,0.27411237359046936,False,0.0
4446,0.340189665555954,False,0.0
4447,0.35230228304862976,False,0.0
4448,0.19728927314281464,False,0.0
4449,0.41385504603385925,False,0.0
4450,0.02158587984740734,False,0.0
4451,0.4585820734500885,True,0.8739923872053623
4452,0.1443614512681961,False,0.0
4453,0.34141507744789124,False,0.0
4454,0.37318119406700134,False,0.0
4455,0.31926363706588745,False,0.0
4456,0.01220686174929142,False,0.0
4457,0.4423219859600067,True,0.8590991105884314
4458,0.4078693985939026,False,0.0
4459,0.3071039021015167,False,0.0
4460,0.3314704895019531,False,0.0
4461,0.39302322268486023,False,0.0
4462,0.02431946061551571,False,0.0
4463,0.35597845911979675,False,0.0
4464,0.38232454657554626,False,0.0
4465,0.4168713688850403,True,0.7851038165390491
4466,0.24988718330860138,False,0.0
4467,0.33981260657310486,False,0.0
4468,0.012772430665791035,False,0.0
4469,0.6479741334915161,False,0.0
4470,0.8006908893585205,True,1.0
4471,0.6457560062408447,False,0.0
4472,0.49190351366996765,False,0.0
4473,0.2723214328289032,False,0.0
4474,0.016637152060866356,False,0.0
4475,0.45287925004959106,False,0.0
4476,0.38439831137657166,False,0.0
4477,0.19144505262374878,False,0.0
4478,0.4547645151615143,True,0.870127733796835
4479,0.40216660499572754,False,0.0
4480,0.025874776765704155,False,0.0
4481,0.2695406973361969,False,0.0
4482,0.31304237246513367,False,0.0
4483,0.315163254737854,False,0.0
4484,0.2576166093349457,False,0.0
4485,0.4015067517757416,False,0.0
4486,0.01970064826309681,False,0.0
4487,0.6410115957260132,True,1.0
4488,0.2298094779253006,False,0.0
4489,0.3802979290485382,False,0.0
4490,0.3810048997402191,False,0.0
4491,0.27477219700813293,False,0.0
4492,0.011169984936714172,False,0.0
4493,0.43982407450675964,False,0.34650522470474243
4494,0.42455369234085083,False,0.0
4495,0.2665714621543884,False,0.0
4496,0.3270873427391052,False,0.0
4497,0.47493645548820496,False,0.0
4498,0.014704790897667408,False,0.0
4499,0.35249078273773193,False,0.0
4500,0.8927476406097412,True,1.0
4501,0.7069241404533386,False,0.0
4502,0.265628844499588,False,0.0
4503,0.41927504539489746,False,0.0
4504,0.022198578342795372,False,0.0
4505,0.42629751563072205,False,0.0
4506,0.26647719740867615,False,0.0
4507,0.42940816283226013,True,0.8144191689789295
4508,0.4109800457954407,False,0.0
4509,0.16717272996902466,False,0.0
4510,0.005891342181712389,False,0.0
4511,0.34952154755592346,False,0.0
4512,0.3299623131752014,False,0.0
4513,0.22000627219676971,False,0.0
4514,0.3889699876308441,False,0.0
4515,0.44317030906677246,True,0.8711645202711225
4516,0.025309205055236816,False,0.0
4517,0.21585877239704132,False,0.0
4518,0.37817704677581787,False,0.0
4519,0.35710960626602173,False,0.0
4520,0.25078266859054565,False,0.0
4521,0.40310922265052795,False,0.0
4522,0.01979490928351879,False,0.0
4523,0.4209246337413788,True,0.80225944891572
4524,0.26511040329933167,False,0.0
4525,0.30262646079063416,False,0.0
4526,0.34330031275749207,False,0.0
4527,0.24710646271705627,False,0.0
4528,0.007588048931211233,False,0.0
4529,0.3958981931209564,False,0.0
4530,0.8715087175369263,True,1.0
4531,0.4278999865055084,False,0.0
4532,0.4516538679599762,False,0.0
4533,0.4446313977241516,False,0.0
4534,0.025686252862215042,False,0.0
4535,0.2595018446445465,False,0.0
4536,0.478565514087677,True,0.9057585224509239
4537,0.42342254519462585,False,0.0
4538,0.2131723165512085,False,0.0
4539,0.31403210759162903,False,0.0
4540,0.010934331454336643,False,0.0
4541,0.36172839999198914,False,0.0
4542,0.16241252422332764,False,0.0
4543,0.447176456451416,True,0.8724842499941587
4544,0.3860478699207306,False,0.0
4545,0.22316403687000275,False,0.0
4546,0.008907709270715714,False,0.0
4547,0.34315893054008484,False,0.0
4548,0.4073038697242737,False,0.0
4549,0.24526837468147278,False,0.0
4550,0.4173426628112793,False,0.0
4551,0.42356395721435547,True,0.8156445808708668
4552,0.03313290700316429,False,0.0
4553,0.2972535789012909,False,0.0
4554,0.3501814007759094,False,0.0
4555,0.36865663528442383,False,0.0
4556,0.2524793744087219,False,0.0
4557,0.3820417821407318,False,0.0
4558,0.01574166677892208,False,0.0
4559,0.628942608833313,False,0.0
4560,0.7828797101974487,True,1.0
4561,0.6198135614395142,False,0.0
4562,0.46395498514175415,False,0.0
4563,0.26694852113723755,False,0.0
4564,0.0013196606887504458,False,0.0
4565,0.47597333788871765,True,0.9266845993697643
4566,0.43025651574134827,False,0.0
4567,0.20054128766059875,False,0.0
4568,0.34744781255722046,False,0.0
4569,0.36106857657432556,False,0.0
4570,0.023094061762094498,False,0.0
4571,0.24347738921642303,False,0.0
4572,0.4386928975582123,False,0.0
4573,0.47342824935913086,True,0.9006683751940727
4574,0.34363022446632385,False,0.0
4575,0.35739240050315857,False,0.0
4576,0.020266218110919,False,0.0
4577,0.4399183392524719,False,0.0
4578,0.3205832839012146,False,0.0
4579,0.4299266040325165,False,0.21868664026260376
4580,0.426344633102417,False,0.0
4581,0.2892884910106659,False,0.0
4582,0.012631038203835487,False,0.0
4583,0.3677140176296234,False,0.0
4584,0.3674783706665039,False,0.0
4585,0.22099602222442627,False,0.0
4586,0.4068325459957123,False,0.0
4587,0.6338192820549011,False,0.0
4588,0.032802995294332504,False,0.0
4589,0.34014254808425903,False,0.0
4590,0.8434345722198486,True,1.0
4591,0.6481279134750366,False,0.0
4592,0.3289254307746887,False,0.0
4593,0.4942600727081299,False,0.0
4594,0.021303093060851097,False,0.0
4595,0.6580366492271423,True,1.0
4596,0.28509384393692017,False,0.0
4597,0.3511711359024048,False,0.0
4598,0.32675740122795105,False,0.0
4599,0.1667485535144806,False,0.0
4600,0.0,False,0.0
4601,0.4122525751590729,False,0.0
4602,0.46046730875968933,True,0.8879431001842022
4603,0.20143678784370422,False,0.0
4604,0.41201692819595337,False,0.0
4605,0.3985375165939331,False,0.0
4606,0.022151445969939232,False,0.0
4607,0.26091575622558594,False,0.0
4608,0.4266274571418762,False,0.0
4609,0.4345925450325012,True,0.824882198125124
4610,0.26506325602531433,False,0.0
4611,0.369457870721817,False,0.0
4612,0.026440342888236046,False,0.0
4613,0.41163989901542664,False,0.0
4614,0.2698706090450287,False,0.0
4615,0.3868962228298187,False,0.0
4616,0.4331786334514618,False,0.0
4617,0.2619055211544037,False,0.0
4618,0.016495758667588234,False,0.0
4619,0.38552945852279663,False,0.0
4620,0.8753515481948853,True,1.0
4621,0.4705061614513397,False,0.0
4622,0.6340165138244629,False,0.0
4623,0.4761618673801422,False,0.0
4624,0.040391042828559875,False,0.0
4625,0.2087891548871994,False,0.0
4626,0.3996686637401581,False,0.0
4627,0.3935887813568115,False,0.0
4628,0.19997571408748627,False,0.0
4629,0.461504191160202,True,0.8422262966632843
4630,0.022952670231461525,False,0.0
4631,0.4563669264316559,False,0.0
4632,0.18399840593338013,False,0.0
4633,0.376951664686203,False,0.0
4634,0.35923048853874207,False,0.0
4635,0.30182525515556335,False,0.0
4636,0.011688423343002796,False,0.0
4637,0.46404924988746643,True,0.8859636187553406
4638,0.35970181226730347,False,0.0
4639,0.26892799139022827,False,0.0
4640,0.3305278718471527,False,0.0
4641,0.38486960530281067,False,0.0
4642,0.021067440509796143,False,0.0
4643,0.24606958031654358,False,0.0
4644,0.42408236861228943,False,0.0
4645,0.43878719210624695,True,0.8236568197607994
4646,0.20657403767108917,False,0.0
4647,0.38048645853996277,False,0.0
4648,0.026958782225847244,False,0.0
4649,0.6204385757446289,False,0.0
4650,0.816926121711731,True,1.0
4651,0.6923158168792725,False,0.0
4652,0.6119455099105835,False,0.0
4653,0.2709074914455414,False,0.0
4654,0.011169984936714172,False,0.0
4655,0.4139021337032318,False,0.0
4656,0.3917035758495331,False,0.0
4657,0.26534605026245117,False,0.0
4658,0.45471736788749695,True,0.8870947659015656
4659,0.3905724287033081,False,0.0
4660,0.009190494194626808,False,0.0
4661,0.16359078884124756,False,0.0
4662,0.28217172622680664,False,0.0
4663,0.3909966051578522,False,0.0
4664,0.26091575622558594,False,0.0
4665,0.4464695155620575,False,0.0
4666,0.028655488044023514,False,0.0
4667,0.6163998246192932,True,1.0
4668,0.26011455059051514,False,0.0
4669,0.40367481112480164,False,0.0
4670,0.41083866357803345,False,0.0
4671,0.23683194816112518,False,0.0
4672,0.00438315887004137,False,0.0
4673,0.4838913083076477,True,0.9277214892208576
4674,0.42229142785072327,False,0.0
4675,0.33264875411987305,False,0.0
4676,0.3602202534675598,False,0.0
4677,0.42285701632499695,False,0.0
4678,0.020030563697218895,False,0.0
4679,0.4491559565067291,False,0.0
4680,0.9546173214912415,True,1.0
4681,0.7476221323013306,False,0.0
4682,0.2763746678829193,False,0.0
4683,0.4291725158691406,False,0.0
4684,0.017014196142554283,False,0.0
4685,0.4217258393764496,False,0.0
4686,0.2012953758239746,False,0.0
4687,0.4357236921787262,True,0.8374189920723438
4688,0.34617528319358826,False,0.0
4689,0.15769945085048676,False,0.0
4690,0.0021208832040429115,False,0.0
4691,0.2940015494823456,False,0.0
4692,0.2898540496826172,False,0.0
4693,0.23885858058929443,False,0.0
4694,0.3850110173225403,False,0.0
4695,0.41903939843177795,True,0.7966037467122078
4696,0.020737525075674057,False,0.0
4697,0.22000627219676971,False,0.0
4698,0.3572981357574463,False,0.0
4699,0.41149845719337463,False,0.0
4700,0.2094961404800415,False,0.0
4701,0.418992280960083,False,0.0
4702,0.021962923929095268,False,0.0
4703,0.4278999865055084,True,0.8405296131968498
4704,0.2085535079240799,False,0.0
4705,0.3479662537574768,False,0.0
4706,0.4097546637058258,False,0.0
4707,0.21670714020729065,False,0.0
4708,0.007635179907083511,False,0.0
4709,0.4434531331062317,False,0.0
4710,0.9323568940162659,True,1.0
4711,0.4484018385410309,False,0.0
4712,0.6043033599853516,False,0.0
4713,0.47828274965286255,False,0.0
4714,0.02436659298837185,False,0.0
4715,0.252903550863266,False,0.0
4716,0.49143218994140625,True,0.9341311939060688
4717,0.41027307510375977,False,0.0
4718,0.23343853652477264,False,0.0
4719,0.3099317252635956,False,0.0
4720,0.02031334862112999,False,0.0
4721,0.3974063992500305,False,0.0
4722,0.21680140495300293,False,0.0
4723,0.4255434572696686,False,0.0
4724,0.4374675452709198,True,0.8343083932995796
4725,0.26511040329933167,False,0.0
4726,0.015034705400466919,False,0.0
4727,0.3696935176849365,False,0.0
4728,0.3803921937942505,False,0.0
4729,0.31290099024772644,False,0.0
4730,0.43558230996131897,False,0.0
4731,0.439729779958725,True,0.838927123695612
4732,0.028749749064445496,False,0.0
4733,0.3056899607181549,False,0.0
4734,0.3474949300289154,False,0.0
4735,0.39556828141212463,False,0.0
4736,0.31591734290122986,False,0.0
4737,0.42898398637771606,False,0.0
4738,0.020266218110919,False,0.0
4739,0.7017738819122314,False,0.0
4740,0.8575409650802612,True,1.0
4741,0.6142759919166565,False,0.0
4742,0.6176625490188599,False,0.0
4743,0.28565940260887146,False,0.0
4744,0.007258133497089148,False,0.0
4745,0.6319745182991028,True,0.8132849037647247
4746,0.41927504539489746,False,0.0
4747,0.22533206641674042,False,0.0
4748,0.3657345473766327,False,0.0
4749,0.3722856938838959,False,0.0
4750,0.89281165599823,True,1.0
4751,0.15011140704154968,False,0.0
4752,0.45693251490592957,False,0.0
4753,0.4300679862499237,False,0.0
4754,0.31742551922798157,False,0.0
4755,0.3771401643753052,False,0.11942929029464722
4756,0.012725300155580044,False,0.0
4757,0.4268159866333008,False,0.0
4758,0.2387171983718872,False,0.0
4759,0.4554714858531952,False,0.0
4760,0.4558485150337219,True,0.8831358011811972
4761,0.2661944329738617,False,0.0
4762,0.01428061444312334,False,0.0
4763,0.3974063992500305,False,0.0
4764,0.35333916544914246,False,0.0
4765,0.26011455059051514,False,0.0
4766,0.447176456451416,False,0.0
4767,0.4948256015777588,False,0.0
4768,0.02615756168961525,False,0.0
4769,0.3584764003753662,False,0.0
4770,0.8258746266365051,True,1.0
4771,0.6238261461257935,False,0.0
4772,0.36092719435691833,False,0.0
4773,0.4941658079624176,False,0.0
4774,0.03798737749457359,False,0.0
4775,0.6322838664054871,True,1.0
4776,0.20270930230617523,False,0.0
4777,0.37101316452026367,False,0.0
4778,0.37285128235816956,False,0.0
4779,0.1989859789609909,False,0.0
4780,0.0012725299457088113,False,0.0
4781,0.42455369234085083,True,0.8096118271350861
4782,0.3730398118495941,False,0.0
4783,0.2639792859554291,False,0.0
4784,0.3605501353740692,False,0.0
4785,0.3851523995399475,False,0.0
4786,0.0197477787733078,False,0.0
4787,0.31450340151786804,False,0.0
4788,0.4381744861602783,True,0.852312296628952
4789,0.4302093982696533,False,0.0
4790,0.2817004323005676,False,0.0
4791,0.33354422450065613,False,0.0
4792,0.012018337845802307,False,0.0
4793,0.4136664867401123,False,0.3058784604072571
4794,0.26072725653648376,False,0.0
4795,0.4174369275569916,False,0.0
4796,0.45429322123527527,False,0.0
4797,0.2521965801715851,False,0.0
4798,0.003723328234627843,False,0.0
4799,0.3525850474834442,False,0.0
4800,0.8915165066719055,True,1.0
4801,0.46258822083473206,False,0.0
4802,0.49949154257774353,False,0.0
4803,0.4872375428676605,False,0.0
4804,0.029833758249878883,False,0.0
4805,0.27269846200942993,False,0.0
4806,0.41234683990478516,False,0.0
4807,0.3780827820301056,False,0.0
4808,0.2501228451728821,False,0.0
4809,0.479036808013916,True,0.8984060995280743
4810,0.022858409211039543,False,0.0
4811,0.45382189750671387,False,0.0
4812,0.22396527230739594,False,0.0
4813,0.34330031275749207,False,0.0
4814,0.40461739897727966,False,0.0
4815,0.3160587251186371,False,0.0
4816,0.01366791408509016,False,0.0
4817,0.49722930788993835,True,0.9587335176765919
4818,0.4249778687953949,False,0.0
4819,0.2916921377182007,False,0.0
4820,0.3723328411579132,False,0.0
4821,0.40725669264793396,False,0.0
4822,0.019370732828974724,False,0.0
4823,0.299704372882843,False,0.0
4824,0.40574851632118225,False,0.0
4825,0.4245065748691559,True,0.8102716840803623
4826,0.2857065498828888,False,0.0
4827,0.3882630169391632,False,0.0
4828,0.017862549051642418,False,0.0
4829,0.483844131231308,False,0.0
4830,0.9024163484573364,True,1.0
4831,0.6540045738220215,False,0.0
4832,0.4841269552707672,False,0.0
4833,0.35866492986679077,False,0.0
4834,0.022151445969939232,False,0.0
4835,0.4179553985595703,False,0.0
4836,0.4047587811946869,False,0.0
4837,0.23372133076190948,False,0.0
4838,0.466782808303833,True,0.8868119232356548
4839,0.4574038088321686,False,0.0
4840,0.023376846686005592,False,0.0
4841,0.25874775648117065,False,0.0
4842,0.33542945981025696,False,0.0
4843,0.4303036332130432,False,0.0
4844,0.3247779309749603,False,0.0
4845,0.4899711608886719,False,0.0
4846,0.03940129652619362,False,0.0
4847,0.4916207492351532,True,0.9389386065304279
4848,0.2547887861728668,False,0.0
4849,0.34556257724761963,False,0.0
4850,0.401318222284317,False,0.0
4851,0.30191951990127563,False,0.0
4852,0.015128967352211475,False,0.0
4853,0.470600426197052,True,0.414561927318573
4854,0.3998100459575653,False,0.0
4855,0.2633194625377655,False,0.0
4856,0.3383515775203705,False,0.0
4857,0.6120031476020813,False,0.0
4858,0.020784655585885048,False,0.0
4859,0.3332614600658417,False,0.0
4860,0.8471783995628357,True,1.0
4861,0.693302571773529,False,0.0
4862,0.3127124607563019,False,0.0
4863,0.4586763381958008,False,0.0
4864,0.036903366446495056,False,0.0
4865,0.43035078048706055,False,0.0
4866,0.24936874210834503,False,0.0
4867,0.43798595666885376,True,0.8021651804447174
4868,0.40607842803001404,False,0.0
4869,0.28933560848236084,False,0.0
4870,0.015081836842000484,False,0.0
4871,0.34664657711982727,False,0.0
4872,0.3455154597759247,False,0.0
4873,0.2636493444442749,False,0.0
4874,0.42365819215774536,False,0.0
4875,0.49100804328918457,True,0.93629926815629
4876,0.024790769442915916,False,0.0
4877,0.260868638753891,False,0.0
4878,0.35437604784965515,False,0.0
4879,0.38425692915916443,False,0.0
4880,0.31648290157318115,False,0.0
4881,0.4691865146160126,False,0.0
4882,0.022858409211039543,False,0.0
4883,0.6204560995101929,True,1.0
4884,0.3006941080093384,False,0.0
4885,0.35541290044784546,False,0.0
4886,0.3836441934108734,False,0.0
4887,0.33297866582870483,False,0.0
4888,0.012018337845802307,False,0.0
4889,0.4457625448703766,False,0.0
4890,0.8763736486434937,True,1.0
4891,0.4658401906490326,False,0.0
4892,0.4493444561958313,False,0.0
4893,0.49251624941825867,False,0.0
4894,0.03473535552620888,False,0.0
4895,0.27802422642707825,False,0.0
4896,0.6270824074745178,True,1.0
4897,0.4533977210521698,False,0.0
4898,0.2504998743534088,False,0.0
4899,0.38981834053993225,False,0.0
4900,0.01734411157667637,False,0.0
4901,0.39467281103134155,False,0.0
4902,0.21208833158016205,False,0.0
4903,0.4200291335582733,False,0.0
4904,0.4364306628704071,True,0.8381731025874615
4905,0.30964896082878113,False,0.0
4906,0.01300808321684599,False,0.0
4907,0.39834901690483093,False,0.0
4908,0.3665357530117035,False,0.0
4909,0.26289525628089905,False,0.0
4910,0.43379130959510803,False,0.0
4911,0.48370274901390076,True,0.9362992104142904
4912,0.026864519342780113,False,0.0
4913,0.2084592580795288,False,0.0
4914,0.3650275766849518,False,0.0
4915,0.3814290463924408,False,0.0
4916,0.25549575686454773,False,0.0
4917,0.42469507455825806,False,0.0
4918,0.015553143806755543,False,0.0
4919,0.7227834463119507,False,0.0
4920,0.8048795461654663,True,1.0
4921,0.48785027861595154,False,0.0
4922,0.462635338306427,False,0.0
4923,0.3025321960449219,False,0.0
4924,0.012065469287335873,False,0.0
4925,0.659302830696106,True,1.0
4926,0.43680769205093384,False,0.0
4927,0.19950442016124725,False,0.0
4928,0.37516066431999207,False,0.0
4929,0.36761975288391113,False,0.0
4930,0.013856436125934124,False,0.0
4931,0.25389328598976135,False,0.0
4932,0.44595104455947876,True,0.8474106714129448
4933,0.44086095690727234,False,0.0
4934,0.2984318435192108,False,0.0
4935,0.3903367817401886,False,0.0
4936,0.022245708853006363,False,0.0
4937,0.6028092503547668,True,1.0
4938,0.2985261082649231,False,0.0
4939,0.43798595666885376,False,0.0
4940,0.4677254259586334,False,0.0
4941,0.30587849020957947,False,0.0
4942,0.01677854172885418,False,0.0
4943,0.4547645151615143,False,0.24017828702926636
4944,0.40504154562950134,False,0.0
4945,0.3346753716468811,False,0.0
4946,0.43520522117614746,False,0.0
4947,0.48228883743286133,False,0.0
4948,0.02210431545972824,False,0.0
4949,0.3862835168838501,False,0.0
4950,0.8586881160736084,True,1.0
4951,0.6483576893806458,False,0.0
4952,0.3055485785007477,False,0.0
4953,0.6263707876205444,False,0.0
4954,0.0325673408806324,False,0.0
4955,0.6256668567657471,True,1.0
4956,0.20176668465137482,False,0.0
4957,0.34537407755851746,False,0.0
4958,0.34579822421073914,False,0.0
4959,0.1884758323431015,False,0.0
4960,0.0010368762305006385,False,0.0
4961,0.44533833861351013,False,0.0
4962,0.3911380171775818,False,0.0
4963,0.25285640358924866,False,0.0
4964,0.3323659598827362,False,0.0
4965,0.4533977210521698,True,0.8808735366910696
4966,0.025214945897459984,False,0.0
4967,0.26812678575515747,False,0.0
4968,0.450381338596344,False,0.0
4969,0.4122525751590729,False,0.0
4970,0.2564854919910431,False,0.0
4971,0.36856237053871155,False,0.0
4972,0.012960952706634998,False,0.0
4973,0.47097745537757874,True,0.9294181345030665
4974,0.2594546973705292,False,0.0
4975,0.414232075214386,False,0.0
4976,0.3802979290485382,False,0.0
4977,0.25436457991600037,False,0.0
4978,0.0062683881260454655,False,0.0
4979,0.39707645773887634,False,0.0
4980,0.9250796437263489,True,1.0
4981,0.47097745537757874,False,0.0
4982,0.6285150647163391,False,0.0
4983,0.6105349063873291,False,0.0
4984,0.02841983549296856,False,0.0
4985,0.3480604887008667,False,0.0
4986,0.40343913435935974,False,0.0
4987,0.41154560446739197,False,0.0
4988,0.256579726934433,False,0.0
4989,0.4610328674316406,False,0.0
4990,0.029173925518989563,False,0.0
4991,0.6537855863571167,True,1.0
4992,0.29532119631767273,False,0.0
4993,0.34848469495773315,False,0.0
4994,0.3966994285583496,False,0.0
4995,0.3681853413581848,False,0.0
4996,0.026534605771303177,False,0.0
4997,0.622551441192627,False,0.0
4998,0.45495301485061646,False,0.0
4999,0.29937443137168884,False,0.0
5000,0.892376184463501,True,1.0
5001,0.43496957421302795,False,0.0
5002,0.015411751344799995,False,0.0
5003,0.3358065187931061,False,0.0
5004,0.43831586837768555,False,0.0
5005,0.4342155158519745,False,0.0
5006,0.2769402265548706,False,0.0
5007,0.3746422231197357,False,0.0
5008,0.012442515231668949,False,0.0
5009,0.5075508952140808,False,0.0
5010,0.8684360980987549,True,1.0
5011,0.658296525478363,False,0.0
5012,0.5097189545631409,False,0.0
5013,0.3008354902267456,False,0.0
5014,0.015128967352211475,False,0.0
5015,0.4075395166873932,False,0.0
5016,0.42238569259643555,False,0.0
5017,0.22778284549713135,False,0.0
5018,0.48266586661338806,True,0.9102830290794373
5019,0.406266987323761,False,0.0
5020,0.030634978786110878,False,0.0
5021,0.21010883152484894,False,0.0
5022,0.3553186357021332,False,0.0
5023,0.3899597227573395,False,0.0
5024,0.29315319657325745,False,0.0
5025,0.46961069107055664,False,0.0
5026,0.027524352073669434,False,0.0
5027,0.4943543076515198,True,0.9584506805986166
5028,0.3352409303188324,False,0.0
5029,0.3661115765571594,False,0.0
5030,0.4107914865016937,False,0.0
5031,0.31176984310150146,False,0.0
5032,0.012960952706634998,False,0.0
5033,0.46037307381629944,False,0.0
5034,0.46682998538017273,True,0.9077380653470755
5035,0.3097432255744934,False,0.0
5036,0.38623639941215515,False,0.0
5037,0.3911380171775818,False,0.0
5038,0.010557285510003567,False,0.0
5039,0.42445942759513855,False,0.0
5040,0.9339147806167603,True,1.0
5041,0.7166295647621155,False,0.0
5042,0.2956511378288269,False,0.0
5043,0.46961069107055664,False,0.0
5044,0.03134194016456604,False,0.0
5045,0.4476006031036377,False,0.0
5046,0.2501228451728821,False,0.0
5047,0.44849610328674316,True,0.8343083262443542
5048,0.39905595779418945,False,0.0
5049,0.18324431777000427,False,0.0
5050,0.003723328234627843,False,0.0
5051,0.33415696024894714,False,0.0
5052,0.4081993103027344,False,0.3085177540779114
5053,0.2539404332637787,False,0.0
5054,0.439729779958725,False,0.0
5055,0.43256592750549316,False,0.0
5056,0.022764146327972412,False,0.0
5057,0.23127053678035736,False,0.0
5058,0.4581107795238495,False,0.3697877526283264
5059,0.4148447513580322,False,0.0
5060,0.2732169032096863,False,0.0
5061,0.4677254259586334,False,0.0
5062,0.017014196142554283,False,0.0
5063,0.6589467525482178,True,1.0
5064,0.3527735769748688,False,0.0
5065,0.3878859877586365,False,0.0
5066,0.4291725158691406,False,0.0
5067,0.26393213868141174,False,0.0
5068,0.007917963899672031,False,0.0
5069,0.42757007479667664,False,0.0
5070,0.9283891320228577,True,1.0
5071,0.4574038088321686,False,0.0
5072,0.5085877776145935,False,0.0
5073,0.4991145133972168,False,0.0
5074,0.02318832278251648,False,0.0
5075,0.28198322653770447,False,0.0
5076,0.6777940392494202,True,1.0
5077,0.48926421999931335,False,0.0
5078,0.2751021087169647,False,0.0
5079,0.4032977223396301,False,0.0
5080,0.021774401888251305,False,0.0
5081,0.4850695729255676,False,0.0
5082,0.4401068389415741,False,0.0
5083,0.49072524905204773,False,0.0
5084,0.6546884179115295,True,1.0
5085,0.2915978729724884,False,0.0
5086,0.011782684363424778,False,0.0
5087,0.43751463294029236,False,0.0
5088,0.4784241318702698,False,0.0
5089,0.3457511067390442,False,0.0
5090,0.4956739842891693,True,0.9651432782411575
5091,0.4708360731601715,False,0.0
5092,0.013102345168590546,False,0.0
5093,0.3113456666469574,False,0.0
5094,0.45424604415893555,False,0.0
5095,0.4148447513580322,False,0.0
5096,0.35668542981147766,False,0.0
5097,0.4763503670692444,False,0.0
5098,0.03303864598274231,False,0.0
5099,0.703106701374054,False,0.0
5100,0.9275604486465454,True,1.0
5101,0.6324490308761597,False,0.0
5102,0.5168356895446777,False,0.0
5103,0.32666313648223877,False,0.0
5104,0.007776571903377771,False,0.0
5105,0.6582094430923462,True,1.0
5106,0.4949670433998108,False,0.0
5107,0.31012025475502014,False,0.0
5108,0.3839741349220276,False,0.0
5109,0.4076808989048004,False,0.0
5110,0.020784655585885048,False,0.0
5111,0.239518404006958,False,0.0
5112,0.46659430861473083,False,0.0
5113,0.472202867269516,True,0.9028364233672619
5114,0.30700963735580444,False,0.0
5115,0.3719557821750641,False,0.0
5116,0.01984204165637493,False,0.0
5117,0.4616927206516266,False,0.0
5118,0.317236989736557,False,0.0
5119,0.5173541307449341,True,0.9950241781771183
5120,0.438127338886261,False,0.0
5121,0.25422319769859314,False,0.0
5122,0.005985604133456945,False,0.0
5123,0.36149275302886963,False,0.0
5124,0.42837128043174744,False,0.0
5125,0.3854823112487793,False,0.0
5126,0.4502870738506317,False,0.0
5127,0.6647700071334839,False,0.0
5128,0.031718987971544266,False,0.0
5129,0.39283472299575806,False,0.0
5130,0.8891945481300354,True,1.0
5131,0.7220865488052368,False,0.0
5132,0.3803921937942505,False,0.0
5133,0.6422833800315857,False,0.0
5134,0.02964523434638977,False,0.0
5135,0.6408843398094177,True,1.0
5136,0.2867434024810791,False,0.0
5137,0.44260478019714355,False,0.0
5138,0.4174369275569916,False,0.0
5139,0.28104060888290405,False,0.0
5140,0.018993688747286797,False,0.0
5141,0.4709303379058838,True,0.8823816813528538
5142,0.45368048548698425,False,0.0
5143,0.3467879891395569,False,0.0
5144,0.38322004675865173,False,0.0
5145,0.430633544921875,False,0.0
5146,0.0297394972294569,False,0.0
5147,0.2510654628276825,False,0.0
5148,0.479036808013916,False,0.0
5149,0.5023665428161621,True,0.9667457081377506
5150,0.27307549118995667,False,0.0
5151,0.3978305757045746,False,0.0
5152,0.02606329880654812,False,0.0
5153,0.4281827509403229,False,0.0
5154,0.29428431391716003,False,0.0
5155,0.4799323081970215,True,0.9077380187809467
5156,0.434451162815094,False,0.0
5157,0.27939102053642273,False,0.0
5158,0.015835927799344063,False,0.0
5159,0.359277606010437,False,0.0
5160,0.9261967539787292,True,1.0
5161,0.660069465637207,False,0.0
5162,0.5161287188529968,False,0.0
5163,0.515798807144165,False,0.0
5164,0.02601616643369198,False,0.0
5165,0.27689310908317566,False,0.0
5166,0.4083406925201416,False,0.0
5167,0.46386072039604187,False,0.0
5168,0.2764689326286316,False,0.0
5169,0.4843154549598694,False,0.0
5170,0.032897256314754486,False,0.0
5171,0.6544780731201172,True,1.0
5172,0.33646634221076965,False,0.0
5173,0.426486074924469,False,0.0
5174,0.39688795804977417,False,0.0
5175,0.31521037220954895,False,0.0
5176,0.0,False,0.0
5177,0.4571681618690491,True,0.8667342774569988
5178,0.44246336817741394,False,0.0
5179,0.3799680173397064,False,0.0
5180,0.373134046792984,False,0.0
5181,0.4319060742855072,False,0.0
5182,0.02380102314054966,False,0.0
5183,0.3300565481185913,False,0.0
5184,0.4405781328678131,False,0.0
5185,0.4810163080692291,True,0.9471393031999469
5186,0.2956511378288269,False,0.0
5187,0.3694107234477997,False,0.0
5188,0.007446656469255686,False,0.0
5189,0.6502676606178284,False,0.0
5190,0.861403226852417,True,1.0
5191,0.7035749554634094,False,0.0
5192,0.5116512775421143,False,0.0
5193,0.316765695810318,False,0.0
5194,0.014374874532222748,False,0.0
5195,0.4297381043434143,False,0.0
5196,0.4202647805213928,False,0.0
5197,0.3326959013938904,False,0.0
5198,0.4820060729980469,True,0.9238567538559437
5199,0.45273786783218384,False,0.0
5200,0.022811276838183403,False,0.0
5201,0.22203290462493896,False,0.0
5202,0.4109329283237457,False,0.0
5203,0.417389839887619,False,0.0
5204,0.28679054975509644,False,0.0
5205,0.45273786783218384,False,0.0
5206,0.02497929148375988,False,0.0
5207,0.4709303379058838,True,0.8962381221354008
5208,0.2880159318447113,False,0.0
5209,0.3866134583950043,False,0.0
5210,0.40089407563209534,False,0.0
5211,0.32077181339263916,False,0.0
5212,0.020077696070075035,False,0.0
5213,0.4634365737438202,False,0.31521040201187134
5214,0.4163529574871063,False,0.0
5215,0.3058313727378845,False,0.0
5216,0.41036733984947205,False,0.0
5217,0.5108029246330261,False,0.0
5218,0.027477219700813293,False,0.0
5219,0.3531506359577179,False,0.0
5220,0.8813788294792175,True,1.0
5221,0.6843844056129456,False,0.0
5222,0.40089407563209534,False,0.0
5223,0.4196992516517639,False,0.0
5224,0.01856951229274273,False,0.0
5225,0.46833816170692444,False,0.0
5226,0.2751021087169647,False,0.0
5227,0.4489203095436096,False,0.0
5228,0.48035651445388794,True,0.9235740043222904
5229,0.3040875196456909,False,0.0
5230,0.010651546530425549,False,0.0
5231,0.39179784059524536,False,0.0
5232,0.42017054557800293,False,0.0
5233,0.32770001888275146,False,0.0
5234,0.4777642786502838,True,0.9293238669633865
5235,0.4650390148162842,False,0.0
5236,0.013102345168590546,False,0.0
5237,0.26869234442710876,False,0.0
5238,0.4127238690853119,False,0.0
5239,0.40343913435935974,False,0.0
5240,0.3784126937389374,False,0.0
5241,0.4479776918888092,False,0.0
5242,0.026958782225847244,False,0.0
5243,0.48035651445388794,True,0.9280985593795776
5244,0.2521023452281952,False,0.0
5245,0.3894413113594055,False,0.0
5246,0.42017054557800293,False,0.0
5247,0.2916921377182007,False,0.0
5248,0.01630723476409912,False,0.0
5249,0.4161643981933594,False,0.0
5250,0.8919979929924011,True,1.0
5251,0.4191807806491852,False,0.0
5252,0.47008201479911804,False,0.0
5253,0.4507583677768707,False,0.0
5254,0.02394241653382778,False,0.0
5255,0.2340983897447586,False,0.0
5256,0.4674897789955139,True,0.8870947249233723
5257,0.3983018696308136,False,0.0
5258,0.2951798141002655,False,0.0
5259,0.3517838418483734,False,0.0
5260,0.004006112925708294,False,0.0
5261,0.4030149579048157,False,0.0
5262,0.25931331515312195,False,0.0
5263,0.4517481327056885,False,0.0
5264,0.45598989725112915,True,0.9039675686508417
5265,0.27293410897254944,False,0.0
5266,0.003157759550958872,False,0.0
5267,0.36568740010261536,False,0.0
5268,0.4101788103580475,False,0.0
5269,0.3058313727378845,False,0.0
5270,0.48719045519828796,True,0.9401639923453331
5271,0.43473392724990845,False,0.0
5272,0.017108459025621414,False,0.0
5273,0.3021080195903778,False,0.0
5274,0.377422958612442,False,0.0
5275,0.4110271632671356,False,0.1302693486213684
5276,0.3458924889564514,False,0.0
5277,0.444018691778183,False,0.0
5278,0.017155589535832405,False,0.0
5279,0.6982377171516418,False,0.0
5280,0.8149040937423706,True,1.0
5281,0.5027436017990112,False,0.0
5282,0.5009526610374451,False,0.0
5283,0.32817134261131287,False,0.0
5284,0.005844211671501398,False,0.0
5285,0.5245651602745056,True,1.0
5286,0.45622554421424866,False,0.0
5287,0.2675611972808838,False,0.0
5288,0.4263918101787567,False,0.0
5289,0.39849039912223816,False,0.0
5290,0.021774401888251305,False,0.0
5291,0.3053129315376282,False,0.0
5292,0.44755348563194275,False,0.0
5293,0.4658401906490326,True,0.8881315775215626
5294,0.3619169592857361,False,0.0
5295,0.36465051770210266,False,0.0
5296,0.016354365274310112,False,0.0
5297,0.44166216254234314,False,0.0
5298,0.2888643145561218,False,0.0
5299,0.43336716294288635,False,0.0
5300,0.48648348450660706,True,0.9402582384645939
5301,0.3022494316101074,False,0.0
5302,0.014704790897667408,False,0.0
5303,0.3984432816505432,False,0.0
5304,0.3988674581050873,False,0.0
5305,0.2981961667537689,False,0.0
5306,0.4256848394870758,False,0.0
5307,0.6829284429550171,False,0.0
5308,0.035677969455718994,False,0.0
5309,0.3536219298839569,False,0.0
5310,0.8574731349945068,True,1.0
5311,0.6609711647033691,False,0.0
5312,0.3263803720474243,False,0.0
5313,0.5390813946723938,False,0.0
5314,0.026911651715636253,False,0.0
5315,0.5149504542350769,True,0.9760776050388813
5316,0.2590305507183075,False,0.0
5317,0.41347795724868774,False,0.0
5318,0.3692222237586975,False,0.0
5319,0.32180866599082947,False,0.0
5320,0.01748550496995449,False,0.0
5321,0.4709303379058838,True,0.9068896658718586
5322,0.46579310297966003,False,0.0
5323,0.27769431471824646,False,0.0
5324,0.3666771352291107,False,0.0
5325,0.4429818093776703,False,0.0
5326,0.023376846686005592,False,0.0
5327,0.3015424907207489,False,0.0
5328,0.4135251045227051,False,0.0
5329,0.46404924988746643,True,0.8813448064029217
5330,0.27976807951927185,False,0.0
5331,0.4351109564304352,False,0.0
5332,0.0110285934060812,False,0.0
5333,0.42309266328811646,False,0.0
5334,0.27986234426498413,False,0.0
5335,0.43727898597717285,False,0.0
5336,0.4572153091430664,False,0.0
5337,0.37770575284957886,False,0.0
5338,0.020171955227851868,False,0.0
5339,0.39985719323158264,False,0.0
5340,0.9181434512138367,True,1.0
5341,0.4750778377056122,False,0.0
5342,0.506891131401062,False,0.0
5343,0.6727749109268188,False,0.0
5344,0.021208832040429115,False,0.0
5345,0.30078837275505066,False,0.0
5346,0.4212074279785156,False,0.3118169903755188
5347,0.4086706340312958,False,0.0
5348,0.2652989327907562,False,0.0
5349,0.48398557305336,False,0.0
5350,0.030540719628334045,False,0.0
5351,0.5238110423088074,True,1.0
5352,0.2980547845363617,False,0.0
5353,0.3950498402118683,False,0.0
5354,0.4516538679599762,False,0.0
5355,0.40980178117752075,False,0.0
5356,0.022151445969939232,False,0.0
5357,0.48808595538139343,False,0.0
5358,0.4459981918334961,False,0.0
5359,0.2812291085720062,False,0.0
5360,0.382230281829834,False,0.0
5361,0.516270101070404,True,0.9882373102009296
5362,0.02149161696434021,False,0.0
5363,0.34014254808425903,False,0.0
5364,0.47375819087028503,False,0.0
5365,0.4681967794895172,False,0.0
5366,0.2671370208263397,False,0.0
5367,0.40193095803260803,False,0.0
5368,0.018993688747286797,False,0.0
5369,0.6791638135910034,False,0.0
5370,0.8706228137016296,True,1.0
5371,0.6795669794082642,False,0.0
5372,0.5379974246025085,False,0.0
5373,0.376338928937912,False,0.0
5374,0.015176097862422466,False,0.0
5375,0.43657204508781433,False,0.0
5376,0.41107431054115295,False,0.0
5377,0.26496902108192444,False,0.0
5378,0.45264360308647156,False,0.0
5379,0.4832786023616791,True,0.9231969267129898
5380,0.021680139005184174,False,0.0
5381,0.2555899918079376,False,0.0
5382,0.36370790004730225,False,0.0
5383,0.4373261034488678,False,0.0
5384,0.3163415193557739,False,0.0
5385,0.5227741599082947,False,0.0
5386,0.02738295868039131,False,0.0
5387,0.5410608649253845,True,1.0
5388,0.3394355773925781,False,0.0
5389,0.40112972259521484,False,0.0
5390,0.4730512201786041,False,0.0
5391,0.4041932225227356,False,0.0
5392,0.023471107706427574,False,0.0
5393,0.5050058364868164,True,0.9630694575607777
5394,0.4777642786502838,False,0.0
5395,0.35296210646629333,False,0.0
5396,0.3901011347770691,False,0.0
5397,0.4726741909980774,False,0.0
5398,0.019464995712041855,False,0.0
5399,0.4323773980140686,False,0.0
5400,0.9580520987510681,True,1.0
5401,0.6845126748085022,False,0.0
5402,0.29499128460884094,False,0.0
5403,0.4743708670139313,False,0.0
5404,0.022387100383639336,False,0.0
5405,0.43379130959510803,False,0.0
5406,0.24305322766304016,False,0.0
5407,0.462635338306427,True,0.8804964758455753
5408,0.4060313403606415,False,0.0
5409,0.30333343148231506,False,0.0
5410,0.008059356361627579,False,0.0
5411,0.39547404646873474,False,0.0
5412,0.38265445828437805,False,0.0
5413,0.3042760491371155,False,0.0
5414,0.43200036883354187,True,0.8087635077536106
5415,0.43091636896133423,False,0.0
5416,0.027618614956736565,False,0.0
5417,0.3021080195903778,False,0.0
5418,0.33184751868247986,False,0.0
5419,0.4193221628665924,False,0.0
5420,0.2724156677722931,False,0.0
5421,0.472202867269516,False,0.0
5422,0.025780513882637024,False,0.0
5423,0.49963292479515076,True,0.9792824164032936
5424,0.2661944329738617,False,0.0
5425,0.3945785462856293,False,0.0
5426,0.405607134103775,False,0.0
5427,0.3196878135204315,False,0.0
5428,0.009991716593503952,False,0.0
5429,0.4918563961982727,False,0.0
5430,0.91823410987854,True,1.0
5431,0.4932231903076172,False,0.0
5432,0.5177311301231384,False,0.0
5433,0.5069382190704346,False,0.0
5434,0.022764146327972412,False,0.0
5435,0.4195578098297119,False,0.0
5436,0.4959096610546112,True,0.9462910294532776
5437,0.45782801508903503,False,0.0
5438,0.2562498450279236,False,0.0
5439,0.37478363513946533,False,0.0
5440,0.015883058309555054,False,0.0
5441,0.46282386779785156,False,0.0
5442,0.20407609641551971,False,0.0
5443,0.48704907298088074,True,0.9423320293426514
5444,0.46857380867004395,False,0.0
5445,0.3496629595756531,False,0.0
5446,0.008059356361627579,False,0.0
5447,0.4343568980693817,False,0.0
5448,0.4581107795238495,False,0.0
5449,0.32939672470092773,False,0.0
5450,0.47319260239601135,True,0.9100945331156254
5451,0.47272130846977234,False,0.0
5452,0.02893827296793461,False,0.0
5453,0.3950498402118683,False,0.0
5454,0.42356395721435547,False,0.0
5455,0.4364306628704071,False,0.2559199333190918
5456,0.3084706962108612,False,0.0
5457,0.4365249276161194,False,0.0
5458,0.018145335838198662,False,0.0
5459,0.7311513423919678,False,0.0
5460,0.9443286657333374,True,1.0
5461,0.6858071088790894,False,0.0
5462,0.5198991894721985,False,0.0
5463,0.32143163681030273,False,0.0
5464,0.0110285934060812,False,0.0
5465,0.6872308254241943,True,1.0
5466,0.46659430861473083,False,0.0
5467,0.26383787393569946,False,0.0
5468,0.3434416949748993,False,0.0
5469,0.45146533846855164,False,0.0
5470,0.028749749064445496,False,0.0
5471,0.3607858121395111,False,0.0
5472,0.4846925437450409,False,0.0
5473,0.519003689289093,False,0.0
5474,0.3252963721752167,False,0.0
5475,0.4501928389072418,False,0.0
5476,0.010321631096303463,False,0.0
5477,0.5293253064155579,True,1.0
5478,0.32331687211990356,False,0.0
5479,0.5156102776527405,False,0.0
5480,0.513159453868866,False,0.0
5481,0.3474949300289154,False,0.0
5482,0.001743837259709835,False,0.0
5483,0.5116984248161316,False,0.36045587062835693
5484,0.4867662489414215,False,0.0
5485,0.3314704895019531,False,0.0
5486,0.5053829550743103,False,0.0
5487,0.5192393660545349,False,0.0
5488,0.008813448250293732,False,0.0
5489,0.49096089601516724,False,0.0
5490,0.9434351921081543,True,1.0
5491,0.8369675278663635,False,0.0
5492,0.7865321040153503,False,0.0
5493,0.6786026954650879,False,0.0
5494,0.01805107295513153,False,0.0
5495,0.8038240671157837,True,0.620730459690094
5496,0.7547873854637146,False,0.0
5497,0.7213723063468933,False,0.0
5498,0.4934588372707367,False,0.0
5499,0.7152315378189087,False,0.0
5500,0.8981640934944153,True,1.0
5501,0.8157660365104675,False,0.0
5502,0.5298908948898315,False,0.0
5503,0.48959413170814514,False,0.0
5504,0.5011411309242249,False,0.0
5505,0.5294667482376099,False,0.0
5506,0.002262275433167815,False,0.0
5507,0.7749415040016174,True,1.0
5508,0.4576866328716278,False,0.0
5509,0.46027880907058716,False,0.0
5510,0.49006542563438416,False,0.0
5511,0.7514477372169495,False,0.0
5512,0.014610528945922852,False,0.0
5513,0.857464075088501,True,1.0
5514,0.5014239549636841,False,0.0
5515,0.5372433066368103,False,0.0
5516,0.7879357933998108,False,0.0
5517,0.7199771404266357,False,0.0
5518,0.0004241766582708806,False,0.0
5519,0.7205886244773865,False,0.0
5520,0.9971240758895874,True,1.0
5521,0.8527683615684509,False,0.0
5522,0.4114513397216797,False,0.0
5523,0.5075038075447083,False,0.0
5524,0.010887200944125652,False,0.0
5525,0.5437944531440735,True,1.0
5526,0.4961453080177307,False,0.0
5527,0.5349810123443604,False,0.0
5528,0.5386571884155273,False,0.0
5529,0.4606558382511139,False,0.0
5530,0.004760204814374447,False,0.0
5531,0.45542430877685547,False,0.0
5532,0.7467339634895325,True,1.0
5533,0.4192279279232025,False,0.0
5534,0.5256491303443909,False,0.0
5535,0.5510997176170349,False,0.0
5536,0.02210431545972824,False,0.0
5537,0.4755491316318512,False,0.0
5538,0.7214183807373047,True,1.0
5539,0.5033091902732849,False,0.0
5540,0.42445942759513855,False,0.0
5541,0.6753710508346558,False,0.0
5542,0.03299151733517647,False,0.0
5543,0.6802259683609009,True,1.0
5544,0.42907825112342834,False,0.0
5545,0.41409069299697876,False,0.0
5546,0.503544807434082,False,0.0
5547,0.3589005768299103,False,0.0
5548,0.010604416020214558,False,0.0
5549,0.4359593391418457,False,0.0
5550,0.9463201761245728,True,1.0
5551,0.502130925655365,False,0.0
5552,0.5335671305656433,False,0.0
5553,0.516977071762085,False,0.0
5554,0.032944388687610626,False,0.0
5555,0.3819003701210022,False,0.0
5556,0.5293253064155579,True,0.9927618354558945
5557,0.4977477192878723,False,0.0
5558,0.3646034002304077,False,0.0
5559,0.40367481112480164,False,0.0
5560,0.024507982656359673,False,0.0
5561,0.43383845686912537,False,0.11848670244216919
5562,0.37459510564804077,False,0.0
5563,0.4545288681983948,False,0.0
5564,0.4701291024684906,False,0.0
5565,0.29428431391716003,False,0.0
5566,0.015883058309555054,False,0.0
5567,0.3808635175228119,False,0.0
5568,0.5313047766685486,True,1.0
5569,0.3687509000301361,False,0.0
5570,0.5070796012878418,False,0.0
5571,0.4866248667240143,False,0.0
5572,0.021397355943918228,False,0.0
5573,0.3252963721752167,False,0.0
5574,0.41602301597595215,True,0.7892513200640678
5575,0.383314311504364,False,0.0
5576,0.3403310477733612,False,0.0
5577,0.4099903106689453,False,0.0
5578,0.017202720046043396,False,0.0
5579,0.7471938729286194,False,0.0
5580,0.9029062986373901,True,1.0
5581,0.5353580713272095,False,0.0
5582,0.48186466097831726,False,0.0
5583,0.2940015494823456,False,0.0
5584,0.01220686174929142,False,0.0
5585,0.5004813075065613,True,0.9619383625686169
5586,0.4370904564857483,False,0.0
5587,0.25445887446403503,False,0.0
5588,0.34674084186553955,False,0.0
5589,0.4423219859600067,False,0.0
5590,0.019512126222252846,False,0.0
5591,0.2912679612636566,False,0.0
5592,0.5133951306343079,True,0.9886143617331982
5593,0.49030110239982605,False,0.0
5594,0.2853294909000397,False,0.0
5595,0.4091419279575348,False,0.0
5596,0.02446085400879383,False,0.0
5597,0.4587234556674957,True,0.8685252033174038
5598,0.3921748697757721,False,0.0
5599,0.44354739785194397,False,0.0
5600,0.4532563388347626,False,0.0
5601,0.3232226073741913,False,0.0
5602,0.01908794976770878,False,0.0
5603,0.4075395166873932,False,0.0
5604,0.4666414260864258,False,0.2606329321861267
5605,0.3363249599933624,False,0.0
5606,0.43266019225120544,False,0.0
5607,0.7434380650520325,False,0.0
5608,0.03596075251698494,False,0.0
5609,0.4464695155620575,False,0.0
5610,0.943328857421875,True,1.0
5611,0.7200779914855957,False,0.0
5612,0.40112972259521484,False,0.0
5613,0.5373375415802002,False,0.0
5614,0.03138907253742218,False,0.0
5615,0.532907247543335,True,1.0
5616,0.3247779309749603,False,0.0
5617,0.45589563250541687,False,0.0
5618,0.4213959276676178,False,0.0
5619,0.28900569677352905,False,0.0
5620,0.0031106288079172373,False,0.0
5621,0.47074180841445923,True,0.903024934232235
5622,0.41559886932373047,False,0.0
5623,0.3767159879207611,False,0.0
5624,0.3779885470867157,False,0.0
5625,0.4253078103065491,False,0.0
5626,0.01922934129834175,False,0.0
5627,0.3129481077194214,False,0.0
5628,0.4553300440311432,False,0.0
5629,0.5160344839096069,True,0.992290623486042
5630,0.33128196001052856,False,0.0
5631,0.41253533959388733,False,0.0
5632,0.026534605771303177,False,0.0
5633,0.4673483967781067,False,0.0
5634,0.32595619559288025,False,0.0
5635,0.5042517781257629,True,0.9554343447089195
5636,0.4379388391971588,False,0.0
5637,0.3753491938114166,False,0.0
5638,0.019889172166585922,False,0.0
5639,0.3867548406124115,False,0.0
5640,0.9437981843948364,True,1.0
5641,0.48106345534324646,False,0.0
5642,0.4738524556159973,False,0.0
5643,0.4545759856700897,False,0.0
5644,0.029503842815756798,False,0.0
5645,0.24545688927173615,False,0.0
5646,0.3973592519760132,False,0.0
5647,0.4467993676662445,False,0.0
5648,0.26152846217155457,False,0.0
5649,0.4507583677768707,False,0.0
5650,0.030446458607912064,False,0.0
5651,0.5182496309280396,True,0.9774915762245655
5652,0.2750549912452698,False,0.0
5653,0.4294552803039551,False,0.0
5654,0.401318222284317,False,0.0
5655,0.2955568730831146,False,0.0
5656,0.015553143806755543,False,0.0
5657,0.4442543685436249,True,0.8520295470952988
5658,0.41569310426712036,False,0.0
5659,0.3541874885559082,False,0.0
5660,0.32793566584587097,False,0.0
5661,0.35965466499328613,False,0.0
5662,0.018239594995975494,False,0.0
5663,0.29489704966545105,False,0.0
5664,0.3549887239933014,False,0.0
5665,0.4423219859600067,True,0.8472221679985523
5666,0.247813418507576,False,0.0
5667,0.3639906942844391,False,0.0
5668,0.018710901960730553,False,0.0
5669,0.518532395362854,False,0.0
5670,0.8221771717071533,True,1.0
5671,0.6801756620407104,False,0.0
5672,0.49557971954345703,False,0.0
5673,0.2717558443546295,False,0.0
5674,0.012772430665791035,False,0.0
5675,0.4061727225780487,False,0.0
5676,0.36361366510391235,False,0.0
5677,0.23452256619930267,False,0.0
5678,0.4280884861946106,True,0.8269559144973755
5679,0.3671013116836548,False,0.0
5680,0.014610528945922852,False,0.0
5681,0.17061327397823334,False,0.0
5682,0.30323919653892517,False,0.0
5683,0.3569682240486145,False,0.0
5684,0.2644505798816681,False,0.0
5685,0.4268159866333008,False,0.0
5686,0.02728869579732418,False,0.0
5687,0.487661749124527,True,0.9427090287208557
5688,0.25907766819000244,False,0.0
5689,0.3799680173397064,False,0.0
5690,0.3765746057033539,False,0.0
5691,0.27260419726371765,False,0.0
5692,0.01630723476409912,False,0.0
5693,0.4483075737953186,False,0.2493215799331665
5694,0.4357236921787262,False,0.0
5695,0.32364678382873535,False,0.0
5696,0.39061957597732544,False,0.0
5697,0.5277228951454163,False,0.0
5698,0.03195464238524437,False,0.0
5699,0.3218558132648468,False,0.0
5700,0.9189584851264954,True,1.0
5701,0.7341761589050293,False,0.0
5702,0.3037104904651642,False,0.0
5703,0.4083878695964813,False,0.0
5704,0.02903253398835659,False,0.0
5705,0.4431231915950775,False,0.0
5706,0.24163930118083954,False,0.0
5707,0.4675840437412262,True,0.8771030195057392
5708,0.43600645661354065,False,0.0
5709,0.22142021358013153,False,0.0
5710,0.011122854426503181,False,0.0
5711,0.38519951701164246,False,0.0
5712,0.3785540759563446,False,0.0
5713,0.3280770778656006,False,0.0
5714,0.42285701632499695,False,0.0
5715,0.47413522005081177,True,0.8918078169226646
5716,0.031106287613511086,False,0.0
5717,0.27283984422683716,False,0.0
5718,0.3887343108654022,False,0.0
5719,0.41347795724868774,False,0.0
5720,0.3661115765571594,False,0.0
5721,0.43185898661613464,False,0.0
5722,0.028231311589479446,False,0.0
5723,0.534933865070343,True,1.0
5724,0.2539404332637787,False,0.0
5725,0.3881687819957733,False,0.0
5726,0.40457025170326233,False,0.0
5727,0.2689751088619232,False,0.0
5728,0.01616584323346615,False,0.0
5729,0.4348281919956207,False,0.0
5730,0.93796706199646,True,1.0
5731,0.44628095626831055,False,0.0
5732,0.4793667495250702,False,0.0
5733,0.45042848587036133,False,0.0
5734,0.02097317948937416,False,0.0
5735,0.2907966673374176,False,0.0
5736,0.4498157501220703,True,0.8576851412653923
5737,0.4172484576702118,False,0.0
5738,0.26647719740867615,False,0.0
5739,0.3526793420314789,False,0.0
5740,0.014987574890255928,False,0.0
5741,0.42073607444763184,False,0.0
5742,0.298149049282074,False,0.0
5743,0.43737325072288513,False,0.0
5744,0.5299380421638489,True,1.0
5745,0.31304237246513367,False,0.0
5746,0.014422005973756313,False,0.0
5747,0.3802036643028259,False,0.0
5748,0.376338928937912,False,0.0
5749,0.2773644030094147,False,0.0
5750,0.8923889994621277,True,1.0
5751,0.5114628076553345,False,0.0
5752,0.027430091053247452,False,0.0
5753,0.3392941653728485,False,0.0
5754,0.34721216559410095,False,0.0
5755,0.39118513464927673,False,0.15958470106124878
5756,0.31139278411865234,False,0.0
5757,0.41475048661231995,False,0.0
5758,0.0271944347769022,False,0.0
5759,0.449250191450119,False,0.0
5760,0.9534091353416443,True,1.0
5761,0.7126462459564209,False,0.0
5762,0.369457870721817,False,0.0
5763,0.43949413299560547,False,0.0
5764,0.024696506559848785,False,0.0
5765,0.44906169176101685,False,0.0
5766,0.203369140625,False,0.0
5767,0.4623053967952728,True,0.8752177804708481
5768,0.4167771339416504,False,0.0
5769,0.21600018441677094,False,0.0
5770,0.0032520208042114973,False,0.0
5771,0.3219972252845764,False,0.0
5772,0.3089419901371002,False,0.0
5773,0.15482448041439056,False,0.0
5774,0.41281816363334656,False,0.0
5775,0.42780572175979614,True,0.8184724189341068
5776,0.02380102314054966,False,0.0
5777,0.27005913853645325,False,0.0
5778,0.3540932536125183,False,0.0
5779,0.3732754588127136,False,0.0
5780,0.30356907844543457,False,0.0
5781,0.40400466322898865,False,0.0
5782,0.01856951229274273,False,0.0
5783,0.47922536730766296,True,0.9189551770687103
5784,0.22834841907024384,False,0.0
5785,0.3733697235584259,False,0.0
5786,0.39076095819473267,False,0.0
5787,0.2421577274799347,False,0.0
5788,0.0197477787733078,False,0.0
5789,0.4408137798309326,False,0.0
5790,0.9308153390884399,True,1.0
5791,0.4647091031074524,False,0.0
5792,0.4958624839782715,False,0.0
5793,0.483325719833374,False,0.0
5794,0.02554486133158207,False,0.0
5795,0.27849552035331726,False,0.0
5796,0.545632541179657,True,1.0
5797,0.43506383895874023,False,0.0
5798,0.2727927267551422,False,0.0
5799,0.3730398118495941,False,0.0
5800,0.01805107295513153,False,0.0
5801,0.42285701632499695,False,0.0
5802,0.20841212570667267,False,0.0
5803,0.46235257387161255,False,0.0
5804,0.46315374970436096,True,0.8902053534984589
5805,0.29810193181037903,False,0.0
5806,0.006786826532334089,False,0.0
5807,0.4022137224674225,False,0.0
5808,0.3955211639404297,False,0.0
5809,0.28047502040863037,False,0.0
5810,0.47126027941703796,False,0.0
5811,0.483325719833374,True,0.9116970002651215
5812,0.027477219700813293,False,0.0
5813,0.32793566584587097,False,0.0
5814,0.40216660499572754,False,0.0
5815,0.39603957533836365,False,0.0
5816,0.3021080195903778,False,0.0
5817,0.4942600727081299,False,0.0
5818,0.02380102314054966,False,0.0
5819,0.7048576474189758,False,0.0
5820,0.8940386772155762,True,1.0
5821,0.5411080121994019,False,0.0
5822,0.4946371018886566,False,0.0
5823,0.3623882532119751,False,0.0
5824,0.015788797289133072,False,0.0
5825,0.5261204242706299,True,1.0
5826,0.4389285743236542,False,0.0
5827,0.26647719740867615,False,0.0
5828,0.3798266351222992,False,0.0
5829,0.3956625461578369,False,0.0
5830,0.03228455409407616,False,0.0
5831,0.21463337540626526,False,0.0
5832,0.43185898661613464,False,0.0
5833,0.4545288681983948,False,0.0
5834,0.25262075662612915,False,0.0
5835,0.45646119117736816,True,0.848353274166584
5836,0.02314119227230549,False,0.0
5837,0.42516636848449707,False,0.0
5838,0.32435375452041626,False,0.0
5839,0.43935275077819824,False,0.0
5840,0.46084436774253845,True,0.8754063509404659
5841,0.37643322348594666,False,0.0
5842,0.018333857879042625,False,0.0
5843,0.41305381059646606,False,0.0
5844,0.4128652513027191,False,0.0
5845,0.30342769622802734,False,0.0
5846,0.445574015378952,False,0.0
5847,0.5662758350372314,False,0.0
5848,0.026864519342780113,False,0.0
5849,0.3376446068286896,False,0.0
5850,0.9269535541534424,True,1.0
5851,0.7086873650550842,False,0.0
5852,0.3794495761394501,False,0.0
5853,0.5696220993995667,False,0.0
5854,0.03478248417377472,False,0.0
5855,0.5002456903457642,True,0.9309264123439789
5856,0.27434802055358887,False,0.0
5857,0.39651089906692505,False,0.0
5858,0.40103545784950256,False,0.0
5859,0.29673513770103455,False,0.0
5860,0.003911851439625025,False,0.0
5861,0.5413908362388611,True,1.0
5862,0.44595104455947876,False,0.0
5863,0.318368136882782,False,0.0
5864,0.38868722319602966,False,0.0
5865,0.5225384831428528,False,0.0
5866,0.028042791411280632,False,0.0
5867,0.2860364615917206,False,0.0
5868,0.49944445490837097,True,0.9428033269941807
5869,0.4823831021785736,False,0.0
5870,0.31846240162849426,False,0.0
5871,0.4455268979072571,False,0.0
5872,0.020171955227851868,False,0.0
5873,0.47550201416015625,False,0.0
5874,0.3207246959209442,False,0.0
5875,0.47653889656066895,True,0.9127338826656342
5876,0.4532563388347626,False,0.0
5877,0.37921392917633057,False,0.0
5878,0.01687280461192131,False,0.0
5879,0.38585934042930603,False,0.0
5880,0.9316588640213013,True,1.0
5881,0.5097660422325134,False,0.0
5882,0.523292601108551,False,0.0
5883,0.5746179819107056,False,0.0
5884,0.033368565142154694,False,0.0
5885,0.3219972252845764,False,0.0
5886,0.4481661915779114,False,0.0
5887,0.43506383895874023,False,0.0
5888,0.28693196177482605,False,0.0
5889,0.5311633944511414,True,0.9955896586179733
5890,0.026440342888236046,False,0.0
5891,0.5294196009635925,False,0.0
5892,0.3156345784664154,False,0.0
5893,0.439211368560791,False,0.0
5894,0.4466579854488373,False,0.0
5895,0.385388046503067,False,0.0
5896,0.020784655585885048,False,0.0
5897,0.5305507183074951,True,1.0
5898,0.4730983376502991,False,0.0
5899,0.3581464886665344,False,0.0
5900,0.3989145755767822,False,0.0
5901,0.5164114832878113,False,0.0
5902,0.026911651715636253,False,0.0
5903,0.32086607813835144,False,0.0
5904,0.5152803659439087,True,0.9609014987945557
5905,0.4990202486515045,False,0.0
5906,0.3085649609565735,False,0.0
5907,0.5059013366699219,False,0.0
5908,0.03482961654663086,False,0.0
5909,0.5644848346710205,False,0.0
5910,0.9405989646911621,True,1.0
5911,0.749749481678009,False,0.0
5912,0.5635422468185425,False,0.0
5913,0.39792484045028687,False,0.0
5914,0.019889172166585922,False,0.0
5915,0.5357350707054138,True,1.0
5916,0.47229716181755066,False,0.0
5917,0.3307635486125946,False,0.0
5918,0.5156574249267578,False,0.0
5919,0.5018481016159058,False,0.0
5920,0.03379274159669876,False,0.0
5921,0.36243537068367004,False,0.0
5922,0.4581579267978668,False,0.0
5923,0.5004813075065613,False,0.0
5924,0.3957568109035492,False,0.0
5925,0.5241409540176392,False,0.0
5926,0.030305063351988792,False,0.0
5927,0.775474488735199,True,1.0
5928,0.3922691345214844,False,0.0
5929,0.44086095690727234,False,0.0
5930,0.5019423365592957,False,0.0
5931,0.418520987033844,False,0.0
5932,0.021774401888251305,False,0.0
5933,0.7311273217201233,True,1.0
5934,0.5200405716896057,False,0.0
5935,0.40504154562950134,False,0.0
5936,0.4601845443248749,False,0.0
5937,0.7289677262306213,False,0.0
5938,0.032944388687610626,False,0.0
5939,0.5168828368186951,False,0.0
5940,0.941175639629364,True,1.0
5941,0.8299827575683594,False,0.0
5942,0.47559627890586853,False,0.0
5943,0.5507698059082031,False,0.0
5944,0.027712872251868248,False,0.0
5945,0.72548508644104,True,1.0
5946,0.3637550473213196,False,0.0
5947,0.553597629070282,False,0.0
5948,0.523292601108551,False,0.0
5949,0.3565911650657654,False,0.0
5950,0.009708932600915432,False,0.0
5951,0.5024136900901794,False,0.0
5952,0.5014239549636841,False,0.0
5953,0.37732869386672974,False,0.0
5954,0.5568025708198547,False,0.0
5955,0.7265750169754028,True,1.0
5956,0.022151445969939232,False,0.0
5957,0.46682998538017273,False,0.0
5958,0.49204492568969727,False,0.0
5959,0.5042046904563904,False,0.0
5960,0.47097745537757874,False,0.0
5961,0.549921452999115,False,0.0
5962,0.030917763710021973,False,0.0
5963,0.7770429253578186,True,1.0
5964,0.38585934042930603,False,0.0
5965,0.4728155732154846,False,0.0
5966,0.4889342784881592,False,0.0
5967,0.4165414869785309,False,0.0
5968,0.01428061444312334,False,0.0
5969,0.5446428656578064,False,0.0
5970,0.9591408967971802,True,1.0
5971,0.7261725664138794,False,0.0
5972,0.7182751297950745,False,0.0
5973,0.7469332814216614,False,0.0
5974,0.041616443544626236,False,0.0
5975,0.5241881012916565,False,0.0
5976,0.7309538125991821,True,1.0
5977,0.5407309532165527,False,0.0
5978,0.3860478699207306,False,0.0
5979,0.46753692626953125,False,0.0
5980,0.023612499237060547,False,0.0
5981,0.7655811309814453,True,1.0
5982,0.4091419279575348,False,0.0
5983,0.5760790109634399,False,0.0
5984,0.5596303939819336,False,0.0
5985,0.47818848490715027,False,0.0
5986,0.02912679687142372,False,0.0
5987,0.5350281596183777,False,0.0
5988,0.5112271308898926,False,0.0
5989,0.4299266040325165,False,0.0
5990,0.54304039478302,False,0.0
5991,0.5681139230728149,True,1.0
5992,0.031200548633933067,False,0.0
5993,0.4936945140361786,False,0.0
5994,0.49077239632606506,False,0.0
5995,0.5211717486381531,False,0.0
5996,0.4134308397769928,False,0.0
5997,0.5571796298027039,False,0.0
5998,0.027477219700813293,False,0.0
5999,0.8379819393157959,False,0.0
6000,0.8950841426849365,True,1.0
6001,0.7500256299972534,False,0.0
6002,0.567548394203186,False,0.0
6003,0.39872604608535767,False,0.0
6004,0.009756063111126423,False,0.0
6005,0.7976466417312622,True,1.0
6006,0.5262147188186646,False,0.0
6007,0.3650275766849518,False,0.0
6008,0.4673483967781067,False,0.0
6009,0.4991145133972168,False,0.0
6010,0.029409581795334816,False,0.0
6011,0.4550943970680237,False,0.0
6012,0.5098603367805481,False,0.0
6013,0.5618926882743835,False,0.0
6014,0.4206889569759369,False,0.0
6015,0.49444857239723206,False,0.0
6016,0.023565368726849556,False,0.0
6017,0.7157411575317383,True,1.0
6018,0.3842097818851471,False,0.0
6019,0.7009627819061279,False,0.0
6020,0.5658045411109924,False,0.0
6021,0.4059370458126068,False,0.0
6022,0.0110285934060812,False,0.0
6023,0.44731783866882324,False,0.0
6024,0.5509111881256104,False,0.2516780495643616
6025,0.42507216334342957,False,0.0
6026,0.5149033069610596,False,0.0
6027,0.7750824689865112,False,0.0
6028,0.027147306129336357,False,0.0
6029,0.508399248123169,False,0.0
6030,0.9758974313735962,True,1.0
6031,0.7758126854896545,False,0.0
6032,0.39094945788383484,False,0.0
6033,0.7172613739967346,False,0.0
6034,0.02431946061551571,False,0.0
6035,0.5393170714378357,True,1.0
6036,0.40480589866638184,False,0.0
6037,0.4328486919403076,False,0.0
6038,0.4781413674354553,False,0.0
6039,0.37662172317504883,False,0.0
6040,0.010840069502592087,False,0.0
6041,0.5297966599464417,False,0.0
6042,0.7221645712852478,True,1.0
6043,0.40320345759391785,False,0.0
6044,0.49953871965408325,False,0.0
6045,0.5192393660545349,False,0.0
6046,0.019936302676796913,False,0.0
6047,0.4404367506504059,False,0.0
6048,0.731690526008606,True,1.0
6049,0.5199934840202332,False,0.0
6050,0.3809577524662018,False,0.0
6051,0.4954383373260498,False,0.0
6052,0.02559198997914791,False,0.0
6053,0.5043931603431702,False,0.10378187894821167
6054,0.45250222086906433,False,0.0
6055,0.5020837187767029,False,0.0
6056,0.5327658653259277,False,0.0
6057,0.45273786783218384,False,0.0
6058,0.015553143806755543,False,0.0
6059,0.422197163105011,False,0.0
6060,0.9932063221931458,True,1.0
6061,0.5394584536552429,False,0.0
6062,0.5409194827079773,False,0.0
6063,0.5157045722007751,False,0.0
6064,0.029409581795334816,False,0.0
6065,0.340189665555954,False,0.0
6066,0.4576394557952881,False,0.2534690499305725
6067,0.45297351479530334,False,0.0
6068,0.33090493083000183,False,0.0
6069,0.5106615424156189,False,0.0
6070,0.022764146327972412,False,0.0
6071,0.5247536301612854,True,1.0
6072,0.42375245690345764,False,0.0
6073,0.42356395721435547,False,0.0
6074,0.4966637194156647,False,0.0
6075,0.34768345952033997,False,0.0
6076,0.004760204814374447,False,0.0
6077,0.5227741599082947,False,0.0
6078,0.5525136590003967,True,1.0
6079,0.36615869402885437,False,0.0
6080,0.4396826922893524,False,0.0
6081,0.5061370134353638,False,0.0
6082,0.027430091053247452,False,0.0
6083,0.3578636944293976,False,0.0
6084,0.5226327776908875,True,0.99040537327528
6085,0.5002456903457642,False,0.0
6086,0.3582407534122467,False,0.0
6087,0.45415177941322327,False,0.0
6088,0.011876946315169334,False,0.0
6089,0.5642492175102234,False,0.0
6090,0.9942480325698853,True,1.0
6091,0.7708216309547424,False,0.0
6092,0.5593475699424744,False,0.0
6093,0.3880273699760437,False,0.0
6094,0.013762176036834717,False,0.0
6095,0.44580966234207153,False,0.0
6096,0.49699363112449646,False,0.0
6097,0.32572051882743835,False,0.0
6098,0.49732357263565063,True,0.9597704000771046
6099,0.4659816324710846,False,0.0
6100,0.01743837259709835,False,0.0
6101,0.3687509000301361,False,0.0
6102,0.4439244270324707,False,0.0
6103,0.4552358090877533,False,0.0
6104,0.35560142993927,False,0.0
6105,0.48982977867126465,False,0.0
6106,0.02158587984740734,False,0.0
6107,0.5234810709953308,True,1.0
6108,0.408812016248703,False,0.0
6109,0.4232340455055237,False,0.0
6110,0.46070295572280884,False,0.0
6111,0.3786954879760742,False,0.0
6112,0.01753263548016548,False,0.0
6113,0.47644463181495667,False,0.0
6114,0.5273458361625671,True,1.0
6115,0.3314233720302582,False,0.0
6116,0.39872604608535767,False,0.0
6117,0.3963695168495178,False,0.0
6118,0.018852295354008675,False,0.0
6119,0.41107431054115295,False,0.0
6120,0.98245769739151,True,1.0
6121,0.7480065226554871,False,0.0
6122,0.3343454599380493,False,0.0
6123,0.44458428025245667,False,0.0
6124,0.03072923980653286,False,0.0
6125,0.44708219170570374,False,0.0
6126,0.2560141980648041,False,0.0
6127,0.5159401893615723,True,0.9704218991100788
6128,0.43831586837768555,False,0.0
6129,0.27562054991722107,False,0.0
6130,0.00904910173267126,False,0.0
6131,0.3883572816848755,False,0.0
6132,0.41800251603126526,False,0.0
6133,0.3994329869747162,False,0.0
6134,0.4483075737953186,False,0.0
6135,0.48276016116142273,True,0.9204633347690105
6136,0.022528493776917458,False,0.0
6137,0.28598931431770325,False,0.0
6138,0.37596189975738525,False,0.0
6139,0.45320916175842285,False,0.0
6140,0.3110157549381256,False,0.0
6141,0.4154103398323059,False,0.0
6142,0.022858409211039543,False,0.0
6143,0.4901125431060791,True,0.9621268827468157
6144,0.31129851937294006,False,0.0
6145,0.3954268991947174,False,0.0
6146,0.41409069299697876,False,0.0
6147,0.3360421657562256,False,0.0
6148,0.006362650077790022,False,0.0
6149,0.4205946922302246,False,0.0
6150,0.9605201482772827,True,1.0
6151,0.524470865726471,False,0.0
6152,0.46060872077941895,False,0.0
6153,0.49732357263565063,False,0.0
6154,0.03421691805124283,False,0.0
6155,0.264544814825058,False,0.0
6156,0.4574038088321686,False,0.0
6157,0.5080693960189819,True,0.9473279118537903
6158,0.2880159318447113,False,0.0
6159,0.42229142785072327,False,0.0
6160,0.03440544009208679,False,0.0
6161,0.49350595474243164,False,0.0
6162,0.2993273437023163,False,0.0
6163,0.5469051003456116,True,1.0
6164,0.5314462184906006,False,0.0
6165,0.35480019450187683,False,0.0
6166,0.020454740151762962,False,0.0
6167,0.4286540448665619,False,0.0
6168,0.42582622170448303,False,0.0
6169,0.3901011347770691,False,0.0
6170,0.4454326331615448,False,0.0
6171,0.5098603367805481,False,0.0
6172,0.03242595121264458,False,0.0
6173,0.31888657808303833,False,0.0
6174,0.3636607825756073,False,0.0
6175,0.5220200419425964,True,1.0
6176,0.3619169592857361,False,0.0
6177,0.4375617504119873,False,0.0
6178,0.019276471808552742,False,0.0
6179,0.7214152216911316,False,0.0
6180,0.9617587327957153,True,1.0
6181,0.7281963229179382,False,0.0
6182,0.5250364542007446,False,0.0
6183,0.3709660470485687,False,0.0
6184,0.021397355943918228,False,0.0
6185,0.4886043667793274,True,0.9344140216708183
6186,0.4490145146846771,False,0.0
6187,0.32204434275627136,False,0.0
6188,0.33255448937416077,False,0.0
6189,0.42134881019592285,False,0.0
6190,0.019559256732463837,False,0.0
6191,0.3284069895744324,False,0.0
6192,0.44317030906677246,False,0.0
6193,0.720196008682251,True,1.0
6194,0.33217746019363403,False,0.0
6195,0.3954268991947174,False,0.0
6196,0.022434232756495476,False,0.0
6197,0.5107086896896362,False,0.0
6198,0.3797323405742645,False,0.0
6199,0.4665471613407135,False,0.0
6200,0.5173541307449341,True,0.9898397959768772
6201,0.3293496072292328,False,0.0
6202,0.01626010425388813,False,0.0
6203,0.4429818093776703,False,0.0
6204,0.43949413299560547,False,0.0
6205,0.43647775053977966,False,0.0
6206,0.45839357376098633,False,0.0
6207,0.710200309753418,False,0.0
6208,0.03497100993990898,False,0.0
6209,0.39307036995887756,False,0.0
6210,0.9320560097694397,True,1.0
6211,0.7037861943244934,False,0.0
6212,0.36728984117507935,False,0.0
6213,0.5218786597251892,False,0.0
6214,0.039778344333171844,False,0.0
6215,0.5342740416526794,True,0.9889913946390152
6216,0.28716760873794556,False,0.0
6217,0.3839741349220276,False,0.0
6218,0.45773372054100037,False,0.0
6219,0.2993273437023163,False,0.0
6220,0.010038848035037518,False,0.0
6221,0.5384215712547302,True,1.0
6222,0.4887457489967346,False,0.0
6223,0.4009883403778076,False,0.0
6224,0.4758319556713104,False,0.0
6225,0.5016595721244812,False,0.0
6226,0.03322717174887657,False,0.0
6227,0.3982076346874237,False,0.0
6228,0.4711659848690033,False,0.0
6229,0.5437944531440735,False,0.0
6230,0.5014710426330566,False,0.0
6231,0.45782801508903503,False,0.0
6232,0.02271701581776142,False,0.0
6233,0.5479419827461243,False,0.30173105001449585
6234,0.39707645773887634,False,0.0
6235,0.46489760279655457,False,0.0
6236,0.7336055636405945,False,0.0
6237,0.3700234293937683,False,0.0
6238,0.012018337845802307,False,0.0
6239,0.42827701568603516,False,0.0
6240,0.9401497840881348,True,1.0
6241,0.5149033069610596,False,0.0
6242,0.5629766583442688,False,0.0
6243,0.561562716960907,False,0.0
6244,0.03416978567838669,False,0.0
6245,0.32605046033859253,False,0.0
6246,0.4315761625766754,False,0.0
6247,0.47573766112327576,False,0.0
6248,0.34961581230163574,False,0.0
6249,0.4971350133419037,False,0.0
6250,0.8944834470748901,True,1.0
6251,0.5487431883811951,False,0.0
6252,0.3807692229747772,False,0.0
6253,0.42700448632240295,False,0.0
6254,0.5558599829673767,False,0.0
6255,0.346081018447876,False,0.0
6256,0.005938473157584667,False,0.0
6257,0.5170713663101196,False,0.0
6258,0.5259318947792053,True,0.9877659827470779
6259,0.4081993103027344,False,0.0
6260,0.5152332186698914,False,0.0
6261,0.5218315124511719,False,0.0
6262,0.03204890340566635,False,0.0
6263,0.40636125206947327,False,0.0
6264,0.4965694546699524,False,0.0
6265,0.5326716303825378,True,1.0
6266,0.45042848587036133,False,0.0
6267,0.42813563346862793,False,0.0
6268,0.023376846686005592,False,0.0
6269,0.6046402454376221,False,0.0
6270,0.9638743996620178,True,1.0
6271,0.5762204527854919,False,0.0
6272,0.5592533946037292,False,0.0
6273,0.3246365487575531,False,0.0
6274,0.01908794976770878,False,0.0
6275,0.41786113381385803,False,0.0
6276,0.4357236921787262,False,0.0
6277,0.30667969584465027,False,0.0
6278,0.4968993663787842,True,0.9498728848993778
6279,0.4668770730495453,False,0.0
6280,0.021962923929095268,False,0.0
6281,0.2648276090621948,False,0.0
6282,0.42460083961486816,False,0.0
6283,0.4764917492866516,False,0.0
6284,0.4577808380126953,False,0.0
6285,0.4896412491798401,True,0.9185781069099903
6286,0.030352195724844933,False,0.0
6287,0.5723085403442383,False,0.0
6288,0.3531506359577179,False,0.0
6289,0.40065842866897583,False,0.0
6290,0.5761261582374573,True,1.0
6291,0.4041932225227356,False,0.0
6292,0.01428061444312334,False,0.0
6293,0.48808595538139343,False,0.0
6294,0.5215487480163574,False,0.0
6295,0.34339457750320435,False,0.0
6296,0.5134894251823425,False,0.0
6297,0.7626234292984009,False,0.0
6298,0.02841983549296856,False,0.0
6299,0.4307749271392822,False,0.0
6300,0.9918078780174255,True,1.0
6301,0.6187323331832886,False,0.0
6302,0.4127238690853119,False,0.0
6303,0.4694221615791321,False,0.0
6304,0.027053043246269226,False,0.0
6305,0.4856351315975189,False,0.0
6306,0.31360793113708496,False,0.0
6307,0.5004813075065613,False,0.0
6308,0.5530792474746704,True,1.0
6309,0.31035590171813965,False,0.0
6310,0.001508183660916984,False,0.0
6311,0.4928932785987854,False,0.0
6312,0.49096089601516724,False,0.0
6313,0.3405667245388031,False,0.0
6314,0.7729660272598267,True,1.0
6315,0.5571796298027039,False,0.0
6316,0.02837270498275757,False,0.0
6317,0.35263219475746155,False,0.0
6318,0.4384572505950928,False,0.0
6319,0.4948256015777588,False,0.0
6320,0.4510882794857025,False,0.0
6321,0.5470936298370361,False,0.0
6322,0.0297394972294569,False,0.0
6323,0.5912551283836365,True,1.0
6324,0.3750664293766022,False,0.0
6325,0.46027880907058716,False,0.0
6326,0.4993501603603363,False,0.0
6327,0.4888400137424469,False,0.0
6328,0.0,False,0.0
6329,0.48912283778190613,False,0.0
6330,0.9827117323875427,True,1.0
6331,0.5694336295127869,False,0.0
6332,0.5911137461662292,False,0.0
6333,0.609965980052948,False,0.0
6334,0.032944388687610626,False,0.0
6335,0.3882630169391632,False,0.0
6336,0.5885215401649475,False,0.0
6337,0.538280189037323,False,0.0
6338,0.38105201721191406,False,0.0
6339,0.5929518342018127,True,1.0
6340,0.026251820847392082,False,0.0
6341,0.5635422468185425,False,0.0
6342,0.4279942512512207,False,0.0
6343,0.6088820099830627,False,0.0
6344,0.619627833366394,True,1.0
6345,0.5428990125656128,False,0.0
6346,0.018192464485764503,False,0.0
6347,0.5157045722007751,False,0.0
6348,0.5222086310386658,False,0.0
6349,0.4053714871406555,False,0.0
6350,0.5392699241638184,False,0.0
6351,0.8448060750961304,True,1.0
6352,0.025356337428092957,False,0.0
6353,0.4159758985042572,False,0.0
6354,0.5177311301231384,False,0.0
6355,0.5298437476158142,False,0.0
6356,0.4262504279613495,False,0.0
6357,0.6019538044929504,False,0.0
6358,0.021633008494973183,False,0.0
6359,0.8041660189628601,False,0.0
6360,0.9986093640327454,True,1.0
6361,0.8264610767364502,False,0.0
6362,0.6116155982017517,False,0.0
6363,0.4753134846687317,False,0.0
6364,0.009661801159381866,False,0.0
6365,0.6142078042030334,False,0.0
6366,0.606289803981781,False,0.0
6367,0.43671342730522156,False,0.0
6368,0.5346981883049011,False,0.0
6369,0.6220785975456238,True,1.0
6370,0.02554486133158207,False,0.0
6371,0.45702677965164185,False,0.0
6372,0.5756548643112183,False,0.0
6373,0.6073266863822937,False,0.0
6374,0.4705061614513397,False,0.0
6375,0.6222671866416931,True,1.0
6376,0.02144448645412922,False,0.0
6377,0.5550115704536438,False,0.0
6378,0.4188980162143707,False,0.0
6379,0.6150561571121216,False,0.0
6380,0.5553886294364929,False,0.0
6381,0.5680667757987976,False,0.0
6382,0.005891342181712389,False,0.0
6383,0.480167955160141,False,0.0
6384,0.5490259528160095,False,0.0
6385,0.4219615161418915,False,0.0
6386,0.575513482093811,False,0.0
6387,0.8241063952445984,False,0.0
6388,0.011217116378247738,False,0.0
6389,0.4686209261417389,False,0.0
6390,0.9998465180397034,True,1.0
6391,0.8572266101837158,False,0.0
6392,0.8356083035469055,False,0.0
6393,0.9014226198196411,False,0.0
6394,0.015883058309555054,False,0.0
6395,0.5723085403442383,False,0.0
6396,0.5311633944511414,False,0.0
6397,0.42158445715904236,False,0.0
6398,0.589888334274292,False,0.0
6399,0.825168251991272,True,1.0
6400,0.032237425446510315,False,0.0
6401,0.5138193368911743,False,0.0
6402,0.5976178050041199,False,0.0
6403,0.3915150463581085,False,0.0
6404,0.5906895399093628,False,0.0
6405,0.8253078460693359,True,1.0
6406,0.017768288031220436,False,0.0
6407,0.43737325072288513,False,0.0
6408,0.48252448439598083,False,0.0
6409,0.5438416004180908,False,0.0
6410,0.4192279279232025,False,0.0
6411,0.842975378036499,True,1.0
6412,0.02493216097354889,False,0.0
6413,0.522350013256073,False,0.0
6414,0.44284042716026306,False,0.0
6415,0.48026224970817566,False,0.0
6416,0.5453026294708252,False,0.0
6417,0.4194636046886444,False,0.0
6418,0.00815361738204956,False,0.0
6419,0.532907247543335,False,0.0
6420,0.9733037352561951,True,1.0
6421,0.5329543948173523,False,0.0
6422,0.5407309532165527,False,0.0
6423,0.6073266863822937,False,0.0
6424,0.017108459025621414,False,0.0
6425,0.5146676898002625,False,0.0
6426,0.5512410998344421,False,0.0
6427,0.5906423926353455,False,0.0
6428,0.4568853974342346,False,0.0
6429,0.5460567474365234,False,0.0
6430,0.027571482583880424,False,0.0
6431,0.6008698344230652,True,1.0
6432,0.3711545765399933,False,0.0
6433,0.5613742470741272,False,0.0
6434,0.5821588635444641,False,0.0
6435,0.44533833861351013,False,0.0
6436,0.013196607120335102,False,0.0
6437,0.5932817459106445,True,1.0
6438,0.5354052186012268,False,0.0
6439,0.47064754366874695,False,0.0
6440,0.5666999816894531,False,0.0
6441,0.5885686278343201,False,0.0
6442,0.018852295354008675,False,0.0
6443,0.49491986632347107,False,0.0
6444,0.5121225714683533,False,0.0
6445,0.539222776889801,False,0.21029728651046753
6446,0.43407413363456726,False,0.0
6447,0.5583106875419617,False,0.0
6448,0.01220686174929142,False,0.0
6449,0.863193154335022,False,0.0
6450,0.9618601202964783,True,1.0
6451,0.8024631142616272,False,0.0
6452,0.4254020154476166,False,0.0
6453,0.7904455065727234,False,0.0
6454,0.025921905413269997,False,0.0
6455,0.9039568901062012,True,1.0
6456,0.4072096049785614,False,0.0
6457,0.564909040927887,False,0.0
6458,0.5353109240531921,False,0.0
6459,0.5076451897621155,False,0.0
6460,0.011405638419091702,False,0.0
6461,0.8491950631141663,True,1.0
6462,0.5708003640174866,False,0.0
6463,0.49906739592552185,False,0.0
6464,0.5386571884155273,False,0.0
6465,0.5972878336906433,False,0.0
6466,0.011924076825380325,False,0.0
6467,0.519003689289093,False,0.0
6468,0.5660873055458069,False,0.0
6469,0.5666057467460632,False,0.0
6470,0.4414736330509186,False,0.0
6471,0.5235753655433655,False,0.0
6472,0.010463024489581585,False,0.0
6473,0.5860236287117004,True,1.0
6474,0.44156789779663086,False,0.0
6475,0.5426633358001709,False,0.0
6476,0.5738639235496521,False,0.0
6477,0.4623053967952728,False,0.0
6478,0.0011311377165839076,False,0.0
6479,0.5236696600914001,False,0.0
6480,0.9989724159240723,True,1.0
6481,0.6088349223136902,False,0.0
6482,0.4072096049785614,False,0.0
6483,0.5775400996208191,False,0.0
6484,0.01630723476409912,False,0.0
6485,0.5898411870002747,True,1.0
6486,0.3966994285583496,False,0.0
6487,0.5492145419120789,False,0.0
6488,0.588804304599762,False,0.0
6489,0.48092204332351685,False,0.0
6490,0.011829814873635769,False,0.0
6491,0.5861178636550903,True,1.0
6492,0.475360631942749,False,0.0
6493,0.46428489685058594,False,0.0
6494,0.553597629070282,False,0.0
6495,0.5565668940544128,False,0.0
6496,0.02158587984740734,False,0.0
6497,0.5052886605262756,False,0.0
6498,0.47734013199806213,False,0.0
6499,0.5660873055458069,False,0.0
6500,0.8964501619338989,True,1.0
6501,0.583007276058197,False,0.0
6502,0.010840069502592087,False,0.0
6503,0.5847039222717285,False,0.0
6504,0.426344633102417,False,0.0
6505,0.548978865146637,False,0.24526846408843994
6506,0.5437473654747009,False,0.0
6507,0.47781142592430115,False,0.0
6508,0.0004241766582708806,False,0.0
6509,0.5749478936195374,False,0.0
6510,0.9978204965591431,True,1.0
6511,0.6124168038368225,False,0.0
6512,0.6060070395469666,False,0.0
6513,0.6225499510765076,False,0.0
6514,0.020549003034830093,False,0.0
6515,0.4973706901073456,False,0.0
6516,0.6114742159843445,False,0.0
6517,0.6748650670051575,True,1.0
6518,0.4507583677768707,False,0.0
6519,0.6231626272201538,False,0.0
6520,0.026864519342780113,False,0.0
6521,0.5953083634376526,False,0.0
6522,0.5427104830741882,False,0.0
6523,0.6197692155838013,False,0.0
6524,0.6297609210014343,False,0.0
6525,0.5802736282348633,False,0.0
6526,0.0225756224244833,False,0.0
6527,0.5548701882362366,False,0.0
6528,0.6579922437667847,True,1.0
6529,0.5234810709953308,False,0.0
6530,0.5937530398368835,False,0.0
6531,0.6222671866416931,False,0.0
6532,0.01536461990326643,False,0.0
6533,0.4697991907596588,False,0.0
6534,0.6067611575126648,True,1.0
6535,0.556236982345581,False,0.0
6536,0.4911494255065918,False,0.0
6537,0.602000892162323,False,0.0
6538,0.024036675691604614,False,0.0
6539,0.673969566822052,False,0.0
6540,1.0,True,1.0
6541,0.8891158699989319,False,0.0
6542,0.5352166891098022,False,0.0
6543,0.8712693452835083,False,0.0
6544,0.028231311589479446,False,0.0
6545,0.8460708260536194,True,1.0
6546,0.5824887752532959,False,0.0
6547,0.6269330978393555,False,0.0
6548,0.6245765089988708,False,0.0
6549,0.5281470417976379,False,0.0
6550,0.01041589304804802,False,0.0
6551,0.6615270972251892,False,0.0
6552,0.6771273016929626,True,1.0
6553,0.5203233361244202,False,0.0
6554,0.5981361865997314,False,0.0
6555,0.6685023903846741,False,0.0
6556,0.01965351775288582,False,0.0
6557,0.5665585994720459,False,0.0
6558,0.6714245080947876,True,1.0
6559,0.6261318922042847,False,0.0
6560,0.5169299244880676,False,0.0
6561,0.6108143925666809,False,0.0
6562,0.013243737630546093,False,0.0
6563,0.6246708035469055,True,1.0
6564,0.5910194516181946,False,0.0
6565,0.5886629223823547,False,0.0
6566,0.6210889220237732,False,0.0
6567,0.5269216895103455,False,0.0
6568,0.012960952706634998,False,0.0
6569,0.5321060419082642,False,0.0
6570,1.0,True,1.0
6571,0.6598303318023682,False,0.0
6572,0.6670413613319397,False,0.0
6573,0.8944215178489685,False,0.0
6574,0.02620469033718109,False,0.0
6575,0.5702819228172302,False,0.0
6576,0.9122397303581238,True,1.0
6577,0.658369243144989,False,0.0
6578,0.6108614802360535,False,0.0
6579,0.8313916325569153,False,0.0
6580,0.023659629747271538,False,0.0
6581,0.8452358245849609,True,1.0
6582,0.6387157440185547,False,0.0
6583,0.6143491864204407,False,0.0
6584,0.668125331401825,False,0.0
6585,0.6136893630027771,False,0.0
6586,0.021114571020007133,False,0.0
6587,0.6570025086402893,False,0.0
6588,0.9393870830535889,True,1.0
6589,0.5521837472915649,False,0.0
6590,0.6455497145652771,False,0.0
6591,0.8518367409706116,False,0.0
6592,0.02083178609609604,False,0.0
6593,0.5283827185630798,False,0.0
6594,0.8874961733818054,True,1.0
6595,0.6758076548576355,False,0.0
6596,0.5402596592903137,False,0.0
6597,0.6140663623809814,False,0.0
6598,0.01753263548016548,False,0.0
6599,0.6598774790763855,False,0.0
6600,0.9998827576637268,True,1.0
6601,0.9029951095581055,False,0.0
6602,0.8572338819503784,False,0.0
6603,0.54195636510849,False,0.0
6604,0.015081836842000484,False,0.0
6605,0.6034148335456848,False,0.0
6606,0.6614798903465271,False,0.0
6607,0.5406367182731628,False,0.0
6608,0.6694449782371521,False,0.0
6609,0.6782113313674927,True,1.0
6610,0.02563912235200405,False,0.0
6611,0.5300323367118835,False,0.0
6612,0.6446542143821716,False,0.0
6613,0.5969579219818115,False,0.0
6614,0.5988431572914124,False,0.0
6615,0.6450312733650208,False,0.0
6616,0.01390356756746769,False,0.0
6617,0.6585578322410583,True,1.0
6618,0.566935658454895,False,0.0
6619,0.5520423650741577,False,0.0
6620,0.6343325972557068,False,0.0
6621,0.5252249240875244,False,0.0
6622,0.010934331454336643,False,0.0
6623,0.5943186283111572,False,0.0
6624,0.8691012859344482,True,1.0
6625,0.4967108368873596,False,0.0
6626,0.5711774230003357,False,0.0
6627,0.8618863224983215,False,0.0
6628,0.011829814873635769,False,0.0
6629,0.5304093360900879,False,0.0
6630,0.9984850287437439,True,1.0
6631,0.9329185485839844,False,0.0
6632,0.532907247543335,False,0.0
6633,0.6185909509658813,False,0.0
6634,0.0220571868121624,False,0.0
6635,0.5916792750358582,False,0.0
6636,0.47946101427078247,False,0.0
6637,0.6732625961303711,True,1.0
6638,0.6144434809684753,False,0.0
6639,0.5709888935089111,False,0.0
6640,0.005420034751296043,False,0.0
6641,0.5515238642692566,False,0.0
6642,0.6051115393638611,False,0.0
6643,0.6183081865310669,False,0.0
6644,0.6144905686378479,False,0.0
6645,0.6752892136573792,True,1.0
6646,0.017768288031220436,False,0.0
6647,0.4928461015224457,False,0.0
6648,0.5655688643455505,False,0.0
6649,0.6456440091133118,False,0.0
6650,0.5341798067092896,False,0.0
6651,0.6338613033294678,False,0.0
6652,0.015835927799344063,False,0.0
6653,0.6439001560211182,True,1.0
6654,0.5065140128135681,False,0.0
6655,0.6240581274032593,False,0.0
6656,0.6009640097618103,False,0.0
6657,0.572402834892273,False,0.0
6658,0.0,False,0.0
6659,0.5531734824180603,False,0.0
6660,0.9990358948707581,True,1.0
6661,0.9760181903839111,False,0.0
6662,0.6517710089683533,False,0.0
6663,0.6074680685997009,False,0.0
6664,0.008719186298549175,False,0.0
6665,0.6513468027114868,True,1.0
6666,0.5877203345298767,False,0.0
6667,0.6093062162399292,False,0.0
6668,0.6149147748947144,False,0.0
6669,0.6333428621292114,False,0.0
6670,0.012301122769713402,False,0.0
6671,0.5253192186355591,False,0.0
6672,0.6139249801635742,False,0.0
6673,0.6522893905639648,True,1.0
6674,0.562788188457489,False,0.0
6675,0.6320232152938843,False,0.0
6676,0.009850324131548405,False,0.0
6677,0.5147148370742798,False,0.0
6678,0.5749478936195374,False,0.0
6679,0.6673241257667542,True,1.0
6680,0.5639192461967468,False,0.0
6681,0.6348039507865906,False,0.0
6682,0.01300808321684599,False,0.0
6683,0.4747479557991028,False,0.0
6684,0.5633065700531006,False,0.0
6685,0.6192036271095276,True,1.0
6686,0.5189093947410583,False,0.0
6687,0.5748535990715027,False,0.0
6688,0.0,False,0.0
6689,0.5816875696182251,False,0.0
6690,0.9969099760055542,True,1.0
6691,0.9171372652053833,False,0.0
6692,0.610107421875,False,0.0
6693,0.5633065700531006,False,0.0
6694,0.006456911098212004,False,0.0
6695,0.5502514243125916,False,0.0
6696,0.553597629070282,False,0.0
6697,0.5431346297264099,False,0.0
6698,0.5611385703086853,False,0.0
6699,0.6009640097618103,False,0.0
6700,0.022151445969939232,False,0.0
6701,0.4621640145778656,False,0.0
6702,0.5321531891822815,False,0.0
6703,0.6190622448921204,True,1.0
6704,0.5001985430717468,False,0.0
6705,0.6168470978736877,False,0.0
6706,0.012772430665791035,False,0.0
6707,0.5896998047828674,False,0.0
6708,0.46282386779785156,False,0.0
6709,0.5567082762718201,False,0.0
6710,0.5357350707054138,False,0.0
6711,0.45924192667007446,False,0.0
6712,0.0027807136066257954,False,0.0
6713,0.5604316592216492,False,0.12423676252365112
6714,0.5385629534721375,False,0.0
6715,0.4983132779598236,False,0.0
6716,0.5700933933258057,False,0.0
6717,0.6063840985298157,False,0.0
6718,0.014799050986766815,False,0.0
6719,0.459948867559433,False,0.0
6720,0.9951375722885132,True,1.0
6721,0.6411665678024292,False,0.0
6722,0.5351223945617676,False,0.0
6723,0.547800600528717,False,0.0
6724,0.009661801159381866,False,0.0
6725,0.5260733366012573,False,0.0
6726,0.409943163394928,False,0.0
6727,0.5118398070335388,False,0.0
6728,0.567878246307373,True,1.0
6729,0.405607134103775,False,0.0
6730,0.008813448250293732,False,0.0
6731,0.47008201479911804,False,0.0
6732,0.49237480759620667,False,0.0
6733,0.41442057490348816,False,0.0
6734,0.5343211889266968,True,1.0
6735,0.5309277772903442,False,0.0
6736,0.01423348393291235,False,0.0
6737,0.3860478699207306,False,0.0
6738,0.44835472106933594,False,0.0
6739,0.4850695729255676,False,0.0
6740,0.45773372054100037,False,0.0
6741,0.5002456903457642,False,0.0
6742,0.008106487803161144,False,0.0
6743,0.5103316307067871,False,0.19719505310058594
6744,0.41173410415649414,False,0.0
6745,0.41555172204971313,False,0.0
6746,0.5196163654327393,False,0.0
6747,0.39547404646873474,False,0.0
6748,0.0053729042410850525,False,0.0
6749,0.48742610216140747,False,0.0
6750,0.8932170867919922,True,1.0
6751,0.5320588946342468,False,0.0
6752,0.5456796884536743,False,0.0
6753,0.5172127485275269,False,0.0
6754,0.014704790897667408,False,0.0
6755,0.3932117521762848,False,0.0
6756,0.5042988657951355,True,0.9791881497949362
6757,0.49350595474243164,False,0.0
6758,0.421537309885025,False,0.0
6759,0.44745922088623047,False,0.0
6760,0.0062683881260454655,False,0.0
6761,0.453539103269577,False,0.0
6762,0.3539518415927887,False,0.0
6763,0.45311489701271057,False,0.0
6764,0.5227741599082947,True,1.0
6765,0.34801337122917175,False,0.0
6766,0.0,False,0.0
6767,0.41545745730400085,False,0.0
6768,0.3836441934108734,False,0.0
6769,0.33114057779312134,False,0.0
6770,0.47078895568847656,True,0.9309263648465276
6771,0.4439244270324707,False,0.0
6772,0.005325773265212774,False,0.0
6773,0.2939072847366333,False,0.0
6774,0.35159531235694885,False,0.0
6775,0.40136536955833435,True,0.7906652698293328
6776,0.3264746367931366,False,0.0
6777,0.3744065761566162,False,0.0
6778,0.006032734643667936,False,0.0
6779,0.5093890428543091,False,0.0
6780,0.9146791696548462,True,1.0
6781,0.5256020426750183,False,0.0
6782,0.49364733695983887,False,0.0
6783,0.35069984197616577,False,0.0
6784,0.010698677971959114,False,0.0
6785,0.4819118082523346,True,0.942426260560751
6786,0.438127338886261,False,0.0
6787,0.32944387197494507,False,0.0
6788,0.426344633102417,False,0.0
6789,0.4043346047401428,False,0.0
6790,0.012631038203835487,False,0.0
6791,0.2724156677722931,False,0.0
6792,0.4273815155029297,False,0.0
6793,0.44434863328933716,True,0.8634351901710033
6794,0.37054187059402466,False,0.0
6795,0.3643206059932709,False,0.0
6796,0.005467165727168322,False,0.0
6797,0.3913736641407013,False,0.0
6798,0.28853437304496765,False,0.0
6799,0.40193095803260803,False,0.0
6800,0.43751463294029236,True,0.8640949344262481
6801,0.2952740788459778,False,0.0
6802,0.0017909680027514696,False,0.0
6803,0.35965466499328613,False,0.0
6804,0.3591833710670471,False,0.0
6805,0.29362449049949646,False,0.0
6806,0.4003756046295166,False,0.0
6807,0.513159453868866,False,0.0
6808,0.022999800741672516,False,0.0
6809,0.332224577665329,False,0.0
6810,0.8723256587982178,True,1.0
6811,0.5231040716171265,False,0.0
6812,0.4106501042842865,False,0.0
6813,0.4755491316318512,False,0.0
6814,0.03025793470442295,False,0.0
6815,0.47135454416275024,True,0.8821932189166546
6816,0.3059256374835968,False,0.0
6817,0.3696464002132416,False,0.0
6818,0.4299266040325165,False,0.0
6819,0.2845754027366638,False,0.0
6820,0.005702819209545851,False,0.0
6821,0.4199348986148834,False,0.0
6822,0.4203590452671051,True,0.824316592887044
6823,0.3112514019012451,False,0.0
6824,0.3316590189933777,False,0.0
6825,0.40320345759391785,False,0.0
6826,0.018428118899464607,False,0.0
6827,0.2753377854824066,False,0.0
6828,0.3662058413028717,False,0.0
6829,0.4074452519416809,True,0.7780342660844326
6830,0.2963109612464905,False,0.0
6831,0.40009284019470215,False,0.0
6832,0.008200748823583126,False,0.0
6833,0.35041704773902893,False,0.0
6834,0.24385443329811096,False,0.0
6835,0.35069984197616577,False,0.0
6836,0.3846810758113861,False,0.0
6837,0.3121468722820282,False,0.0
6838,0.009708932600915432,False,0.0
6839,0.29918593168258667,False,0.0
6840,0.9817439913749695,True,1.0
6841,0.502130925655365,False,0.0
6842,0.28990116715431213,False,0.0
6843,0.4249778687953949,False,0.0
6844,0.017296981066465378,False,0.0
6845,0.379025399684906,False,0.0
6846,0.2115698903799057,False,0.0
6847,0.4006112515926361,False,0.0
6848,0.40310922265052795,True,0.7716244831681252
6849,0.32317548990249634,False,0.0
6850,0.013856436125934124,False,0.0
6851,0.3117227256298065,False,0.0
6852,0.33910566568374634,False,0.0
6853,0.23480534553527832,False,0.0
6854,0.38694337010383606,False,0.0
6855,0.455141544342041,True,0.8796481098979712
6856,0.015317489393055439,False,0.0
6857,0.23372133076190948,False,0.0
6858,0.3623882532119751,False,0.0
6859,0.38067498803138733,False,0.0
6860,0.23584221303462982,False,0.0
6861,0.42247992753982544,False,0.0
6862,0.03082350268959999,False,0.0
6863,0.4930817782878876,True,0.9584506843239069
6864,0.23918850719928741,False,0.0
6865,0.36267101764678955,False,0.0
6866,0.36361366510391235,False,0.0
6867,0.34061384201049805,False,0.0
6868,0.0,False,0.0
6869,0.35390469431877136,False,0.0
6870,0.9296161532402039,True,1.0
6871,0.5088706016540527,False,0.0
6872,0.47446513175964355,False,0.0
6873,0.5165528655052185,False,0.0
6874,0.03072923980653286,False,0.0
6875,0.3042760491371155,False,0.0
6876,0.4943543076515198,True,0.9272501356899738
6877,0.4611271321773529,False,0.0
6878,0.3027678430080414,False,0.0
6879,0.4601845443248749,False,0.0
6880,0.019464995712041855,False,0.0
6881,0.44745922088623047,False,0.0
6882,0.2952740788459778,False,0.0
6883,0.4476477801799774,False,0.0
6884,0.5070325136184692,True,0.9751350358128548
6885,0.4208303391933441,False,0.0
6886,0.007493787445127964,False,0.0
6887,0.44826045632362366,False,0.0
6888,0.45320916175842285,False,0.0
6889,0.35461169481277466,False,0.0
6890,0.46268245577812195,False,0.0
6891,0.5974292159080505,True,1.0
6892,0.01805107295513153,False,0.0
6893,0.3589477241039276,False,0.0
6894,0.4744180142879486,False,0.0
6895,0.4686209261417389,False,0.0
6896,0.39778342843055725,False,0.0
6897,0.551948070526123,False,0.0
6898,0.015883058309555054,False,0.0
6899,0.6083164215087891,False,0.0
6900,0.9963794350624084,True,1.0
6901,0.8555408120155334,False,0.0
6902,0.6017652750015259,False,0.0
6903,0.5521366000175476,False,0.0
6904,0.006551172584295273,False,0.0
6905,0.6252834796905518,True,1.0
6906,0.565851628780365,False,0.0
6907,0.44453713297843933,False,0.0
6908,0.5535033941268921,False,0.0
6909,0.6186380982398987,False,0.0
6910,0.009379017166793346,False,0.0
6911,0.421678751707077,False,0.0
6912,0.5916321873664856,False,0.0
6913,0.6043574213981628,False,0.0
6914,0.4736168086528778,False,0.0
6915,0.62712162733078,True,1.0
6916,0.033934131264686584,False,0.0
6917,0.5979477167129517,False,0.0
6918,0.5096718072891235,False,0.0
6919,0.6186851859092712,False,0.0
6920,0.6472935676574707,True,1.0
6921,0.5973349809646606,False,0.0
6922,0.011829814873635769,False,0.0
6923,0.589417040348053,False,0.0
6924,0.5763618350028992,False,0.0
6925,0.5239524245262146,False,0.0
6926,0.6257547736167908,False,0.0
6927,0.6628467440605164,False,0.0
6928,0.009190494194626808,False,0.0
6929,0.6350395679473877,False,0.0
6930,1.0,True,1.0
6931,0.95622718334198,False,0.0
6932,0.6586049795150757,False,0.0
6933,0.9334104061126709,False,0.0
6934,0.034641094505786896,False,0.0
6935,0.9766203761100769,True,1.0
6936,0.532435953617096,False,0.0
6937,0.622832715511322,False,0.0
6938,0.6247650980949402,False,0.0
6939,0.5779170989990234,False,0.0
6940,0.019323602318763733,False,0.0
6941,0.9617270827293396,True,1.0
6942,0.6657688021659851,False,0.0
6943,0.5433703064918518,False,0.0
6944,0.6358408331871033,False,0.0
6945,0.6590762734413147,False,0.0
6946,0.020501872524619102,False,0.0
6947,0.611662745475769,False,0.0
6948,0.6502156853675842,False,0.0
6949,0.6533262729644775,False,0.0
6950,0.5143377184867859,False,0.0
6951,0.6450784206390381,False,0.0
6952,0.014186352491378784,False,0.0
6953,0.662658154964447,True,1.0
6954,0.5011411309242249,False,0.0
6955,0.6334843039512634,False,0.0
6956,0.6479533910751343,False,0.0
6957,0.5675954818725586,False,0.0
6958,0.019417865201830864,False,0.0
6959,0.6478591561317444,False,0.0
6960,1.0,True,1.0
6961,0.902576744556427,False,0.0
6962,0.9053094387054443,False,0.0
6963,0.9145841002464294,False,0.0
6964,0.040532436221838,False,0.0
6965,0.5811691284179688,False,0.0
6966,0.6290068030357361,False,0.0
6967,0.6890985369682312,False,0.0
6968,0.5480833649635315,False,0.0
6969,0.8594664335250854,False,0.0
6970,0.01805107295513153,False,0.0
6971,0.9427333474159241,True,1.0
6972,0.5288068652153015,False,0.0
6973,0.6104373335838318,False,0.0
6974,0.6675126552581787,False,0.0
6975,0.5693393349647522,False,0.0
6976,0.0101331090554595,False,0.0
6977,0.9276043772697449,True,1.0
6978,0.687166154384613,False,0.0
6979,0.5683024525642395,False,0.0
6980,0.6138778924942017,False,0.0
6981,0.6334370970726013,False,0.0
6982,0.025780513882637024,False,0.0
6983,0.6030377745628357,False,0.0
6984,0.651629626750946,True,1.0
6985,0.6287240386009216,False,0.0
6986,0.5428047180175781,False,0.0
6987,0.5837613344192505,False,0.0
6988,0.018899425864219666,False,0.0
6989,0.9193565249443054,False,0.0
6990,0.9849402904510498,True,1.0
6991,0.9283663630485535,False,0.0
6992,0.8845973014831543,False,0.0
6993,0.5612328052520752,False,0.0
6994,0.0110285934060812,False,0.0
6995,0.8913347125053406,True,0.6339048147201538
6996,0.6415436267852783,False,0.0
6997,0.5743823051452637,False,0.0
6998,0.8727125525474548,False,0.0
6999,0.8422797322273254,False,0.0
7000,0.9000000357627869,True,1.0
7001,0.5880502462387085,False,0.0
7002,0.5974764227867126,False,0.0
7003,0.6067140102386475,False,0.0
7004,0.5527021288871765,False,0.0
7005,0.6596418023109436,False,0.0
7006,0.005702819209545851,False,0.0
7007,0.7034263014793396,True,1.0
7008,0.5351223945617676,False,0.0
7009,0.5928104519844055,False,0.0
7010,0.6140192747116089,False,0.0
7011,0.5623639822006226,False,0.0
7012,0.0028749750927090645,False,0.0
7013,0.6946128606796265,False,0.24168646335601807
7014,0.6214187741279602,False,0.0
7015,0.5737696290016174,False,0.0
7016,0.6567668318748474,False,0.0
7017,0.9731392860412598,False,0.0
7018,0.01922934129834175,False,0.0
7019,0.5839027166366577,False,0.0
7020,1.0,True,1.0
7021,0.9136547446250916,False,0.0
7022,0.5579336881637573,False,0.0
7023,0.6674184203147888,False,0.0
7024,0.020171955227851868,False,0.0
7025,0.6380087733268738,False,0.0
7026,0.569197952747345,False,0.0
7027,0.6815575957298279,True,1.0
7028,0.6722257137298584,False,0.0
7029,0.592621922492981,False,0.0
7030,0.01748550496995449,False,0.0
7031,0.6001157164573669,False,0.0
7032,0.9869891405105591,True,1.0
7033,0.5971464514732361,False,0.0
7034,0.7006455659866333,False,0.0
7035,0.6821231842041016,False,0.0
7036,0.01626010425388813,False,0.0
7037,0.5331900715827942,False,0.0
7038,0.7083278894424438,False,0.0
7039,0.650545597076416,False,0.0
7040,0.6505927443504333,False,0.0
7041,0.8995083570480347,True,1.0
7042,0.0359136238694191,False,0.0
7043,0.659594714641571,False,0.0
7044,0.5535505414009094,False,0.0
7045,0.5498272180557251,False,0.0
7046,0.603697657585144,False,0.0
7047,0.529089629650116,False,0.0
7048,0.0011311377165839076,False,0.0
7049,0.5623168349266052,False,0.0
7050,0.9999452233314514,True,1.0
7051,0.6280642151832581,False,0.0
7052,0.5934702754020691,False,0.0
7053,0.6150090098381042,False,0.0
7054,0.022999800741672516,False,0.0
7055,0.4814405143260956,False,0.0
7056,0.6431460380554199,True,1.0
7057,0.5906895399093628,False,0.0
7058,0.5130180716514587,False,0.0
7059,0.5985132455825806,False,0.0
7060,0.012253991328179836,False,0.0
7061,0.572874128818512,False,0.0
7062,0.49294039607048035,False,0.0
7063,0.5789539813995361,False,0.0
7064,0.6244351267814636,True,1.0
7065,0.5411551594734192,False,0.0
7066,0.008483532816171646,False,0.0
7067,0.519474983215332,False,0.0
7068,0.6236810684204102,False,0.0
7069,0.45608416199684143,False,0.0
7070,0.6089763045310974,False,0.30578428506851196
7071,0.6036505103111267,False,0.0
7072,0.007965094409883022,False,0.0
7073,0.4870961606502533,False,0.0
7074,0.5841383337974548,False,0.0
7075,0.5197578072547913,False,0.0
7076,0.46593448519706726,False,0.0
7077,0.5485546588897705,False,0.0
7078,0.004006112925708294,False,0.0
7079,0.6111442446708679,False,0.0
7080,1.0,True,1.0
7081,0.6850453019142151,False,0.0
7082,0.6522893905639648,False,0.0
7083,0.5266860127449036,False,0.0
7084,0.0,False,0.0
7085,0.62938392162323,False,0.0
7086,0.6405067443847656,True,1.0
7087,0.47979092597961426,False,0.0
7088,0.5778228640556335,False,0.0
7089,0.587626039981842,False,0.0
7090,0.011264246888458729,False,0.0
7091,0.4808749258518219,False,0.0
7092,0.6802850961685181,True,1.0
7093,0.5819231867790222,False,0.0
7094,0.5404953360557556,False,0.0
7095,0.5827244520187378,False,0.0
7096,0.0032520208042114973,False,0.0
7097,0.5706589818000793,False,0.0
7098,0.588945746421814,False,0.0
7099,0.5938001871109009,True,1.0
7100,0.5867776870727539,False,0.0
7101,0.5628352761268616,False,0.0
7102,0.00838927086442709,False,0.0
7103,0.5208417773246765,False,0.0
7104,0.6325416564941406,False,0.2733583450317383
7105,0.4958624839782715,False,0.0
7106,0.6303736567497253,False,0.0
7107,0.6784941554069519,False,0.0
7108,0.014657660387456417,False,0.0
7109,0.5652389526367188,False,0.0
7110,1.0,True,1.0
7111,0.9017238616943359,False,0.0
7112,0.5691036581993103,False,0.0
7113,0.9078618884086609,False,0.0
7114,0.017674027010798454,False,0.0
7115,0.7020123600959778,True,1.0
7116,0.6145377159118652,False,0.0
7117,0.6427218914031982,False,0.0
7118,0.6455025672912598,False,0.0
7119,0.6070439219474792,False,0.0
7120,0.0,False,0.0
7121,0.6429104208946228,False,0.0
7122,0.9627639651298523,True,1.0
7123,0.582394540309906,False,0.0
7124,0.6673712730407715,False,0.0
7125,0.664449155330658,False,0.0
7126,0.010981461964547634,False,0.0
7127,0.5484132766723633,False,0.0
7128,0.6389985680580139,False,0.0
7129,0.6982890367507935,True,1.0
7130,0.5886629223823547,False,0.0
7131,0.6679368019104004,False,0.0
7132,0.00348767451941967,False,0.0
7133,0.6228798627853394,False,0.0
7134,0.6067140102386475,False,0.0
7135,0.6929160952568054,True,1.0
7136,0.658369243144989,False,0.0
7137,0.6149147748947144,False,0.0
7138,0.0,False,0.0
7139,0.5765032172203064,False,0.0
7140,1.0,True,1.0
7141,1.0,False,0.0
7142,0.8930026292800903,False,0.0
7143,0.657096803188324,False,0.0
7144,0.004760204814374447,False,0.0
7145,0.6767503023147583,False,0.0
7146,0.6664286255836487,False,0.0
7147,0.6931988596916199,False,0.0
7148,0.692633330821991,False,0.0
7149,0.7250592708587646,False,0.0
7150,0.00815361738204956,False,0.0
7151,0.6125110983848572,False,0.0
7152,0.6373960971832275,False,0.0
7153,0.9340142011642456,True,1.0
7154,0.6205233335494995,False,0.0
7155,0.7022480368614197,False,0.0
7156,0.013715045526623726,False,0.0
7157,0.6763732433319092,False,0.0
7158,0.5870604515075684,False,0.0
7159,0.7111557126045227,True,1.0
7160,0.639375627040863,False,0.0
7161,0.6152446866035461,False,0.0
7162,0.01041589304804802,False,0.0
7163,0.6610085964202881,False,0.0
7164,0.6719900965690613,False,0.0
7165,0.6853280663490295,False,0.0
7166,0.6502156853675842,False,0.0
7167,0.9086980819702148,False,0.0
7168,0.012725300155580044,False,0.0
7169,0.5952140688896179,False,0.0
7170,1.0,True,1.0
7171,0.9975681304931641,False,0.0
7172,0.6039332747459412,False,0.0
7173,0.7069610953330994,False,0.0
7174,0.023471107706427574,False,0.0
7175,0.6919264197349548,False,0.0
7176,0.5859764814376831,False,0.0
7177,0.9268502593040466,True,1.0
7178,0.6884387135505676,False,0.0
7179,0.6508283615112305,False,0.0
7180,0.0,False,0.0
7181,0.6681724786758423,False,0.0
7182,0.6851395964622498,False,0.0
7183,0.9503685832023621,True,0.5274417400360107
7184,0.6866477131843567,False,0.0
7185,0.9636017084121704,False,0.0
7186,0.0,False,0.0
7187,0.6565783023834229,False,0.0
7188,0.6709060668945312,False,0.0
7189,0.9694093465805054,True,1.0
7190,0.5647676587104797,False,0.0
7191,0.6841498017311096,False,0.0
7192,0.017815418541431427,False,0.0
7193,0.6915493011474609,False,0.0
7194,0.6037447452545166,False,0.0
7195,0.6736396551132202,False,0.13978981971740723
7196,0.6231626272201538,False,0.0
7197,0.586070716381073,False,0.0
7198,0.00032991517218761146,False,0.0
7199,0.5853166580200195,False,0.0
7200,0.9883667230606079,True,1.0
7201,0.9316666126251221,False,0.0
7202,0.5704233050346375,False,0.0
7203,0.6623753905296326,False,0.0
7204,0.014610528945922852,False,0.0
7205,0.6366891264915466,False,0.0
7206,0.5338498950004578,False,0.0
7207,0.6865063309669495,True,1.0
7208,0.6110028624534607,False,0.0
7209,0.4948256015777588,False,0.0
7210,0.0006598303443752229,False,0.0
7211,0.5437944531440735,False,0.0
7212,0.5934231281280518,False,0.0
7213,0.6108614802360535,False,0.0
7214,0.5870133638381958,False,0.0
7215,0.6119455099105835,False,0.0
7216,0.02158587984740734,False,0.0
7217,0.467913955450058,False,0.0
7218,0.5283827185630798,False,0.0
7219,0.6375846266746521,True,1.0
7220,0.47620898485183716,False,0.0
7221,0.5520423650741577,False,0.0
7222,0.02384815365076065,False,0.0
7223,0.6090705394744873,False,0.0
7224,0.44491416215896606,False,0.0
7225,0.5319646596908569,False,0.0
7226,0.6113799214363098,False,0.0
7227,0.49963292479515076,False,0.0
7228,0.02493216097354889,False,0.0
7229,0.5062312483787537,False,0.0
7230,0.9380587339401245,True,1.0
7231,0.5824887752532959,False,0.0
7232,0.6203819513320923,False,0.0
7233,0.5420035123825073,False,0.0
7234,0.025450600311160088,False,0.0
7235,0.342876136302948,False,0.0
7236,0.5420506000518799,False,0.0
7237,0.53969407081604,False,0.0
7238,0.5463866591453552,True,1.0
7239,0.49996286630630493,False,0.0
7240,0.024602245539426804,False,0.0
7241,0.5480362772941589,False,0.0
7242,0.4467993676662445,False,0.0
7243,0.5196635127067566,False,0.0
7244,0.5833842754364014,True,1.0
7245,0.4350167214870453,False,0.0
7246,0.019983433187007904,False,0.0
7247,0.4724385440349579,False,0.0
7248,0.47126027941703796,False,0.0
7249,0.41305381059646606,False,0.0
7250,0.9000000357627869,True,1.0
7251,0.5054300427436829,False,0.0
7252,0.005278642755001783,False,0.0
7253,0.3483904302120209,False,0.0
7254,0.4381744861602783,False,0.0
7255,0.4152689576148987,False,0.0
7256,0.44189783930778503,False,0.0
7257,0.43463966250419617,False,0.0
7258,0.012018337845802307,False,0.0
7259,0.6817514300346375,False,0.0
7260,0.9497421979904175,True,1.0
7261,0.7189040780067444,False,0.0
7262,0.7271137833595276,False,0.0
7263,0.4164000451564789,False,0.0
7264,0.015176097862422466,False,0.0
7265,0.5159401893615723,True,1.0
7266,0.48276016116142273,False,0.0
7267,0.37582048773765564,False,0.0
7268,0.4850223958492279,False,0.0
7269,0.4686680734157562,False,0.0
7270,0.018899425864219666,False,0.0
7271,0.32713446021080017,False,0.0
7272,0.49949154257774353,True,0.9611842334270477
7273,0.4863892197608948,False,0.0
7274,0.42332831025123596,False,0.0
7275,0.43383845686912537,False,0.0
7276,0.014092090539634228,False,0.0
7277,0.46211692690849304,False,0.0
7278,0.34268760681152344,False,0.0
7279,0.46235257387161255,False,0.0
7280,0.5215016603469849,True,0.9964381493628025
7281,0.3135136663913727,False,0.0
7282,0.02328258566558361,False,0.0
7283,0.3786954879760742,False,0.0
7284,0.42158445715904236,False,0.0
7285,0.2815590500831604,False,0.0
7286,0.4991145133972168,False,0.0
7287,0.48299580812454224,False,0.0
7288,0.02446085400879383,False,0.0
7289,0.3729926645755768,False,0.0
7290,0.9264320135116577,True,1.0
7291,0.6761070489883423,False,0.0
7292,0.3716258704662323,False,0.0
7293,0.4878031313419342,False,0.0
7294,0.04416150227189064,False,0.0
7295,0.4671598970890045,True,0.8459967896342278
7296,0.2585592269897461,False,0.0
7297,0.377422958612442,False,0.0
7298,0.40160104632377625,False,0.0
7299,0.2745365500450134,False,0.0
7300,0.013196607120335102,False,0.0
7301,0.4057956635951996,True,0.7736982144415379
7302,0.39882031083106995,False,0.0
7303,0.24545688927173615,False,0.0
7304,0.39514410495758057,False,0.0
7305,0.3732754588127136,False,0.0
7306,0.018946556374430656,False,0.0
7307,0.28000372648239136,False,0.0
7308,0.3991973400115967,False,0.0
7309,0.41409069299697876,True,0.8017881717532873
7310,0.3452797830104828,False,0.0
7311,0.385388046503067,False,0.0
7312,0.01300808321684599,False,0.0
7313,0.389676958322525,False,0.0
7314,0.24809621274471283,False,0.0
7315,0.36639437079429626,False,0.0
7316,0.44755348563194275,False,0.0
7317,0.252903550863266,False,0.0
7318,0.0012253992026671767,False,0.0
7319,0.3501814007759094,False,0.0
7320,0.9271112680435181,True,1.0
7321,0.45933619141578674,False,0.0
7322,0.45693251490592957,False,0.0
7323,0.4856351315975189,False,0.0
7324,0.035772230476140976,False,0.0
7325,0.2674669325351715,False,0.0
7326,0.35899484157562256,False,0.0
7327,0.37492501735687256,False,0.0
7328,0.23636065423488617,False,0.0
7329,0.46635866165161133,True,0.8611728623509407
7330,0.015506013296544552,False,0.0
7331,0.4131951928138733,False,0.0
7332,0.2536104917526245,False,0.0
7333,0.30573710799217224,False,0.0
7334,0.33462825417518616,False,0.0
7335,0.3064911961555481,False,0.0
7336,0.00452455086633563,False,0.0
7337,0.3969350755214691,False,0.30125969648361206
7338,0.38868722319602966,False,0.0
7339,0.24630522727966309,False,0.0
7340,0.35677969455718994,False,0.0
7341,0.40956613421440125,False,0.0
7342,0.01630723476409912,False,0.0
7343,0.27043616771698,False,0.0
7344,0.41324231028556824,True,0.8074438013136387
7345,0.35319775342941284,False,0.0
7346,0.27604472637176514,False,0.0
7347,0.3563555181026459,False,0.0
7348,0.009520409628748894,False,0.0
7349,0.4521251618862152,False,0.0
7350,0.8701861500740051,True,1.0
7351,0.5151389837265015,False,0.0
7352,0.4687623083591461,False,0.0
7353,0.3596075475215912,False,0.0
7354,0.01484618242830038,False,0.0
7355,0.39651089906692505,False,0.0
7356,0.3889699876308441,False,0.0
7357,0.26878660917282104,False,0.0
7358,0.4196992516517639,False,0.0
7359,0.42422375082969666,True,0.8114027418196201
7360,0.01852237991988659,False,0.0
7361,0.20586705207824707,False,0.0
7362,0.31186410784721375,False,0.0
7363,0.32458940148353577,False,0.0
7364,0.26822102069854736,False,0.0
7365,0.44571539759635925,True,0.8617384303361177
7366,0.020266218110919,False,0.0
7367,0.4154103398323059,False,0.0
7368,0.2759033441543579,False,0.0
7369,0.35461169481277466,False,0.0
7370,0.37120169401168823,False,0.0
7371,0.3408966362476349,False,0.0
7372,0.012395384721457958,False,0.0
7373,0.38336142897605896,False,0.0
7374,0.393353134393692,False,0.27684593200683594
7375,0.25493016839027405,False,0.0
7376,0.3286426365375519,False,0.0
7377,0.6691791415214539,False,0.0
7378,0.04241766408085823,False,0.0
7379,0.30182525515556335,False,0.0
7380,0.9389888644218445,True,1.0
7381,0.712553858757019,False,0.0
7382,0.2951798141002655,False,0.0
7383,0.4647091031074524,False,0.0
7384,0.02375389263033867,False,0.0
7385,0.4083406925201416,True,0.7691735997796059
7386,0.1995515525341034,False,0.0
7387,0.4015538692474365,False,0.0
7388,0.36658287048339844,False,0.0
7389,0.2308463603258133,False,0.0
7390,0.008059356361627579,False,0.0
7391,0.3098374605178833,False,0.0
7392,0.33773887157440186,False,0.0
7393,0.2458810657262802,False,0.0
7394,0.4055600166320801,False,0.0
7395,0.4287012219429016,True,0.8187552392482758
7396,0.019323602318763733,False,0.0
7397,0.23117628693580627,False,0.0
7398,0.3587120473384857,False,0.0
7399,0.3527735769748688,False,0.0
7400,0.2790139615535736,False,0.0
7401,0.4338855743408203,False,0.0
7402,0.020737525075674057,False,0.0
7403,0.458346426486969,True,0.8932217452675104
7404,0.26506325602531433,False,0.0
7405,0.3262389600276947,False,0.0
7406,0.3301979601383209,False,0.0
7407,0.3404253423213959,False,0.0
7408,0.011735553853213787,False,0.0
7409,0.3408023715019226,False,0.0
7410,0.8953474164009094,True,1.0
7411,0.4412379860877991,False,0.0
7412,0.41696563363075256,False,0.0
7413,0.4928461015224457,False,0.0
7414,0.025214945897459984,False,0.0
7415,0.2915978729724884,False,0.0
7416,0.4332728981971741,True,0.8161159045994282
7417,0.3938244581222534,False,0.0
7418,0.27015337347984314,False,0.0
7419,0.4033919870853424,False,0.0
7420,0.016684282571077347,False,0.0
7421,0.37153160572052,False,0.0
7422,0.24003684520721436,False,0.0
7423,0.38425692915916443,True,0.7351452931761742
7424,0.3687509000301361,False,0.0
7425,0.36521610617637634,False,0.0
7426,0.008577794767916203,False,0.0
7427,0.3733697235584259,False,0.0
7428,0.3920806348323822,False,0.0
7429,0.33623069524765015,False,0.0
7430,0.40438175201416016,False,0.0
7431,0.43633636832237244,True,0.8368533737957478
7432,0.017909681424498558,False,0.0
7433,0.42526063323020935,False,0.0
7434,0.39236339926719666,False,0.0
7435,0.4344039857387543,False,0.0
7436,0.35461169481277466,False,0.0
7437,0.46338939666748047,False,0.0
7438,0.012065469287335873,False,0.0
7439,0.711368978023529,False,0.0
7440,0.9649388790130615,True,1.0
7441,0.6792134046554565,False,0.0
7442,0.6559991836547852,False,0.0
7443,0.42747578024864197,False,0.0
7444,0.01805107295513153,False,0.0
7445,0.7130690813064575,True,1.0
7446,0.5037804841995239,False,0.0
7447,0.40376901626586914,False,0.0
7448,0.4571210443973541,False,0.0
7449,0.46579310297966003,False,0.0
7450,0.0029692365787923336,False,0.0
7451,0.4567440152168274,False,0.0
7452,0.4834199845790863,False,0.0
7453,0.5032148957252502,False,0.0
7454,0.41682425141334534,False,0.0
7455,0.4523608386516571,False,0.0
7456,0.008342141285538673,False,0.0
7457,0.7290819883346558,True,1.0
7458,0.3994329869747162,False,0.0
7459,0.5134894251823425,False,0.0
7460,0.5197578072547913,False,0.0
7461,0.4435945153236389,False,0.0
7462,0.005184381268918514,False,0.0
7463,0.4909137785434723,False,0.24178069829940796
7464,0.4545759856700897,False,0.0
7465,0.3700234293937683,False,0.0
7466,0.4744180142879486,False,0.0
7467,0.6973082423210144,False,0.0
7468,0.009708932600915432,False,0.0
7469,0.6746877431869507,False,0.0
7470,0.9517005085945129,True,1.0
7471,0.706774890422821,False,0.0
7472,0.41960498690605164,False,0.0
7473,0.6544503569602966,False,0.0
7474,0.020784655585885048,False,0.0
7475,0.704769492149353,True,1.0
7476,0.35970181226730347,False,0.0
7477,0.44048386812210083,False,0.0
7478,0.4530206620693207,False,0.0
7479,0.38680195808410645,False,0.0
7480,0.007399525493383408,False,0.0
7481,0.7006005644798279,True,1.0
7482,0.48398557305336,False,0.0
7483,0.3603144884109497,False,0.0
7484,0.42874833941459656,False,0.0
7485,0.4780941903591156,False,0.0
7486,0.015835927799344063,False,0.0
7487,0.4101788103580475,False,0.0
7488,0.44307610392570496,False,0.0
7489,0.48601219058036804,False,0.0
7490,0.3496629595756531,False,0.0
7491,0.42860695719718933,False,0.0
7492,0.011499900370836258,False,0.0
7493,0.5108029246330261,True,0.9986060485243797
7494,0.31426775455474854,False,0.0
7495,0.4416150152683258,False,0.0
7496,0.44684654474258423,False,0.0
7497,0.34650519490242004,False,0.0
7498,0.0,False,0.0
7499,0.43336716294288635,False,0.0
7500,0.899189293384552,True,1.0
7501,0.4181910455226898,False,0.0
7502,0.6117221713066101,False,0.0
7503,0.5885180830955505,False,0.0
7504,0.007635179907083511,False,0.0
7505,0.3870847523212433,False,0.0
7506,0.38567084074020386,False,0.0
7507,0.42478933930397034,False,0.0
7508,0.30507728457450867,False,0.0
7509,0.44156789779663086,False,0.0
7510,0.006174126639962196,False,0.0
7511,0.6382488012313843,True,1.0
7512,0.3227512836456299,False,0.0
7513,0.3821360468864441,False,0.0
7514,0.44350025057792664,False,0.0
7515,0.3590419590473175,False,0.0
7516,0.0,False,0.0
7517,0.6254312992095947,True,1.0
7518,0.4338855743408203,False,0.0
7519,0.33000943064689636,False,0.0
7520,0.4139021337032318,False,0.0
7521,0.4266274571418762,False,0.0
7522,0.0031106288079172373,False,0.0
7523,0.40782228112220764,False,0.0
7524,0.42332831025123596,False,0.0
7525,0.4238467216491699,True,0.8414721856825054
7526,0.34084948897361755,False,0.0
7527,0.36639437079429626,False,0.0
7528,0.0,False,0.0
7529,0.6141268014907837,False,0.0
7530,0.9096513390541077,True,1.0
7531,0.6533018350601196,False,0.0
7532,0.6298471689224243,False,0.0
7533,0.3318946659564972,False,0.0
7534,0.006315519101917744,False,0.0
7535,0.38369134068489075,False,0.0
7536,0.609412431716919,True,1.0
7537,0.3035219609737396,False,0.0
7538,0.41432633996009827,False,0.0
7539,0.43911710381507874,False,0.0
7540,0.0,False,0.0
7541,0.28320860862731934,False,0.0
7542,0.44331175088882446,True,0.8866235017776489
7543,0.4119226634502411,False,0.0
7544,0.3442900478839874,False,0.0
7545,0.43251878023147583,False,0.0
7546,0.0,False,0.0
7547,0.584148645401001,True,1.0
7548,0.4249778687953949,False,0.0
7549,0.402449369430542,False,0.0
7550,0.3843040466308594,False,0.0
7551,0.3218558132648468,False,0.0
7552,0.0,False,0.0
7553,0.40527722239494324,False,0.0
7554,0.6065053939819336,True,1.0
7555,0.33839869499206543,False,0.0
7556,0.36743125319480896,False,0.0
7557,0.37652748823165894,False,0.0
7558,0.0,False,0.0
7559,0.3722856938838959,False,0.0
7560,0.9981024265289307,True,1.0
7561,0.613315224647522,False,0.0
7562,0.3377860188484192,False,0.0
7563,0.4091419279575348,False,0.0
7564,0.012253991328179836,False,0.0
7565,0.418379545211792,False,0.0
7566,0.3979719579219818,False,0.0
7567,0.42620325088500977,False,0.0
7568,0.4463752210140228,True,0.868242459371686
7569,0.3001285493373871,False,0.0
7570,0.0,False,0.0
7571,0.363095223903656,False,0.0
7572,0.4164472222328186,False,0.0
7573,0.30356907844543457,False,0.0
7574,0.38505813479423523,False,0.0
7575,0.42921963334083557,True,0.8584392666816711
7576,0.004901596810668707,False,0.0
7577,0.3089419901371002,False,0.0
7578,0.41559886932373047,False,0.0
7579,0.3752078115940094,False,0.0
7580,0.2943786084651947,False,0.0
7581,0.37643322348594666,False,0.0
7582,0.0,False,0.0
7583,0.3979719579219818,True,0.7925505025777966
7584,0.34282898902893066,False,0.0
7585,0.3217615485191345,False,0.0
7586,0.3657345473766327,False,0.0
7587,0.3145505487918854,False,0.0
7588,0.0016967066330835223,False,0.0
7589,0.3291139304637909,False,0.0
7590,0.9825623631477356,True,1.0
7591,0.42884260416030884,False,0.0
7592,0.41833242774009705,False,0.0
7593,0.4468936622142792,False,0.0
7594,0.004995858296751976,False,0.0
7595,0.34914451837539673,False,0.0
7596,0.6279231905937195,True,1.0
7597,0.5795748233795166,False,0.0
7598,0.33354422450065613,False,0.0
7599,0.39420148730278015,False,0.0
7600,0.009708932600915432,False,0.0
7601,0.3875560462474823,False,0.0
7602,0.359277606010437,False,0.0
7603,0.40471163392066956,False,0.0
7604,0.41927504539489746,True,0.8191322255879641
7605,0.3181796073913574,False,0.0
7606,0.0,False,0.0
7607,0.349710077047348,False,0.0
7608,0.4032506048679352,False,0.0
7609,0.2997986376285553,False,0.0
7610,0.4084349572658539,False,0.0
7611,0.4148918688297272,True,0.8297837376594543
7612,0.0038647204637527466,False,0.0
7613,0.2971593141555786,False,0.0
7614,0.37652748823165894,False,0.0
7615,0.3354766070842743,False,0.0
7616,0.28325575590133667,False,0.0
7617,0.3658759295940399,False,0.0
7618,0.0,False,0.0
7619,0.4145619869232178,False,0.0
7620,0.8962768912315369,True,1.0
7621,0.6196438670158386,False,0.0
7622,0.42064186930656433,False,0.0
7623,0.3260975778102875,False,0.0
7624,0.006362650077790022,False,0.0
7625,0.4291725158691406,True,0.8456197315827012
7626,0.3991973400115967,False,0.0
7627,0.3407081067562103,False,0.0
7628,0.34928590059280396,False,0.0
7629,0.3771873116493225,False,0.0
7630,0.007917963899672031,False,0.0
7631,0.2877802848815918,False,0.0
7632,0.350841224193573,False,0.0
7633,0.41880375146865845,True,0.8217715751379728
7634,0.2807106673717499,False,0.0
7635,0.31671854853630066,False,0.0
7636,0.006645434536039829,False,0.0
7637,0.3432060182094574,False,0.0
7638,0.27189722657203674,False,0.0
7639,0.40376901626586914,True,0.7942471634596586
7640,0.3776114881038666,False,0.0
7641,0.2738295793533325,False,0.0
7642,0.0,False,0.0
7643,0.301306813955307,False,0.0
7644,0.30111828446388245,False,0.0
7645,0.3106386959552765,False,0.0
7646,0.3375503718852997,False,0.0
7647,0.43727898597717285,False,0.0
7648,0.001979490974918008,False,0.0
7649,0.32284554839134216,False,0.0
7650,0.828184962272644,True,1.0
7651,0.6348442435264587,False,0.0
7652,0.32859548926353455,False,0.0
7653,0.4213959276676178,False,0.0
7654,0.012678168714046478,False,0.0
7655,0.43138766288757324,True,0.8374189883470535
7656,0.25954899191856384,False,0.0
7657,0.38519951701164246,False,0.0
7658,0.3457511067390442,False,0.0
7659,0.2616698443889618,False,0.0
7660,0.0011311377165839076,False,0.0
7661,0.39142078161239624,True,0.7681367723271251
7662,0.36498042941093445,False,0.0
7663,0.3368905186653137,False,0.0
7664,0.3084706962108612,False,0.0
7665,0.36290666460990906,False,0.0
7666,0.007352395448833704,False,0.0
7667,0.2361721247434616,False,0.0
7668,0.3268987834453583,False,0.0
7669,0.4009411931037903,True,0.7996201107744128
7670,0.26680710911750793,False,0.0
7671,0.2883929908275604,False,0.0
7672,0.0,False,0.0
7673,0.30262646079063416,False,0.0
7674,0.22547344863414764,False,0.0
7675,0.34636378288269043,True,0.6927275657653809
7676,0.3418392539024353,False,0.0
7677,0.25756949186325073,False,0.0
7678,0.0,False,0.0
7679,0.27915534377098083,False,0.0
7680,0.8302120566368103,True,1.0
7681,0.43671342730522156,False,0.0
7682,0.399715781211853,False,0.0
7683,0.39500272274017334,False,0.0
7684,0.009096232242882252,False,0.0
7685,0.23381559550762177,False,0.0
7686,0.2891941964626312,False,0.0
7687,0.3394355773925781,False,0.0
7688,0.2485203742980957,False,0.0
7689,0.3732283115386963,False,0.0
7690,0.014044960029423237,False,0.0
7691,0.40310922265052795,True,0.7880259808152914
7692,0.260868638753891,False,0.0
7693,0.3377860188484192,False,0.0
7694,0.3213845193386078,False,0.0
7695,0.247813418507576,False,0.0
7696,0.005749950185418129,False,0.0
7697,0.35055842995643616,True,0.6896169595420361
7698,0.32539063692092896,False,0.0
7699,0.24790768325328827,False,0.0
7700,0.2759033441543579,False,0.0
7701,0.3248721957206726,False,0.0
7702,0.004713073838502169,False,0.0
7703,0.20299208164215088,False,0.0
7704,0.30771657824516296,False,0.0
7705,0.3564969003200531,True,0.7035676529631019
7706,0.24720072746276855,False,0.0
7707,0.28184181451797485,False,0.0
7708,0.0,False,0.0
7709,0.4083878695964813,False,0.0
7710,0.7572811245918274,True,1.0
7711,0.6030853390693665,False,0.0
7712,0.40636125206947327,False,0.0
7713,0.24277043342590332,False,0.0
7714,0.014422005973756313,False,0.0
7715,0.31869804859161377,False,0.0
7716,0.31403210759162903,False,0.0
7717,0.2579936683177948,False,0.0
7718,0.34848469495773315,False,0.0
7719,0.3740766942501068,True,0.719309376552701
7720,0.014940443448722363,False,0.0
7721,0.27156731486320496,False,0.0
7722,0.2942372262477875,False,0.0
7723,0.3427347242832184,False,0.0
7724,0.23749180138111115,False,0.0
7725,0.3659701943397522,False,0.0
7726,0.007446656469255686,False,0.0
7727,0.40923619270324707,True,0.8035790724679828
7728,0.29027822613716125,False,0.0
7729,0.305595725774765,False,0.0
7730,0.3447142243385315,False,0.0
7731,0.3009297549724579,False,0.0
7732,0.00438315887004137,False,0.0
7733,0.3625296354293823,False,0.22330540418624878
7734,0.33575937151908875,False,0.0
7735,0.25087693333625793,False,0.0
7736,0.3134194314479828,False,0.0
7737,0.37907251715660095,False,0.0
7738,0.009143362753093243,False,0.0
7739,0.29937443137168884,False,0.0
7740,0.7838199734687805,True,1.0
7741,0.6072310209274292,False,0.0
7742,0.3451855182647705,False,0.0
7743,0.358806312084198,False,0.0
7744,0.018239594995975494,False,0.0
7745,0.34556257724761963,False,0.2184981405735016
7746,0.23631350696086884,False,0.0
7747,0.3614456355571747,False,0.0
7748,0.37190866470336914,False,0.0
7749,0.20478306710720062,False,0.0
7750,0.8944195508956909,True,1.0
7751,0.27915534377098083,False,0.0
7752,0.2846696674823761,False,0.0
7753,0.29433146119117737,False,0.0
7754,0.38001513481140137,False,0.0
7755,0.3047473430633545,False,0.0
7756,0.0,False,0.0
7757,0.3070567548274994,False,0.0
7758,0.31832101941108704,False,0.0
7759,0.3284541070461273,False,0.0
7760,0.3381159007549286,False,0.0
7761,0.35008713603019714,False,0.0
7762,0.0,False,0.0
7763,0.36578166484832764,False,0.0
7764,0.3675726354122162,False,0.0
7765,0.3378802537918091,False,0.0
7766,0.4366663098335266,False,0.0
7767,0.44071951508522034,False,0.0
7768,0.0,False,0.0
7769,0.3818061053752899,False,0.0
7770,1.0,True,1.0
7771,0.8260376453399658,False,0.0
7772,0.8184024691581726,False,0.0
7773,0.7449256777763367,False,0.0
7774,0.003440544009208679,False,0.0
7775,0.7332843542098999,False,0.0
7776,0.4777642786502838,False,0.0
7777,0.42813563346862793,False,0.0
7778,0.7524665594100952,True,1.0
7779,0.7332843542098999,False,0.0
7780,0.004053243901580572,False,0.0
7781,0.4676783084869385,False,0.0
7782,0.4299266040325165,False,0.0
7783,0.4421806037425995,False,0.0
7784,0.7204176783561707,True,1.0
7785,0.7066555023193359,False,0.0
7786,0.002497929148375988,False,0.0
7787,0.7009055018424988,False,0.0
7788,0.4805450141429901,False,0.0
7789,0.4327073097229004,False,0.0
7790,0.7265917658805847,False,0.0
7791,0.7398826479911804,True,1.0
7792,0.0,False,0.0
7793,0.46093860268592834,False,0.0
7794,0.4276643395423889,False,0.0
7795,0.4188980162143707,False,0.0
7796,0.4872375428676605,False,0.0
7797,0.44778916239738464,False,0.0
7798,0.0,False,0.0
7799,0.426486074924469,False,0.0
7800,1.0,True,1.0
7801,0.7743352651596069,False,0.0
7802,0.7432289123535156,False,0.0
7803,0.6907536387443542,False,0.0
7804,0.007069610990583897,False,0.0
7805,0.471071720123291,True,0.9280042182654142
7806,0.3376446068286896,False,0.0
7807,0.4254491925239563,False,0.0
7808,0.41418489813804626,False,0.0
7809,0.42054757475852966,False,0.0
7810,0.0,False,0.0
7811,0.41578736901283264,False,0.0
7812,0.30064699053764343,False,0.0
7813,0.6948727965354919,True,1.0
7814,0.401459664106369,False,0.0
7815,0.44500842690467834,False,0.0
7816,0.0022151446901261806,False,0.0
7817,0.4434531331062317,False,0.0
7818,0.3112514019012451,False,0.0
7819,0.4029206931591034,False,0.0
7820,0.44835472106933594,True,0.8922791527584195
7821,0.30861207842826843,False,0.0
7822,0.0,False,0.0
7823,0.39768919348716736,False,0.0
7824,0.37483078241348267,False,0.0
7825,0.38694337010383606,False,0.0
7826,0.35517725348472595,False,0.0
7827,0.48082780838012695,False,0.0
7828,0.01687280461192131,False,0.0
7829,0.29673513770103455,False,0.0
7830,0.9869285225868225,True,1.0
7831,0.4596189558506012,False,0.0
7832,0.30389901995658875,False,0.0
7833,0.39792484045028687,False,0.0
7834,0.008247879333794117,False,0.0
7835,0.34872034192085266,False,0.0
7836,0.24946299195289612,False,0.0
7837,0.357203871011734,False,0.0
7838,0.3657345473766327,True,0.714124983176589
7839,0.30762234330177307,False,0.0
7840,0.008672055788338184,False,0.0
7841,0.30215516686439514,False,0.0
7842,0.28302010893821716,False,0.0
7843,0.21472764015197754,False,0.0
7844,0.32835984230041504,False,0.0
7845,0.39330601692199707,True,0.7701162751764059
7846,0.003440544009208679,False,0.0
7847,0.20746950805187225,False,0.0
7848,0.2799094617366791,False,0.0
7849,0.33509954810142517,False,0.0
7850,0.22019481658935547,False,0.0
7851,0.38878145813941956,True,0.7706818282604218
7852,0.0038647204637527466,False,0.0
7853,0.3712488114833832,False,0.0
7854,0.22094891965389252,False,0.0
7855,0.2786369323730469,False,0.0
7856,0.3252963721752167,False,0.0
7857,0.2849053144454956,False,0.0
7858,0.0,False,0.0
7859,0.3240709602832794,False,0.0
7860,0.8258020281791687,True,1.0
7861,0.35263219475746155,False,0.0
7862,0.37572625279426575,False,0.0
7863,0.42191439867019653,False,0.0
7864,0.017108459025621414,False,0.0
7865,0.2605387270450592,False,0.0
7866,0.39377734065055847,False,0.0
7867,0.39396584033966064,True,0.7537147626280785
7868,0.25205519795417786,False,0.0
7869,0.3674783706665039,False,0.0
7870,0.0031106288079172373,False,0.0
7871,0.36314234137535095,False,0.0
7872,0.2508297860622406,False,0.0
7873,0.3644619882106781,False,0.0
7874,0.37332257628440857,True,0.7404238949529827
7875,0.3392941653728485,False,0.0
7876,0.0,False,0.0
7877,0.3345811069011688,False,0.0
7878,0.332224577665329,False,0.0
7879,0.26911652088165283,False,0.0
7880,0.3784126937389374,False,0.0
7881,0.4341212213039398,True,0.8682424426078796
7882,0.0028749750927090645,False,0.0
7883,0.27665743231773376,False,0.0
7884,0.3268516957759857,False,0.0
7885,0.34542116522789,False,0.0
7886,0.29093804955482483,False,0.0
7887,0.4007526934146881,False,0.0
7888,0.0,False,0.0
7889,0.42247992753982544,False,0.0
7890,0.8452566862106323,True,1.0
7891,0.44939160346984863,False,0.0
7892,0.4568853974342346,False,0.0
7893,0.3963695168495178,False,0.0
7894,0.0,False,0.0
7895,0.42940816283226013,False,0.0
7896,0.4157402515411377,False,0.0
7897,0.3269459307193756,False,0.0
7898,0.3486260771751404,False,0.0
7899,0.44491416215896606,True,0.8898283243179321
7900,0.0,False,0.0
7901,0.31997057795524597,False,0.0
7902,0.400846928358078,False,0.0
7903,0.41036733984947205,False,0.0
7904,0.2963580787181854,False,0.0
7905,0.410414457321167,True,0.820828914642334
7906,0.0,False,0.0
7907,0.38934704661369324,False,0.0
7908,0.32227998971939087,False,0.0
7909,0.40532436966896057,False,0.0
7910,0.418520987033844,False,0.0
7911,0.43996545672416687,True,0.8799309134483337
7912,0.0,False,0.0
7913,0.40127110481262207,False,0.0
7914,0.335382342338562,False,0.0
7915,0.3829372525215149,False,0.0
7916,0.39825472235679626,False,0.0
7917,0.4237053394317627,False,0.0
7918,0.0,False,0.0
7919,0.33901140093803406,False,0.0
7920,0.996077835559845,True,1.0
7921,0.6938266158103943,False,0.0
7922,0.385388046503067,False,0.0
7923,0.6984889507293701,False,0.0
7924,0.000188522957614623,False,0.0
7925,0.39142078161239624,False,0.0
7926,0.3327430188655853,False,0.0
7927,0.41154560446739197,False,0.0
7928,0.4406723976135254,True,0.8809677493118215
7929,0.35333916544914246,False,0.0
7930,0.0,False,0.0
7931,0.4337441921234131,False,0.0
7932,0.37492501735687256,False,0.0
7933,0.3876974582672119,False,0.0
7934,0.40358051657676697,False,0.0
7935,0.39688795804977417,False,0.0
7936,0.0,False,0.0
7937,0.4069267809391022,True,0.8138535618782043
7938,0.3408023715019226,False,0.0
7939,0.40018710494041443,False,0.0
7940,0.3314704895019531,False,0.0
7941,0.3863777816295624,False,0.0
7942,0.0,False,0.0
7943,0.41536322236061096,True,0.8307264447212219
7944,0.38590648770332336,False,0.0
7945,0.3244951367378235,False,0.0
7946,0.36823245882987976,False,0.0
7947,0.3057842254638672,False,0.0
7948,0.0,False,0.0
7949,0.36347225308418274,False,0.0
7950,0.9887827038764954,True,1.0
7951,0.4585820734500885,False,0.0
7952,0.40334486961364746,False,0.0
7953,0.332224577665329,False,0.0
7954,0.0,False,0.0
7955,0.44133225083351135,True,0.8826645016670227
7956,0.4022137224674225,False,0.0
7957,0.30055272579193115,False,0.0
7958,0.38831016421318054,False,0.0
7959,0.35126540064811707,False,0.0
7960,0.0,False,0.0
7961,0.3634251058101654,False,0.0
7962,0.31488046050071716,False,0.0
7963,0.4254020154476166,True,0.8508040308952332
7964,0.3118169605731964,False,0.0
7965,0.3341098129749298,False,0.0
7966,0.0,False,0.0
7967,0.394484281539917,False,0.0
7968,0.24630522727966309,False,0.0
7969,0.3236939311027527,False,0.0
7970,0.42874833941459656,True,0.8574966788291931
7971,0.3018723726272583,False,0.0
7972,0.0,False,0.0
7973,0.3808635175228119,False,0.0
7974,0.32713446021080017,False,0.0
7975,0.34084948897361755,False,0.0
7976,0.3396241068840027,False,0.0
7977,0.42483648657798767,False,0.0
7978,0.0,False,0.0
7979,0.3532920181751251,False,0.0
7980,0.8550091981887817,True,1.0
7981,0.4298323094844818,False,0.0
7982,0.2876860201358795,False,0.0
7983,0.3626239001750946,False,0.0
7984,0.014186352491378784,False,0.0
7985,0.4536333680152893,True,0.878894031047821
7986,0.2824545204639435,False,0.0
7987,0.36257678270339966,False,0.0
7988,0.3800622820854187,False,0.0
7989,0.3175669312477112,False,0.0
7990,0.0053729042410850525,False,0.0
7991,0.4085763394832611,True,0.8064068704843521
7992,0.38981834053993225,False,0.0
7993,0.24060241878032684,False,0.0
7994,0.30366334319114685,False,0.0
7995,0.3720971941947937,False,0.0
7996,0.0,False,0.0
7997,0.31176984310150146,False,0.0
7998,0.3530092239379883,False,0.0
7999,0.39396584033966064,False,0.0
8000,0.8940390944480896,True,1.0
8001,0.3311876952648163,False,0.0
8002,0.0,False,0.0
8003,0.4131951928138733,False,0.0
8004,0.28023937344551086,False,0.0
8005,0.34999287128448486,False,0.0
8006,0.38505813479423523,False,0.0
8007,0.2639792859554291,False,0.0
8008,0.0,False,0.0
8009,0.3570624589920044,False,0.0
8010,0.8464666604995728,True,1.0
8011,0.37501928210258484,False,0.0
8012,0.36761975288391113,False,0.0
8013,0.3791668117046356,False,0.0
8014,0.007493787445127964,False,0.0
8015,0.30526578426361084,False,0.0
8016,0.3066326081752777,False,0.0
8017,0.3342040479183197,False,0.0
8018,0.2514896094799042,False,0.0
8019,0.38505813479423523,False,0.0
8020,0.010745808482170105,False,0.0
8021,0.598691463470459,True,1.0
8022,0.2516310214996338,False,0.0
8023,0.3171427249908447,False,0.0
8024,0.3333085775375366,False,0.0
8025,0.2891470789909363,False,0.0
8026,0.003157759550958872,False,0.0
8027,0.39660516381263733,True,0.7868948085233569
8028,0.3539518415927887,False,0.0
8029,0.3189808428287506,False,0.0
8030,0.31370219588279724,False,0.0
8031,0.3534805476665497,False,0.0
8032,0.006456911098212004,False,0.0
8033,0.3124768137931824,False,0.0
8034,0.3633308708667755,True,0.713747919537127
8035,0.33717331290245056,False,0.0
8036,0.25596705079078674,False,0.0
8037,0.299704372882843,False,0.0
8038,0.0,False,0.0
8039,0.41083866357803345,False,0.0
8040,0.8868653774261475,True,1.0
8041,0.4368548095226288,False,0.0
8042,0.3988674581050873,False,0.0
8043,0.25804078578948975,False,0.0
8044,0.0,False,0.0
8045,0.3150689899921417,False,0.0
8046,0.3517366945743561,False,0.0
8047,0.285376638174057,False,0.0
8048,0.3696935176849365,False,0.0
8049,0.3838798701763153,True,0.7677597403526306
8050,0.013526521623134613,False,0.0
8051,0.23923562467098236,False,0.0
8052,0.3311876952648163,False,0.0
8053,0.3248721957206726,False,0.0
8054,0.24305322766304016,False,0.0
8055,0.3718615472316742,True,0.7166700512170792
8056,0.01333799958229065,False,0.0
8057,0.3655931353569031,False,0.0
8058,0.28924134373664856,False,0.0
8059,0.28811022639274597,False,0.0
8060,0.3211488425731659,False,0.0
8061,0.24559827148914337,False,0.0
8062,0.0,False,0.0
8063,0.35550716519355774,False,0.0
8064,0.36234113574028015,False,0.294472873210907
8065,0.21510469913482666,False,0.0
8066,0.2807578146457672,False,0.0
8067,0.3752078115940094,False,0.0
8068,0.000754091830458492,False,0.0
8069,0.2954154908657074,False,0.0
8070,0.7850351929664612,True,1.0
8071,0.43888145685195923,False,0.0
8072,0.28957125544548035,False,0.0
8073,0.34150931239128113,False,0.0
8074,0.0012253992026671767,False,0.0
8075,0.34810763597488403,False,0.0
8076,0.28047502040863037,False,0.0
8077,0.3550358712673187,False,0.0
8078,0.35550716519355774,True,0.7085635319817811
8079,0.25606128573417664,False,0.0
8080,0.0,False,0.0
8081,0.31440916657447815,False,0.0
8082,0.35055842995643616,False,0.0
8083,0.2487560361623764,False,0.0
8084,0.34848469495773315,False,0.0
8085,0.36776116490364075,True,0.7355223298072815
8086,0.003157759550958872,False,0.0
8087,0.24305322766304016,False,0.0
8088,0.3021080195903778,False,0.0
8089,0.3111099898815155,False,0.0
8090,0.26473337411880493,False,0.0
8091,0.33208319544792175,False,0.0
8092,0.0,False,0.0
8093,0.3743123412132263,True,0.7486246824264526
8094,0.2759033441543579,False,0.0
8095,0.2825016677379608,False,0.0
8096,0.3203476369380951,False,0.0
8097,0.22905538976192474,False,0.0
8098,0.0,False,0.0
8099,0.29419007897377014,False,0.0
8100,0.8229973316192627,True,1.0
8101,0.3660644590854645,False,0.0
8102,0.3593718707561493,False,0.0
8103,0.3747365176677704,False,0.0
8104,0.005467165727168322,False,0.0
8105,0.2493216097354889,False,0.0
8106,0.400846928358078,True,0.7907595252618194
8107,0.37040048837661743,False,0.0
8108,0.2737353444099426,False,0.0
8109,0.3357122540473938,False,0.0
8110,0.0,False,0.0
8111,0.3366548717021942,False,0.0
8112,0.29890313744544983,False,0.0
8113,0.3557899594306946,False,0.0
8114,0.3762446939945221,True,0.7524893879890442
8115,0.28636637330055237,False,0.0
8116,0.0,False,0.0
8117,0.3223271071910858,False,0.0
8118,0.34315893054008484,False,0.0
8119,0.253374844789505,False,0.0
8120,0.3308577835559845,False,0.0
8121,0.3843511641025543,True,0.7687023282051086
8122,0.0,False,0.0
8123,0.24531547725200653,False,0.0
8124,0.3357122540473938,False,0.0
8125,0.31440916657447815,False,0.0
8126,0.28127625584602356,False,0.0
8127,0.3531506359577179,False,0.0
8128,0.0,False,0.0
8129,0.4096603989601135,False,0.0
8130,0.8030263781547546,True,1.0
8131,0.6493193507194519,False,0.0
8132,0.4099903106689453,False,0.0
8133,0.2973478436470032,False,0.0
8134,0.0009426148026250303,False,0.0
8135,0.39071381092071533,True,0.7795423922361806
8136,0.37205004692077637,False,0.0
8137,0.31153416633605957,False,0.0
8138,0.3334028422832489,False,0.0
8139,0.37963810563087463,False,0.0
8140,0.0,False,0.0
8141,0.2313176691532135,False,0.0
8142,0.3846810758113861,False,0.0
8143,0.4404367506504059,True,0.8808735013008118
8144,0.3254377543926239,False,0.0
8145,0.36545175313949585,False,0.0
8146,0.0,False,0.0
8147,0.3674783706665039,False,0.0
8148,0.3128066956996918,False,0.0
8149,0.43275442719459534,True,0.8655088543891907
8150,0.4148447513580322,False,0.0
8151,0.3331671953201294,False,0.0
8152,0.0,False,0.0
8153,0.3229869306087494,False,0.0
8154,0.3603144884109497,False,0.0
8155,0.340189665555954,False,0.0
8156,0.38322004675865173,False,0.0
8157,0.6224180459976196,False,0.0
8158,0.00047130740131251514,False,0.0
8159,0.3117227256298065,False,0.0
8160,0.9308645129203796,True,1.0
8161,0.6919183731079102,False,0.0
8162,0.357675164937973,False,0.0
8163,0.6105577349662781,False,0.0
8164,0.0,False,0.0
8165,0.6099455952644348,True,1.0
8166,0.31337228417396545,False,0.0
8167,0.4315761625766754,False,0.0
8168,0.4122525751590729,False,0.0
8169,0.37077751755714417,False,0.0
8170,0.0,False,0.0
8171,0.4139964282512665,False,0.0
8172,0.42054757475852966,True,0.8279928043484688
8173,0.3873675465583801,False,0.0
8174,0.39816048741340637,False,0.0
8175,0.41555172204971313,False,0.0
8176,0.006551172584295273,False,0.0
8177,0.3209603428840637,False,0.0
8178,0.3953797519207001,False,0.0
8179,0.6757025718688965,True,1.0
8180,0.33736181259155273,False,0.0
8181,0.4335085451602936,False,0.0
8182,0.006786826532334089,False,0.0
8183,0.41060301661491394,False,0.0
8184,0.3196406662464142,False,0.0
8185,0.6288720369338989,True,1.0
8186,0.4255905747413635,False,0.0
8187,0.3799680173397064,False,0.0
8188,0.0,False,0.0
8189,0.37101316452026367,False,0.0
8190,0.9749954342842102,True,1.0
8191,0.7315970063209534,False,0.0
8192,0.6507951617240906,False,0.0
8193,0.6627092361450195,False,0.0
8194,0.016354365274310112,False,0.0
8195,0.36304807662963867,False,0.0
8196,0.40636125206947327,False,0.0
8197,0.6568082571029663,True,1.0
8198,0.36488616466522217,False,0.0
8199,0.6348658204078674,False,0.0
8200,0.005137250758707523,False,0.0
8201,0.6279014945030212,False,0.0
8202,0.3366548717021942,False,0.0
8203,0.4336499273777008,False,0.0
8204,0.4089534282684326,False,0.0
8205,0.399715781211853,False,0.0
8206,0.0,False,0.0
8207,0.43647775053977966,True,0.8729555010795593
8208,0.4085763394832611,False,0.0
8209,0.399244487285614,False,0.0
8210,0.4106972813606262,False,0.0
8211,0.3969350755214691,False,0.0
8212,0.000754091830458492,False,0.0
8213,0.4322360157966614,True,0.8629638479324058
8214,0.3888286054134369,False,0.0
8215,0.4001399576663971,False,0.0
8216,0.36681851744651794,False,0.0
8217,0.38416263461112976,False,0.0
8218,0.0,False,0.0
8219,0.4305392801761627,False,0.0
8220,0.9678860902786255,True,1.0
8221,0.7141332626342773,False,0.0
8222,0.341744989156723,False,0.0
8223,0.657827615737915,False,0.0
8224,0.005042988806962967,False,0.0
8225,0.6374187469482422,True,1.0
8226,0.31558743119239807,False,0.0
8227,0.4060313403606415,False,0.0
8228,0.36658287048339844,False,0.0
8229,0.3132780194282532,False,0.0
8230,0.0,False,0.0
8231,0.38175898790359497,False,0.0
8232,0.3821360468864441,True,0.7642720937728882
8233,0.2612456977367401,False,0.0
8234,0.3611157238483429,False,0.0
8235,0.31106287240982056,False,0.0
8236,0.008577794767916203,False,0.0
8237,0.21123996376991272,False,0.0
8238,0.32562628388404846,True,0.6340969782322645
8239,0.32133737206459045,False,0.0
8240,0.29777202010154724,False,0.0
8241,0.29824331402778625,False,0.0
8242,0.0,False,0.0
8243,0.3065854609012604,False,0.1964409351348877
8244,0.20836499333381653,False,0.0
8245,0.3105444610118866,False,0.0
8246,0.3644619882106781,False,0.0
8247,0.20294494926929474,False,0.0
8248,0.0,False,0.0
8249,0.29362449049949646,False,0.0
8250,0.8926276564598083,True,1.0
8251,0.3178968131542206,False,0.0
8252,0.3491916358470917,False,0.0
8253,0.37563198804855347,False,0.0
8254,0.01484618242830038,False,0.0
8255,0.22094891965389252,False,0.0
8256,0.2968294024467468,False,0.0
8257,0.3096018135547638,False,0.0
8258,0.25365763902664185,False,0.0
8259,0.34386587142944336,False,0.0
8260,0.01866377331316471,False,0.0
8261,0.36116287112236023,True,0.6926333773881197
8262,0.2001171112060547,False,0.0
8263,0.26718416810035706,False,0.0
8264,0.3118169605731964,False,0.0
8265,0.16580593585968018,False,0.0
8266,0.0023094061762094498,False,0.0
8267,0.32157301902770996,True,0.638527225703001
8268,0.311958372592926,False,0.0
8269,0.18814592063426971,False,0.0
8270,0.2599260210990906,False,0.0
8271,0.2801451086997986,False,0.0
8272,0.016684282571077347,False,0.0
8273,0.16406209766864777,False,0.0
8274,0.27571484446525574,True,0.5180611237883568
8275,0.27109602093696594,False,0.0
8276,0.19728927314281464,False,0.0
8277,0.23037505149841309,False,0.0
8278,0.0014610529178753495,False,0.0
8279,0.2523379921913147,False,0.0
8280,0.9654004573822021,True,1.0
8281,0.5876345634460449,False,0.0
8282,0.22316403687000275,False,0.0
8283,0.33024510741233826,False,0.0
8284,0.026251820847392082,False,0.0
8285,0.28405696153640747,False,0.0
8286,0.12791281938552856,False,0.0
8287,0.3300565481185913,True,0.6076094545423985
8288,0.3152575194835663,False,0.0
8289,0.16863378882408142,False,0.0
8290,0.0,False,0.0
8291,0.2425347864627838,False,0.0
8292,0.2943786084651947,False,0.0
8293,0.1572752743959427,False,0.0
8294,0.32826560735702515,True,0.6565312147140503
8295,0.32633325457572937,False,0.0
8296,0.012819561176002026,False,0.0
8297,0.14454998075962067,False,0.0
8298,0.25078266859054565,False,0.0
8299,0.24946299195289612,False,0.0
8300,0.16274243593215942,False,0.0
8301,0.29051387310028076,False,0.0
8302,0.0026393213775008917,False,0.0
8303,0.32826560735702515,True,0.6565312147140503
8304,0.15491873025894165,False,0.0
8305,0.22891400754451752,False,0.0
8306,0.2575223445892334,False,0.0
8307,0.13578365743160248,False,0.0
8308,0.0,False,0.0
8309,0.26812678575515747,False,0.0
8310,0.7448261380195618,True,1.0
8311,0.3412265479564667,False,0.0
8312,0.35866492986679077,False,0.0
8313,0.34212204813957214,False,0.0
8314,0.022292839363217354,False,0.0
8315,0.23937702178955078,False,0.0
8316,0.3545645475387573,True,0.6645434163510799
8317,0.3514067828655243,False,0.0
8318,0.18399840593338013,False,0.0
8319,0.28495246171951294,False,0.0
8320,0.005278642755001783,False,0.0
8321,0.29913878440856934,False,0.0
8322,0.17428946495056152,False,0.0
8323,0.33566510677337646,False,0.0
8324,0.35022851824760437,True,0.6820760481059551
8325,0.18564797937870026,False,0.0
8326,0.009379017166793346,False,0.0
8327,0.284763902425766,False,0.0
8328,0.2892884910106659,False,0.0
8329,0.19530978798866272,False,0.0
8330,0.3256734013557434,True,0.6325887683779001
8331,0.3101674020290375,False,0.0
8332,0.010651546530425549,False,0.0
8333,0.2016253024339676,False,0.0
8334,0.22943244874477386,False,0.0
8335,0.26091575622558594,False,0.2083178460597992
8336,0.15675683319568634,False,0.0
8337,0.29140934348106384,False,0.0
8338,0.009190494194626808,False,0.0
8339,0.5411695837974548,False,0.0
8340,0.6490778923034668,True,1.0
8341,0.49715104699134827,False,0.0
8342,0.36139851808547974,False,0.0
8343,0.21727271378040314,False,0.0
8344,0.014327744022011757,False,0.0
8345,0.36408495903015137,True,0.6995144300162792
8346,0.33024510741233826,False,0.0
8347,0.12258704751729965,False,0.0
8348,0.2540818154811859,False,0.0
8349,0.264544814825058,False,0.0
8350,0.027995659038424492,False,0.0
8351,0.13993117213249207,False,0.0
8352,0.3251078426837921,True,0.5942243672907352
8353,0.3234582841396332,False,0.0
8354,0.19144505262374878,False,0.0
8355,0.27665743231773376,False,0.0
8356,0.009614670649170876,False,0.0
8357,0.308800607919693,False,0.0
8358,0.1703304946422577,False,0.0
8359,0.33344995975494385,True,0.6476705782115459
8360,0.3128538429737091,False,0.0
8361,0.2190636694431305,False,0.0
8362,0.003016367321833968,False,0.0
8363,0.2552129626274109,False,0.0
8364,0.24451427161693573,False,0.0
8365,0.1567097157239914,False,0.0
8366,0.2622825801372528,False,0.0
8367,0.527615487575531,False,0.0
8368,0.021821532398462296,False,0.0
8369,0.21656575798988342,False,0.0
8370,0.6614183187484741,True,1.0
8371,0.5460668206214905,False,0.0
8372,0.18889999389648438,False,0.0
8373,0.5170102119445801,False,0.0
8374,0.035772230476140976,False,0.0
8375,0.3784126937389374,True,0.6852809265255928
8376,0.14605815708637238,False,0.0
8377,0.26647719740867615,False,0.0
8378,0.24559827148914337,False,0.0
8379,0.1642034947872162,False,0.0
8380,0.0,False,0.0
8381,0.30229654908180237,False,0.18164187669754028
8382,0.29720643162727356,False,0.0
8383,0.21147561073303223,False,0.0
8384,0.2508297860622406,False,0.0
8385,0.32039475440979004,False,0.0
8386,0.02149161696434021,False,0.0
8387,0.2373032569885254,False,0.0
8388,0.32817134261131287,True,0.644560000859201
8389,0.3272758424282074,False,0.0
8390,0.19375446438789368,False,0.0
8391,0.3047473430633545,False,0.0
8392,0.005891342181712389,False,0.0
8393,0.27731725573539734,False,0.18503525853157043
8394,0.18479962646961212,False,0.0
8395,0.28297296166419983,False,0.0
8396,0.3003641963005066,False,0.0
8397,0.20223799347877502,False,0.0
8398,0.02036047913134098,False,0.0
8399,0.22259847819805145,False,0.0
8400,0.7141955494880676,True,1.0
8401,0.3514067828655243,False,0.0
8402,0.3597489297389984,False,0.0
8403,0.3760090470314026,False,0.0
8404,0.027005914598703384,False,0.0
8405,0.19615814089775085,False,0.0
8406,0.27731725573539734,False,0.0
8407,0.2815590500831604,False,0.0
8408,0.16509898006916046,False,0.0
8409,0.3595132529735565,True,0.6650146767497063
8410,0.02031334862112999,False,0.0
8411,0.3358065187931061,False,0.0
8412,0.12470793724060059,False,0.0
8413,0.27628037333488464,False,0.0
8414,0.29131510853767395,False,0.0
8415,0.21453912556171417,False,0.0
8416,0.0026864521205425262,False,0.0
8417,0.3277471661567688,False,0.0
8418,0.33773887157440186,True,0.6701048389077187
8419,0.20794081687927246,False,0.0
8420,0.29522693157196045,False,0.0
8421,0.3043231666088104,False,0.0
8422,0.005938473157584667,False,0.0
8423,0.1587834656238556,False,0.0
8424,0.3276057541370392,True,0.643334561958909
8425,0.3068682551383972,False,0.0
8426,0.19728927314281464,False,0.0
8427,0.25398755073547363,False,0.0
8428,0.0015553144039586186,False,0.0
8429,0.3802979290485382,False,0.0
8430,0.6894049644470215,True,1.0
8431,0.5558046698570251,False,0.0
8432,0.5022886395454407,False,0.0
8433,0.21138136088848114,False,0.0
8434,0.001413922174833715,False,0.0
8435,0.2981961667537689,False,0.0
8436,0.27778857946395874,False,0.0
8437,0.13540661334991455,False,0.0
8438,0.3295852541923523,True,0.6438058884814382
8439,0.2954154908657074,False,0.0
8440,0.01908794976770878,False,0.0
8441,0.127252995967865,False,0.0
8442,0.22910252213478088,False,0.0
8443,0.3072924315929413,False,0.0
8444,0.19252906739711761,False,0.0
8445,0.32246851921081543,False,0.0
8446,0.007682309951633215,False,0.0
8447,0.35819360613822937,True,0.6946128103882074
8448,0.1818775236606598,False,0.0
8449,0.22354109585285187,False,0.0
8450,0.2858007848262787,False,0.0
8451,0.17721156775951385,False,0.0
8452,0.010887200944125652,False,0.0
8453,0.3174726665019989,False,0.27628040313720703
8454,0.2777414321899414,False,0.0
8455,0.17933246493339539,False,0.0
8456,0.21929931640625,False,0.0
8457,0.5158523321151733,False,0.0
8458,0.018239594995975494,False,0.0
8459,0.26195263862609863,False,0.0
8460,0.7098106741905212,True,1.0
8461,0.6187398433685303,False,0.0
8462,0.26845666766166687,False,0.0
8463,0.3378802537918091,False,0.0
8464,0.022999800741672516,False,0.0
8465,0.3623882532119751,True,0.6787769049406052
8466,0.14912165701389313,False,0.0
8467,0.34108516573905945,False,0.0
8468,0.33250734210014343,False,0.0
8469,0.11301951855421066,False,0.0
8470,0.0,False,0.0
8471,0.2891470789909363,False,0.0
8472,0.29305893182754517,False,0.0
8473,0.25205519795417786,False,0.0
8474,0.2979605197906494,False,0.0
8475,0.35286784172058105,True,0.6809449139982462
8476,0.01908794976770878,False,0.0
8477,0.2606329917907715,False,0.0
8478,0.31012025475502014,False,0.0
8479,0.3034748435020447,False,0.0
8480,0.23607785999774933,False,0.0
8481,0.31841525435447693,False,0.0
8482,0.012395384721457958,False,0.0
8483,0.5419427752494812,True,1.0
8484,0.22636893391609192,False,0.0
8485,0.27708160877227783,False,0.0
8486,0.31997057795524597,False,0.0
8487,0.225190669298172,False,0.0
8488,0.004288897383958101,False,0.0
8489,0.3319418132305145,False,0.0
8490,0.8450685143470764,True,1.0
8491,0.6169926524162292,False,0.0
8492,0.5916646122932434,False,0.0
8493,0.5714105367660522,False,0.0
8494,0.02201005630195141,False,0.0
8495,0.676835834980011,True,0.6584932804107666
8496,0.3475891947746277,False,0.0
8497,0.5477158427238464,False,0.0
8498,0.3822774291038513,False,0.0
8499,0.6269988417625427,False,0.0
8500,0.8984147906303406,True,1.0
8501,0.4023551046848297,False,0.0
8502,0.31186410784721375,False,0.0
8503,0.32652175426483154,False,0.0
8504,0.38147619366645813,False,0.0
8505,0.31568166613578796,False,0.0
8506,0.0,False,0.0
8507,0.40376901626586914,True,0.8075380325317383
8508,0.32812419533729553,False,0.0
8509,0.4009883403778076,False,0.0
8510,0.32133737206459045,False,0.0
8511,0.32953813672065735,False,0.0
8512,0.0,False,0.0
8513,0.4295966625213623,True,0.8591933250427246
8514,0.3672427237033844,False,0.0
8515,0.357203871011734,False,0.0
8516,0.3723328411579132,False,0.0
8517,0.4004227817058563,False,0.0
8518,0.0,False,0.0
8519,0.7216901779174805,False,0.0
8520,1.0,True,1.0
8521,0.8381502628326416,False,0.0
8522,0.7818761467933655,False,0.0
8523,0.758027970790863,False,0.0
8524,0.019606387242674828,False,0.0
8525,0.7628353238105774,True,1.0
8526,0.4432174861431122,False,0.0
8527,0.3180382251739502,False,0.0
8528,0.46753692626953125,False,0.0
8529,0.6971350312232971,False,0.0
8530,0.008954840712249279,False,0.0
8531,0.4122525751590729,False,0.0
8532,0.4656517207622528,False,0.0
8533,0.4829486906528473,False,0.0
8534,0.396086722612381,False,0.0
8535,0.720323383808136,False,0.0
8536,0.0012725299457088113,False,0.0
8537,0.7204546928405762,True,1.0
8538,0.48177042603492737,False,0.0
8539,0.4884158670902252,False,0.0
8540,0.46117424964904785,False,0.0
8541,0.41809678077697754,False,0.0
8542,0.003958981949836016,False,0.0
8543,0.467395544052124,False,0.0
8544,0.7571324706077576,True,1.0
8545,0.36865663528442383,False,0.0
8546,0.4771987497806549,False,0.0
8547,0.7487244009971619,False,0.0
8548,0.01856951229274273,False,0.0
8549,0.4530206620693207,False,0.0
8550,0.9996764659881592,True,1.0
8551,0.770359456539154,False,0.0
8552,0.4061727225780487,False,0.0
8553,0.46975207328796387,False,0.0
8554,0.017721157521009445,False,0.0
8555,0.6665516495704651,True,1.0
8556,0.3903367817401886,False,0.0
8557,0.4760204255580902,False,0.0
8558,0.4955325722694397,False,0.0
8559,0.39165642857551575,False,0.0
8560,0.0,False,0.0
8561,0.43925848603248596,False,0.0
8562,0.49100804328918457,False,0.0
8563,0.3720971941947937,False,0.0
8564,0.48337283730506897,False,0.0
8565,0.6629634499549866,True,1.0
8566,0.017249850556254387,False,0.0
8567,0.3841155171394348,False,0.0
8568,0.44119080901145935,False,0.0
8569,0.4173426628112793,False,0.0
8570,0.35046419501304626,False,0.0
8571,0.43544086813926697,False,0.0
8572,0.008295009844005108,False,0.0
8573,0.4608914852142334,True,0.9051929507404566
8574,0.38439831137657166,False,0.0
8575,0.39330601692199707,False,0.0
8576,0.41409069299697876,False,0.0
8577,0.3461281359195709,False,0.0
8578,0.0026864521205425262,False,0.0
8579,0.38911136984825134,False,0.0
8580,0.9956877827644348,True,1.0
8581,0.45184239745140076,False,0.0
8582,0.47286269068717957,False,0.0
8583,0.4599017798900604,False,0.0
8584,0.010557285510003567,False,0.0
8585,0.3176611661911011,False,0.0
8586,0.44430145621299744,True,0.8674883414059877
8587,0.4339798390865326,False,0.0
8588,0.3298209011554718,False,0.0
8589,0.37860122323036194,False,0.0
8590,0.003440544009208679,False,0.0
8591,0.4192279279232025,False,0.0
8592,0.3291139304637909,False,0.0
8593,0.421537309885025,False,0.0
8594,0.4348753094673157,True,0.8457139432430267
8595,0.36314234137535095,False,0.0
8596,0.012018337845802307,False,0.0
8597,0.37709304690361023,False,0.0
8598,0.40367481112480164,False,0.0
8599,0.2811819911003113,False,0.0
8600,0.41705989837646484,False,0.0
8601,0.4466108977794647,True,0.8863407075405121
8602,0.014422005973756313,False,0.0
8603,0.29616957902908325,False,0.0
8604,0.380156546831131,False,0.0
8605,0.3376446068286896,False,0.0
8606,0.32812419533729553,False,0.0
8607,0.34523266553878784,False,0.0
8608,0.0,False,0.0
8609,0.46452054381370544,False,0.0
8610,0.9171134233474731,True,1.0
8611,0.6265893578529358,False,0.0
8612,0.44317030906677246,False,0.0
8613,0.3181796073913574,False,0.0
8614,0.0169199351221323,False,0.0
8615,0.42653319239616394,False,0.0
8616,0.43091636896133423,False,0.2627067565917969
8617,0.2995629906654358,False,0.0
8618,0.35112401843070984,False,0.0
8619,0.44189783930778503,False,0.0
8620,0.000754091830458492,False,0.0
8621,0.30191951990127563,False,0.0
8622,0.48002657294273376,True,0.9585449622245505
8623,0.4446313977241516,False,0.0
8624,0.31313663721084595,False,0.0
8625,0.3646034002304077,False,0.0
8626,0.013290869072079659,False,0.0
8627,0.4060313403606415,False,0.0
8628,0.37421807646751404,False,0.0
8629,0.38623639941215515,False,0.0
8630,0.4541046619415283,True,0.8816275857388973
8631,0.30979034304618835,False,0.0
8632,0.007069610990583897,False,0.0
8633,0.359937459230423,False,0.0
8634,0.39156219363212585,False,0.0
8635,0.3016367256641388,False,0.0
8636,0.36601731181144714,False,0.0
8637,0.3791196644306183,False,0.0
8638,0.0,False,0.0
8639,0.302909255027771,False,0.0
8640,0.9766248464584351,True,1.0
8641,0.4933174252510071,False,0.0
8642,0.3211959898471832,False,0.0
8643,0.38048645853996277,False,0.0
8644,0.01456339843571186,False,0.0
8645,0.35989031195640564,False,0.0
8646,0.2238238900899887,False,0.0
8647,0.43393269181251526,True,0.8387385867536068
8648,0.3802036643028259,False,0.0
8649,0.2644977271556854,False,0.0
8650,0.003157759550958872,False,0.0
8651,0.3681381940841675,False,0.0
8652,0.3437716066837311,False,0.0
8653,0.44595104455947876,True,0.8855865700170398
8654,0.3802979290485382,False,0.0
8655,0.37676313519477844,False,0.0
8656,0.0,False,0.0
8657,0.37572625279426575,False,0.0
8658,0.37261563539505005,False,0.0
8659,0.4456682801246643,True,0.8913365602493286
8660,0.33264875411987305,False,0.0
8661,0.40584278106689453,False,0.0
8662,0.0,False,0.0
8663,0.3852466642856598,False,0.0
8664,0.41116857528686523,True,0.8223371505737305
8665,0.40160104632377625,False,0.0
8666,0.3381630480289459,False,0.0
8667,0.38161760568618774,False,0.0
8668,0.0,False,0.0
8669,0.4624939560890198,False,0.0
8670,1.0,True,1.0
8671,0.7924805879592896,False,0.0
8672,0.6642308235168457,False,0.0
8673,0.4922805726528168,False,0.0
8674,0.01569453626871109,False,0.0
8675,0.4078693985939026,False,0.0
8676,0.3880273699760437,False,0.0
8677,0.4632008969783783,True,0.8950127214193344
8678,0.4352523982524872,False,0.0
8679,0.3457511067390442,False,0.0
8680,0.011829814873635769,False,0.0
8681,0.36893942952156067,False,0.0
8682,0.367902547121048,False,0.0
8683,0.45203089714050293,True,0.8804021645337343
8684,0.3391527831554413,False,0.0
8685,0.35381045937538147,False,0.0
8686,0.0032048902940005064,False,0.0
8687,0.39627525210380554,False,0.0
8688,0.4004698693752289,True,0.7945299581624568
8689,0.37341684103012085,False,0.0
8690,0.328548401594162,False,0.0
8691,0.35739240050315857,False,0.0
8692,0.0,False,0.0
8693,0.45287925004959106,True,0.9021765640936792
8694,0.3103087842464447,False,0.0
8695,0.3727570176124573,False,0.0
8696,0.31704849004745483,False,0.0
8697,0.37120169401168823,False,0.0
8698,0.0017909680027514696,False,0.0
8699,0.3243066072463989,False,0.0
8700,0.987106204032898,True,1.0
8701,0.6913448572158813,False,0.0
8702,0.4305392801761627,False,0.0
8703,0.2279713898897171,False,0.0
8704,0.0005184381152503192,False,0.0
8705,0.3442429006099701,False,0.0
8706,0.35296210646629333,False,0.0
8707,0.38406839966773987,False,0.0
8708,0.3970293402671814,True,0.7685138192027807
8709,0.22985661029815674,False,0.0
8710,0.012772430665791035,False,0.0
8711,0.30342769622802734,False,0.0
8712,0.3263803720474243,False,0.0
8713,0.2744894325733185,False,0.0
8714,0.3301508128643036,False,0.0
8715,0.3961338698863983,True,0.7582393474876881
8716,0.025921905413269997,False,0.0
8717,0.2893827259540558,False,0.0
8718,0.31304237246513367,False,0.0
8719,0.37341684103012085,False,0.0
8720,0.24154503643512726,False,0.0
8721,0.3480604887008667,False,0.0
8722,0.017014196142554283,False,0.0
8723,0.40876489877700806,True,0.8164929213235155
8724,0.22745294868946075,False,0.0
8725,0.3087063431739807,False,0.0
8726,0.34560972452163696,False,0.0
8727,0.22962096333503723,False,0.0
8728,0.0,False,0.0
8729,0.34339457750320435,False,0.0
8730,0.9008277654647827,True,1.0
8731,0.4080108106136322,False,0.0
8732,0.42804136872291565,False,0.0
8733,0.42940816283226013,False,0.0
8734,0.01536461990326643,False,0.0
8735,0.2515367567539215,False,0.0
8736,0.3750664293766022,True,0.6989488787949085
8737,0.35828787088394165,False,0.0
8738,0.2648276090621948,False,0.0
8739,0.2959810197353363,False,0.0
8740,0.02559198997914791,False,0.0
8741,0.3694107234477997,False,0.0
8742,0.222787007689476,False,0.0
8743,0.3906666934490204,False,0.0
8744,0.447176456451416,True,0.8636236730962992
8745,0.2174612283706665,False,0.0
8746,0.00697534903883934,False,0.0
8747,0.36257678270339966,False,0.0
8748,0.3627181649208069,False,0.0
8749,0.20492444932460785,False,0.0
8750,0.894120454788208,True,1.0
8751,0.40457025170326233,False,0.0
8752,0.015788797289133072,False,0.0
8753,0.20266218483448029,False,0.0
8754,0.24969863891601562,False,0.0
8755,0.3391527831554413,True,0.6467279717326164
8756,0.2798151969909668,False,0.0
8757,0.30908340215682983,False,0.0
8758,0.009803193621337414,False,0.0
8759,0.48276016116142273,False,0.0
8760,0.8188967704772949,True,1.0
8761,0.4779999256134033,False,0.0
8762,0.455141544342041,False,0.0
8763,0.30328628420829773,False,0.0
8764,0.011688423343002796,False,0.0
8765,0.44029536843299866,True,0.8572138901799917
8766,0.39976292848587036,False,0.0
8767,0.2225513458251953,False,0.0
8768,0.36752551794052124,False,0.0
8769,0.33981260657310486,False,0.0
8770,0.02031334862112999,False,0.0
8771,0.18079350888729095,False,0.0
8772,0.38232454657554626,True,0.7240223959088326
8773,0.34857892990112305,False,0.0
8774,0.2599260210990906,False,0.0
8775,0.31106287240982056,False,0.0
8776,0.005278642755001783,False,0.0
8777,0.37261563539505005,False,0.0
8778,0.25676825642585754,False,0.0
8779,0.37619754672050476,False,0.0
8780,0.45933619141578674,True,0.9081150973215699
8781,0.2755262851715088,False,0.0
8782,0.0033934132661670446,False,0.0
8783,0.36663001775741577,False,0.0
8784,0.3603144884109497,False,0.0
8785,0.2556842565536499,False,0.0
8786,0.41913366317749023,False,0.0
8787,0.5041103959083557,False,0.0
8788,0.009567540138959885,False,0.0
8789,0.340189665555954,False,0.0
8790,0.9109815955162048,True,1.0
8791,0.5543517470359802,False,0.0
8792,0.42144307494163513,False,0.0
8793,0.5268745422363281,False,0.0
8794,0.027477219700813293,False,0.0
8795,0.5367719531059265,True,1.0
8796,0.297017902135849,False,0.0
8797,0.40461739897727966,False,0.0
8798,0.446092426776886,False,0.0
8799,0.28924134373664856,False,0.0
8800,0.0,False,0.0
8801,0.4654160439968109,True,0.8943528980016708
8802,0.43275442719459534,False,0.0
8803,0.3045588433742523,False,0.0
8804,0.4486846625804901,False,0.0
8805,0.43935275077819824,False,0.0
8806,0.018239594995975494,False,0.0
8807,0.31403210759162903,False,0.0
8808,0.46951642632484436,True,0.9164100978523493
8809,0.46833816170692444,False,0.0
8810,0.45273786783218384,False,0.0
8811,0.4282298982143402,False,0.0
8812,0.01131137739866972,False,0.0
8813,0.4555656909942627,False,0.2268872857093811
8814,0.34212204813957214,False,0.0
8815,0.46404924988746643,False,0.0
8816,0.49883174896240234,False,0.0
8817,0.39142078161239624,False,0.0
8818,0.0,False,0.0
8819,0.5189093947410583,False,0.0
8820,0.9768447875976562,True,1.0
8821,0.7735891938209534,False,0.0
8822,0.536017894744873,False,0.0
8823,0.5143377184867859,False,0.0
8824,0.008907709270715714,False,0.0
8825,0.3478248417377472,False,0.0
8826,0.46442627906799316,False,0.0
8827,0.48313719034194946,False,0.0
8828,0.4847867488861084,False,0.0
8829,0.44731783866882324,False,0.0
8830,0.0032048902940005064,False,0.0
8831,0.35390469431877136,False,0.0
8832,0.49152645468711853,True,0.976643128786236
8833,0.47941383719444275,False,0.0
8834,0.41130995750427246,False,0.0
8835,0.4391642212867737,False,0.0
8836,0.003063497832044959,False,0.0
8837,0.4768688380718231,False,0.0
8838,0.37153160572052,False,0.0
8839,0.4558485150337219,False,0.0
8840,0.508399248123169,False,0.0
8841,0.5153746008872986,True,1.0
8842,0.0,False,0.0
8843,0.4278528392314911,False,0.0
8844,0.47262701392173767,False,0.0
8845,0.3895355463027954,False,0.0
8846,0.4725799262523651,False,0.0
8847,0.8080726265907288,False,0.0
8848,0.00579708069562912,False,0.0
8849,0.39938589930534363,False,0.0
8850,0.9998315572738647,True,1.0
8851,0.7523590922355652,False,0.0
8852,0.4600902497768402,False,0.0
8853,0.8028097152709961,False,0.0
8854,0.019464995712041855,False,0.0
8855,0.743628203868866,True,1.0
8856,0.4175783097743988,False,0.0
8857,0.5486960411071777,False,0.0
8858,0.5546345114707947,False,0.0
8859,0.5460096001625061,False,0.0
8860,0.011499900370836258,False,0.0
8861,0.5538804531097412,False,0.0
8862,0.5581693053245544,False,0.0
8863,0.43463966250419617,False,0.0
8864,0.5178725719451904,False,0.0
8865,0.7899886965751648,True,1.0
8866,0.011405638419091702,False,0.0
8867,0.42262133955955505,False,0.0
8868,0.5240466594696045,False,0.0
8869,0.5430874824523926,False,0.0
8870,0.4449613094329834,False,0.0
8871,0.7898883819580078,True,1.0
8872,0.007493787445127964,False,0.0
8873,0.5150446891784668,False,0.0
8874,0.4214901924133301,False,0.0
8875,0.48704907298088074,False,0.0
8876,0.5379502177238464,False,0.0
8877,0.4943543076515198,False,0.0
8878,0.0,False,0.0
8879,0.43855151534080505,False,0.0
8880,1.0,True,1.0
8881,0.5749949812889099,False,0.0
8882,0.5420506000518799,False,0.0
8883,0.7971173524856567,False,0.0
8884,0.014704790897667408,False,0.0
8885,0.40381619334220886,False,0.0
8886,0.49572110176086426,False,0.0
8887,0.5325302481651306,False,0.0
8888,0.4575451910495758,False,0.0
8889,0.8221476674079895,True,1.0
8890,0.020643262192606926,False,0.0
8891,0.5414379239082336,False,0.0
8892,0.44364163279533386,False,0.0
8893,0.5028378367424011,False,0.0
8894,0.5379502177238464,False,0.0
8895,0.5504870414733887,True,1.0
8896,0.00348767451941967,False,0.0
8897,0.5461509823799133,False,0.0
8898,0.5379502177238464,False,0.0
8899,0.4482133388519287,False,0.0
8900,0.5159873366355896,False,0.0
8901,0.8023326992988586,True,1.0
8902,0.0062683881260454655,False,0.0
8903,0.41720128059387207,False,0.0
8904,0.5193336009979248,False,0.0
8905,0.5576980113983154,False,0.0
8906,0.45631980895996094,False,0.0
8907,0.7737765312194824,False,0.0
8908,0.001508183660916984,False,0.0
8909,0.5539276003837585,False,0.0
8910,1.0,True,1.0
8911,0.7580476999282837,False,0.0
8912,0.5790011286735535,False,0.0
8913,0.5503928065299988,False,0.0
8914,0.013149476610124111,False,0.0
8915,0.5238110423088074,False,0.0
8916,0.5281941890716553,False,0.0
8917,0.43011513352394104,False,0.0
8918,0.5354052186012268,False,0.0
8919,0.8264510631561279,True,1.0
8920,0.009379017166793346,False,0.0
8921,0.4469408094882965,False,0.0
8922,0.4862007200717926,False,0.0
8923,0.548837423324585,False,0.0
8924,0.46178698539733887,False,0.0
8925,0.8444697856903076,True,1.0
8926,0.026487475261092186,False,0.0
8927,0.5521837472915649,False,0.0
8928,0.5059013366699219,False,0.0
8929,0.5155631899833679,False,0.0
8930,0.5257434248924255,False,0.0
8931,0.5310691595077515,False,0.0
8932,0.005090119782835245,False,0.0
8933,0.5023193955421448,False,0.0
8934,0.5556713938713074,False,0.19285893440246582
8935,0.45924192667007446,False,0.0
8936,0.47342824935913086,False,0.0
8937,0.7401323318481445,False,0.0
8938,0.011452769860625267,False,0.0
8939,0.5239995718002319,False,0.0
8940,0.9832375049591064,True,1.0
8941,0.7513097524642944,False,0.0
8942,0.44604530930519104,False,0.0
8943,0.5192865133285522,False,0.0
8944,0.014657660387456417,False,0.0
8945,0.5723085403442383,False,0.0
8946,0.42247992753982544,False,0.0
8947,0.5175426602363586,False,0.0
8948,0.5786240696907043,True,1.0
8949,0.4728155732154846,False,0.0
8950,0.008954840712249279,False,0.0
8951,0.5652389526367188,False,0.0
8952,0.48139333724975586,False,0.0
8953,0.439211368560791,False,0.0
8954,0.5364891886711121,False,0.0
8955,0.5682553648948669,True,1.0
8956,0.006504041608422995,False,0.0
8957,0.4866720139980316,False,0.0
8958,0.48992401361465454,False,0.0
8959,0.47022339701652527,False,0.0
8960,0.40527722239494324,False,0.0
8961,0.5050529837608337,False,0.0
8962,0.014799050986766815,False,0.0
8963,0.7342908978462219,True,1.0
8964,0.4122996926307678,False,0.0
8965,0.44293466210365295,False,0.0
8966,0.4884158670902252,False,0.0
8967,0.39076095819473267,False,0.0
8968,0.0,False,0.0
8969,0.5179197192192078,False,0.0
8970,0.960117518901825,True,1.0
8971,0.5270630717277527,False,0.0
8972,0.48742610216140747,False,0.0
8973,0.48992401361465454,False,0.0
8974,0.017815418541431427,False,0.0
8975,0.40438175201416016,False,0.0
8976,0.46659430861473083,False,0.0
8977,0.48337283730506897,False,0.0
8978,0.4326130449771881,False,0.0
8979,0.4505227208137512,False,0.0
8980,0.005844211671501398,False,0.0
8981,0.5470936298370361,True,1.0
8982,0.3622468411922455,False,0.0
8983,0.4883687198162079,False,0.0
8984,0.52602618932724,False,0.0
8985,0.39236339926719666,False,0.0
8986,0.0013196606887504458,False,0.0
8987,0.4956739842891693,False,0.0
8988,0.4555656909942627,False,0.0
8989,0.3755377233028412,False,0.0
8990,0.49454283714294434,False,0.0
8991,0.5113213658332825,True,1.0
8992,0.008624925278127193,False,0.0
8993,0.46994057297706604,False,0.0
8994,0.4105087220668793,False,0.0
8995,0.46428489685058594,False,0.0
8996,0.38727328181266785,False,0.0
8997,0.4302093982696533,False,0.0
8998,0.0,False,0.0
8999,0.4751249849796295,False,0.0
9000,0.8985527753829956,True,1.0
9001,0.4729098379611969,False,0.0
9002,0.34433719515800476,False,0.0
9003,0.4388342797756195,False,0.0
9004,0.0038647204637527466,False,0.0
9005,0.4620697498321533,True,0.9164100587368011
9006,0.2945671081542969,False,0.0
9007,0.45273786783218384,False,0.0
9008,0.42950239777565,False,0.0
9009,0.3839741349220276,False,0.0
9010,0.0,False,0.0
9011,0.4410494267940521,False,0.0
9012,0.3978305757045746,False,0.0
9013,0.3345339894294739,False,0.0
9014,0.4096603989601135,False,0.0
9015,0.4744180142879486,True,0.9338484536856413
9016,0.007493787445127964,False,0.0
9017,0.4557071328163147,False,0.0
9018,0.3842097818851471,False,0.0
9019,0.4260147511959076,False,0.0
9020,0.3221857249736786,False,0.0
9021,0.4425105154514313,False,0.0
9022,0.008059356361627579,False,0.0
9023,0.5218315124511719,True,1.0
9024,0.3360421657562256,False,0.0
9025,0.37723442912101746,False,0.0
9026,0.4086706340312958,False,0.0
9027,0.3338741660118103,False,0.0
9028,0.0,False,0.0
9029,0.37817704677581787,False,0.0
9030,0.9973461627960205,True,1.0
9031,0.4927518963813782,False,0.0
9032,0.4841269552707672,False,0.0
9033,0.47804710268974304,False,0.0
9034,0.013479391112923622,False,0.0
9035,0.3608800768852234,False,0.0
9036,0.6815803647041321,True,1.0
9037,0.47668027877807617,False,0.0
9038,0.3425461947917938,False,0.0
9039,0.425354927778244,False,0.0
9040,0.004194635432213545,False,0.0
9041,0.4697991907596588,False,0.15930187702178955
9042,0.39014825224876404,False,0.0
9043,0.4425105154514313,False,0.0
9044,0.5018952488899231,False,0.0
9045,0.3875560462474823,False,0.0
9046,0.0,False,0.0
9047,0.3783184289932251,False,0.0
9048,0.6702635288238525,True,1.0
9049,0.3754434585571289,False,0.0
9050,0.41800251603126526,False,0.0
9051,0.48912283778190613,False,0.0
9052,0.003723328234627843,False,0.0
9053,0.31775543093681335,False,0.0
9054,0.4581579267978668,True,0.9079265827313066
9055,0.41060301661491394,False,0.0
9056,0.33448684215545654,False,0.0
9057,0.41913366317749023,False,0.0
9058,0.004194635432213545,False,0.0
9059,0.46730127930641174,False,0.0
9060,0.9783047437667847,True,1.0
9061,0.5198991894721985,False,0.0
9062,0.46923360228538513,False,0.0
9063,0.36172839999198914,False,0.0
9064,0.0019323602318763733,False,0.0
9065,0.4377031922340393,False,0.0
9066,0.5186266303062439,True,1.0
9067,0.35484734177589417,False,0.0
9068,0.43002086877822876,False,0.0
9069,0.4719672203063965,False,0.0
9070,0.014186352491378784,False,0.0
9071,0.3447142243385315,False,0.0
9072,0.49883174896240234,True,0.9692907929420471
9073,0.47870689630508423,False,0.0
9074,0.35333916544914246,False,0.0
9075,0.4456682801246643,False,0.0
9076,0.006362650077790022,False,0.0
9077,0.4303978979587555,False,0.0
9078,0.39396584033966064,False,0.0
9079,0.439211368560791,False,0.0
9080,0.5027906894683838,True,0.9928560787811875
9081,0.3655931353569031,False,0.0
9082,0.0011782684596255422,False,0.0
9083,0.38821589946746826,False,0.0
9084,0.46522751450538635,False,0.0
9085,0.30564284324645996,False,0.0
9086,0.4186151921749115,False,0.0
9087,0.5154688954353333,False,0.0
9088,0.0055142967030406,False,0.0
9089,0.37662172317504883,False,0.0
9090,0.9303461909294128,True,1.0
9091,0.5204647779464722,False,0.0
9092,0.3681381940841675,False,0.0
9093,0.4767274558544159,False,0.0
9094,0.01390356756746769,False,0.0
9095,0.4719672203063965,True,0.9161273054778576
9096,0.421678751707077,False,0.0
9097,0.4097546637058258,False,0.0
9098,0.42709875106811523,False,0.0
9099,0.3911380171775818,False,0.0
9100,0.006692564580589533,False,0.0
9101,0.4327073097229004,False,0.0
9102,0.5022251605987549,True,0.9910651920363307
9103,0.3739352822303772,False,0.0
9104,0.4007526934146881,False,0.0
9105,0.4628709852695465,False,0.0
9106,0.01041589304804802,False,0.0
9107,0.35908910632133484,False,0.0
9108,0.48695477843284607,True,0.9530777707695961
9109,0.46970492601394653,False,0.0
9110,0.3860950171947479,False,0.0
9111,0.42040619254112244,False,0.0
9112,0.01621297560632229,False,0.0
9113,0.4361949861049652,False,0.0
9114,0.41936931014060974,False,0.0
9115,0.4348753094673157,False,0.0
9116,0.46178698539733887,False,0.0
9117,0.3947199285030365,False,0.0
9118,0.0015553144039586186,False,0.0
9119,0.3879331052303314,False,0.0
9120,0.9975264668464661,True,1.0
9121,0.46904513239860535,False,0.0
9122,0.49605104327201843,False,0.0
9123,0.5059956312179565,False,0.0
9124,0.017249850556254387,False,0.0
9125,0.3552243709564209,False,0.0
9126,0.47399383783340454,False,0.18117058277130127
9127,0.4530677795410156,False,0.0
9128,0.3834085464477539,False,0.0
9129,0.4854937493801117,False,0.0
9130,0.0022151446901261806,False,0.0
9131,0.5152332186698914,True,1.0
9132,0.47526636719703674,False,0.0
9133,0.4620697498321533,False,0.0
9134,0.4627296030521393,False,0.0
9135,0.396086722612381,False,0.0
9136,0.003676197724416852,False,0.0
9137,0.46673569083213806,False,0.0
9138,0.49294039607048035,True,0.9742866307497025
9139,0.4650390148162842,False,0.0
9140,0.4584406912326813,False,0.0
9141,0.4705061614513397,False,0.0
9142,0.00579708069562912,False,0.0
9143,0.37732869386672974,False,0.0
9144,0.4595246911048889,False,0.0
9145,0.6942574977874756,True,1.0
9146,0.35956040024757385,False,0.0
9147,0.4633422791957855,False,0.0
9148,0.0010368762305006385,False,0.0
9149,0.4957682192325592,False,0.0
9150,0.9948128461837769,True,1.0
9151,0.7939620018005371,False,0.0
9152,0.7106013894081116,False,0.0
9153,0.4558485150337219,False,0.0
9154,0.007493787445127964,False,0.0
9155,0.45311489701271057,False,0.0
9156,0.4706946909427643,False,0.0
9157,0.4681496322154999,False,0.0
9158,0.49152645468711853,False,0.0
9159,0.4963338077068329,False,0.0
9160,0.01626010425388813,False,0.0
9161,0.40485307574272156,False,0.0
9162,0.43383845686912537,False,0.0
9163,0.7180362343788147,True,1.0
9164,0.37907251715660095,False,0.0
9165,0.5185795426368713,False,0.0
9166,0.002592190634459257,False,0.0
9167,0.48634210228919983,False,0.0
9168,0.3963223695755005,False,0.0
9169,0.5011411309242249,True,0.9970978805795312
9170,0.48045071959495544,False,0.0
9171,0.41140422224998474,False,0.0
9172,0.0006598303443752229,False,0.0
9173,0.4658401906490326,False,0.0
9174,0.458817720413208,False,0.0
9175,0.4686680734157562,False,0.0
9176,0.4271458685398102,False,0.0
9177,0.70810866355896,False,0.0
9178,0.0,False,0.0
9179,0.3908080756664276,False,0.0
9180,1.0,True,1.0
9181,0.8050737977027893,False,0.0
9182,0.42224428057670593,False,0.0
9183,0.5127353072166443,False,0.0
9184,0.004571681376546621,False,0.0
9185,0.5198048949241638,False,0.0
9186,0.4158816337585449,False,0.0
9187,0.7501426935195923,True,1.0
9188,0.5108029246330261,False,0.0
9189,0.45122966170310974,False,0.0
9190,0.0018852296052500606,False,0.0
9191,0.4609857499599457,False,0.0
9192,0.4778585433959961,False,0.0
9193,0.4806392788887024,False,0.0
9194,0.5019423365592957,False,0.0
9195,0.5035919547080994,True,1.0
9196,0.0,False,0.0
9197,0.4016953110694885,False,0.0
9198,0.43657204508781433,False,0.0
9199,0.5219729542732239,False,0.0
9200,0.4032506048679352,False,0.0
9201,0.6836370825767517,True,1.0
9202,0.007069610990583897,False,0.0
9203,0.49204492568969727,False,0.0
9204,0.3761032819747925,False,0.0
9205,0.48106345534324646,False,0.0
9206,0.4578751027584076,False,0.0
9207,0.43407413363456726,False,0.0
9208,0.0,False,0.0
9209,0.4525964856147766,False,0.0
9210,1.0,True,1.0
9211,0.7595388889312744,False,0.0
9212,0.5215487480163574,False,0.0
9213,0.7117013335227966,False,0.0
9214,0.009897454641759396,False,0.0
9215,0.43185898661613464,False,0.0
9216,0.5074095129966736,False,0.0
9217,0.7335759401321411,True,1.0
9218,0.43209463357925415,False,0.0
9219,0.5075981020927429,False,0.0
9220,0.007069610990583897,False,0.0
9221,0.5032620429992676,False,0.0
9222,0.40900054574012756,False,0.0
9223,0.7158491611480713,True,1.0
9224,0.49996286630630493,False,0.0
9225,0.4299737513065338,False,0.0
9226,0.008295009844005108,False,0.0
9227,0.43266019225120544,False,0.0
9228,0.44420719146728516,False,0.0
9229,0.45773372054100037,False,0.0
9230,0.4627296030521393,False,0.0
9231,0.6777585744857788,True,1.0
9232,0.00697534903883934,False,0.0
9233,0.383314311504364,False,0.0
9234,0.4136664867401123,False,0.0
9235,0.43242451548576355,False,0.0
9236,0.43647775053977966,False,0.0
9237,0.4526907503604889,False,0.0
9238,0.0,False,0.0
9239,0.5022251605987549,False,0.0
9240,0.9770328998565674,True,1.0
9241,0.698297917842865,False,0.0
9242,0.6998718976974487,False,0.0
9243,0.4111214280128479,False,0.0
9244,0.0,False,0.0
9245,0.5103787779808044,False,0.26996487379074097
9246,0.4967108368873596,False,0.0
9247,0.37539634108543396,False,0.0
9248,0.5031206011772156,False,0.0
9249,0.46984633803367615,False,0.0
9250,0.8995211720466614,True,1.0
9251,0.3276529014110565,False,0.0
9252,0.4055600166320801,False,0.0
9253,0.5762467980384827,False,0.0
9254,0.4083406925201416,False,0.0
9255,0.3798266351222992,False,0.0
9256,0.007258133497089148,False,0.0
9257,0.4133365750312805,False,0.0
9258,0.32920822501182556,False,0.0
9259,0.40263792872428894,False,0.0
9260,0.635606586933136,True,1.0
9261,0.3413679301738739,False,0.0
9262,0.0,False,0.0
9263,0.3753020763397217,False,0.0
9264,0.37237998843193054,False,0.0
9265,0.3047473430633545,False,0.0
9266,0.5921760201454163,False,0.0
9267,0.658179759979248,False,0.0
9268,0.003723328234627843,False,0.0
9269,0.33472248911857605,False,0.0
9270,0.8615735769271851,True,1.0
9271,0.6526577472686768,False,0.0
9272,0.39731213450431824,False,0.0
9273,0.5931906700134277,False,0.0
9274,0.005561427213251591,False,0.0
9275,0.6281368136405945,True,1.0
9276,0.2959810197353363,False,0.0
9277,0.37341684103012085,False,0.0
9278,0.41074439883232117,False,0.0
9279,0.30946043133735657,False,0.0
9280,0.0,False,0.0
9281,0.39269331097602844,False,0.0
9282,0.3974063992500305,True,0.794812798500061
9283,0.28565940260887146,False,0.0
9284,0.36865663528442383,False,0.0
9285,0.36658287048339844,False,0.0
9286,0.0,False,0.0
9287,0.2751964032649994,False,0.0
9288,0.34881457686424255,False,0.0
9289,0.3894413113594055,True,0.7574852667748928
9290,0.35159531235694885,False,0.0
9291,0.34433719515800476,False,0.0
9292,0.010698677971959114,False,0.0
9293,0.36578166484832764,False,0.0
9294,0.27524352073669434,False,0.0
9295,0.33623069524765015,False,0.0
9296,0.4069739282131195,False,0.0
9297,0.2574281096458435,False,0.0
9298,0.0,False,0.0
9299,0.2918335199356079,False,0.0
9300,0.8374538421630859,True,1.0
9301,0.40551286935806274,False,0.0
9302,0.6043747663497925,False,0.0
9303,0.5943959355354309,False,0.0
9304,0.02092604897916317,False,0.0
9305,0.2555428445339203,False,0.0
9306,0.3138907253742218,False,0.0
9307,0.3861892819404602,False,0.0
9308,0.32652175426483154,False,0.0
9309,0.39684081077575684,False,0.0
9310,0.001838098862208426,False,0.0
9311,0.3999043405056,True,0.7938702078536153
9312,0.24658802151679993,False,0.0
9313,0.3057842254638672,False,0.0
9314,0.36578166484832764,False,0.0
9315,0.2697763442993164,False,0.0
9316,0.0029692365787923336,False,0.0
9317,0.34433719515800476,False,0.0
9318,0.3792610466480255,True,0.7472107158973813
9319,0.27316975593566895,False,0.0
9320,0.3555543124675751,False,0.0
9321,0.3354766070842743,False,0.0
9322,0.00565568869933486,False,0.0
9323,0.250217080116272,False,0.0
9324,0.3178968131542206,False,0.0
9325,0.35564854741096497,True,0.6926333215087652
9326,0.27189722657203674,False,0.0
9327,0.28264304995536804,False,0.0
9328,0.009331886656582355,False,0.0
9329,0.5637736916542053,False,0.0
9330,0.7822189331054688,True,1.0
9331,0.562573254108429,False,0.0
9332,0.39792484045028687,False,0.0
9333,0.30125969648361206,False,0.0
9334,0.008295009844005108,False,0.0
9335,0.33759745955467224,False,0.0
9336,0.3145976960659027,False,0.0
9337,0.25573140382766724,False,0.0
9338,0.3674783706665039,False,0.0
9339,0.41880375146865845,True,0.8210174832493067
9340,0.015506013296544552,False,0.0
9341,0.25921905040740967,False,0.0
9342,0.3007412552833557,False,0.0
9343,0.3350052833557129,False,0.0
9344,0.27915534377098083,False,0.0
9345,0.36950498819351196,False,0.0
9346,0.00782370287925005,False,0.0
9347,0.40607842803001404,True,0.796509450301528
9348,0.29249337315559387,False,0.0
9349,0.32374104857444763,False,0.0
9350,0.3312348425388336,False,0.0
9351,0.31624725461006165,False,0.0
9352,0.004241766408085823,False,0.0
9353,0.34872034192085266,False,0.0
9354,0.35621413588523865,True,0.6996087105944753
9355,0.23980119824409485,False,0.0
9356,0.2866020202636719,False,0.0
9357,0.31440916657447815,False,0.0
9358,0.006409780588001013,False,0.0
9359,0.2951798141002655,False,0.0
9360,0.9762743711471558,True,1.0
9361,0.6081184148788452,False,0.0
9362,0.3309991955757141,False,0.0
9363,0.40508872270584106,False,0.0
9364,0.016024451702833176,False,0.0
9365,0.3154931664466858,False,0.0
9366,0.1888057440519333,False,0.0
9367,0.33971837162971497,False,0.0
9368,0.34523266553878784,True,0.6584164276719093
9369,0.22745294868946075,False,0.0
9370,0.0026864521205425262,False,0.0
9371,0.27915534377098083,False,0.0
9372,0.3099788725376129,False,0.0
9373,0.22848983108997345,False,0.0
9374,0.33670198917388916,False,0.0
9375,0.3723328411579132,True,0.7392927780747414
9376,0.014940443448722363,False,0.0
9377,0.20699821412563324,False,0.0
9378,0.3158230781555176,False,0.0
9379,0.31450340151786804,False,0.0
9380,0.2345696985721588,False,0.0
9381,0.36130425333976746,True,0.6927276197820902
9382,0.009237624704837799,False,0.0
9383,0.35230228304862976,False,0.0
9384,0.2562498450279236,False,0.0
9385,0.25134822726249695,False,0.0
9386,0.35739240050315857,False,0.0
9387,0.21731983125209808,False,0.0
9388,0.0,False,0.0
9389,0.3211488425731659,False,0.0
9390,0.8077150583267212,True,1.0
9391,0.38750892877578735,False,0.0
9392,0.3953326344490051,False,0.0
9393,0.41305381059646606,False,0.0
9394,0.014704790897667408,False,0.0
9395,0.22453084588050842,False,0.0
9396,0.37629184126853943,True,0.723174100741744
9397,0.35484734177589417,False,0.0
9398,0.17268703877925873,False,0.0
9399,0.2817475497722626,False,0.0
9400,0.0024507984053343534,False,0.0
9401,0.3139849603176117,False,0.0
9402,0.2000228464603424,False,0.0
9403,0.342876136302948,False,0.0
9404,0.3495686948299408,True,0.6838670298457146
9405,0.2794381380081177,False,0.0
9406,0.007635179907083511,False,0.0
9407,0.2615756094455719,False,0.0
9408,0.3611157238483429,False,0.0
9409,0.21637721359729767,False,0.0
9410,0.388592928647995,True,0.7662515258416533
9411,0.373134046792984,False,0.0
9412,0.017909681424498558,False,0.0
9413,0.2270287722349167,False,0.0
9414,0.2626124620437622,False,0.0
9415,0.29211631417274475,False,0.11528179049491882
9416,0.23447541892528534,False,0.0
9417,0.34513840079307556,False,0.0
9418,0.005467165727168322,False,0.0
9419,0.3983018696308136,False,0.0
9420,0.7114362716674805,True,1.0
9421,0.40391045808792114,False,0.0
9422,0.37572625279426575,False,0.0
9423,0.27712875604629517,False,0.0
9424,0.012348253279924393,False,0.0
9425,0.3951912522315979,True,0.765685997903347
9426,0.32883116602897644,False,0.0
9427,0.18913565576076508,False,0.0
9428,0.26383787393569946,False,0.0
9429,0.30493590235710144,False,0.0
9430,0.010321631096303463,False,0.0
9431,0.1761275678873062,False,0.0
9432,0.33599504828453064,False,0.0
9433,0.356732577085495,True,0.6928218919783831
9434,0.23150618374347687,False,0.0
9435,0.31002601981163025,False,0.0
9436,0.005985604133456945,False,0.0
9437,0.3268045485019684,False,0.0
9438,0.1795681118965149,False,0.0
9439,0.348154753446579,True,0.6843382986262441
9440,0.3450441360473633,False,0.0
9441,0.2270287722349167,False,0.0
9442,0.00452455086633563,False,0.0
9443,0.336984783411026,False,0.0
9444,0.31209975481033325,False,0.0
9445,0.22665171325206757,False,0.0
9446,0.3186037838459015,False,0.0
9447,0.6001207828521729,False,0.0
9448,0.009567540138959885,False,0.0
9449,0.37063613533973694,False,0.0
9450,0.771032989025116,True,1.0
9451,0.5657420754432678,False,0.0
9452,0.2706718146800995,False,0.0
9453,0.40263792872428894,False,0.0
9454,0.02083178609609604,False,0.0
9455,0.4190865159034729,True,0.7965094596147537
9456,0.2131723165512085,False,0.0
9457,0.2801451086997986,False,0.0
9458,0.32562628388404846,False,0.0
9459,0.18446971476078033,False,0.0
9460,0.0,False,0.0
9461,0.40230798721313477,True,0.8046159744262695
9462,0.38185325264930725,False,0.0
9463,0.2271701544523239,False,0.0
9464,0.3161058723926544,False,0.0
9465,0.3359479010105133,False,0.0
9466,0.018946556374430656,False,0.0
9467,0.30309778451919556,False,0.0
9468,0.3327430188655853,False,0.0
9469,0.3661115765571594,False,0.0
9470,0.23956553637981415,False,0.0
9471,0.29164502024650574,False,0.0
9472,0.0,False,0.0
9473,0.3761504292488098,True,0.7523008584976196
9474,0.20968465507030487,False,0.0
9475,0.37143734097480774,False,0.0
9476,0.3649333119392395,False,0.0
9477,0.23923562467098236,False,0.0
9478,0.0,False,0.0
9479,0.3319889008998871,False,0.0
9480,0.8648925423622131,True,1.0
9481,0.3926461637020111,False,0.0
9482,0.5547950267791748,False,0.0
9483,0.39396584033966064,False,0.0
9484,0.021208832040429115,False,0.0
9485,0.30748093128204346,False,0.0
9486,0.3531506359577179,False,0.0
9487,0.3704476058483124,False,0.0
9488,0.24918022751808167,False,0.0
9489,0.4194636046886444,False,0.0
9490,0.0266759991645813,False,0.0
9491,0.5771487951278687,True,1.0
9492,0.23414550721645355,False,0.0
9493,0.3062555491924286,False,0.0
9494,0.35263219475746155,False,0.0
9495,0.30437031388282776,False,0.0
9496,0.002922105835750699,False,0.0
9497,0.5937448143959045,False,0.0
9498,0.3900068700313568,False,0.0
9499,0.2931060492992401,False,0.0
9500,0.8995568752288818,True,1.0
9501,0.4084349572658539,False,0.0
9502,0.0,False,0.0
9503,0.3118169605731964,False,0.0
9504,0.3651218116283417,False,0.0
9505,0.3723328411579132,True,0.7446656823158264
9506,0.2623768150806427,False,0.0
9507,0.3360421657562256,False,0.0
9508,0.0,False,0.0
9509,0.47319260239601135,False,0.0
9510,0.9123069047927856,True,1.0
9511,0.7269091606140137,False,0.0
9512,0.3636607825756073,False,0.0
9513,0.48148760199546814,False,0.0
9514,0.014186352491378784,False,0.0
9515,0.4806392788887024,True,0.9329058527946472
9516,0.4209717810153961,False,0.0
9517,0.4435945153236389,False,0.0
9518,0.31224116683006287,False,0.0
9519,0.4091890752315521,False,0.0
9520,0.015081836842000484,False,0.0
9521,0.4206889569759369,True,0.8112142402678728
9522,0.3767159879207611,False,0.0
9523,0.40376901626586914,False,0.0
9524,0.3058313727378845,False,0.0
9525,0.39259907603263855,False,0.0
9526,0.011499900370836258,False,0.0
9527,0.4248836040496826,False,0.12188011407852173
9528,0.36394354701042175,False,0.0
9529,0.42700448632240295,False,0.0
9530,0.3580051064491272,False,0.0
9531,0.40032848715782166,False,0.0
9532,0.012913822196424007,False,0.0
9533,0.4595246911048889,True,0.8960495814681053
9534,0.2835385203361511,False,0.0
9535,0.40494728088378906,False,0.0
9536,0.4284655749797821,False,0.0
9537,0.3471178710460663,False,0.0
9538,0.00047130740131251514,False,0.0
9539,0.3240238130092621,False,0.0
9540,0.9826394319534302,True,1.0
9541,0.665387749671936,False,0.0
9542,0.46075010299682617,False,0.0
9543,0.3239295780658722,False,0.0
9544,0.005702819209545851,False,0.0
9545,0.41451483964920044,False,0.0
9546,0.4713073670864105,False,0.0
9547,0.3309991955757141,False,0.0
9548,0.44995713233947754,False,0.0
9549,0.4728155732154846,True,0.9342255080118775
9550,0.015081836842000484,False,0.0
9551,0.2817946970462799,False,0.0
9552,0.43200036883354187,False,0.0
9553,0.38765034079551697,False,0.0
9554,0.35159531235694885,False,0.0
9555,0.4546230733394623,False,0.0
9556,0.007352395448833704,False,0.0
9557,0.45669683814048767,True,0.8986888853833079
9558,0.339058518409729,False,0.0
9559,0.351312518119812,False,0.0
9560,0.4057013988494873,False,0.0
9561,0.348154753446579,False,0.0
9562,0.0,False,0.0
9563,0.3862835168838501,False,0.0
9564,0.4123939573764801,False,0.24753057956695557
9565,0.2886286675930023,False,0.0
9566,0.3347696363925934,False,0.0
9567,0.47861266136169434,False,0.0
9568,0.016495758667588234,False,0.0
9569,0.3526793420314789,False,0.0
9570,0.9268481135368347,True,1.0
9571,0.6506057977676392,False,0.0
9572,0.3095075786113739,False,0.0
9573,0.3739352822303772,False,0.0
9574,0.008012225851416588,False,0.0
9575,0.3628595769405365,False,0.0
9576,0.3210545778274536,False,0.0
9577,0.37351110577583313,False,0.0
9578,0.3975006341934204,True,0.7789768166840076
9579,0.2881573438644409,False,0.0
9580,0.007069610990583897,False,0.0
9581,0.32030048966407776,False,0.0
9582,0.397170752286911,False,0.0
9583,0.26327231526374817,False,0.0
9584,0.38114628195762634,False,0.0
9585,0.43346139788627625,True,0.8527835737913847
9586,0.014657660387456417,False,0.0
9587,0.24456141889095306,False,0.0
9588,0.36521610617637634,False,0.0
9589,0.3318946659564972,False,0.0
9590,0.2778356969356537,False,0.0
9591,0.36323660612106323,False,0.0
9592,0.010321631096303463,False,0.0
9593,0.42851266264915466,True,0.8363820631057024
9594,0.28278443217277527,False,0.0
9595,0.29155075550079346,False,0.0
9596,0.3470236361026764,False,0.0
9597,0.23815162479877472,False,0.0
9598,0.0,False,0.0
9599,0.33646634221076965,False,0.0
9600,0.8914583325386047,True,1.0
9601,0.4214901924133301,False,0.0
9602,0.4122525751590729,False,0.0
9603,0.40673828125,False,0.0
9604,0.014987574890255928,False,0.0
9605,0.26393213868141174,False,0.0
9606,0.41253533959388733,True,0.7950955294072628
9607,0.37157875299453735,False,0.0
9608,0.2418278306722641,False,0.0
9609,0.32355251908302307,False,0.0
9610,0.011405638419091702,False,0.0
9611,0.3591833710670471,False,0.0
9612,0.3298209011554718,False,0.0
9613,0.3459867537021637,False,0.0
9614,0.39547404646873474,True,0.7681368160992861
9615,0.2586534917354584,False,0.0
9616,0.008577794767916203,False,0.0
9617,0.35423463582992554,False,0.0
9618,0.37492501735687256,False,0.0
9619,0.2357008308172226,False,0.0
9620,0.36050301790237427,False,0.0
9621,0.3891585171222687,True,0.7590876929461956
9622,0.012960952706634998,False,0.0
9623,0.25851210951805115,False,0.0
9624,0.3479662537574768,False,0.0
9625,0.3536219298839569,False,0.0
9626,0.21288955211639404,False,0.0
9627,0.36408495903015137,False,0.0
9628,0.009614670649170876,False,0.0
9629,0.47724586725234985,False,0.0
9630,0.8770456314086914,True,1.0
9631,0.49444857239723206,False,0.0
9632,0.46499186754226685,False,0.0
9633,0.30715101957321167,False,0.0
9634,0.005090119782835245,False,0.0
9635,0.47479507327079773,True,0.93205751106143
9636,0.3914678990840912,False,0.0
9637,0.2481904774904251,False,0.0
9638,0.3211959898471832,False,0.0
9639,0.27858981490135193,False,0.0
9640,0.01041589304804802,False,0.0
9641,0.1287611722946167,False,0.0
9642,0.328548401594162,False,0.0
9643,0.41107431054115295,True,0.8013168349862099
9644,0.2485203742980957,False,0.0
9645,0.3064911961555481,False,0.0
9646,0.012819561176002026,False,0.0
9647,0.37120169401168823,False,0.0
9648,0.23353281617164612,False,0.0
9649,0.35899484157562256,False,0.0
9650,0.38972407579421997,True,0.7538090292364359
9651,0.308800607919693,False,0.0
9652,0.00876631774008274,False,0.0
9653,0.32355251908302307,False,0.0
9654,0.3672427237033844,False,0.0
9655,0.2751021087169647,False,0.0
9656,0.34188637137413025,False,0.0
9657,0.46569880843162537,False,0.0
9658,0.01677854172885418,False,0.0
9659,0.37214431166648865,False,0.0
9660,0.8509724140167236,True,1.0
9661,0.6413599252700806,False,0.0
9662,0.30804651975631714,False,0.0
9663,0.4097546637058258,False,0.0
9664,0.0323316864669323,False,0.0
9665,0.430162250995636,True,0.7956611290574074
9666,0.22881972789764404,False,0.0
9667,0.33830446004867554,False,0.0
9668,0.3471178710460663,False,0.0
9669,0.25295066833496094,False,0.0
9670,0.006692564580589533,False,0.0
9671,0.3569682240486145,False,0.16476911306381226
9672,0.34928590059280396,False,0.0
9673,0.2945671081542969,False,0.0
9674,0.2745836675167084,False,0.0
9675,0.41418489813804626,False,0.0
9676,0.014610528945922852,False,0.0
9677,0.2520080506801605,False,0.0
9678,0.4171070158481598,False,0.0
9679,0.4476006031036377,True,0.8818160770460963
9680,0.24540975689888,False,0.0
9681,0.38656631112098694,False,0.0
9682,0.02563912235200405,False,0.0
9683,0.3808635175228119,False,0.0
9684,0.24248765408992767,False,0.0
9685,0.38925275206565857,True,0.727227259427309
9686,0.3872261643409729,False,0.0
9687,0.289052814245224,False,0.0
9688,0.0,False,0.0
9689,0.2840098440647125,False,0.0
9690,0.8880828022956848,True,1.0
9691,0.43751463294029236,False,0.0
9692,0.41211119294166565,False,0.0
9693,0.42837128043174744,False,0.0
9694,0.020266218110919,False,0.0
9695,0.23551230132579803,False,0.0
9696,0.30540719628334045,False,0.0
9697,0.38081637024879456,False,0.0
9698,0.2594076097011566,False,0.0
9699,0.4203590452671051,True,0.8001856543123722
9700,0.027995659038424492,False,0.0
9701,0.41672998666763306,False,0.0
9702,0.27100175619125366,False,0.0
9703,0.3670070767402649,False,0.0
9704,0.388592928647995,False,0.0
9705,0.389676958322525,False,0.0
9706,0.011217116378247738,False,0.0
9707,0.4682910144329071,True,0.9141477961093187
9708,0.40287357568740845,False,0.0
9709,0.41324231028556824,False,0.0
9710,0.4037218987941742,False,0.0
9711,0.44189783930778503,False,0.0
9712,0.003016367321833968,False,0.0
9713,0.45264360308647156,False,0.0
9714,0.36465051770210266,False,0.0
9715,0.4657459855079651,False,0.0
9716,0.44142651557922363,False,0.0
9717,0.47149592638015747,False,0.0
9718,0.0,False,0.0
9719,0.39071381092071533,False,0.0
9720,1.0,True,1.0
9721,0.8397055864334106,False,0.0
9722,0.7004892230033875,False,0.0
9723,0.4992087781429291,False,0.0
9724,0.011169984936714172,False,0.0
9725,0.3658759295940399,False,0.0
9726,0.7247536778450012,False,0.0
9727,0.7329072952270508,True,1.0
9728,0.4940243661403656,False,0.0
9729,0.46753692626953125,False,0.0
9730,0.012395384721457958,False,0.0
9731,0.35183095932006836,False,0.0
9732,0.4425105154514313,False,0.0
9733,0.7738167643547058,True,1.0
9734,0.458346426486969,False,0.0
9735,0.708682119846344,False,0.0
9736,0.007729440927505493,False,0.0
9737,0.4858708083629608,False,0.0
9738,0.4277586042881012,False,0.0
9739,0.7655689120292664,True,1.0
9740,0.7499215006828308,False,0.0
9741,0.7227742075920105,False,0.0
9742,0.0,False,0.0
9743,0.735923707485199,False,0.0
9744,0.7001985907554626,False,0.0
9745,0.44929733872413635,False,0.0
9746,0.7968637347221375,False,0.0
9747,0.8193451166152954,True,1.0
9748,0.004995858296751976,False,0.0
9749,0.46673569083213806,False,0.0
9750,0.9000000357627869,False,0.0
9751,0.9081865549087524,False,0.0
9752,0.5879559516906738,False,0.0
9753,0.9083279371261597,True,1.0
9754,0.008436402305960655,False,0.0
9755,0.8485190272331238,False,0.0
9756,0.48648348450660706,False,0.0
9757,0.7944129109382629,False,0.0
9758,0.8455026149749756,True,0.7180382609367371
9759,0.5465751886367798,False,0.0
9760,0.0,False,0.0
9761,0.585128128528595,False,0.0
9762,0.5639664530754089,False,0.0
9763,0.5039218664169312,False,0.0
9764,0.5882387757301331,True,1.0
9765,0.5821117758750916,False,0.0
9766,0.006645434536039829,False,0.0
9767,0.45886489748954773,False,0.0
9768,0.5475177764892578,False,0.0
9769,0.5716487765312195,False,0.0
9770,0.8457382917404175,True,1.0
9771,0.5661816000938416,False,0.0
9772,0.0,False,0.0
9773,0.5435587763786316,False,0.0
9774,0.5187209248542786,False,0.0
9775,0.5255077481269836,False,0.0
9776,0.7956854701042175,False,0.0
9777,0.47008201479911804,False,0.0
9778,0.0035348054952919483,False,0.0
9779,0.486530601978302,False,0.0
9780,1.0,True,1.0
9781,0.5544459819793701,False,0.0
9782,0.8243880867958069,False,0.0
9783,0.8055357336997986,False,0.0
9784,0.021821532398462296,False,0.0
9785,0.47540774941444397,False,0.0
9786,0.48082780838012695,False,0.0
9787,0.4975120723247528,False,0.0
9788,0.48440971970558167,False,0.0
9789,0.5469521880149841,True,1.0
9790,0.009426147677004337,False,0.0
9791,0.500339925289154,False,0.0
9792,0.37629184126853943,False,0.0
9793,0.43105775117874146,False,0.0
9794,0.5039690136909485,True,0.9890857320278883
9795,0.38647207617759705,False,0.0
9796,0.0046188123524188995,False,0.0
9797,0.44350025057792664,False,0.0
9798,0.4972763955593109,False,0.0
9799,0.3913736641407013,False,0.0
9800,0.4880387783050537,False,0.19333022832870483
9801,0.4388342797756195,False,0.0
9802,0.0,False,0.0
9803,0.3780827820301056,False,0.0
9804,0.4307278096675873,False,0.0
9805,0.4213959276676178,False,0.0
9806,0.41729554533958435,False,0.0
9807,0.37318119406700134,False,0.0
9808,0.0,False,0.0
9809,0.4608914852142334,False,0.0
9810,0.9948287010192871,True,1.0
9811,0.5163643956184387,False,0.0
9812,0.5264503359794617,False,0.0
9813,0.36267101764678955,False,0.0
9814,0.0071638720110058784,False,0.0
9815,0.42502498626708984,False,0.0
9816,0.40249648690223694,False,0.0
9817,0.3256734013557434,False,0.0
9818,0.5043460726737976,True,0.9943644013255835
9819,0.43520522117614746,False,0.0
9820,0.008342141285538673,False,0.0
9821,0.27891969680786133,False,0.0
9822,0.32666313648223877,False,0.0
9823,0.38727328181266785,False,0.0
9824,0.3548944592475891,False,0.0
9825,0.39198634028434753,False,0.0
9826,0.006362650077790022,False,0.0
9827,0.4678196907043457,True,0.9229140812531114
9828,0.2777414321899414,False,0.0
9829,0.33703193068504333,False,0.0
9830,0.4406723976135254,False,0.0
9831,0.2755734324455261,False,0.0
9832,0.0035348054952919483,False,0.0
9833,0.3873203992843628,False,0.0
9834,0.38878145813941956,False,0.3071981370449066
9835,0.23518238961696625,False,0.0
9836,0.32110172510147095,False,0.0
9837,0.4836556613445282,False,0.0
9838,0.011829814873635769,False,0.0
9839,0.34433719515800476,False,0.0
9840,0.880137026309967,True,1.0
9841,0.48799166083335876,False,0.0
9842,0.29475563764572144,False,0.0
9843,0.41211119294166565,False,0.0
9844,0.013762176036834717,False,0.0
9845,0.3776586055755615,False,0.0
9846,0.26789113879203796,False,0.0
9847,0.3900068700313568,True,0.7524893879890442
9848,0.3736996352672577,False,0.0
9849,0.3622939884662628,False,0.0
9850,0.004430289380252361,False,0.0
9851,0.3432060182094574,False,0.0
9852,0.3847753703594208,False,0.0
9853,0.3035219609737396,False,0.0
9854,0.4171541631221771,False,0.0
9855,0.5147619247436523,True,1.0
9856,0.0110285934060812,False,0.0
9857,0.3265689015388489,False,0.0
9858,0.3902425169944763,False,0.0
9859,0.4199348986148834,False,0.0
9860,0.34556257724761963,False,0.0
9861,0.5124996900558472,True,1.0
9862,0.0025450598914176226,False,0.0
9863,0.4610328674316406,False,0.0
9864,0.3698820471763611,False,0.0
9865,0.3816647231578827,False,0.0
9866,0.4112156927585602,False,0.0
9867,0.46188122034072876,False,0.0
9868,0.0,False,0.0
9869,0.4983132779598236,False,0.0
9870,0.999075710773468,True,1.0
9871,0.5712716579437256,False,0.0
9872,0.4126296043395996,False,0.0
9873,0.7769409418106079,False,0.0
9874,0.008295009844005108,False,0.0
9875,0.526968777179718,False,0.0
9876,0.45320916175842285,False,0.0
9877,0.47022339701652527,False,0.0
9878,0.5170713663101196,False,0.0
9879,0.7998800873756409,True,1.0
9880,0.012301122769713402,False,0.0
9881,0.5012354254722595,False,0.0
9882,0.4648504853248596,False,0.0
9883,0.46579310297966003,False,0.0
9884,0.5392699241638184,False,0.0
9885,0.5538333058357239,True,1.0
9886,0.007635179907083511,False,0.0
9887,0.487661749124527,False,0.0
9888,0.4334142804145813,False,0.0
9889,0.5161287188529968,False,0.0
9890,0.5163643956184387,False,0.0
9891,0.8061484694480896,True,1.0
9892,0.0,False,0.0
9893,0.4866720139980316,False,0.0
9894,0.5257434248924255,False,0.0
9895,0.49595674872398376,False,0.0
9896,0.547329306602478,False,0.0
9897,0.8059128522872925,False,0.0
9898,0.0,False,0.0
9899,0.46546316146850586,False,0.0
9900,1.0,True,1.0
9901,0.80091792345047,False,0.0
9902,0.513772189617157,False,0.0
9903,0.8256606459617615,False,0.0
9904,0.0,False,0.0
9905,0.5418621301651001,False,0.0
9906,0.4688565731048584,False,0.0
9907,0.5189093947410583,False,0.0
9908,0.5294196009635925,False,0.0
9909,0.8113121390342712,True,1.0
9910,0.0,False,0.0
9911,0.5331900715827942,False,0.0
9912,0.5209831595420837,False,0.0
9913,0.4841269552707672,False,0.0
9914,0.5073152780532837,False,0.0
9915,0.8238317370414734,True,1.0
9916,0.0,False,0.0
9917,0.4381744861602783,False,0.0
9918,0.54304039478302,False,0.0
9919,0.5314462184906006,False,0.0
9920,0.4646148383617401,False,0.0
9921,0.5939415693283081,True,1.0
9922,0.0,False,0.0
9923,0.5328130125999451,False,0.0
9924,0.4882744252681732,False,0.0
9925,0.5110856890678406,False,0.0
9926,0.5152332186698914,False,0.0
9927,0.511981189250946,False,0.0
9928,0.0,False,0.0
9929,0.449250191450119,False,0.0
9930,0.9656158089637756,True,1.0
9931,0.5289011597633362,False,0.0
9932,0.5023193955421448,False,0.0
9933,0.5690094232559204,False,0.0
9934,0.003676197724416852,False,0.0
9935,0.414232075214386,False,0.0
9936,0.47201433777809143,False,0.0
9937,0.482854425907135,False,0.0
9938,0.42606186866760254,False,0.0
9939,0.5021780133247375,False,0.0
9940,0.002026621950790286,False,0.0
9941,0.5300794243812561,True,1.0
9942,0.3943428695201874,False,0.0
9943,0.4587234556674957,False,0.0
9944,0.45273786783218384,False,0.0
9945,0.4613628089427948,False,0.0
9946,0.0006126996013335884,False,0.0
9947,0.5208889245986938,True,1.0
9948,0.46475622057914734,False,0.0
9949,0.42389389872550964,False,0.0
9950,0.4366191327571869,False,0.0
9951,0.4632008969783783,False,0.0
9952,0.0,False,0.0
9953,0.45122966170310974,True,0.9001970479730517
9954,0.4236110746860504,False,0.0
9955,0.4427932798862457,False,0.0
9956,0.38576510548591614,False,0.0
9957,0.41960498690605164,False,0.0
9958,0.0011311377165839076,False,0.0
9959,0.5241409540176392,False,0.0
9960,0.9651719331741333,True,1.0
9961,0.5013768076896667,False,0.0
9962,0.4941658079624176,False,0.0
9963,0.41649433970451355,False,0.0
9964,0.0013667914317920804,False,0.0
9965,0.4798380434513092,True,0.9569425040390342
9966,0.4126296043395996,False,0.0
9967,0.3644619882106781,False,0.0
9968,0.43449828028678894,False,0.0
9969,0.4620697498321533,False,0.0
9970,0.001743837259709835,False,0.0
9971,0.4147976338863373,False,0.13366276025772095
9972,0.3874146640300751,False,0.0
9973,0.40471163392066956,False,0.0
9974,0.3479662537574768,False,0.0
9975,0.41984063386917114,False,0.0
9976,0.002168013947084546,False,0.0
9977,0.47432374954223633,True,0.945159824565053
9978,0.33090493083000183,False,0.0
9979,0.3457511067390442,False,0.0
9980,0.3891585171222687,False,0.0
9981,0.3667714297771454,False,0.0
9982,0.0,False,0.0
9983,0.4317646920681,False,0.24451422691345215
9984,0.39396584033966064,False,0.0
9985,0.3095075786113739,False,0.0
9986,0.34754207730293274,False,0.0
9987,0.4863892197608948,False,0.0
9988,0.0,False,0.0
9989,0.4209717810153961,False,0.0
9990,0.8808704614639282,True,1.0
9991,0.4791310727596283,False,0.0
9992,0.3351466953754425,False,0.0
9993,0.4043346047401428,False,0.0
9994,0.007917963899672031,False,0.0
9995,0.42987948656082153,False,0.24489134550094604
9996,0.3074338138103485,False,0.0
9997,0.37789425253868103,False,0.0
9998,0.41347795724868774,False,0.0
9999,0.32388243079185486,False,0.0
10000,0.8924527168273926,True,1.0
10001,0.37379390001296997,False,0.0
10002,0.32204434275627136,False,0.0
10003,0.2835385203361511,False,0.0
10004,0.3836441934108734,False,0.0
10005,0.42177295684814453,False,0.2764688730239868
10006,0.0,False,0.0
10007,0.34179210662841797,False,0.0
10008,0.33542945981025696,False,0.0
10009,0.33967122435569763,False,0.0
10010,0.2927761673927307,False,0.0
10011,0.3553657531738281,False,0.0
10012,0.004995858296751976,False,0.0
10013,0.4567440152168274,True,0.9134880304336548
10014,0.29221057891845703,False,0.0
10015,0.3313290774822235,False,0.0
10016,0.3409437835216522,False,0.0
10017,0.3090362548828125,False,0.0
10018,0.0,False,0.0
10019,0.3525850474834442,False,0.0
10020,0.8759962320327759,True,1.0
10021,0.4094718396663666,False,0.0
10022,0.40405184030532837,False,0.0
10023,0.4123939573764801,False,0.0
10024,0.009520409628748894,False,0.0
10025,0.35527151823043823,False,0.0
10026,0.37351110577583313,False,0.0
10027,0.40009284019470215,False,0.0
10028,0.30286213755607605,False,0.0
10029,0.3583349883556366,False,0.0
10030,0.0011311377165839076,False,0.0
10031,0.4470350444316864,True,0.8879430931992829
10032,0.2880159318447113,False,0.0
10033,0.3664414882659912,False,0.0
10034,0.4361949861049652,False,0.0
10035,0.33858722448349,False,0.0
10036,0.00438315887004137,False,0.0
10037,0.40178951621055603,False,0.0
10038,0.34452569484710693,False,0.0
10039,0.31092149019241333,False,0.0
10040,0.3423105478286743,False,0.0
10041,0.40735098719596863,True,0.8059356566518545
10042,0.010745808482170105,False,0.0
10043,0.30125969648361206,False,0.0
10044,0.3204890191555023,False,0.0
10045,0.33462825417518616,False,0.0
10046,0.27213287353515625,False,0.0
10047,0.3443843126296997,False,0.0
10048,0.003063497832044959,False,0.0
10049,0.43888145685195923,False,0.0
10050,0.8760199546813965,True,1.0
10051,0.4459039270877838,False,0.0
10052,0.42709875106811523,False,0.0
10053,0.3187451958656311,False,0.0
10054,0.0012253992026671767,False,0.0
10055,0.3983018696308136,False,0.0
10056,0.4181910455226898,True,0.833837031153962
10057,0.2665714621543884,False,0.0
10058,0.3174726665019989,False,0.0
10059,0.3532920181751251,False,0.0
10060,0.0012725299457088113,False,0.0
10061,0.2764689326286316,False,0.0
10062,0.3926461637020111,True,0.7823702215682715
10063,0.37723442912101746,False,0.0
10064,0.3368905186653137,False,0.0
10065,0.3356179893016815,False,0.0
10066,0.0014610529178753495,False,0.0
10067,0.3638964295387268,False,0.0
10068,0.31049731373786926,False,0.0
10069,0.3426404893398285,False,0.0
10070,0.3983961343765259,True,0.7905710111372173
10071,0.2925404906272888,False,0.0
10072,0.009143362753093243,False,0.0
10073,0.31775543093681335,False,0.0
10074,0.36799681186676025,False,0.0
10075,0.23485246300697327,False,0.0
10076,0.3465523421764374,False,0.0
10077,0.36069154739379883,False,0.0
10078,0.0031106288079172373,False,0.0
10079,0.2696349620819092,False,0.0
10080,0.9942773580551147,True,1.0
10081,0.4084349572658539,False,0.0
10082,0.2645919620990753,False,0.0
10083,0.3423105478286743,False,0.0
10084,0.010981461964547634,False,0.0
10085,0.32699307799339294,False,0.0
10086,0.2776471972465515,False,0.0
10087,0.36615869402885437,False,0.0
10088,0.3723328411579132,False,0.0
10089,0.2674669325351715,False,0.0
10090,0.0,False,0.0
10091,0.3132780194282532,False,0.0
10092,0.37332257628440857,True,0.7336370693519711
10093,0.2555428445339203,False,0.0
10094,0.35842928290367126,False,0.0
10095,0.3544231355190277,False,0.0
10096,0.006504041608422995,False,0.0
10097,0.25460025668144226,False,0.0
10098,0.34895598888397217,False,0.18682628870010376
10099,0.31869804859161377,False,0.0
10100,0.2555428445339203,False,0.0
10101,0.3630009591579437,False,0.0
10102,0.009190494194626808,False,0.0
10103,0.3949556052684784,True,0.7899112105369568
10104,0.31346654891967773,False,0.0
10105,0.2945671081542969,False,0.0
10106,0.3280770778656006,False,0.0
10107,0.25700390338897705,False,0.0
10108,0.0,False,0.0
10109,0.3209603428840637,False,0.0
10110,0.8937721848487854,True,1.0
10111,0.3725684881210327,False,0.0
10112,0.3614456355571747,False,0.0
10113,0.3828429877758026,False,0.0
10114,0.00014139221457298845,False,0.0
10115,0.2644505798816681,False,0.0
10116,0.4042874872684479,True,0.794812798500061
10117,0.37770575284957886,False,0.0
10118,0.259266197681427,False,0.0
10119,0.3615870177745819,False,0.0
10120,0.006881088018417358,False,0.0
10121,0.3819003701210022,False,0.0
10122,0.33401554822921753,False,0.0
10123,0.3961338698863983,False,0.0
10124,0.40631410479545593,True,0.8123454251617659
10125,0.2737824618816376,False,0.0
10126,0.0,False,0.0
10127,0.3099317252635956,False,0.0
10128,0.389676958322525,False,0.0
10129,0.293341726064682,False,0.0
10130,0.3772815465927124,False,0.0
10131,0.39858466386795044,True,0.7753949258476496
10132,0.010887200944125652,False,0.0
10133,0.26567599177360535,False,0.0
10134,0.35692107677459717,False,0.0
10135,0.3532920181751251,False,0.0
10136,0.29202207922935486,False,0.0
10137,0.41649433970451355,False,0.0
10138,0.007682309951633215,False,0.0
10139,0.44133225083351135,False,0.0
10140,0.8616416454315186,True,1.0
10141,0.4911494255065918,False,0.0
10142,0.4401068389415741,False,0.0
10143,0.3361835479736328,False,0.0
10144,0.0,False,0.0
10145,0.4113570749759674,True,0.8227141499519348
10146,0.3939187228679657,False,0.0
10147,0.3218558132648468,False,0.0
10148,0.3681853413581848,False,0.0
10149,0.4006112515926361,False,0.0
10150,0.0,False,0.0
10151,0.3195464313030243,False,0.0
10152,0.3873675465583801,False,0.0
10153,0.4560370147228241,True,0.9120740294456482
10154,0.3337327539920807,False,0.0
10155,0.3842097818851471,False,0.0
10156,0.006928218062967062,False,0.0
10157,0.3991031050682068,False,0.0
10158,0.29560399055480957,False,0.0
10159,0.42709875106811523,True,0.8403410660102963
10160,0.42182013392448425,False,0.0
10161,0.372662752866745,False,0.0
10162,0.0,False,0.0
10163,0.3860478699207306,False,0.0
10164,0.37261563539505005,False,0.0
10165,0.3884986639022827,False,0.0
10166,0.39849039912223816,False,0.0
10167,0.6719508171081543,False,0.0
10168,0.0033934132661670446,False,0.0
10169,0.3873203992843628,False,0.0
10170,0.918493926525116,True,1.0
10171,0.7020155191421509,False,0.0
10172,0.40829357504844666,False,0.0
10173,0.4858708083629608,False,0.0
10174,0.0,False,0.0
10175,0.48370274901390076,True,0.9674054980278015
10176,0.38633066415786743,False,0.0
10177,0.45471736788749695,False,0.0
10178,0.46023163199424744,False,0.0
10179,0.43888145685195923,False,0.0
10180,0.0,False,0.0
10181,0.4475063979625702,False,0.0
10182,0.47997942566871643,True,0.9492130428552628
10183,0.4561312794685364,False,0.0
10184,0.43346139788627625,False,0.0
10185,0.47224998474121094,False,0.0
10186,0.0053729042410850525,False,0.0
10187,0.41951069235801697,False,0.0
10188,0.43275442719459534,False,0.0
10189,0.688075840473175,True,1.0
10190,0.41380786895751953,False,0.0
10191,0.4452912509441376,False,0.0
10192,0.0,False,0.0
10193,0.48356136679649353,False,0.0
10194,0.4015538692474365,False,0.0
10195,0.46499186754226685,False,0.0
10196,0.4820531904697418,False,0.0
10197,0.4481661915779114,False,0.0
10198,0.0026393213775008917,False,0.0
10199,0.3995743989944458,False,0.0
10200,0.9681330919265747,True,1.0
10201,0.7424025535583496,False,0.0
10202,0.5048644542694092,False,0.0
10203,0.6581893563270569,False,0.0
10204,0.0,False,0.0
10205,0.38694337010383606,False,0.0
10206,0.4184738099575043,False,0.0
10207,0.48761463165283203,False,0.0
10208,0.40508872270584106,False,0.0
10209,0.6537357568740845,True,1.0
10210,4.713073940365575e-05,False,0.0
10211,0.5033562779426575,False,0.0
10212,0.41083866357803345,False,0.0
10213,0.4929875433444977,False,0.0
10214,0.4893113076686859,False,0.0
10215,0.455659955739975,False,0.0
10216,0.0,False,0.0
10217,0.4917621314525604,False,0.0
10218,0.6654597520828247,False,0.0
10219,0.6913012266159058,True,1.0
10220,0.4941658079624176,False,0.0
10221,0.6526850461959839,False,0.0
10222,0.0,False,0.0
10223,0.4728155732154846,False,0.0
10224,0.47380533814430237,False,0.0
10225,0.7141205668449402,True,1.0
10226,0.42733439803123474,False,0.0
10227,0.4635779559612274,False,0.0
10228,0.0,False,0.0
10229,0.7037234306335449,False,0.0
10230,0.9985476732254028,True,1.0
10231,0.7970313429832458,False,0.0
10232,0.4656045436859131,False,0.0
10233,0.49699363112449646,False,0.0
10234,0.012725300155580044,False,0.0
10235,0.6835352778434753,False,0.0
10236,0.44420719146728516,False,0.0
10237,0.737749457359314,True,1.0
10238,0.7149025797843933,False,0.0
10239,0.4756905734539032,False,0.0
10240,0.00047130740131251514,False,0.0
10241,0.4745123088359833,False,0.0
10242,0.4896412491798401,False,0.0
10243,0.470600426197052,False,0.0
10244,0.7701944708824158,True,1.0
10245,0.7106722593307495,False,0.0
10246,0.0005184381152503192,False,0.0
10247,0.45796939730644226,False,0.0
10248,0.4725799262523651,False,0.0
10249,0.4725799262523651,False,0.0
10250,0.8979064226150513,True,1.0
10251,0.7084197998046875,False,0.0
10252,0.0,False,0.0
10253,0.716301679611206,False,0.0
10254,0.46046730875968933,False,0.0
10255,0.47074180841445923,False,0.0
10256,0.7519510388374329,False,0.0
10257,0.4666414260864258,False,0.0
10258,0.0,False,0.0
10259,0.4564140737056732,False,0.0
10260,0.9992806911468506,True,1.0
10261,0.7677730917930603,False,0.0
10262,0.763826847076416,False,0.0
10263,0.47413522005081177,False,0.0
10264,0.0,False,0.0
10265,0.7177205681800842,False,0.0
10266,0.5166471600532532,False,0.0
10267,0.45330342650413513,False,0.0
10268,0.7633972764015198,True,1.0
10269,0.749507486820221,False,0.0
10270,0.003958981949836016,False,0.0
10271,0.46730127930641174,False,0.0
10272,0.7288134694099426,False,0.0
10273,0.5178725719451904,False,0.0
10274,0.4901125431060791,False,0.0
10275,0.4913850724697113,False,0.0
10276,0.0,False,0.0
10277,0.49374160170555115,False,0.0
10278,0.4118283689022064,False,0.0
10279,0.46291810274124146,False,0.0
10280,0.7629296183586121,True,1.0
10281,0.4525964856147766,False,0.0
10282,0.0,False,0.0
10283,0.45146533846855164,False,0.0
10284,0.43902283906936646,False,0.0
10285,0.39094945788383484,False,0.0
10286,0.7281470894813538,False,0.0
10287,0.739599883556366,False,0.0
10288,0.0,False,0.0
10289,0.4390699565410614,False,0.0
10290,1.0,True,1.0
10291,0.7679725885391235,False,0.0
10292,0.4890756607055664,False,0.0
10293,0.7591120004653931,False,0.0
10294,0.010745808482170105,False,0.0
10295,0.5243294835090637,True,1.0
10296,0.4425105154514313,False,0.0
10297,0.48323145508766174,False,0.0
10298,0.5166942477226257,False,0.0
10299,0.48601219058036804,False,0.0
10300,0.0,False,0.0
10301,0.4869076907634735,True,0.973815381526947
10302,0.3681853413581848,False,0.0
10303,0.4254020154476166,False,0.0
10304,0.4563669264316559,False,0.0
10305,0.459430456161499,False,0.0
10306,0.0,False,0.0
10307,0.4548587501049042,False,0.0
10308,0.3511711359024048,False,0.0
10309,0.39523836970329285,False,0.0
10310,0.48012086749076843,True,0.9602417349815369
10311,0.44755348563194275,False,0.0
10312,0.0,False,0.0
10313,0.45193663239479065,False,0.0
10314,0.3743123412132263,False,0.0
10315,0.3971236050128937,False,0.0
10316,0.4586763381958008,False,0.0
10317,0.44053101539611816,False,0.0
10318,0.0,False,0.0
10319,0.46824389696121216,False,0.0
10320,0.9987667202949524,True,1.0
10321,0.7320092916488647,False,0.0
10322,0.7323124408721924,False,0.0
10323,0.47668027877807617,False,0.0
10324,0.0,False,0.0
10325,0.3691750764846802,False,0.0
10326,0.3994329869747162,False,0.0
10327,0.3919392228126526,False,0.0
10328,0.3922691345214844,False,0.0
10329,0.41720128059387207,False,0.0
10330,0.007965094409883022,False,0.0
10331,0.45999598503112793,True,0.9199919700622559
10332,0.34730643033981323,False,0.0
10333,0.37666887044906616,False,0.0
10334,0.4292667508125305,False,0.0
10335,0.28264304995536804,False,0.0
10336,0.0,False,0.0
10337,0.4342155158519745,True,0.8548573786392808
10338,0.41380786895751953,False,0.0
10339,0.3894413113594055,False,0.0
10340,0.3658287823200226,False,0.0
10341,0.41281816363334656,False,0.0
10342,0.006786826532334089,False,0.0
10343,0.315163254737854,False,0.0
10344,0.35932475328445435,False,0.0
10345,0.4225270748138428,True,0.8309149276465178
10346,0.28066354990005493,False,0.0
10347,0.37355825304985046,False,0.0
10348,0.007069610990583897,False,0.0
10349,0.42813563346862793,False,0.0
10350,0.9232528209686279,True,1.0
10351,0.4543874263763428,False,0.0
10352,0.4347810745239258,False,0.0
10353,0.3082350194454193,False,0.0
10354,0.012018337845802307,False,0.0
10355,0.35908910632133484,False,0.0
10356,0.32166728377342224,False,0.0
10357,0.2665714621543884,False,0.0
10358,0.3523494005203247,False,0.0
10359,0.3982076346874237,True,0.768608134239912
10360,0.01390356756746769,False,0.0
10361,0.218026801943779,False,0.0
10362,0.3082350194454193,False,0.0
10363,0.3625296354293823,False,0.0
10364,0.21859236061573029,False,0.0
10365,0.4004698693752289,True,0.7757719252258539
10366,0.014374874532222748,False,0.0
10367,0.3909966051578522,False,0.0
10368,0.22189152240753174,False,0.0
10369,0.28137049078941345,False,0.0
10370,0.32364678382873535,False,0.0
10371,0.30399325489997864,False,0.0
10372,0.012583906762301922,False,0.0
10373,0.3206775486469269,False,0.0
10374,0.34235769510269165,False,0.2875917851924896
10375,0.19856180250644684,False,0.0
10376,0.2920691668987274,False,0.0
10377,0.43101057410240173,False,0.0
10378,0.0016967066330835223,False,0.0
10379,0.2786369323730469,False,0.0
10380,0.7213255167007446,True,1.0
10381,0.4451969563961029,False,0.0
10382,0.26892799139022827,False,0.0
10383,0.39259907603263855,False,0.0
10384,0.01428061444312334,False,0.0
10385,0.3498043417930603,False,0.0
10386,0.22651033103466034,False,0.0
10387,0.3600788414478302,False,0.0
10388,0.3679496943950653,False,0.0
10389,0.3814290463924408,True,0.7342968638986349
10390,0.002168013947084546,False,0.0
10391,0.34226343035697937,False,0.0
10392,0.3243066072463989,False,0.0
10393,0.3668656647205353,False,0.0
10394,0.3027207553386688,False,0.0
10395,0.37478363513946533,True,0.7314690668135881
10396,0.00904910173267126,False,0.0
10397,0.3568268120288849,False,0.0
10398,0.3475891947746277,False,0.0
10399,0.3134194314479828,False,0.0
10400,0.3326959013938904,False,0.0
10401,0.4094718396663666,True,0.8146076514385641
10402,0.0,False,0.0
10403,0.3915150463581085,False,0.0
10404,0.32030048966407776,False,0.0
10405,0.3323659598827362,False,0.0
10406,0.3505112826824188,False,0.0
10407,0.46291810274124146,False,0.0
10408,0.0,False,0.0
10409,0.344949871301651,False,0.0
10410,0.9998912215232849,True,1.0
10411,0.7402125597000122,False,0.0
10412,0.46975207328796387,False,0.0
10413,0.47988519072532654,False,0.0
10414,0.0009426148026250303,False,0.0
10415,0.45151248574256897,False,0.0
10416,0.45598989725112915,True,0.9100945648970082
10417,0.41545745730400085,False,0.0
10418,0.3047944903373718,False,0.0
10419,0.4322360157966614,False,0.0
10420,0.0,False,0.0
10421,0.3732283115386963,False,0.0
10422,0.37412378191947937,False,0.0
10423,0.466311514377594,True,0.932623028755188
10424,0.3697877824306488,False,0.0
10425,0.43982407450675964,False,0.0
10426,0.0,False,0.0
10427,0.38925275206565857,False,0.0
10428,0.40461739897727966,False,0.0
10429,0.36069154739379883,False,0.0
10430,0.37388813495635986,False,0.0
10431,0.4229041039943695,True,0.845808207988739
10432,0.009096232242882252,False,0.0
10433,0.401318222284317,False,0.0
10434,0.32355251908302307,False,0.0
10435,0.33656060695648193,False,0.0
10436,0.4203590452671051,False,0.0
10437,0.28796881437301636,False,0.0
10438,0.0,False,0.0
10439,0.39684081077575684,False,0.0
10440,0.9963053464889526,True,1.0
10441,0.4209717810153961,False,0.0
10442,0.2845754027366638,False,0.0
10443,0.3900068700313568,False,0.0
10444,0.009756063111126423,False,0.0
10445,0.3982076346874237,True,0.7769031431525946
10446,0.23914137482643127,False,0.0
10447,0.34179210662841797,False,0.0
10448,0.3832671642303467,False,0.0
10449,0.21694278717041016,False,0.0
10450,0.0,False,0.0
10451,0.35560142993927,True,0.71120285987854
10452,0.2927761673927307,False,0.0
10453,0.25606128573417664,False,0.0
10454,0.28504669666290283,False,0.0
10455,0.32675740122795105,False,0.0
10456,0.0,False,0.0
10457,0.29442572593688965,False,0.0
10458,0.24767203629016876,False,0.0
10459,0.3451855182647705,False,0.0
10460,0.18253736197948456,False,0.0
10461,0.3330729305744171,False,0.0
10462,0.010038848035037518,False,0.0
10463,0.3612571060657501,True,0.7225142121315002
10464,0.21510469913482666,False,0.0
10465,0.2547887861728668,False,0.0
10466,0.2846696674823761,False,0.0
10467,0.17857836186885834,False,0.0
10468,0.0,False,0.0
10469,0.2700119912624359,False,0.0
10470,0.8018611669540405,True,1.0
10471,0.32133737206459045,False,0.0
10472,0.3443843126296997,False,0.0
10473,0.33844584226608276,False,0.0
10474,0.009567540138959885,False,0.0
10475,0.2380102127790451,False,0.0
10476,0.3358536660671234,False,0.0
10477,0.3478248417377472,False,0.0
10478,0.19323603808879852,False,0.0
10479,0.30239081382751465,False,0.0
10480,0.005749950185418129,False,0.0
10481,0.36186981201171875,True,0.7122397236526012
10482,0.21991203725337982,False,0.0
10483,0.3106386959552765,False,0.0
10484,0.3418392539024353,False,0.0
10485,0.24140365421772003,False,0.0
10486,0.0012725299457088113,False,0.0
10487,0.2968765199184418,False,0.0
10488,0.28264304995536804,False,0.0
10489,0.18630781769752502,False,0.0
10490,0.2994687259197235,False,0.0
10491,0.30111828446388245,True,0.5948841734789312
10492,0.009143362753093243,False,0.0
10493,0.20318062603473663,False,0.0
10494,0.2258976250886917,False,0.0
10495,0.2605387270450592,False,0.0
10496,0.1497814953327179,False,0.0
10497,0.29649946093559265,False,0.0
10498,0.003676197724416852,False,0.0
10499,0.4069267809391022,False,0.0
10500,0.8919374942779541,True,1.0
10501,0.3549887239933014,False,0.0
10502,0.30724528431892395,False,0.0
10503,0.17282842099666595,False,0.0
10504,0.0,False,0.0
10505,0.3722385764122009,True,0.7444771528244019
10506,0.2888171672821045,False,0.0
10507,0.14403153955936432,False,0.0
10508,0.2323545515537262,False,0.0
10509,0.23772744834423065,False,0.0
10510,0.008200748823583126,False,0.0
10511,0.13017509877681732,False,0.0
10512,0.29720643162727356,True,0.5637778844684362
10513,0.2497929185628891,False,0.0
10514,0.1544003039598465,False,0.0
10515,0.23899996280670166,False,0.0
10516,0.015317489393055439,False,0.0
10517,0.30031707882881165,False,0.0
10518,0.17089605331420898,False,0.0
10519,0.30125969648361206,True,0.5861178953200579
10520,0.27778857946395874,False,0.0
10521,0.1736767739057541,False,0.0
10522,0.0,False,0.0
10523,0.2599731385707855,False,0.0
10524,0.25389328598976135,False,0.0
10525,0.1258862018585205,False,0.0
10526,0.2734525501728058,False,0.0
10527,0.34857892990112305,False,0.0
10528,0.012395384721457958,False,0.0
10529,0.2299508899450302,False,0.0
10530,0.6359909772872925,True,1.0
10531,0.384916752576828,False,0.0
10532,0.19761918485164642,False,0.0
10533,0.37563198804855347,False,0.0
10534,0.018993688747286797,False,0.0
10535,0.3533862829208374,True,0.6687851883471012
10536,0.15788798034191132,False,0.0
10537,0.23669056594371796,False,0.0
10538,0.24022535979747772,False,0.0
10539,0.14209918677806854,False,0.0
10540,0.0,False,0.0
10541,0.34315893054008484,True,0.6863178610801697
10542,0.3071039021015167,False,0.0
10543,0.1667485535144806,False,0.0
10544,0.23885858058929443,False,0.0
10545,0.28726184368133545,False,0.0
10546,0.0018852296052500606,False,0.0
10547,0.1704718917608261,False,0.0
10548,0.3164357841014862,False,0.0
10549,0.31869804859161377,True,0.6336256379727274
10550,0.17810706794261932,False,0.0
10551,0.2345696985721588,False,0.0
10552,0.0033934132661670446,False,0.0
10553,0.28325575590133667,False,0.0
10554,0.18206603825092316,False,0.0
10555,0.28844010829925537,False,0.0
10556,0.3003641963005066,False,0.0
10557,0.16302523016929626,False,0.0
10558,0.0,False,0.0
10559,0.2666657269001007,False,0.0
10560,0.7465706467628479,True,1.0
10561,0.3495686948299408,False,0.0
10562,0.3794495761394501,False,0.0
10563,0.515188455581665,False,0.0
10564,0.018192464485764503,False,0.0
10565,0.1869676411151886,False,0.0
10566,0.30955469608306885,False,0.3450912535190582
10567,0.27119025588035583,False,0.0
10568,0.13700906932353973,False,0.0
10569,0.3189808428287506,False,0.0
10570,0.009708932600915432,False,0.0
10571,0.37365248799324036,True,0.7278871107846498
10572,0.19219915568828583,False,0.0
10573,0.2749607264995575,False,0.0
10574,0.2621411681175232,False,0.0
10575,0.22052471339702606,False,0.0
10576,0.0002827844291459769,False,0.0
10577,0.32157301902770996,False,0.0
10578,0.33081063628196716,True,0.6605843963334337
10579,0.1556728333234787,False,0.0
10580,0.3145505487918854,False,0.0
10581,0.2684095799922943,False,0.0
10582,0.004807335324585438,False,0.0
10583,0.21991203725337982,False,0.0
10584,0.3023436963558197,False,0.0
10585,0.30898913741111755,True,0.6083636041730642
10586,0.16707848012447357,False,0.0
10587,0.23899996280670166,False,0.0
10588,0.0005184381152503192,False,0.0
10589,0.37063613533973694,False,0.0
10590,0.628390908241272,True,1.0
10591,0.5341569781303406,False,0.0
10592,0.3861892819404602,False,0.0
10593,0.18715617060661316,False,0.0
10594,0.0,False,0.0
10595,0.30356907844543457,False,0.0
10596,0.29475563764572144,False,0.0
10597,0.1461995542049408,False,0.0
10598,0.33321431279182434,True,0.6418263800442219
10599,0.30295640230178833,False,0.0
10600,0.012301122769713402,False,0.0
10601,0.12654604017734528,False,0.0
10602,0.27307549118995667,False,0.0
10603,0.3186037838459015,False,0.0
10604,0.21878087520599365,False,0.0
10605,0.3402368128299713,False,0.0
10606,0.015553143806755543,False,0.0
10607,0.3602202534675598,True,0.7204405069351196
10608,0.24474993348121643,False,0.0
10609,0.2719443738460541,False,0.0
10610,0.2743009030818939,False,0.0
10611,0.1936601996421814,False,0.0
10612,0.0,False,0.0
10613,0.32963237166404724,False,0.28664910793304443
10614,0.28702619671821594,False,0.0
10615,0.18630781769752502,False,0.0
10616,0.21416206657886505,False,0.0
10617,0.33854010701179504,False,0.0
10618,0.015128967352211475,False,0.0
10619,0.22170297801494598,False,0.0
10620,0.7146002054214478,True,1.0
10621,0.535597562789917,False,0.0
10622,0.22481362521648407,False,0.0
10623,0.2912679612636566,False,0.0
10624,0.016590019688010216,False,0.0
10625,0.32260990142822266,True,0.6120397634804249
10626,0.1718386709690094,False,0.0
10627,0.32015910744667053,False,0.0
10628,0.2804279029369354,False,0.0
10629,0.11938215792179108,False,0.0
10630,0.0,False,0.0
10631,0.22198577225208282,False,0.0
10632,0.2966879904270172,False,0.0
10633,0.14450284838676453,False,0.0
10634,0.32883116602897644,False,0.0
10635,0.3435830771923065,True,0.6364534795284271
10636,0.025356337428092957,False,0.0
10637,0.19809049367904663,False,0.0
10638,0.2894298732280731,False,0.0
10639,0.28471681475639343,False,0.0
10640,0.16349653899669647,False,0.0
10641,0.360408753156662,True,0.7182724464219064
10642,0.016401497647166252,False,0.0
10643,0.34895598888397217,False,0.0
10644,0.21647147834300995,False,0.0
10645,0.2321188896894455,False,0.0
10646,0.27222713828086853,False,0.0
10647,0.2367377132177353,False,0.0
10648,0.0012725299457088113,False,0.0
10649,0.32166728377342224,False,0.0
10650,0.7218743562698364,True,1.0
10651,0.35772231221199036,False,0.0
10652,0.33321431279182434,False,0.0
10653,0.33844584226608276,False,0.0
10654,0.006645434536039829,False,0.0
10655,0.1923876851797104,False,0.0
10656,0.3368434011936188,False,0.0
10657,0.3506055772304535,True,0.6879202853888273
10658,0.16302523016929626,False,0.0
10659,0.2521023452281952,False,0.0
10660,0.019323602318763733,False,0.0
10661,0.2694464325904846,False,0.0
10662,0.12286984175443649,False,0.0
10663,0.35055842995643616,True,0.6624696552753448
10664,0.29777202010154724,False,0.0
10665,0.2054428905248642,False,0.0
10666,0.005749950185418129,False,0.0
10667,0.26232969760894775,False,0.0
10668,0.2828315496444702,False,0.0
10669,0.2100616991519928,False,0.0
10670,0.32666313648223877,True,0.6338141467422247
10671,0.31888657808303833,False,0.0
10672,0.014139221981167793,False,0.0
10673,0.20577280223369598,False,0.0
10674,0.23702049255371094,False,0.0
10675,0.2919277846813202,False,0.1888057291507721
10676,0.19752492010593414,False,0.0
10677,0.3176611661911011,False,0.0
10678,0.009756063111126423,False,0.0
10679,0.5268160700798035,False,0.0
10680,0.7370390295982361,True,1.0
10681,0.526339590549469,False,0.0
10682,0.36761975288391113,False,0.0
10683,0.21901653707027435,False,0.0
10684,0.01135850790888071,False,0.0
10685,0.35875919461250305,True,0.6948013734072447
10686,0.3103087842464447,False,0.0
10687,0.18861721456050873,False,0.0
10688,0.25827643275260925,False,0.0
10689,0.274253785610199,False,0.0
10690,0.00348767451941967,False,0.0
10691,0.11627153307199478,False,0.0
10692,0.3177083134651184,True,0.6160930246114731
10693,0.31704849004745483,False,0.0
10694,0.1552015244960785,False,0.0
10695,0.2795795500278473,False,0.0
10696,0.009661801159381866,False,0.0
10697,0.3333085775375366,False,0.0
10698,0.19842040538787842,False,0.0
10699,0.35065269470214844,True,0.6943300403654575
10700,0.31162843108177185,False,0.0
10701,0.18597789108753204,False,0.0
10702,0.000377045915229246,False,0.0
10703,0.2600674331188202,False,0.0
10704,0.2727455794811249,False,0.0
10705,0.23254306614398956,False,0.0
10706,0.29051387310028076,False,0.0
10707,0.5253571271896362,False,0.0
10708,0.013432259671390057,False,0.0
10709,0.2989974021911621,False,0.0
10710,0.649901270866394,True,1.0
10711,0.5608159303665161,False,0.0
10712,0.2662886679172516,False,0.0
10713,0.5302282571792603,False,0.0
10714,0.019040819257497787,False,0.0
10715,0.5715509653091431,True,1.0
10716,0.24093233048915863,False,0.0
10717,0.38600075244903564,False,0.0
10718,0.35470592975616455,False,0.0
10719,0.21967637538909912,False,0.0
10720,0.0,False,0.0
10721,0.3697877824306488,False,0.20944905281066895
10722,0.3334028422832489,False,0.0
10723,0.26506325602531433,False,0.0
10724,0.2935773730278015,False,0.0
10725,0.3745008409023285,False,0.0
10726,0.00838927086442709,False,0.0
10727,0.26082152128219604,False,0.0
10728,0.36903366446495056,False,0.0
10729,0.5752645134925842,True,1.0
10730,0.2568154036998749,False,0.0
10731,0.3717672526836395,False,0.0
10732,0.0026864521205425262,False,0.0
10733,0.38105201721191406,False,0.0
10734,0.27152019739151,False,0.0
10735,0.5863221287727356,True,1.0
10736,0.556706964969635,False,0.0
10737,0.29244622588157654,False,0.0
10738,0.0,False,0.0
10739,0.3448084890842438,False,0.0
10740,0.9118300080299377,True,1.0
10741,0.5516716837882996,False,0.0
10742,0.6574029922485352,False,0.0
10743,0.616005003452301,False,0.0
10744,0.003723328234627843,False,0.0
10745,0.2524793744087219,False,0.0
10746,0.37101316452026367,False,0.0
10747,0.3678082823753357,False,0.0
10748,0.6323730945587158,False,0.0
10749,0.6248728036880493,False,0.0
10750,0.8951031565666199,True,1.0
10751,0.3254377543926239,False,0.0
10752,0.36705419421195984,False,0.0
10753,0.38911136984825134,False,0.0
10754,0.6436139345169067,False,0.0
10755,0.4091419279575348,False,0.0
10756,0.003958981949836016,False,0.0
10757,0.28990116715431213,False,0.0
10758,0.3488617241382599,False,0.0
10759,0.358806312084198,False,0.0
10760,0.40532436966896057,False,0.0
10761,0.4077751636505127,True,0.8053700877353549
10762,0.005090119782835245,False,0.0
10763,0.3802036643028259,False,0.0
10764,0.3514539301395416,False,0.0
10765,0.3698820471763611,False,0.0
10766,0.44604530930519104,False,0.0
10767,0.3600788414478302,False,0.0
10768,0.0,False,0.0
10769,0.4205946922302246,False,0.0
10770,0.9809643626213074,True,1.0
10771,0.7249085903167725,False,0.0
10772,0.6783382296562195,False,0.0
10773,0.44467851519584656,False,0.0
10774,0.006032734643667936,False,0.0
10775,0.6587523221969604,True,1.0
10776,0.42064186930656433,False,0.0
10777,0.3650747239589691,False,0.0
10778,0.40193095803260803,False,0.0
10779,0.3941543698310852,False,0.0
10780,0.0,False,0.0
10781,0.43610072135925293,False,0.0
10782,0.37558484077453613,False,0.0
10783,0.3694107234477997,False,0.0
10784,0.4410494267940521,True,0.8820988535881042
10785,0.4263918101787567,False,0.0
10786,0.0,False,0.0
10787,0.3947199285030365,False,0.0
10788,0.3780827820301056,False,0.0
10789,0.35885342955589294,False,0.0
10790,0.4122525751590729,True,0.8245051503181458
10791,0.34542116522789,False,0.0
10792,0.0,False,0.0
10793,0.34212204813957214,False,0.0
10794,0.2700119912624359,False,0.0
10795,0.33415696024894714,False,0.0
10796,0.3889699876308441,True,0.7779399752616882
10797,0.26916366815567017,False,0.0
10798,0.0,False,0.0
10799,0.21194694936275482,False,0.0
