frame_idx,action_score,is_peak,persistence_value
0,0.6342039704322815,False,0.0
1,0.0,False,0.0
2,0.0,False,0.0
3,0.0,False,0.0
4,0.0,False,0.0
5,0.0,False,0.0
6,0.0,False,0.0
7,0.0,False,0.0
8,0.0,False,0.0
9,0.022895129397511482,False,0.0
10,0.06920129060745239,False,0.0
11,0.1984432339668274,False,0.0
12,0.18791338801383972,False,0.0
13,0.20977932214736938,False,0.39335198886692524
14,0.19007594883441925,False,0.0
15,0.06855425238609314,False,0.0
16,0.039243556559085846,False,0.0
17,0.013103327713906765,False,0.0
18,0.182419091463089,False,0.0
19,0.07222078740596771,False,0.0
20,0.18121299147605896,False,0.0
21,0.22145307064056396,False,0.313173845410347
22,0.18416950106620789,False,0.0
23,0.07603829354047775,False,0.0
24,0.06486614793539047,False,0.0
25,0.07187570631504059,False,0.0
26,0.8916844725608826,True,1.0
27,0.18353331089019775,False,0.0
28,0.037259314209222794,False,0.0
29,0.018063930794596672,False,0.0
30,0.02671263925731182,False,0.0
31,0.023822546005249023,False,0.0
32,0.0019527521217241883,False,0.0
33,0.0020390234421938658,False,0.0
34,0.015820875763893127,False,0.0
35,0.008789758197963238,False,0.0
36,0.007495687808841467,False,0.0
37,0.004648732487112284,False,0.0
38,0.009717175737023354,False,0.0
39,0.03085366263985634,False,0.0
40,0.014742483384907246,False,0.0
41,0.013405277393758297,False,0.0
42,0.014052311889827251,False,0.0
43,0.007042763289064169,False,0.0
44,0.005058521404862404,False,0.0
45,0.004950682166963816,False,0.0
46,0.006762381177395582,False,0.0
47,0.008034883998334408,False,0.0
48,0.007193738128989935,False,0.0
49,0.006546703167259693,False,0.0
50,0.007754501886665821,False,0.0
51,0.8833146095275879,True,1.0
52,0.07739707082509995,False,0.0
53,0.018085500225424767,False,0.0
54,0.06238585337996483,False,0.0
55,0.025138184428215027,False,0.0
56,0.03316142410039902,False,0.0
57,0.02229123003780842,False,0.0
58,0.06367992609739304,False,0.0
59,0.03471430763602257,False,0.0
60,0.016446342691779137,False,0.0
61,0.008854462765157223,False,0.0
62,0.010709295980632305,False,0.0
63,0.015238543041050434,False,0.0
64,0.016230663284659386,False,0.0
65,0.010946542955935001,False,0.0
66,0.03624562546610832,False,0.0
67,0.015583628788590431,False,0.0
68,0.020263850688934326,False,0.0
69,0.046662893146276474,False,0.0
70,0.018861940130591393,False,0.0
71,0.02233436517417431,False,0.0
72,0.0638524666428566,False,0.0
73,0.06818760186433792,False,0.0
74,0.04866870120167732,False,0.0
75,0.058287959545850754,False,0.0
76,0.8600643277168274,True,1.0
77,0.07508931308984756,False,0.0
78,0.014440533705055714,False,0.0
79,0.010472050867974758,False,0.0
80,0.017244352027773857,False,0.0
81,0.0456707738339901,False,0.0
82,0.026798909530043602,False,0.0
83,0.028438065201044083,False,0.0
84,0.05022158846259117,False,0.0
85,0.028308657929301262,False,0.0
86,0.018452152609825134,False,0.0
87,0.01767571084201336,False,0.0
88,0.031263452023267746,False,0.0
89,0.02175203338265419,False,0.0
90,0.016812996938824654,False,0.0
91,0.014440533705055714,False,0.0
92,0.023650003597140312,False,0.0
93,0.014893457293510437,False,0.0
94,0.012930783443152905,False,0.0
95,0.011722984723746777,False,0.0
96,0.023412756621837616,False,0.0
97,0.019465841352939606,False,0.0
98,0.014397397637367249,False,0.0
99,0.031177181750535965,False,0.0
100,0.019724655896425247,False,0.0
101,0.8417481780052185,True,1.0
102,0.2168935090303421,False,0.0
103,0.074916772544384,False,0.0
104,0.04159444943070412,False,0.0
105,0.0492078997194767,False,0.0
106,0.03212616965174675,False,0.0
107,0.026863614097237587,False,0.0
108,0.00598593894392252,False,0.0
109,0.022571612149477005,False,0.0
110,0.03430451825261116,False,0.0
111,0.022161822766065598,False,0.0
112,0.034908417612314224,False,0.0
113,0.019012916833162308,False,0.0
114,0.02015601098537445,False,0.0
115,0.056950755417346954,False,0.0
116,0.02858904004096985,False,0.0
117,0.025461703538894653,False,0.0
118,0.02809298038482666,False,0.0
119,0.07457168400287628,False,0.11193711310625076
120,0.039071012288331985,False,0.0
121,0.034865282475948334,False,0.0
122,0.048970650881528854,False,0.0
123,0.03221243619918823,False,0.0
124,0.02065207250416279,False,0.0
125,0.0186031274497509,False,0.0
126,0.026216575875878334,False,0.0
127,0.8945543169975281,True,1.0
128,0.07112082839012146,False,0.0
129,0.01375036220997572,False,0.0
130,0.02641068771481514,False,0.0
131,0.017503168433904648,False,0.0
132,0.006503567099571228,False,0.0
133,0.004260511603206396,False,0.0
134,0.017416896298527718,False,0.0
135,0.006611406337469816,False,0.0
136,0.005144793074578047,False,0.0
137,0.0027938978746533394,False,0.0
138,0.0023194055538624525,False,0.0
139,0.005640853196382523,False,0.0
140,0.039243556559085846,False,0.0
141,0.03935139626264572,False,0.0
142,0.05369400978088379,False,0.0
143,0.05261562019586563,False,0.0
144,0.043729666620492935,False,0.0
145,0.04618839919567108,False,0.0
146,0.026885179802775383,False,0.0
147,0.03531820699572563,False,0.0
148,0.0372161790728569,False,0.0
149,0.40097910165786743,False,0.0
150,0.027359673753380775,False,0.0
151,0.009199547581374645,False,0.0
152,0.9457552433013916,True,1.0
153,0.0767069011926651,False,0.0
154,0.014656211249530315,False,0.0
155,0.007085898425430059,False,0.0
156,0.014462101273238659,False,0.0
157,0.032730069011449814,False,0.0
158,0.016899267211556435,False,0.0
159,0.018409017473459244,False,0.0
160,0.04189639911055565,False,0.0
161,0.04558449983596802,False,0.0
162,0.03559858724474907,False,0.0
163,0.040580760687589645,False,0.0
164,0.058072280138731,False,0.0
165,0.031543832272291183,False,0.0
166,0.02073834463953972,False,0.0
167,0.02272258698940277,False,0.0
168,0.026259711012244225,False,0.0
169,0.04185326397418976,False,0.0
170,0.03102620504796505,False,0.0
171,0.03400256857275963,False,0.0
172,0.057964444160461426,False,0.0
173,0.045325685292482376,False,0.0
174,0.03868279233574867,False,0.0
175,0.050696082413196564,False,0.0
176,0.04858243092894554,False,0.0
177,0.8734316229820251,True,1.0
178,0.17977240681648254,False,0.0
179,0.03307515010237694,False,0.0
180,0.013469981029629707,False,0.0
181,0.02250690758228302,False,0.0
182,0.014354261569678783,False,0.0
183,0.009350522421300411,False,0.0
184,0.0058780997060239315,False,0.0
185,0.011183788999915123,False,0.0
186,0.014160151593387127,False,0.0
187,0.017244352027773857,False,0.0
188,0.00902700424194336,False,0.0
189,0.012585698626935482,False,0.0
190,0.029192939400672913,False,0.0
191,0.01228374894708395,False,0.0
192,0.011809256859123707,False,0.0
193,0.014203287661075592,False,0.0
194,0.07552066445350647,False,0.0
195,0.056368421763181686,False,0.0
196,0.046253103762865067,False,0.0
197,0.056368421763181686,False,0.0
198,0.040321946144104004,False,0.0
199,0.03061641752719879,False,0.0
200,0.028869420289993286,False,0.0
201,0.03784164413809776,False,0.0
202,0.8876758217811584,True,1.0
203,0.07597359269857407,False,0.0
204,0.021428516134619713,False,0.0
205,0.03311828896403313,False,0.0
206,0.025181321427226067,False,0.0
207,0.029171371832489967,False,0.0
208,0.01940113864839077,False,0.0
209,0.026151875033974648,False,0.0
210,0.03421824797987938,False,0.0
211,0.02405979298055172,False,0.0
212,0.014915025793015957,False,0.0
213,0.012822945602238178,False,0.0
214,0.023628436028957367,False,0.0
215,0.014656211249530315,False,0.0
216,0.008854462765157223,False,0.0
217,0.00922111514955759,False,0.0
218,0.013815066777169704,False,0.0
219,0.017999228090047836,False,0.0
220,0.02006974071264267,False,0.0
221,0.014181720092892647,False,0.0
222,0.015001296997070312,False,0.0
223,0.014224854297935963,False,0.0
224,0.020177578553557396,False,0.0
225,0.012801378034055233,False,0.0
226,0.013599387370049953,False,0.0
227,0.8179636597633362,True,1.0
228,0.06555632501840591,False,0.0
229,0.009199547581374645,False,0.0
230,0.003203687025234103,False,0.0
231,0.0076682306826114655,False,0.0
232,0.20420736074447632,False,0.0
233,0.18018637597560883,False,0.0
234,0.07513245195150375,False,0.0
235,0.22395071387290955,True,0.42712987028062344
236,0.05837423354387283,False,0.0
237,0.038984742015600204,False,0.0
238,0.03838084265589714,False,0.0
239,0.19828754663467407,False,0.0
240,0.03656914457678795,False,0.0
241,0.02065207250416279,False,0.0
242,0.020759912207722664,False,0.0
243,0.03156540170311928,False,0.0
244,0.015216975472867489,False,0.0
245,0.011011245660483837,False,0.0
246,0.010385778732597828,False,0.0
247,0.021967710927128792,False,0.0
248,0.01994033344089985,False,0.0
249,0.015777740627527237,False,0.0
250,0.9000000357627869,True,1.0
251,0.0,False,0.0
252,0.8790445327758789,False,0.0
253,0.060099661350250244,False,0.0
254,0.005813396070152521,False,0.0
255,0.002168430481106043,False,0.0
256,0.00561928516253829,False,0.0
257,0.0024703803937882185,False,0.0
258,0.0014351238496601582,False,0.0
259,0.0011978775728493929,False,0.0
260,0.0014351238496601582,False,0.0
261,0.06001339107751846,False,0.0
262,0.037302449345588684,False,0.0
263,0.031435996294021606,False,0.0
264,0.042802248150110245,False,0.0
265,0.050566673278808594,False,0.0
266,0.031263452023267746,False,0.0
267,0.029106667265295982,False,0.0
268,0.03594367578625679,False,0.0
269,0.05748995020985603,False,0.0
270,0.03316142410039902,False,0.0
271,0.0314575657248497,False,0.0
272,0.04321203753352165,False,0.0
273,0.03762596473097801,False,0.0
274,0.026906747370958328,False,0.0
275,0.025159751996397972,False,0.0
276,0.041206229478120804,False,0.0
277,0.8999621868133545,True,1.0
278,0.169368714094162,False,0.0
279,0.01633850298821926,False,0.0
280,0.02095402218401432,False,0.0
281,0.016446342691779137,False,0.0
282,0.045951154083013535,False,0.0
283,0.0394592322409153,False,0.0
284,0.06016436219215393,False,0.0
285,0.05729584023356438,False,0.0
286,0.03958864137530327,False,0.0
287,0.02863217703998089,False,0.0
288,0.029883110895752907,False,0.0
289,0.03398100286722183,False,0.0
290,0.024491149932146072,False,0.0
291,0.020263850688934326,False,0.0
292,0.01575617305934429,False,0.0
293,0.020005038008093834,False,0.0
294,0.02973213605582714,False,0.0
295,0.038984742015600204,False,0.0
296,0.02632441557943821,False,0.0
297,0.029947815462946892,False,0.0
298,0.04163758456707001,False,0.0
299,0.4352383017539978,False,0.0
300,0.033226128667593,False,0.0
301,0.011917095631361008,False,0.0
302,0.9359291195869446,True,1.0
303,0.18317283689975739,False,0.0
304,0.016856132075190544,False,0.0
305,0.013642522506415844,False,0.0
306,0.02973213605582714,False,0.0
307,0.013642522506415844,False,0.0
308,0.009372089989483356,False,0.0
309,0.008250562474131584,False,0.0
310,0.02623814344406128,False,0.0
311,0.011852391995489597,False,0.0
312,0.008811326697468758,False,0.0
313,0.008897597901523113,False,0.0
314,0.01629536785185337,False,0.0
315,0.0075172558426856995,False,0.0
316,0.005597717594355345,False,0.0
317,0.004691868554800749,False,0.0
318,0.006956491619348526,False,0.0
319,0.057123299688100815,False,0.0
320,0.05125684291124344,False,0.0
321,0.06745429337024689,False,0.0
322,0.06130746006965637,False,0.0
323,0.053133245557546616,False,0.0
324,0.03460646793246269,False,0.0
325,0.05311167985200882,False,0.0
326,0.05013531446456909,False,0.0
327,0.8645153045654297,True,1.0
328,0.18632164597511292,False,0.0
329,0.03887690231204033,False,0.0
330,0.014117016457021236,False,0.0
331,0.022442204877734184,False,0.0
332,0.018063930794596672,False,0.0
333,0.008854462765157223,False,0.0
334,0.00846624094992876,False,0.0
335,0.014311126433312893,False,0.0
336,0.025440135970711708,False,0.0
337,0.010407346300780773,False,0.0
338,0.009393657557666302,False,0.0
339,0.015777740627527237,False,0.0
340,0.029947815462946892,False,0.0
341,0.012585698626935482,False,0.0
342,0.010881839320063591,False,0.0
343,0.01541108638048172,False,0.0
344,0.01633850298821926,False,0.0
345,0.007495687808841467,False,0.0
346,0.0073662810027599335,False,0.0
347,0.010148532688617706,False,0.0
348,0.04724522680044174,False,0.0
349,0.035835836082696915,False,0.0
350,0.04340614750981331,False,0.0
351,0.06449949741363525,False,0.0
352,0.8895012140274048,True,1.0
353,0.18182949721813202,False,0.0
354,0.020220715552568436,False,0.0
355,0.027855733409523964,False,0.0
356,0.027273401618003845,False,0.0
357,0.03480057790875435,False,0.0
358,0.025957763195037842,False,0.0
359,0.03682795539498329,False,0.0
360,0.038316138088703156,False,0.0
361,0.024685261771082878,False,0.0
362,0.013168031349778175,False,0.0
363,0.013879770413041115,False,0.0
364,0.020457962527871132,False,0.0
365,0.013081759214401245,False,0.0
366,0.015195408836007118,False,0.0
367,0.009436793625354767,False,0.0
368,0.012391588650643826,False,0.0
369,0.014915025793015957,False,0.0
370,0.028740016743540764,False,0.0
371,0.01165828201919794,False,0.0
372,0.014893457293510437,False,0.0
373,0.058287959545850754,False,0.0
374,0.19766482710838318,False,0.0
375,0.0465334877371788,False,0.0
376,0.05334892496466637,False,0.0
377,0.8695271611213684,True,1.0
378,0.17331987619400024,False,0.0
379,0.011873959563672543,False,0.0
380,0.00833683367818594,False,0.0
381,0.015152272768318653,False,0.0
382,0.027359673753380775,False,0.0
383,0.017222784459590912,False,0.0
384,0.02166576124727726,False,0.0
385,0.037129905074834824,False,0.0
386,0.030918365344405174,False,0.0
387,0.02108342945575714,False,0.0
388,0.020803047344088554,False,0.0
389,0.035253506153821945,False,0.0
390,0.021277539432048798,False,0.0
391,0.012779809534549713,False,0.0
392,0.011615145951509476,False,0.0
393,0.023995090276002884,False,0.0
394,0.014958160929381847,False,0.0
395,0.009630904532968998,False,0.0
396,0.008509377017617226,False,0.0
397,0.012585698626935482,False,0.0
398,0.013340572826564312,False,0.0
399,0.01077400054782629,False,0.0
400,0.015022865496575832,False,0.0
401,0.012952351942658424,False,0.0
402,0.8330731987953186,True,1.0
403,0.20664796233177185,False,0.0
404,0.055937062948942184,False,0.0
405,0.03568486124277115,False,0.0
406,0.053003836423158646,False,0.0
407,0.04183169826865196,False,0.0
408,0.027100859209895134,False,0.0
409,0.027143994346261024,False,0.0
410,0.036720119416713715,False,0.0
411,0.016532612964510918,False,0.0
412,0.010946542955935001,False,0.0
413,0.011722984723746777,False,0.0
414,0.013620954938232899,False,0.0
415,0.038100458681583405,False,0.0
416,0.027942005544900894,False,0.0
417,0.025763651356101036,False,0.0
418,0.03014192543923855,False,0.0
419,0.05160192772746086,False,0.0
420,0.02796357311308384,False,0.0
421,0.028912557289004326,False,0.0
422,0.03387316316366196,False,0.0
423,0.02822238579392433,False,0.0
424,0.013340572826564312,False,0.0
425,0.014591507613658905,False,0.0
426,0.021255971863865852,False,0.0
427,0.8787192106246948,True,1.0
428,0.06301131844520569,False,0.0
429,0.0067839487455785275,False,0.0
430,0.0076682306826114655,False,0.0
431,0.011291628703474998,False,0.0
432,0.002427244558930397,False,0.0
433,0.0022115660831332207,False,0.0
434,0.0028586015105247498,False,0.0
435,0.0032252545934170485,False,0.0
436,0.0,False,0.0
437,0.00016262107237707824,False,0.0
438,0.0,False,0.0
439,0.0015429629711434245,False,0.0
440,0.032945744693279266,False,0.0
441,0.036418166011571884,False,0.0
442,0.023542163893580437,False,0.0
443,0.030465442687273026,False,0.0
444,0.03572799637913704,False,0.0
445,0.035210367292165756,False,0.0
446,0.023714708164334297,False,0.0
447,0.03132815659046173,False,0.0
448,0.021169699728488922,False,0.0
449,0.39268186688423157,False,0.0
450,0.026345983147621155,False,0.0
451,0.009005437605082989,False,0.0
452,0.9244693517684937,True,1.0
453,0.18770825862884521,False,0.0
454,0.015864012762904167,False,0.0
455,0.012564131990075111,False,0.0
456,0.029300779104232788,False,0.0
457,0.016942402347922325,False,0.0
458,0.011960231699049473,False,0.0
459,0.011615145951509476,False,0.0
460,0.019120756536722183,False,0.0
461,0.007193738128989935,False,0.0
462,0.007344712968915701,False,0.0
463,0.005101657472550869,False,0.0
464,0.007042763289064169,False,0.0
465,0.002815465908497572,False,0.0
466,0.0026429230347275734,False,0.0
467,0.0026213552337139845,False,0.0
468,0.0026429230347275734,False,0.0
469,0.032902609556913376,False,0.0
470,0.02738124132156372,False,0.0
471,0.040041565895080566,False,0.0
472,0.03913571685552597,False,0.0
473,0.021989278495311737,False,0.0
474,0.017567871138453484,False,0.0
475,0.0363318957388401,False,0.0
476,0.021557921543717384,False,0.0
477,0.8107052445411682,True,1.0
478,0.06628962606191635,False,0.0
479,0.3785741925239563,False,0.0
480,0.05026472359895706,False,0.0
481,0.026691069826483727,False,0.0
482,0.023024536669254303,False,0.0
483,0.03618092089891434,False,0.0
484,0.026302848011255264,False,0.0
485,0.017956091091036797,False,0.0
486,0.025677381083369255,False,0.0
487,0.02308923937380314,False,0.0
488,0.020501097664237022,False,0.0
489,0.017524734139442444,False,0.0
490,0.023283351212739944,False,0.0
491,0.022204957902431488,False,0.0
492,0.1897585690021515,False,0.0
493,0.17167723178863525,False,0.0
494,0.1832948476076126,False,0.0
495,0.1953514814376831,False,0.3198077380657196
496,0.04797853156924248,False,0.0
497,0.0354476124048233,False,0.0
498,0.0363534651696682,False,0.0
499,0.04172385856509209,False,0.0
500,0.9000000357627869,False,0.0
501,0.0,False,0.0
502,0.9177858233451843,True,1.0
503,0.06989146023988724,False,0.0
504,0.01935800164937973,False,0.0
505,0.023779410868883133,False,0.0
506,0.01802079565823078,False,0.0
507,0.006007506977766752,False,0.0
508,0.0015213951701298356,False,0.0
509,0.0011331740533933043,False,0.0
510,0.005187928676605225,False,0.0
511,0.006891787983477116,False,0.0
512,0.003203687025234103,False,0.0
513,0.0017586414469406009,False,0.0
514,0.0043899184092879295,False,0.0
515,0.023757843300700188,False,0.0
516,0.02153635397553444,False,0.0
517,0.009501497261226177,False,0.0
518,0.02188143879175186,False,0.0
519,0.023046104237437248,False,0.0
520,0.01994033344089985,False,0.0
521,0.010989679023623466,False,0.0
522,0.020350122824311256,False,0.0
523,0.011377899907529354,False,0.0
524,0.008638783358037472,False,0.0
525,0.006589838303625584,False,0.0
526,0.009479929693043232,False,0.0
527,0.8233590722084045,True,1.0
528,0.09111421555280685,False,0.0
529,0.03954550251364708,False,0.0
530,0.03941609710454941,False,0.0
531,0.06292504817247391,False,0.0
532,0.05125684291124344,False,0.0
533,0.03691422566771507,False,0.0
534,0.038143593817949295,False,0.0
535,0.06449949741363525,False,0.0
536,0.04718052223324776,False,0.0
537,0.033614348620176315,False,0.0
538,0.03402413800358772,False,0.0
539,0.044613949954509735,False,0.0
540,0.019767791032791138,False,0.0
541,0.013599387370049953,False,0.0
542,0.01321116741746664,False,0.0
543,0.017999228090047836,False,0.0
544,0.03937296196818352,False,0.0
545,0.02405979298055172,False,0.0
546,0.03892003744840622,False,0.0
547,0.033830028027296066,False,0.0
548,0.03326926380395889,False,0.0
549,0.022808857262134552,False,0.0
550,0.03344180807471275,False,0.0
551,0.03354964405298233,False,0.0
552,0.886079728603363,True,1.0
553,0.06663471460342407,False,0.0
554,0.009372089989483356,False,0.0
555,0.004454621579498053,False,0.0
556,0.008250562474131584,False,0.0
557,0.0037213151808828115,False,0.0
558,0.0018449127674102783,False,0.0
559,0.0015645308885723352,False,0.0
560,0.00520949624478817,False,0.0
561,0.07439913600683212,False,0.0
562,0.04116309434175491,False,0.0
563,0.037302449345588684,False,0.0
564,0.045735474675893784,False,0.0
565,0.06747586280107498,False,0.0
566,0.04172385856509209,False,0.0
567,0.036676984280347824,False,0.0
568,0.04331987723708153,False,0.0
569,0.044441405683755875,False,0.0
570,0.031888920813798904,False,0.0
571,0.030292898416519165,False,0.0
572,0.037561263889074326,False,0.0
573,0.03887690231204033,False,0.0
574,0.02494407445192337,False,0.0
575,0.024448012933135033,False,0.0
576,0.05123527720570564,False,0.0
577,0.8490986824035645,True,1.0
578,0.08052440732717514,False,0.0
579,0.020501097664237022,False,0.0
580,0.022938264533877373,False,0.0
581,0.022916696965694427,False,0.0
582,0.05110586807131767,False,0.0
583,0.046835433691740036,False,0.0
584,0.06169567629694939,False,0.0
585,0.06303288787603378,False,0.0
586,0.03551231697201729,False,0.0
587,0.02405979298055172,False,0.0
588,0.023240214213728905,False,0.0
589,0.02889098785817623,False,0.0
590,0.026906747370958328,False,0.0
591,0.027812598273158073,False,0.0
592,0.02263631485402584,False,0.0
593,0.02787730097770691,False,0.0
594,0.03892003744840622,False,0.0
595,0.07562851160764694,False,0.0
596,0.03292417526245117,False,0.0
597,0.04178855940699577,False,0.0
598,0.059474196285009384,False,0.0
599,0.05334892496466637,False,0.0
600,0.04424729570746422,False,0.0
601,0.0598624125123024,False,0.0
602,0.8962434530258179,True,1.0
603,0.06848955154418945,False,0.0
604,0.009738743305206299,False,0.0
605,0.005015385802835226,False,0.0
606,0.013858201913535595,False,0.0
607,0.030702689662575722,False,0.0
608,0.026065602898597717,False,0.0
609,0.026604799553751945,False,0.0
610,0.11660740524530411,False,0.2138667292892933
611,0.03223400563001633,False,0.0
612,0.02317551150918007,False,0.0
613,0.02259317971765995,False,0.0
614,0.09657087922096252,False,0.0
615,0.016640452668070793,False,0.0
616,0.011787689290940762,False,0.0
617,0.009674040600657463,False,0.0
618,0.01633850298821926,False,0.0
619,0.07541283220052719,False,0.0
620,0.07010713964700699,False,0.0
621,0.35516777634620667,True,0.6227036789059639
622,0.09695910662412643,False,0.0
623,0.05891342833638191,False,0.0
624,0.043815936893224716,False,0.0
625,0.14072026312351227,False,0.0
626,0.05887029320001602,False,0.0
627,0.8961445689201355,True,1.0
628,0.06154470518231392,False,0.0
629,0.14337310194969177,False,0.0
630,0.012866081669926643,False,0.0
631,0.005382039118558168,False,0.0
632,0.004131104331463575,False,0.0
633,0.00486441096290946,False,0.0
634,0.030724257230758667,False,0.0
635,0.02662636712193489,False,0.0
636,0.11680152267217636,False,0.0
637,0.046253103762865067,False,0.0
638,0.04278067871928215,False,0.0
639,0.03311828896403313,False,0.0
640,0.360058069229126,True,0.7075403612107038
641,0.05315481498837471,False,0.0
642,0.02431860752403736,False,0.0
643,0.016403207555413246,False,0.0
644,0.01599341817200184,False,0.0
645,0.027532214298844337,False,0.0
646,0.008530944585800171,False,0.0
647,0.006287888623774052,False,0.0
648,0.006697678007185459,False,0.0
649,0.008487808518111706,False,0.0
650,0.010083829052746296,False,0.0
651,0.462011456489563,False,0.0
652,0.9267023801803589,True,1.0
653,0.06061728671193123,False,0.0
654,0.010989679023623466,False,0.0
655,0.3671477437019348,False,0.0
656,0.032816335558891296,False,0.0
657,0.02356373332440853,False,0.0
658,0.029753703624010086,False,0.0
659,0.3763258755207062,True,0.7306723929941654
660,0.015109136700630188,False,0.0
661,0.008962301537394524,False,0.0
662,0.007646662648767233,False,0.0
663,0.00999755784869194,False,0.0
664,0.02233436517417431,False,0.0
665,0.014009176753461361,False,0.0
666,0.3608764111995697,False,0.0
667,0.026345983147621155,False,0.0
668,0.007236873265355825,False,0.0
669,0.0035272047389298677,False,0.0
670,0.468772828578949,True,0.9304912476800382
671,0.01566990092396736,False,0.0
672,0.0042389435693621635,False,0.0
673,0.002556651597842574,False,0.0
674,0.5498558282852173,False,0.0
675,0.023800978437066078,False,0.0
676,0.0067839487455785275,False,0.0
677,0.9227355718612671,True,1.0
678,0.08419094234704971,False,0.0
679,0.03093993477523327,False,0.0
680,0.024577422067523003,False,0.0
681,0.13114413619041443,False,0.0
682,0.012046502903103828,False,0.0
683,0.005468310322612524,False,0.0
684,0.004368350841104984,False,0.0
685,0.4019288420677185,True,0.7889957157894969
686,0.02162262611091137,False,0.0
687,0.010881839320063591,False,0.0
688,0.010601457208395004,False,0.0
689,0.012628833763301373,False,0.0
690,0.009825015440583229,False,0.0
691,0.0074309841729700565,False,0.0
692,0.007797637488692999,False,0.0
693,0.00904857274144888,False,0.0
694,0.03283790498971939,False,0.0
695,0.02494407445192337,False,0.0
696,0.12700311839580536,False,0.17042911797761917
697,0.04474335536360741,False,0.0
698,0.05962516739964485,False,0.0
699,0.04178855940699577,False,0.0
700,0.35034769773483276,False,0.0
701,0.0673895925283432,False,0.0
702,0.867289662361145,True,1.0
703,0.08949663490056992,False,0.0
704,0.11518392711877823,False,0.0
705,0.023585300892591476,False,0.0
706,0.028869420289993286,False,0.0
707,0.014613076113164425,False,0.0
708,0.004842843394726515,False,0.0
709,0.004325214773416519,False,0.0
710,0.0,False,0.0
711,0.4011784493923187,True,0.7692916728556156
712,0.06887777149677277,False,0.0
713,0.04543352499604225,False,0.0
714,0.047633446753025055,False,0.0
715,0.29727327823638916,False,0.0
716,0.058719318360090256,False,0.0
717,0.0474393330514431,False,0.0
718,0.05097646266222,False,0.0
719,0.1454867571592331,False,0.19609484821558
720,0.027273401618003845,False,0.0
721,0.016532612964510918,False,0.0
722,0.01687769964337349,False,0.0
723,0.019056051969528198,False,0.0
724,0.023865683004260063,False,0.0
725,0.023585300892591476,False,0.0
726,0.10537055879831314,False,0.0
727,0.9075344800949097,True,1.0
728,0.10226479917764664,False,0.0
729,0.031220316886901855,False,0.0
730,0.1152917742729187,False,0.0
731,0.04739619791507721,False,0.0
732,0.044333565980196,False,0.0
733,0.026863614097237587,False,0.0
734,0.09161027520895004,False,0.1294933222234249
735,0.05095488950610161,False,0.0
736,0.015950283035635948,False,0.0
737,0.010623025707900524,False,0.0
738,0.008078019134700298,False,0.0
739,0.011248492635786533,False,0.0
740,0.006223184987902641,False,0.0
741,0.37052422761917114,False,0.0
742,0.02360686846077442,False,0.0
743,0.011119085364043713,False,0.0
744,0.007927044294774532,False,0.0
745,0.3765162527561188,True,0.6145867854356766
746,0.08332822471857071,False,0.0
747,0.07077573984861374,False,0.0
748,0.06922286003828049,False,0.0
749,0.33108535408973694,False,0.0
750,0.9000000357627869,False,0.0
751,0.0,False,0.0
752,0.9101165533065796,True,1.0
753,0.08017932623624802,False,0.0
754,0.029947815462946892,False,0.0
755,0.027812598273158073,False,0.0
756,0.12452280521392822,False,0.0
757,0.055225323885679245,False,0.0
758,0.05177447199821472,False,0.0
759,0.05315481498837471,False,0.0
760,0.18482649326324463,False,0.30462420731782913
761,0.07351485639810562,False,0.0
762,0.07129337638616562,False,0.0
763,0.11878576129674911,False,0.0
764,0.09165341407060623,False,0.0
765,0.04081800580024719,False,0.0
766,0.03378688916563988,False,0.0
767,0.03251438960433006,False,0.0
768,0.040321946144104004,False,0.0
769,0.07452854514122009,False,0.0
770,0.09277494251728058,False,0.0
771,0.23848728835582733,True,0.4213493801653385
772,0.02565581165254116,False,0.0
773,0.013017055578529835,False,0.0
774,0.01159357838332653,False,0.0
775,0.6926129460334778,False,0.0
776,0.03350650891661644,False,0.0
777,0.9371044039726257,True,1.0
778,0.677363395690918,False,0.0
779,0.04987650364637375,False,0.0
780,0.0036997476126998663,False,0.0
781,0.0019527521217241883,False,0.0
782,0.008725054562091827,False,0.0
783,0.0,False,0.0
784,0.0,False,0.0
785,0.0,False,0.0
786,0.2519456148147583,False,0.0
787,0.015130705200135708,False,0.0
788,0.004497757647186518,False,0.0
789,0.0023409731220453978,False,0.0
790,0.3358876705169678,True,0.6625641472637653
791,0.02783416584134102,False,0.0
792,0.015195408836007118,False,0.0
793,0.016856132075190544,False,0.0
794,0.02431860752403736,False,0.0
795,0.012866081669926643,False,0.0
796,0.0058780997060239315,False,0.0
797,0.00680551677942276,False,0.0
798,0.013448412530124187,False,0.0
799,0.0049291145987808704,False,0.0
800,0.004605596885085106,False,0.0
801,0.6412716507911682,False,0.0
802,0.9498028755187988,True,1.0
803,0.06316228955984116,False,0.0
804,0.007840774022042751,False,0.0
805,0.2381637841463089,False,0.0
806,0.08686535805463791,False,0.0
807,0.07263057678937912,False,0.0
808,0.1884714663028717,False,0.23168177902698517
809,0.0926886722445488,False,0.0
810,0.026216575875878334,False,0.0
811,0.015885578468441963,False,0.0
812,0.017567871138453484,False,0.0
813,0.018365880474448204,False,0.0
814,0.01679142937064171,False,0.0
815,0.010256371460855007,False,0.0
816,0.01157200988382101,False,0.0
817,0.011852391995489597,False,0.0
818,0.09098481386899948,False,0.0
819,0.06851112097501755,False,0.0
820,0.24271459877490997,True,0.45361490547657013
821,0.09924529492855072,False,0.0
822,0.07239332795143127,False,0.0
823,0.17259752750396729,False,0.0
824,0.048970650881528854,False,0.0
825,0.05151565745472908,False,0.0
826,0.01590714603662491,False,0.0
827,0.935376763343811,True,1.0
828,0.0629466101527214,False,0.0
829,0.008013316430151463,False,0.0
830,0.0010253348154947162,False,0.0
831,0.35855546593666077,False,0.0
832,0.08496738225221634,False,0.0
833,0.053844984620809555,False,0.0
834,0.058676183223724365,False,0.0
835,0.20900404453277588,False,0.31031811982393265
836,0.08095576614141464,False,0.0
837,0.062148600816726685,False,0.0
838,0.14000852406024933,False,0.0
839,0.07875584810972214,False,0.0
840,0.02817925252020359,False,0.0
841,0.016532612964510918,False,0.0
842,0.019767791032791138,False,0.0
843,0.018667830154299736,False,0.0
844,0.03182421624660492,False,0.0
845,0.025181321427226067,False,0.0
846,0.1294618397951126,False,0.19057346135377884
847,0.0376691035926342,False,0.0
848,0.046166833490133286,False,0.0
849,0.03417510911822319,False,0.0
850,0.19394968450069427,False,0.0
851,0.05798600986599922,False,0.0
852,0.9181360602378845,True,1.0
853,0.07638338208198547,False,0.0
854,0.01543265487998724,False,0.0
855,0.009436793625354767,False,0.0
856,0.014073880389332771,False,0.0
857,0.008681919425725937,False,0.0
858,0.005360471550375223,False,0.0
859,0.0018449127674102783,False,0.0
860,0.004907546564936638,False,0.0
861,0.27441930770874023,False,0.0
862,0.023542163893580437,False,0.0
863,0.010946542955935001,False,0.0
864,0.006158481817692518,False,0.0
865,0.2763388752937317,True,0.5259103327989578
866,0.06495242565870285,False,0.0
867,0.048604000359773636,False,0.0
868,0.18329517543315887,False,0.0
869,0.06540535390377045,False,0.0
870,0.019422706216573715,False,0.0
871,0.01377193070948124,False,0.0
872,0.013383708894252777,False,0.0
873,0.015648333355784416,False,0.0
874,0.04144347459077835,False,0.0
875,0.04482962563633919,False,0.0
876,0.22060754895210266,False,0.0
877,0.9087847471237183,True,1.0
878,0.05910753831267357,False,0.0
879,0.009587768465280533,False,0.0
880,0.35780057311058044,False,0.0
881,0.02166576124727726,False,0.0
882,0.006891787983477116,False,0.0
883,0.6284574866294861,True,1.0
884,0.052248962223529816,False,0.0
885,0.021859871223568916,False,0.0
886,0.022097118198871613,False,0.0
887,0.026151875033974648,False,0.0
888,0.01146417111158371,False,0.0
889,0.007883909158408642,False,0.0
890,0.006093778181821108,False,0.0
891,0.2961812913417816,False,0.0
892,0.014224854297935963,False,0.0
893,0.004001697059720755,False,0.0
894,0.004023265093564987,False,0.0
895,0.3056064248085022,True,0.5799161829054356
896,0.026345983147621155,False,0.0
897,0.015648333355784416,False,0.0
898,0.5559837818145752,False,0.0
899,0.019056051969528198,False,0.0
900,0.004260511603206396,False,0.0
901,0.0033115260303020477,False,0.0
902,0.9389907121658325,True,1.0
903,0.06490928679704666,False,0.0
904,0.007107466459274292,False,0.0
905,0.002017455641180277,False,0.0
906,0.008617215789854527,False,0.0
907,0.0010037670144811273,False,0.0
908,0.0,False,0.0
909,0.0,False,0.0
910,0.6383741497993469,True,1.0
911,0.019422706216573715,False,0.0
912,0.006158481817692518,False,0.0
913,0.3366856873035431,False,0.0
914,0.026195010170340538,False,0.0
915,0.009652472101151943,False,0.0
916,0.009458362124860287,False,0.0
917,0.011722984723746777,False,0.0
918,0.0030311443842947483,False,0.0
919,0.0016723702428862453,False,0.0
920,0.0008959277765825391,False,0.0
921,0.6255702972412109,True,1.0
922,0.027575349435210228,False,0.0
923,0.004497757647186518,False,0.0
924,0.004972250200808048,False,0.0
925,0.5738096237182617,False,0.0
926,0.020350122824311256,False,0.0
927,0.9576592445373535,True,1.0
928,0.6492592096328735,False,0.0
929,0.02884785272181034,False,0.0
930,0.006611406337469816,False,0.0
931,0.0052742003463208675,False,0.0
932,0.012089638970792294,False,0.0
933,0.0,False,0.0
934,0.0,False,0.0
935,0.0,False,0.0
936,0.545684278011322,False,0.0
937,0.027942005544900894,False,0.0
938,0.01534638274461031,False,0.0
939,0.014656211249530315,False,0.0
940,0.6228276491165161,True,1.0
941,0.03883376345038414,False,0.0
942,0.025893060490489006,False,0.0
943,0.3083239495754242,False,0.0
944,0.023369623348116875,False,0.0
945,0.010924975387752056,False,0.0
946,0.010924975387752056,False,0.0
947,0.014505237340927124,False,0.0
948,0.003052712185308337,False,0.0
949,0.002944872947409749,False,0.0
950,0.001995887840166688,False,0.0
951,0.6836898326873779,False,0.0
952,0.9445109963417053,True,1.0
953,0.06726018339395523,False,0.0
954,0.010968110524117947,False,0.0
955,0.5923909544944763,False,0.0
956,0.02170889638364315,False,0.0
957,0.0049291145987808704,False,0.0
958,0.7825807332992554,True,1.0
959,0.05744681507349014,False,0.0
960,0.023283351212739944,False,0.0
961,0.021277539432048798,False,0.0
962,0.027553781867027283,False,0.0
963,0.006072210147976875,False,0.0
964,0.00561928516253829,False,0.0
965,0.004131104331463575,False,0.0
966,0.34753429889678955,False,0.0
967,0.026820478960871696,False,0.0
968,0.014117016457021236,False,0.0
969,0.011421035043895245,False,0.0
970,0.6286027431488037,True,1.0
971,0.11455845832824707,False,0.0
972,0.07209137827157974,False,0.0
973,0.1241345927119255,False,0.0
974,0.10170402377843857,False,0.0
975,0.013944472186267376,False,0.0
976,0.004735003691166639,False,0.0
977,0.9438540935516357,True,1.0
978,0.06242898851633072,False,0.0
979,0.006244753021746874,False,0.0
980,0.0,False,0.0
981,0.3423580229282379,False,0.0
982,0.022097118198871613,False,0.0
983,0.008530944585800171,False,0.0
984,0.006676109973341227,False,0.0
985,0.30325552821159363,True,0.5931588364765048
986,0.09790808707475662,False,0.0
987,0.08945349603891373,False,0.0
988,0.2395656853914261,False,0.0
989,0.02858904004096985,False,0.0
990,0.0161659624427557,False,0.0
991,0.01687769964337349,False,0.0
992,0.017611006274819374,False,0.0
993,0.012391588650643826,False,0.0
994,0.011744553223252296,False,0.0
995,0.012715105898678303,False,0.0
996,0.014354261569678783,False,0.0
997,0.004670300520956516,False,0.0
998,0.0032899584621191025,False,0.0
999,0.0030095763504505157,False,0.0
1000,0.8998926281929016,False,0.0
1001,0.0,False,0.0
1002,0.9133915901184082,True,1.0
1003,0.3513518273830414,False,0.0
1004,0.029279211536049843,False,0.0
1005,0.008897597901523113,False,0.0
1006,0.008574079722166061,False,0.0
1007,0.014375830069184303,False,0.0
1008,0.003354661865159869,False,0.0
1009,0.0020390234421938658,False,0.0
1010,0.0014566917670890689,False,0.0
1011,0.5158094763755798,False,0.0
1012,0.030702689662575722,False,0.0
1013,0.009975990280508995,False,0.0
1014,0.5344528555870056,True,1.0
1015,0.038229864090681076,False,0.0
1016,0.02317551150918007,False,0.0
1017,0.02255004458129406,False,0.0
1018,0.30765536427497864,False,0.0
1019,0.03326926380395889,False,0.0
1020,0.016489479690790176,False,0.0
1021,0.01642477512359619,False,0.0
1022,0.016856132075190544,False,0.0
1023,0.014871890656650066,False,0.0
1024,0.010234803892672062,False,0.0
1025,0.010105396620929241,False,0.0
1026,0.013168031349778175,False,0.0
1027,0.9378440380096436,True,1.0
1028,0.0674111545085907,False,0.0
1029,0.3282095193862915,False,0.0
1030,0.02436174266040325,False,0.0
1031,0.012089638970792294,False,0.0
1032,0.008681919425725937,False,0.0
1033,0.21786843240261078,True,0.4116438589990139
1034,0.06335640698671341,False,0.0
1035,0.072738416492939,False,0.0
1036,0.021212836727499962,False,0.0
1037,0.013620954938232899,False,0.0
1038,0.012046502903103828,False,0.0
1039,0.014375830069184303,False,0.0
1040,0.019638383761048317,False,0.0
1041,0.5504248142242432,True,1.0
1042,0.039653342217206955,False,0.0
1043,0.01802079565823078,False,0.0
1044,0.3136943578720093,False,0.0
1045,0.028394928202033043,False,0.0
1046,0.011550442315638065,False,0.0
1047,0.010579889640212059,False,0.0
1048,0.23253457248210907,False,0.0
1049,0.12033864110708237,False,0.0
1050,0.12915989756584167,False,0.0
1051,0.01763257384300232,False,0.0
1052,0.9477115869522095,True,1.0
1053,0.10741950571537018,False,0.0
1054,0.056627240031957626,False,0.0
1055,0.05119214206933975,False,0.0
1056,0.15044735372066498,False,0.0
1057,0.01241315621882677,False,0.0
1058,0.0029017373453825712,False,0.0
1059,0.3246077001094818,True,0.643282518722117
1060,0.07122866809368134,False,0.0
1061,0.04500216990709305,False,0.0
1062,0.03829456865787506,False,0.0
1063,0.10532742738723755,False,0.0
1064,0.02410292811691761,False,0.0
1065,0.013664091005921364,False,0.0
1066,0.015518926084041595,False,0.0
1067,0.017460031434893608,False,0.0
1068,0.004001697059720755,False,0.0
1069,0.003095847787335515,False,0.0
1070,0.002966440748423338,False,0.0
1071,0.2723272442817688,True,0.5209497045725584
1072,0.02091088704764843,False,0.0
1073,0.011852391995489597,False,0.0
1074,0.6173957586288452,False,0.0
1075,0.019595248624682426,False,0.0
1076,0.00561928516253829,False,0.0
1077,0.935422956943512,True,1.0
1078,0.34792253375053406,False,0.0
1079,0.03337710350751877,False,0.0
1080,0.01776198111474514,False,0.0
1081,0.016230663284659386,False,0.0
1082,0.015734603628516197,False,0.0
1083,0.005468310322612524,False,0.0
1084,0.0045408932492136955,False,0.0
1085,0.004152671899646521,False,0.0
1086,0.2737075984477997,False,0.0
1087,0.020522665232419968,False,0.0
1088,0.009264251217246056,False,0.0
1089,0.5632116198539734,True,1.0
1090,0.07258744537830353,False,0.0
1091,0.05908597260713577,False,0.0
1092,0.05981927737593651,False,0.0
1093,0.06883463263511658,False,0.0
1094,0.01789138838648796,False,0.0
1095,0.009458362124860287,False,0.0
1096,0.008660351857542992,False,0.0
1097,0.014160151593387127,False,0.0
1098,0.0047781397588551044,False,0.0
1099,0.004993818234652281,False,0.0
1100,0.004303646739572287,False,0.0
1101,0.6460165977478027,False,0.0
1102,0.944663941860199,True,1.0
1103,0.07036595791578293,False,0.0
1104,0.3145786225795746,False,0.0
1105,0.021299107000231743,False,0.0
1106,0.009415226057171822,False,0.0
1107,0.007085898425430059,False,0.0
1108,0.0008743599173612893,False,0.0
1109,0.31861183047294617,True,0.6322397645562887
1110,0.029710566624999046,False,0.0
1111,0.012132774107158184,False,0.0
1112,0.010234803892672062,False,0.0
1113,0.014138584025204182,False,0.0
1114,0.011615145951509476,False,0.0
1115,0.007711365818977356,False,0.0
1116,0.006999627687036991,False,0.0
1117,0.008789758197963238,False,0.0
1118,0.003548772307112813,False,0.0
1119,0.0024919481948018074,False,0.0
1120,0.606112539768219,True,1.0
1121,0.02787730097770691,False,0.0
1122,0.010924975387752056,False,0.0
1123,0.0008096563979052007,False,0.0
1124,0.21707041561603546,False,0.0
1125,0.07854016870260239,False,0.0
1126,0.08518306165933609,False,0.0
1127,0.01312489528208971,False,0.0
1128,0.9394842386245728,True,1.0
1129,0.06482301652431488,False,0.0
1130,0.010407346300780773,False,0.0
1131,0.005597717594355345,False,0.0
1132,0.5308645367622375,False,0.0
1133,0.033226128667593,False,0.0
1134,0.01590714603662491,False,0.0
1135,0.5249415040016174,True,1.0
1136,0.03167324140667915,False,0.0
1137,0.016489479690790176,False,0.0
1138,0.01463464368134737,False,0.0
1139,0.29999879002571106,False,0.0
1140,0.04265127703547478,False,0.0
1141,0.02507348172366619,False,0.0
1142,0.02427547238767147,False,0.0
1143,0.029257643967866898,False,0.0
1144,0.010364211164414883,False,0.0
1145,0.0076682306826114655,False,0.0
1146,0.007387848105281591,False,0.0
1147,0.2594080865383148,True,0.4934290964156389
1148,0.024210767820477486,False,0.0
1149,0.012693538330495358,False,0.0
1150,0.5690590143203735,False,0.0
1151,0.020630504935979843,False,0.0
1152,0.006417295429855585,False,0.0
1153,0.9295237064361572,True,1.0
1154,0.07726766914129257,False,0.0
1155,0.014138584025204182,False,0.0
1156,0.008444673381745815,False,0.0
1157,0.013340572826564312,False,0.0
1158,0.0069780596531927586,False,0.0
1159,0.003980129491537809,False,0.0
1160,0.0034409333020448685,False,0.0
1161,0.006654541939496994,False,0.0
1162,0.5308411121368408,False,0.0
1163,0.035749565809965134,False,0.0
1164,0.014958160929381847,False,0.0
1165,0.5345931053161621,True,1.0
1166,0.08902213722467422,False,0.0
1167,0.07366583496332169,False,0.0
1168,0.07843232899904251,False,0.0
1169,0.21842919290065765,False,0.0
1170,0.046166833490133286,False,0.0
1171,0.03186735138297081,False,0.0
1172,0.0332476943731308,False,0.0
1173,0.03402413800358772,False,0.0
1174,0.08621831983327866,False,0.0
1175,0.08119301497936249,False,0.0
1176,0.07858330011367798,False,0.0
1177,0.22986017167568207,False,0.0
1178,0.9378016591072083,True,1.0
1179,0.06406814604997635,False,0.0
1180,0.2930755019187927,False,0.0
1181,0.05211956053972244,False,0.0
1182,0.04597272351384163,False,0.0
1183,0.043147336691617966,False,0.0
1184,0.3273468017578125,True,0.5683989301323891
1185,0.07431286573410034,False,0.0
1186,0.058007579296827316,False,0.0
1187,0.058762457221746445,False,0.0
1188,0.0643053874373436,False,0.0
1189,0.023693140596151352,False,0.0
1190,0.015238543041050434,False,0.0
1191,0.014440533705055714,False,0.0
1192,0.017611006274819374,False,0.0
1193,0.014095447957515717,False,0.0
1194,0.01228374894708395,False,0.0
1195,0.3260743021965027,True,0.6275811064988375
1196,0.03376532346010208,False,0.0
1197,0.01375036220997572,False,0.0
1198,0.011873959563672543,False,0.0
1199,0.4904952645301819,False,0.0
1200,0.026151875033974648,False,0.0
1201,0.006309456657618284,False,0.0
1202,0.0042389435693621635,False,0.0
1203,0.9414732456207275,True,1.0
1204,0.06982675939798355,False,0.0
1205,0.009846583008766174,False,0.0
1206,0.0037428829818964005,False,0.0
1207,0.008940733037889004,False,0.0
1208,0.001866480684839189,False,0.0
1209,7.634969369973987e-05,False,0.0
1210,0.2984027564525604,True,0.5931156873703003
1211,0.019056051969528198,False,0.0
1212,0.006417295429855585,False,0.0
1213,0.003397797467187047,False,0.0
1214,0.2741389274597168,False,0.0
1215,0.02649695985019207,False,0.0
1216,0.012671969830989838,False,0.0
1217,0.01221904531121254,False,0.0
1218,0.015454222448170185,False,0.0
1219,0.0031821192242205143,False,0.0
1220,0.0023409731220453978,False,0.0
1221,0.0018449127674102783,False,0.0
1222,0.5359227061271667,True,1.0
1223,0.02485780231654644,False,0.0
1224,0.009199547581374645,False,0.0
1225,0.34214234352111816,False,0.0
1226,0.01534638274461031,False,0.0
1227,0.00132728461176157,False,0.0
1228,0.929970383644104,True,1.0
1229,0.29687145352363586,False,0.0
1230,0.048970650881528854,False,0.0
1231,0.032686930149793625,False,0.0
1232,0.03359277918934822,False,0.0
1233,0.037259314209222794,False,0.0
1234,0.006546703167259693,False,0.0
1235,0.004562461283057928,False,0.0
1236,0.004346782807260752,False,0.0
1237,0.21707041561603546,False,0.0
1238,0.0531979501247406,False,0.0
1239,0.05651939660310745,False,0.0
1240,0.538139283657074,True,1.0
1241,0.03559858724474907,False,0.0
1242,0.01989719830453396,False,0.0
1243,0.01873253472149372,False,0.0
1244,0.029279211536049843,False,0.0
1245,0.015044433064758778,False,0.0
1246,0.008876029402017593,False,0.0
1247,0.009566200897097588,False,0.0
1248,0.01318959891796112,False,0.0
1249,0.004217375535517931,False,0.0
1250,0.8999341130256653,False,0.0
1251,0.0,False,0.0
1252,0.5344234704971313,False,0.0
1253,0.9366118311882019,True,1.0
1254,0.06876993179321289,False,0.0
1255,0.4457748532295227,False,0.0
1256,0.014073880389332771,False,0.0
1257,0.004346782807260752,False,0.0
1258,0.003354661865159869,False,0.0
1259,0.49646490812301636,True,0.986220492515713
1260,0.028351793065667152,False,0.0
1261,0.011291628703474998,False,0.0
1262,0.010709295980632305,False,0.0
1263,0.00986815057694912,False,0.0
1264,0.004605596885085106,False,0.0
1265,0.0029017373453825712,False,0.0
1266,0.4619634747505188,False,0.0
1267,0.0091779800131917,False,0.0
1268,0.00039986736373975873,False,0.0
1269,0.0,False,0.0
1270,0.5007126331329346,True,0.9388120844960213
1271,0.0447864904999733,False,0.0
1272,0.035878971219062805,False,0.0
1273,0.031306590884923935,False,0.0
1274,0.6344815492630005,False,0.0
1275,0.028653744608163834,False,0.0
1276,0.003958561923354864,False,0.0
1277,0.002125294879078865,False,0.0
1278,0.9357542991638184,True,1.0
1279,0.09120049327611923,False,0.0
1280,0.0376691035926342,False,0.0
1281,0.18601273000240326,False,0.0
1282,0.01081713568419218,False,0.0
1283,0.003117415588349104,False,0.0
1284,0.0020390234421938658,False,0.0
1285,0.42747896909713745,True,0.843201738782227
1286,0.043513987213373184,False,0.0
1287,0.03652600571513176,False,0.0
1288,0.035835836082696915,False,0.0
1289,0.03954550251364708,False,0.0
1290,0.015713036060333252,False,0.0
1291,0.010321076028048992,False,0.0
1292,0.011205356568098068,False,0.0
1293,0.012262181378901005,False,0.0
1294,0.01234845258295536,False,0.0
1295,0.006546703167259693,False,0.0
1296,0.0058780997060239315,False,0.0
1297,0.012650402262806892,False,0.0
1298,0.06943853944540024,False,0.0
1299,0.07685787230730057,False,0.0
1300,0.24206756055355072,False,0.0
1301,0.020544232800602913,False,0.0
1302,0.007452552206814289,False,0.0
1303,0.8806400895118713,True,1.0
1304,0.16205085813999176,False,0.0
1305,0.054815538227558136,False,0.0
1306,0.04627467319369316,False,0.0
1307,0.055311597883701324,False,0.0
1308,0.019077619537711143,False,0.0
1309,0.016532612964510918,False,0.0
1310,0.013815066777169704,False,0.0
1311,0.44380927085876465,True,0.843467440456152
1312,0.09467291086912155,False,0.0
1313,0.07196197658777237,False,0.0
1314,0.07239332795143127,False,0.0
1315,0.1867676079273224,False,0.0
1316,0.08848293870687485,False,0.0
1317,0.07291095703840256,False,0.0
1318,0.06952480971813202,False,0.0
1319,0.13008730113506317,False,0.1211249828338623
1320,0.03249282017350197,False,0.0
1321,0.022959833964705467,False,0.0
1322,0.022075550630688667,False,0.0
1323,0.02623814344406128,False,0.0
1324,0.05546257644891739,False,0.0
1325,0.049100060015916824,False,0.0
1326,0.09924529492855072,False,0.0
1327,0.06853269040584564,False,0.0
1328,0.9291075468063354,True,1.0
1329,0.07101298868656158,False,0.0
1330,0.22291532158851624,False,0.0
1331,0.062321145087480545,False,0.0
1332,0.05110586807131767,False,0.0
1333,0.04782755672931671,False,0.0
1334,0.18607743084430695,False,0.27649974822998047
1335,0.025310728698968887,False,0.0
1336,0.016360072419047356,False,0.0
1337,0.013664091005921364,False,0.0
1338,0.01717965118587017,False,0.0
1339,0.08539874106645584,False,0.0
1340,0.0913730338215828,False,0.0
1341,0.23760299384593964,True,0.44787780568003654
1342,0.031090909615159035,False,0.0
1343,0.009372089989483356,False,0.0
1344,0.01562676392495632,False,0.0
1345,0.20921972393989563,False,0.0
1346,0.07685787230730057,False,0.0
1347,0.08373802155256271,False,0.0
1348,0.09594541043043137,False,0.0
1349,0.1538766473531723,False,0.0
1350,0.07675003260374069,False,0.0
1351,0.08863391727209091,False,0.0
1352,0.012024934403598309,False,0.0
1353,0.9442442655563354,True,1.0
1354,0.0847085639834404,False,0.0
1355,0.028481200337409973,False,0.0
1356,0.09510426968336105,False,0.0
1357,0.04086114093661308,False,0.0
1358,0.07017184048891068,False,0.0
1359,0.05369400978088379,False,0.0
1360,0.14378289878368378,False,0.2306033968925476
1361,0.08011461794376373,False,0.0
1362,0.03320455923676491,False,0.0
1363,0.013685658574104309,False,0.0
1364,0.015820875763893127,False,0.0
1365,0.019681518897414207,False,0.0
1366,0.007344712968915701,False,0.0
1367,0.003872290253639221,False,0.0
1368,0.0040879687294363976,False,0.0
1369,0.005662421230226755,False,0.0
1370,0.10638425499200821,False,0.0
1371,0.1702897697687149,False,0.25092028826475143
1372,0.07692258059978485,False,0.0
1373,0.08664967864751816,False,0.0
1374,0.07239332795143127,False,0.0
1375,0.1503826528787613,False,0.0
1376,0.04482962563633919,False,0.0
1377,0.04881967604160309,False,0.0
1378,0.9131251573562622,True,1.0
1379,0.14581027626991272,False,0.0
1380,0.04379437118768692,False,0.0
1381,0.030292898416519165,False,0.0
1382,0.04118466004729271,False,0.0
1383,0.04202580451965332,False,0.0
1384,0.03728088364005089,False,0.0
1385,0.039567071944475174,False,0.0
1386,0.10925277322530746,False,0.12082305550575256
1387,0.056282151490449905,False,0.0
1388,0.04884124547243118,False,0.0
1389,0.05235680565237999,False,0.0
1390,0.11018019169569016,False,0.0
1391,0.06066042184829712,False,0.0
1392,0.047417767345905304,False,0.0
1393,0.06184665486216545,False,0.0
1394,0.15931174159049988,False,0.2580376863479614
1395,0.03040073812007904,False,0.0
1396,0.01547579001635313,False,0.0
1397,0.014095447957515717,False,0.0
1398,0.02175203338265419,False,0.0
1399,0.09497486799955368,False,0.0
1400,0.09305533021688461,False,0.0
1401,0.225309357047081,False,0.0
1402,0.018883509561419487,False,0.0
1403,0.9109424352645874,True,1.0
1404,0.06639747321605682,False,0.0
1405,0.20898249745368958,False,0.0
1406,0.0072800093330442905,False,0.0
1407,0.0009606312960386276,False,0.0
1408,0.0,False,0.0
1409,0.24111858010292053,True,0.48096293292474
1410,0.025461703538894653,False,0.0
1411,0.009458362124860287,False,0.0
1412,0.008962301537394524,False,0.0
1413,0.012758241966366768,False,0.0
1414,0.0034193655010312796,False,0.0
1415,0.0023625411558896303,False,0.0
1416,0.0023625411558896303,False,0.0
1417,0.0028801693115383387,False,0.0
1418,0.04163758456707001,False,0.0
1419,0.039027877151966095,False,0.0
1420,0.19677507877349854,False,0.3888250752352178
1421,0.051450956612825394,False,0.0
1422,0.03784164413809776,False,0.0
1423,0.04707268252968788,False,0.0
1424,0.16970744729042053,False,0.0
1425,0.00902700424194336,False,0.0
1426,0.0012410132912918925,False,0.0
1427,0.000637113640550524,False,0.0
1428,0.9430956840515137,True,1.0
1429,0.10726853460073471,False,0.0
1430,0.05239994078874588,False,0.0
1431,0.16524289548397064,False,0.0
1432,0.07030124962329865,False,0.0
1433,0.03615935146808624,False,0.0
1434,0.0314575657248497,False,0.0
1435,0.18154817819595337,False,0.0
1436,0.01221904531121254,False,0.0
1437,0.006072210147976875,False,0.0
1438,0.004885978531092405,False,0.0
1439,0.5823774933815002,True,1.0
1440,0.042715977877378464,False,0.0
1441,0.015540492720901966,False,0.0
1442,0.015109136700630188,False,0.0
1443,0.01868939958512783,False,0.0
1444,0.034908417612314224,False,0.0
1445,0.031845785677433014,False,0.0
1446,0.15909606218338013,False,0.20916495472192764
1447,0.054513584822416306,False,0.0
1448,0.0602937713265419,False,0.0
1449,0.058503638952970505,False,0.0
1450,0.23941472172737122,False,0.0
1451,0.011852391995489597,False,0.0
1452,0.0033762298990041018,False,0.0
1453,0.9351502656936646,True,1.0
1454,0.09570816904306412,False,0.0
1455,0.021450083702802658,False,0.0
1456,0.013858201913535595,False,0.0
1457,0.017503168433904648,False,0.0
1458,0.020306987687945366,False,0.0
1459,0.018193338066339493,False,0.0
1460,0.009587768465280533,False,0.0
1461,0.48733389377593994,False,0.0
1462,0.033571209758520126,False,0.0
1463,0.0203716903924942,False,0.0
1464,0.015540492720901966,False,0.0
1465,0.5103543400764465,True,0.9870395511388779
1466,0.03027133084833622,False,0.0
1467,0.018926644697785378,False,0.0
1468,0.019099188968539238,False,0.0
1469,0.4852025806903839,False,0.0
1470,0.03471430763602257,False,0.0
1471,0.018063930794596672,False,0.0
1472,0.0168345645070076,False,0.0
1473,0.0203716903924942,False,0.0
1474,0.07515401393175125,False,0.0
1475,0.07457168400287628,False,0.0
1476,0.2297523021697998,False,0.0
1477,0.017287489026784897,False,0.0
1478,0.9132577180862427,True,1.0
1479,0.06393873691558838,False,0.0
1480,0.4169006943702698,False,0.0
1481,0.029257643967866898,False,0.0
1482,0.017460031434893608,False,0.0
1483,0.015777740627527237,False,0.0
1484,0.019832493737339973,False,0.0
1485,0.00904857274144888,False,0.0
1486,0.008423104882240295,False,0.0
1487,0.008876029402017593,False,0.0
1488,0.009975990280508995,False,0.0
1489,0.004627164453268051,False,0.0
1490,0.004411486443132162,False,0.0
1491,0.553250253200531,True,1.0
1492,0.03613778576254845,False,0.0
1493,0.015454222448170185,False,0.0
1494,0.011226925067603588,False,0.0
1495,0.4800477623939514,False,0.0
1496,0.02792043797671795,False,0.0
1497,0.013254301622509956,False,0.0
1498,0.010385778732597828,False,0.0
1499,0.24461255967617035,False,0.0
1500,0.9000000357627869,False,0.0
1501,0.09629049897193909,False,0.0
1502,0.0,False,0.0
1503,0.9409065842628479,True,1.0
1504,0.06801506131887436,False,0.0
1505,0.008487808518111706,False,0.0
1506,0.0027723300736397505,False,0.0
1507,0.009156412445008755,False,0.0
1508,0.009954421781003475,False,0.0
1509,0.01159357838332653,False,0.0
1510,0.20779624581336975,True,0.41004783147946
1511,0.05041569471359253,False,0.0
1512,0.04308263212442398,False,0.0
1513,0.05742524936795235,False,0.0
1514,0.18264815211296082,False,0.0
1515,0.02330491878092289,False,0.0
1516,0.014764050953090191,False,0.0
1517,0.01843058504164219,False,0.0
1518,0.018193338066339493,False,0.0
1519,0.0025997874327003956,False,0.0
1520,0.0004430030530784279,False,0.0
1521,0.59645015001297,True,1.0
1522,0.03186735138297081,False,0.0
1523,0.009717175737023354,False,0.0
1524,0.007646662648767233,False,0.0
1525,0.349540114402771,False,0.0
1526,0.012607266195118427,False,0.0
1527,0.001888048485852778,False,0.0
1528,0.9328179359436035,True,1.0
1529,0.28848156332969666,False,0.0
1530,0.02490093931555748,False,0.0
1531,0.0066329739056527615,False,0.0
1532,0.0049291145987808704,False,0.0
1533,0.007991748861968517,False,0.0
1534,0.03249282017350197,False,0.0
1535,0.030745824798941612,False,0.0
1536,0.22019775211811066,False,0.0
1537,0.012693538330495358,False,0.0
1538,0.0034840689040720463,False,0.0
1539,0.0024703803937882185,False,0.0
1540,0.2509319484233856,True,0.4944644016213715
1541,0.031090909615159035,False,0.0
1542,0.024124495685100555,False,0.0
1543,0.03160853683948517,False,0.0
1544,0.17104464769363403,False,0.0
1545,0.019120756536722183,False,0.0
1546,0.010601457208395004,False,0.0
1547,0.010105396620929241,False,0.0
1548,0.013815066777169704,False,0.0
1549,0.005382039118558168,False,0.0
1550,0.0036997476126998663,False,0.0
1551,0.5846038460731506,False,0.0
1552,0.029192939400672913,False,0.0
1553,0.9182448387145996,True,1.0
1554,0.06676412373781204,False,0.0
1555,0.2692646086215973,False,0.0
1556,0.012520995922386646,False,0.0
1557,0.002125294879078865,False,0.0
1558,0.0013919881312176585,False,0.0
1559,0.24055781960487366,True,0.4708260530605912
1560,0.0186031274497509,False,0.0
1561,0.008142723701894283,False,0.0
1562,0.007193738128989935,False,0.0
1563,0.010666160844266415,False,0.0
1564,0.03452019765973091,False,0.0
1565,0.03318298980593681,False,0.0
1566,0.22563286125659943,False,0.0
1567,0.01456994004547596,False,0.0
1568,0.0071290344931185246,False,0.0
1569,0.005144793074578047,False,0.0
1570,0.2812131941318512,True,0.5565366423688829
1571,0.04881967604160309,False,0.0
1572,0.03693579509854317,False,0.0
1573,0.034455493092536926,False,0.0
1574,0.1179877519607544,False,0.0
1575,0.010170101188123226,False,0.0
1576,0.002944872947409749,False,0.0
1577,0.003052712185308337,False,0.0
1578,0.9283420443534851,True,1.0
1579,0.062321145087480545,False,0.0
1580,0.005252632312476635,False,0.0
1581,0.3402443826198578,False,0.0
1582,0.04858243092894554,False,0.0
1583,0.03305358439683914,False,0.0
1584,0.026475390419363976,False,0.0
1585,0.11462316662073135,False,0.17629555240273476
1586,0.09286121279001236,False,0.0
1587,0.08181848376989365,False,0.0
1588,0.07858330011367798,False,0.0
1589,0.111733078956604,False,0.0
1590,0.024706829339265823,False,0.0
1591,0.00840153731405735,False,0.0
1592,0.00717217056080699,False,0.0
1593,0.011852391995489597,False,0.0
1594,0.009889718145132065,False,0.0
1595,0.00833683367818594,False,0.0
1596,0.3104160726070404,True,0.5960058327764273
1597,0.02276572212576866,False,0.0
1598,0.015303246676921844,False,0.0
1599,0.01241315621882677,False,0.0
1600,0.3467794358730316,False,0.0
1601,0.017201216891407967,False,0.0
1602,0.0020390234421938658,False,0.0
1603,0.953764021396637,True,1.0
1604,0.34272468090057373,False,0.0
1605,0.026518527418375015,False,0.0
1606,0.007905476726591587,False,0.0
1607,0.007042763289064169,False,0.0
1608,0.009350522421300411,False,0.0
1609,0.0008959277765825391,False,0.0
1610,0.0,False,0.0
1611,0.6995518207550049,True,1.0
1612,0.04178855940699577,False,0.0
1613,0.0170502420514822,False,0.0
1614,0.012801378034055233,False,0.0
1615,0.6408564448356628,False,0.0
1616,0.024706829339265823,False,0.0
1617,0.011226925067603588,False,0.0
1618,0.008768190629780293,False,0.0
1619,0.5664321184158325,True,1.0
1620,0.036720119416713715,False,0.0
1621,0.018581559881567955,False,0.0
1622,0.01931486651301384,False,0.0
1623,0.023067673668265343,False,0.0
1624,0.008876029402017593,False,0.0
1625,0.0059428028762340546,False,0.0
1626,0.006266320589929819,False,0.0
1627,0.005489878356456757,False,0.0
1628,0.9463455677032471,True,1.0
1629,0.06057415157556534,False,0.0
1630,0.607125997543335,False,0.0
1631,0.01763257384300232,False,0.0
1632,0.005036953371018171,False,0.0
1633,0.003807586384937167,False,0.0
1634,0.3318976163864136,True,0.6561800600029528
1635,0.0341319739818573,False,0.0
1636,0.013966040685772896,False,0.0
1637,0.013664091005921364,False,0.0
1638,0.017912955954670906,False,0.0
1639,0.003246822627261281,False,0.0
1640,0.002944872947409749,False,0.0
1641,0.7399353981018066,True,1.0
1642,0.04441983625292778,False,0.0
1643,0.01918545924127102,False,0.0
1644,0.016726724803447723,False,0.0
1645,0.6403598189353943,False,0.0
1646,0.03728088364005089,False,0.0
1647,0.022075550630688667,False,0.0
1648,0.020544232800602913,False,0.0
1649,0.571427583694458,False,0.0
1650,0.02796357311308384,False,0.0
1651,0.008552512153983116,False,0.0
1652,0.0066329739056527615,False,0.0
1653,0.9500211477279663,True,1.0
1654,0.056239016354084015,False,0.0
1655,0.004497757647186518,False,0.0
1656,0.29245004057884216,False,0.0
1657,0.013577818870544434,False,0.0
1658,0.006848652847111225,False,0.0
1659,0.0004430030530784279,False,0.0
1660,0.5376554131507874,True,1.0
1661,0.02418920025229454,False,0.0
1662,0.01232688408344984,False,0.0
1663,0.012046502903103828,False,0.0
1664,0.013685658574104309,False,0.0
1665,0.00930738728493452,False,0.0
1666,0.006568270269781351,False,0.0
1667,0.007474120240658522,False,0.0
1668,0.009566200897097588,False,0.0
1669,0.002837033709511161,False,0.0
1670,0.002125294879078865,False,0.0
1671,0.6355958580970764,True,1.0
1672,0.05833109840750694,False,0.0
1673,0.04170228913426399,False,0.0
1674,0.03963177651166916,False,0.0
1675,0.5748392939567566,False,0.0
1676,0.02308923937380314,False,0.0
1677,0.006438863463699818,False,0.0
1678,0.9240816235542297,True,1.0
1679,0.3121846318244934,False,0.0
1680,0.028955692425370216,False,0.0
1681,0.013642522506415844,False,0.0
1682,0.012046502903103828,False,0.0
1683,0.01629536785185337,False,0.0
1684,0.004627164453268051,False,0.0
1685,0.0022115660831332207,False,0.0
1686,0.0019527521217241883,False,0.0
1687,0.0031821192242205143,False,0.0
1688,0.0014566917670890689,False,0.0
1689,0.0010900383349508047,False,0.0
1690,0.32879185676574707,True,0.6480274340137839
1691,0.018754102289676666,False,0.0
1692,0.008078019134700298,False,0.0
1693,0.007042763289064169,False,0.0
1694,0.29827335476875305,False,0.0
1695,0.025095049291849136,False,0.0
1696,0.009436793625354767,False,0.0
1697,0.009566200897097588,False,0.0
1698,0.012628833763301373,False,0.0
1699,0.005533013958483934,False,0.0
1700,0.0047781397588551044,False,0.0
1701,0.6466367244720459,False,0.0
1702,0.025332296267151833,False,0.0
1703,0.930198073387146,True,1.0
1704,0.07150904834270477,False,0.0
1705,0.34669315814971924,False,0.0
1706,0.0558723621070385,False,0.0
1707,0.047417767345905304,False,0.0
1708,0.042176779359579086,False,0.0
1709,0.3001713454723358,True,0.5159891322255135
1710,0.07291095703840256,False,0.0
1711,0.0607251301407814,False,0.0
1712,0.06038004159927368,False,0.0
1713,0.06766997277736664,False,0.0
1714,0.018495289608836174,False,0.0
1715,0.012801378034055233,False,0.0
1716,0.012046502903103828,False,0.0
1717,0.012628833763301373,False,0.0
1718,0.009264251217246056,False,0.0
1719,0.008423104882240295,False,0.0
1720,0.32128626108169556,True,0.6185226533561945
1721,0.028114547953009605,False,0.0
1722,0.019724655896425247,False,0.0
1723,0.01944427378475666,False,0.0
1724,0.2555258870124817,False,0.0
1725,0.07418345659971237,False,0.0
1726,0.016640452668070793,False,0.0
1727,0.012024934403598309,False,0.0
1728,0.939225435256958,True,1.0
1729,0.0655994638800621,False,0.0
1730,0.012089638970792294,False,0.0
1731,0.6489678621292114,False,0.0
1732,0.03395943343639374,False,0.0
1733,0.01297391951084137,False,0.0
1734,0.0076682306826114655,False,0.0
1735,0.3468872904777527,False,0.0
1736,0.029192939400672913,False,0.0
1737,0.01687769964337349,False,0.0
1738,0.013275869190692902,False,0.0
1739,0.6229974627494812,True,1.0
1740,0.04718052223324776,False,0.0
1741,0.01873253472149372,False,0.0
1742,0.016489479690790176,False,0.0
1743,0.022571612149477005,False,0.0
1744,0.044527675956487656,False,0.0
1745,0.035922106355428696,False,0.0
1746,0.2395656853914261,True,0.4449446126818657
1747,0.02632441557943821,False,0.0
1748,0.01825804077088833,False,0.0
1749,0.01709337905049324,False,0.0
1750,0.9000000357627869,False,0.0
1751,0.0,False,0.0
1752,0.0,False,0.0
1753,0.9375541806221008,True,1.0
1754,0.06417598575353622,False,0.0
1755,0.007711365818977356,False,0.0
1756,0.003138983389362693,False,0.0
1757,0.008013316430151463,False,0.0
1758,0.001888048485852778,False,0.0
1759,0.0006802493007853627,False,0.0
1760,0.0,False,0.0
1761,0.615365207195282,True,1.0
1762,0.042435597628355026,False,0.0
1763,0.02002660557627678,False,0.0
1764,0.01469934731721878,False,0.0
1765,0.47959667444229126,False,0.0
1766,0.05378028377890587,False,0.0
1767,0.034412357956171036,False,0.0
1768,0.18650878965854645,False,0.3041928634047508
1769,0.05431947857141495,False,0.0
1770,0.02897725999355316,False,0.0
1771,0.021903006359934807,False,0.0
1772,0.02334805391728878,False,0.0
1773,0.02943018637597561,False,0.0
1774,0.03342023864388466,False,0.0
1775,0.020803047344088554,False,0.0
1776,0.1720367670059204,False,0.0
1777,0.038488682359457016,False,0.0
1778,0.9162389636039734,True,1.0
1779,0.09426312893629074,False,0.0
1780,0.18547353148460388,False,0.0
1781,0.038402408361434937,False,0.0
1782,0.039394527673721313,False,0.0
1783,0.137032151222229,False,0.19725948572158813
1784,0.03014192543923855,False,0.0
1785,0.032945744693279266,False,0.0
1786,0.014677779749035835,False,0.0
1787,0.013297437690198421,False,0.0
1788,0.012671969830989838,False,0.0
1789,0.015173840336501598,False,0.0
1790,0.015540492720901966,False,0.0
1791,0.5657697319984436,True,1.0
1792,0.03093993477523327,False,0.0
1793,0.011183788999915123,False,0.0
1794,0.0008527920581400394,False,0.0
1795,0.4610491096973419,False,0.0
1796,0.1183975338935852,False,0.0
1797,0.09419842064380646,False,0.0
1798,0.20466890931129456,False,0.2209409773349762
1799,0.12154644727706909,False,0.0
1800,0.018279610201716423,False,0.0
1801,0.009717175737023354,False,0.0
1802,0.010536753572523594,False,0.0
1803,0.9363529682159424,True,1.0
1804,0.06887777149677277,False,0.0
1805,0.009674040600657463,False,0.0
1806,0.003138983389362693,False,0.0
1807,0.00999755784869194,False,0.0
1808,0.029624296352267265,False,0.0
1809,0.030034085735678673,False,0.0
1810,0.17540135979652405,False,0.34357576724141836
1811,0.04042978584766388,False,0.0
1812,0.03018505871295929,False,0.0
1813,0.1636253148317337,False,0.0
1814,0.04282381758093834,False,0.0
1815,0.01152887474745512,False,0.0
1816,0.006611406337469816,False,0.0
1817,0.007323145400732756,False,0.0
1818,0.007862341590225697,False,0.0
1819,0.004627164453268051,False,0.0
1820,0.003613476175814867,False,0.0
1821,0.5362489223480225,True,1.0
1822,0.04541195556521416,False,0.0
1823,0.027057722210884094,False,0.0
1824,0.024167632684111595,False,0.0
1825,0.4287838637828827,False,0.0
1826,0.019918765872716904,False,0.0
1827,0.0069349235855042934,False,0.0
1828,0.9755076169967651,True,1.0
1829,0.0652112364768982,False,0.0
1830,0.00902700424194336,False,0.0
1831,0.0026644908357411623,False,0.0
1832,0.012542563490569592,False,0.0
1833,0.006374160293489695,False,0.0
1834,0.0024488125927746296,False,0.0
1835,0.0017586414469406009,False,0.0
1836,0.004885978531092405,False,0.0
1837,0.02671263925731182,False,0.0
1838,0.02628128044307232,False,0.0
1839,0.03128502145409584,False,0.0
1840,0.1654154509305954,False,0.3105338364839554
1841,0.053931254893541336,False,0.0
1842,0.04664132371544838,False,0.0
1843,0.06999929994344711,False,0.0
1844,0.054556723684072495,False,0.0
1845,0.01651104725897312,False,0.0
1846,0.010148532688617706,False,0.0
1847,0.010234803892672062,False,0.0
1848,0.014764050953090191,False,0.0
1849,0.10584505647420883,False,0.0
1850,0.08020088821649551,False,0.0
1851,0.20302975177764893,False,0.0
1852,0.1308421939611435,False,0.0
1853,0.8836399912834167,True,1.0
1854,0.06710921227931976,False,0.0
1855,0.18974396586418152,False,0.0
1856,0.03825143352150917,False,0.0
1857,0.02716556191444397,False,0.0
1858,0.11956220120191574,False,0.18479327857494354
1859,0.050739217549562454,False,0.0
1860,0.028157684952020645,False,0.0
1861,0.024598989635705948,False,0.0
1862,0.023671573027968407,False,0.0
1863,0.028545904904603958,False,0.0
1864,0.03799262270331383,False,0.0
1865,0.03098306991159916,False,0.0
1866,0.14184178411960602,False,0.0
1867,0.0341319739818573,False,0.0
1868,0.043190471827983856,False,0.0
1869,0.04232775792479515,False,0.0
1870,0.14464561641216278,False,0.24194808676838875
1871,0.05884872004389763,False,0.0
1872,0.0838027223944664,False,0.0
1873,0.1183975338935852,False,0.0
1874,0.06613865494728088,False,0.0
1875,0.07239332795143127,False,0.0
1876,0.015087569132447243,False,0.0
1877,0.007840774022042751,False,0.0
1878,0.9106047749519348,True,1.0
1879,0.06191135570406914,False,0.0
1880,0.004950682166963816,False,0.0
1881,0.001586098806001246,False,0.0
1882,0.004735003691166639,False,0.0
1883,0.05373714491724968,False,0.0
1884,0.04562763497233391,False,0.0
1885,0.14794549345970154,False,0.0
1886,0.06659158319234848,False,0.0
1887,0.017912955954670906,False,0.0
1888,0.4317651689052582,True,0.8568641496822238
1889,0.034282948821783066,False,0.0
1890,0.012089638970792294,False,0.0
1891,0.009738743305206299,False,0.0
1892,0.02069520764052868,False,0.0
1893,0.027640054002404213,False,0.0
1894,0.024749962612986565,False,0.0
1895,0.024577422067523003,False,0.0
1896,0.10621171444654465,False,0.17707200720906258
1897,0.025051912292838097,False,0.0
1898,0.01767571084201336,False,0.0
1899,0.02397352270781994,False,0.0
1900,0.13774389028549194,False,0.0
1901,0.0067839487455785275,False,0.0
1902,0.0033330940641462803,False,0.0
1903,0.9481368064880371,True,1.0
1904,0.06415440887212753,False,0.0
1905,0.007819205522537231,False,0.0
1906,0.004885978531092405,False,0.0
1907,0.009501497261226177,False,0.0
1908,0.04429043084383011,False,0.0
1909,0.04075330123305321,False,0.0
1910,0.04073173552751541,False,0.0
1911,0.14885133504867554,False,0.23806585744023323
1912,0.03879062831401825,False,0.0
1913,0.029818406328558922,False,0.0
1914,0.031543832272291183,False,0.0
1915,0.16248221695423126,False,0.0
1916,0.010860270820558071,False,0.0
1917,0.005036953371018171,False,0.0
1918,0.5563924312591553,True,1.0
1919,0.04756874218583107,False,0.0
1920,0.014117016457021236,False,0.0
1921,0.01077400054782629,False,0.0
1922,0.02002660557627678,False,0.0
1923,0.010730864480137825,False,0.0
1924,0.007323145400732756,False,0.0
1925,0.006611406337469816,False,0.0
1926,0.008983869105577469,False,0.0
1927,0.004325214773416519,False,0.0
1928,0.9321439266204834,True,1.0
1929,0.06188979372382164,False,0.0
1930,0.17904631793498993,False,0.0
1931,0.034369222819805145,False,0.0
1932,0.029818406328558922,False,0.0
1933,0.12655018270015717,False,0.1934635527431965
1934,0.03559858724474907,False,0.0
1935,0.008056451566517353,False,0.0
1936,0.0032683906611055136,False,0.0
1937,0.0035919081419706345,False,0.0
1938,0.003656611545011401,False,0.0
1939,5.478184903040528e-05,False,0.0
1940,0.0,False,0.0
1941,0.5142570734024048,False,0.0
1942,0.031716376543045044,False,0.0
1943,0.004584028851240873,False,0.0
1944,0.008487808518111706,False,0.0
1945,0.5245214104652405,True,0.9949705116450787
1946,0.040494490414857864,False,0.0
1947,0.02703615464270115,False,0.0
1948,0.5138224959373474,False,0.0
1949,0.06018592789769173,False,0.0
1950,0.03296731039881706,False,0.0
1951,0.03307515010237694,False,0.0
1952,0.05112743377685547,False,0.0
1953,0.9426595568656921,True,1.0
1954,0.07424816489219666,False,0.0
1955,0.028826287016272545,False,0.0
1956,0.1569392830133438,False,0.0
1957,0.010730864480137825,False,0.0
1958,0.004993818234652281,False,0.0
1959,0.004497757647186518,False,0.0
1960,0.23339727520942688,True,0.4577990351244807
1961,0.02431860752403736,False,0.0
1962,0.01321116741746664,False,0.0
1963,0.013513117097318172,False,0.0
1964,0.018624695017933846,False,0.0
1965,0.009134843945503235,False,0.0
1966,0.004972250200808048,False,0.0
1967,0.004195807967334986,False,0.0
1968,0.004584028851240873,False,0.0
1969,0.006697678007185459,False,0.0
1970,0.006546703167259693,False,0.0
1971,0.5619635581970215,True,1.0
1972,0.033700618892908096,False,0.0
1973,0.013815066777169704,False,0.0
1974,0.012132774107158184,False,0.0
1975,0.4332747757434845,False,0.0
1976,0.035167232155799866,False,0.0
1977,0.022485340014100075,False,0.0
1978,0.983867883682251,True,1.0
1979,0.064715176820755,False,0.0
1980,0.008444673381745815,False,0.0
1981,0.0032899584621191025,False,0.0
1982,0.007474120240658522,False,0.0
1983,0.0007665206794627011,False,0.0
1984,0.0,False,0.0
1985,0.0,False,0.0
1986,0.18420103192329407,False,0.36686902248766273
1987,0.00833683367818594,False,0.0
1988,0.0018449127674102783,False,0.0
1989,0.0007665206794627011,False,0.0
1990,0.4348156452178955,False,0.0
1991,0.014073880389332771,False,0.0
1992,0.007862341590225697,False,0.0
1993,0.479139119386673,True,0.9505336582660675
1994,0.024404877796769142,False,0.0
1995,0.013168031349778175,False,0.0
1996,0.012024934403598309,False,0.0
1997,0.018754102289676666,False,0.0
1998,0.004885978531092405,False,0.0
1999,0.003872290253639221,False,0.0
2000,0.899484395980835,False,0.0
2001,0.5583714246749878,False,0.0
2002,0.008746623061597347,False,0.0
2003,0.924727737903595,True,1.0
2004,0.5953490138053894,False,0.0
2005,0.02658323012292385,False,0.0
2006,0.010083829052746296,False,0.0
2007,0.005791828036308289,False,0.0
2008,0.25660428404808044,True,0.5014092335477471
2009,0.032600659877061844,False,0.0
2010,0.012499427422881126,False,0.0
2011,0.012477859854698181,False,0.0
2012,0.02015601098537445,False,0.0
2013,0.015540492720901966,False,0.0
2014,0.011421035043895245,False,0.0
2015,0.011895528063178062,False,0.0
2016,0.018710967153310776,False,0.0
2017,0.006956491619348526,False,0.0
2018,0.005899667274206877,False,0.0
2019,0.2722625434398651,True,0.510855957865715
2020,0.06050945073366165,False,0.0
2021,0.05104116350412369,False,0.0
2022,0.05386655405163765,False,0.0
2023,0.1632155179977417,False,0.0
2024,0.026777341961860657,False,0.0
2025,0.017783550545573235,False,0.0
2026,0.0168345645070076,False,0.0
2027,0.020436394959688187,False,0.0
2028,0.9276239275932312,True,1.0
2029,0.06167411431670189,False,0.0
2030,0.0076682306826114655,False,0.0
2031,0.6740297079086304,False,0.0
2032,0.20643746852874756,False,0.0
2033,0.07081887871026993,False,0.0
2034,0.5475171804428101,True,0.9533966034650803
2035,0.11658584326505661,False,0.0
2036,0.07646965235471725,False,0.0
2037,0.07599516212940216,False,0.0
2038,0.1938418596982956,False,0.0
2039,0.06040160730481148,False,0.0
2040,0.042306188493967056,False,0.0
2041,0.04174542427062988,False,0.0
2042,0.049682389944791794,False,0.0
2043,0.015820875763893127,False,0.0
2044,0.012822945602238178,False,0.0
2045,0.012175909243524075,False,0.0
2046,0.18480493128299713,False,0.2692098170518875
2047,0.050200022757053375,False,0.0
2048,0.056864481419324875,False,0.0
2049,0.2488614320755005,False,0.0
2050,0.016532612964510918,False,0.0
2051,0.004497757647186518,False,0.0
2052,0.003548772307112813,False,0.0
2053,0.9436823129653931,True,1.0
2054,0.06301131844520569,False,0.0
2055,0.005791828036308289,False,0.0
2056,0.0034193655010312796,False,0.0
2057,0.006417295429855585,False,0.0
2058,0.0007018171600066125,False,0.0
2059,0.0005508422618731856,False,0.0
2060,0.0,False,0.0
2061,0.2979067265987396,False,0.0
2062,0.031004637479782104,False,0.0
2063,0.017222784459590912,False,0.0
2064,0.5178113579750061,True,0.9978988356888294
2065,0.12562276422977448,False,0.0
2066,0.09730418771505356,False,0.0
2067,0.09877080470323563,False,0.0
2068,0.12266796827316284,False,0.0
2069,0.04629623889923096,False,0.0
2070,0.028394928202033043,False,0.0
2071,0.028438065201044083,False,0.0
2072,0.041206229478120804,False,0.0
2073,0.06311915814876556,False,0.0
2074,0.06038004159927368,False,0.0
2075,0.057252705097198486,False,0.0
2076,0.14699649810791016,False,0.0
2077,0.018861940130591393,False,0.0
2078,0.9508164525032043,True,1.0
2079,0.2230662852525711,False,0.0
2080,0.056627240031957626,False,0.0
2081,0.05865461379289627,False,0.0
2082,0.07297565788030624,False,0.0
2083,0.09693753719329834,False,0.0
2084,0.05848206952214241,False,0.0
2085,0.06477987766265869,False,0.0
2086,0.019810928031802177,False,0.0
2087,0.01620909571647644,False,0.0
2088,0.014958160929381847,False,0.0
2089,0.01696397177875042,False,0.0
2090,0.1281246393918991,False,0.0
2091,0.15980780124664307,False,0.0
2092,0.10903709381818771,False,0.0
2093,0.1170819029211998,False,0.0
2094,0.47850608825683594,True,0.8741683661937714
2095,0.14005164802074432,False,0.0
2096,0.11203502863645554,False,0.0
2097,0.11647800356149673,False,0.0
2098,0.180512934923172,False,0.0
2099,0.06408970803022385,False,0.0
2100,0.043017927557229996,False,0.0
2101,0.041421905159950256,False,0.0
2102,0.05723113566637039,False,0.0
2103,0.9281522631645203,True,1.0
2104,0.07114239782094955,False,0.0
2105,0.011679849587380886,False,0.0
2106,0.0075172558426856995,False,0.0
2107,0.010256371460855007,False,0.0
2108,0.002988008549436927,False,0.0
2109,0.05546257644891739,False,0.0
2110,0.11408396810293198,False,0.20649052783846855
2111,0.047094251960515976,False,0.0
2112,0.04869027063250542,False,0.0
2113,0.04748247191309929,False,0.0
2114,0.09320630133152008,False,0.0
2115,0.04092584550380707,False,0.0
2116,0.04178855940699577,False,0.0
2117,0.01612282544374466,False,0.0
2118,0.0108387041836977,False,0.0
2119,0.011140653863549232,False,0.0
2120,0.011183788999915123,False,0.0
2121,0.011852391995489597,False,0.0
2122,0.252829909324646,True,0.4929114980623126
2123,0.08854763954877853,False,0.0
2124,0.09245142340660095,False,0.0
2125,0.19664567708969116,False,0.0
2126,0.018214905634522438,False,0.0
2127,0.007948612794280052,False,0.0
2128,0.006374160293489695,False,0.0
2129,0.9435850381851196,True,1.0
2130,0.06493085622787476,False,0.0
2131,0.007538823876529932,False,0.0
2132,0.003074279986321926,False,0.0
2133,0.006417295429855585,False,0.0
2134,0.025979330763220787,False,0.0
2135,0.022938264533877373,False,0.0
2136,0.029171371832489967,False,0.0
2137,0.08309098333120346,False,0.0
2138,0.009415226057171822,False,0.0
2139,0.0045408932492136955,False,0.0
2140,0.6812840104103088,True,1.0
2141,0.11028802394866943,False,0.0
2142,0.08272432535886765,False,0.0
2143,0.09208477288484573,False,0.0
2144,0.09148087352514267,False,0.0
2145,0.0487549714744091,False,0.0
2146,0.04178855940699577,False,0.0
2147,0.03930826112627983,False,0.0
2148,0.04273754358291626,False,0.0
2149,0.012585698626935482,False,0.0
2150,0.009264251217246056,False,0.0
2151,0.009609336964786053,False,0.0
2152,0.5864145755767822,False,0.0
2153,0.034412357956171036,False,0.0
2154,0.9481306672096252,True,1.0
2155,0.46116775274276733,False,0.0
2156,0.12357381731271744,False,0.0
2157,0.11800932139158249,False,0.0
2158,0.10875671356916428,False,0.0
2159,0.22651712596416473,False,0.23552082479000092
2160,0.057166434824466705,False,0.0
2161,0.049056924879550934,False,0.0
2162,0.04791383072733879,False,0.0
2163,0.05257248505949974,False,0.0
2164,0.07899308949708939,False,0.0
2165,0.0744638442993164,False,0.0
2166,0.09206320345401764,False,0.0
2167,0.18773816525936127,False,0.0
2168,0.026928314939141273,False,0.0
2169,0.014224854297935963,False,0.0
2170,0.5368613004684448,True,1.0
2171,0.03896317258477211,False,0.0
2172,0.019422706216573715,False,0.0
2173,0.017460031434893608,False,0.0
2174,0.02431860752403736,False,0.0
2175,0.011205356568098068,False,0.0
2176,0.009975990280508995,False,0.0
2177,0.00911327637732029,False,0.0
2178,0.011766120791435242,False,0.0
2179,0.9330419898033142,True,1.0
2180,0.12741290032863617,False,0.0
2181,0.08962603658437729,False,0.0
2182,0.2230662852525711,False,0.0
2183,0.10338632017374039,False,0.0
2184,0.09040247648954391,False,0.0
2185,0.19267718493938446,False,0.0
2186,0.11065468937158585,False,0.0
2187,0.13146765530109406,False,0.0
2188,0.13245977461338043,False,0.0
2189,0.3010340631008148,True,0.42281605303287506
2190,0.04879811033606529,False,0.0
2191,0.030292898416519165,False,0.0
2192,0.030551714822649956,False,0.0
2193,0.03736715391278267,False,0.0
2194,0.05035099387168884,False,0.0
2195,0.04720209166407585,False,0.0
2196,0.04569233953952789,False,0.0
2197,0.1268521398305893,False,0.19311848282814026
2198,0.015087569132447243,False,0.0
2199,0.0072800093330442905,False,0.0
2200,0.5076842904090881,False,0.0
2201,0.021816736087203026,False,0.0
2202,0.006115345750004053,False,0.0
2203,0.004670300520956516,False,0.0
2204,0.9592276811599731,True,1.0
2205,0.06361521780490875,False,0.0
2206,0.007883909158408642,False,0.0
2207,0.002427244558930397,False,0.0
2208,0.005856531672179699,False,0.0
2209,0.0007018171600066125,False,0.0
2210,0.00016262107237707824,False,0.0
2211,0.00022732459183316678,False,0.0
2212,0.47632166743278503,True,0.9156958945095539
2213,0.12406988441944122,False,0.0
2214,0.1144290566444397,False,0.0
2215,0.23719322681427002,False,0.0
2216,0.0296889990568161,False,0.0
2217,0.018905077129602432,False,0.0
2218,0.01847372017800808,False,0.0
2219,0.5458329916000366,True,1.0
2220,0.10174717009067535,False,0.0
2221,0.07905779778957367,False,0.0
2222,0.0793813094496727,False,0.0
2223,0.0895829051733017,False,0.0
2224,0.02552640810608864,False,0.0
2225,0.01674829237163067,False,0.0
2226,0.017114946618676186,False,0.0
2227,0.01918545924127102,False,0.0
2228,0.005295767914503813,False,0.0
2229,0.9383558034896851,True,1.0
2230,0.49033182859420776,False,0.0
2231,0.04260813817381859,False,0.0
2232,0.032816335558891296,False,0.0
2233,0.029667431488633156,False,0.0
2234,0.5605279803276062,True,1.0
2235,0.07146590948104858,False,0.0
2236,0.0651681050658226,False,0.0
2237,0.06044474244117737,False,0.0
2238,0.07942444831132889,False,0.0
2239,0.16312925517559052,False,0.0
2240,0.16108030080795288,False,0.0
2241,0.1530139297246933,False,0.0
2242,0.2577473819255829,False,0.27166856825351715
2243,0.13996538519859314,False,0.0
2244,0.12191309779882431,False,0.0
2245,0.21502147614955902,False,0.0
2246,0.13711842894554138,False,0.0
2247,0.15191397070884705,False,0.0
2248,0.13677333295345306,False,0.0
2249,0.18987338244915009,False,0.0
2250,0.9000000357627869,False,0.0
2251,0.0,False,0.0
2252,0.0,False,0.0
2253,0.0,False,0.0
2254,0.9422262907028198,True,1.0
2255,0.10030212253332138,False,0.0
2256,0.08011461794376373,False,0.0
2257,0.04030038043856621,False,0.0
2258,0.04336301237344742,False,0.0
2259,0.05582922697067261,False,0.0
2260,0.09361609071493149,False,0.10663142055273056
2261,0.04051605984568596,False,0.0
2262,0.04366496205329895,False,0.0
2263,0.015066000632941723,False,0.0
2264,0.011938664130866528,False,0.0
2265,0.012154342606663704,False,0.0
2266,0.013319005258381367,False,0.0
2267,0.010234803892672062,False,0.0
2268,0.00840153731405735,False,0.0
2269,0.007625095080584288,False,0.0
2270,0.011226925067603588,False,0.0
2271,0.1596352607011795,False,0.12983842194080353
2272,0.10886456072330475,False,0.0
2273,0.09471604973077774,False,0.0
2274,0.10265301913022995,False,0.0
2275,0.18163445591926575,False,0.0
2276,0.12713252007961273,False,0.0
2277,0.11941123008728027,False,0.0
2278,0.1436750590801239,False,0.0
2279,0.9393042325973511,True,1.0
2280,0.06974048912525177,False,0.0
2281,0.008832894265651703,False,0.0
2282,0.005683989264070988,False,0.0
2283,0.010989679023623466,False,0.0
2284,0.037129905074834824,False,0.0
2285,0.03169481083750725,False,0.0
2286,0.06881307065486908,False,0.0
2287,0.04310419782996178,False,0.0
2288,0.06038004159927368,False,0.0
2289,0.0478706918656826,False,0.0
2290,0.13720469176769257,False,0.2520849406719208
2291,0.06493085622787476,False,0.0
2292,0.049898069351911545,False,0.0
2293,0.04413945600390434,False,0.0
2294,0.0944572314620018,False,0.0
2295,0.05337049439549446,False,0.0
2296,0.020630504935979843,False,0.0
2297,0.011356331408023834,False,0.0
2298,0.011162221431732178,False,0.0
2299,0.014764050953090191,False,0.0
2300,0.01157200988382101,False,0.0
2301,0.4414583742618561,False,0.0
2302,0.026108739897608757,False,0.0
2303,0.008854462765157223,False,0.0
2304,0.910370945930481,True,1.0
2305,0.44361618161201477,False,0.0
2306,0.06288190931081772,False,0.0
2307,0.0438806414604187,False,0.0
2308,0.04592958837747574,False,0.0
2309,0.16772319376468658,False,0.24768510460853577
2310,0.024210767820477486,False,0.0
2311,0.012887649238109589,False,0.0
2312,0.009954421781003475,False,0.0
2313,0.01776198111474514,False,0.0
2314,0.006201616954058409,False,0.0
2315,0.0049291145987808704,False,0.0
2316,0.003980129491537809,False,0.0
2317,0.006568270269781351,False,0.0
2318,0.04907849058508873,False,0.0
2319,0.04907849058508873,False,0.0
2320,0.22548189759254456,False,0.0
2321,0.01767571084201336,False,0.0
2322,0.008832894265651703,False,0.0
2323,0.008250562474131584,False,0.0
2324,0.448261559009552,True,0.8609991557896137
2325,0.03150069713592529,False,0.0
2326,0.018214905634522438,False,0.0
2327,0.01776198111474514,False,0.0
2328,0.021018726751208305,False,0.0
2329,0.9117428660392761,True,1.0
2330,0.06633276492357254,False,0.0
2331,0.5166175365447998,False,0.0
2332,0.02863217703998089,False,0.0
2333,0.0076682306826114655,False,0.0
2334,0.006374160293489695,False,0.0
2335,0.5342053771018982,True,1.0
2336,0.09922372549772263,False,0.0
2337,0.08229296654462814,False,0.0
2338,0.08143025636672974,False,0.0
2339,0.20727860927581787,False,0.0
2340,0.04633937403559685,False,0.0
2341,0.03288104012608528,False,0.0
2342,0.032643795013427734,False,0.0
2343,0.03706520423293114,False,0.0
2344,0.0545351579785347,False,0.0
2345,0.04996277019381523,False,0.0
2346,0.1582764834165573,False,0.2226232811808586
2347,0.06743272393941879,False,0.0
2348,0.05554884299635887,False,0.0
2349,0.046964842826128006,False,0.0
2350,0.17704050242900848,False,0.0
2351,0.06579356640577316,False,0.0
2352,0.01159357838332653,False,0.0
2353,0.006827084813266993,False,0.0
2354,0.9599211812019348,True,1.0
2355,0.06846798211336136,False,0.0
2356,0.013448412530124187,False,0.0
2357,0.006719246041029692,False,0.0
2358,0.012089638970792294,False,0.0
2359,0.0860457718372345,False,0.0
2360,0.0882241278886795,False,0.0
2361,0.2372579425573349,True,0.45408941246569157
2362,0.06596611440181732,False,0.0
2363,0.048043232411146164,False,0.0
2364,0.06033690646290779,False,0.0
2365,0.16220183670520782,False,0.0
2366,0.019336434081196785,False,0.0
2367,0.010536753572523594,False,0.0
2368,0.010213236324489117,False,0.0
2369,0.5537020564079285,True,1.0
2370,0.06135059520602226,False,0.0
2371,0.027230266481637955,False,0.0
2372,0.02738124132156372,False,0.0
2373,0.03354964405298233,False,0.0
2374,0.05235680565237999,False,0.0
2375,0.04308263212442398,False,0.0
2376,0.14033202826976776,False,0.0
2377,0.0492078997194767,False,0.0
2378,0.011830824427306652,False,0.0
2379,0.9378597140312195,True,1.0
2380,0.41682514548301697,False,0.0
2381,0.06348580867052078,False,0.0
2382,0.05190388113260269,False,0.0
2383,0.04901378974318504,False,0.0
2384,0.1827128529548645,False,0.2673981264233589
2385,0.015303246676921844,False,0.0
2386,0.006546703167259693,False,0.0
2387,0.005705556832253933,False,0.0
2388,0.0060290745459496975,False,0.0
2389,0.016403207555413246,False,0.0
2390,0.012262181378901005,False,0.0
2391,0.018214905634522438,False,0.0
2392,0.016554182395339012,False,0.0
2393,0.0037428829818964005,False,0.0
2394,0.0026429230347275734,False,0.0
2395,0.46462833881378174,False,0.0
2396,0.014009176753461361,False,0.0
2397,0.004713436122983694,False,0.0
2398,0.003074279986321926,False,0.0
2399,0.7460812926292419,True,1.0
2400,0.05667037516832352,False,0.0
2401,0.024426445364952087,False,0.0
2402,0.022528475150465965,False,0.0
2403,0.034412357956171036,False,0.0
2404,0.9395302534103394,True,1.0
2405,0.0611780546605587,False,0.0
2406,0.23676185309886932,False,0.0
2407,0.008078019134700298,False,0.0
2408,0.0019311842042952776,False,0.0
2409,0.00024889243650250137,False,0.0
2410,0.4400455355644226,True,0.8745464109815657
2411,0.01620909571647644,False,0.0
2412,0.004325214773416519,False,0.0
2413,0.003246822627261281,False,0.0
2414,0.23978136479854584,False,0.0
2415,0.026647934690117836,False,0.0
2416,0.017524734139442444,False,0.0
2417,0.01771884597837925,False,0.0
2418,0.021601056680083275,False,0.0
2419,0.004433054011315107,False,0.0
2420,0.0027723300736397505,False,0.0
2421,0.6329740285873413,True,1.0
2422,0.038769062608480453,False,0.0
2423,0.01146417111158371,False,0.0
2424,0.015109136700630188,False,0.0
2425,0.5592567324638367,False,0.0
2426,0.029969383031129837,False,0.0
2427,0.01754630170762539,False,0.0
2428,0.014764050953090191,False,0.0
2429,1.0,True,1.0
2430,0.0700640007853508,False,0.0
2431,0.01303862314671278,False,0.0
2432,0.008423104882240295,False,0.0
2433,0.021687328815460205,False,0.0
2434,0.006266320589929819,False,0.0
2435,0.000637113640550524,False,0.0
2436,0.0014135560486465693,False,0.0
2437,0.004454621579498053,False,0.0
2438,0.0011763096554204822,False,0.0
2439,0.0,False,0.0
2440,0.24933591485023499,True,0.49226445565000176
2441,0.045864883810281754,False,0.0
2442,0.036418166011571884,False,0.0
2443,0.039653342217206955,False,0.0
2444,0.17003095149993896,False,0.0
2445,0.01717965118587017,False,0.0
2446,0.007646662648767233,False,0.0
2447,0.007452552206814289,False,0.0
2448,0.008595648221671581,False,0.0
2449,0.004627164453268051,False,0.0
2450,0.003203687025234103,False,0.0
2451,0.4995565414428711,False,0.0
2452,0.02263631485402584,False,0.0
2453,0.004174239933490753,False,0.0
2454,0.9147565960884094,True,1.0
2455,0.484409898519516,False,0.0
2456,0.0828968733549118,False,0.0
2457,0.06171724945306778,False,0.0
2458,0.07142277806997299,False,0.0
2459,0.20650218427181244,False,0.2895698696374893
2460,0.03887690231204033,False,0.0
2461,0.017869820818305016,False,0.0
2462,0.018063930794596672,False,0.0
2463,0.029041964560747147,False,0.0
2464,0.040623899549245834,False,0.0
2465,0.035706426948308945,False,0.0
2466,0.15176300704479218,False,0.23940308392047882
2467,0.054966509342193604,False,0.0
2468,0.03613778576254845,False,0.0
2469,0.032061465084552765,False,0.0
2470,0.18967926502227783,False,0.0
2471,0.031177181750535965,False,0.0
2472,0.025224456563591957,False,0.0
2473,0.030249763280153275,False,0.0
2474,0.1964299976825714,False,0.3571203537285328
2475,0.024577422067523003,False,0.0
2476,0.016187530010938644,False,0.0
2477,0.015022865496575832,False,0.0
2478,0.017999228090047836,False,0.0
2479,0.9058128595352173,True,1.0
2480,0.10782929509878159,False,0.0
2481,0.05820168927311897,False,0.0
2482,0.034541767090559006,False,0.0
2483,0.04416102170944214,False,0.0
2484,0.02334805391728878,False,0.0
2485,0.5022978186607361,True,0.9578995294868946
2486,0.09918059408664703,False,0.0
2487,0.06971891969442368,False,0.0
2488,0.07692258059978485,False,0.0
2489,0.23367765545845032,False,0.0
2490,0.040667034685611725,False,0.0
2491,0.02078147977590561,False,0.0
2492,0.020716777071356773,False,0.0
2493,0.028157684952020645,False,0.0
2494,0.039739616215229034,False,0.0
2495,0.03180265054106712,False,0.0
2496,0.13496164977550507,False,0.1866912618279457
2497,0.046835433691740036,False,0.0
2498,0.05244307592511177,False,0.0
2499,0.04161601886153221,False,0.0
2500,0.899842381477356,False,0.0
2501,0.02787730097770691,False,0.0
2502,0.0,False,0.0
2503,0.0,False,0.0
2504,0.9634519219398499,True,1.0
2505,0.06391716748476028,False,0.0
2506,0.00840153731405735,False,0.0
2507,0.00479970732703805,False,0.0
2508,0.0069349235855042934,False,0.0
2509,0.0762539729475975,False,0.0
2510,0.07133650779724121,False,0.0
2511,0.160519540309906,False,0.29431479796767235
2512,0.1024589091539383,False,0.0
2513,0.08412623405456543,False,0.0
2514,0.06715234369039536,False,0.0
2515,0.15978622436523438,False,0.0
2516,0.09007896482944489,False,0.0
2517,0.09997860342264175,False,0.0
2518,0.07334231585264206,False,0.0
2519,0.14274762570858002,False,0.13881061971187592
2520,0.09726105630397797,False,0.0
2521,0.05201171711087227,False,0.0
2522,0.035080961883068085,False,0.0
2523,0.03350650891661644,False,0.0
2524,0.04651191830635071,False,0.0
2525,0.020220715552568436,False,0.0
2526,0.013362141326069832,False,0.0
2527,0.014052311889827251,False,0.0
2528,0.0183874499052763,False,0.0
2529,0.9338525533676147,True,1.0
2530,0.11677994579076767,False,0.0
2531,0.03163010627031326,False,0.0
2532,0.02490093931555748,False,0.0
2533,0.030832095071673393,False,0.0
2534,0.02666950225830078,False,0.0
2535,0.019552111625671387,False,0.0
2536,0.01767571084201336,False,0.0
2537,0.021601056680083275,False,0.0
2538,0.08921624720096588,False,0.0
2539,0.07791469991207123,False,0.0
2540,0.0811714455485344,False,0.0
2541,0.11913084983825684,False,0.19885552302002907
2542,0.06316228955984116,False,0.0
2543,0.05227053165435791,False,0.0
2544,0.05626058205962181,False,0.0
2545,0.09652774780988693,False,0.0
2546,0.024469582363963127,False,0.0
2547,0.021018726751208305,False,0.0
2548,0.019703088328242302,False,0.0
2549,0.5818906426429749,True,1.0
2550,0.07112082839012146,False,0.0
2551,0.03102620504796505,False,0.0
2552,0.029322346672415733,False,0.0
2553,0.04103368520736694,False,0.0
2554,0.9538299441337585,True,1.0
2555,0.08872018754482269,False,0.0
2556,0.05382341891527176,False,0.0
2557,0.019099188968539238,False,0.0
2558,0.02947332337498665,False,0.0
2559,0.033398669213056564,False,0.0
2560,0.09462977945804596,False,0.15106118097901344
2561,0.023499028757214546,False,0.0
2562,0.028696879744529724,False,0.0
2563,0.009458362124860287,False,0.0
2564,0.007840774022042751,False,0.0
2565,0.006525135133415461,False,0.0
2566,0.009695607237517834,False,0.0
2567,0.004433054011315107,False,0.0
2568,0.0032683906611055136,False,0.0
2569,0.0029233049135655165,False,0.0
2570,0.003915425855666399,False,0.0
2571,0.007711365818977356,False,0.0
2572,0.0066329739056527615,False,0.0
2573,0.006827084813266993,False,0.0
2574,0.006589838303625584,False,0.0
2575,0.4157572388648987,False,0.0
2576,0.01709337905049324,False,0.0
2577,0.003656611545011401,False,0.0
2578,0.0031821192242205143,False,0.0
2579,0.9740556478500366,True,1.0
2580,0.06525437533855438,False,0.0
2581,0.009242682717740536,False,0.0
2582,0.005187928676605225,False,0.0
2583,0.011981799267232418,False,0.0
2584,0.01629536785185337,False,0.0
2585,0.016316935420036316,False,0.0
2586,0.08322038501501083,False,0.0
2587,0.031716376543045044,False,0.0
2588,0.028028277680277824,False,0.0
2589,0.023326486349105835,False,0.0
2590,0.11850538104772568,False,0.2266349047422409
2591,0.03307515010237694,False,0.0
2592,0.024253902956843376,False,0.0
2593,0.01918545924127102,False,0.0
2594,0.10560780763626099,False,0.0
2595,0.03482214733958244,False,0.0
2596,0.01303862314671278,False,0.0
2597,0.007021195720881224,False,0.0
2598,0.006762381177395582,False,0.0
2599,0.009630904532968998,False,0.0
2600,0.003980129491537809,False,0.0
2601,0.40274205803871155,False,0.0
2602,0.02255004458129406,False,0.0
2603,0.0069349235855042934,False,0.0
2604,0.9027946591377258,True,1.0
2605,0.438304603099823,False,0.0
2606,0.05511748790740967,False,0.0
2607,0.04252186790108681,False,0.0
2608,0.045908018946647644,False,0.0
2609,0.17557388544082642,False,0.2661040350794792
2610,0.034110408276319504,False,0.0
2611,0.02019914798438549,False,0.0
2612,0.02494407445192337,False,0.0
2613,0.0312418844550848,False,0.0
2614,0.009523064829409122,False,0.0
2615,0.006309456657618284,False,0.0
2616,0.0067839487455785275,False,0.0
2617,0.009587768465280533,False,0.0
2618,0.04250029847025871,False,0.0
2619,0.03320455923676491,False,0.0
2620,0.3787058889865875,True,0.7447928646579385
2621,0.05255091190338135,False,0.0
2622,0.03350650891661644,False,0.0
2623,0.023800978437066078,False,0.0
2624,0.13013045489788055,False,0.0
2625,0.03618092089891434,False,0.0
2626,0.009781879372894764,False,0.0
2627,0.005791828036308289,False,0.0
2628,0.005640853196382523,False,0.0
2629,0.899811863899231,True,1.0
2630,0.06150157004594803,False,0.0
2631,0.41003596782684326,False,0.0
2632,0.02774789370596409,False,0.0
2633,0.013405277393758297,False,0.0
2634,0.010881839320063591,False,0.0
2635,0.3857896625995636,False,0.0
2636,0.0811283066868782,False,0.0
2637,0.061027076095342636,False,0.0
2638,0.06016436219215393,False,0.0
2639,0.39328375458717346,True,0.7648038305342197
2640,0.04198267310857773,False,0.0
2641,0.024038225412368774,False,0.0
2642,0.02384411357343197,False,0.0
2643,0.030745824798941612,False,0.0
2644,0.04720209166407585,False,0.0
2645,0.039998430758714676,False,0.0
2646,0.14266136288642883,False,0.20303967595100403
2647,0.05136468634009361,False,0.0
2648,0.05293913558125496,False,0.0
2649,0.04114152491092682,False,0.0
2650,0.16161949932575226,False,0.0
2651,0.05199015140533447,False,0.0
2652,0.013707227073609829,False,0.0
2653,0.009781879372894764,False,0.0
2654,0.9234434366226196,True,1.0
2655,0.06363678723573685,False,0.0
2656,0.007021195720881224,False,0.0
2657,0.003872290253639221,False,0.0
2658,0.0063957273960113525,False,0.0
2659,0.0047781397588551044,False,0.0
2660,0.0026644908357411623,False,0.0
2661,0.0029017373453825712,False,0.0
2662,0.003915425855666399,False,0.0
2663,0.08587323129177094,False,0.0
2664,0.07282468676567078,False,0.0
2665,0.12171899527311325,False,0.0
2666,0.09238672256469727,False,0.0
2667,0.08218513429164886,False,0.0
2668,0.06583670526742935,False,0.0
2669,0.13366757333278656,False,0.2098119780421257
2670,0.08895743638277054,False,0.0
2671,0.04953141510486603,False,0.0
2672,0.02876158431172371,False,0.0
2673,0.028912557289004326,False,0.0
2674,0.03922198712825775,False,0.0
2675,0.04441983625292778,False,0.0
2676,0.08986328542232513,False,0.0
2677,0.03665541484951973,False,0.0
2678,0.034951552748680115,False,0.0
2679,0.9056740999221802,True,1.0
2680,0.30827420949935913,False,0.0
2681,0.03089679777622223,False,0.0
2682,0.026777341961860657,False,0.0
2683,0.03292417526245117,False,0.0
2684,0.1361478716135025,False,0.2187410593032837
2685,0.022895129397511482,False,0.0
2686,0.01825804077088833,False,0.0
2687,0.02229123003780842,False,0.0
2688,0.005166360642760992,False,0.0
2689,0.0024919481948018074,False,0.0
2690,0.0014998273691162467,False,0.0
2691,0.45164579153060913,True,0.898739043623209
2692,0.018214905634522438,False,0.0
2693,0.0036350437439978123,False,0.0
2694,0.002276269719004631,False,0.0
2695,0.4524972438812256,False,0.0
2696,0.020759912207722664,False,0.0
2697,0.011162221431732178,False,0.0
2698,0.010407346300780773,False,0.0
2699,0.669950008392334,True,1.0
2700,0.054642993956804276,False,0.0
2701,0.021859871223568916,False,0.0
2702,0.020846182480454445,False,0.0
2703,0.032104600220918655,False,0.0
2704,0.9304707050323486,True,1.0
2705,0.06861896067857742,False,0.0
2706,0.009609336964786053,False,0.0
2707,0.004627164453268051,False,0.0
2708,0.006093778181821108,False,0.0
2709,0.0008312241989187896,False,0.0
2710,0.44161462783813477,True,0.8778571379370987
2711,0.03626719117164612,False,0.0
2712,0.03035760298371315,False,0.0
2713,0.02871844731271267,False,0.0
2714,0.16875845193862915,False,0.0
2715,0.023369623348116875,False,0.0
2716,0.013017055578529835,False,0.0
2717,0.01290921587496996,False,0.0
2718,0.01383663434535265,False,0.0
2719,0.0037428829818964005,False,0.0
2720,0.002686058869585395,False,0.0
2721,0.5580162405967712,True,1.0
2722,0.033571209758520126,False,0.0
2723,0.013664091005921364,False,0.0
2724,0.012736673466861248,False,0.0
2725,0.5157001614570618,False,0.0
2726,0.026259711012244225,False,0.0
2727,0.014181720092892647,False,0.0
2728,0.014246421866118908,False,0.0
2729,1.0,True,1.0
2730,0.06799349188804626,False,0.0
2731,0.007323145400732756,False,0.0
2732,0.006827084813266993,False,0.0
2733,0.012542563490569592,False,0.0
2734,0.029300779104232788,False,0.0
2735,0.02388725057244301,False,0.0
2736,0.11785834282636642,False,0.22206251602619886
2737,0.04286695271730423,False,0.0
2738,0.03553388640284538,False,0.0
2739,0.03572799637913704,False,0.0
2740,0.1139976978302002,False,0.0
2741,0.04972552880644798,False,0.0
2742,0.013556252233684063,False,0.0
2743,0.009285818785429,False,0.0
2744,0.009674040600657463,False,0.0
2745,0.01224061381071806,False,0.0
2746,0.0063310242258012295,False,0.0
2747,0.0037428829818964005,False,0.0
2748,0.0035703403409570456,False,0.0
2749,0.005252632312476635,False,0.0
2750,0.9000000357627869,False,0.0
2751,0.23891864717006683,False,0.0
2752,0.001305716810747981,False,0.0
2753,0.0,False,0.0
2754,0.9098422527313232,True,1.0
2755,0.22477014362812042,False,0.0
2756,0.016230663284659386,False,0.0
2757,0.0025135159958153963,False,0.0
2758,0.23928530514240265,False,0.0
2759,0.022399069741368294,False,0.0
2760,0.009695607237517834,False,0.0
2761,0.007258441299200058,False,0.0
2762,0.015303246676921844,False,0.0
2763,0.006762381177395582,False,0.0
2764,0.0034193655010312796,False,0.0
2765,0.004303646739572287,False,0.0
2766,0.00451932568103075,False,0.0
2767,0.0011116061359643936,False,0.0
2768,0.0,False,0.0
2769,0.00022732459183316678,False,0.0
2770,0.45904356241226196,True,0.902750663459301
2771,0.042306188493967056,False,0.0
2772,0.038812197744846344,False,0.0
2773,0.17641504108905792,False,0.0
2774,0.05537630245089531,False,0.0
2775,0.013987608253955841,False,0.0
2776,0.007905476726591587,False,0.0
2777,0.0076682306826114655,False,0.0
2778,0.01165828201919794,False,0.0
2779,0.9011228084564209,True,1.0
2780,0.06797192245721817,False,0.0
2781,0.4571903347969055,False,0.0
2782,0.022808857262134552,False,0.0
2783,0.007344712968915701,False,0.0
2784,0.004260511603206396,False,0.0
2785,0.234109029173851,False,0.0
2786,0.021687328815460205,False,0.0
2787,0.011248492635786533,False,0.0
2788,0.5426396727561951,True,1.0
2789,0.03997686132788658,False,0.0
2790,0.01855999045073986,False,0.0
2791,0.01603655330836773,False,0.0
2792,0.035706426948308945,False,0.0
2793,0.009695607237517834,False,0.0
2794,0.006870220880955458,False,0.0
2795,0.006158481817692518,False,0.0
2796,0.46336880326271057,True,0.9144206428900361
2797,0.01562676392495632,False,0.0
2798,0.004260511603206396,False,0.0
2799,0.0024488125927746296,False,0.0
2800,0.5730608105659485,False,0.0
2801,0.01692083477973938,False,0.0
2802,0.008530944585800171,False,0.0
2803,0.5270618796348572,False,0.0
2804,0.952346682548523,True,1.0
2805,0.0687483623623848,False,0.0
2806,0.008250562474131584,False,0.0
2807,0.004605596885085106,False,0.0
2808,0.008983869105577469,False,0.0
2809,0.0,False,0.0
2810,0.0,False,0.0
2811,0.6594640016555786,True,1.0
2812,0.02804984524846077,False,0.0
2813,0.007085898425430059,False,0.0
2814,0.004691868554800749,False,0.0
2815,0.5708267688751221,False,0.0
2816,0.0984257161617279,False,0.0
2817,0.08561442047357559,False,0.0
2818,0.4498977065086365,True,0.7285665720701218
2819,0.05155879259109497,False,0.0
2820,0.02658323012292385,False,0.0
2821,0.024297039955854416,False,0.0
2822,0.035080961883068085,False,0.0
2823,0.019508976489305496,False,0.0
2824,0.013728794641792774,False,0.0
2825,0.013513117097318172,False,0.0
2826,0.02170889638364315,False,0.0
2827,0.005382039118558168,False,0.0
2828,0.0038507224526256323,False,0.0
2829,0.9350117444992065,True,1.0
2830,0.5083693861961365,False,0.0
2831,0.04890595003962517,False,0.0
2832,0.03775537386536598,False,0.0
2833,0.14617691934108734,False,0.0
2834,0.050156887620687485,False,0.0
2835,0.013146462850272655,False,0.0
2836,0.009544632397592068,False,0.0
2837,0.00980344694107771,False,0.0
2838,0.013966040685772896,False,0.0
2839,0.10470195859670639,False,0.0
2840,0.11563684791326523,False,0.0
2841,0.4025975167751312,True,0.7740709129720926
2842,0.031177181750535965,False,0.0
2843,0.01994033344089985,False,0.0
2844,0.015562060289084911,False,0.0
2845,0.18840675055980682,False,0.0
2846,0.04976866394281387,False,0.0
2847,0.06262309849262238,False,0.0
2848,0.5063261985778809,True,0.9935631323605776
2849,0.05192544683814049,False,0.0
2850,0.018452152609825134,False,0.0
2851,0.017826685681939125,False,0.0
2852,0.02339119091629982,False,0.0
2853,0.0054251751862466335,False,0.0
2854,0.9408286809921265,True,1.0
2855,0.11514079570770264,False,0.0
2856,0.1432652622461319,False,0.0
2857,0.04148660972714424,False,0.0
2858,0.04493746533989906,False,0.0
2859,0.07989894598722458,False,0.0
2860,0.19768093526363373,False,0.312388651072979
2861,0.07424816489219666,False,0.0
2862,0.07038751989603043,False,0.0
2863,0.13962028920650482,False,0.0
2864,0.04938044026494026,False,0.0
2865,0.05110586807131767,False,0.0
2866,0.012801378034055233,False,0.0
2867,0.0073662810027599335,False,0.0
2868,0.00721530569717288,False,0.0
2869,0.007776069920510054,False,0.0
2870,0.011442603543400764,False,0.0
2871,0.009587768465280533,False,0.0
2872,0.008660351857542992,False,0.0
2873,0.007689798716455698,False,0.0
2874,0.00561928516253829,False,0.0
2875,0.4768068194389343,False,0.0
2876,0.028243953362107277,False,0.0
2877,0.010493618436157703,False,0.0
2878,0.6397443413734436,False,0.0
2879,0.940538763999939,True,1.0
2880,0.07178943604230881,False,0.0
2881,0.008142723701894283,False,0.0
2882,0.006956491619348526,False,0.0
2883,0.01377193070948124,False,0.0
2884,0.05250777676701546,False,0.0
2885,0.039739616215229034,False,0.0
2886,0.09769241511821747,False,0.0
2887,0.05679978057742119,False,0.0
2888,0.05386655405163765,False,0.0
2889,0.047547172755002975,False,0.0
2890,0.16597621142864227,False,0.3126043416559696
2891,0.07379524409770966,False,0.0
2892,0.04081800580024719,False,0.0
2893,0.07554223388433456,False,0.0
2894,0.030336035415530205,False,0.0
2895,0.03540448099374771,False,0.0
2896,0.014742483384907246,False,0.0
2897,0.010450482368469238,False,0.0
2898,0.009674040600657463,False,0.0
2899,0.011119085364043713,False,0.0
2900,0.01392290461808443,False,0.0
2901,0.4667297899723053,False,0.0
2902,0.026065602898597717,False,0.0
2903,0.005921235308051109,False,0.0
2904,0.9029213786125183,True,1.0
2905,0.2076021432876587,False,0.0
2906,0.05902126431465149,False,0.0
2907,0.059215378016233444,False,0.0
2908,0.15003757178783417,False,0.0
2909,0.05028628930449486,False,0.0
2910,0.04040822014212608,False,0.0
2911,0.045196279883384705,False,0.0
2912,0.022204957902431488,False,0.0
2913,0.013232733123004436,False,0.0
2914,0.013168031349778175,False,0.0
2915,0.01754630170762539,False,0.0
2916,0.040451355278491974,False,0.0
2917,0.018171770498156548,False,0.0
2918,0.017524734139442444,False,0.0
2919,0.02485780231654644,False,0.0
2920,0.18687544763088226,False,0.3474148325622082
2921,0.06933069974184036,False,0.0
2922,0.04353555664420128,False,0.0
2923,0.11475258320569992,False,0.0
2924,0.04633937403559685,False,0.0
2925,0.03695736452937126,False,0.0
2926,0.03993372619152069,False,0.0
2927,0.00930738728493452,False,0.0
2928,0.0073662810027599335,False,0.0
2929,0.9009429216384888,True,1.0
2930,0.13601846992969513,False,0.0
2931,0.14311429858207703,False,0.0
2932,0.07774215191602707,False,0.0
2933,0.08893586695194244,False,0.0
2934,0.09827474504709244,False,0.0
2935,0.13017357885837555,False,0.10486285388469696
2936,0.07088357955217361,False,0.0
2937,0.07907935976982117,False,0.0
2938,0.12299149483442307,False,0.0
2939,0.05414693430066109,False,0.0
2940,0.047504037618637085,False,0.0
2941,0.053888119757175446,False,0.0
2942,0.0281361173838377,False,0.0
2943,0.02397352270781994,False,0.0
2944,0.023283351212739944,False,0.0
2945,0.02675577439367771,False,0.0
2946,0.15098655223846436,False,0.21938810497522354
2947,0.0505451038479805,False,0.0
2948,0.041292499750852585,False,0.0
2949,0.04737463220953941,False,0.0
2950,0.15189240872859955,False,0.0
2951,0.06378775835037231,False,0.0
2952,0.05004904419183731,False,0.0
2953,0.1383046656847,False,0.0
2954,0.8964831233024597,True,1.0
2955,0.06372305750846863,False,0.0
2956,0.009005437605082989,False,0.0
2957,0.003203687025234103,False,0.0
2958,0.008078019134700298,False,0.0
2959,0.004907546564936638,False,0.0
2960,0.0015645308885723352,False,0.0
2961,0.0009174956358037889,False,0.0
2962,0.003958561923354864,False,0.0
2963,0.08276746422052383,False,0.0
2964,0.07526185363531113,False,0.0
2965,0.19405753910541534,False,0.3665670771151781
2966,0.07517558336257935,False,0.0
2967,0.05563511326909065,False,0.0
2968,0.10957629978656769,False,0.0
2969,0.0704953595995903,False,0.0
2970,0.02250690758228302,False,0.0
2971,0.015971850603818893,False,0.0
2972,0.014375830069184303,False,0.0
2973,0.02015601098537445,False,0.0
2974,0.05177447199821472,False,0.0
2975,0.03715147450566292,False,0.0
2976,0.09497486799955368,False,0.0
2977,0.05546257644891739,False,0.0
2978,0.01077400054782629,False,0.0
2979,0.8995949029922485,True,1.0
2980,0.17259752750396729,False,0.0
2981,0.04580017924308777,False,0.0
2982,0.04470021650195122,False,0.0
2983,0.07073260843753815,False,0.0
2984,0.014354261569678783,False,0.0
2985,0.007883909158408642,False,0.0
2986,0.007840774022042751,False,0.0
2987,0.01068772841244936,False,0.0
2988,0.08179690688848495,False,0.0
2989,0.0722423568367958,False,0.0
2990,0.07297565788030624,False,0.0
2991,0.10763519257307053,False,0.0
2992,0.07899308949708939,False,0.0
2993,0.06534064561128616,False,0.0
2994,0.05820168927311897,False,0.0
2995,0.12823247909545898,False,0.0
2996,0.11272519826889038,False,0.0
2997,0.09467291086912155,False,0.0
2998,0.18555979430675507,False,0.15455514192581177
2999,0.10828222334384918,False,0.0
3000,0.8998567461967468,False,0.0
3001,0.00680551677942276,False,0.0
3002,0.006913356017321348,False,0.0
3003,0.015066000632941723,False,0.0
3004,0.9140382409095764,True,1.0
3005,0.10534899681806564,False,0.0
3006,0.14069868624210358,False,0.0
3007,0.031932055950164795,False,0.0
3008,0.03691422566771507,False,0.0
3009,0.22250552475452423,False,0.38114693760871887
3010,0.039567071944475174,False,0.0
3011,0.027640054002404213,False,0.0
3012,0.029085099697113037,False,0.0
3013,0.17660914361476898,False,0.0
3014,0.01922859437763691,False,0.0
3015,0.007193738128989935,False,0.0
3016,0.007689798716455698,False,0.0
3017,0.01077400054782629,False,0.0
3018,0.0033762298990041018,False,0.0
3019,0.0019527521217241883,False,0.0
3020,0.001478259451687336,False,0.0
3021,0.4885014295578003,True,0.9507099334150553
3022,0.029990950599312782,False,0.0
3023,0.014936593361198902,False,0.0
3024,0.2516005337238312,False,0.0
3025,0.022312797605991364,False,0.0
3026,0.013513117097318172,False,0.0
3027,0.013146462850272655,False,0.0
3028,0.47446900606155396,False,0.0
3029,0.9455888867378235,True,1.0
3030,0.0634211078286171,False,0.0
3031,0.009587768465280533,False,0.0
3032,0.0017802093643695116,False,0.0
3033,0.003807586384937167,False,0.0
3034,0.02884785272181034,False,0.0
3035,0.022140255197882652,False,0.0
3036,0.1347890943288803,False,0.196051687002182
3037,0.03676325082778931,False,0.0
3038,0.03872592747211456,False,0.0
3039,0.1366008073091507,False,0.0
3040,0.022851994261145592,False,0.0
3041,0.025936195626854897,False,0.0
3042,0.05356460437178612,False,0.0
3043,0.1627194583415985,False,0.321878497954458
3044,0.03851024806499481,False,0.0
3045,0.04086114093661308,False,0.0
3046,0.010170101188123226,False,0.0
3047,0.005187928676605225,False,0.0
3048,0.004885978531092405,False,0.0
3049,0.0072800093330442905,False,0.0
3050,0.0013919881312176585,False,0.0
3051,0.5084011554718018,False,0.0
3052,0.020522665232419968,False,0.0
3053,0.0,False,0.0
3054,0.9750326871871948,True,1.0
3055,0.05352146551012993,False,0.0
3056,0.005964370910078287,False,0.0
3057,0.0012194453738629818,False,0.0
3058,0.2599257230758667,False,0.0
3059,0.019573679193854332,False,0.0
3060,0.0063310242258012295,False,0.0
3061,0.005554581992328167,False,0.0
3062,0.013685658574104309,False,0.0
3063,0.0010037670144811273,False,0.0
3064,0.0,False,0.0
3065,0.0,False,0.0
3066,0.2386382669210434,False,0.0
3067,0.022528475150465965,False,0.0
3068,0.011248492635786533,False,0.0
3069,0.23868142068386078,True,0.46953198965638876
3070,0.04118466004729271,False,0.0
3071,0.028438065201044083,False,0.0
3072,0.033484939485788345,False,0.0
3073,0.154394268989563,False,0.0
3074,0.02259317971765995,False,0.0
3075,0.014677779749035835,False,0.0
3076,0.014526805840432644,False,0.0
3077,0.01575617305934429,False,0.0
3078,0.003915425855666399,False,0.0
3079,0.8843132257461548,True,1.0
3080,0.06676412373781204,False,0.0
3081,0.008552512153983116,False,0.0
3082,0.002815465908497572,False,0.0
3083,0.005252632312476635,False,0.0
3084,0.4875890016555786,True,0.9673471515998244
3085,0.05837423354387283,False,0.0
3086,0.03786321356892586,False,0.0
3087,0.044333565980196,False,0.0
3088,0.16793887317180634,False,0.0
3089,0.039286691695451736,False,0.0
3090,0.02712242677807808,False,0.0
3091,0.026863614097237587,False,0.0
3092,0.038769062608480453,False,0.0
3093,0.007538823876529932,False,0.0
3094,0.004605596885085106,False,0.0
3095,0.003915425855666399,False,0.0
3096,0.2768133580684662,False,0.0
3097,0.02809298038482666,False,0.0
3098,0.015799308195710182,False,0.0
3099,0.5271527171134949,True,1.0
3100,0.021148132160305977,False,0.0
3101,0.009479929693043232,False,0.0
3102,0.007258441299200058,False,0.0
3103,0.2740958034992218,False,0.0
3104,0.9257153272628784,True,1.0
3105,0.0656425952911377,False,0.0
3106,0.007625095080584288,False,0.0
3107,0.0025782196316868067,False,0.0
3108,0.00024889243650250137,False,0.0
3109,0.003764451015740633,False,0.0
3110,0.0,False,0.0
3111,0.0,False,0.0
3112,0.5707224607467651,False,0.0
3113,0.03523193672299385,False,0.0
3114,0.01825804077088833,False,0.0
3115,0.5782557129859924,True,1.0
3116,0.022355934605002403,False,0.0
3117,0.007883909158408642,False,0.0
3118,0.004993818234652281,False,0.0
3119,0.5104303956031799,False,0.0
3120,0.04023567587137222,False,0.0
3121,0.01918545924127102,False,0.0
3122,0.019099188968539238,False,0.0
3123,0.023671573027968407,False,0.0
3124,0.03398100286722183,False,0.0
3125,0.02073834463953972,False,0.0
3126,0.02503034472465515,False,0.0
3127,0.04601585492491722,False,0.0
3128,0.010277939960360527,False,0.0
3129,0.006352592259645462,False,0.0
3130,0.9684950113296509,True,1.0
3131,0.05427634343504906,False,0.0
3132,0.010946542955935001,False,0.0
3133,0.003246822627261281,False,0.0
3134,0.224899560213089,False,0.0
3135,0.020889317616820335,False,0.0
3136,0.007193738128989935,False,0.0
3137,0.007840774022042751,False,0.0
3138,0.008595648221671581,False,0.0
3139,0.0012625810923054814,False,0.0
3140,0.0008959277765825391,False,0.0
3141,0.0,False,0.0
3142,0.5220838785171509,False,0.0
3143,0.029969383031129837,False,0.0
3144,0.015152272768318653,False,0.0
3145,0.5474504828453064,True,1.0
3146,0.02943018637597561,False,0.0
3147,0.01851685531437397,False,0.0
3148,0.01642477512359619,False,0.0
3149,0.5452301502227783,False,0.0
3150,0.08281060308218002,False,0.0
3151,0.05580765753984451,False,0.0
3152,0.056907620280981064,False,0.0
3153,0.06950324028730392,False,0.0
3154,0.017222784459590912,False,0.0
3155,0.961567759513855,True,1.0
3156,0.06547005474567413,False,0.0
3157,0.009911286644637585,False,0.0
3158,0.003548772307112813,False,0.0
3159,0.010105396620929241,False,0.0
3160,0.5648465752601624,True,1.0
3161,0.08520462363958359,False,0.0
3162,0.062148600816726685,False,0.0
3163,0.0767069011926651,False,0.0
3164,0.20497086644172668,False,0.0
3165,0.03553388640284538,False,0.0
3166,0.01709337905049324,False,0.0
3167,0.0186031274497509,False,0.0
3168,0.02183830365538597,False,0.0
3169,0.01562676392495632,False,0.0
3170,0.013944472186267376,False,0.0
3171,0.014160151593387127,False,0.0
3172,0.01454837154597044,False,0.0
3173,0.015044433064758778,False,0.0
3174,0.015324815176427364,False,0.0
3175,0.6102463603019714,True,1.0
3176,0.04879811033606529,False,0.0
3177,0.02410292811691761,False,0.0
3178,0.021730465814471245,False,0.0
3179,0.5143808722496033,False,0.0
3180,0.9616993069648743,True,1.0
3181,0.06025063619017601,False,0.0
3182,0.005640853196382523,False,0.0
3183,0.0,False,0.0
3184,0.004584028851240873,False,0.0
3185,0.024620557203888893,False,0.0
3186,0.01985406130552292,False,0.0
3187,0.04815107211470604,False,0.0
3188,0.029969383031129837,False,0.0
3189,0.005489878356456757,False,0.0
3190,0.22599950432777405,True,0.45154435947188176
3191,0.045735474675893784,False,0.0
3192,0.022981401532888412,False,0.0
3193,0.02503034472465515,False,0.0
3194,0.15825490653514862,False,0.0
3195,0.015324815176427364,False,0.0
3196,0.0064819990657269955,False,0.0
3197,0.006309456657618284,False,0.0
3198,0.008725054562091827,False,0.0
3199,0.001586098806001246,False,0.0
3200,0.0005292744026519358,False,0.0
3201,0.00022732459183316678,False,0.0
3202,0.22056441009044647,False,0.0
3203,0.016187530010938644,False,0.0
3204,0.00680551677942276,False,0.0
3205,0.9617080688476562,True,1.0
3206,0.06779938191175461,False,0.0
3207,0.021342243999242783,False,0.0
3208,0.020975589752197266,False,0.0
3209,0.16246064007282257,False,0.0
3210,0.01463464368134737,False,0.0
3211,0.006115345750004053,False,0.0
3212,0.0052742003463208675,False,0.0
3213,0.008681919425725937,False,0.0
3214,0.0052742003463208675,False,0.0
3215,0.0043899184092879295,False,0.0
3216,0.0035919081419706345,False,0.0
3217,0.007819205522537231,False,0.0
3218,0.06417598575353622,False,0.0
3219,0.0838242918252945,False,0.0
3220,0.251924067735672,True,0.48833913169801235
3221,0.05244307592511177,False,0.0
3222,0.038984742015600204,False,0.0
3223,0.04174542427062988,False,0.0
3224,0.15864314138889313,False,0.0
3225,0.02662636712193489,False,0.0
3226,0.01646791212260723,False,0.0
3227,0.015324815176427364,False,0.0
3228,0.01935800164937973,False,0.0
3229,0.007754501886665821,False,0.0
3230,0.8889680504798889,True,1.0
3231,0.062450554221868515,False,0.0
3232,0.4911196231842041,False,0.0
3233,0.06646217405796051,False,0.0
3234,0.05205485224723816,False,0.0
3235,0.17980119585990906,False,0.2554926872253418
3236,0.06758370250463486,False,0.0
3237,0.0571880005300045,False,0.0
3238,0.0589565634727478,False,0.0
3239,0.14574556052684784,False,0.0
3240,0.034412357956171036,False,0.0
3241,0.025353863835334778,False,0.0
3242,0.025159751996397972,False,0.0
3243,0.027532214298844337,False,0.0
3244,0.03283790498971939,False,0.0
3245,0.029624296352267265,False,0.0
3246,0.029279211536049843,False,0.0
3247,0.12885795533657074,False,0.0
3248,0.06547005474567413,False,0.0
3249,0.049402009695768356,False,0.0
3250,0.8996596336364746,True,1.0
3251,0.04778442159295082,False,0.0
3252,0.003656611545011401,False,0.0
3253,0.0024919481948018074,False,0.0
3254,0.1081959530711174,False,0.0
3255,0.9333871006965637,True,1.0
3256,0.06411127746105194,False,0.0
3257,0.0069780596531927586,False,0.0
3258,0.002686058869585395,False,0.0
3259,0.008164291270077229,False,0.0
3260,0.003505636705085635,False,0.0
3261,0.0012625810923054814,False,0.0
3262,0.00024889243650250137,False,0.0
3263,0.002125294879078865,False,0.0
3264,0.0,False,0.0
3265,0.494343638420105,True,0.9750762432813644
3266,0.04756874218583107,False,0.0
3267,0.031435996294021606,False,0.0
3268,0.031845785677433014,False,0.0
3269,0.3794005215167999,False,0.0
3270,0.01784825138747692,False,0.0
3271,0.012520995922386646,False,0.0
3272,0.011291628703474998,False,0.0
3273,0.011960231699049473,False,0.0
3274,0.03531820699572563,False,0.0
3275,0.03160853683948517,False,0.0
3276,0.13808898627758026,False,0.0
3277,0.042974792420864105,False,0.0
3278,0.010407346300780773,False,0.0
3279,0.00680551677942276,False,0.0
3280,0.954771101474762,True,1.0
3281,0.08261648565530777,False,0.0
3282,0.02511661686003208,False,0.0
3283,0.025375431403517723,False,0.0
3284,0.08464386314153671,False,0.0
3285,0.016985539346933365,False,0.0
3286,0.00829369854182005,False,0.0
3287,0.006956491619348526,False,0.0
3288,0.011334763839840889,False,0.0
3289,0.07463639229536057,False,0.0
3290,0.06087610125541687,False,0.0
3291,0.1467592567205429,False,0.0
3292,0.08630459010601044,False,0.0
3293,0.0656210258603096,False,0.0
3294,0.055268462747335434,False,0.0
3295,0.15111595392227173,False,0.2493242621421814
3296,0.07125023752450943,False,0.0
3297,0.07901465892791748,False,0.0
3298,0.057748764753341675,False,0.0
3299,0.08410467207431793,False,0.0
3300,0.08015774935483932,False,0.0
3301,0.03624562546610832,False,0.0
3302,0.026604799553751945,False,0.0
3303,0.02645382285118103,False,0.0
3304,0.033355534076690674,False,0.0
3305,0.9229579567909241,True,1.0
3306,0.14969247579574585,False,0.0
3307,0.02738124132156372,False,0.0
3308,0.017826685681939125,False,0.0
3309,0.022485340014100075,False,0.0
3310,0.39891481399536133,True,0.7621762566268444
3311,0.03745342418551445,False,0.0
3312,0.029839975759387016,False,0.0
3313,0.009393657557666302,False,0.0
3314,0.12795209884643555,False,0.0
3315,0.01922859437763691,False,0.0
3316,0.011873959563672543,False,0.0
3317,0.011852391995489597,False,0.0
3318,0.014311126433312893,False,0.0
3319,0.08138712495565414,False,0.0
3320,0.08106360584497452,False,0.0
3321,0.32067927718162537,True,0.48307041823863983
3322,0.10623327642679214,False,0.0
3323,0.08421250432729721,False,0.0
3324,0.07914406806230545,False,0.0
3325,0.13418519496917725,False,0.0
3326,0.10036682337522507,False,0.0
3327,0.15497660636901855,False,0.0
3328,0.2792341411113739,False,0.0
3329,0.1747111827135086,False,0.0
3330,0.9555585980415344,True,1.0
3331,0.06432695686817169,False,0.0
3332,0.009652472101151943,False,0.0
3333,0.002988008549436927,False,0.0
3334,0.005597717594355345,False,0.0
3335,0.0036997476126998663,False,0.0
3336,0.0009821992134675384,False,0.0
3337,0.0011331740533933043,False,0.0
3338,0.0019743198063224554,False,0.0
3339,0.062407415360212326,False,0.0
3340,0.1263776421546936,False,0.23780704382807016
3341,0.04974709451198578,False,0.0
3342,0.05475083738565445,False,0.0
3343,0.028438065201044083,False,0.0
3344,0.01948740892112255,False,0.0
3345,0.015367950312793255,False,0.0
3346,0.022830424830317497,False,0.0
3347,0.012068070471286774,False,0.0
3348,0.007495687808841467,False,0.0
3349,0.007474120240658522,False,0.0
3350,0.009523064829409122,False,0.0
3351,0.0736011266708374,False,0.0
3352,0.021687328815460205,False,0.0
3353,0.018840372562408447,False,0.0
3354,0.018905077129602432,False,0.0
3355,0.9344534873962402,True,1.0
3356,0.05382341891527176,False,0.0
3357,0.003958561923354864,False,0.0
3358,0.0,False,0.0
3359,0.6351577639579773,False,0.0
3360,0.05287443473935127,False,0.0
3361,0.015001296997070312,False,0.0
3362,0.01696397177875042,False,0.0
3363,0.024555852636694908,False,0.0
3364,0.04178855940699577,False,0.0
3365,0.02951645664870739,False,0.0
3366,0.15008071064949036,False,0.0
3367,0.042931657284498215,False,0.0
3368,0.05170976743102074,False,0.0
3369,0.041378770023584366,False,0.0
3370,0.3958432674407959,True,0.757844865322113
3371,0.058719318360090256,False,0.0
3372,0.05017844960093498,False,0.0
3373,0.03710833936929703,False,0.0
3374,0.10698814690113068,False,0.0
3375,0.05155879259109497,False,0.0
3376,0.024749962612986565,False,0.0
3377,0.01864626258611679,False,0.0
3378,0.01692083477973938,False,0.0
3379,0.023283351212739944,False,0.0
3380,0.9471563100814819,True,1.0
3381,0.06389560550451279,False,0.0
3382,0.009544632397592068,False,0.0
3383,0.003354661865159869,False,0.0
3384,0.0073662810027599335,False,0.0
3385,0.3159925937652588,True,0.5075585693120956
3386,0.08039500564336777,False,0.0
3387,0.06221330910921097,False,0.0
3388,0.08004991710186005,False,0.0
3389,0.1406124085187912,False,0.0
3390,0.07241489738225937,False,0.0
3391,0.06726018339395523,False,0.0
3392,0.08373802155256271,False,0.0
3393,0.09352981299161911,False,0.0
3394,0.08199101686477661,False,0.0
3395,0.07970482856035233,False,0.0
3396,0.13371071219444275,False,0.0
3397,0.09749829769134521,False,0.0
3398,0.08140868693590164,False,0.0
3399,0.07976953685283661,False,0.0
3400,0.3305603861808777,True,0.5859982445836067
3401,0.05507435277104378,False,0.0
3402,0.038769062608480453,False,0.0
3403,0.037561263889074326,False,0.0
3404,0.057964444160461426,False,0.0
3405,0.9129940271377563,True,1.0
3406,0.06838171184062958,False,0.0
3407,0.008660351857542992,False,0.0
3408,0.005252632312476635,False,0.0
3409,0.007387848105281591,False,0.0
3410,0.11919554322957993,False,0.0
3411,0.11248794943094254,False,0.0
3412,0.09096324443817139,False,0.0
3413,0.09551405906677246,False,0.0
3414,0.10765675455331802,False,0.0
3415,0.13757134974002838,False,0.24613222479820251
3416,0.0727168470621109,False,0.0
3417,0.07817351073026657,False,0.0
3418,0.07476579397916794,False,0.0
3419,0.08313411474227905,False,0.0
3420,0.06128589063882828,False,0.0
3421,0.07088357955217361,False,0.0
3422,0.024793099611997604,False,0.0
3423,0.01642477512359619,False,0.0
3424,0.017438463866710663,False,0.0
3425,0.017244352027773857,False,0.0
3426,0.015389518812298775,False,0.0
3427,0.014591507613658905,False,0.0
3428,0.014505237340927124,False,0.0
3429,0.016316935420036316,False,0.0
3430,0.9490295648574829,True,1.0
3431,0.07616770267486572,False,0.0
3432,0.02694988250732422,False,0.0
3433,0.024577422067523003,False,0.0
3434,0.15676674246788025,False,0.0
3435,0.011334763839840889,False,0.0
3436,0.003462501335889101,False,0.0
3437,0.0035919081419706345,False,0.0
3438,0.006697678007185459,False,0.0
3439,0.002837033709511161,False,0.0
3440,0.0014998273691162467,False,0.0
3441,0.001888048485852778,False,0.0
3442,0.004411486443132162,False,0.0
3443,3.321400436107069e-05,False,0.0
3444,0.0,False,0.0
3445,0.5631579756736755,True,1.0
3446,0.03221243619918823,False,0.0
3447,0.012262181378901005,False,0.0
3448,0.008725054562091827,False,0.0
3449,0.4669712781906128,False,0.0
3450,0.06176038458943367,False,0.0
3451,0.04677073284983635,False,0.0
3452,0.04470021650195122,False,0.0
3453,0.06091923639178276,False,0.0
3454,0.007862341590225697,False,0.0
3455,0.9193729162216187,True,1.0
3456,0.4090177118778229,False,0.0
3457,0.05457829311490059,False,0.0
3458,0.04810793697834015,False,0.0
3459,0.05257248505949974,False,0.0
3460,0.464023619890213,True,0.8318313658237457
3461,0.06756213307380676,False,0.0
3462,0.04950984939932823,False,0.0
3463,0.05119214206933975,False,0.0
3464,0.1268090009689331,False,0.0
3465,0.02973213605582714,False,0.0
3466,0.0161659624427557,False,0.0
3467,0.017330624163150787,False,0.0
3468,0.0192717295140028,False,0.0
3469,0.0108387041836977,False,0.0
3470,0.00721530569717288,False,0.0
3471,0.00840153731405735,False,0.0
3472,0.00911327637732029,False,0.0
3473,0.16075678169727325,False,0.0
3474,0.1547609269618988,False,0.0
3475,0.42086923122406006,True,0.7002732455730438
3476,0.1033000499010086,False,0.0
3477,0.07073260843753815,False,0.0
3478,0.0771813914179802,False,0.0
3479,0.1357165277004242,False,0.0
3480,0.9439204931259155,True,1.0
3481,0.057338979095220566,False,0.0
3482,0.0035703403409570456,False,0.0
3483,0.0,False,0.0
3484,0.003095847787335515,False,0.0
3485,0.031047774478793144,False,0.0
3486,0.08843980729579926,False,0.0
3487,0.018193338066339493,False,0.0
3488,0.01713651418685913,False,0.0
3489,0.0005508422618731856,False,0.0
3490,0.3767828345298767,True,0.7430172683671117
3491,0.029839975759387016,False,0.0
3492,0.023369623348116875,False,0.0
3493,0.02263631485402584,False,0.0
3494,0.13774389028549194,False,0.0
3495,0.014052311889827251,False,0.0
3496,0.0064819990657269955,False,0.0
3497,0.0052742003463208675,False,0.0
3498,0.010234803892672062,False,0.0
3499,0.10209225863218307,False,0.0
3500,0.8996752500534058,True,1.0
3501,0.36713382601737976,False,0.0
3502,0.0,False,0.0
3503,0.0,False,0.0
3504,0.0,False,0.0
3505,0.9679775238037109,True,1.0
3506,0.07215608656406403,False,0.0
3507,0.021299107000231743,False,0.0
3508,0.016705157235264778,False,0.0
3509,0.09900804609060287,False,0.0
3510,0.014073880389332771,False,0.0
3511,0.0047781397588551044,False,0.0
3512,0.00520949624478817,False,0.0
3513,0.007689798716455698,False,0.0
3514,0.004907546564936638,False,0.0
3515,0.0017155057284981012,False,0.0
3516,0.0031605511903762817,False,0.0
3517,0.0038291544187813997,False,0.0
3518,0.03309671953320503,False,0.0
3519,0.025095049291849136,False,0.0
3520,0.28665465116500854,True,0.5490006171166897
3521,0.044484540820121765,False,0.0
3522,0.04116309434175491,False,0.0
3523,0.029904678463935852,False,0.0
3524,0.08050283789634705,False,0.0
3525,0.04459238052368164,False,0.0
3526,0.018883509561419487,False,0.0
3527,0.01299548801034689,False,0.0
3528,0.012154342606663704,False,0.0
3529,0.018710967153310776,False,0.0
3530,0.9076327085494995,True,1.0
3531,0.31964853405952454,False,0.0
3532,0.08330666273832321,False,0.0
3533,0.07109925895929337,False,0.0
3534,0.08017932623624802,False,0.0
3535,0.2440274953842163,False,0.3458564728498459
3536,0.05423320457339287,False,0.0
3537,0.05211956053972244,False,0.0
3538,0.0651681050658226,False,0.0
3539,0.054427314549684525,False,0.0
3540,0.04096898064017296,False,0.0
3541,0.043470852077007294,False,0.0
3542,0.04774128645658493,False,0.0
3543,0.04933730512857437,False,0.0
3544,0.04109838977456093,False,0.0
3545,0.04105525463819504,False,0.0
3546,0.06307601928710938,False,0.0
3547,0.05705859139561653,False,0.0
3548,0.048517730087041855,False,0.0
3549,0.0478706918656826,False,0.0
3550,0.10060407221317291,False,0.11927018314599991
3551,0.05516062304377556,False,0.0
3552,0.04019254073500633,False,0.0
3553,0.04569233953952789,False,0.0
3554,0.08281060308218002,False,0.0
3555,0.9104018807411194,True,1.0
3556,0.06734645366668701,False,0.0
3557,0.015087569132447243,False,0.0
3558,0.008940733037889004,False,0.0
3559,0.012089638970792294,False,0.0
3560,0.007754501886665821,False,0.0
3561,0.005166360642760992,False,0.0
3562,0.004368350841104984,False,0.0
3563,0.005964370910078287,False,0.0
3564,0.07735393196344376,False,0.0
3565,0.08643399924039841,False,0.0
3566,0.05837423354387283,False,0.0
3567,0.07308350503444672,False,0.0
3568,0.09372393041849136,False,0.0
3569,0.25256189703941345,True,0.4634745642542839
3570,0.06594454497098923,False,0.0
3571,0.07461481541395187,False,0.0
3572,0.03301044926047325,False,0.0
3573,0.022226525470614433,False,0.0
3574,0.0208246149122715,False,0.0
3575,0.026820478960871696,False,0.0
3576,0.06027219817042351,False,0.0
3577,0.03421824797987938,False,0.0
3578,0.035878971219062805,False,0.0
3579,0.04021410644054413,False,0.0
3580,0.917324423789978,True,1.0
3581,0.08220669627189636,False,0.0
3582,0.022312797605991364,False,0.0
3583,0.018236473202705383,False,0.0
3584,0.04446297511458397,False,0.0
3585,0.01312489528208971,False,0.0
3586,0.006546703167259693,False,0.0
3587,0.0063310242258012295,False,0.0
3588,0.010256371460855007,False,0.0
3589,0.08850450813770294,False,0.0
3590,0.07375210523605347,False,0.0
3591,0.23766425251960754,False,0.3936062231659889
3592,0.0935945212841034,False,0.0
3593,0.07461481541395187,False,0.0
3594,0.05268032103776932,False,0.0
3595,0.06469361484050751,False,0.0
3596,0.06447793543338776,False,0.0
3597,0.2071821391582489,False,0.0
3598,0.08483797311782837,False,0.0
3599,0.10174717009067535,False,0.0
3600,0.2106320858001709,False,0.31590352952480316
3601,0.06182508543133736,False,0.0
3602,0.04086114093661308,False,0.0
3603,0.04329831153154373,False,0.0
3604,0.049941204488277435,False,0.0
3605,0.9212691783905029,True,1.0
3606,0.07478736340999603,False,0.0
3607,0.012844513170421124,False,0.0
3608,0.005533013958483934,False,0.0
3609,0.008983869105577469,False,0.0
3610,0.054686129093170166,False,0.0
3611,0.030336035415530205,False,0.0
3612,0.023326486349105835,False,0.0
3613,0.032643795013427734,False,0.0
3614,0.04267284274101257,False,0.0
3615,0.02947332337498665,False,0.0
3616,0.023046104237437248,False,0.0
3617,0.034196678549051285,False,0.0
3618,0.08533403277397156,False,0.0
3619,0.07631867378950119,False,0.0
3620,0.07877741008996964,False,0.0
3621,0.24464264512062073,False,0.39798688143491745
3622,0.08766336739063263,False,0.0
3623,0.07047379016876221,False,0.0
3624,0.07133650779724121,False,0.0
3625,0.22873583436012268,False,0.0
3626,0.05444888398051262,False,0.0
3627,0.045649204403162,False,0.0
3628,0.04636094346642494,False,0.0
3629,0.06432695686817169,False,0.0
3630,0.9013795852661133,True,1.0
3631,0.07166002690792084,False,0.0
3632,0.010019125416874886,False,0.0
3633,0.0037428829818964005,False,0.0
3634,0.007301577366888523,False,0.0
3635,0.027532214298844337,False,0.0
3636,0.045023735612630844,False,0.0
3637,0.01646791212260723,False,0.0
3638,0.022485340014100075,False,0.0
3639,0.05550571158528328,False,0.0
3640,0.08436348289251328,False,0.1541238110512495
3641,0.03208303079009056,False,0.0
3642,0.04327674210071564,False,0.0
3643,0.02024228312075138,False,0.0
3644,0.011830824427306652,False,0.0
3645,0.009587768465280533,False,0.0
3646,0.019573679193854332,False,0.0
3647,0.012154342606663704,False,0.0
3648,0.007301577366888523,False,0.0
3649,0.0074309841729700565,False,0.0
3650,0.0091779800131917,False,0.0
3651,0.057619359344244,False,0.0
3652,0.024685261771082878,False,0.0
3653,0.018797239288687706,False,0.0
3654,0.0256989486515522,False,0.0
3655,0.9239023327827454,True,1.0
3656,0.09635520726442337,False,0.0
3657,0.044980600476264954,False,0.0
3658,0.03536134585738182,False,0.0
3659,0.06467204540967941,False,0.0
3660,0.014052311889827251,False,0.0
3661,0.006546703167259693,False,0.0
3662,0.006719246041029692,False,0.0
3663,0.009501497261226177,False,0.0
3664,0.029192939400672913,False,0.0
3665,0.025763651356101036,False,0.0
3666,0.030745824798941612,False,0.0
3667,0.0372377447783947,False,0.0
3668,0.04331987723708153,False,0.0
3669,0.0363318957388401,False,0.0
3670,0.09079070389270782,False,0.16633121762424707
3671,0.05218426138162613,False,0.0
3672,0.04073173552751541,False,0.0
3673,0.030163491144776344,False,0.0
3674,0.06665628403425217,False,0.0
3675,0.045196279883384705,False,0.0
3676,0.01146417111158371,False,0.0
3677,0.007711365818977356,False,0.0
3678,0.007625095080584288,False,0.0
3679,0.010493618436157703,False,0.0
3680,0.9128174185752869,True,1.0
3681,0.09350825101137161,False,0.0
3682,0.030875230208039284,False,0.0
3683,0.02464212477207184,False,0.0
3684,0.030702689662575722,False,0.0
3685,0.25687652826309204,True,0.4644688069820404
3686,0.06704450398683548,False,0.0
3687,0.05533316731452942,False,0.0
3688,0.06816603243350983,False,0.0
3689,0.07640495151281357,False,0.0
3690,0.05373714491724968,False,0.0
3691,0.04828048124909401,False,0.0
3692,0.05899969860911369,False,0.0
3693,0.03469274193048477,False,0.0
3694,0.027575349435210228,False,0.0
3695,0.026302848011255264,False,0.0
3696,0.029839975759387016,False,0.0
3697,0.06038004159927368,False,0.0
3698,0.04961768910288811,False,0.0
3699,0.052960701286792755,False,0.0
3700,0.08483797311782837,False,0.11707025021314621
3701,0.03788478299975395,False,0.0
3702,0.02229123003780842,False,0.0
3703,0.02041482739150524,False,0.0
3704,0.030810529366135597,False,0.0
3705,0.8948942422866821,True,1.0
3706,0.07038751989603043,False,0.0
3707,0.012671969830989838,False,0.0
3708,0.00520949624478817,False,0.0
3709,0.010924975387752056,False,0.0
3710,0.06728175282478333,False,0.0
3711,0.07284625619649887,False,0.12358374893665314
3712,0.049898069351911545,False,0.0
3713,0.0669366642832756,False,0.0
3714,0.057166434824466705,False,0.0
3715,0.05818011984229088,False,0.0
3716,0.040623899549245834,False,0.0
3717,0.048302050679922104,False,0.0
3718,0.048431456089019775,False,0.0
3719,0.04705111309885979,False,0.0
3720,0.0372377447783947,False,0.0
3721,0.04366496205329895,False,0.0
3722,0.021169699728488922,False,0.0
3723,0.015324815176427364,False,0.0
3724,0.014311126433312893,False,0.0
3725,0.016662022098898888,False,0.0
3726,0.013966040685772896,False,0.0
3727,0.011054381728172302,False,0.0
3728,0.012089638970792294,False,0.0
3729,0.01383663434535265,False,0.0
3730,0.9185003042221069,True,1.0
3731,0.08106360584497452,False,0.0
3732,0.026259711012244225,False,0.0
3733,0.019465841352939606,False,0.0
3734,0.08343606442213058,False,0.0
3735,0.013405277393758297,False,0.0
3736,0.0054251751862466335,False,0.0
3737,0.0042389435693621635,False,0.0
3738,0.007301577366888523,False,0.0
3739,0.00486441096290946,False,0.0
3740,0.0026429230347275734,False,0.0
3741,0.0022331341169774532,False,0.0
3742,0.004584028851240873,False,0.0
3743,0.0527450256049633,False,0.0
3744,0.046382512897253036,False,0.0
3745,0.33147215843200684,True,0.5310552269220352
3746,0.06594454497098923,False,0.0
3747,0.2427530437707901,False,0.0
3748,0.25904563069343567,False,0.0
3749,0.38089317083358765,False,0.0
3750,0.8993409276008606,True,1.0
3751,0.036590710282325745,False,0.0
3752,0.038229864090681076,False,0.0
3753,0.05412536859512329,False,0.0
3754,0.0,False,0.0
3755,0.9201053380966187,True,1.0
3756,0.15376880764961243,False,0.0
3757,0.026151875033974648,False,0.0
3758,0.023369623348116875,False,0.0
3759,0.02707928977906704,False,0.0
3760,0.16397039592266083,False,0.2812015451490879
3761,0.053801845759153366,False,0.0
3762,0.045649204403162,False,0.0
3763,0.12795209884643555,False,0.0
3764,0.01998346857726574,False,0.0
3765,0.0108387041836977,False,0.0
3766,0.008725054562091827,False,0.0
3767,0.01526011060923338,False,0.0
3768,0.006136913783848286,False,0.0
3769,0.004627164453268051,False,0.0
3770,0.004303646739572287,False,0.0
3771,0.006676109973341227,False,0.0
3772,0.0031605511903762817,False,0.0
3773,0.0029233049135655165,False,0.0
3774,0.0026429230347275734,False,0.0
3775,0.4434323012828827,True,0.786421425640583
3776,0.07388151437044144,False,0.0
3777,0.05022158846259117,False,0.0
3778,0.13560867309570312,False,0.0
3779,0.07332074642181396,False,0.0
3780,0.8993528485298157,True,1.0
3781,0.06445636600255966,False,0.0
3782,0.007258441299200058,False,0.0
3783,0.0040879687294363976,False,0.0
3784,0.006719246041029692,False,0.0
3785,0.03180265054106712,False,0.0
3786,0.10672934353351593,False,0.0
3787,0.022959833964705467,False,0.0
3788,0.02716556191444397,False,0.0
3789,0.007646662648767233,False,0.0
3790,0.41420823335647583,True,0.8197229010984302
3791,0.04454924538731575,False,0.0
3792,0.027942005544900894,False,0.0
3793,0.14041830599308014,False,0.0
3794,0.04614526405930519,False,0.0
3795,0.011636714451014996,False,0.0
3796,0.006503567099571228,False,0.0
3797,0.006115345750004053,False,0.0
3798,0.009415226057171822,False,0.0
3799,0.06978362053632736,False,0.0
3800,0.06587984412908554,False,0.0
3801,0.3550536334514618,False,0.0
3802,0.015648333355784416,False,0.0
3803,0.005360471550375223,False,0.0
3804,0.004346782807260752,False,0.0
3805,0.9734625816345215,True,1.0
3806,0.05511748790740967,False,0.0
3807,0.012607266195118427,False,0.0
3808,0.3954926133155823,False,0.0
3809,0.01780511811375618,False,0.0
3810,0.0063957273960113525,False,0.0
3811,0.006244753021746874,False,0.0
3812,0.008185858838260174,False,0.0
3813,0.007236873265355825,False,0.0
3814,0.0040448326617479324,False,0.0
3815,0.004735003691166639,False,0.0
3816,0.007970180362462997,False,0.0
3817,0.043061062693595886,False,0.0
3818,0.029214506968855858,False,0.0
3819,0.03329082950949669,False,0.0
3820,0.17423668503761292,False,0.33706225641071796
3821,0.046037424355745316,False,0.0
3822,0.03313985466957092,False,0.0
3823,0.10129424184560776,False,0.0
3824,0.04278067871928215,False,0.0
3825,0.016187530010938644,False,0.0
3826,0.00999755784869194,False,0.0
3827,0.009695607237517834,False,0.0
3828,0.013254301622509956,False,0.0
3829,0.005705556832253933,False,0.0
3830,0.9258427619934082,True,1.0
3831,0.32160770893096924,False,0.0
3832,0.05155879259109497,False,0.0
3833,0.04450611025094986,False,0.0
3834,0.05278816446661949,False,0.0
3835,0.09393960237503052,False,0.0
3836,0.03786321356892586,False,0.0
3837,0.03542604669928551,False,0.0
3838,0.5159844756126404,True,0.9611168578267097
3839,0.04907849058508873,False,0.0
3840,0.016683589667081833,False,0.0
3841,0.0161659624427557,False,0.0
3842,0.020048173144459724,False,0.0
3843,0.05183917284011841,False,0.0
3844,0.045153144747018814,False,0.0
3845,0.0416591539978981,False,0.0
3846,0.08350076526403427,False,0.0
3847,0.07368739694356918,False,0.0
3848,0.061566270887851715,False,0.0
3849,0.06286033987998962,False,0.0
3850,0.12823247909545898,False,0.14886126667261124
3851,0.06969735026359558,False,0.0
3852,0.053801845759153366,False,0.0
3853,0.07457168400287628,False,0.0
3854,0.07060319930315018,False,0.0
3855,0.9408595561981201,True,1.0
3856,0.07260900735855103,False,0.0
3857,0.010709295980632305,False,0.0
3858,0.005252632312476635,False,0.0
3859,0.010321076028048992,False,0.0
3860,0.040041565895080566,False,0.0
3861,0.049682389944791794,False,0.0
3862,0.0305732823908329,False,0.0
3863,0.03400256857275963,False,0.0
3864,0.0864555686712265,False,0.0
3865,0.12609726190567017,False,0.21403928473591805
3866,0.062493689358234406,False,0.0
3867,0.07036595791578293,False,0.0
3868,0.12003669887781143,False,0.0
3869,0.06305445730686188,False,0.0
3870,0.06201919913291931,False,0.0
3871,0.0731697753071785,False,0.0
3872,0.027618486434221268,False,0.0
3873,0.01953054405748844,False,0.0
3874,0.019077619537711143,False,0.0
3875,0.024469582363963127,False,0.0
3876,0.07025811076164246,False,0.0
3877,0.03771223872900009,False,0.0
3878,0.0363534651696682,False,0.0
3879,0.040451355278491974,False,0.0
3880,0.9063338041305542,True,1.0
3881,0.08893586695194244,False,0.0
3882,0.034369222819805145,False,0.0
3883,0.0816028043627739,False,0.0
3884,0.04006313160061836,False,0.0
3885,0.01383663434535265,False,0.0
3886,0.0091779800131917,False,0.0
3887,0.009458362124860287,False,0.0
3888,0.011226925067603588,False,0.0
3889,0.007711365818977356,False,0.0
3890,0.006136913783848286,False,0.0
3891,0.007064330857247114,False,0.0
3892,0.00721530569717288,False,0.0
3893,0.05255091190338135,False,0.0
3894,0.057382114231586456,False,0.0
3895,0.3483191728591919,True,0.6705610994249582
3896,0.10977040976285934,False,0.0
3897,0.0900358259677887,False,0.0
3898,0.31171920895576477,False,0.0
3899,0.12117979675531387,False,0.0
3900,0.0594094879925251,False,0.0
3901,0.0447649210691452,False,0.0
3902,0.04424729570746422,False,0.0
3903,0.0571880005300045,False,0.0
3904,0.01303862314671278,False,0.0
3905,0.9226599931716919,True,1.0
3906,0.16136068105697632,False,0.0
3907,0.028545904904603958,False,0.0
3908,0.025504840537905693,False,0.0
3909,0.02800670824944973,False,0.0
3910,0.43934202194213867,True,0.827674362808466
3911,0.043147336691617966,False,0.0
3912,0.027812598273158073,False,0.0
3913,0.14302802085876465,False,0.0
3914,0.0407748706638813,False,0.0
3915,0.01776198111474514,False,0.0
3916,0.010903406888246536,False,0.0
3917,0.010472050867974758,False,0.0
3918,0.014871890656650066,False,0.0
3919,0.09885707497596741,False,0.0
3920,0.09959038347005844,False,0.0
3921,0.4009338915348053,False,0.0
3922,0.028243953362107277,False,0.0
3923,0.019056051969528198,False,0.0
3924,0.01713651418685913,False,0.0
3925,0.4735001027584076,True,0.9206641428172588
3926,0.0305732823908329,False,0.0
3927,0.013168031349778175,False,0.0
3928,0.013858201913535595,False,0.0
3929,0.018063930794596672,False,0.0
3930,0.8989242911338806,True,1.0
3931,0.06635433435440063,False,0.0
3932,0.008423104882240295,False,0.0
3933,0.004217375535517931,False,0.0
3934,0.005791828036308289,False,0.0
3935,0.03449862822890282,False,0.0
3936,0.13159705698490143,False,0.0
3937,0.02591462805867195,False,0.0
3938,0.025095049291849136,False,0.0
3939,0.01221904531121254,False,0.0
3940,0.4405485689640045,True,0.8702467875555158
3941,0.06135059520602226,False,0.0
3942,0.03518880158662796,False,0.0
3943,0.1383046656847,False,0.0
3944,0.055721383541822433,False,0.0
3945,0.020716777071356773,False,0.0
3946,0.012650402262806892,False,0.0
3947,0.014117016457021236,False,0.0
3948,0.014138584025204182,False,0.0
3949,0.034196678549051285,False,0.0
3950,0.028524337336421013,False,0.0
3951,0.09292592108249664,False,0.0
3952,0.04513157531619072,False,0.0
3953,0.008228993974626064,False,0.0
3954,0.0054251751862466335,False,0.0
3955,0.9660013914108276,True,1.0
3956,0.0820125862956047,False,0.0
3957,0.02951645664870739,False,0.0
3958,0.10342945903539658,False,0.0
3959,0.041292499750852585,False,0.0
3960,0.013254301622509956,False,0.0
3961,0.00756039097905159,False,0.0
3962,0.007646662648767233,False,0.0
3963,0.00993285421282053,False,0.0
3964,0.03704363480210304,False,0.0
3965,0.03497312217950821,False,0.0
3966,0.09583757817745209,False,0.0
3967,0.0469864122569561,False,0.0
3968,0.06458576768636703,False,0.0
3969,0.07015027850866318,False,0.0
3970,0.4008866846561432,True,0.7866525873541832
3971,0.04295322299003601,False,0.0
3972,0.02787730097770691,False,0.0
3973,0.15090028941631317,False,0.0
3974,0.04649035260081291,False,0.0
3975,0.017416896298527718,False,0.0
3976,0.010903406888246536,False,0.0
3977,0.010472050867974758,False,0.0
3978,0.015152272768318653,False,0.0
3979,0.006438863463699818,False,0.0
3980,0.867982804775238,True,1.0
3981,0.06322699785232544,False,0.0
3982,0.0069780596531927586,False,0.0
3983,0.0032683906611055136,False,0.0
3984,0.003548772307112813,False,0.0
3985,0.47220635414123535,False,0.0
3986,0.02388725057244301,False,0.0
3987,0.014850323088467121,False,0.0
3988,0.48384225368499756,True,0.9570498364046216
3989,0.038143593817949295,False,0.0
3990,0.017395328730344772,False,0.0
3991,0.015820875763893127,False,0.0
3992,0.020220715552568436,False,0.0
3993,0.02188143879175186,False,0.0
3994,0.016058122739195824,False,0.0
3995,0.021730465814471245,False,0.0
3996,0.13547927141189575,False,0.0
3997,0.013815066777169704,False,0.0
3998,0.008121155202388763,False,0.0
3999,0.005317335482686758,False,0.0
4000,0.8997219204902649,True,1.0
4001,0.01780511811375618,False,0.0
4002,0.004907546564936638,False,0.0
4003,0.1658683717250824,False,0.0
4004,0.0234774611890316,False,0.0
4005,0.933954119682312,True,1.0
4006,0.05820168927311897,False,0.0
4007,0.006848652847111225,False,0.0
4008,0.001068470417521894,False,0.0
4009,0.0036350437439978123,False,0.0
4010,0.0009821992134675384,False,0.0
4011,0.5300595760345459,False,0.0
4012,0.020522665232419968,False,0.0
4013,0.0069349235855042934,False,0.0
4014,0.5510133504867554,True,1.0
4015,0.07931660860776901,False,0.0
4016,0.06150157004594803,False,0.0
4017,0.06283877789974213,False,0.0
4018,0.1747111827135086,False,0.0
4019,0.029753703624010086,False,0.0
4020,0.015562060289084911,False,0.0
4021,0.015066000632941723,False,0.0
4022,0.01834431290626526,False,0.0
4023,0.014764050953090191,False,0.0
4024,0.012175909243524075,False,0.0
4025,0.012024934403598309,False,0.0
4026,0.014289557933807373,False,0.0
4027,0.015216975472867489,False,0.0
4028,0.017352191731333733,False,0.0
4029,0.10002173483371735,False,0.0
4030,0.9569408297538757,True,1.0
4031,0.06301131844520569,False,0.0
4032,0.009889718145132065,False,0.0
4033,0.5715954899787903,False,0.0
4034,0.03464960679411888,False,0.0
4035,0.013556252233684063,False,0.0
4036,0.012650402262806892,False,0.0
4037,0.01758943870663643,False,0.0
4038,0.001737073645927012,False,0.0
4039,0.0002704602957237512,False,0.0
4040,0.0,False,0.0
4041,0.8102090954780579,False,0.0
4042,0.12799523770809174,False,0.0
4043,0.11785834282636642,False,0.0
4044,0.8651424050331116,True,1.0
4045,0.09562189877033234,False,0.0
4046,0.089108407497406,False,0.0
4047,0.08574382960796356,False,0.0
4048,0.5923260450363159,False,0.0
4049,0.1286206990480423,False,0.0
4050,0.12066216766834259,False,0.0
4051,0.10897239297628403,False,0.0
4052,0.14529263973236084,False,0.0
4053,0.018926644697785378,False,0.0
4054,0.005554581992328167,False,0.0
4055,0.9564922451972961,True,1.0
4056,0.3795769512653351,False,0.0
4057,0.08481641113758087,False,0.0
4058,0.08902213722467422,False,0.0
4059,0.4987782835960388,False,0.0
4060,0.0793597400188446,False,0.0
4061,0.06855425238609314,False,0.0
4062,0.06238585337996483,False,0.0
4063,0.16159793734550476,False,0.19842416793107986
4064,0.045239415019750595,False,0.0
4065,0.031888920813798904,False,0.0
4066,0.02796357311308384,False,0.0
4067,0.04051605984568596,False,0.0
4068,0.01758943870663643,False,0.0
4069,0.014009176753461361,False,0.0
4070,0.012822945602238178,False,0.0
4071,0.01877566985785961,False,0.0
4072,0.18648722767829895,False,0.0
4073,0.31658750772476196,False,0.0
4074,0.45450150966644287,True,0.8637735247612
4075,0.11613291501998901,False,0.0
4076,0.09012209624052048,False,0.0
4077,0.09333571046590805,False,0.0
4078,0.1610371619462967,False,0.0
4079,0.022614747285842896,False,0.0
4080,0.9375887513160706,True,1.0
4081,0.07157375663518906,False,0.0
4082,0.01224061381071806,False,0.0
4083,0.007301577366888523,False,0.0
4084,0.013620954938232899,False,0.0
4085,0.033398669213056564,False,0.0
4086,0.0487765409052372,False,0.0
4087,0.025202888995409012,False,0.0
4088,0.031392861157655716,False,0.0
4089,0.11637016385793686,False,0.20265146158635616
4090,0.05427634343504906,False,0.0
4091,0.03997686132788658,False,0.0
4092,0.050200022757053375,False,0.0
4093,0.09007896482944489,False,0.0
4094,0.05076078325510025,False,0.0
4095,0.04219834879040718,False,0.0
4096,0.05168820172548294,False,0.0
4097,0.03216930106282234,False,0.0
4098,0.017956091091036797,False,0.0
4099,0.015044433064758778,False,0.0
4100,0.0192717295140028,False,0.0
4101,0.4570630192756653,False,0.0
4102,0.059344787150621414,False,0.0
4103,0.05095488950610161,False,0.0
4104,0.14087122678756714,False,0.0
4105,0.9494107961654663,True,1.0
4106,0.08831039816141129,False,0.0
4107,0.030832095071673393,False,0.0
4108,0.003872290253639221,False,0.0
4109,0.045239415019750595,False,0.0
4110,0.037302449345588684,False,0.0
4111,0.016899267211556435,False,0.0
4112,0.012068070471286774,False,0.0
4113,0.013275869190692902,False,0.0
4114,0.01633850298821926,False,0.0
4115,0.006654541939496994,False,0.0
4116,0.004476189613342285,False,0.0
4117,0.004174239933490753,False,0.0
4118,0.004907546564936638,False,0.0
4119,0.05833109840750694,False,0.0
4120,0.08682221919298172,False,0.0
4121,0.042133644223213196,False,0.0
4122,0.04513157531619072,False,0.0
4123,0.028955692425370216,False,0.0
4124,0.37129852175712585,True,0.7299349950626493
4125,0.04411788657307625,False,0.0
4126,0.023046104237437248,False,0.0
4127,0.0214932169765234,False,0.0
4128,0.03363591432571411,False,0.0
4129,0.008034883998334408,False,0.0
4130,0.0063310242258012295,False,0.0
4131,0.8873331546783447,True,1.0
4132,0.14434365928173065,False,0.0
4133,0.0842556431889534,False,0.0
4134,0.09739046543836594,False,0.0
4135,0.372518390417099,False,0.0
4136,0.03691422566771507,False,0.0
4137,0.022830424830317497,False,0.0
4138,0.022032415494322777,False,0.0
4139,0.4574502110481262,True,0.8529342822730541
4140,0.06508182734251022,False,0.0
4141,0.04172385856509209,False,0.0
4142,0.039286691695451736,False,0.0
4143,0.04836675152182579,False,0.0
4144,0.04308263212442398,False,0.0
4145,0.03447706252336502,False,0.0
4146,0.03098306991159916,False,0.0
4147,0.08214199542999268,False,0.0
4148,0.05255091190338135,False,0.0
4149,0.04286695271730423,False,0.0
4150,0.13821838796138763,False,0.18858922272920609
4151,0.05283129960298538,False,0.0
4152,0.06143686920404434,False,0.0
4153,0.04392377659678459,False,0.0
4154,0.10931748151779175,False,0.0
4155,0.06980518996715546,False,0.0
4156,0.9437087178230286,True,1.0
4157,0.07301879674196243,False,0.0
4158,0.01157200988382101,False,0.0
4159,0.005813396070152521,False,0.0
4160,0.013319005258381367,False,0.0
4161,0.0055761500261723995,False,0.0
4162,0.0024919481948018074,False,0.0
4163,0.001737073645927012,False,0.0
4164,0.0054251751862466335,False,0.0
4165,0.18465395271778107,False,0.3404268380254507
4166,0.07122866809368134,False,0.0
4167,0.06100551038980484,False,0.0
4168,0.06954637169837952,False,0.0
4169,0.11343693733215332,False,0.0
4170,0.043815936893224716,False,0.0
4171,0.04245716333389282,False,0.0
4172,0.047460902482271194,False,0.0
4173,0.020522665232419968,False,0.0
4174,0.014440533705055714,False,0.0
4175,0.0147209158167243,False,0.0
4176,0.01607969030737877,False,0.0
4177,0.12560120224952698,False,0.0
4178,0.06986989825963974,False,0.0
4179,0.06488772481679916,False,0.0
4180,0.17328770458698273,False,0.0
4181,0.8939977288246155,True,1.0
4182,0.08863391727209091,False,0.0
4183,0.0412277989089489,False,0.0
4184,0.09633363783359528,False,0.0
4185,0.05887029320001602,False,0.0
4186,0.0203716903924942,False,0.0
4187,0.007819205522537231,False,0.0
4188,0.010730864480137825,False,0.0
4189,0.024253902956843376,False,0.0
4190,0.09124362468719482,False,0.0
4191,0.08257334679365158,False,0.0
4192,0.14891605079174042,False,0.0
4193,0.11332910507917404,False,0.0
4194,0.09292592108249664,False,0.0
4195,0.1654370129108429,False,0.2790879048407078
4196,0.06691509485244751,False,0.0
4197,0.08438505232334137,False,0.0
4198,0.0842340812087059,False,0.0
4199,0.07588732242584229,False,0.0
4200,0.061027076095342636,False,0.0
4201,0.09085540473461151,False,0.0
4202,0.039437662810087204,False,0.0
4203,0.027532214298844337,False,0.0
4204,0.025893060490489006,False,0.0
4205,0.033614348620176315,False,0.0
4206,0.9168705344200134,True,1.0
4207,0.09417685121297836,False,0.0
4208,0.03212616965174675,False,0.0
4209,0.02867531217634678,False,0.0
4210,0.04513157531619072,False,0.0
4211,0.06581514328718185,False,0.0
4212,0.04278067871928215,False,0.0
4213,0.06631120294332504,False,0.0
4214,0.1645311564207077,False,0.27171168848872185
4215,0.026647934690117836,False,0.0
4216,0.009630904532968998,False,0.0
4217,0.012456292286515236,False,0.0
4218,0.014267990365624428,False,0.0
4219,0.0,False,0.0
4220,0.0,False,0.0
4221,0.0,False,0.0
4222,0.8972474932670593,True,1.0
4223,0.12836188077926636,False,0.0
4224,0.1326538771390915,False,0.0
4225,0.8576292991638184,False,0.0
4226,0.096678726375103,False,0.0
4227,0.09415528178215027,False,0.0
4228,0.08395369350910187,False,0.0
4229,0.999353289604187,True,1.0
4230,0.00909170787781477,False,0.0
4231,0.0,False,0.0
4232,0.0,False,0.0
4233,0.0011547418544068933,False,0.0
4234,0.0,False,0.0
4235,0.0,False,0.0
4236,0.0,False,0.0
4237,0.0,False,0.0
4238,0.0,False,0.0
4239,0.0,False,0.0
4240,0.8989747166633606,True,1.0
4241,0.0740756243467331,False,0.0
4242,0.07293252646923065,False,0.0
4243,0.06933069974184036,False,0.0
4244,0.6006933450698853,False,0.0
4245,0.04312576726078987,False,0.0
4246,0.026173442602157593,False,0.0
4247,0.02242063544690609,False,0.0
4248,0.03216930106282234,False,0.0
4249,0.0037213151808828115,False,0.0
4250,0.0009390634368173778,False,0.0
4251,0.0,False,0.0
4252,0.6116324067115784,False,0.0
4253,0.0239303857088089,False,0.0
4254,0.9472033381462097,True,1.0
4255,0.8227519392967224,False,0.0
4256,0.15012383460998535,False,0.0
4257,0.11800932139158249,False,0.0
4258,0.12156801670789719,False,0.0
4259,0.26861757040023804,False,0.3012164980173111
4260,0.0878143385052681,False,0.0
4261,0.06577200442552567,False,0.0
4262,0.06361521780490875,False,0.0
4263,0.07485206425189972,False,0.0
4264,0.1520433872938156,False,0.0
4265,0.12404831498861313,False,0.0
4266,0.23697753250598907,False,0.0
4267,0.1556236445903778,False,0.0
4268,0.05216269567608833,False,0.0
4269,0.039998430758714676,False,0.0
4270,0.86273193359375,True,1.0
4271,0.1848912090063095,False,0.0
4272,0.12663646042346954,False,0.0
4273,0.14212216436862946,False,0.0
4274,0.23505799472332,False,0.0
4275,0.06443479657173157,False,0.0
4276,0.03695736452937126,False,0.0
4277,0.038402408361434937,False,0.0
4278,0.039825886487960815,False,0.0
4279,0.9572100043296814,True,1.0
4280,0.06708764284849167,False,0.0
4281,0.009889718145132065,False,0.0
4282,0.005683989264070988,False,0.0
4283,0.007689798716455698,False,0.0
4284,0.3527105748653412,False,0.0
4285,0.7153671383857727,True,1.0
4286,0.04724522680044174,False,0.0
4287,0.007754501886665821,False,0.0
4288,0.003462501335889101,False,0.0
4289,0.39269736409187317,False,0.0
4290,0.20792566239833832,False,0.0
4291,0.22761709988117218,False,0.0
4292,0.041551314294338226,False,0.0
4293,0.01629536785185337,False,0.0
4294,0.01303862314671278,False,0.0
4295,0.017611006274819374,False,0.0
4296,0.08703789860010147,False,0.0
4297,0.04420415684580803,False,0.0
4298,0.04258657246828079,False,0.0
4299,0.04996277019381523,False,0.0
4300,0.17663072049617767,False,0.0
4301,0.07206981629133224,False,0.0
4302,0.06667785346508026,False,0.0
4303,0.06637590378522873,False,0.0
4304,0.9838523864746094,True,1.0
4305,0.06749742478132248,False,0.0
4306,0.010234803892672062,False,0.0
4307,0.005856531672179699,False,0.0
4308,0.011162221431732178,False,0.0
4309,0.08084792643785477,False,0.0
4310,0.06974048912525177,False,0.0
4311,0.12437182664871216,False,0.15804914385080338
4312,0.09288278222084045,False,0.0
4313,0.06292504817247391,False,0.0
4314,0.04534725472331047,False,0.0
4315,0.1344008892774582,False,0.0
4316,0.061479996889829636,False,0.0
4317,0.021320676431059837,False,0.0
4318,0.0170502420514822,False,0.0
4319,0.7320297956466675,True,1.0
4320,0.5374222993850708,False,0.0
4321,0.076685331761837,False,0.0
4322,0.035620156675577164,False,0.0
4323,0.030832095071673393,False,0.0
4324,0.04111995920538902,False,0.0
4325,0.016554182395339012,False,0.0
4326,0.008854462765157223,False,0.0
4327,0.008897597901523113,False,0.0
4328,0.012132774107158184,False,0.0
4329,0.9528942108154297,True,1.0
4330,0.17367592453956604,False,0.0
4331,0.04224148392677307,False,0.0
4332,0.03993372619152069,False,0.0
4333,0.045196279883384705,False,0.0
4334,0.28854626417160034,True,0.4972250759601593
4335,0.03514566645026207,False,0.0
4336,0.014203287661075592,False,0.0
4337,0.01318959891796112,False,0.0
4338,0.022269662469625473,False,0.0
4339,0.04991963878273964,False,0.0
4340,0.0545351579785347,False,0.0
4341,0.15174143016338348,False,0.0
4342,0.013017055578529835,False,0.0
4343,0.008164291270077229,False,0.0
4344,0.0063310242258012295,False,0.0
4345,0.6685720086097717,True,1.0
4346,0.03426138311624527,False,0.0
4347,0.01377193070948124,False,0.0
4348,0.009285818785429,False,0.0
4349,0.5558614730834961,False,0.0
4350,0.06288190931081772,False,0.0
4351,0.039071012288331985,False,0.0
4352,0.040537625551223755,False,0.0
4353,0.04806480184197426,False,0.0
4354,0.936551570892334,True,1.0
4355,0.06510340422391891,False,0.0
4356,0.22371332347393036,False,0.0
4357,0.018128635361790657,False,0.0
4358,0.0076682306826114655,False,0.0
4359,0.005166360642760992,False,0.0
4360,0.29074618220329285,True,0.5656814109534025
4361,0.023153943940997124,False,0.0
4362,0.01004069298505783,False,0.0
4363,0.009005437605082989,False,0.0
4364,0.2861737906932831,False,0.0
4365,0.04353555664420128,False,0.0
4366,0.020263850688934326,False,0.0
4367,0.020846182480454445,False,0.0
4368,0.029710566624999046,False,0.0
4369,0.019336434081196785,False,0.0
4370,0.010709295980632305,False,0.0
4371,0.010666160844266415,False,0.0
4372,0.011097517795860767,False,0.0
4373,0.009393657557666302,False,0.0
4374,0.007905476726591587,False,0.0
4375,0.7638855576515198,False,0.0
4376,0.25263580679893494,False,0.0
4377,0.02388725057244301,False,0.0
4378,0.0017155057284981012,False,0.0
4379,0.9982597827911377,True,1.0
4380,0.0655994638800621,False,0.0
4381,0.010234803892672062,False,0.0
4382,0.0034840689040720463,False,0.0
4383,0.0059428028762340546,False,0.0
4384,0.04239245876669884,False,0.0
4385,0.03777694329619408,False,0.0
4386,0.13683804869651794,False,0.0
4387,0.0540822334587574,False,0.0
4388,0.058460503816604614,False,0.0
4389,0.04357869178056717,False,0.0
4390,0.17037604749202728,False,0.30402033403515816
4391,0.06717391312122345,False,0.0
4392,0.08276746422052383,False,0.0
4393,0.06273093819618225,False,0.0
4394,0.14936897158622742,False,0.0
4395,0.08123614639043808,False,0.0
4396,0.04025724157691002,False,0.0
4397,0.021104997023940086,False,0.0
4398,0.02267945185303688,False,0.0
4399,0.028373360633850098,False,0.0
4400,0.018365880474448204,False,0.0
4401,0.3331701457500458,False,0.0
4402,0.02666950225830078,False,0.0
4403,0.00598593894392252,False,0.0
4404,0.912729799747467,True,1.0
4405,0.19192232191562653,False,0.0
4406,0.04482962563633919,False,0.0
4407,0.03497312217950821,False,0.0
4408,0.04907849058508873,False,0.0
4409,0.16159793734550476,False,0.2532496303319931
4410,0.03665541484951973,False,0.0
4411,0.028545904904603958,False,0.0
4412,0.03378688916563988,False,0.0
4413,0.015130705200135708,False,0.0
4414,0.01241315621882677,False,0.0
4415,0.011183788999915123,False,0.0
4416,0.2039787322282791,False,0.385589886456728
4417,0.020630504935979843,False,0.0
4418,0.013103327713906765,False,0.0
4419,0.010428914800286293,False,0.0
4420,0.2155390977859497,False,0.0
4421,0.0170502420514822,False,0.0
4422,0.006244753021746874,False,0.0
4423,0.005468310322612524,False,0.0
4424,0.33373090624809265,True,0.6176599338650703
4425,0.05237836763262749,False,0.0
4426,0.026691069826483727,False,0.0
4427,0.02490093931555748,False,0.0
4428,0.03111247718334198,False,0.0
4429,0.9245084524154663,True,1.0
4430,0.10260987281799316,False,0.0
4431,0.18829892575740814,False,0.0
4432,0.053758710622787476,False,0.0
4433,0.004885978531092405,False,0.0
4434,0.00014105321315582842,False,0.0
4435,0.6135691404342651,True,1.0
4436,0.04172385856509209,False,0.0
4437,0.023671573027968407,False,0.0
4438,0.02242063544690609,False,0.0
4439,0.32706642150878906,False,0.0
4440,0.0465334877371788,False,0.0
4441,0.028567472472786903,False,0.0
4442,0.026302848011255264,False,0.0
4443,0.03065955452620983,False,0.0
4444,0.022204957902431488,False,0.0
4445,0.020436394959688187,False,0.0
4446,0.288654088973999,True,0.5364353880286217
4447,0.02233436517417431,False,0.0
4448,0.006827084813266993,False,0.0
4449,0.0057271248660981655,False,0.0
4450,0.30713772773742676,False,0.0
4451,0.02587149105966091,False,0.0
4452,0.012693538330495358,False,0.0
4453,0.010515186004340649,False,0.0
4454,0.9902060627937317,True,1.0
4455,0.06881307065486908,False,0.0
4456,0.010795568116009235,False,0.0
4457,0.006654541939496994,False,0.0
4458,0.015454222448170185,False,0.0
4459,0.0024703803937882185,False,0.0
4460,0.0011331740533933043,False,0.0
4461,0.2435126155614853,False,0.0
4462,0.01692083477973938,False,0.0
4463,0.005813396070152521,False,0.0
4464,0.003764451015740633,False,0.0
4465,0.6304041147232056,True,1.0
4466,0.02658323012292385,False,0.0
4467,0.007883909158408642,False,0.0
4468,0.005748692434281111,False,0.0
4469,0.6157366037368774,False,0.0
4470,0.04474335536360741,False,0.0
4471,0.019250161945819855,False,0.0
4472,0.8992352485656738,True,1.0
4473,0.004217375535517931,False,0.0
4474,0.016618885099887848,False,0.0
4475,0.020479528233408928,False,0.0
4476,0.2071492224931717,False,0.0
4477,0.0,False,0.0
4478,0.0,False,0.0
4479,0.9314351081848145,True,1.0
4480,0.49659478664398193,False,0.0
4481,0.012391588650643826,False,0.0
4482,0.0013704203302040696,False,0.0
4483,0.0,False,0.0
4484,0.260723739862442,True,0.5140479844994843
4485,0.03887690231204033,False,0.0
4486,0.01948740892112255,False,0.0
4487,0.014440533705055714,False,0.0
4488,0.02787730097770691,False,0.0
4489,0.013966040685772896,False,0.0
4490,0.008832894265651703,False,0.0
4491,0.009458362124860287,False,0.0
4492,0.011075950227677822,False,0.0
4493,0.004174239933490753,False,0.0
4494,0.0036997476126998663,False,0.0
4495,0.6004140973091125,True,1.0
4496,0.036008380353450775,False,0.0
4497,0.01642477512359619,False,0.0
4498,0.013340572826564312,False,0.0
4499,0.5571892261505127,False,0.0
4500,0.0651465356349945,False,0.0
4501,0.03736715391278267,False,0.0
4502,0.03741028904914856,False,0.0
4503,0.04618839919567108,False,0.0
4504,0.9442896842956543,True,1.0
4505,0.0944788008928299,False,0.0
4506,0.11697405576705933,False,0.0
4507,0.025138184428215027,False,0.0
4508,0.029667431488633156,False,0.0
4509,0.09085540473461151,False,0.0
4510,0.1627841591835022,False,0.27529194951057434
4511,0.058093853294849396,False,0.0
4512,0.05889185890555382,False,0.0
4513,0.12087783962488174,False,0.0
4514,0.14824743568897247,False,0.0
4515,0.08485954254865646,False,0.0
4516,0.08934565633535385,False,0.0
4517,0.04761187732219696,False,0.0
4518,0.0256989486515522,False,0.0
4519,0.024965642020106316,False,0.0
4520,0.030745824798941612,False,0.0
4521,0.028071412816643715,False,0.0
4522,0.021946143358945847,False,0.0
4523,0.02086775004863739,False,0.0
4524,0.021557921543717384,False,0.0
4525,0.5051352381706238,False,0.0
4526,0.031543832272291183,False,0.0
4527,0.007538823876529932,False,0.0
4528,0.006870220880955458,False,0.0
4529,0.9542180299758911,True,1.0
4530,0.06449949741363525,False,0.0
4531,0.013017055578529835,False,0.0
4532,0.008034883998334408,False,0.0
4533,0.013966040685772896,False,0.0
4534,0.02804984524846077,False,0.0
4535,0.023995090276002884,False,0.0
4536,0.05151565745472908,False,0.0
4537,0.02973213605582714,False,0.0
4538,0.04765501245856285,False,0.0
4539,0.03833770379424095,False,0.0
4540,0.07010713964700699,False,0.0
4541,0.04916476458311081,False,0.0
4542,0.06180351972579956,False,0.0
4543,0.04953141510486603,False,0.0
4544,0.08127927780151367,False,0.14066546969115734
4545,0.07058163732290268,False,0.0
4546,0.021471649408340454,False,0.0
4547,0.01383663434535265,False,0.0
4548,0.010946542955935001,False,0.0
4549,0.015001296997070312,False,0.0
4550,0.044096317142248154,False,0.0
4551,0.044268861413002014,False,0.0
4552,0.03564172610640526,False,0.0
4553,0.042715977877378464,False,0.0
4554,0.8563632369041443,True,1.0
4555,0.1987377554178238,False,0.0
4556,0.08792217820882797,False,0.0
4557,0.06434852629899979,False,0.0
4558,0.07987736910581589,False,0.0
4559,0.11345850676298141,False,0.0
4560,0.07845389097929001,False,0.0
4561,0.07222078740596771,False,0.0
4562,0.08813785761594772,False,0.0
4563,0.04797853156924248,False,0.0
4564,0.03980432078242302,False,0.0
4565,0.03527507185935974,False,0.0
4566,0.06262309849262238,False,0.0
4567,0.09096324443817139,False,0.0
4568,0.07862643897533417,False,0.0
4569,0.07603829354047775,False,0.0
4570,0.1370537281036377,False,0.2035573124885559
4571,0.06616022437810898,False,0.0
4572,0.05192544683814049,False,0.0
4573,0.05121370777487755,False,0.0
4574,0.08669281005859375,False,0.0
4575,0.02712242677807808,False,0.0
4576,0.01692083477973938,False,0.0
4577,0.017287489026784897,False,0.0
4578,0.021557921543717384,False,0.0
4579,0.9172375202178955,True,1.0
4580,0.06527594476938248,False,0.0
4581,0.007603527046740055,False,0.0
4582,0.0025997874327003956,False,0.0
4583,0.003656611545011401,False,0.0
4584,0.05505278334021568,False,0.0
4585,0.11658584326505661,False,0.0
4586,0.030918365344405174,False,0.0
4587,0.05097646266222,False,0.0
4588,0.0067839487455785275,False,0.0
4589,0.9753949642181396,True,1.0
4590,0.11102133989334106,False,0.0
4591,0.08753395825624466,False,0.0
4592,0.09726105630397797,False,0.0
4593,0.10138051956892014,False,0.0
4594,0.032363411039114,False,0.0
4595,0.023261783644557,False,0.0
4596,0.8302025198936462,False,0.0
4597,0.07920876890420914,False,0.0
4598,0.06458576768636703,False,0.0
4599,0.05977613851428032,False,0.0
4600,0.9996417164802551,True,1.0
4601,0.08347920328378677,False,0.0
4602,0.0682738721370697,False,0.0
4603,0.0669798031449318,False,0.0
4604,0.9995987415313721,False,0.0
4605,0.046662893146276474,False,0.0
4606,0.006719246041029692,False,0.0
4607,0.0019311842042952776,False,0.0
4608,0.010515186004340649,False,0.0
4609,0.0,False,0.0
4610,0.0,False,0.0
4611,0.8662272095680237,True,1.0
4612,0.04539038985967636,False,0.0
4613,0.018150202929973602,False,0.0
4614,0.011162221431732178,False,0.0
4615,0.5969940423965454,False,0.0
4616,0.15676674246788025,False,0.0
4617,0.15159045159816742,False,0.0
4618,0.14755725860595703,False,0.0
4619,0.18637938797473907,False,0.0
4620,0.059301652014255524,False,0.0
4621,0.04331987723708153,False,0.0
4622,0.03842397779226303,False,0.0
4623,0.048970650881528854,False,0.0
4624,0.10487450659275055,False,0.0
4625,0.08522620052099228,False,0.0
4626,0.23760299384593964,False,0.0
4627,0.11949750036001205,False,0.0
4628,0.0208246149122715,False,0.0
4629,0.9358636140823364,True,1.0
4630,0.29383036494255066,False,0.0
4631,0.11283303797245026,False,0.0
4632,0.07547753304243088,False,0.0
4633,0.07944601029157639,False,0.0
4634,0.20147685706615448,False,0.2519986480474472
4635,0.048431456089019775,False,0.0
4636,0.025547975674271584,False,0.0
4637,0.02645382285118103,False,0.0
4638,0.03199676051735878,False,0.0
4639,0.06965421885251999,False,0.0
4640,0.05207642540335655,False,0.0
4641,0.10051780194044113,False,0.0
4642,0.06717391312122345,False,0.0
4643,0.17969335615634918,False,0.0
4644,0.15445898473262787,False,0.0
4645,0.494053453207016,False,0.0
4646,0.04081800580024719,False,0.0
4647,0.01780511811375618,False,0.0
4648,0.012628833763301373,False,0.0
4649,0.6372159719467163,True,1.0
4650,0.05723113566637039,False,0.0
4651,0.02943018637597561,False,0.0
4652,0.03178108111023903,False,0.0
4653,0.03167324140667915,False,0.0
4654,0.9502654075622559,True,1.0
4655,0.06657001376152039,False,0.0
4656,0.262492299079895,False,0.0
4657,0.009630904532968998,False,0.0
4658,0.0007449528202414513,False,0.0
4659,0.0,False,0.0
4660,0.6386958360671997,False,0.0
4661,0.007495687808841467,False,0.0
4662,0.0,False,0.0
4663,0.0,False,0.0
4664,0.8990817070007324,True,1.0
4665,0.00486441096290946,False,0.0
4666,0.0,False,0.0
4667,0.0,False,0.0
4668,0.010385778732597828,False,0.0
4669,0.0,False,0.0
4670,0.0,False,0.0
4671,0.0,False,0.0
4672,0.0,False,0.0
4673,0.0,False,0.0
4674,0.0,False,0.0
4675,0.9989842772483826,True,1.0
4676,0.10435687750577927,False,0.0
4677,0.09840414673089981,False,0.0
4678,0.10047465562820435,False,0.0
4679,0.9988866448402405,False,0.0
4680,0.035167232155799866,False,0.0
4681,0.00033516381517983973,False,0.0
4682,0.0069349235855042934,False,0.0
4683,0.009285818785429,False,0.0
4684,0.0,False,0.0
4685,0.0,False,0.0
4686,0.7632369995117188,False,0.0
4687,0.026108739897608757,False,0.0
4688,0.0058780997060239315,False,0.0
4689,0.0025135159958153963,False,0.0
4690,0.8438082933425903,True,1.0
4691,0.06186822056770325,False,0.0
4692,0.04605899378657341,False,0.0
4693,0.04325517639517784,False,0.0
4694,0.8076884746551514,False,0.0
4695,0.04577861353754997,False,0.0
4696,0.026928314939141273,False,0.0
4697,0.02645382285118103,False,0.0
4698,0.03128502145409584,False,0.0
4699,0.009717175737023354,False,0.0
4700,0.004346782807260752,False,0.0
4701,0.8797615766525269,False,0.0
4702,0.02041482739150524,False,0.0
4703,0.006158481817692518,False,0.0
4704,0.9548008441925049,False,0.0
4705,0.999081552028656,True,1.0
4706,0.10826065391302109,False,0.0
4707,0.11369575560092926,False,0.0
4708,0.08416937291622162,False,0.0
4709,0.19371245801448822,False,0.0
4710,0.06376619637012482,False,0.0
4711,0.0563037171959877,False,0.0
4712,0.05339206010103226,False,0.0
4713,0.07045222818851471,False,0.0
4714,0.022528475150465965,False,0.0
4715,0.018905077129602432,False,0.0
4716,0.014440533705055714,False,0.0
4717,0.024706829339265823,False,0.0
4718,0.008962301537394524,False,0.0
4719,0.007776069920510054,False,0.0
4720,0.733656108379364,True,1.0
4721,0.04849616065621376,False,0.0
4722,0.028243953362107277,False,0.0
4723,0.023585300892591476,False,0.0
4724,0.7008699178695679,False,0.0
4725,0.07521872222423553,False,0.0
4726,0.04840989038348198,False,0.0
4727,0.04323360696434975,False,0.0
4728,0.05811541900038719,False,0.0
4729,0.9462326169013977,True,1.0
4730,0.13409893214702606,False,0.0
4731,0.17982275784015656,False,0.0
4732,0.06279563903808594,False,0.0
4733,0.06549161672592163,False,0.0
4734,0.019961901009082794,False,0.0
4735,0.7958554029464722,True,1.0
4736,0.05729584023356438,False,0.0
4737,0.02600090019404888,False,0.0
4738,0.022744154557585716,False,0.0
4739,0.4487953186035156,False,0.0
4740,0.08490268141031265,False,0.0
4741,0.04633937403559685,False,0.0
4742,0.04929416999220848,False,0.0
4743,0.05252934619784355,False,0.0
4744,0.15310019254684448,False,0.0
4745,0.11313498020172119,False,0.0
4746,0.24271459877490997,False,0.19255772233009338
4747,0.14643573760986328,False,0.0
4748,0.1862499713897705,False,0.0
4749,0.1605842411518097,False,0.0
4750,0.37408432364463806,False,0.0
4751,0.07907935976982117,False,0.0
4752,0.04858243092894554,False,0.0
4753,0.1551922857761383,False,0.0
4754,0.9553778767585754,True,1.0
4755,0.06924442946910858,False,0.0
4756,0.011873959563672543,False,0.0
4757,0.008078019134700298,False,0.0
4758,0.013664091005921364,False,0.0
4759,0.008121155202388763,False,0.0
4760,0.003138983389362693,False,0.0
4761,0.004282079171389341,False,0.0
4762,0.006050642114132643,False,0.0
4763,0.001737073645927012,False,0.0
4764,0.0012410132912918925,False,0.0
4765,0.7323559522628784,True,1.0
4766,0.2195722907781601,False,0.0
4767,0.03892003744840622,False,0.0
4768,0.4821607768535614,False,0.0
4769,0.05723113566637039,False,0.0
4770,0.023542163893580437,False,0.0
4771,0.01935800164937973,False,0.0
4772,0.02511661686003208,False,0.0
4773,0.056239016354084015,False,0.0
4774,0.04907849058508873,False,0.0
4775,0.04273754358291626,False,0.0
4776,0.16224496066570282,False,0.0
4777,0.012456292286515236,False,0.0
4778,0.0036350437439978123,False,0.0
4779,0.9393594861030579,True,1.0
4780,0.30679264664649963,False,0.0
4781,0.0962257981300354,False,0.0
4782,0.06715234369039536,False,0.0
4783,0.17365436255931854,False,0.0
4784,0.08414780348539352,False,0.0
4785,0.043643396347761154,False,0.0
4786,0.02694988250732422,False,0.0
4787,0.030832095071673393,False,0.0
4788,0.03266536444425583,False,0.0
4789,0.01612282544374466,False,0.0
4790,0.008703486993908882,False,0.0
4791,0.012499427422881126,False,0.0
4792,0.011787689290940762,False,0.0
4793,0.10090601444244385,False,0.0
4794,0.08283216506242752,False,0.0
4795,0.2302267998456955,False,0.0
4796,0.11606820672750473,False,0.0
4797,0.03689265996217728,False,0.0
4798,0.7893820405006409,True,1.0
4799,0.06305445730686188,False,0.0
4800,0.017783550545573235,False,0.0
4801,0.013103327713906765,False,0.0
4802,0.02086775004863739,False,0.0
4803,0.0,False,0.0
4804,0.9458480477333069,True,1.0
4805,0.09083383530378342,False,0.0
4806,0.05101959779858589,False,0.0
4807,0.025246024131774902,False,0.0
4808,0.0263675507158041,False,0.0
4809,0.010019125416874886,False,0.0
4810,0.23143461346626282,True,0.44283097609877586
4811,0.09158871322870255,False,0.0
4812,0.0567350760102272,False,0.0
4813,0.110007643699646,False,0.0
4814,0.07748334109783173,False,0.0
4815,0.03307515010237694,False,0.0
4816,0.019379569217562675,False,0.0
4817,0.019293298944830894,False,0.0
4818,0.02250690758228302,False,0.0
4819,0.013232733123004436,False,0.0
4820,0.00846624094992876,False,0.0
4821,0.00909170787781477,False,0.0
4822,0.009954421781003475,False,0.0
4823,0.12588158249855042,False,0.0
4824,0.10144521296024323,False,0.0
4825,0.16241751611232758,False,0.0
4826,0.1290951818227768,False,0.0
4827,0.045023735612630844,False,0.0
4828,0.06212703511118889,False,0.0
4829,0.9359840154647827,True,1.0
4830,0.06592297554016113,False,0.0
4831,0.008056451566517353,False,0.0
4832,0.00561928516253829,False,0.0
4833,0.009738743305206299,False,0.0
4834,0.09279651194810867,False,0.0
4835,0.08136554807424545,False,0.0
4836,0.10362356901168823,False,0.1847501527518034
4837,0.09432782977819443,False,0.0
4838,0.056778211146593094,False,0.0
4839,0.04812950640916824,False,0.0
4840,0.06995616853237152,False,0.0
4841,0.05578609183430672,False,0.0
4842,0.08132241666316986,False,0.0
4843,0.08863391727209091,False,0.0
4844,0.05826639011502266,False,0.0
4845,0.06260152906179428,False,0.0
4846,0.024124495685100555,False,0.0
4847,0.011248492635786533,False,0.0
4848,0.011334763839840889,False,0.0
4849,0.012175909243524075,False,0.0
4850,0.07472265511751175,False,0.0
4851,0.09523367136716843,False,0.0
4852,0.0523352324962616,False,0.0
4853,0.03523193672299385,False,0.0
4854,0.9541129469871521,True,1.0
4855,0.8010298609733582,False,0.0
4856,0.12840501964092255,False,0.0
4857,0.09538464993238449,False,0.0
4858,0.8953728675842285,False,0.0
4859,0.08058910816907883,False,0.0
4860,0.08078321814537048,False,0.0
4861,0.07347171753644943,False,0.0
4862,0.09240829199552536,False,0.0
4863,0.09458664059638977,False,0.0
4864,0.09506113827228546,False,0.0
4865,0.08852607756853104,False,0.0
4866,0.962888777256012,False,0.0
4867,0.12036021053791046,False,0.0
4868,0.11537804454565048,False,0.0
4869,0.10836849361658096,False,0.0
4870,0.9976688027381897,True,1.0
4871,0.1357596516609192,False,0.0
4872,0.13362443447113037,False,0.0
4873,0.6384198069572449,False,0.0
4874,0.12322874367237091,False,0.0
4875,0.09836101531982422,False,0.0
4876,0.09503956884145737,False,0.0
4877,0.11917398124933243,False,0.0
4878,0.010989679023623466,False,0.0
4879,0.9511328339576721,True,1.0
4880,0.0620623342692852,False,0.0
4881,0.006352592259645462,False,0.0
4882,0.0024488125927746296,False,0.0
4883,0.005101657472550869,False,0.0
4884,0.0,False,0.0
4885,0.8751077055931091,False,0.0
4886,0.07401091605424881,False,0.0
4887,0.04623153433203697,False,0.0
4888,0.8807481527328491,True,1.0
4889,0.06378775835037231,False,0.0
4890,0.02649695985019207,False,0.0
4891,0.028114547953009605,False,0.0
4892,0.029839975759387016,False,0.0
4893,0.13722626864910126,False,0.0
4894,0.10608229786157608,False,0.0
4895,0.12698154151439667,False,0.0
4896,0.2510829269886017,False,0.0
4897,0.036375030875205994,False,0.0
4898,0.021234404295682907,False,0.0
4899,0.018840372562408447,False,0.0
4900,0.9996882677078247,True,1.0
4901,0.07640495151281357,False,0.0
4902,0.05578609183430672,False,0.0
4903,0.16067050397396088,False,0.0
4904,0.9838136434555054,False,0.0
4905,0.07329918444156647,False,0.0
4906,0.017503168433904648,False,0.0
4907,0.012175909243524075,False,0.0
4908,0.014526805840432644,False,0.0
4909,0.0034840689040720463,False,0.0
4910,0.0017586414469406009,False,0.0
4911,0.8661075830459595,True,1.0
4912,0.0372161790728569,False,0.0
4913,0.01625223271548748,False,0.0
4914,0.011226925067603588,False,0.0
4915,0.4621889591217041,False,0.0
4916,0.10830378532409668,False,0.0
4917,0.08800844848155975,False,0.0
4918,0.18659506738185883,False,0.19717323780059814
4919,0.12076999992132187,False,0.0
4920,0.033830028027296066,False,0.0
4921,0.028524337336421013,False,0.0
4922,0.026820478960871696,False,0.0
4923,0.028869420289993286,False,0.0
4924,0.007495687808841467,False,0.0
4925,0.00039986736373975873,False,0.0
4926,0.8712424635887146,False,0.0
4927,0.03014192543923855,False,0.0
4928,0.010666160844266415,False,0.0
4929,0.9629193544387817,True,1.0
4930,0.36127302050590515,False,0.0
4931,0.037561263889074326,False,0.0
4932,0.025375431403517723,False,0.0
4933,0.863379716873169,False,0.0
4934,0.0758010521531105,False,0.0
4935,0.06823074072599411,False,0.0
4936,0.06042317673563957,False,0.0
4937,0.08304784446954727,False,0.0
4938,0.016618885099887848,False,0.0
4939,0.009674040600657463,False,0.0
4940,0.0034409333020448685,False,0.0
4941,0.5870667695999146,True,1.0
4942,0.026518527418375015,False,0.0
4943,0.007387848105281591,False,0.0
4944,0.004691868554800749,False,0.0
4945,0.6044504046440125,False,0.0
4946,0.036633845418691635,False,0.0
4947,0.01454837154597044,False,0.0
4948,0.8651972413063049,True,1.0
4949,0.055721383541822433,False,0.0
4950,0.0168345645070076,False,0.0
4951,0.008595648221671581,False,0.0
4952,0.01575617305934429,False,0.0
4953,0.0,False,0.0
4954,0.950089156627655,True,1.0
4955,0.04454924538731575,False,0.0
4956,0.9843260645866394,False,0.0
4957,0.012154342606663704,False,0.0
4958,0.005187928676605225,False,0.0
4959,0.00132728461176157,False,0.0
4960,0.9997557997703552,True,1.0
4961,0.025936195626854897,False,0.0
4962,0.013469981029629707,False,0.0
4963,0.5958232879638672,False,0.0
4964,0.06068199500441551,False,0.0
4965,0.039286691695451736,False,0.0
4966,0.035124097019433975,False,0.0
4967,0.05669194087386131,False,0.0
4968,0.014764050953090191,False,0.0
4969,0.010903406888246536,False,0.0
4970,0.00999755784869194,False,0.0
4971,0.019552111625671387,False,0.0
4972,0.0029017373453825712,False,0.0
4973,0.0010253348154947162,False,0.0
4974,9.791753109311685e-05,False,0.0
4975,0.8880510330200195,False,0.0
4976,0.04651191830635071,False,0.0
4977,0.025095049291849136,False,0.0
4978,0.5668792724609375,False,0.0
4979,0.9477984309196472,True,1.0
4980,0.07345015555620193,False,0.0
4981,0.015842443332076073,False,0.0
4982,0.014138584025204182,False,0.0
4983,0.015087569132447243,False,0.0
4984,0.000507706543430686,False,0.0
4985,0.0,False,0.0
4986,0.4776530861854553,False,0.0
4987,0.021255971863865852,False,0.0
4988,0.002168430481106043,False,0.0
4989,0.0,False,0.0
4990,0.9134937524795532,True,1.0
4991,0.13198529183864594,False,0.0
4992,0.1299578994512558,False,0.0
4993,0.8955750465393066,False,0.0
4994,0.10722539573907852,False,0.0
4995,0.0962473675608635,False,0.0
4996,0.09247299283742905,False,0.0
4997,0.11768579483032227,False,0.0
4998,0.07793626934289932,False,0.0
4999,0.08011461794376373,False,0.0
5000,0.0762755423784256,False,0.0
5001,0.9023479223251343,False,0.0
5002,0.04487276077270508,False,0.0
5003,0.022399069741368294,False,0.0
5004,0.9688276052474976,True,1.0
5005,0.053715575486421585,False,0.0
5006,0.0039369938895106316,False,0.0
5007,0.0,False,0.0
5008,0.46415162086486816,False,0.0
5009,0.03941609710454941,False,0.0
5010,0.021428516134619713,False,0.0
5011,0.018991349264979362,False,0.0
5012,0.028912557289004326,False,0.0
5013,0.04901378974318504,False,0.0
5014,0.04580017924308777,False,0.0
5015,0.04810793697834015,False,0.0
5016,0.07912249863147736,False,0.0
5017,0.017201216891407967,False,0.0
5018,0.01081713568419218,False,0.0
5019,0.44163480401039124,True,0.8616353366523981
5020,0.039394527673721313,False,0.0
5021,0.017481600865721703,False,0.0
5022,0.015173840336501598,False,0.0
5023,0.4333096146583557,False,0.0
5024,0.059927117079496384,False,0.0
5025,0.03307515010237694,False,0.0
5026,0.030702689662575722,False,0.0
5027,0.04618839919567108,False,0.0
5028,0.008185858838260174,False,0.0
5029,0.9477830529212952,True,1.0
5030,0.06624649465084076,False,0.0
5031,0.23046405613422394,False,0.0
5032,0.01478561945259571,False,0.0
5033,0.004217375535517931,False,0.0
5034,0.6229987740516663,True,1.0
5035,0.17932669818401337,False,0.0
5036,0.1344008892774582,False,0.0
5037,0.14688865840435028,False,0.0
5038,0.2808465361595154,False,0.0
5039,0.09661401808261871,False,0.0
5040,0.05953889712691307,False,0.0
5041,0.06542691588401794,False,0.0
5042,0.0678425133228302,False,0.0
5043,0.13826152682304382,False,0.0
5044,0.09980606287717819,False,0.0
5045,0.11800932139158249,False,0.0
5046,0.22384272515773773,False,0.0
5047,0.19761623442173004,False,0.0
5048,0.1662781536579132,False,0.0
5049,0.38029584288597107,True,0.641513891518116
5050,0.06982675939798355,False,0.0
5051,0.0527450256049633,False,0.0
5052,0.05030785873532295,False,0.0
5053,0.4090457856655121,False,0.0
5054,0.9474576115608215,True,1.0
5055,0.07720296084880829,False,0.0
5056,0.01321116741746664,False,0.0
5057,0.009674040600657463,False,0.0
5058,0.01674829237163067,False,0.0
5059,0.04539038985967636,False,0.0
5060,0.03792791813611984,False,0.0
5061,0.19526533782482147,False,0.0
5062,0.05537630245089531,False,0.0
5063,0.013599387370049953,False,0.0
5064,0.4430151581764221,True,0.8666822351515293
5065,0.1419496238231659,False,0.0
5066,0.10004331171512604,False,0.0
5067,0.11240167915821075,False,0.0
5068,0.2656196355819702,False,0.0
5069,0.06883463263511658,False,0.0
5070,0.0394592322409153,False,0.0
5071,0.043729666620492935,False,0.0
5072,0.04724522680044174,False,0.0
5073,0.08964760601520538,False,0.0
5074,0.07084044069051743,False,0.0
5075,0.07810880988836288,False,0.0
5076,0.14268293976783752,False,0.0
5077,0.01998346857726574,False,0.0
5078,0.008595648221671581,False,0.0
5079,0.9662977457046509,True,1.0
5080,0.05856833979487419,False,0.0
5081,0.004713436122983694,False,0.0
5082,0.0,False,0.0
5083,0.49268588423728943,False,0.0
5084,0.08742611855268478,False,0.0
5085,0.046080559492111206,False,0.0
5086,0.047547172755002975,False,0.0
5087,0.05968986824154854,False,0.0
5088,0.02401665784418583,False,0.0
5089,0.013707227073609829,False,0.0
5090,0.01541108638048172,False,0.0
5091,0.015605196356773376,False,0.0
5092,0.004195807967334986,False,0.0
5093,0.003095847787335515,False,0.0
5094,0.49078789353370667,False,0.0
5095,0.04265127703547478,False,0.0
5096,0.01771884597837925,False,0.0
5097,0.01299548801034689,False,0.0
5098,0.5563541650772095,True,1.0
5099,0.06434852629899979,False,0.0
5100,0.02703615464270115,False,0.0
5101,0.025267591699957848,False,0.0
5102,0.03022819571197033,False,0.0
5103,0.006374160293489695,False,0.0
5104,0.9482240080833435,True,1.0
5105,0.06135059520602226,False,0.0
5106,0.5164752006530762,False,0.0
5107,0.03283790498971939,False,0.0
5108,0.8999277949333191,False,0.0
5109,0.0,False,0.0
5110,0.7140074968338013,False,0.0
5111,0.04030038043856621,False,0.0
5112,0.023046104237437248,False,0.0
5113,0.018991349264979362,False,0.0
5114,0.790245532989502,True,1.0
5115,0.04819421097636223,False,0.0
5116,0.027100859209895134,False,0.0
5117,0.02237750217318535,False,0.0
5118,0.03948080167174339,False,0.0
5119,0.00827213004231453,False,0.0
5120,0.0057271248660981655,False,0.0
5121,0.005252632312476635,False,0.0
5122,0.39865007996559143,False,0.0
5123,0.025008777156472206,False,0.0
5124,0.008703486993908882,False,0.0
5125,0.7687585353851318,True,1.0
5126,0.109554722905159,False,0.0
5127,0.08809471875429153,False,0.0
5128,0.0895613357424736,False,0.0
5129,0.2883521318435669,False,0.0
5130,0.936536967754364,True,1.0
5131,0.07142277806997299,False,0.0
5132,0.016230663284659386,False,0.0
5133,0.009911286644637585,False,0.0
5134,0.014958160929381847,False,0.0
5135,0.0403435155749321,False,0.0
5136,0.03492998704314232,False,0.0
5137,0.13468126952648163,False,0.15446890890598297
5138,0.05744681507349014,False,0.0
5139,0.05781346559524536,False,0.0
5140,0.14307115972042084,False,0.0
5141,0.037388723343610764,False,0.0
5142,0.039739616215229034,False,0.0
5143,0.01165828201919794,False,0.0
5144,0.24297340214252472,True,0.46612423099577427
5145,0.036504440009593964,False,0.0
5146,0.012650402262806892,False,0.0
5147,0.01221904531121254,False,0.0
5148,0.018861940130591393,False,0.0
5149,0.04295322299003601,False,0.0
5150,0.03093993477523327,False,0.0
5151,0.03475744649767876,False,0.0
5152,0.16509191691875458,False,0.0
5153,0.014613076113164425,False,0.0
5154,0.003980129491537809,False,0.0
5155,0.999427080154419,True,1.0
5156,0.10342945903539658,False,0.0
5157,0.05196858197450638,False,0.0
5158,0.05436261370778084,False,0.0
5159,0.19533003866672516,False,0.0
5160,0.026820478960871696,False,0.0
5161,0.009630904532968998,False,0.0
5162,0.011119085364043713,False,0.0
5163,0.011205356568098068,False,0.0
5164,0.00035673167440108955,False,0.0
5165,0.0,False,0.0
5166,0.0,False,0.0
5167,0.31332769989967346,True,0.6221459959633648
5168,0.014893457293510437,False,0.0
5169,0.002254701917991042,False,0.0
5170,0.46333202719688416,False,0.0
5171,0.023865683004260063,False,0.0
5172,0.005662421230226755,False,0.0
5173,0.0033330940641462803,False,0.0
5174,0.6646956205368042,True,1.0
5175,0.04019254073500633,False,0.0
5176,0.01534638274461031,False,0.0
5177,0.01469934731721878,False,0.0
5178,0.02587149105966091,False,0.0
5179,0.0003782995045185089,False,0.0
5180,0.921049177646637,True,1.0
5181,0.0682954415678978,False,0.0
5182,0.01456994004547596,False,0.0
5183,0.005187928676605225,False,0.0
5184,0.010968110524117947,False,0.0
5185,0.7145885825157166,True,1.0
5186,0.046080559492111206,False,0.0
5187,0.022010846063494682,False,0.0
5188,0.018107067793607712,False,0.0
5189,0.3193451464176178,False,0.0
5190,0.04418259114027023,False,0.0
5191,0.02330491878092289,False,0.0
5192,0.02352059632539749,False,0.0
5193,0.03048701025545597,False,0.0
5194,0.011981799267232418,False,0.0
5195,0.009587768465280533,False,0.0
5196,0.007452552206814289,False,0.0
5197,0.28406015038490295,False,0.0
5198,0.023110806941986084,False,0.0
5199,0.010364211164414883,False,0.0
5200,0.35678690671920776,True,0.6806379891932011
5201,0.03249282017350197,False,0.0
5202,0.019379569217562675,False,0.0
5203,0.01646791212260723,False,0.0
5204,0.4102535843849182,False,0.0
5205,0.9484278559684753,True,1.0
5206,0.08054597675800323,False,0.0
5207,0.021989278495311737,False,0.0
5208,0.02024228312075138,False,0.0
5209,0.02498721145093441,False,0.0
5210,0.017158081755042076,False,0.0
5211,0.009242682717740536,False,0.0
5212,0.010579889640212059,False,0.0
5213,0.012564131990075111,False,0.0
5214,0.008552512153983116,False,0.0
5215,0.6902611255645752,False,0.0
5216,0.043729666620492935,False,0.0
5217,0.019207026809453964,False,0.0
5218,0.01562676392495632,False,0.0
5219,0.6961367726325989,True,1.0
5220,0.05285286530852318,False,0.0
5221,0.021601056680083275,False,0.0
5222,0.021730465814471245,False,0.0
5223,0.026259711012244225,False,0.0
5224,0.010601457208395004,False,0.0
5225,0.008121155202388763,False,0.0
5226,0.008034883998334408,False,0.0
5227,0.25975319743156433,False,0.0
5228,0.021946143358945847,False,0.0
5229,0.010364211164414883,False,0.0
5230,0.9833036065101624,True,1.0
5231,0.04886281117796898,False,0.0
5232,0.0042389435693621635,False,0.0
5233,0.0,False,0.0
5234,0.374019593000412,False,0.0
5235,0.026647934690117836,False,0.0
5236,0.00911327637732029,False,0.0
5237,0.006136913783848286,False,0.0
5238,0.017567871138453484,False,0.0
5239,0.00029202812584117055,False,0.0
5240,0.0,False,0.0
5241,0.0,False,0.0
5242,0.24547527730464935,True,0.48234326113015413
5243,0.012003366835415363,False,0.0
5244,0.004303646739572287,False,0.0
5245,0.6700262427330017,False,0.0
5246,0.03868279233574867,False,0.0
5247,0.017783550545573235,False,0.0
5248,0.014354261569678783,False,0.0
5249,0.7568994164466858,True,1.0
5250,0.06583670526742935,False,0.0
5251,0.030120357871055603,False,0.0
5252,0.02947332337498665,False,0.0
5253,0.0376691035926342,False,0.0
5254,0.007991748861968517,False,0.0
5255,0.9435863494873047,True,1.0
5256,0.21122553944587708,False,0.0
5257,0.04252186790108681,False,0.0
5258,0.04267284274101257,False,0.0
5259,0.046209968626499176,False,0.0
5260,0.27036458253860474,True,0.45568542927503586
5261,0.01651104725897312,False,0.0
5262,0.002535084029659629,False,0.0
5263,0.0020390234421938658,False,0.0
5264,0.2553749084472656,False,0.0
5265,0.026777341961860657,False,0.0
5266,0.007711365818977356,False,0.0
5267,0.00829369854182005,False,0.0
5268,0.010881839320063591,False,0.0
5269,0.010385778732597828,False,0.0
5270,0.005964370910078287,False,0.0
5271,0.006244753021746874,False,0.0
5272,0.00717217056080699,False,0.0
5273,0.004368350841104984,False,0.0
5274,0.0027507622726261616,False,0.0
5275,0.3462833762168884,True,0.6851241220720112
5276,0.02242063544690609,False,0.0
5277,0.005511446390300989,False,0.0
5278,0.0037213151808828115,False,0.0
5279,0.7183869481086731,False,0.0
5280,0.9339785575866699,True,1.0
5281,0.062493689358234406,False,0.0
5282,0.007258441299200058,False,0.0
5283,0.0018017770489677787,False,0.0
5284,0.003397797467187047,False,0.0
5285,0.0,False,0.0
5286,0.2004200518131256,False,0.0
5287,0.011636714451014996,False,0.0
5288,0.0010253348154947162,False,0.0
5289,0.0005724101210944355,False,0.0
5290,0.2957930564880371,True,0.5722380317747593
5291,0.0598624125123024,False,0.0
5292,0.03922198712825775,False,0.0
5293,0.04429043084383011,False,0.0
5294,0.19673195481300354,False,0.0
5295,0.06948167085647583,False,0.0
5296,0.05194701626896858,False,0.0
5297,0.054513584822416306,False,0.0
5298,0.06415440887212753,False,0.0
5299,0.04853929579257965,False,0.0
5300,0.03585740551352501,False,0.0
5301,0.11369575560092926,False,0.0
5302,0.04413945600390434,False,0.0
5303,0.012564131990075111,False,0.0
5304,0.009674040600657463,False,0.0
5305,0.9992138147354126,True,1.0
5306,0.04901378974318504,False,0.0
5307,0.0052742003463208675,False,0.0
5308,0.0,False,0.0
5309,0.23676185309886932,False,0.0
5310,0.021946143358945847,False,0.0
5311,0.00930738728493452,False,0.0
5312,0.008832894265651703,False,0.0
5313,0.011809256859123707,False,0.0
5314,0.0008312241989187896,False,0.0
5315,0.0,False,0.0
5316,0.3268076181411743,True,0.6536152362823486
5317,0.01312489528208971,False,0.0
5318,0.0012410132912918925,False,0.0
5319,0.0,False,0.0
5320,0.44778162240982056,False,0.0
5321,0.02166576124727726,False,0.0
5322,0.0075172558426856995,False,0.0
5323,0.005683989264070988,False,0.0
5324,0.6723226308822632,True,1.0
5325,0.0461021289229393,False,0.0
5326,0.021104997023940086,False,0.0
5327,0.021385379135608673,False,0.0
5328,0.027985140681266785,False,0.0
5329,0.0011331740533933043,False,0.0
5330,0.9159957766532898,True,1.0
5331,0.21361957490444183,False,0.0
5332,0.056066472083330154,False,0.0
5333,0.03736715391278267,False,0.0
5334,0.03253595530986786,False,0.0
5335,0.8079395890235901,True,1.0
5336,0.09173968434333801,False,0.0
5337,0.07787156105041504,False,0.0
5338,0.07401091605424881,False,0.0
5339,0.6945202350616455,False,0.0
5340,0.059215378016233444,False,0.0
5341,0.037259314209222794,False,0.0
5342,0.03333396837115288,False,0.0
5343,0.05026472359895706,False,0.0
5344,0.007883909158408642,False,0.0
5345,0.002254701917991042,False,0.0
5346,0.6952250599861145,True,1.0
5347,0.0381220243871212,False,0.0
5348,0.021428516134619713,False,0.0
5349,0.016360072419047356,False,0.0
5350,0.32676446437835693,False,0.0
5351,0.04086114093661308,False,0.0
5352,0.033571209758520126,False,0.0
5353,0.03152226656675339,False,0.0
5354,0.7112431526184082,False,0.0
5355,0.9447780251502991,True,1.0
5356,0.06894247978925705,False,0.0
5357,0.010924975387752056,False,0.0
5358,0.8997057676315308,False,0.0
5359,0.0,False,0.0
5360,0.0,False,0.0
5361,0.2781936824321747,False,0.0
5362,0.0057271248660981655,False,0.0
5363,0.0,False,0.0
5364,0.0,False,0.0
5365,0.7634225487709045,True,1.0
5366,0.0886770486831665,False,0.0
5367,0.06180351972579956,False,0.0
5368,0.06646217405796051,False,0.0
5369,0.24765363335609436,False,0.0
5370,0.027683189138770103,False,0.0
5371,0.012111206538975239,False,0.0
5372,0.011054381728172302,False,0.0
5373,0.016489479690790176,False,0.0
5374,0.011442603543400764,False,0.0
5375,0.009889718145132065,False,0.0
5376,0.7303431034088135,False,0.0
5377,0.028416497632861137,False,0.0
5378,0.012607266195118427,False,0.0
5379,0.009199547581374645,False,0.0
5380,0.9993368983268738,True,1.0
5381,0.03313985466957092,False,0.0
5382,0.0,False,0.0
5383,0.0,False,0.0
5384,0.642031729221344,False,0.0
5385,0.03421824797987938,False,0.0
5386,0.01726592145860195,False,0.0
5387,0.012952351942658424,False,0.0
5388,0.027812598273158073,False,0.0
5389,0.010903406888246536,False,0.0
5390,0.005899667274206877,False,0.0
5391,0.006719246041029692,False,0.0
5392,0.009674040600657463,False,0.0
5393,0.0021899982821196318,False,0.0
5394,0.0004430030530784279,False,0.0
5395,0.7264611721038818,True,1.0
5396,0.03958864137530327,False,0.0
5397,0.018991349264979362,False,0.0
5398,0.013017055578529835,False,0.0
5399,0.6244867444038391,False,0.0
5400,0.06357207894325256,False,0.0
5401,0.03892003744840622,False,0.0
5402,0.036547575145959854,False,0.0
5403,0.04815107211470604,False,0.0
5404,0.007625095080584288,False,0.0
5405,0.9368045926094055,True,1.0
5406,0.06055258587002754,False,0.0
5407,0.0055761500261723995,False,0.0
5408,0.0,False,0.0
5409,0.00024889243650250137,False,0.0
5410,0.4762781262397766,False,0.0
5411,0.013297437690198421,False,0.0
5412,0.005683989264070988,False,0.0
5413,0.0033762298990041018,False,0.0
5414,0.5385322570800781,True,1.0
5415,0.03275163471698761,False,0.0
5416,0.014354261569678783,False,0.0
5417,0.012628833763301373,False,0.0
5418,0.021277539432048798,False,0.0
5419,0.04416102170944214,False,0.0
5420,0.045110009610652924,False,0.0
5421,0.17350338399410248,False,0.0
5422,0.009674040600657463,False,0.0
5423,0.0015429629711434245,False,0.0
5424,0.00024889243650250137,False,0.0
5425,0.685019314289093,True,1.0
5426,0.046619758009910583,False,0.0
5427,0.024124495685100555,False,0.0
5428,0.021342243999242783,False,0.0
5429,0.60622239112854,False,0.0
5430,0.9359844326972961,True,1.0
5431,0.06389560550451279,False,0.0
5432,0.007107466459274292,False,0.0
5433,0.0024703803937882185,False,0.0
5434,0.008768190629780293,False,0.0
5435,0.0013919881312176585,False,0.0
5436,0.20559632778167725,False,0.34486980736255646
5437,0.04017097130417824,False,0.0
5438,0.03316142410039902,False,0.0
5439,0.039394527673721313,False,0.0
5440,0.19632215797901154,False,0.0
5441,0.05923694372177124,False,0.0
5442,0.04485119506716728,False,0.0
5443,0.04907849058508873,False,0.0
5444,0.23083071410655975,True,0.4489131076261401
5445,0.034110408276319504,False,0.0
5446,0.01543265487998724,False,0.0
5447,0.016058122739195824,False,0.0
5448,0.02703615464270115,False,0.0
5449,0.05209798738360405,False,0.0
5450,0.04407475143671036,False,0.0
5451,0.1653938740491867,False,0.0
5452,0.06201919913291931,False,0.0
5453,0.011140653863549232,False,0.0
5454,0.006374160293489695,False,0.0
5455,1.0,True,1.0
5456,0.09648460894823074,False,0.0
5457,0.04752560704946518,False,0.0
5458,0.055742956697940826,False,0.0
5459,0.15991564095020294,False,0.0
5460,0.024965642020106316,False,0.0
5461,0.0077329338528215885,False,0.0
5462,0.007905476726591587,False,0.0
5463,0.012628833763301373,False,0.0
5464,0.04161601886153221,False,0.0
5465,0.03497312217950821,False,0.0
5466,0.11527019739151001,False,0.0
5467,0.04366496205329895,False,0.0
5468,0.056195881217718124,False,0.0
5469,0.04109838977456093,False,0.0
5470,0.1733524054288864,False,0.312259241938591
5471,0.05759778618812561,False,0.0
5472,0.07032281905412674,False,0.0
5473,0.053586166352033615,False,0.0
5474,0.16733497381210327,False,0.0
5475,0.07629711180925369,False,0.0
5476,0.03363591432571411,False,0.0
5477,0.017222784459590912,False,0.0
5478,0.019034484401345253,False,0.0
5479,0.02779102884232998,False,0.0
5480,0.8953176140785217,True,1.0
5481,0.07194040715694427,False,0.0
5482,0.009436793625354767,False,0.0
5483,0.003786018816754222,False,0.0
5484,0.006697678007185459,False,0.0
5485,0.5093079805374146,True,0.9833939485251904
5486,0.07998520880937576,False,0.0
5487,0.056778211146593094,False,0.0
5488,0.062083899974823,False,0.0
5489,0.19108116626739502,False,0.0
5490,0.03430451825261116,False,0.0
5491,0.017611006274819374,False,0.0
5492,0.017654141411185265,False,0.0
5493,0.020803047344088554,False,0.0
5494,0.059215378016233444,False,0.0
5495,0.05356460437178612,False,0.0
5496,0.17904631793498993,False,0.26321396976709366
5497,0.07178943604230881,False,0.0
5498,0.0673895925283432,False,0.0
5499,0.05932321771979332,False,0.0
5500,0.17402100563049316,False,0.0
5501,0.07498147338628769,False,0.0
5502,0.0474393330514431,False,0.0
5503,0.05129997804760933,False,0.0
5504,0.19539473950862885,False,0.0
5505,0.9431846141815186,True,1.0
5506,0.06378775835037231,False,0.0
5507,0.00837996881455183,False,0.0
5508,0.003246822627261281,False,0.0
5509,0.013275869190692902,False,0.0
5510,0.06266622990369797,False,0.0
5511,0.16110186278820038,False,0.0
5512,0.042974792420864105,False,0.0
5513,0.04649035260081291,False,0.0
5514,0.01547579001635313,False,0.0
5515,0.5986402034759521,True,1.0
5516,0.09641990810632706,False,0.0
5517,0.07608143240213394,False,0.0
5518,0.059172242879867554,False,0.0
5519,0.21922719478607178,False,0.0
5520,0.02863217703998089,False,0.0
5521,0.015777740627527237,False,0.0
5522,0.01549735851585865,False,0.0
5523,0.01948740892112255,False,0.0
5524,0.0567566454410553,False,0.0
5525,0.043643396347761154,False,0.0
5526,0.16211555898189545,False,0.0
5527,0.06997773051261902,False,0.0
5528,0.012111206538975239,False,0.0
5529,0.005856531672179699,False,0.0
5530,0.9568471908569336,True,1.0
5531,0.09350825101137161,False,0.0
5532,0.043061062693595886,False,0.0
5533,0.03298887982964516,False,0.0
5534,0.1658683717250824,False,0.0
5535,0.03232027590274811,False,0.0
5536,0.017071811482310295,False,0.0
5537,0.01758943870663643,False,0.0
5538,0.02481466718018055,False,0.0
5539,0.04021410644054413,False,0.0
5540,0.03833770379424095,False,0.0
5541,0.14007322490215302,False,0.0
5542,0.057835038751363754,False,0.0
5543,0.009674040600657463,False,0.0
5544,0.0030095763504505157,False,0.0
5545,0.5574803948402405,True,1.0
5546,0.03303201496601105,False,0.0
5547,0.01318959891796112,False,0.0
5548,0.010579889640212059,False,0.0
5549,0.5121580958366394,False,0.0
5550,0.048043232411146164,False,0.0
5551,0.029214506968855858,False,0.0
5552,0.02556954137980938,False,0.0
5553,0.03577113151550293,False,0.0
5554,0.006093778181821108,False,0.0
5555,0.9679818749427795,True,1.0
5556,0.2857424318790436,False,0.0
5557,0.01549735851585865,False,0.0
5558,0.004411486443132162,False,0.0
5559,0.003203687025234103,False,0.0
5560,0.2691352069377899,True,0.5300082052126527
5561,0.018538422882556915,False,0.0
5562,0.008983869105577469,False,0.0
5563,0.0076682306826114655,False,0.0
5564,0.2665686309337616,False,0.0
5565,0.03527507185935974,False,0.0
5566,0.018322745338082314,False,0.0
5567,0.019422706216573715,False,0.0
5568,0.032945744693279266,False,0.0
5569,0.009372089989483356,False,0.0
5570,0.008660351857542992,False,0.0
5571,0.007301577366888523,False,0.0
5572,0.009285818785429,False,0.0
5573,0.005187928676605225,False,0.0
5574,0.004131104331463575,False,0.0
5575,0.6350653767585754,True,1.0
5576,0.04191796854138374,False,0.0
5577,0.023951953276991844,False,0.0
5578,0.021299107000231743,False,0.0
5579,0.6047792434692383,False,0.0
5580,0.946267306804657,True,1.0
5581,0.05962516739964485,False,0.0
5582,0.0069349235855042934,False,0.0
5583,1.1646161510725506e-05,False,0.0
5584,0.005360471550375223,False,0.0
5585,0.05923694372177124,False,0.0
5586,0.138347789645195,False,0.0
5587,0.036375030875205994,False,0.0
5588,0.04325517639517784,False,0.0
5589,0.006374160293489695,False,0.0
5590,0.29689300060272217,True,0.5772848762571812
5591,0.06726018339395523,False,0.0
5592,0.054686129093170166,False,0.0
5593,0.054599858820438385,False,0.0
5594,0.0638308972120285,False,0.0
5595,0.01562676392495632,False,0.0
5596,0.008250562474131584,False,0.0
5597,0.008444673381745815,False,0.0
5598,0.011075950227677822,False,0.0
5599,0.08328508585691452,False,0.0
5600,0.07681473344564438,False,0.0
5601,0.18601273000240326,False,0.0
5602,0.11033117026090622,False,0.0
5603,0.021989278495311737,False,0.0
5604,0.014138584025204182,False,0.0
5605,0.9943574070930481,True,1.0
5606,0.05268032103776932,False,0.0
5607,0.012175909243524075,False,0.0
5608,0.9000000357627869,False,0.0
5609,0.14492599666118622,False,0.0
5610,0.055721383541822433,False,0.0
5611,0.05399596318602562,False,0.0
5612,0.0020390234421938658,False,0.0
5613,0.0,False,0.0
5614,0.0,False,0.0
5615,0.0,False,0.0
5616,0.03736715391278267,False,0.0
5617,0.004648732487112284,False,0.0
5618,0.003980129491537809,False,0.0
5619,0.0064819990657269955,False,0.0
5620,0.2107294797897339,False,0.0
5621,0.009695607237517834,False,0.0
5622,0.0011763096554204822,False,0.0
5623,0.0,False,0.0
5624,0.2514495551586151,True,0.5028991103172302
5625,0.029494890943169594,False,0.0
5626,0.019832493737339973,False,0.0
5627,0.019595248624682426,False,0.0
5628,0.025936195626854897,False,0.0
5629,0.0,False,0.0
5630,0.9012394547462463,True,1.0
5631,0.2516005337238312,False,0.0
5632,0.01709337905049324,False,0.0
5633,0.004907546564936638,False,0.0
5634,0.002254701917991042,False,0.0
5635,0.619707465171814,True,1.0
5636,0.03710833936929703,False,0.0
5637,0.01696397177875042,False,0.0
5638,0.013340572826564312,False,0.0
5639,0.5036542415618896,False,0.0
5640,0.045994289219379425,False,0.0
5641,0.0203716903924942,False,0.0
5642,0.02507348172366619,False,0.0
5643,0.0281361173838377,False,0.0
5644,0.01713651418685913,False,0.0
5645,0.016618885099887848,False,0.0
5646,0.277266263961792,True,0.5212947577238083
5647,0.02028541825711727,False,0.0
5648,0.007085898425430059,False,0.0
5649,0.004993818234652281,False,0.0
5650,0.2637648284435272,False,0.0
5651,0.038273002952337265,False,0.0
5652,0.031134044751524925,False,0.0
5653,0.02947332337498665,False,0.0
5654,0.2931186556816101,False,0.0
5655,0.9234863519668579,True,1.0
5656,0.061027076095342636,False,0.0
5657,0.00999755784869194,False,0.0
5658,0.004152671899646521,False,0.0
5659,0.010019125416874886,False,0.0
5660,0.053003836423158646,False,0.0
5661,0.09469448029994965,False,0.0
5662,0.0381220243871212,False,0.0
5663,0.047460902482271194,False,0.0
5664,0.011205356568098068,False,0.0
5665,0.6283705830574036,True,1.0
5666,0.037690669298172,False,0.0
5667,0.017244352027773857,False,0.0
5668,0.01224061381071806,False,0.0
5669,0.5092517137527466,False,0.0
5670,0.039006307721138,False,0.0
5671,0.018193338066339493,False,0.0
5672,0.019875628873705864,False,0.0
5673,0.022075550630688667,False,0.0
5674,0.07245803624391556,False,0.0
5675,0.07075417041778564,False,0.0
5676,0.22358392179012299,False,0.0
5677,0.021859871223568916,False,0.0
5678,0.01148573961108923,False,0.0
5679,0.010256371460855007,False,0.0
5680,1.0,True,1.0
5681,0.08818098902702332,False,0.0
5682,0.03773380443453789,False,0.0
5683,0.0425434373319149,False,0.0
5684,0.16194301843643188,False,0.0
5685,0.02099715732038021,False,0.0
5686,0.009285818785429,False,0.0
5687,0.009501497261226177,False,0.0
5688,0.010903406888246536,False,0.0
5689,0.004325214773416519,False,0.0
5690,0.0034840689040720463,False,0.0
5691,0.5961799621582031,True,1.0
5692,0.10209225863218307,False,0.0
5693,0.06726018339395523,False,0.0
5694,0.06557788699865341,False,0.0
5695,0.119756318628788,False,0.0
5696,0.10364513844251633,False,0.0
5697,0.07765588164329529,False,0.0
5698,0.08617518097162247,False,0.0
5699,0.09775711596012115,False,0.0
5700,0.05634685233235359,False,0.0
5701,0.03803575783967972,False,0.0
5702,0.0385749526321888,False,0.0
5703,0.045282553881406784,False,0.0
5704,0.013491548597812653,False,0.0
5705,0.9377871155738831,True,1.0
5706,0.4681268036365509,False,0.0
5707,0.023455893620848656,False,0.0
5708,0.004756571725010872,False,0.0
5709,0.0,False,0.0
5710,0.2941323220729828,False,0.0
5711,0.017222784459590912,False,0.0
5712,0.003354661865159869,False,0.0
5713,0.002254701917991042,False,0.0
5714,0.31906476616859436,True,0.6381295323371887
5715,0.03935139626264572,False,0.0
5716,0.025138184428215027,False,0.0
5717,0.025008777156472206,False,0.0
5718,0.0345633327960968,False,0.0
5719,0.08973387628793716,False,0.0
5720,0.10700972378253937,False,0.0
5721,0.25211817026138306,False,0.0
5722,0.027812598273158073,False,0.0
5723,0.014332694001495838,False,0.0
5724,0.0,False,0.0
5725,0.7563902139663696,True,1.0
5726,0.04323360696434975,False,0.0
5727,0.019422706216573715,False,0.0
5728,0.016683589667081833,False,0.0
5729,0.7298199534416199,False,0.0
5730,0.9423722624778748,True,1.0
5731,0.06672098487615585,False,0.0
5732,0.00904857274144888,False,0.0
5733,0.0038291544187813997,False,0.0
5734,0.01224061381071806,False,0.0
5735,0.0,False,0.0
5736,0.3118395507335663,True,0.6204637682531029
5737,0.016101257875561714,False,0.0
5738,0.004174239933490753,False,0.0
5739,0.0016076666070148349,False,0.0
5740,0.5713638663291931,False,0.0
5741,0.020889317616820335,False,0.0
5742,0.005554581992328167,False,0.0
5743,0.0,False,0.0
5744,0.5805525779724121,True,1.0
5745,0.035296641290187836,False,0.0
5746,0.017158081755042076,False,0.0
5747,0.016705157235264778,False,0.0
5748,0.022657884284853935,False,0.0
5749,0.003074279986321926,False,0.0
5750,0.0017586414469406009,False,0.0
5751,0.5457072257995605,False,0.0
5752,0.018214905634522438,False,0.0
5753,0.007301577366888523,False,0.0
5754,0.0037213151808828115,False,0.0
5755,0.9991397261619568,True,1.0
5756,0.04071016609668732,False,0.0
5757,0.0010037670144811273,False,0.0
5758,0.7752692103385925,False,0.0
5759,0.05283129960298538,False,0.0
5760,0.018495289608836174,False,0.0
5761,0.016554182395339012,False,0.0
5762,0.019703088328242302,False,0.0
5763,0.006072210147976875,False,0.0
5764,0.004174239933490753,False,0.0
5765,0.003052712185308337,False,0.0
5766,0.24508705735206604,False,0.0
5767,0.019746223464608192,False,0.0
5768,0.008768190629780293,False,0.0
5769,0.0069780596531927586,False,0.0
5770,0.26590001583099365,True,0.5136166159063578
5771,0.06766997277736664,False,0.0
5772,0.05246464163064957,False,0.0
5773,0.15284138917922974,False,0.0
5774,0.06499555706977844,False,0.0
5775,0.03255752474069595,False,0.0
5776,0.025353863835334778,False,0.0
5777,0.02591462805867195,False,0.0
5778,0.029947815462946892,False,0.0
5779,0.00909170787781477,False,0.0
5780,0.9422899484634399,True,1.0
5781,0.10122954100370407,False,0.0
5782,0.021342243999242783,False,0.0
5783,0.01543265487998724,False,0.0
5784,0.02477153204381466,False,0.0
5785,0.5587469339370728,True,1.0
5786,0.1086488738656044,False,0.0
5787,0.08432035148143768,False,0.0
5788,0.1956104189157486,False,0.0
5789,0.039394527673721313,False,0.0
5790,0.02986154332756996,False,0.0
5791,0.028394928202033043,False,0.0
5792,0.03216930106282234,False,0.0
5793,0.01847372017800808,False,0.0
5794,0.01392290461808443,False,0.0
5795,0.014656211249530315,False,0.0
5796,0.01603655330836773,False,0.0
5797,0.009436793625354767,False,0.0
5798,0.008423104882240295,False,0.0
5799,0.00911327637732029,False,0.0
5800,0.24896927177906036,True,0.46060288324952126
5801,0.08777119964361191,False,0.0
5802,0.07985580712556839,False,0.0
5803,0.21411561965942383,False,0.0
5804,0.018667830154299736,False,0.0
5805,0.9270105361938477,True,1.0
5806,0.06424068659543991,False,0.0
5807,0.007689798716455698,False,0.0
5808,0.003958561923354864,False,0.0
5809,0.007797637488692999,False,0.0
5810,0.07927346974611282,False,0.0
5811,0.15243159234523773,False,0.0
5812,0.054729264229536057,False,0.0
5813,0.055441003292798996,False,0.0
5814,0.02317551150918007,False,0.0
5815,0.576753556728363,True,1.0
5816,0.11550744622945786,False,0.0
5817,0.09501799941062927,False,0.0
5818,0.21303723752498627,False,0.0
5819,0.03952393680810928,False,0.0
5820,0.02587149105966091,False,0.0
5821,0.02330491878092289,False,0.0
5822,0.029581159353256226,False,0.0
5823,0.0203716903924942,False,0.0
5824,0.02041482739150524,False,0.0
5825,0.019379569217562675,False,0.0
5826,0.19084392488002777,False,0.0
5827,0.05966830253601074,False,0.0
5828,0.0665053054690361,False,0.0
5829,0.04577861353754997,False,0.0
5830,0.9947654008865356,True,1.0
5831,0.10217852890491486,False,0.0
5832,0.06920129060745239,False,0.0
5833,0.1893126219511032,False,0.0
5834,0.02863217703998089,False,0.0
5835,0.02006974071264267,False,0.0
5836,0.019789358600974083,False,0.0
5837,0.02591462805867195,False,0.0
5838,0.06408970803022385,False,0.0
5839,0.06885620206594467,False,0.0
5840,0.07681473344564438,False,0.0
5841,0.21741549670696259,False,0.0
5842,0.02229123003780842,False,0.0
5843,0.01068772841244936,False,0.0
5844,0.009005437605082989,False,0.0
5845,0.6094124913215637,True,1.0
5846,0.13990068435668945,False,0.0
5847,0.11013706028461456,False,0.0
5848,0.19401440024375916,False,0.0
5849,0.14609065651893616,False,0.0
5850,0.07565007358789444,False,0.0
5851,0.05843893438577652,False,0.0
5852,0.06046631559729576,False,0.0
5853,0.07174629718065262,False,0.0
5854,0.014936593361198902,False,0.0
5855,0.9493122100830078,True,1.0
5856,0.18618527054786682,False,0.0
5857,0.0478706918656826,False,0.0
5858,0.8996438980102539,False,0.0
5859,0.025591108947992325,False,0.0
5860,0.1947261393070221,False,0.0
5861,0.0022331341169774532,False,0.0
5862,0.0,False,0.0
5863,0.285116970539093,True,0.570233941078186
5864,0.022657884284853935,False,0.0
5865,0.004411486443132162,False,0.0
5866,0.0034193655010312796,False,0.0
5867,0.009544632397592068,False,0.0
5868,0.02086775004863739,False,0.0
5869,0.005295767914503813,False,0.0
5870,0.013426844961941242,False,0.0
5871,0.03225557133555412,False,0.0
5872,0.0,False,0.0
5873,0.0,False,0.0
5874,0.0,False,0.0
5875,0.5952306985855103,True,1.0
5876,0.03786321356892586,False,0.0
5877,0.01612282544374466,False,0.0
5878,0.5480137467384338,False,0.0
5879,0.02313237451016903,False,0.0
5880,0.926334798336029,True,1.0
5881,0.05999181792140007,False,0.0
5882,0.00835840217769146,False,0.0
5883,0.0025135159958153963,False,0.0
5884,0.0073662810027599335,False,0.0
5885,0.000637113640550524,False,0.0
5886,0.2745055854320526,True,0.5477369435830042
5887,0.014030744321644306,False,0.0
5888,0.0011331740533933043,False,0.0
5889,0.0,False,0.0
5890,0.5109509229660034,False,0.0
5891,0.02897725999355316,False,0.0
5892,0.016532612964510918,False,0.0
5893,0.5382874608039856,True,1.0
5894,0.03240654990077019,False,0.0
5895,0.01754630170762539,False,0.0
5896,0.01607969030737877,False,0.0
5897,0.019379569217562675,False,0.0
5898,0.010536753572523594,False,0.0
5899,0.009436793625354767,False,0.0
5900,0.009523064829409122,False,0.0
5901,0.5190216302871704,False,0.0
5902,0.023628436028957367,False,0.0
5903,0.009264251217246056,False,0.0
5904,0.008940733037889004,False,0.0
5905,0.999828577041626,True,1.0
5906,0.05026472359895706,False,0.0
5907,0.006870220880955458,False,0.0
5908,0.19878089427947998,False,0.0
5909,0.014073880389332771,False,0.0
5910,0.0038291544187813997,False,0.0
5911,0.0027723300736397505,False,0.0
5912,0.003980129491537809,False,0.0
5913,0.000637113640550524,False,0.0
5914,0.0,False,0.0
5915,0.0,False,0.0
5916,0.2266896814107895,True,0.4522345425793901
5917,0.009134843945503235,False,0.0
5918,0.002944872947409749,False,0.0
5919,0.0005724101210944355,False,0.0
5920,0.22259178757667542,False,0.0
5921,0.018322745338082314,False,0.0
5922,0.010191667824983597,False,0.0
5923,0.2115059196949005,True,0.40262850373983383
5924,0.05919380858540535,False,0.0
5925,0.02011287771165371,False,0.0
5926,0.01454837154597044,False,0.0
5927,0.01541108638048172,False,0.0
5928,0.016597317531704903,False,0.0
5929,0.0026429230347275734,False,0.0
5930,0.9045286178588867,True,1.0
5931,0.4597932994365692,False,0.0
5932,0.02565581165254116,False,0.0
5933,0.008725054562091827,False,0.0
5934,0.007948612794280052,False,0.0
5935,0.5950813889503479,True,1.0
5936,0.040580760687589645,False,0.0
5937,0.024167632684111595,False,0.0
5938,0.2504574656486511,False,0.0
5939,0.11826813220977783,False,0.0
5940,0.033398669213056564,False,0.0
5941,0.02503034472465515,False,0.0
5942,0.02384411357343197,False,0.0
5943,0.027402808889746666,False,0.0
5944,0.06419754773378372,False,0.0
5945,0.06225644424557686,False,0.0
5946,0.1959986388683319,False,0.0
5947,0.022355934605002403,False,0.0
5948,0.004842843394726515,False,0.0
5949,0.012132774107158184,False,0.0
5950,0.21860173344612122,True,0.41190266236662865
5951,0.06100551038980484,False,0.0
5952,0.055484142154455185,False,0.0
5953,0.18730680644512177,False,0.0
5954,0.012650402262806892,False,0.0
5955,0.9162214398384094,True,1.0
5956,0.0643053874373436,False,0.0
5957,0.01562676392495632,False,0.0
5958,0.00674081314355135,False,0.0
5959,0.013469981029629707,False,0.0
5960,0.0038507224526256323,False,0.0
5961,0.4908539950847626,False,0.0
5962,0.02246377244591713,False,0.0
5963,0.009134843945503235,False,0.0
5964,0.005231064278632402,False,0.0
5965,0.6117240190505981,True,1.0
5966,0.03471430763602257,False,0.0
5967,0.009372089989483356,False,0.0
5968,0.27351346611976624,False,0.0
5969,0.03758282959461212,False,0.0
5970,0.021601056680083275,False,0.0
5971,0.022226525470614433,False,0.0
5972,0.024922506883740425,False,0.0
5973,0.01961681619286537,False,0.0
5974,0.018128635361790657,False,0.0
5975,0.01771884597837925,False,0.0
5976,0.19263406097888947,False,0.0
5977,0.07388151437044144,False,0.0
5978,0.08296157419681549,False,0.0
5979,0.03251438960433006,False,0.0
5980,0.9767487049102783,True,1.0
5981,0.08848293870687485,False,0.0
5982,0.05423320457339287,False,0.0
5983,0.1694917529821396,False,0.0
5984,0.023153943940997124,False,0.0
5985,0.013254301622509956,False,0.0
5986,0.012866081669926643,False,0.0
5987,0.0161659624427557,False,0.0
5988,0.006244753021746874,False,0.0
5989,0.003505636705085635,False,0.0
5990,0.0033762298990041018,False,0.0
5991,0.005640853196382523,False,0.0
5992,0.024210767820477486,False,0.0
5993,0.010881839320063591,False,0.0
5994,0.015950283035635948,False,0.0
5995,0.032730069011449814,False,0.0
5996,0.004972250200808048,False,0.0
5997,0.0028801693115383387,False,0.0
5998,0.6910885572433472,True,1.0
5999,0.0771382600069046,False,0.0
6000,0.039998430758714676,False,0.0
6001,0.040365081280469894,False,0.0
6002,0.04659819230437279,False,0.0
6003,0.009674040600657463,False,0.0
6004,0.0067839487455785275,False,0.0
6005,0.9254302978515625,True,1.0
6006,0.2151293009519577,False,0.0
6007,0.07756961137056351,False,0.0
6008,0.0744854137301445,False,0.0
6009,0.5016851425170898,False,0.0
6010,0.07976953685283661,False,0.0
6011,0.06012122705578804,False,0.0
6012,0.06180351972579956,False,0.0
6013,0.16908197104930878,False,0.2155490219593048
6014,0.07155217975378036,False,0.0
6015,0.06130746006965637,False,0.0
6016,0.06199762970209122,False,0.0
6017,0.06935226172208786,False,0.0
6018,0.08501052111387253,False,0.0
6019,0.07726766914129257,False,0.0
6020,0.08326352387666702,False,0.0
6021,0.17932669818401337,False,0.0
6022,0.028740016743540764,False,0.0
6023,0.019293298944830894,False,0.0
6024,0.6419230699539185,True,1.0
6025,0.09939627349376678,False,0.0
6026,0.06907188147306442,False,0.0
6027,0.07623240351676941,False,0.0
6028,0.16996626555919647,False,0.0
6029,0.015842443332076073,False,0.0
6030,0.9371983408927917,True,1.0
6031,0.0611780546605587,False,0.0
6032,0.009523064829409122,False,0.0
6033,0.006072210147976875,False,0.0
6034,0.01148573961108923,False,0.0
6035,0.05550571158528328,False,0.0
6036,0.11818186193704605,False,0.1583079695701599
6037,0.039027877151966095,False,0.0
6038,0.04366496205329895,False,0.0
6039,0.14335153996944427,False,0.0
6040,0.049811799079179764,False,0.0
6041,0.04707268252968788,False,0.0
6042,0.05067450925707817,False,0.0
6043,0.18295009434223175,False,0.3471991438418627
6044,0.05772719532251358,False,0.0
6045,0.04929416999220848,False,0.0
6046,0.054341044276952744,False,0.0
6047,0.016597317531704903,False,0.0
6048,0.010083829052746296,False,0.0
6049,0.009350522421300411,False,0.0
6050,0.010579889640212059,False,0.0
6051,0.18728522956371307,False,0.0
6052,0.01562676392495632,False,0.0
6053,0.00674081314355135,False,0.0
6054,0.5798177719116211,False,0.0
6055,0.9251556992530823,True,1.0
6056,0.06268780678510666,False,0.0
6057,0.009954421781003475,False,0.0
6058,0.2661803960800171,False,0.0
6059,0.030120357871055603,False,0.0
6060,0.01159357838332653,False,0.0
6061,0.00904857274144888,False,0.0
6062,0.015562060289084911,False,0.0
6063,0.0509980283677578,False,0.0
6064,0.04884124547243118,False,0.0
6065,0.05063137412071228,False,0.0
6066,0.163603737950325,False,0.0
6067,0.014462101273238659,False,0.0
6068,0.005770260468125343,False,0.0
6069,0.471854567527771,True,0.9321686141192913
6070,0.06003495678305626,False,0.0
6071,0.04950984939932823,False,0.0
6072,0.0483236163854599,False,0.0
6073,0.19675351679325104,False,0.0
6074,0.02388725057244301,False,0.0
6075,0.016058122739195824,False,0.0
6076,0.014181720092892647,False,0.0
6077,0.015238543041050434,False,0.0
6078,0.005252632312476635,False,0.0
6079,0.0047781397588551044,False,0.0
6080,0.924512505531311,True,1.0
6081,0.07157375663518906,False,0.0
6082,0.01793452352285385,False,0.0
6083,0.00829369854182005,False,0.0
6084,0.5738867521286011,False,0.0
6085,0.053758710622787476,False,0.0
6086,0.030098790302872658,False,0.0
6087,0.02565581165254116,False,0.0
6088,0.038488682359457016,False,0.0
6089,0.02019914798438549,False,0.0
6090,0.015066000632941723,False,0.0
6091,0.014138584025204182,False,0.0
6092,0.02188143879175186,False,0.0
6093,0.058093853294849396,False,0.0
6094,0.05582922697067261,False,0.0
6095,0.05768406018614769,False,0.0
6096,0.16800358891487122,False,0.0
6097,0.06795036047697067,False,0.0
6098,0.06795036047697067,False,0.0
6099,0.18700484931468964,False,0.3447835464030504
6100,0.064262256026268,False,0.0
6101,0.05835266038775444,False,0.0
6102,0.0651681050658226,False,0.0
6103,0.14466717839241028,False,0.0
6104,0.014613076113164425,False,0.0
6105,0.921151876449585,True,1.0
6106,0.06212703511118889,False,0.0
6107,0.009156412445008755,False,0.0
6108,0.8998841047286987,False,0.0
6109,0.0,False,0.0
6110,0.0,False,0.0
6111,0.005834964103996754,False,0.0
6112,0.11153896898031235,False,0.0
6113,0.008876029402017593,False,0.0
6114,0.009652472101151943,False,0.0
6115,0.5568501949310303,True,1.0
6116,0.09460821002721786,False,0.0
6117,0.07526185363531113,False,0.0
6118,0.07942444831132889,False,0.0
6119,0.1885146051645279,False,0.0
6120,0.024038225412368774,False,0.0
6121,0.009350522421300411,False,0.0
6122,0.008509377017617226,False,0.0
6123,0.01989719830453396,False,0.0
6124,0.05045882984995842,False,0.0
6125,0.046080559492111206,False,0.0
6126,0.0496392548084259,False,0.0
6127,0.131769597530365,False,0.0
6128,0.022355934605002403,False,0.0
6129,0.02104029431939125,False,0.0
6130,0.09167498350143433,False,0.0
6131,0.9316457509994507,True,1.0
6132,0.09633363783359528,False,0.0
6133,0.04705111309885979,False,0.0
6134,0.11820342391729355,False,0.0
6135,0.05399596318602562,False,0.0
6136,0.009070140309631824,False,0.0
6137,0.0036997476126998663,False,0.0
6138,0.003117415588349104,False,0.0
6139,0.005295767914503813,False,0.0
6140,0.04577861353754997,False,0.0
6141,0.045023735612630844,False,0.0
6142,0.09773554652929306,False,0.0
6143,0.05270189046859741,False,0.0
6144,0.013707227073609829,False,0.0
6145,0.4986640214920044,True,0.9809131901711226
6146,0.12700311839580536,False,0.0
6147,0.09721791744232178,False,0.0
6148,0.09987076371908188,False,0.0
6149,0.18245403468608856,False,0.0
6150,0.07118552923202515,False,0.0
6151,0.05063137412071228,False,0.0
6152,0.04974709451198578,False,0.0
6153,0.06020749732851982,False,0.0
6154,0.01297391951084137,False,0.0
6155,0.008207426406443119,False,0.0
6156,0.9180759191513062,True,1.0
6157,0.16207242012023926,False,0.0
6158,0.055893927812576294,False,0.0
6159,0.05419006943702698,False,0.0
6160,0.15055519342422485,False,0.0
6161,0.06316228955984116,False,0.0
6162,0.054254770278930664,False,0.0
6163,0.062278009951114655,False,0.0
6164,0.09320630133152008,False,0.0
6165,0.05028628930449486,False,0.0
6166,0.043729666620492935,False,0.0
6167,0.052248962223529816,False,0.0
6168,0.011809256859123707,False,0.0
6169,0.00909170787781477,False,0.0
6170,0.006611406337469816,False,0.0
6171,0.007603527046740055,False,0.0
6172,0.010515186004340649,False,0.0
6173,0.011981799267232418,False,0.0
6174,0.01006226148456335,False,0.0
6175,0.6238844990730286,True,1.0
6176,0.13030299544334412,False,0.0
6177,0.10220009088516235,False,0.0
6178,0.10308437794446945,False,0.0
6179,0.2031160444021225,False,0.0
6180,0.015777740627527237,False,0.0
6181,0.9126409888267517,True,1.0
6182,0.07342858612537384,False,0.0
6183,0.010536753572523594,False,0.0
6184,0.005166360642760992,False,0.0
6185,0.012089638970792294,False,0.0
6186,0.00410953676328063,False,0.0
6187,0.0014351238496601582,False,0.0
6188,0.0014351238496601582,False,0.0
6189,0.003117415588349104,False,0.0
6190,0.20419442653656006,False,0.38485661149024963
6191,0.058287959545850754,False,0.0
6192,0.07426973432302475,False,0.0
6193,0.08145182579755783,False,0.0
6194,0.1552785485982895,False,0.0
6195,0.047805991023778915,False,0.0
6196,0.048215776681900024,False,0.0
6197,0.020932454615831375,False,0.0
6198,0.011766120791435242,False,0.0
6199,0.012111206538975239,False,0.0
6200,0.012391588650643826,False,0.0
6201,0.07562851160764694,False,0.0
6202,0.11102133989334106,False,0.0
6203,0.0514078214764595,False,0.0
6204,0.05207642540335655,False,0.0
6205,0.5708407163619995,False,0.0
6206,0.9214572906494141,True,1.0
6207,0.05994868278503418,False,0.0
6208,0.01075243204832077,False,0.0
6209,0.3793855905532837,False,0.0
6210,0.02858904004096985,False,0.0
6211,0.011377899907529354,False,0.0
6212,0.011226925067603588,False,0.0
6213,0.01771884597837925,False,0.0
6214,0.032816335558891296,False,0.0
6215,0.02485780231654644,False,0.0
6216,0.026130307465791702,False,0.0
6217,0.06044474244117737,False,0.0
6218,0.05516062304377556,False,0.0
6219,0.049811799079179764,False,0.0
6220,0.13153235614299774,False,0.0
6221,0.06288190931081772,False,0.0
6222,0.049984339624643326,False,0.0
6223,0.044441405683755875,False,0.0
6224,0.15025325119495392,False,0.27805265225470066
6225,0.056195881217718124,False,0.0
6226,0.015713036060333252,False,0.0
6227,0.010256371460855007,False,0.0
6228,0.01075243204832077,False,0.0
6229,0.01081713568419218,False,0.0
6230,0.004346782807260752,False,0.0
6231,0.9326587319374084,True,1.0
6232,0.19239680469036102,False,0.0
6233,0.06257995963096619,False,0.0
6234,0.04849616065621376,False,0.0
6235,0.43505531549453735,False,0.0
6236,0.021773600950837135,False,0.0
6237,0.0064819990657269955,False,0.0
6238,0.004735003691166639,False,0.0
6239,0.6196514368057251,True,1.0
6240,0.053715575486421585,False,0.0
6241,0.02024228312075138,False,0.0
6242,0.018905077129602432,False,0.0
6243,0.02334805391728878,False,0.0
6244,0.0527665913105011,False,0.0
6245,0.04640407860279083,False,0.0
6246,0.05179603770375252,False,0.0
6247,0.13513419032096863,False,0.17275843769311905
6248,0.06184665486216545,False,0.0
6249,0.05227053165435791,False,0.0
6250,0.11339379847049713,False,0.0
6251,0.06437008827924728,False,0.0
6252,0.05781346559524536,False,0.0
6253,0.0487549714744091,False,0.0
6254,0.14753569662570953,False,0.0
6255,0.064262256026268,False,0.0
6256,0.9377445578575134,True,1.0
6257,0.06180351972579956,False,0.0
6258,0.003548772307112813,False,0.0
6259,0.0,False,0.0
6260,0.0017586414469406009,False,0.0
6261,0.08891429752111435,False,0.0
6262,0.021967710927128792,False,0.0
6263,0.020048173144459724,False,0.0
6264,0.022097118198871613,False,0.0
6265,0.5170553922653198,True,1.0
6266,0.026065602898597717,False,0.0
6267,0.008746623061597347,False,0.0
6268,0.005705556832253933,False,0.0
6269,0.3468575179576874,False,0.0
6270,0.03156540170311928,False,0.0
6271,0.017395328730344772,False,0.0
6272,0.015971850603818893,False,0.0
6273,0.02104029431939125,False,0.0
6274,0.05414693430066109,False,0.0
6275,0.05166662856936455,False,0.0
6276,0.14171238243579865,False,0.2514810636639595
6277,0.06396030634641647,False,0.0
6278,0.018948212265968323,False,0.0
6279,0.014246421866118908,False,0.0
6280,0.4118226170539856,False,0.0
6281,0.8926615118980408,True,1.0
6282,0.08089106529951096,False,0.0
6283,0.038316138088703156,False,0.0
6284,0.16642913222312927,False,0.0
6285,0.015173840336501598,False,0.0
6286,0.006999627687036991,False,0.0
6287,0.007840774022042751,False,0.0
6288,0.008725054562091827,False,0.0
6289,0.009005437605082989,False,0.0
6290,0.003807586384937167,False,0.0
6291,0.004368350841104984,False,0.0
6292,0.005921235308051109,False,0.0
6293,0.004131104331463575,False,0.0
6294,0.00410953676328063,False,0.0
6295,0.5358390808105469,False,0.0
6296,0.0305732823908329,False,0.0
6297,0.012542563490569592,False,0.0
6298,0.010256371460855007,False,0.0
6299,0.5751937031745911,True,1.0
6300,0.0651465356349945,False,0.0
6301,0.03993372619152069,False,0.0
6302,0.03926512226462364,False,0.0
6303,0.04845302551984787,False,0.0
6304,0.008725054562091827,False,0.0
6305,0.006072210147976875,False,0.0
6306,0.9516584873199463,True,1.0
6307,0.0980159267783165,False,0.0
6308,0.052960701286792755,False,0.0
6309,0.04974709451198578,False,0.0
6310,0.16828396916389465,False,0.0
6311,0.056454695761203766,False,0.0
6312,0.052960701286792755,False,0.0
6313,0.05035099387168884,False,0.0
6314,0.14921799302101135,False,0.19773399829864502
6315,0.02099715732038021,False,0.0
6316,0.009544632397592068,False,0.0
6317,0.010709295980632305,False,0.0
6318,0.011205356568098068,False,0.0
6319,0.04823734611272812,False,0.0
6320,0.04375123605132103,False,0.0
6321,0.1516335904598236,False,0.0
6322,0.055441003292798996,False,0.0
6323,0.010277939960360527,False,0.0
6324,0.006999627687036991,False,0.0
6325,0.6373072862625122,True,1.0
6326,0.039157282561063766,False,0.0
6327,0.02237750217318535,False,0.0
6328,0.017503168433904648,False,0.0
6329,0.4129944443702698,False,0.0
6330,0.020501097664237022,False,0.0
6331,0.893079400062561,True,1.0
6332,0.06909345090389252,False,0.0
6333,0.013254301622509956,False,0.0
6334,0.007042763289064169,False,0.0
6335,0.011421035043895245,False,0.0
6336,0.130863755941391,False,0.2067062146961689
6337,0.035167232155799866,False,0.0
6338,0.02751064859330654,False,0.0
6339,0.03257909044623375,False,0.0
6340,0.15307863056659698,False,0.0
6341,0.04795696586370468,False,0.0
6342,0.03572799637913704,False,0.0
6343,0.04075330123305321,False,0.0
6344,0.15456680953502655,False,0.2924599517136812
6345,0.055397868156433105,False,0.0
6346,0.047007977962493896,False,0.0
6347,0.05125684291124344,False,0.0
6348,0.05904283747076988,False,0.0
6349,0.055311597883701324,False,0.0
6350,0.06128589063882828,False,0.0
6351,0.12913833558559418,False,0.16426071524620056
6352,0.01646791212260723,False,0.0
6353,0.009350522421300411,False,0.0
6354,0.00833683367818594,False,0.0
6355,0.5486710667610168,False,0.0
6356,0.8849269151687622,False,0.0
6357,0.09486702084541321,False,0.0
6358,0.8995507955551147,True,1.0
6359,0.07970482856035233,False,0.0
6360,0.029753703624010086,False,0.0
6361,0.0,False,0.0
6362,0.0,False,0.0
6363,0.0,False,0.0
6364,0.0,False,0.0
6365,0.03430451825261116,False,0.0
6366,0.09156714379787445,False,0.0
6367,0.020501097664237022,False,0.0
6368,0.024253902956843376,False,0.0
6369,0.035253506153821945,False,0.0
6370,0.1272403597831726,False,0.2544807195663452
6371,0.027402808889746666,False,0.0
6372,0.029624296352267265,False,0.0
6373,0.0363534651696682,False,0.0
6374,0.08104203641414642,False,0.0
6375,0.025224456563591957,False,0.0
6376,0.02809298038482666,False,0.0
6377,0.0,False,0.0
6378,0.0,False,0.0
6379,0.0,False,0.0
6380,0.0,False,0.0
6381,0.8725146651268005,True,1.0
6382,0.057576220482587814,False,0.0
6383,0.010148532688617706,False,0.0
6384,0.004346782807260752,False,0.0
6385,0.4677544832229614,False,0.0
6386,0.02977527119219303,False,0.0
6387,0.0113994674757123,False,0.0
6388,0.009005437605082989,False,0.0
6389,0.4380060136318207,True,0.8402292504906654
6390,0.04187483340501785,False,0.0
6391,0.019961901009082794,False,0.0
6392,0.01789138838648796,False,0.0
6393,0.022657884284853935,False,0.0
6394,0.053046971559524536,False,0.0
6395,0.04901378974318504,False,0.0
6396,0.08837510645389557,False,0.0
6397,0.05369400978088379,False,0.0
6398,0.05789973959326744,False,0.0
6399,0.05427634343504906,False,0.0
6400,0.11244481801986694,False,0.12233281135559082
6401,0.06609552353620529,False,0.0
6402,0.05953889712691307,False,0.0
6403,0.05127841234207153,False,0.0
6404,0.08231454342603683,False,0.0
6405,0.057748764753341675,False,0.0
6406,0.9229145646095276,True,1.0
6407,0.062191735953092575,False,0.0
6408,0.008768190629780293,False,0.0
6409,0.003505636705085635,False,0.0
6410,0.0077329338528215885,False,0.0
6411,0.06833857297897339,False,0.0
6412,0.02774789370596409,False,0.0
6413,0.022140255197882652,False,0.0
6414,0.025246024131774902,False,0.0
6415,0.47009190917015076,True,0.9018991701304913
6416,0.09473761171102524,False,0.0
6417,0.07420503348112106,False,0.0
6418,0.07090514898300171,False,0.0
6419,0.1432221382856369,False,0.0
6420,0.038273002952337265,False,0.0
6421,0.02578522078692913,False,0.0
6422,0.025051912292838097,False,0.0
6423,0.03089679777622223,False,0.0
6424,0.04176699370145798,False,0.0
6425,0.039394527673721313,False,0.0
6426,0.08365174382925034,False,0.11719966307282448
6427,0.049143195152282715,False,0.0
6428,0.02850276790559292,False,0.0
6429,0.01914232410490513,False,0.0
6430,0.08048127591609955,False,0.0
6431,0.9073309898376465,True,1.0
6432,0.08011461794376373,False,0.0
6433,0.02893412485718727,False,0.0
6434,0.1343793123960495,False,0.0
6435,0.045239415019750595,False,0.0
6436,0.008660351857542992,False,0.0
6437,0.005231064278632402,False,0.0
6438,0.005144793074578047,False,0.0
6439,0.005187928676605225,False,0.0
6440,0.002427244558930397,False,0.0
6441,0.15601186454296112,False,0.0
6442,0.010256371460855007,False,0.0
6443,0.0032899584621191025,False,0.0
6444,0.002556651597842574,False,0.0
6445,0.522648811340332,True,1.0
6446,0.11524863541126251,False,0.0
6447,0.09055345505475998,False,0.0
6448,0.08811628818511963,False,0.0
6449,0.17110934853553772,False,0.0
6450,0.07073260843753815,False,0.0
6451,0.05151565745472908,False,0.0
6452,0.05117056891322136,False,0.0
6453,0.06836014240980148,False,0.0
6454,0.012758241966366768,False,0.0
6455,0.0069349235855042934,False,0.0
6456,0.9650045037269592,True,1.0
6457,0.09072599560022354,False,0.0
6458,0.040494490414857864,False,0.0
6459,0.04224148392677307,False,0.0
6460,0.1064273864030838,False,0.0
6461,0.03447706252336502,False,0.0
6462,0.030702689662575722,False,0.0
6463,0.02897725999355316,False,0.0
6464,0.12920303642749786,False,0.2004515528678894
6465,0.010795568116009235,False,0.0
6466,0.006158481817692518,False,0.0
6467,0.004842843394726515,False,0.0
6468,0.00829369854182005,False,0.0
6469,0.005036953371018171,False,0.0
6470,0.00270762643776834,False,0.0
6471,0.003980129491537809,False,0.0
6472,0.0039369938895106316,False,0.0
6473,0.10092759132385254,False,0.0
6474,0.09911588579416275,False,0.0
6475,0.1711309254169464,False,0.16210392117500305
6476,0.12646391987800598,False,0.0
6477,0.1006903424859047,False,0.0
6478,0.09007896482944489,False,0.0
6479,0.17665229737758636,False,0.0
6480,0.11634858697652817,False,0.0
6481,0.9027947187423706,True,1.0
6482,0.06892090290784836,False,0.0
6483,0.010277939960360527,False,0.0
6484,0.0034409333020448685,False,0.0
6485,0.012197477743029594,False,0.0
6486,0.12087783962488174,False,0.0
6487,0.0385533832013607,False,0.0
6488,0.03027133084833622,False,0.0
6489,0.03367904946208,False,0.0
6490,0.13161863386631012,False,0.2563554011285305
6491,0.03948080167174339,False,0.0
6492,0.0381220243871212,False,0.0
6493,0.0429963581264019,False,0.0
6494,0.08570069074630737,False,0.0
6495,0.03018505871295929,False,0.0
6496,0.026906747370958328,False,0.0
6497,0.027704758569598198,False,0.0
6498,0.028265520930290222,False,0.0
6499,0.025375431403517723,False,0.0
6500,0.023671573027968407,False,0.0
6501,0.10383924096822739,False,0.16033533588051796
6502,0.006309456657618284,False,0.0
6503,0.0017155057284981012,False,0.0
6504,0.001068470417521894,False,0.0
6505,0.1441064178943634,False,0.0
6506,0.8833093643188477,True,1.0
6507,0.09234359115362167,False,0.0
6508,0.03751812502741814,False,0.0
6509,0.09139459580183029,False,0.0
6510,0.05390968918800354,False,0.0
6511,0.026259711012244225,False,0.0
6512,0.017611006274819374,False,0.0
6513,0.014009176753461361,False,0.0
6514,0.024598989635705948,False,0.0
6515,0.04970395937561989,False,0.0
6516,0.1303892582654953,False,0.18440505862236023
6517,0.039157282561063766,False,0.0
6518,0.04114152491092682,False,0.0
6519,0.038186728954315186,False,0.0
6520,0.15661576390266418,False,0.0
6521,0.029192939400672913,False,0.0
6522,0.03354964405298233,False,0.0
6523,0.054815538227558136,False,0.0
6524,0.15795296430587769,False,0.28788757510483265
6525,0.03643973544239998,False,0.0
6526,0.03784164413809776,False,0.0
6527,0.017460031434893608,False,0.0
6528,0.010709295980632305,False,0.0
6529,0.009156412445008755,False,0.0
6530,0.011248492635786533,False,0.0
6531,0.9134140014648438,True,1.0
6532,0.060099661350250244,False,0.0
6533,0.010148532688617706,False,0.0
6534,0.001305716810747981,False,0.0
6535,0.5533018708229065,False,0.0
6536,0.020220715552568436,False,0.0
6537,0.0032899584621191025,False,0.0
6538,0.0008096563979052007,False,0.0
6539,0.6433145403862,True,1.0
6540,0.0425434373319149,False,0.0
6541,0.01754630170762539,False,0.0
6542,0.015928713604807854,False,0.0
6543,0.02095402218401432,False,0.0
6544,0.00909170787781477,False,0.0
6545,0.008250562474131584,False,0.0
6546,0.4620726406574249,False,0.0
6547,0.01696397177875042,False,0.0
6548,0.00835840217769146,False,0.0
6549,0.00721530569717288,False,0.0
6550,0.4959506392478943,True,0.9774706671014428
6551,0.015605196356773376,False,0.0
6552,0.005252632312476635,False,0.0
6553,0.002837033709511161,False,0.0
6554,0.5086535811424255,False,0.0
6555,0.013815066777169704,False,0.0
6556,0.9350850582122803,True,1.0
6557,0.06538378447294235,False,0.0
6558,0.009781879372894764,False,0.0
6559,0.004907546564936638,False,0.0
6560,0.005252632312476635,False,0.0
6561,0.5128177404403687,False,0.0
6562,0.01717965118587017,False,0.0
6563,0.0029017373453825712,False,0.0
6564,0.001478259451687336,False,0.0
6565,0.7059401273727417,True,1.0
6566,0.03350650891661644,False,0.0
6567,0.011960231699049473,False,0.0
6568,0.0073662810027599335,False,0.0
6569,0.589030385017395,False,0.0
6570,0.054966509342193604,False,0.0
6571,0.028567472472786903,False,0.0
6572,0.03027133084833622,False,0.0
6573,0.03624562546610832,False,0.0
6574,0.01789138838648796,False,0.0
6575,0.014850323088467121,False,0.0
6576,0.015087569132447243,False,0.0
6577,0.01789138838648796,False,0.0
6578,0.003505636705085635,False,0.0
6579,0.0029233049135655165,False,0.0
6580,0.20682568848133087,False,0.0
6581,0.9370747208595276,True,1.0
6582,0.059172242879867554,False,0.0
6583,0.012154342606663704,False,0.0
6584,0.4680469036102295,False,0.0
6585,0.020975589752197266,False,0.0
6586,0.01004069298505783,False,0.0
6587,0.010860270820558071,False,0.0
6588,0.01075243204832077,False,0.0
6589,0.005252632312476635,False,0.0
6590,0.002427244558930397,False,0.0
6591,0.24277928471565247,False,0.0
6592,0.06928756088018417,False,0.0
6593,0.014936593361198902,False,0.0
6594,0.00827213004231453,False,0.0
6595,0.6001085042953491,True,1.0
6596,0.04101211950182915,False,0.0
6597,0.021299107000231743,False,0.0
6598,0.01847372017800808,False,0.0
6599,0.5833734273910522,False,0.0
6600,0.07888524979352951,False,0.0
6601,0.037474989891052246,False,0.0
6602,0.040580760687589645,False,0.0
6603,0.04959611967206001,False,0.0
6604,0.007948612794280052,False,0.0
6605,0.0030311443842947483,False,0.0
6606,0.9657182693481445,True,1.0
6607,0.056993890553712845,False,0.0
6608,0.8994361758232117,False,0.0
6609,0.0,False,0.0
6610,0.2274661362171173,False,0.0
6611,0.0,False,0.0
6612,0.0,False,0.0
6613,0.0,False,0.0
6614,0.16660167276859283,False,0.3242509663105011
6615,0.05576452240347862,False,0.0
6616,0.06950324028730392,False,0.0
6617,0.007538823876529932,False,0.0
6618,0.005338903516530991,False,0.0
6619,0.004476189613342285,False,0.0
6620,0.006158481817692518,False,0.0
6621,0.14084966480731964,False,0.0
6622,0.03700049966573715,False,0.0
6623,0.028308657929301262,False,0.0
6624,0.03065955452620983,False,0.0
6625,0.4835508465766907,True,0.958968891762197
6626,0.024124495685100555,False,0.0
6627,0.006697678007185459,False,0.0
6628,0.004066400695592165,False,0.0
6629,0.41499578952789307,False,0.0
6630,0.011334763839840889,False,0.0
6631,0.8880736827850342,True,1.0
6632,0.0669366642832756,False,0.0
6633,0.013642522506415844,False,0.0
6634,0.005834964103996754,False,0.0
6635,0.01549735851585865,False,0.0
6636,0.154804065823555,False,0.24319901317358017
6637,0.03434765338897705,False,0.0
6638,0.03320455923676491,False,0.0
6639,0.04023567587137222,False,0.0
6640,0.14913171529769897,False,0.0
6641,0.04845302551984787,False,0.0
6642,0.039782751351594925,False,0.0
6643,0.04500216990709305,False,0.0
6644,0.18644408881664276,False,0.361218249425292
6645,0.048604000359773636,False,0.0
6646,0.057382114231586456,False,0.0
6647,0.013319005258381367,False,0.0
6648,0.0069349235855042934,False,0.0
6649,0.005834964103996754,False,0.0
6650,0.007409416139125824,False,0.0
6651,0.15823334455490112,False,0.2293093055486679
6652,0.05268032103776932,False,0.0
6653,0.04357869178056717,False,0.0
6654,0.04560606926679611,False,0.0
6655,0.517739474773407,False,0.0
6656,0.8769108057022095,True,1.0
6657,0.09989233314990997,False,0.0
6658,0.06900718063116074,False,0.0
6659,0.20421598851680756,False,0.0
6660,0.03652600571513176,False,0.0
6661,0.01877566985785961,False,0.0
6662,0.01985406130552292,False,0.0
6663,0.02751064859330654,False,0.0
6664,0.06171724945306778,False,0.0
6665,0.056907620280981064,False,0.0
6666,0.15691770613193512,False,0.0
6667,0.07521872222423553,False,0.0
6668,0.07791469991207123,False,0.0
6669,0.07657749205827713,False,0.0
6670,0.19431635737419128,False,0.35108137503266335
6671,0.0367848202586174,False,0.0
6672,0.030594849959015846,False,0.0
6673,0.02986154332756996,False,0.0
6674,0.03462803736329079,False,0.0
6675,0.013901337049901485,False,0.0
6676,0.010234803892672062,False,0.0
6677,0.010428914800286293,False,0.0
6678,0.01148573961108923,False,0.0
6679,0.00479970732703805,False,0.0
6680,0.0043899184092879295,False,0.0
6681,0.9038560390472412,True,1.0
6682,0.05874088406562805,False,0.0
6683,0.010342643596231937,False,0.0
6684,0.003138983389362693,False,0.0
6685,0.4603438377380371,False,0.0
6686,0.03214773163199425,False,0.0
6687,0.011356331408023834,False,0.0
6688,0.008617215789854527,False,0.0
6689,0.5745089650154114,True,1.0
6690,0.04536882042884827,False,0.0
6691,0.0152816791087389,False,0.0
6692,0.012585698626935482,False,0.0
6693,0.01843058504164219,False,0.0
6694,0.05945262312889099,False,0.0
6695,0.05833109840750694,False,0.0
6696,0.15637850761413574,False,0.0
6697,0.07401091605424881,False,0.0
6698,0.06007809191942215,False,0.0
6699,0.062407415360212326,False,0.0
6700,0.1982416957616806,False,0.35371263325214386
6701,0.08119301497936249,False,0.0
6702,0.0718109980225563,False,0.0
6703,0.08229296654462814,False,0.0
6704,0.1969476193189621,False,0.0
6705,0.021385379135608673,False,0.0
6706,0.9417369365692139,True,1.0
6707,0.07222078740596771,False,0.0
6708,0.011766120791435242,False,0.0
6709,0.006827084813266993,False,0.0
6710,0.00837996881455183,False,0.0
6711,0.11567999422550201,False,0.1729741096496582
6712,0.0505451038479805,False,0.0
6713,0.03214773163199425,False,0.0
6714,0.029192939400672913,False,0.0
6715,0.21540971100330353,False,0.0
6716,0.019659951329231262,False,0.0
6717,0.008185858838260174,False,0.0
6718,0.005791828036308289,False,0.0
6719,0.6594759821891785,True,1.0
6720,0.06363678723573685,False,0.0
6721,0.021299107000231743,False,0.0
6722,0.02272258698940277,False,0.0
6723,0.03165167197585106,False,0.0
6724,0.06076826527714729,False,0.0
6725,0.05440574884414673,False,0.0
6726,0.12829717993736267,False,0.1943262703716755
6727,0.06266622990369797,False,0.0
6728,0.034153543412685394,False,0.0
6729,0.031134044751524925,False,0.0
6730,0.10317064821720123,False,0.0
6731,0.9388241171836853,True,1.0
6732,0.10485293716192245,False,0.0
6733,0.05246464163064957,False,0.0
6734,0.12342285364866257,False,0.0
6735,0.057166434824466705,False,0.0
6736,0.016899267211556435,False,0.0
6737,0.007862341590225697,False,0.0
6738,0.008099587634205818,False,0.0
6739,0.009674040600657463,False,0.0
6740,0.05205485224723816,False,0.0
6741,0.10834693163633347,False,0.2002790104597807
6742,0.04215521365404129,False,0.0
6743,0.04111995920538902,False,0.0
6744,0.008207426406443119,False,0.0
6745,0.5181729197502136,False,0.0
6746,0.033614348620176315,False,0.0
6747,0.013685658574104309,False,0.0
6748,0.0108387041836977,False,0.0
6749,0.5747048258781433,True,1.0
6750,0.07588732242584229,False,0.0
6751,0.04008470103144646,False,0.0
6752,0.03782007843255997,False,0.0
6753,0.05326265096664429,False,0.0
6754,0.01081713568419218,False,0.0
6755,0.0063957273960113525,False,0.0
6756,0.9669818878173828,True,1.0
6757,0.06068199500441551,False,0.0
6758,0.011097517795860767,False,0.0
6759,0.005382039118558168,False,0.0
6760,0.2514711320400238,False,0.0
6761,0.06070355698466301,False,0.0
6762,0.05621744319796562,False,0.0
6763,0.15724122524261475,False,0.20204756408929825
6764,0.07045222818851471,False,0.0
6765,0.02188143879175186,False,0.0
6766,0.01696397177875042,False,0.0
6767,0.01633850298821926,False,0.0
6768,0.017352191731333733,False,0.0
6769,0.015109136700630188,False,0.0
6770,0.01454837154597044,False,0.0
6771,0.013901337049901485,False,0.0
6772,0.019767791032791138,False,0.0
6773,0.013534684665501118,False,0.0
6774,0.011981799267232418,False,0.0
6775,0.5559190511703491,True,1.0
6776,0.14788077771663666,False,0.0
6777,0.14732001721858978,False,0.0
6778,0.24469883739948273,False,0.0
6779,0.02574208378791809,False,0.0
6780,0.009825015440583229,False,0.0
6781,0.9029684662818909,True,1.0
6782,0.07461481541395187,False,0.0
6783,0.014979729428887367,False,0.0
6784,0.009566200897097588,False,0.0
6785,0.016554182395339012,False,0.0
6786,0.16338805854320526,False,0.0
6787,0.0567350760102272,False,0.0
6788,0.05017844960093498,False,0.0
6789,0.05669194087386131,False,0.0
6790,0.18469709157943726,False,0.3327486924827099
6791,0.08490268141031265,False,0.0
6792,0.09342198073863983,False,0.0
6793,0.14518480002880096,False,0.0
6794,0.06924442946910858,False,0.0
6795,0.06536221504211426,False,0.0
6796,0.07377367466688156,False,0.0
6797,0.02507348172366619,False,0.0
6798,0.018322745338082314,False,0.0
6799,0.019099188968539238,False,0.0
6800,0.020306987687945366,False,0.0
6801,0.14652201533317566,False,0.18932253867387772
6802,0.05582922697067261,False,0.0
6803,0.0518607459962368,False,0.0
6804,0.055742956697940826,False,0.0
6805,0.5391644835472107,False,0.0
6806,0.8843669891357422,True,1.0
6807,0.06512496620416641,False,0.0
6808,0.19353990256786346,False,0.0
6809,0.03523193672299385,False,0.0
6810,0.015799308195710182,False,0.0
6811,0.013685658574104309,False,0.0
6812,0.026044035330414772,False,0.0
6813,0.008962301537394524,False,0.0
6814,0.006309456657618284,False,0.0
6815,0.00561928516253829,False,0.0
6816,0.18963612616062164,False,0.0
6817,0.05507435277104378,False,0.0
6818,0.05928007885813713,False,0.0
6819,0.012154342606663704,False,0.0
6820,0.47563645243644714,True,0.9400343345478177
6821,0.06717391312122345,False,0.0
6822,0.05576452240347862,False,0.0
6823,0.18840675055980682,False,0.0
6824,0.022808857262134552,False,0.0
6825,0.0161659624427557,False,0.0
6826,0.014871890656650066,False,0.0
6827,0.016985539346933365,False,0.0
6828,0.004411486443132162,False,0.0
6829,0.0026644908357411623,False,0.0
6830,0.0026213552337139845,False,0.0
6831,0.9317373037338257,True,1.0
6832,0.056195881217718124,False,0.0
6833,0.005446742754429579,False,0.0
6834,0.0005508422618731856,False,0.0
6835,0.5521506071090698,False,0.0
6836,0.030206626281142235,False,0.0
6837,0.015583628788590431,False,0.0
6838,0.6028428077697754,True,1.0
6839,0.0461236946284771,False,0.0
6840,0.021299107000231743,False,0.0
6841,0.020479528233408928,False,0.0
6842,0.02787730097770691,False,0.0
6843,0.005533013958483934,False,0.0
6844,0.004174239933490753,False,0.0
6845,0.0037213151808828115,False,0.0
6846,0.22543874382972717,False,0.3902485556900501
6847,0.0718325674533844,False,0.0
6848,0.08270275592803955,False,0.0
6849,0.03031446598470211,False,0.0
6850,0.3984765112400055,False,0.0
6851,0.028545904904603958,False,0.0
6852,0.01700710691511631,False,0.0
6853,0.4527031481266022,True,0.8925717053934932
6854,0.019077619537711143,False,0.0
6855,0.006417295429855585,False,0.0
6856,0.895291268825531,False,0.0
6857,0.0642838180065155,False,0.0
6858,0.8993563652038574,True,1.0
6859,0.0,False,0.0
6860,0.0,False,0.0
6861,0.21937818825244904,False,0.0
6862,0.0,False,0.0
6863,0.0,False,0.0
6864,0.0,False,0.0
6865,0.6027888059616089,True,1.0
6866,0.12887951731681824,False,0.0
6867,0.10407649725675583,False,0.0
6868,0.11248794943094254,False,0.0
6869,0.12935400009155273,False,0.0
6870,0.02779102884232998,False,0.0
6871,0.010083829052746296,False,0.0
6872,0.009587768465280533,False,0.0
6873,0.014613076113164425,False,0.0
6874,0.09130832552909851,False,0.0
6875,0.08971231430768967,False,0.0
6876,0.23402273654937744,True,0.4488699361681938
6877,0.021018726751208305,False,0.0
6878,0.005317335482686758,False,0.0
6879,0.005166360642760992,False,0.0
6880,0.47634243965148926,False,0.0
6881,0.928552508354187,True,1.0
6882,0.0691581591963768,False,0.0
6883,0.24907711148262024,False,0.0
6884,0.02157948911190033,False,0.0
6885,0.009674040600657463,False,0.0
6886,0.00911327637732029,False,0.0
6887,0.010105396620929241,False,0.0
6888,0.004756571725010872,False,0.0
6889,0.0034840689040720463,False,0.0
6890,0.0026644908357411623,False,0.0
6891,0.24631641805171967,True,0.48104918003082275
6892,0.01834431290626526,False,0.0
6893,0.007711365818977356,False,0.0
6894,0.005791828036308289,False,0.0
6895,0.6167855858802795,False,0.0
6896,0.04495903477072716,False,0.0
6897,0.024620557203888893,False,0.0
6898,0.6332520246505737,True,1.0
6899,0.0695895105600357,False,0.0
6900,0.02938705123960972,False,0.0
6901,0.029710566624999046,False,0.0
6902,0.039006307721138,False,0.0
6903,0.016769861802458763,False,0.0
6904,0.013275869190692902,False,0.0
6905,0.012693538330495358,False,0.0
6906,0.9843011498451233,True,1.0
6907,0.04797853156924248,False,0.0
6908,0.005489878356456757,False,0.0
6909,0.0,False,0.0
6910,0.4389970600605011,False,0.0
6911,0.016769861802458763,False,0.0
6912,0.005446742754429579,False,0.0
6913,0.4801776111125946,True,0.9603552222251892
6914,0.02356373332440853,False,0.0
6915,0.006870220880955458,False,0.0
6916,0.006654541939496994,False,0.0
6917,0.0115073062479496,False,0.0
6918,0.0010900383349508047,False,0.0
6919,0.0,False,0.0
6920,0.0,False,0.0
6921,0.2502202093601227,False,0.0
6922,0.014979729428887367,False,0.0
6923,0.006546703167259693,False,0.0
6924,0.003613476175814867,False,0.0
6925,0.639823317527771,True,1.0
6926,0.09894334524869919,False,0.0
6927,0.08302628248929977,False,0.0
6928,0.20962952077388763,False,0.0
6929,0.01534638274461031,False,0.0
6930,0.006697678007185459,False,0.0
6931,0.8807808756828308,True,1.0
6932,0.0651896744966507,False,0.0
6933,0.010623025707900524,False,0.0
6934,0.005338903516530991,False,0.0
6935,0.009695607237517834,False,0.0
6936,0.2239721268415451,True,0.4303216002881527
6937,0.07461481541395187,False,0.0
6938,0.05781346559524536,False,0.0
6939,0.06411127746105194,False,0.0
6940,0.18555979430675507,False,0.0
6941,0.06234271451830864,False,0.0
6942,0.0629897490143776,False,0.0
6943,0.1906713843345642,False,0.2657158374786377
6944,0.021428516134619713,False,0.0
6945,0.011377899907529354,False,0.0
6946,0.011054381728172302,False,0.0
6947,0.012887649238109589,False,0.0
6948,0.05227053165435791,False,0.0
6949,0.04715895280241966,False,0.0
6950,0.05369400978088379,False,0.0
6951,0.17529350519180298,False,0.32847824692726135
6952,0.017309056594967842,False,0.0
6953,0.009587768465280533,False,0.0
6954,0.008811326697468758,False,0.0
6955,0.6065305471420288,False,0.0
6956,0.8830446004867554,True,1.0
6957,0.05925851687788963,False,0.0
6958,0.1977887749671936,False,0.0
6959,0.025763651356101036,False,0.0
6960,0.009372089989483356,False,0.0
6961,0.00986815057694912,False,0.0
6962,0.016812996938824654,False,0.0
6963,0.006719246041029692,False,0.0
6964,0.0061800493858754635,False,0.0
6965,0.0047781397588551044,False,0.0
6966,0.4246727228164673,True,0.8345697494223714
6967,0.09883550554513931,False,0.0
6968,0.07383837550878525,False,0.0
6969,0.07968326658010483,False,0.0
6970,0.17635034024715424,False,0.0
6971,0.08309098333120346,False,0.0
6972,0.06348580867052078,False,0.0
6973,0.13916736841201782,False,0.15136311948299408
6974,0.08671437948942184,False,0.0
6975,0.032061465084552765,False,0.0
6976,0.0192717295140028,False,0.0
6977,0.019961901009082794,False,0.0
6978,0.022895129397511482,False,0.0
6979,0.00840153731405735,False,0.0
6980,0.007387848105281591,False,0.0
6981,0.8949851393699646,True,1.0
6982,0.0571880005300045,False,0.0
6983,0.010515186004340649,False,0.0
6984,0.0026213552337139845,False,0.0
6985,0.4699418246746063,False,0.0
6986,0.09236515313386917,False,0.0
6987,0.06115648150444031,False,0.0
6988,0.09633363783359528,False,0.0
6989,0.07420503348112106,False,0.0
6990,0.04694327339529991,False,0.0
6991,0.03223400563001633,False,0.0
6992,0.03320455923676491,False,0.0
6993,0.036375030875205994,False,0.0
6994,0.10923121124505997,False,0.0
6995,0.08162436634302139,False,0.0
6996,0.13364599645137787,False,0.0
6997,0.09734732657670975,False,0.0
6998,0.10418432950973511,False,0.0
6999,0.08505365252494812,False,0.0
7000,0.1383909434080124,False,0.16262156516313553
7001,0.10668619722127914,False,0.0
7002,0.09749829769134521,False,0.0
7003,0.13276171684265137,False,0.0
7004,0.057080160826444626,False,0.0
7005,0.06805819272994995,False,0.0
7006,0.8829382061958313,True,1.0
7007,0.05971143767237663,False,0.0
7008,0.00902700424194336,False,0.0
7009,0.002535084029659629,False,0.0
7010,0.010450482368469238,False,0.0
7011,0.07459325343370438,False,0.0
7012,0.03227714076638222,False,0.0
7013,0.03609464690089226,False,0.0
7014,0.5712383389472961,True,1.0
7015,0.03214773163199425,False,0.0
7016,0.011248492635786533,False,0.0
7017,0.008703486993908882,False,0.0
7018,0.540989100933075,False,0.0
7019,0.0616309754550457,False,0.0
7020,0.02423233538866043,False,0.0
7021,0.02556954137980938,False,0.0
7022,0.03165167197585106,False,0.0
7023,0.06986989825963974,False,0.0
7024,0.046209968626499176,False,0.0
7025,0.05289600044488907,False,0.0
7026,0.10539213567972183,False,0.0
7027,0.09803749620914459,False,0.0
7028,0.07567164301872253,False,0.0
7029,0.1313382387161255,False,0.0
7030,0.09551405906677246,False,0.0
7031,0.9067596793174744,True,1.0
7032,0.101984404027462,False,0.0
7033,0.11527019739151001,False,0.0
7034,0.04534725472331047,False,0.0
7035,0.05345676466822624,False,0.0
7036,0.013793498277664185,False,0.0
7037,0.008121155202388763,False,0.0
7038,0.008660351857542992,False,0.0
7039,0.008423104882240295,False,0.0
7040,0.06003495678305626,False,0.0
7041,0.11190562695264816,False,0.0
7042,0.042888518422842026,False,0.0
7043,0.0425434373319149,False,0.0
7044,0.5441114902496338,True,1.0
7045,0.1228620782494545,False,0.0
7046,0.09262397140264511,False,0.0
7047,0.10713912546634674,False,0.0
7048,0.20872366428375244,False,0.0
7049,0.06413284689188004,False,0.0
7050,0.04487276077270508,False,0.0
7051,0.042306188493967056,False,0.0
7052,0.055225323885679245,False,0.0
7053,0.011291628703474998,False,0.0
7054,0.006848652847111225,False,0.0
7055,0.006762381177395582,False,0.0
7056,0.933010458946228,True,1.0
7057,0.10782929509878159,False,0.0
7058,0.056497830897569656,False,0.0
7059,0.15107282996177673,False,0.0
7060,0.07858330011367798,False,0.0
7061,0.02011287771165371,False,0.0
7062,0.007603527046740055,False,0.0
7063,0.007064330857247114,False,0.0
7064,0.010989679023623466,False,0.0
7065,0.004368350841104984,False,0.0
7066,0.001888048485852778,False,0.0
7067,0.002146862680092454,False,0.0
7068,0.0033762298990041018,False,0.0
7069,0.041335638612508774,False,0.0
7070,0.03540448099374771,False,0.0
7071,0.1308853179216385,False,0.0
7072,0.05257248505949974,False,0.0
7073,0.016403207555413246,False,0.0
7074,0.5495385527610779,True,1.0
7075,0.0967002883553505,False,0.0
7076,0.0669798031449318,False,0.0
7077,0.07541283220052719,False,0.0
7078,0.16168420016765594,False,0.0
7079,0.018042363226413727,False,0.0
7080,0.006223184987902641,False,0.0
7081,0.8523066639900208,True,1.0
7082,0.06506026536226273,False,0.0
7083,0.006438863463699818,False,0.0
7084,0.0059428028762340546,False,0.0
7085,0.010019125416874886,False,0.0
7086,0.15857844054698944,False,0.0
7087,0.06068199500441551,False,0.0
7088,0.074916772544384,False,0.0
7089,0.18914006650447845,False,0.3512107636779547
7090,0.06113491579890251,False,0.0
7091,0.060056526213884354,False,0.0
7092,0.07215608656406403,False,0.0
7093,0.12706781923770905,False,0.0
7094,0.05835266038775444,False,0.0
7095,0.05035099387168884,False,0.0
7096,0.05824482440948486,False,0.0
7097,0.021255971863865852,False,0.0
7098,0.014915025793015957,False,0.0
7099,0.013534684665501118,False,0.0
7100,0.017481600865721703,False,0.0
7101,0.10129424184560776,False,0.0
7102,0.0531979501247406,False,0.0
7103,0.05205485224723816,False,0.0
7104,0.5073316693305969,False,0.0
7105,0.024706829339265823,False,0.0
7106,0.8401498198509216,False,0.0
7107,0.08798687905073166,False,0.0
7108,0.8993505239486694,True,1.0
7109,0.02556954137980938,False,0.0
7110,0.004821275360882282,False,0.0
7111,0.014807187020778656,False,0.0
7112,0.0,False,0.0
7113,0.0,False,0.0
7114,0.0,False,0.0
7115,0.0,False,0.0
7116,0.06928756088018417,False,0.0
7117,0.11824657022953033,False,0.0
7118,0.04096898064017296,False,0.0
7119,0.05815855413675308,False,0.0
7120,0.12288365513086319,False,0.23935993621125817
7121,0.03976118192076683,False,0.0
7122,0.037431854754686356,False,0.0
7123,0.045282553881406784,False,0.0
7124,0.09836101531982422,False,0.0
7125,0.03646130487322807,False,0.0
7126,0.03387316316366196,False,0.0
7127,0.03669854998588562,False,0.0
7128,0.012564131990075111,False,0.0
7129,0.0035919081419706345,False,0.0
7130,0.003203687025234103,False,0.0
7131,0.004023265093564987,False,0.0
7132,0.8694451451301575,True,1.0
7133,0.11982101202011108,False,0.0
7134,0.06012122705578804,False,0.0
7135,0.1622881144285202,False,0.0
7136,0.10442157834768295,False,0.0
7137,0.0829184353351593,False,0.0
7138,0.06570729613304138,False,0.0
7139,0.09984919428825378,False,0.0
7140,0.0815812274813652,False,0.0
7141,0.0736226961016655,False,0.0
7142,0.05550571158528328,False,0.0
7143,0.05710172653198242,False,0.0
7144,0.06933069974184036,False,0.0
7145,0.0997844859957695,False,0.0
7146,0.08395369350910187,False,0.0
7147,0.13893012702465057,False,0.1668488308787346
7148,0.11660740524530411,False,0.0
7149,0.09514740109443665,False,0.0
7150,0.11555057764053345,False,0.0
7151,0.0656210258603096,False,0.0
7152,0.0780441090464592,False,0.0
7153,0.0798342376947403,False,0.0
7154,0.11913084983825684,False,0.0
7155,0.05511748790740967,False,0.0
7156,0.058093853294849396,False,0.0
7157,0.846057116985321,True,1.0
7158,0.055742956697940826,False,0.0
7159,0.006762381177395582,False,0.0
7160,0.0019096164032816887,False,0.0
7161,0.007689798716455698,False,0.0
7162,0.08792217820882797,False,0.0
7163,0.034865282475948334,False,0.0
7164,0.04398848116397858,False,0.0
7165,0.4139763414859772,True,0.7868642173707485
7166,0.12366008758544922,False,0.0
7167,0.09812376648187637,False,0.0
7168,0.10373140871524811,False,0.0
7169,0.12959125638008118,False,0.0
7170,0.03639660030603409,False,0.0
7171,0.020544232800602913,False,0.0
7172,0.021191267296671867,False,0.0
7173,0.02498721145093441,False,0.0
7174,0.08196945488452911,False,0.0
7175,0.061738815158605576,False,0.0
7176,0.06398187577724457,False,0.0
7177,0.13239507377147675,False,0.16313917189836502
7178,0.06706607341766357,False,0.0
7179,0.050825487822294235,False,0.0
7180,0.1073116660118103,False,0.0
7181,0.06745429337024689,False,0.0
7182,0.8887544870376587,True,1.0
7183,0.08716730773448944,False,0.0
7184,0.06769154220819473,False,0.0
7185,0.029063532128930092,False,0.0
7186,0.03402413800358772,False,0.0
7187,0.006762381177395582,False,0.0
7188,0.003764451015740633,False,0.0
7189,0.003397797467187047,False,0.0
7190,0.004821275360882282,False,0.0
7191,0.04073173552751541,False,0.0
7192,0.04735306277871132,False,0.0
7193,0.026475390419363976,False,0.0
7194,0.02800670824944973,False,0.0
7195,0.154804065823555,False,0.0
7196,0.06596611440181732,False,0.0
7197,0.061738815158605576,False,0.0
7198,0.06889934092760086,False,0.0
7199,0.5742812156677246,True,1.0
7200,0.06544848531484604,False,0.0
7201,0.022075550630688667,False,0.0
7202,0.01843058504164219,False,0.0
7203,0.03137129172682762,False,0.0
7204,0.006050642114132643,False,0.0
7205,0.00410953676328063,False,0.0
7206,0.004066400695592165,False,0.0
7207,0.9052153825759888,True,1.0
7208,0.1028902679681778,False,0.0
7209,0.04812950640916824,False,0.0
7210,0.12516984343528748,False,0.0
7211,0.07649122178554535,False,0.0
7212,0.05705859139561653,False,0.0
7213,0.04088271036744118,False,0.0
7214,0.09143773466348648,False,0.1011100485920906
7215,0.05818011984229088,False,0.0
7216,0.0219245757907629,False,0.0
7217,0.008919165469706059,False,0.0
7218,0.009523064829409122,False,0.0
7219,0.01383663434535265,False,0.0
7220,0.030724257230758667,False,0.0
7221,0.026928314939141273,False,0.0
7222,0.06130746006965637,False,0.0
7223,0.03514566645026207,False,0.0
7224,0.018042363226413727,False,0.0
7225,0.5161381959915161,True,1.0
7226,0.0953199490904808,False,0.0
7227,0.07131493836641312,False,0.0
7228,0.07323447614908218,False,0.0
7229,0.14527107775211334,False,0.0
7230,0.015022865496575832,False,0.0
7231,0.006115345750004053,False,0.0
7232,0.851728081703186,True,1.0
7233,0.0643053874373436,False,0.0
7234,0.010385778732597828,False,0.0
7235,0.0069780596531927586,False,0.0
7236,0.01599341817200184,False,0.0
7237,0.416188508272171,True,0.8094918094575405
7238,0.0829184353351593,False,0.0
7239,0.05177447199821472,False,0.0
7240,0.0829400047659874,False,0.0
7241,0.0704953595995903,False,0.0
7242,0.06329169869422913,False,0.0
7243,0.04953141510486603,False,0.0
7244,0.10478823632001877,False,0.11051364243030548
7245,0.06661315262317657,False,0.0
7246,0.020457962527871132,False,0.0
7247,0.011442603543400764,False,0.0
7248,0.01297391951084137,False,0.0
7249,0.013426844961941242,False,0.0
7250,0.055742956697940826,False,0.0
7251,0.05173133686184883,False,0.0
7252,0.0908769741654396,False,0.11810551583766937
7253,0.0669582337141037,False,0.0
7254,0.03182421624660492,False,0.0
7255,0.5672250390052795,False,0.0
7256,0.029236076399683952,False,0.0
7257,0.855525553226471,True,1.0
7258,0.09952568262815475,False,0.0
7259,0.11317812651395798,False,0.0
7260,0.03395943343639374,False,0.0
7261,0.042306188493967056,False,0.0
7262,0.011054381728172302,False,0.0
7263,0.005640853196382523,False,0.0
7264,0.005058521404862404,False,0.0
7265,0.005813396070152521,False,0.0
7266,0.00829369854182005,False,0.0
7267,0.005748692434281111,False,0.0
7268,0.005597717594355345,False,0.0
7269,0.006719246041029692,False,0.0
7270,0.42058655619621277,True,0.8190643489360809
7271,0.07379524409770966,False,0.0
7272,0.05431947857141495,False,0.0
7273,0.048604000359773636,False,0.0
7274,0.15100811421871185,False,0.0
7275,0.025246024131774902,False,0.0
7276,0.011248492635786533,False,0.0
7277,0.011054381728172302,False,0.0
7278,0.020565800368785858,False,0.0
7279,0.03018505871295929,False,0.0
7280,0.030810529366135597,False,0.0
7281,0.11304870992898941,False,0.0
7282,0.8750781416893005,True,1.0
7283,0.12312089651823044,False,0.0
7284,0.11384671926498413,False,0.0
7285,0.4454920291900635,False,0.0
7286,0.08043813705444336,False,0.0
7287,0.0664837434887886,False,0.0
7288,0.06523280590772629,False,0.0
7289,0.15717652440071106,False,0.18388743698596954
7290,0.06730332225561142,False,0.0
7291,0.06001339107751846,False,0.0
7292,0.06022906303405762,False,0.0
7293,0.07062476873397827,False,0.0
7294,0.1028686910867691,False,0.0
7295,0.07746177166700363,False,0.0
7296,0.17943453788757324,False,0.0
7297,0.10493921488523483,False,0.0
7298,0.11110761016607285,False,0.0
7299,0.09969821572303772,False,0.0
7300,0.4759730398654938,True,0.8319192975759506
7301,0.09924529492855072,False,0.0
7302,0.07060319930315018,False,0.0
7303,0.07245803624391556,False,0.0
7304,0.37194058299064636,False,0.0
7305,0.020673640072345734,False,0.0
7306,0.007711365818977356,False,0.0
7307,0.8767671585083008,True,1.0
7308,0.08839666843414307,False,0.0
7309,0.03447706252336502,False,0.0
7310,0.04970395937561989,False,0.0
7311,0.17192892730236053,False,0.0
7312,0.014871890656650066,False,0.0
7313,0.005813396070152521,False,0.0
7314,0.003505636705085635,False,0.0
7315,0.6005171537399292,True,1.0
7316,0.08593793958425522,False,0.0
7317,0.05626058205962181,False,0.0
7318,0.06096237525343895,False,0.0
7319,0.15778042376041412,False,0.0
7320,0.03061641752719879,False,0.0
7321,0.014246421866118908,False,0.0
7322,0.014483669772744179,False,0.0
7323,0.01696397177875042,False,0.0
7324,0.07329918444156647,False,0.0
7325,0.07353642582893372,False,0.0
7326,0.3657078444957733,True,0.6103967875242233
7327,0.08697319030761719,False,0.0
7328,0.06050945073366165,False,0.0
7329,0.08253022283315659,False,0.0
7330,0.42557549476623535,False,0.0
7331,0.018624695017933846,False,0.0
7332,0.8753494024276733,True,1.0
7333,0.05893499404191971,False,0.0
7334,0.4165598750114441,False,0.0
7335,0.02002660557627678,False,0.0
7336,0.008013316430151463,False,0.0
7337,0.0069349235855042934,False,0.0
7338,0.016144393011927605,False,0.0
7339,0.047331493347883224,False,0.0
7340,0.05084705352783203,False,0.0
7341,0.12560120224952698,False,0.10921956598758698
7342,0.07099141925573349,False,0.0
7343,0.11772894114255905,False,0.0
7344,0.14425738155841827,False,0.0
7345,0.5200562477111816,False,0.0
7346,0.040537625551223755,False,0.0
7347,0.022204957902431488,False,0.0
7348,0.020306987687945366,False,0.0
7349,0.5518752336502075,True,1.0
7350,0.05192544683814049,False,0.0
7351,0.018624695017933846,False,0.0
7352,0.019293298944830894,False,0.0
7353,0.023110806941986084,False,0.0
7354,0.04506687447428703,False,0.0
7355,0.042715977877378464,False,0.0
7356,0.10101386159658432,False,0.0
7357,0.8919935822486877,False,0.0
7358,0.8997056484222412,True,1.0
7359,0.012758241966366768,False,0.0
7360,0.07675003260374069,False,0.0
7361,0.054297905415296555,False,0.0
7362,0.05470770224928856,False,0.0
7363,0.03367904946208,False,0.0
7364,0.0762539729475975,False,0.0
7365,0.057748764753341675,False,0.0
7366,0.006870220880955458,False,0.0
7367,0.0,False,0.0
7368,0.0,False,0.0
7369,0.002017455641180277,False,0.0
7370,0.03631032630801201,False,0.0
7371,0.046878572553396225,False,0.0
7372,0.025008777156472206,False,0.0
7373,0.03018505871295929,False,0.0
7374,0.001866480684839189,False,0.0
7375,0.5063008069992065,True,1.0
7376,0.09072599560022354,False,0.0
7377,0.06182508543133736,False,0.0
7378,0.06710921227931976,False,0.0
7379,0.1215248703956604,False,0.0
7380,0.008638783358037472,False,0.0
7381,0.00035673167440108955,False,0.0
7382,0.8409355878829956,True,1.0
7383,0.08852607756853104,False,0.0
7384,0.03792791813611984,False,0.0
7385,0.03214773163199425,False,0.0
7386,0.08712416887283325,False,0.0
7387,0.08000677824020386,False,0.0
7388,0.057382114231586456,False,0.0
7389,0.059344787150621414,False,0.0
7390,0.31309035420417786,True,0.5618852451443672
7391,0.05488023906946182,False,0.0
7392,0.03648287057876587,False,0.0
7393,0.034239813685417175,False,0.0
7394,0.09143773466348648,False,0.0
7395,0.022312797605991364,False,0.0
7396,0.014375830069184303,False,0.0
7397,0.013879770413041115,False,0.0
7398,0.01944427378475666,False,0.0
7399,0.03952393680810928,False,0.0
7400,0.03622405603528023,False,0.0
7401,0.07968326658010483,False,0.0
7402,0.046792298555374146,False,0.0
7403,0.11363104730844498,False,0.0
7404,0.10077661275863647,False,0.0
7405,0.30226975679397583,False,0.0
7406,0.25182196497917175,False,0.0
7407,0.8364235162734985,True,1.0
7408,0.09365922212600708,False,0.0
7409,0.08856921643018723,False,0.0
7410,0.03469274193048477,False,0.0
7411,0.04554136469960213,False,0.0
7412,0.016705157235264778,False,0.0
7413,0.008832894265651703,False,0.0
7414,0.006115345750004053,False,0.0
7415,0.014073880389332771,False,0.0
7416,0.0829400047659874,False,0.0
7417,0.031134044751524925,False,0.0
7418,0.027402808889746666,False,0.0
7419,0.03283790498971939,False,0.0
7420,0.3901446461677551,True,0.7520552594214678
7421,0.0660739541053772,False,0.0
7422,0.044268861413002014,False,0.0
7423,0.049898069351911545,False,0.0
7424,0.25755006074905396,False,0.0
7425,0.02246377244591713,False,0.0
7426,0.015044433064758778,False,0.0
7427,0.014117016457021236,False,0.0
7428,0.01953054405748844,False,0.0
7429,0.014138584025204182,False,0.0
7430,0.016726724803447723,False,0.0
7431,0.06262309849262238,False,0.0
7432,0.8345876336097717,True,1.0
7433,0.12130919843912125,False,0.0
7434,0.07789313048124313,False,0.0
7435,0.3336101174354553,False,0.0
7436,0.11988572031259537,False,0.0
7437,0.07467951625585556,False,0.0
7438,0.055721383541822433,False,0.0
7439,0.11332910507917404,False,0.11521544307470322
7440,0.07910092920064926,False,0.0
7441,0.023822546005249023,False,0.0
7442,0.015367950312793255,False,0.0
7443,0.016360072419047356,False,0.0
7444,0.0219245757907629,False,0.0
7445,0.064715176820755,False,0.0
7446,0.09301219135522842,False,0.0
7447,0.046835433691740036,False,0.0
7448,0.05356460437178612,False,0.0
7449,0.0842340812087059,False,0.0
7450,0.12357381731271744,False,0.20027898624539375
7451,0.06044474244117737,False,0.0
7452,0.08328508585691452,False,0.0
7453,0.04340614750981331,False,0.0
7454,0.02343432419002056,False,0.0
7455,0.023995090276002884,False,0.0
7456,0.03180265054106712,False,0.0
7457,0.8395301699638367,True,1.0
7458,0.07090514898300171,False,0.0
7459,0.020608937367796898,False,0.0
7460,0.0323418453335762,False,0.0
7461,0.09572973847389221,False,0.0
7462,0.11147426813840866,False,0.0
7463,0.09154557436704636,False,0.0
7464,0.09555719792842865,False,0.0
7465,0.42735597491264343,True,0.8120705969631672
7466,0.08623988926410675,False,0.0
7467,0.0629897490143776,False,0.0
7468,0.05962516739964485,False,0.0
7469,0.11680152267217636,False,0.0
7470,0.03378688916563988,False,0.0
7471,0.022399069741368294,False,0.0
7472,0.021320676431059837,False,0.0
7473,0.028826287016272545,False,0.0
7474,0.05104116350412369,False,0.0
7475,0.04239245876669884,False,0.0
7476,0.07245803624391556,False,0.0
7477,0.06025063619017601,False,0.0
7478,0.08947505801916122,False,0.0
7479,0.07194040715694427,False,0.0
7480,0.11371731758117676,False,0.0
7481,0.09902962297201157,False,0.0
7482,0.823249101638794,True,1.0
7483,0.07843232899904251,False,0.0
7484,0.046964842826128006,False,0.0
7485,0.022938264533877373,False,0.0
7486,0.03475744649767876,False,0.0
7487,0.008919165469706059,False,0.0
7488,0.005295767914503813,False,0.0
7489,0.004260511603206396,False,0.0
7490,0.005489878356456757,False,0.0
7491,0.039006307721138,False,0.0
7492,0.02019914798438549,False,0.0
7493,0.015713036060333252,False,0.0
7494,0.017524734139442444,False,0.0
7495,0.2638721466064453,False,0.0
7496,0.07204823940992355,False,0.0
7497,0.06596611440181732,False,0.0
7498,0.08140868693590164,False,0.0
7499,0.6076260209083557,True,1.0
7500,0.06581514328718185,False,0.0
7501,0.02779102884232998,False,0.0
7502,0.02662636712193489,False,0.0
7503,0.04042978584766388,False,0.0
7504,0.013620954938232899,False,0.0
7505,0.011744553223252296,False,0.0
7506,0.04090427979826927,False,0.0
7507,0.8591086864471436,True,1.0
7508,0.10800184309482574,False,0.0
7509,0.05097646266222,False,0.0
7510,0.28853216767311096,False,0.0
7511,0.08403996378183365,False,0.0
7512,0.05802914500236511,False,0.0
7513,0.04019254073500633,False,0.0
7514,0.0629466101527214,False,0.0
7515,0.053888119757175446,False,0.0
7516,0.019595248624682426,False,0.0
7517,0.013513117097318172,False,0.0
7518,0.011722984723746777,False,0.0
7519,0.015583628788590431,False,0.0
7520,0.034994687885046005,False,0.0
7521,0.039437662810087204,False,0.0
7522,0.023995090276002884,False,0.0
7523,0.026475390419363976,False,0.0
7524,0.014138584025204182,False,0.0
7525,0.4521772861480713,True,0.880908602848649
7526,0.08214199542999268,False,0.0
7527,0.0589781291782856,False,0.0
7528,0.056454695761203766,False,0.0
7529,0.10832535475492477,False,0.0
7530,0.014117016457021236,False,0.0
7531,0.006050642114132643,False,0.0
7532,0.8071328401565552,True,1.0
7533,0.07472265511751175,False,0.0
7534,0.025440135970711708,False,0.0
7535,0.022895129397511482,False,0.0
7536,0.06437008827924728,False,0.0
7537,0.05654096603393555,False,0.0
7538,0.039610207080841064,False,0.0
7539,0.04237089306116104,False,0.0
7540,0.10314907133579254,False,0.16050788387656212
7541,0.050070613622665405,False,0.0
7542,0.03643973544239998,False,0.0
7543,0.03825143352150917,False,0.0
7544,0.08339293301105499,False,0.0
7545,0.01541108638048172,False,0.0
7546,0.007991748861968517,False,0.0
7547,0.007711365818977356,False,0.0
7548,0.011313196271657944,False,0.0
7549,0.03199676051735878,False,0.0
7550,0.030594849959015846,False,0.0
7551,0.04800009727478027,False,0.0
7552,0.037345584481954575,False,0.0
7553,0.10888612270355225,False,0.0
7554,0.09512583911418915,False,0.0
7555,0.27132976055145264,False,0.0
7556,0.12704624235630035,False,0.0
7557,0.8097878098487854,True,1.0
7558,0.08516149967908859,False,0.0
7559,0.04526098445057869,False,0.0
7560,0.0263675507158041,False,0.0
7561,0.04702954739332199,False,0.0
7562,0.01318959891796112,False,0.0
7563,0.006352592259645462,False,0.0
7564,0.005338903516530991,False,0.0
7565,0.008617215789854527,False,0.0
7566,0.05164506658911705,False,0.0
7567,0.024663692340254784,False,0.0
7568,0.020306987687945366,False,0.0
7569,0.024404877796769142,False,0.0
7570,0.2749471366405487,True,0.49353576824069023
7571,0.06946010142564774,False,0.0
7572,0.05956045910716057,False,0.0
7573,0.08265962451696396,False,0.0
7574,0.09286121279001236,False,0.0
7575,0.04730992764234543,False,0.0
7576,0.044355135411024094,False,0.0
7577,0.056993890553712845,False,0.0
7578,0.039696481078863144,False,0.0
7579,0.0288047194480896,False,0.0
7580,0.02817925252020359,False,0.0
7581,0.0625368282198906,False,0.0
7582,0.7983538508415222,True,1.0
7583,0.12760701775550842,False,0.0
7584,0.07433443516492844,False,0.0
7585,0.3109019994735718,False,0.0
7586,0.11736228317022324,False,0.0
7587,0.07373053580522537,False,0.0
7588,0.050782352685928345,False,0.0
7589,0.08768492937088013,False,0.0
7590,0.06726018339395523,False,0.0
7591,0.04114152491092682,False,0.0
7592,0.029128236696124077,False,0.0
7593,0.029085099697113037,False,0.0
7594,0.036051515489816666,False,0.0
7595,0.053801845759153366,False,0.0
7596,0.06892090290784836,False,0.0
7597,0.04027881100773811,False,0.0
7598,0.047805991023778915,False,0.0
7599,0.09372393041849136,False,0.0
7600,0.11813873052597046,False,0.13065800815820694
7601,0.0682738721370697,False,0.0
7602,0.08833196759223938,False,0.0
7603,0.07329918444156647,False,0.0
7604,0.07707355171442032,False,0.0
7605,0.05280972644686699,False,0.0
7606,0.06859739124774933,False,0.0
7607,0.8242489099502563,False,0.0
7608,0.8988121151924133,True,1.0
7609,0.004433054011315107,False,0.0
7610,0.005921235308051109,False,0.0
7611,0.032600659877061844,False,0.0
7612,0.08179690688848495,False,0.0
7613,0.07275997847318649,False,0.0
7614,0.07396778464317322,False,0.0
7615,0.30722275376319885,True,0.5992815895006061
7616,0.06171724945306778,False,0.0
7617,0.047719717025756836,False,0.0
7618,0.047892261296510696,False,0.0
7619,0.07457168400287628,False,0.0
7620,0.021514786407351494,False,0.0
7621,0.0075819590128958225,False,0.0
7622,0.008919165469706059,False,0.0
7623,0.015044433064758778,False,0.0
7624,0.01068772841244936,False,0.0
7625,0.009911286644637585,False,0.0
7626,0.011852391995489597,False,0.0
7627,0.01543265487998724,False,0.0
7628,0.045908018946647644,False,0.0
7629,0.03505939245223999,False,0.0
7630,0.08488111197948456,False,0.0
7631,0.06868366152048111,False,0.0
7632,0.8161662220954895,True,1.0
7633,0.07144434750080109,False,0.0
7634,0.048172641545534134,False,0.0
7635,0.016014985740184784,False,0.0
7636,0.029883110895752907,False,0.0
7637,0.007883909158408642,False,0.0
7638,0.003462501335889101,False,0.0
7639,0.0034840689040720463,False,0.0
7640,0.0069349235855042934,False,0.0
7641,0.03764753416180611,False,0.0
7642,0.022183390334248543,False,0.0
7643,0.019465841352939606,False,0.0
7644,0.026863614097237587,False,0.0
7645,0.12827561795711517,False,0.0
7646,0.08127927780151367,False,0.0
7647,0.07390307635068893,False,0.0
7648,0.08874175697565079,False,0.0
7649,0.43117713928222656,True,0.8395553436130285
7650,0.053003836423158646,False,0.0
7651,0.021320676431059837,False,0.0
7652,0.017611006274819374,False,0.0
7653,0.032061465084552765,False,0.0
7654,0.013362141326069832,False,0.0
7655,0.0113994674757123,False,0.0
7656,0.014117016457021236,False,0.0
7657,0.8555090427398682,True,1.0
7658,0.0789499506354332,False,0.0
7659,0.03452019765973091,False,0.0
7660,0.054297905415296555,False,0.0
7661,0.05621744319796562,False,0.0
7662,0.02565581165254116,False,0.0
7663,0.014742483384907246,False,0.0
7664,0.0183874499052763,False,0.0
7665,0.025440135970711708,False,0.0
7666,0.013664091005921364,False,0.0
7667,0.006438863463699818,False,0.0
7668,0.004648732487112284,False,0.0
7669,0.011313196271657944,False,0.0
7670,0.019595248624682426,False,0.0
7671,0.0170502420514822,False,0.0
7672,0.012499427422881126,False,0.0
7673,0.016769861802458763,False,0.0
7674,0.08313411474227905,False,0.0
7675,0.09521210938692093,False,0.15774721279740334
7676,0.052248962223529816,False,0.0
7677,0.06816603243350983,False,0.0
7678,0.01633850298821926,False,0.0
7679,0.45054134726524353,False,0.0
7680,0.02986154332756996,False,0.0
7681,0.006676109973341227,False,0.0
7682,0.8414225578308105,True,1.0
7683,0.0713796392083168,False,0.0
7684,0.023671573027968407,False,0.0
7685,0.018538422882556915,False,0.0
7686,0.05239994078874588,False,0.0
7687,0.07148747891187668,False,0.0
7688,0.057382114231586456,False,0.0
7689,0.05237836763262749,False,0.0
7690,0.10513331741094589,False,0.17318978905677795
7691,0.04140033945441246,False,0.0
7692,0.026151875033974648,False,0.0
7693,0.02427547238767147,False,0.0
7694,0.049229469150304794,False,0.0
7695,0.019077619537711143,False,0.0
7696,0.01148573961108923,False,0.0
7697,0.011722984723746777,False,0.0
7698,0.019012916833162308,False,0.0
7699,0.021557921543717384,False,0.0
7700,0.016683589667081833,False,0.0
7701,0.019077619537711143,False,0.0
7702,0.023261783644557,False,0.0
7703,0.10694501549005508,False,0.0
7704,0.09946097433567047,False,0.0
7705,0.13606159389019012,False,0.0
7706,0.13545770943164825,False,0.0
7707,0.7920508980751038,True,1.0
7708,0.07131493836641312,False,0.0
7709,0.040494490414857864,False,0.0
7710,0.019163889810442924,False,0.0
7711,0.03326926380395889,False,0.0
7712,0.010364211164414883,False,0.0
7713,0.003138983389362693,False,0.0
7714,0.0034193655010312796,False,0.0
7715,0.008487808518111706,False,0.0
7716,0.03391629830002785,False,0.0
7717,0.01922859437763691,False,0.0
7718,0.017654141411185265,False,0.0
7719,0.024491149932146072,False,0.0
7720,0.43321070075035095,True,0.8480223063379526
7721,0.0554194413125515,False,0.0
7722,0.041249364614486694,False,0.0
7723,0.03695736452937126,False,0.0
7724,0.08764179795980453,False,0.0
7725,0.02078147977590561,False,0.0
7726,0.0108387041836977,False,0.0
7727,0.009199547581374645,False,0.0
7728,0.021169699728488922,False,0.0
7729,0.01717965118587017,False,0.0
7730,0.01802079565823078,False,0.0
7731,0.024598989635705948,False,0.0
7732,0.8283843994140625,True,1.0
7733,0.14436523616313934,False,0.0
7734,0.09186909347772598,False,0.0
7735,0.34507623314857483,False,0.0
7736,0.12443653494119644,False,0.0
7737,0.10278242081403732,False,0.0
7738,0.07120709866285324,False,0.0
7739,0.0771598219871521,False,0.0
7740,0.09411215037107468,False,0.0
7741,0.07043065875768661,False,0.0
7742,0.05414693430066109,False,0.0
7743,0.05475083738565445,False,0.0
7744,0.06365834921598434,False,0.0
7745,0.05966830253601074,False,0.0
7746,0.0505451038479805,False,0.0
7747,0.04411788657307625,False,0.0
7748,0.055893927812576294,False,0.0
7749,0.06279563903808594,False,0.0
7750,0.049143195152282715,False,0.0
7751,0.04086114093661308,False,0.0
7752,0.05613118037581444,False,0.0
7753,0.057619359344244,False,0.0
7754,0.037561263889074326,False,0.0
7755,0.03531820699572563,False,0.0
7756,0.04728836193680763,False,0.0
7757,0.8370997905731201,True,1.0
7758,0.06357207894325256,False,0.0
7759,0.02073834463953972,False,0.0
7760,0.015540492720901966,False,0.0
7761,0.03626719117164612,False,0.0
7762,0.09247299283742905,False,0.0
7763,0.06989146023988724,False,0.0
7764,0.0940258726477623,False,0.0
7765,0.2850511372089386,True,0.5184024274349213
7766,0.06460734456777573,False,0.0
7767,0.04672759398818016,False,0.0
7768,0.049143195152282715,False,0.0
7769,0.06654844433069229,False,0.0
7770,0.03223400563001633,False,0.0
7771,0.02729496918618679,False,0.0
7772,0.025849923491477966,False,0.0
7773,0.037129905074834824,False,0.0
7774,0.04092584550380707,False,0.0
7775,0.042802248150110245,False,0.0
7776,0.042931657284498215,False,0.0
7777,0.05874088406562805,False,0.0
7778,0.11192718893289566,False,0.0
7779,0.11768579483032227,False,0.0
7780,0.3905300796031952,False,0.0
7781,0.2725849449634552,False,0.0
7782,0.8266993761062622,True,1.0
7783,0.12795209884643555,False,0.0
7784,0.036008380353450775,False,0.0
7785,0.03167324140667915,False,0.0
7786,0.044311996549367905,False,0.0
7787,0.014138584025204182,False,0.0
7788,0.006266320589929819,False,0.0
7789,0.005597717594355345,False,0.0
7790,0.01077400054782629,False,0.0
7791,0.04454924538731575,False,0.0
7792,0.020479528233408928,False,0.0
7793,0.020005038008093834,False,0.0
7794,0.0214932169765234,False,0.0
7795,0.48992425203323364,True,0.9529085420072079
7796,0.12877167761325836,False,0.0
7797,0.0909201130270958,False,0.0
7798,0.1215248703956604,False,0.0
7799,0.12422086298465729,False,0.0
7800,0.07793626934289932,False,0.0
7801,0.04959611967206001,False,0.0
7802,0.05302540585398674,False,0.0
7803,0.06939540058374405,False,0.0
7804,0.01771884597837925,False,0.0
7805,0.013469981029629707,False,0.0
7806,0.021169699728488922,False,0.0
7807,0.8524325489997864,True,1.0
7808,0.09022993594408035,False,0.0
7809,0.039567071944475174,False,0.0
7810,0.06861896067857742,False,0.0
7811,0.05643312260508537,False,0.0
7812,0.04282381758093834,False,0.0
7813,0.06547005474567413,False,0.0
7814,0.022269662469625473,False,0.0
7815,0.025806788355112076,False,0.0
7816,0.013534684665501118,False,0.0
7817,0.005662421230226755,False,0.0
7818,0.005640853196382523,False,0.0
7819,0.00930738728493452,False,0.0
7820,0.030508577823638916,False,0.0
7821,0.06892090290784836,False,0.0
7822,0.0208246149122715,False,0.0
7823,0.02751064859330654,False,0.0
7824,0.007970180362462997,False,0.0
7825,0.5547911524772644,True,1.0
7826,0.12182682752609253,False,0.0
7827,0.10058250278234482,False,0.0
7828,0.2552303671836853,False,0.0
7829,0.14343780279159546,False,0.0
7830,0.02591462805867195,False,0.0
7831,0.01165828201919794,False,0.0
7832,0.8432127237319946,True,1.0
7833,0.056907620280981064,False,0.0
7834,0.014117016457021236,False,0.0
7835,0.005964370910078287,False,0.0
7836,0.032686930149793625,False,0.0
7837,0.06154470518231392,False,0.0
7838,0.05466456338763237,False,0.0
7839,0.05125684291124344,False,0.0
7840,0.34515342116355896,True,0.6605630610138178
7841,0.05654096603393555,False,0.0
7842,0.03833770379424095,False,0.0
7843,0.07800097018480301,False,0.0
7844,0.056454695761203766,False,0.0
7845,0.023412756621837616,False,0.0
7846,0.015001296997070312,False,0.0
7847,0.014871890656650066,False,0.0
7848,0.01998346857726574,False,0.0
7849,0.03950236737728119,False,0.0
7850,0.028438065201044083,False,0.0
7851,0.0691581591963768,False,0.0
7852,0.037259314209222794,False,0.0
7853,0.2674905061721802,False,0.0
7854,0.2632755935192108,False,0.0
7855,0.4013996124267578,False,0.0
7856,0.024469582363963127,False,0.0
7857,0.8191624283790588,False,0.0
7858,0.8976517915725708,True,1.0
7859,0.0055761500261723995,False,0.0
7860,0.0030311443842947483,False,0.0
7861,0.01914232410490513,False,0.0
7862,0.0,False,0.0
7863,0.0,False,0.0
7864,0.0,False,0.0
7865,0.0,False,0.0
7866,0.0461236946284771,False,0.0
7867,0.0015645308885723352,False,0.0
7868,0.0009821992134675384,False,0.0
7869,0.004066400695592165,False,0.0
7870,0.2723007798194885,True,0.5417744475416839
7871,0.053629305213689804,False,0.0
7872,0.04278067871928215,False,0.0
7873,0.0598624125123024,False,0.0
7874,0.015820875763893127,False,0.0
7875,0.0014135560486465693,False,0.0
7876,0.002103727078065276,False,0.0
7877,0.009242682717740536,False,0.0
7878,0.012628833763301373,False,0.0
7879,0.01068772841244936,False,0.0
7880,0.011766120791435242,False,0.0
7881,0.053844984620809555,False,0.0
7882,0.7766688466072083,True,1.0
7883,0.1153349056839943,False,0.0
7884,0.08145182579755783,False,0.0
7885,0.26466113328933716,False,0.0
7886,0.10944688320159912,False,0.0
7887,0.0744638442993164,False,0.0
7888,0.07815194129943848,False,0.0
7889,0.052917566150426865,False,0.0
7890,0.06687196344137192,False,0.0
7891,0.034239813685417175,False,0.0
7892,0.02321864664554596,False,0.0
7893,0.020975589752197266,False,0.0
7894,0.029624296352267265,False,0.0
7895,0.04791383072733879,False,0.0
7896,0.06406814604997635,False,0.0
7897,0.03169481083750725,False,0.0
7898,0.04140033945441246,False,0.0
7899,0.08168907463550568,False,0.0
7900,0.11408396810293198,False,0.1482142135500908
7901,0.055095918476581573,False,0.0
7902,0.08080478757619858,False,0.0
7903,0.08744768798351288,False,0.0
7904,0.04946671053767204,False,0.0
7905,0.03997686132788658,False,0.0
7906,0.05373714491724968,False,0.0
7907,0.8065530061721802,True,1.0
7908,0.06393873691558838,False,0.0
7909,0.01944427378475666,False,0.0
7910,0.02388725057244301,False,0.0
7911,0.05815855413675308,False,0.0
7912,0.08438505232334137,False,0.0
7913,0.07575791329145432,False,0.0
7914,0.07821664959192276,False,0.0
7915,0.3132290542125702,True,0.5875695608556271
7916,0.07959698885679245,False,0.0
7917,0.056023336946964264,False,0.0
7918,0.09331413358449936,False,0.0
7919,0.0806969478726387,False,0.0
7920,0.025763651356101036,False,0.0
7921,0.015238543041050434,False,0.0
7922,0.013297437690198421,False,0.0
7923,0.019120756536722183,False,0.0
7924,0.03788478299975395,False,0.0
7925,0.03132815659046173,False,0.0
7926,0.053758710622787476,False,0.0
7927,0.044268861413002014,False,0.0
7928,0.0695895105600357,False,0.0
7929,0.055613547563552856,False,0.0
7930,0.11002922058105469,False,0.0
7931,0.08007147908210754,False,0.0
7932,0.8121012449264526,True,1.0
7933,0.11037429422140121,False,0.0
7934,0.036547575145959854,False,0.0
7935,0.018797239288687706,False,0.0
7936,0.03551231697201729,False,0.0
7937,0.010321076028048992,False,0.0
7938,0.0033330940641462803,False,0.0
7939,0.0024488125927746296,False,0.0
7940,0.00902700424194336,False,0.0
7941,0.06096237525343895,False,0.0
7942,0.028696879744529724,False,0.0
7943,0.018063930794596672,False,0.0
7944,0.018991349264979362,False,0.0
7945,0.3872750401496887,True,0.7401045113801956
7946,0.10668619722127914,False,0.0
7947,0.08166750520467758,False,0.0
7948,0.11897987127304077,False,0.0
7949,0.11697405576705933,False,0.0
7950,0.07588732242584229,False,0.0
7951,0.0607466958463192,False,0.0
7952,0.05772719532251358,False,0.0
7953,0.07556380331516266,False,0.0
7954,0.02308923937380314,False,0.0
7955,0.017222784459590912,False,0.0
7956,0.03214773163199425,False,0.0
7957,0.8294264078140259,True,1.0
7958,0.07741864025592804,False,0.0
7959,0.034196678549051285,False,0.0
7960,0.05759778618812561,False,0.0
7961,0.05638998746871948,False,0.0
7962,0.03329082950949669,False,0.0
7963,0.03909258171916008,False,0.0
7964,0.017352191731333733,False,0.0
7965,0.02707928977906704,False,0.0
7966,0.0057271248660981655,False,0.0
7967,0.003138983389362693,False,0.0
7968,0.002146862680092454,False,0.0
7969,0.0037428829818964005,False,0.0
7970,0.016144393011927605,False,0.0
7971,0.031910490244627,False,0.0
7972,0.011226925067603588,False,0.0
7973,0.007625095080584288,False,0.0
7974,0.0027723300736397505,False,0.0
7975,0.3482043445110321,True,0.6830996051430702
7976,0.11188405007123947,False,0.0
7977,0.0896044671535492,False,0.0
7978,0.12292678654193878,False,0.0
7979,0.12527768313884735,False,0.0
7980,0.019207026809453964,False,0.0
7981,0.006654541939496994,False,0.0
7982,0.8302938342094421,True,1.0
7983,0.07351485639810562,False,0.0
7984,0.027704758569598198,False,0.0
7985,0.025440135970711708,False,0.0
7986,0.06624649465084076,False,0.0
7987,0.05309010669589043,False,0.0
7988,0.039071012288331985,False,0.0
7989,0.04323360696434975,False,0.0
7990,0.2683296203613281,True,0.48577896878123283
7991,0.06277407705783844,False,0.0
7992,0.04282381758093834,False,0.0
7993,0.06995616853237152,False,0.0
7994,0.06042317673563957,False,0.0
7995,0.020608937367796898,False,0.0
7996,0.011075950227677822,False,0.0
7997,0.0113994674757123,False,0.0
7998,0.01575617305934429,False,0.0
7999,0.03111247718334198,False,0.0
8000,0.02720869891345501,False,0.0
8001,0.049186330288648605,False,0.0
8002,0.03391629830002785,False,0.0
8003,0.015864012762904167,False,0.0
8004,0.41901329159736633,False,0.0
8005,0.02671263925731182,False,0.0
8006,0.00909170787781477,False,0.0
8007,0.7799261808395386,True,1.0
8008,0.10629798471927643,False,0.0
8009,0.03393786773085594,False,0.0
8010,0.02662636712193489,False,0.0
8011,0.037302449345588684,False,0.0
8012,0.01607969030737877,False,0.0
8013,0.006827084813266993,False,0.0
8014,0.005511446390300989,False,0.0
8015,0.010946542955935001,False,0.0
8016,0.11637016385793686,False,0.0
8017,0.07332074642181396,False,0.0
8018,0.06855425238609314,False,0.0
8019,0.3035612404346466,True,0.5802687909454107
8020,0.05936635285615921,False,0.0
8021,0.03797105327248573,False,0.0
8022,0.04446297511458397,False,0.0
8023,0.0966571494936943,False,0.0
8024,0.022571612149477005,False,0.0
8025,0.013577818870544434,False,0.0
8026,0.013426844961941242,False,0.0
8027,0.017503168433904648,False,0.0
8028,0.04547666013240814,False,0.0
8029,0.03872592747211456,False,0.0
8030,0.0447864904999733,False,0.0
8031,0.08268119394779205,False,0.0
8032,0.784661054611206,True,1.0
8033,0.05968986824154854,False,0.0
8034,0.42295655608177185,False,0.0
8035,0.08522620052099228,False,0.0
8036,0.05843893438577652,False,0.0
8037,0.06115648150444031,False,0.0
8038,0.10851947218179703,False,0.10016107559204102
8039,0.024706829339265823,False,0.0
8040,0.014311126433312893,False,0.0
8041,0.01534638274461031,False,0.0
8042,0.017697278410196304,False,0.0
8043,0.015820875763893127,False,0.0
8044,0.010968110524117947,False,0.0
8045,0.01081713568419218,False,0.0
8046,0.017567871138453484,False,0.0
8047,0.06624649465084076,False,0.0
8048,0.05643312260508537,False,0.0
8049,0.1072901040315628,False,0.19294593669474125
8050,0.08539874106645584,False,0.0
8051,0.05789973959326744,False,0.0
8052,0.042759113013744354,False,0.0
8053,0.07153061777353287,False,0.0
8054,0.06221330910921097,False,0.0
8055,0.01152887474745512,False,0.0
8056,0.007883909158408642,False,0.0
8057,0.815640389919281,True,1.0
8058,0.060099661350250244,False,0.0
8059,0.01763257384300232,False,0.0
8060,0.01834431290626526,False,0.0
8061,0.07524028420448303,False,0.0
8062,0.08181848376989365,False,0.0
8063,0.08164593577384949,False,0.0
8064,0.340639591217041,True,0.6460140347480774
8065,0.07586575299501419,False,0.0
8066,0.05507435277104378,False,0.0
8067,0.060056526213884354,False,0.0
8068,0.0979727953672409,False,0.0
8069,0.04096898064017296,False,0.0
8070,0.026302848011255264,False,0.0
8071,0.027273401618003845,False,0.0
8072,0.031349726021289825,False,0.0
8073,0.04506687447428703,False,0.0
8074,0.03568486124277115,False,0.0
8075,0.039912160485982895,False,0.0
8076,0.08270275592803955,False,0.0
8077,0.08705946058034897,False,0.0
8078,0.05638998746871948,False,0.0
8079,0.29582807421684265,False,0.0
8080,0.09851198643445969,False,0.0
8081,0.01541108638048172,False,0.0
8082,0.8083472847938538,True,1.0
8083,0.110417440533638,False,0.0
8084,0.026798909530043602,False,0.0
8085,0.018107067793607712,False,0.0
8086,0.03505939245223999,False,0.0
8087,0.0067839487455785275,False,0.0
8088,0.0016508022090420127,False,0.0
8089,0.001737073645927012,False,0.0
8090,0.00479970732703805,False,0.0
8091,0.2515556812286377,False,0.3284748047590256
8092,0.08731827884912491,False,0.0
8093,0.08949663490056992,False,0.0
8094,0.2980422079563141,False,0.0
8095,0.24166667461395264,False,0.0
8096,0.10017271339893341,False,0.0
8097,0.1046588197350502,False,0.0
8098,0.3222930133342743,True,0.5675223916769028
8099,0.0655994638800621,False,0.0
8100,0.039696481078863144,False,0.0
8101,0.038531817495822906,False,0.0
8102,0.055311597883701324,False,0.0
8103,0.0651465356349945,False,0.0
8104,0.04642564803361893,False,0.0
8105,0.05214112624526024,False,0.0
8106,0.09915902465581894,False,0.0
8107,0.8224406242370605,False,0.0
8108,0.8968026638031006,True,1.0
8109,0.0,False,0.0
8110,0.34778109192848206,False,0.0
8111,0.04508844017982483,False,0.0
8112,0.030788961797952652,False,0.0
8113,0.03303201496601105,False,0.0
8114,0.10345102846622467,False,0.14532413333654404
8115,0.00902700424194336,False,0.0
8116,0.0025135159958153963,False,0.0
8117,0.0011978775728493929,False,0.0
8118,0.0064819990657269955,False,0.0
8119,0.022248094901442528,False,0.0
8120,0.021816736087203026,False,0.0
8121,0.02330491878092289,False,0.0
8122,0.057533085346221924,False,0.0
8123,0.10146678984165192,False,0.0
8124,0.09458664059638977,False,0.0
8125,0.2948727011680603,True,0.5804048012942076
8126,0.2395492047071457,False,0.0
8127,0.11949750036001205,False,0.0
8128,0.09911588579416275,False,0.0
8129,0.2472553253173828,False,0.0
8130,0.23256486654281616,False,0.0
8131,0.01534638274461031,False,0.0
8132,0.004670300520956516,False,0.0
8133,0.812537670135498,True,1.0
8134,0.0709482878446579,False,0.0
8135,0.02490093931555748,False,0.0
8136,0.026302848011255264,False,0.0
8137,0.06974048912525177,False,0.0
8138,0.026971450075507164,False,0.0
8139,0.014052311889827251,False,0.0
8140,0.022183390334248543,False,0.0
8141,0.03292417526245117,False,0.0
8142,0.013620954938232899,False,0.0
8143,0.003397797467187047,False,0.0
8144,0.004735003691166639,False,0.0
8145,0.013642522506415844,False,0.0
8146,0.0007233849610202014,False,0.0
8147,0.0,False,0.0
8148,0.0,False,0.0
8149,0.0,False,0.0
8150,0.030810529366135597,False,0.0
8151,0.02671263925731182,False,0.0
8152,0.09109265357255936,False,0.1752603044733405
8153,0.037259314209222794,False,0.0
8154,0.003462501335889101,False,0.0
8155,0.3262466490268707,False,0.0
8156,0.011442603543400764,False,0.0
8157,0.001046902616508305,False,0.0
8158,0.7655218839645386,True,1.0
8159,0.43816471099853516,False,0.0
8160,0.0447864904999733,False,0.0
8161,0.017438463866710663,False,0.0
8162,0.016575749963521957,False,0.0
8163,0.026216575875878334,False,0.0
8164,0.0359005406498909,False,0.0
8165,0.03305358439683914,False,0.0
8166,0.03531820699572563,False,0.0
8167,0.08013618737459183,False,0.0
8168,0.07752647250890732,False,0.0
8169,0.057576220482587814,False,0.0
8170,0.11775050312280655,False,0.20234950631856918
8171,0.08242237567901611,False,0.0
8172,0.06611708551645279,False,0.0
8173,0.0465334877371788,False,0.0
8174,0.07739707082509995,False,0.0
8175,0.06952480971813202,False,0.0
8176,0.034369222819805145,False,0.0
8177,0.027855733409523964,False,0.0
8178,0.025159751996397972,False,0.0
8179,0.03141443058848381,False,0.0
8180,0.012822945602238178,False,0.0
8181,0.010299507528543472,False,0.0
8182,0.020630504935979843,False,0.0
8183,0.8459166288375854,True,1.0
8184,0.05697232112288475,False,0.0
8185,0.3661802411079407,False,0.0
8186,0.07720296084880829,False,0.0
8187,0.0518607459962368,False,0.0
8188,0.05330578610301018,False,0.0
8189,0.0811714455485344,False,0.0
8190,0.03195362538099289,False,0.0
8191,0.023067673668265343,False,0.0
8192,0.02006974071264267,False,0.0
8193,0.0263675507158041,False,0.0
8194,0.031910490244627,False,0.0
8195,0.025332296267151833,False,0.0
8196,0.03141443058848381,False,0.0
8197,0.05744681507349014,False,0.0
8198,0.07043065875768661,False,0.0
8199,0.055441003292798996,False,0.0
8200,0.11037429422140121,False,0.1806091070175171
8201,0.08356547355651855,False,0.0
8202,0.05634685233235359,False,0.0
8203,0.03887690231204033,False,0.0
8204,0.06570729613304138,False,0.0
8205,0.06050945073366165,False,0.0
8206,0.009738743305206299,False,0.0
8207,0.0061800493858754635,False,0.0
8208,0.8116281628608704,True,1.0
8209,0.06359364837408066,False,0.0
8210,0.016230663284659386,False,0.0
8211,0.016575749963521957,False,0.0
8212,0.03870436176657677,False,0.0
8213,0.0816028043627739,False,0.0
8214,0.07422659546136856,False,0.0
8215,0.26174506545066833,True,0.48718972504138947
8216,0.11859165877103806,False,0.0
8217,0.08000677824020386,False,0.0
8218,0.06001339107751846,False,0.0
8219,0.08002834767103195,False,0.0
8220,0.07942444831132889,False,0.0
8221,0.025504840537905693,False,0.0
8222,0.018948212265968323,False,0.0
8223,0.018150202929973602,False,0.0
8224,0.022701019421219826,False,0.0
8225,0.026065602898597717,False,0.0
8226,0.02006974071264267,False,0.0
8227,0.022269662469625473,False,0.0
8228,0.025677381083369255,False,0.0
8229,0.08669281005859375,False,0.0
8230,0.10159619152545929,False,0.0
8231,0.060811396688222885,False,0.0
8232,0.08302628248929977,False,0.0
8233,0.7933835387229919,True,1.0
8234,0.09022993594408035,False,0.0
8235,0.028912557289004326,False,0.0
8236,0.019552111625671387,False,0.0
8237,0.03557702153921127,False,0.0
8238,0.007193738128989935,False,0.0
8239,0.003203687025234103,False,0.0
8240,0.002837033709511161,False,0.0
8241,0.004993818234652281,False,0.0
8242,0.08233610540628433,False,0.0
8243,0.06795036047697067,False,0.0
8244,0.09413371980190277,False,0.0
8245,0.2965204119682312,True,0.5190398246049881
8246,0.11231540888547897,False,0.0
8247,0.08856921643018723,False,0.0
8248,0.08762022852897644,False,0.0
8249,0.23477810621261597,False,0.0
8250,0.07601672410964966,False,0.0
8251,0.0509980283677578,False,0.0
8252,0.05110586807131767,False,0.0
8253,0.06859739124774933,False,0.0
8254,0.046209968626499176,False,0.0
8255,0.03700049966573715,False,0.0
8256,0.04884124547243118,False,0.0
8257,0.04791383072733879,False,0.0
8258,0.8223975896835327,True,1.0
8259,0.10884298384189606,False,0.0
8260,0.09331413358449936,False,0.0
8261,0.037690669298172,False,0.0
8262,0.056778211146593094,False,0.0
8263,0.042802248150110245,False,0.0
8264,0.05608804151415825,False,0.0
8265,0.02591462805867195,False,0.0
8266,0.04118466004729271,False,0.0
8267,0.013017055578529835,False,0.0
8268,0.005446742754429579,False,0.0
8269,0.005231064278632402,False,0.0
8270,0.009825015440583229,False,0.0
8271,0.022053983062505722,False,0.0
8272,0.011636714451014996,False,0.0
8273,0.010450482368469238,False,0.0
8274,0.015583628788590431,False,0.0
8275,0.4021907448768616,True,0.7899508783593774
8276,0.08134398609399796,False,0.0
8277,0.054060664027929306,False,0.0
8278,0.05908597260713577,False,0.0
8279,0.10901552438735962,False,0.0
8280,0.016985539346933365,False,0.0
8281,0.01075243204832077,False,0.0
8282,0.00721530569717288,False,0.0
8283,0.803132176399231,True,1.0
8284,0.06920129060745239,False,0.0
8285,0.02170889638364315,False,0.0
8286,0.05298227071762085,False,0.0
8287,0.033484939485788345,False,0.0
8288,0.0798342376947403,False,0.0
8289,0.0576409213244915,False,0.0
8290,0.2710890769958496,True,0.4987603612244129
8291,0.09255926311016083,False,0.0
8292,0.05345676466822624,False,0.0
8293,0.0385749526321888,False,0.0
8294,0.06359364837408066,False,0.0
8295,0.05475083738565445,False,0.0
8296,0.023585300892591476,False,0.0
8297,0.014375830069184303,False,0.0
8298,0.015799308195710182,False,0.0
8299,0.020587367936968803,False,0.0
8300,0.03967491164803505,False,0.0
8301,0.04705111309885979,False,0.0
8302,0.02938705123960972,False,0.0
8303,0.030551714822649956,False,0.0
8304,0.10940375179052353,False,0.0
8305,0.2544037401676178,False,0.0
8306,0.08315568417310715,False,0.0
8307,0.09611795842647552,False,0.0
8308,0.808423638343811,True,1.0
8309,0.28475895524024963,False,0.0
8310,0.028955692425370216,False,0.0
8311,0.00902700424194336,False,0.0
8312,0.00840153731405735,False,0.0
8313,0.019056051969528198,False,0.0
8314,0.044268861413002014,False,0.0
8315,0.03160853683948517,False,0.0
8316,0.04664132371544838,False,0.0
8317,0.046878572553396225,False,0.0
8318,0.07901465892791748,False,0.0
8319,0.054966509342193604,False,0.0
8320,0.07832448929548264,False,0.0
8321,0.08421250432729721,False,0.1462299730628729
8322,0.06665628403425217,False,0.0
8323,0.042845383286476135,False,0.0
8324,0.049143195152282715,False,0.0
8325,0.0673895925283432,False,0.0
8326,0.0186031274497509,False,0.0
8327,0.011097517795860767,False,0.0
8328,0.01232688408344984,False,0.0
8329,0.013491548597812653,False,0.0
8330,0.018171770498156548,False,0.0
8331,0.028481200337409973,False,0.0
8332,0.019703088328242302,False,0.0
8333,0.8304976224899292,True,1.0
8334,0.06600924581289291,False,0.0
8335,0.36220216751098633,False,0.0
8336,0.08697319030761719,False,0.0
8337,0.06033690646290779,False,0.0
8338,0.059474196285009384,False,0.0
8339,0.11253108829259872,False,0.10611378401517868
8340,0.02397352270781994,False,0.0
8341,0.01377193070948124,False,0.0
8342,0.013815066777169704,False,0.0
8343,0.017999228090047836,False,0.0
8344,0.01994033344089985,False,0.0
8345,0.01392290461808443,False,0.0
8346,0.013944472186267376,False,0.0
8347,0.018171770498156548,False,0.0
8348,0.0660308226943016,False,0.0
8349,0.04526098445057869,False,0.0
8350,0.09631206840276718,False,0.16508027538657188
8351,0.06314072757959366,False,0.0
8352,0.05095488950610161,False,0.0
8353,0.023865683004260063,False,0.0
8354,0.08168907463550568,False,0.0
8355,0.05330578610301018,False,0.0
8356,0.01146417111158371,False,0.0
8357,0.006611406337469816,False,0.0
8358,0.8968945145606995,True,1.0
8359,0.014267990365624428,False,0.0
8360,0.004670300520956516,False,0.0
8361,0.06460734456777573,False,0.0
8362,0.025504840537905693,False,0.0
8363,0.07079730927944183,False,0.0
8364,0.0855928510427475,False,0.0
8365,0.3430815637111664,True,0.6689286958426237
8366,0.05964673310518265,False,0.0
8367,0.049272604286670685,False,0.0
8368,0.045153144747018814,False,0.0
8369,0.11598193645477295,False,0.0
8370,0.020544232800602913,False,0.0
8371,0.008617215789854527,False,0.0
8372,0.009587768465280533,False,0.0
8373,0.014764050953090191,False,0.0
8374,0.03844554349780083,False,0.0
8375,0.030875230208039284,False,0.0
8376,0.11341537535190582,False,0.14139879494905472
8377,0.042715977877378464,False,0.0
8378,0.07644808292388916,False,0.0
8379,0.062278009951114655,False,0.0
8380,0.40195783972740173,False,0.0
8381,0.1135232076048851,False,0.0
8382,0.012197477743029594,False,0.0
8383,0.8027551174163818,True,1.0
8384,0.13243821263313293,False,0.0
8385,0.03661227971315384,False,0.0
8386,0.027812598273158073,False,0.0
8387,0.047504037618637085,False,0.0
8388,0.03719460964202881,False,0.0
8389,0.028028277680277824,False,0.0
8390,0.025720516219735146,False,0.0
8391,0.0873829796910286,False,0.0
8392,0.006762381177395582,False,0.0
8393,0.0011763096554204822,False,0.0
8394,0.0011763096554204822,False,0.0
8395,0.48841091990470886,True,0.894064299762249
8396,0.1463494747877121,False,0.0
8397,0.10681561380624771,False,0.0
8398,0.11809559166431427,False,0.0
8399,0.31513354182243347,False,0.0
8400,0.07103455811738968,False,0.0
8401,0.041378770023584366,False,0.0
8402,0.0425434373319149,False,0.0
8403,0.056239016354084015,False,0.0
8404,0.06609552353620529,False,0.0
8405,0.04866870120167732,False,0.0
8406,0.11785834282636642,False,0.0
8407,0.06594454497098923,False,0.0
8408,0.8272883296012878,True,1.0
8409,0.05899969860911369,False,0.0
8410,0.3448411822319031,False,0.0
8411,0.05684291943907738,False,0.0
8412,0.03594367578625679,False,0.0
8413,0.03775537386536598,False,0.0
8414,0.11242324113845825,False,0.15295913070440292
8415,0.018948212265968323,False,0.0
8416,0.008530944585800171,False,0.0
8417,0.008681919425725937,False,0.0
8418,0.012262181378901005,False,0.0
8419,0.03404570743441582,False,0.0
8420,0.030745824798941612,False,0.0
8421,0.09232201427221298,False,0.0
8422,0.04597272351384163,False,0.0
8423,0.09467291086912155,False,0.0
8424,0.09458664059638977,False,0.0
8425,0.36120039224624634,True,0.7053388953208923
8426,0.06393873691558838,False,0.0
8427,0.048345185816287994,False,0.0
8428,0.0527665913105011,False,0.0
8429,0.13384012877941132,False,0.0
8430,0.01241315621882677,False,0.0
8431,0.006093778181821108,False,0.0
8432,0.005468310322612524,False,0.0
8433,0.79790860414505,True,1.0
8434,0.07431286573410034,False,0.0
8435,0.023046104237437248,False,0.0
8436,0.04021410644054413,False,0.0
8437,0.0376691035926342,False,0.0
8438,0.05956045910716057,False,0.0
8439,0.048388320952653885,False,0.0
8440,0.12158957868814468,False,0.19708694890141487
8441,0.08608891069889069,False,0.0
8442,0.06717391312122345,False,0.0
8443,0.05030785873532295,False,0.0
8444,0.09318473190069199,False,0.0
8445,0.07060319930315018,False,0.0
8446,0.023693140596151352,False,0.0
8447,0.017352191731333733,False,0.0
8448,0.0161659624427557,False,0.0
8449,0.019918765872716904,False,0.0
8450,0.055893927812576294,False,0.0
8451,0.08302628248929977,False,0.11914077773690224
8452,0.03980432078242302,False,0.0
8453,0.04979022964835167,False,0.0
8454,0.023455893620848656,False,0.0
8455,0.5408005714416504,False,0.0
8456,0.029947815462946892,False,0.0
8457,0.005317335482686758,False,0.0
8458,0.8237776756286621,True,1.0
8459,0.399436354637146,False,0.0
8460,0.036504440009593964,False,0.0
8461,0.010083829052746296,False,0.0
8462,0.008897597901523113,False,0.0
8463,0.0168345645070076,False,0.0
8464,0.05017844960093498,False,0.0
8465,0.03790634870529175,False,0.0
8466,0.05822325497865677,False,0.0
8467,0.048302050679922104,False,0.0
8468,0.11235854774713516,False,0.0
8469,0.0695895105600357,False,0.0
8470,0.14488284289836884,False,0.26925294287502766
8471,0.10437843948602676,False,0.0
8472,0.07409718632698059,False,0.0
8473,0.043902210891246796,False,0.0
8474,0.08222826570272446,False,0.0
8475,0.057791899889707565,False,0.0
8476,0.02787730097770691,False,0.0
8477,0.010256371460855007,False,0.0
8478,0.01375036220997572,False,0.0
8479,0.014052311889827251,False,0.0
8480,0.019207026809453964,False,0.0
8481,0.046749163419008255,False,0.0
8482,0.02255004458129406,False,0.0
8483,0.8307941555976868,True,1.0
8484,0.0634211078286171,False,0.0
8485,0.4814246892929077,False,0.0
8486,0.09197693318128586,False,0.0
8487,0.06508182734251022,False,0.0
8488,0.07032281905412674,False,0.0
8489,0.12532082200050354,False,0.12047798931598663
8490,0.03182421624660492,False,0.0
8491,0.02360686846077442,False,0.0
8492,0.02267945185303688,False,0.0
8493,0.02507348172366619,False,0.0
8494,0.054599858820438385,False,0.0
8495,0.047676581889390945,False,0.0
8496,0.0944572314620018,False,0.0
8497,0.06130746006965637,False,0.0
8498,0.07364426553249359,False,0.0
8499,0.07075417041778564,False,0.0
8500,0.41863924264907837,True,0.791919581592083
8501,0.0935945212841034,False,0.0
8502,0.07327761501073837,False,0.0
8503,0.06191135570406914,False,0.0
8504,0.08992798626422882,False,0.0
8505,0.08570069074630737,False,0.0
8506,0.015324815176427364,False,0.0
8507,0.009393657557666302,False,0.0
8508,0.8280782103538513,True,1.0
8509,0.09281807392835617,False,0.0
8510,0.04912162944674492,False,0.0
8511,0.07429130375385284,False,0.0
8512,0.06059572100639343,False,0.0
8513,0.10461568832397461,False,0.0
8514,0.0873614177107811,False,0.0
8515,0.42326563596725464,True,0.7482880130410194
8516,0.14447306096553802,False,0.0
8517,0.1126389279961586,False,0.0
8518,0.07974796742200851,False,0.0
8519,0.1361478716135025,False,0.0
8520,0.10028054565191269,False,0.0
8521,0.045239415019750595,False,0.0
8522,0.029796838760375977,False,0.0
8523,0.029128236696124077,False,0.0
8524,0.03329082950949669,False,0.0
8525,0.0372161790728569,False,0.0
8526,0.04047292098402977,False,0.0
8527,0.025893060490489006,False,0.0
8528,0.03165167197585106,False,0.0
8529,0.04398848116397858,False,0.0
8530,0.04551979526877403,False,0.0
8531,0.03257909044623375,False,0.0
8532,0.03430451825261116,False,0.0
8533,0.8244856595993042,True,1.0
8534,0.295963853597641,False,0.0
8535,0.053586166352033615,False,0.0
8536,0.04810793697834015,False,0.0
8537,0.06370148807764053,False,0.0
8538,0.03861808776855469,False,0.0
8539,0.027057722210884094,False,0.0
8540,0.030120357871055603,False,0.0
8541,0.06876993179321289,False,0.0
8542,0.09723948687314987,False,0.0
8543,0.08570069074630737,False,0.0
8544,0.10580191761255264,False,0.0
8545,0.3296569585800171,True,0.5753054395318031
8546,0.12913833558559418,False,0.0
8547,0.0882241278886795,False,0.0
8548,0.10129424184560776,False,0.0
8549,0.14246724545955658,False,0.0
8550,0.07595202326774597,False,0.0
8551,0.0447864904999733,False,0.0
8552,0.048345185816287994,False,0.0
8553,0.06622492522001266,False,0.0
8554,0.0536508746445179,False,0.0
8555,0.042004238814115524,False,0.0
8556,0.09478075057268143,False,0.0
8557,0.06135059520602226,False,0.0
8558,0.846224844455719,True,1.0
8559,0.08662810176610947,False,0.0
8560,0.10319221019744873,False,0.0
8561,0.028287088498473167,False,0.0
8562,0.046209968626499176,False,0.0
8563,0.07707355171442032,False,0.0
8564,0.13090689480304718,False,0.20523961260914803
8565,0.046749163419008255,False,0.0
8566,0.07023654878139496,False,0.0
8567,0.03404570743441582,False,0.0
8568,0.02410292811691761,False,0.0
8569,0.020048173144459724,False,0.0
8570,0.026561662554740906,False,0.0
8571,0.10129424184560776,False,0.0
8572,0.038316138088703156,False,0.0
8573,0.028373360633850098,False,0.0
8574,0.034110408276319504,False,0.0
8575,0.45061245560646057,True,0.8611285649240017
8576,0.08854763954877853,False,0.0
8577,0.06331326812505722,False,0.0
8578,0.06238585337996483,False,0.0
8579,0.2703988254070282,False,0.0
8580,0.017071811482310295,False,0.0
8581,0.008056451566517353,False,0.0
8582,0.006697678007185459,False,0.0
8583,0.8191635012626648,True,1.0
8584,0.08505365252494812,False,0.0
8585,0.038402408361434937,False,0.0
8586,0.0993315652012825,False,0.0
8587,0.04888438060879707,False,0.0
8588,0.06443479657173157,False,0.0
8589,0.05095488950610161,False,0.0
8590,0.1321146935224533,False,0.18742457032203674
8591,0.07726766914129257,False,0.0
8592,0.06195449456572533,False,0.0
8593,0.053672440350055695,False,0.0
8594,0.12221504747867584,False,0.0
8595,0.074054054915905,False,0.0
8596,0.03061641752719879,False,0.0
8597,0.017503168433904648,False,0.0
8598,0.014181720092892647,False,0.0
8599,0.028610607609152794,False,0.0
8600,0.0478706918656826,False,0.0
8601,0.08951819688081741,False,0.13768911361694336
8602,0.03868279233574867,False,0.0
8603,0.04517471417784691,False,0.0
8604,0.020673640072345734,False,0.0
8605,0.45219600200653076,False,0.0
8606,0.022895129397511482,False,0.0
8607,0.004454621579498053,False,0.0
8608,0.8972042798995972,True,1.0
8609,0.30341047048568726,False,0.0
8610,0.007819205522537231,False,0.0
8611,0.0,False,0.0
8612,0.0,False,0.0
8613,0.0014998273691162467,False,0.0
8614,0.023240214213728905,False,0.0
8615,0.022269662469625473,False,0.0
8616,0.09644147008657455,False,0.13294417411088943
8617,0.029969383031129837,False,0.0
8618,0.04090427979826927,False,0.0
8619,0.03505939245223999,False,0.0
8620,0.13424991071224213,False,0.0
8621,0.06132902577519417,False,0.0
8622,0.05151565745472908,False,0.0
8623,0.0465550534427166,False,0.0
8624,0.34940654039382935,True,0.6936997775919735
8625,0.0691797211766243,False,0.0
8626,0.018581559881567955,False,0.0
8627,0.007042763289064169,False,0.0
8628,0.002556651597842574,False,0.0
8629,0.011852391995489597,False,0.0
8630,0.026863614097237587,False,0.0
8631,0.10362356901168823,False,0.0
8632,0.03093993477523327,False,0.0
8633,0.8344418406486511,True,1.0
8634,0.06542691588401794,False,0.0
8635,0.36292940378189087,False,0.0
8636,0.034412357956171036,False,0.0
8637,0.0208246149122715,False,0.0
8638,0.015066000632941723,False,0.0
8639,0.09838258475065231,False,0.16663316823542118
8640,0.0,False,0.0
8641,0.0,False,0.0
