frame_idx,action_score,is_peak,persistence_value
0,0.49697187542915344,False,0.0
1,0.0,False,0.0
2,0.009593401104211807,False,0.0
3,0.0,False,0.0
4,0.0,False,0.0
5,0.0,False,0.0
6,0.0,False,0.0
7,0.11615592241287231,False,0.0
8,0.1468321681022644,False,0.0
9,0.21345455944538116,False,0.13768255710601807
10,0.18882480263710022,False,0.0
11,0.16497166454792023,False,0.0
12,0.1570945829153061,False,0.0
13,0.14577820897102356,False,0.0
14,0.14461328089237213,False,0.0
15,0.5208055377006531,True,0.7247592508792877
16,0.21500778198242188,False,0.0
17,0.17606614530086517,False,0.0
18,0.18460889160633087,False,0.0
19,0.19803322851657867,False,0.0
20,0.19037802517414093,False,0.0
21,0.16347390413284302,False,0.0
22,0.19337354600429535,False,0.0
23,0.15842591226100922,False,0.0
24,0.1721276044845581,False,0.0
25,0.8944271802902222,True,1.0
26,0.4519340693950653,False,0.0
27,0.16258634626865387,False,0.0
28,0.1755668967962265,False,0.0
29,0.15964631736278534,False,0.0
30,0.6905696988105774,True,1.0
31,0.41892683506011963,False,0.0
32,0.1858847588300705,False,0.0
33,0.15226846933364868,False,0.0
34,0.16075575351715088,False,0.0
35,0.15604059398174286,False,0.0
36,0.19709019362926483,False,0.0
37,0.16857735812664032,False,0.0
38,0.1670796126127243,False,0.0
39,0.4094419777393341,True,0.5143470168113708
40,0.16597016155719757,False,0.0
41,0.1486627608537674,False,0.0
42,0.17967185378074646,False,0.0
43,0.1739027202129364,False,0.0
44,0.16591469943523407,False,0.0
45,0.4326592683792114,True,0.5679930150508881
46,0.20180535316467285,False,0.0
47,0.12935836613178253,False,0.0
48,0.11920690536499023,False,0.0
49,0.13473919034004211,False,0.0
50,0.854371964931488,True,1.0
51,0.1889912188053131,False,0.0
52,0.14067474007606506,False,0.0
53,0.11504647880792618,False,0.0
54,0.1263628453016281,False,0.0
55,0.12048278003931046,False,0.0
56,0.15060429275035858,False,0.0
57,0.1315217912197113,False,0.0
58,0.1401200145483017,False,0.0
59,0.10489501804113388,False,0.0
60,0.8206493854522705,True,1.0
61,0.1857738196849823,False,0.0
62,0.10678108781576157,False,0.0
63,0.08636723458766937,False,0.0
64,0.1044512391090393,False,0.0
65,0.08320530503988266,False,0.0
66,0.11915143579244614,False,0.0
67,0.10140025615692139,False,0.0
68,0.09918136149644852,False,0.0
69,0.08542420715093613,False,0.0
70,0.08919632434844971,False,0.0
71,0.07926676422357559,False,0.0
72,0.10899998247623444,False,0.0
73,0.08675553649663925,False,0.0
74,0.05180791765451431,False,0.0
75,0.8996555805206299,True,1.0
76,0.1824454665184021,False,0.0
77,0.07849015295505524,False,0.0
78,0.07011381536722183,False,0.0
79,0.0605170838534832,False,0.0
80,0.08448117226362228,False,0.0
81,0.09474357217550278,False,0.0
82,0.08065357059240341,False,0.0
83,0.09846021980047226,False,0.0
84,0.09807191789150238,False,0.0
85,0.08614534139633179,False,0.0
86,0.11404796689748764,False,0.0
87,0.0910823866724968,False,0.0
88,0.11676611751317978,False,0.0
89,0.08376003056764603,False,0.0
90,0.38873666524887085,True,0.6080672144889832
91,0.1569836288690567,False,0.0
92,0.09890400618314743,False,0.0
93,0.1113853007555008,False,0.0
94,0.09180352836847305,False,0.0
95,0.09025030583143234,False,0.0
96,0.128359854221344,False,0.0
97,0.0994032546877861,False,0.0
98,0.08470305800437927,False,0.0
99,0.09407790005207062,False,0.0
100,0.8149067163467407,True,1.0
101,0.19353996217250824,False,0.0
102,0.15570776164531708,False,0.0
103,0.14428044855594635,False,0.0
104,0.13440635800361633,False,0.0
105,0.6240103244781494,True,0.9792079329490662
106,0.19231955707073212,False,0.0
107,0.14372572302818298,False,0.0
108,0.1432264745235443,False,0.0
109,0.1450570672750473,False,0.0
110,0.16003461182117462,False,0.0
111,0.13579316437244415,False,0.0
112,0.14200608432292938,False,0.0
113,0.12935836613178253,False,0.0
114,0.1451680064201355,False,0.0
115,0.13806752860546112,False,0.0
116,0.17307063937187195,False,0.0
117,0.155430406332016,False,0.0
118,0.17107363045215607,False,0.0
119,0.14766426384449005,False,0.0
120,0.8138792514801025,True,1.0
121,0.21822519600391388,False,0.0
122,0.1603119820356369,False,0.0
123,0.13950981199741364,False,0.0
124,0.16646941006183624,False,0.0
125,0.8365361094474792,True,1.0
126,0.21251152455806732,False,0.0
127,0.14261627197265625,False,0.0
128,0.14894013106822968,False,0.0
129,0.15415453910827637,False,0.0
130,0.14583367109298706,False,0.0
131,0.13191010057926178,False,0.0
132,0.15925799310207367,False,0.0
133,0.12730588018894196,False,0.0
134,0.14749784767627716,False,0.0
135,0.6130411624908447,True,0.9714705646038055
136,0.2009177953004837,False,0.0
137,0.13440635800361633,False,0.0
138,0.08547966927289963,False,0.0
139,0.08808688074350357,False,0.0
140,0.09834927320480347,False,0.0
141,0.09812738746404648,False,0.0
142,0.09995798021554947,False,0.0
143,0.07810184359550476,False,0.0
144,0.07976601272821426,False,0.0
145,0.0943552628159523,False,0.0
146,0.08681101351976395,False,0.0
147,0.10755770653486252,False,0.0
148,0.10017986595630646,False,0.0
149,0.12403301149606705,False,0.0
150,0.846975564956665,True,1.0
151,0.18488626182079315,False,0.0
152,0.09973608702421188,False,0.0
153,0.10334179550409317,False,0.0
154,0.07943318039178848,False,0.0
155,0.10567163676023483,False,0.0
156,0.087643101811409,False,0.0
157,0.12048278003931046,False,0.0
158,0.09252467006444931,False,0.0
159,0.16264180839061737,False,0.12436915934085846
160,0.11482458561658859,False,0.0
161,0.10045722872018814,False,0.0
162,0.10589352995157242,False,0.0
163,0.10700297355651855,False,0.0
164,0.12697304785251617,False,0.0
165,0.37980586290359497,True,0.600745365023613
166,0.13884414732456207,False,0.0
167,0.10528333485126495,False,0.0
168,0.10977659374475479,False,0.0
169,0.08481400460004807,False,0.0
170,0.1097211241722107,False,0.0
171,0.09380053728818893,False,0.0
172,0.07665956020355225,False,0.0
173,0.06933719664812088,False,0.0
174,0.07166703790426254,False,0.0
175,0.8037511110305786,True,1.0
176,0.19137653708457947,False,0.0
177,0.08714384585618973,False,0.0
178,0.07133420556783676,False,0.0
179,0.08869707584381104,False,0.0
180,0.7898764610290527,True,1.0
181,0.13973170518875122,False,0.0
182,0.08792045712471008,False,0.0
183,0.06645263731479645,False,0.0
184,0.11565667390823364,False,0.0
185,0.08670006692409515,False,0.0
186,0.125031515955925,False,0.0
187,0.08875254541635513,False,0.0
188,0.1062818318605423,False,0.0
189,0.14455781877040863,False,0.0
190,0.11232832819223404,False,0.0
191,0.12037183344364166,False,0.0
192,0.1282489150762558,False,0.0
193,0.11449175328016281,False,0.0
194,0.1433374136686325,False,0.0
195,0.3763427436351776,True,0.48365089297294617
196,0.15947990119457245,False,0.0
197,0.140064537525177,False,0.0
198,0.136736199259758,False,0.0
199,0.13451729714870453,False,0.0
200,0.8331081867218018,True,1.0
201,0.2025264948606491,False,0.0
202,0.1673569679260254,False,0.0
203,0.11698801815509796,False,0.0
204,0.13224293291568756,False,0.0
205,0.1198725700378418,False,0.0
206,0.15243488550186157,False,0.0
207,0.13562674820423126,False,0.0
208,0.14932844042778015,False,0.0
209,0.11055320501327515,False,0.0
210,0.6051567792892456,True,0.953150063753128
211,0.20541106164455414,False,0.0
212,0.1587032675743103,False,0.0
213,0.15642890334129333,False,0.0
214,0.15099261701107025,False,0.0
215,0.14594462513923645,False,0.0
216,0.15221300721168518,False,0.0
217,0.12858174741268158,False,0.0
218,0.1348501294851303,False,0.0
219,0.20058496296405792,False,0.1352418065071106
220,0.14067474007606506,False,0.0
221,0.1381784826517105,False,0.0
222,0.165304496884346,False,0.0
223,0.13296405971050262,False,0.0
224,0.1724604368209839,False,0.0
225,0.8812083601951599,True,1.0
226,0.21228964626789093,False,0.0
227,0.15986819565296173,False,0.0
228,0.1538216918706894,False,0.0
229,0.12259072065353394,False,0.0
230,0.11576762050390244,False,0.0
231,0.111274354159832,False,0.0
232,0.12087108194828033,False,0.0
233,0.10056817531585693,False,0.0
234,0.14616650342941284,False,0.0
235,0.1147691160440445,False,0.0
236,0.1436147689819336,False,0.0
237,0.13756828010082245,False,0.0
238,0.14317099750041962,False,0.0
239,0.11088603734970093,False,0.0
240,0.7695810794830322,True,1.0
241,0.17312610149383545,False,0.0
242,0.10173308849334717,False,0.0
243,0.0994032546877861,False,0.0
244,0.11022037267684937,False,0.0
245,0.10073459148406982,False,0.0
246,0.12908099591732025,False,0.0
247,0.1113853007555008,False,0.0
248,0.14067474007606506,False,0.0
249,0.09363412111997604,False,0.0
250,0.8995757102966309,True,1.0
251,0.16291917860507965,False,0.0
252,0.15837043523788452,False,0.0
253,0.11948426812887192,False,0.0
254,0.1402309536933899,False,0.0
255,0.5967587828636169,True,0.95454902946949
256,0.3587687015533447,False,0.0
257,0.1602010279893875,False,0.0
258,0.12958024442195892,False,0.0
259,0.13779017329216003,False,0.0
260,0.1448906511068344,False,0.0
261,0.13595958054065704,False,0.0
262,0.1469985991716385,False,0.0
263,0.12198052555322647,False,0.0
264,0.11077510565519333,False,0.0
265,0.10062364488840103,False,0.0
266,0.15326698124408722,False,0.0
267,0.12325640022754669,False,0.0
268,0.15115903317928314,False,0.0
269,0.13540485501289368,False,0.0
270,0.4077633023262024,True,0.6142793148756027
271,0.1537662297487259,False,0.0
272,0.15121449530124664,False,0.0
273,0.08470305800437927,False,0.0
274,0.08997293561697006,False,0.0
275,0.8113129138946533,True,1.0
276,0.3360753059387207,False,0.0
277,0.10922187566757202,False,0.0
278,0.12408848106861115,False,0.0
279,0.09712888300418854,False,0.0
280,0.08176302164793015,False,0.0
281,0.11099698394536972,False,0.0
282,0.10040175914764404,False,0.0
283,0.10506143420934677,False,0.0
284,0.0859234556555748,False,0.0
285,0.5830898284912109,True,1.0
286,0.1602010279893875,False,0.0
287,0.1010674238204956,False,0.0
288,0.07349763065576553,False,0.0
289,0.06606432795524597,False,0.0
290,0.09291297942399979,False,0.0
291,0.08703290671110153,False,0.0
292,0.07516180723905563,False,0.0
293,0.07444065809249878,False,0.0
294,0.0909159705042839,False,0.0
295,0.04626067355275154,False,0.0
296,0.09735076874494553,False,0.0
297,0.06600885838270187,False,0.0
298,0.07499539107084274,False,0.0
299,0.04609425738453865,False,0.0
300,0.9797474145889282,True,1.0
301,0.15276771783828735,False,0.0
302,0.06589790433645248,False,0.0
303,0.051586028188467026,False,0.0
304,0.0622367262840271,False,0.0
305,0.04309874400496483,False,0.0
306,0.055968351662158966,False,0.0
307,0.03389032185077667,False,0.0
308,0.03100575879216194,False,0.0
309,0.07044664770364761,False,0.0
310,0.039603982120752335,False,0.0
311,0.03311371058225632,False,0.0
312,0.08093094080686569,False,0.0
313,0.037717919796705246,False,0.0
314,0.06101633235812187,False,0.0
315,0.3181481957435608,True,0.4846414476633072
316,0.08026526868343353,False,0.0
317,0.08736573904752731,False,0.0
318,0.13595958054065704,False,0.0
319,0.10594899952411652,False,0.0
320,0.0961303785443306,False,0.0
321,0.0758274719119072,False,0.0
322,0.11332684010267258,False,0.0
323,0.08692195266485214,False,0.0
324,0.08625628799200058,False,0.0
325,0.7719719409942627,True,1.0
326,0.31921374797821045,False,0.0
327,0.10323084890842438,False,0.0
328,0.08270605653524399,False,0.0
329,0.09579754620790482,False,0.0
330,0.5816249251365662,True,0.9978377372026443
331,0.18849197030067444,False,0.0
332,0.1284153312444687,False,0.0
333,0.07632672041654587,False,0.0
334,0.09740624576807022,False,0.0
335,0.10062364488840103,False,0.0
336,0.11543478071689606,False,0.0
337,0.09818285703659058,False,0.0
338,0.10084553807973862,False,0.0
339,0.13030140101909637,False,0.10794936120510101
340,0.08964010328054428,False,0.0
341,0.06661905348300934,False,0.0
342,0.07793541997671127,False,0.0
343,0.09363412111997604,False,0.0
344,0.09363412111997604,False,0.0
345,0.3420383334159851,True,0.5508385598659515
346,0.10605994611978531,False,0.0
347,0.09812738746404648,False,0.0
348,0.09241372346878052,False,0.0
349,0.0605725534260273,False,0.0
350,0.8213706612586975,True,1.0
351,0.1604229211807251,False,0.0
352,0.08148565888404846,False,0.0
353,0.07216629385948181,False,0.0
354,0.03927114978432655,False,0.0
355,0.033834852278232574,False,0.0
356,0.09374506771564484,False,0.0
357,0.07349763065576553,False,0.0
358,0.06806133687496185,False,0.0
359,0.05391586944460869,False,0.0
360,0.7993524074554443,True,1.0
361,0.1569281667470932,False,0.0
362,0.09041672199964523,False,0.0
363,0.06084991618990898,False,0.0
364,0.07688145339488983,False,0.0
365,0.08736573904752731,False,0.0
366,0.057743459939956665,False,0.0
367,0.05974046513438225,False,0.0
368,0.07161156833171844,False,0.0
369,0.08392644673585892,False,0.0
370,0.06850511580705643,False,0.0
371,0.06806133687496185,False,0.0
372,0.09557565301656723,False,0.0
373,0.06639716029167175,False,0.0
374,0.0655650720000267,False,0.0
375,0.8798002600669861,True,1.0
376,0.18183527886867523,False,0.0
377,0.0757165253162384,False,0.0
378,0.06706283241510391,False,0.0
379,0.07799089699983597,False,0.0
380,0.06678546965122223,False,0.0
381,0.04986638203263283,False,0.0
382,0.05258452892303467,False,0.0
383,0.07521727681159973,False,0.0
384,0.12120391428470612,False,0.11627019941806793
385,0.08281699568033218,False,0.0
386,0.06939267367124557,False,0.0
387,0.06306881457567215,False,0.0
388,0.08864160627126694,False,0.0
389,0.08154113590717316,False,0.0
390,0.32604846358299255,True,0.5523641631007195
391,0.10500597208738327,False,0.0
392,0.07538369297981262,False,0.0
393,0.0740523561835289,False,0.0
394,0.07654861360788345,False,0.0
395,0.0673956647515297,False,0.0
396,0.05053205043077469,False,0.0
397,0.04986638203263283,False,0.0
398,0.07810184359550476,False,0.0
399,0.12458772957324982,False,0.0
400,0.794731080532074,True,1.0
401,0.15398810803890228,False,0.0
402,0.06711830198764801,False,0.0
403,0.04370894283056259,False,0.0
404,0.09163711220026016,False,0.0
405,0.5942507982254028,True,1.0
406,0.1552639901638031,False,0.0
407,0.0910823866724968,False,0.0
408,0.08509136736392975,False,0.0
409,0.058797437697649,False,0.0
410,0.06456657499074936,False,0.0
411,0.07649313658475876,False,0.0
412,0.06512129306793213,False,0.0
413,0.10655919462442398,False,0.0
414,0.062292199581861496,False,0.0
415,0.029618946835398674,False,0.0
416,0.02002221718430519,False,0.0
417,0.025236625224351883,False,0.0
418,0.04271043837070465,False,0.0
419,0.06761755794286728,False,0.0
420,0.6844242811203003,True,1.0
421,0.12103749811649323,False,0.0
422,0.06295787543058395,False,0.0
423,0.040269654244184494,False,0.0
424,0.03289182111620903,False,0.0
425,0.762575626373291,True,1.0
426,0.15082620084285736,False,0.0
427,0.067340187728405,False,0.0
428,0.06401184946298599,False,0.0
429,0.06279145926237106,False,0.0
430,0.06284692138433456,False,0.0
431,0.07016928493976593,False,0.0
432,0.045040279626846313,False,0.0
433,0.06828322261571884,False,0.0
434,0.07948865741491318,False,0.0
435,0.517757773399353,True,0.9454349875450134
436,0.1263628453016281,False,0.0
437,0.06157106161117554,False,0.0
438,0.07316479831933975,False,0.0
439,0.04509575292468071,False,0.0
440,0.045539531856775284,False,0.0
441,0.056190233677625656,False,0.0
442,0.0519743338227272,False,0.0
443,0.055524569004774094,False,0.0
444,0.036220163106918335,False,0.0
445,0.02784382738173008,False,0.0
446,0.03494429960846901,False,0.0
447,0.01869087852537632,False,0.0
448,0.026346072554588318,False,0.0
449,0.02074335888028145,False,0.0
450,0.9016331434249878,True,1.0
451,0.0823732241988182,False,0.0
452,0.0909714475274086,False,0.0
453,0.018302572891116142,False,0.0
454,0.006376000586897135,False,0.0
455,0.006708835251629353,False,0.0
456,0.024182649329304695,False,0.0
457,0.020465997979044914,False,0.0
458,0.012200605124235153,False,0.0
459,0.019578438252210617,False,0.0
460,0.04809126257896423,False,0.0
461,0.02645701728761196,False,0.0
462,0.0018272617598995566,False,0.0
463,0.0028257654048502445,False,0.0
464,0.01453044731169939,False,0.0
465,0.15748287737369537,False,0.29866351932287216
466,0.03527713567018509,False,0.0
467,0.01064737793058157,False,0.0
468,0.0351107157766819,False,0.0
469,0.021630918607115746,False,0.0
470,0.020465997979044914,False,0.0
471,0.01131304632872343,False,0.0
472,0.016527455300092697,False,0.0
473,0.060905393213033676,False,0.0
474,0.008151117712259293,False,0.0
475,0.7405937314033508,True,1.0
476,0.11926237493753433,False,0.0
477,0.03627563640475273,False,0.0
478,0.01530706137418747,False,0.0
479,0.01769237592816353,False,0.0
480,0.6174479722976685,True,1.0
481,0.1299130767583847,False,0.0
482,0.04287685453891754,False,0.0
483,0.0588529109954834,False,0.0
484,0.05180791765451431,False,0.0
485,0.027233630418777466,False,0.0
486,0.017636902630329132,False,0.0
487,0.023128671571612358,False,0.0
488,0.06634169071912766,False,0.0
489,0.12164769321680069,False,0.20802158117294312
490,0.07016928493976593,False,0.0
491,0.040103234350681305,False,0.0
492,0.03927114978432655,False,0.0
493,0.04825768247246742,False,0.0
494,0.017581431195139885,False,0.0
495,0.3197654187679291,True,0.6043679751455784
496,0.07094590365886688,False,0.0
497,0.020798830315470695,False,0.0
498,0.010037180967628956,False,0.0
499,0.0049337176606059074,False,0.0
500,0.899237871170044,True,1.0
501,0.0,False,0.0
502,0.04626067355275154,False,0.0
503,0.0,False,0.0
504,0.0,False,0.0
505,0.007152614649385214,False,0.0
506,0.0605170838534832,False,0.0
507,0.03022914193570614,False,0.0
508,0.014474974945187569,False,0.0
509,0.035499025136232376,False,0.0
510,0.052085280418395996,False,0.0
511,0.7467374205589294,True,1.0
512,0.15154732763767242,False,0.0
513,0.05901932716369629,False,0.0
514,0.06628621369600296,False,0.0
515,0.05968499928712845,False,0.0
516,0.09063860774040222,False,0.0
517,0.06667452305555344,False,0.0
518,0.07349763065576553,False,0.0
519,0.08065357059240341,False,0.0
520,0.058797437697649,False,0.0
521,0.07338669151067734,False,0.0
522,0.07987695932388306,False,0.0
523,0.07327573746442795,False,0.0
524,0.03949303552508354,False,0.0
525,0.03954851254820824,False,0.0
526,0.8501091003417969,True,1.0
527,0.15964631736278534,False,0.0
528,0.07532822340726852,False,0.0
529,0.06356807053089142,False,0.0
530,0.06800585985183716,False,0.0
531,0.11110793799161911,False,0.0
532,0.10678108781576157,False,0.0
533,0.08326077461242676,False,0.0
534,0.08215133100748062,False,0.0
535,0.09474357217550278,False,0.0
536,0.08137471973896027,False,0.0
537,0.06329070776700974,False,0.0
538,0.08620081841945648,False,0.0
539,0.09280204027891159,False,0.0
540,0.10395199060440063,False,0.0
541,0.35722121596336365,True,0.5865296870470047
542,0.11110793799161911,False,0.0
543,0.06972550600767136,False,0.0
544,0.0639563724398613,False,0.0
545,0.08864160627126694,False,0.0
546,0.097739078104496,False,0.0
547,0.109665647149086,False,0.0
548,0.10605994611978531,False,0.0
549,0.13279764354228973,False,0.0
550,0.1669686734676361,False,0.0
551,0.8313997983932495,True,1.0
552,0.18949048221111298,False,0.0
553,0.1263628453016281,False,0.0
554,0.08364908397197723,False,0.0
555,0.08437022566795349,False,0.0
556,0.5881286859512329,True,1.0
557,0.17506764829158783,False,0.0
558,0.08891896903514862,False,0.0
559,0.0657314881682396,False,0.0
560,0.04437461122870445,False,0.0
561,0.05818724259734154,False,0.0
562,0.048701461404561996,False,0.0
563,0.05630118399858475,False,0.0
564,0.053638506680727005,False,0.0
565,0.041933823376894,False,0.0
566,0.04875693470239639,False,0.0
567,0.04969996213912964,False,0.0
568,0.06661905348300934,False,0.0
569,0.09901494532823563,False,0.0
570,0.07510633021593094,False,0.0
571,0.7174513339996338,True,1.0
572,0.15576323866844177,False,0.0
573,0.09618585556745529,False,0.0
574,0.07726975530385971,False,0.0
575,0.07377499341964722,False,0.0
576,0.774538516998291,True,1.0
577,0.33434921503067017,False,0.0
578,0.1163223385810852,False,0.0
579,0.09474357217550278,False,0.0
580,0.1385113149881363,False,0.0
581,0.10256518423557281,False,0.0
582,0.08731026202440262,False,0.0
583,0.10051269829273224,False,0.0
584,0.13374069333076477,False,0.0
585,0.14938390254974365,False,0.0
586,0.572466254234314,True,0.9703119844198227
587,0.32255345582962036,False,0.0
588,0.10739129036664963,False,0.0
589,0.10816790163516998,False,0.0
590,0.0978500247001648,False,0.0
591,0.10927734524011612,False,0.0
592,0.08891896903514862,False,0.0
593,0.08148565888404846,False,0.0
594,0.0876985713839531,False,0.0
595,0.07510633021593094,False,0.0
596,0.0672847256064415,False,0.0
597,0.07338669151067734,False,0.0
598,0.08509136736392975,False,0.0
599,0.06584244221448898,False,0.0
600,0.033668432384729385,False,0.0
601,0.9015744924545288,True,1.0
602,0.12447679042816162,False,0.0
603,0.07183345407247543,False,0.0
604,0.056523073464632034,False,0.0
605,0.11926237493753433,False,0.0
606,0.05458153411746025,False,0.0
607,0.05386039614677429,False,0.0
608,0.04931165650486946,False,0.0
609,0.042100243270397186,False,0.0
610,0.10583805292844772,False,0.12747561931610107
611,0.05957404896616936,False,0.0
612,0.03616469353437424,False,0.0
613,0.04004776105284691,False,0.0
614,0.047758426517248154,False,0.0
615,0.026013238355517387,False,0.0
616,0.3165048658847809,True,0.5792081356048584
617,0.09646321833133698,False,0.0
618,0.06428920477628708,False,0.0
619,0.06317976117134094,False,0.0
620,0.03538807854056358,False,0.0
621,0.026900798082351685,False,0.0
622,0.037218671292066574,False,0.0
623,0.07799089699983597,False,0.0
624,0.04309874400496483,False,0.0
625,0.04149004444479942,False,0.0
626,0.7899964451789856,True,1.0
627,0.16169878840446472,False,0.0
628,0.08281699568033218,False,0.0
629,0.0536939799785614,False,0.0
630,0.053804922848939896,False,0.0
631,0.7686516642570496,True,1.0
632,0.16813358664512634,False,0.0
633,0.060461610555648804,False,0.0
634,0.0706130638718605,False,0.0
635,0.04814673587679863,False,0.0
636,0.04847956821322441,False,0.0
637,0.05496984347701073,False,0.0
638,0.1097211241722107,False,0.0
639,0.06833869218826294,False,0.0
640,0.07804637402296066,False,0.0
641,0.07893392443656921,False,0.0
642,0.06967003643512726,False,0.0
643,0.07133420556783676,False,0.0
644,0.07089042663574219,False,0.0
645,0.08886349201202393,False,0.0
646,0.3206517994403839,True,0.5395738258957863
647,0.09574206918478012,False,0.0
648,0.07150062173604965,False,0.0
649,0.05940763279795647,False,0.0
650,0.05086488649249077,False,0.0
651,0.8374708294868469,True,1.0
652,0.1619761437177658,False,0.0
653,0.10744675248861313,False,0.0
654,0.09030577540397644,False,0.0
655,0.10417387634515762,False,0.0
656,0.08165207505226135,False,0.0
657,0.08176302164793015,False,0.0
658,0.09374506771564484,False,0.0
659,0.08043168485164642,False,0.0
660,0.10644824802875519,False,0.0
661,0.5826292037963867,True,1.0
662,0.16447240114212036,False,0.0
663,0.10556069761514664,False,0.0
664,0.07876750826835632,False,0.0
665,0.07765806466341019,False,0.0
666,0.09080502390861511,False,0.0
667,0.09036125242710114,False,0.0
668,0.08814235031604767,False,0.0
669,0.06412278860807419,False,0.0
670,0.08742120862007141,False,0.0
671,0.07383046299219131,False,0.0
672,0.06256956607103348,False,0.0
673,0.08381550759077072,False,0.0
674,0.05386039614677429,False,0.0
675,0.07699239253997803,False,0.0
676,0.8761720657348633,True,1.0
677,0.1299130767583847,False,0.0
678,0.10073459148406982,False,0.0
679,0.05558003857731819,False,0.0
680,0.05474795028567314,False,0.0
681,0.04748106747865677,False,0.0
682,0.07466255128383636,False,0.0
683,0.07699239253997803,False,0.0
684,0.06462204456329346,False,0.0
685,0.08026526868343353,False,0.0
686,0.06323523074388504,False,0.0
687,0.07871203869581223,False,0.0
688,0.08020979166030884,False,0.0
689,0.08381550759077072,False,0.0
690,0.07322026789188385,False,0.0
691,0.6881828308105469,True,1.0
692,0.1334078460931778,False,0.0
693,0.08919632434844971,False,0.0
694,0.05962952598929405,False,0.0
695,0.08481400460004807,False,0.0
696,0.08958463370800018,False,0.0
697,0.1046176552772522,False,0.0
698,0.07288743555545807,False,0.0
699,0.09346770495176315,False,0.0
700,0.07677050679922104,False,0.0
701,0.8293685913085938,True,1.0
702,0.16474977135658264,False,0.0
703,0.13418446481227875,False,0.0
704,0.09086050093173981,False,0.0
705,0.085812509059906,False,0.0
706,0.5792720913887024,True,0.9869191646575928
707,0.1822790503501892,False,0.0
708,0.11188454926013947,False,0.0
709,0.08869707584381104,False,0.0
710,0.08381550759077072,False,0.0
711,0.08803140372037888,False,0.0
712,0.09191447496414185,False,0.0
713,0.10356368124485016,False,0.0
714,0.07432971894741058,False,0.0
715,0.07887845486402512,False,0.0
716,0.08486947417259216,False,0.0
717,0.07555010914802551,False,0.0
718,0.08886349201202393,False,0.0
719,0.08448117226362228,False,0.0
720,0.08381550759077072,False,0.0
721,0.42068326473236084,True,0.6843862235546112
722,0.12264620512723923,False,0.0
723,0.09496545791625977,False,0.0
724,0.07849015295505524,False,0.0
725,0.08969558030366898,False,0.0
726,0.8197864294052124,True,1.0
727,0.30737507343292236,False,0.0
728,0.10589352995157242,False,0.0
729,0.08980651944875717,False,0.0
730,0.12031634896993637,False,0.0
731,0.07427424192428589,False,0.0
732,0.07505085319280624,False,0.0
733,0.09041672199964523,False,0.0
734,0.07222176343202591,False,0.0
735,0.06401184946298599,False,0.0
736,0.5558412075042725,True,0.9836587160825729
737,0.1299130767583847,False,0.0
738,0.06878247112035751,False,0.0
739,0.06917078047990799,False,0.0
740,0.052806418389081955,False,0.0
741,0.09840475022792816,False,0.0
742,0.0554136224091053,False,0.0
743,0.051253195852041245,False,0.0
744,0.03882737085223198,False,0.0
745,0.07699239253997803,False,0.0
746,0.07521727681159973,False,0.0
747,0.06201483681797981,False,0.0
748,0.05108677223324776,False,0.0
749,0.07438518851995468,False,0.0
750,0.899291455745697,False,0.0
751,0.9208732843399048,True,1.0
752,0.12331186980009079,False,0.0
753,0.05386039614677429,False,0.0
754,0.046371620148420334,False,0.0
755,0.055968351662158966,False,0.0
756,0.05491437390446663,False,0.0
757,0.03405674174427986,False,0.0
758,0.03594280406832695,False,0.0
759,0.051308661699295044,False,0.0
760,0.06917078047990799,False,0.0
761,0.05846460536122322,False,0.0
762,0.06084991618990898,False,0.0
763,0.04576142132282257,False,0.0
764,0.05563551187515259,False,0.0
765,0.0621812604367733,False,0.0
766,0.1889912188053131,False,0.2831312492489815
767,0.06268050521612167,False,0.0
768,0.06451109796762466,False,0.0
769,0.07338669151067734,False,0.0
770,0.07993243634700775,False,0.0
771,0.05918574333190918,False,0.0
772,0.04936712980270386,False,0.0
773,0.07493991404771805,False,0.0
774,0.04897882044315338,False,0.0
775,0.04742559418082237,False,0.0
776,0.7969605922698975,True,1.0
777,0.14733143150806427,False,0.0
778,0.1078905388712883,False,0.0
779,0.14206154644489288,False,0.0
780,0.09163711220026016,False,0.0
781,0.5982378721237183,True,0.9842449128627777
782,0.19720113277435303,False,0.0
783,0.12186958640813828,False,0.0
784,0.13035686314105988,False,0.0
785,0.13202103972434998,False,0.0
786,0.1366252452135086,False,0.0
787,0.10949923098087311,False,0.0
788,0.1061154156923294,False,0.0
789,0.16641394793987274,False,0.0
790,0.19010066986083984,False,0.1251457929611206
791,0.1553194522857666,False,0.0
792,0.13612599670886993,False,0.0
793,0.16419504582881927,False,0.0
794,0.12752777338027954,False,0.0
795,0.13701355457305908,False,0.0
796,0.4236260652542114,True,0.5941936075687408
797,0.18494173884391785,False,0.0
798,0.14777521789073944,False,0.0
799,0.14544536173343658,False,0.0
800,0.126529261469841,False,0.0
801,0.8776740431785583,True,1.0
802,0.3457837402820587,False,0.0
803,0.16602562367916107,False,0.0
804,0.15110355615615845,False,0.0
805,0.14722047746181488,False,0.0
806,0.14211702346801758,False,0.0
807,0.1350720226764679,False,0.0
808,0.1415622979402542,False,0.0
809,0.16852189600467682,False,0.0
810,0.1433374136686325,False,0.0
811,0.8226103782653809,True,1.0
812,0.2093495875597,False,0.0
813,0.14405855536460876,False,0.0
814,0.11726536601781845,False,0.0
815,0.15631796419620514,False,0.0
816,0.13374069333076477,False,0.0
817,0.16291917860507965,False,0.0
818,0.1299130767583847,False,0.0
819,0.1486627608537674,False,0.0
820,0.3704555630683899,True,0.437150776386261
821,0.15925799310207367,False,0.0
822,0.1673569679260254,False,0.0
823,0.17168383300304413,False,0.0
824,0.1518801748752594,False,0.0
825,0.15565228462219238,False,0.0
826,0.9170674681663513,True,1.0
827,0.38110554218292236,False,0.0
828,0.15165828168392181,False,0.0
829,0.1586478054523468,False,0.0
830,0.15249036252498627,False,0.0
831,0.16003461182117462,False,0.0
832,0.1366252452135086,False,0.0
833,0.15071524679660797,False,0.0
834,0.1316882073879242,False,0.0
835,0.1415068358182907,False,0.0
836,0.13729092478752136,False,0.0
837,0.1623089760541916,False,0.0
838,0.1282489150762558,False,0.0
839,0.13790111243724823,False,0.0
840,0.1313553750514984,False,0.0
841,0.4996985197067261,True,0.7428992092609406
842,0.16164331138134003,False,0.0
843,0.1385667771100998,False,0.0
844,0.11560119688510895,False,0.0
845,0.12225788831710815,False,0.0
846,0.0976281389594078,False,0.0
847,0.13429540395736694,False,0.0
848,0.11343777179718018,False,0.0
849,0.13706903159618378,False,0.0
850,0.18316660821437836,False,0.0
851,0.8362984657287598,True,1.0
852,0.1923750340938568,False,0.0
853,0.1974230259656906,False,0.0
854,0.13579316437244415,False,0.0
855,0.10761316865682602,False,0.0
856,0.6145841479301453,True,1.0
857,0.1637512743473053,False,0.0
858,0.09502093493938446,False,0.0
859,0.0673956647515297,False,0.0
860,0.05979594215750694,False,0.0
861,0.07039117068052292,False,0.0
862,0.07959959656000137,False,0.0
863,0.07638219743967056,False,0.0
864,0.07172251492738724,False,0.0
865,0.09086050093173981,False,0.0
866,0.10883356630802155,False,0.0
867,0.13412898778915405,False,0.0
868,0.10605994611978531,False,0.0
869,0.11665517091751099,False,0.0
870,0.11504647880792618,False,0.0
871,0.7386799454689026,True,1.0
872,0.1707407832145691,False,0.0
873,0.1263073831796646,False,0.0
874,0.10700297355651855,False,0.0
875,0.1147136464715004,False,0.0
876,0.7946121692657471,True,1.0
877,0.3624632954597473,False,0.0
878,0.14283816516399384,False,0.0
879,0.14389213919639587,False,0.0
880,0.1706298440694809,False,0.0
881,0.15398810803890228,False,0.0
882,0.13418446481227875,False,0.0
883,0.1298576146364212,False,0.0
884,0.1486072987318039,False,0.0
885,0.1399535983800888,False,0.0
886,0.5613124370574951,True,0.8629096448421478
887,0.20507822930812836,False,0.0
888,0.1284153312444687,False,0.0
889,0.1585923284292221,False,0.0
890,0.13773469626903534,False,0.0
891,0.13967624306678772,False,0.0
892,0.11537931114435196,False,0.0
893,0.1468876451253891,False,0.0
894,0.13035686314105988,False,0.0
895,0.13107800483703613,False,0.0
896,0.11604497581720352,False,0.0
897,0.13285313546657562,False,0.0
898,0.11831934750080109,False,0.0
899,0.1147136464715004,False,0.0
900,0.09790550172328949,False,0.0
901,0.9746977090835571,True,1.0
902,0.15742741525173187,False,0.0
903,0.092580147087574,False,0.0
904,0.11332684010267258,False,0.0
905,0.10134478658437729,False,0.0
906,0.09374506771564484,False,0.0
907,0.08559062331914902,False,0.0
908,0.08520231395959854,False,0.0
909,0.10167761892080307,False,0.0
910,0.11365967243909836,False,0.0
911,0.0706130638718605,False,0.0
912,0.08830877393484116,False,0.0
913,0.0673956647515297,False,0.0
914,0.06528770923614502,False,0.0
915,0.06678546965122223,False,0.0
916,0.3409116566181183,True,0.5512478947639465
917,0.09990250319242477,False,0.0
918,0.079044871032238,False,0.0
919,0.11365967243909836,False,0.0
920,0.09219183772802353,False,0.0
921,0.07882298529148102,False,0.0
922,0.06939267367124557,False,0.0
923,0.07849015295505524,False,0.0
924,0.06251408904790878,False,0.0
925,0.07016928493976593,False,0.0
926,0.770969808101654,True,1.0
927,0.2025819569826126,False,0.0
928,0.0876985713839531,False,0.0
929,0.07832372933626175,False,0.0
930,0.08964010328054428,False,0.0
931,0.6138837933540344,True,1.0
932,0.12719494104385376,False,0.0
933,0.07787995785474777,False,0.0
934,0.07982148975133896,False,0.0
935,0.05219622328877449,False,0.0
936,0.05918574333190918,False,0.0
937,0.05818724259734154,False,0.0
938,0.087643101811409,False,0.0
939,0.04903429374098778,False,0.0
940,0.03427862748503685,False,0.0
941,0.03122764639556408,False,0.0
942,0.056689489632844925,False,0.0
943,0.07333121448755264,False,0.0
944,0.041101738810539246,False,0.0
945,0.05558003857731819,False,0.0
946,0.17678728699684143,False,0.28046857565641403
947,0.08131924271583557,False,0.0
948,0.050587523728609085,False,0.0
949,0.036552999168634415,False,0.0
950,0.059906888753175735,False,0.0
951,0.7716586589813232,True,1.0
952,0.1567617505788803,False,0.0
953,0.08309435844421387,False,0.0
954,0.05080941319465637,False,0.0
955,0.09141521900892258,False,0.0
956,0.07821279019117355,False,0.0
957,0.05047657713294029,False,0.0
958,0.03971492871642113,False,0.0
959,0.060628026723861694,False,0.0
960,0.07089042663574219,False,0.0
961,0.7831712961196899,True,1.0
962,0.13440635800361633,False,0.0
963,0.03427862748503685,False,0.0
964,0.025347569957375526,False,0.0
965,0.023017728701233864,False,0.0
966,0.04149004444479942,False,0.0
967,0.053971339017152786,False,0.0
968,0.049089767038822174,False,0.0
969,0.042654965072870255,False,0.0
970,0.06251408904790878,False,0.0
971,0.04204476997256279,False,0.0
972,0.028953278437256813,False,0.0
973,0.05003280192613602,False,0.0
974,0.0275109950453043,False,0.0
975,0.020133161917328835,False,0.0
976,0.8565500974655151,True,1.0
977,0.14644387364387512,False,0.0
978,0.06290239840745926,False,0.0
979,0.07821279019117355,False,0.0
980,0.06434468179941177,False,0.0
981,0.06756208091974258,False,0.0
982,0.047536540776491165,False,0.0
983,0.029230639338493347,False,0.0
984,0.03039555810391903,False,0.0
985,0.03205973282456398,False,0.0
986,0.03838358819484711,False,0.0
987,0.025347569957375526,False,0.0
988,0.02157544530928135,False,0.0
989,0.028953278437256813,False,0.0
990,0.025070209056138992,False,0.0
991,0.3181554079055786,True,0.5931599251925945
992,0.04609425738453865,False,0.0
993,0.034167688339948654,False,0.0
994,0.047037288546562195,False,0.0
995,0.020632414147257805,False,0.0
996,0.020632414147257805,False,0.0
997,0.027899300679564476,False,0.0
998,0.033169180154800415,False,0.0
999,0.010869267396628857,False,0.0
1000,0.8994675278663635,True,1.0
1001,0.7663517594337463,False,0.0
1002,0.12508699297904968,False,0.0
1003,0.09402243047952652,False,0.0
1004,0.03472241014242172,False,0.0
1005,0.03921567648649216,False,0.0
1006,0.5463416576385498,True,1.0
1007,0.10439576953649521,False,0.0
1008,0.033169180154800415,False,0.0
1009,0.023128671571612358,False,0.0
1010,0.007818284444510937,False,0.0
1011,0.017636902630329132,False,0.0
1012,0.011423991061747074,False,0.0
1013,0.08059810101985931,False,0.11493885889649391
1014,0.026623433455824852,False,0.0
1015,0.04831315204501152,False,0.0
1016,0.023128671571612358,False,0.0
1017,0.04343158006668091,False,0.0
1018,0.0384390614926815,False,0.0
1019,0.03389032185077667,False,0.0
1020,0.03477788344025612,False,0.0
1021,0.755537748336792,True,1.0
1022,0.10605994611978531,False,0.0
1023,0.05985141545534134,False,0.0
1024,0.03239256888628006,False,0.0
1025,0.021353555843234062,False,0.0
1026,0.8239525556564331,True,1.0
1027,0.19570337235927582,False,0.0
1028,0.09757266193628311,False,0.0
1029,0.03233709558844566,False,0.0
1030,0.03999229148030281,False,0.0
1031,0.04132362827658653,False,0.0
1032,0.040269654244184494,False,0.0
1033,0.05674496293067932,False,0.0
1034,0.014474974945187569,False,0.0
1035,0.020798830315470695,False,0.0
1036,0.5762444138526917,True,1.0
1037,0.15981273353099823,False,0.0
1038,0.05136413499712944,False,0.0
1039,0.029618946835398674,False,0.0
1040,0.039049260318279266,False,0.0
1041,0.03228162229061127,False,0.0
1042,0.014807808212935925,False,0.0
1043,0.03427862748503685,False,0.0
1044,0.013310054317116737,False,0.0
1045,0.0062095834873616695,False,0.0
1046,0.0068752518855035305,False,0.0
1047,0.030617449432611465,False,0.0
1048,0.03566544130444527,False,0.0
1049,0.003768796566873789,False,0.0
1050,0.006542418152093887,False,0.0
1051,0.8593218326568604,True,1.0
1052,0.12519793212413788,False,0.0
1053,0.016860289499163628,False,0.0
1054,0.022518476471304893,False,0.0
1055,0.023461507633328438,False,0.0
1056,0.027954772114753723,False,0.0
1057,0.0061541106551885605,False,0.0
1058,0.025236625224351883,False,0.0
1059,0.026845324784517288,False,0.0
1060,0.04897882044315338,False,0.0
1061,0.0156398955732584,False,0.0
1062,0.024570954963564873,False,0.0
1063,0.03577638790011406,False,0.0
1064,0.014308556914329529,False,0.0
1065,0.006764307618141174,False,0.0
1066,0.12225788831710815,False,0.22111307084560394
1067,0.028731388971209526,False,0.0
1068,0.018912767991423607,False,0.0
1069,0.03139406442642212,False,0.0
1070,0.0317268967628479,False,0.0
1071,0.01852446235716343,False,0.0
1072,0.06101633235812187,False,0.0
1073,0.017470484599471092,False,0.0
1074,0.01663839817047119,False,0.0
1075,0.011701352894306183,False,0.0
1076,0.7860655784606934,True,1.0
1077,0.18044845759868622,False,0.0
1078,0.08409286290407181,False,0.0
1079,0.06306881457567215,False,0.0
1080,0.07604936510324478,False,0.0
1081,0.8219253420829773,True,1.0
1082,0.1706853210926056,False,0.0
1083,0.08348266780376434,False,0.0
1084,0.08908538520336151,False,0.0
1085,0.09230278432369232,False,0.0
1086,0.1079460009932518,False,0.0
1087,0.08825329691171646,False,0.0
1088,0.11870765686035156,False,0.0
1089,0.10023534297943115,False,0.0
1090,0.12547528743743896,False,0.0
1091,0.11953973770141602,False,0.0
1092,0.09535376727581024,False,0.0
1093,0.17179475724697113,False,0.0
1094,0.11005395650863647,False,0.0
1095,0.12553076446056366,False,0.0
1096,0.3620087802410126,True,0.5277627855539322
1097,0.14428044855594635,False,0.0
1098,0.11537931114435196,False,0.0
1099,0.10234328359365463,False,0.0
1100,0.09812738746404648,False,0.0
1101,0.8469399809837341,True,1.0
1102,0.21018169820308685,False,0.0
1103,0.11099698394536972,False,0.0
1104,0.09313487261533737,False,0.0
1105,0.12087108194828033,False,0.0
1106,0.11565667390823364,False,0.0
1107,0.06861605495214462,False,0.0
1108,0.08670006692409515,False,0.0
1109,0.092580147087574,False,0.0
1110,0.08148565888404846,False,0.0
1111,0.5785573124885559,True,0.9701792150735855
1112,0.14211702346801758,False,0.0
1113,0.09346770495176315,False,0.0
1114,0.11077510565519333,False,0.0
1115,0.10051269829273224,False,0.0
1116,0.10017986595630646,False,0.0
1117,0.11144077032804489,False,0.0
1118,0.11587855964899063,False,0.0
1119,0.1284153312444687,False,0.0
1120,0.1589251607656479,False,0.0
1121,0.1450015753507614,False,0.0
1122,0.12264620512723923,False,0.0
1123,0.111274354159832,False,0.0
1124,0.1279715597629547,False,0.0
1125,0.13607053458690643,False,0.0
1126,0.8854777812957764,True,1.0
1127,0.20186081528663635,False,0.0
1128,0.1369026154279709,False,0.0
1129,0.13579316437244415,False,0.0
1130,0.1350720226764679,False,0.0
1131,0.14888465404510498,False,0.0
1132,0.13052327930927277,False,0.0
1133,0.15054883062839508,False,0.0
1134,0.12713946402072906,False,0.0
1135,0.15132544934749603,False,0.0
1136,0.12719494104385376,False,0.0
1137,0.15642890334129333,False,0.0
1138,0.14472423493862152,False,0.0
1139,0.14821898937225342,False,0.0
1140,0.14794163405895233,False,0.0
1141,0.7562642097473145,True,1.0
1142,0.18366585671901703,False,0.0
1143,0.1451125293970108,False,0.0
1144,0.12974666059017181,False,0.0
1145,0.14056378602981567,False,0.0
1146,0.12614096701145172,False,0.0
1147,0.16347390413284302,False,0.0
1148,0.13557128608226776,False,0.0
1149,0.13923245668411255,False,0.0
1150,0.18305566906929016,False,0.0
1151,0.8694688677787781,True,1.0
1152,0.44455501437187195,False,0.0
1153,0.21550703048706055,False,0.0
1154,0.14977221190929413,False,0.0
1155,0.15665079653263092,False,0.0
1156,0.6545124650001526,True,1.0
1157,0.20585481822490692,False,0.0
1158,0.12442131340503693,False,0.0
1159,0.1399535983800888,False,0.0
1160,0.11904048919677734,False,0.0
1161,0.1299685686826706,False,0.0
1162,0.11255021393299103,False,0.0
1163,0.1417287141084671,False,0.0
1164,0.12081561237573624,False,0.0
1165,0.17118456959724426,False,0.10928066074848175
1166,0.12336733192205429,False,0.0
1167,0.13967624306678772,False,0.0
1168,0.11998351663351059,False,0.0
1169,0.13080064952373505,False,0.0
1170,0.11654423922300339,False,0.0
1171,0.3996416926383972,True,0.5741829574108124
1172,0.1619206815958023,False,0.0
1173,0.1656927913427353,False,0.0
1174,0.10861168056726456,False,0.0
1175,0.11005395650863647,False,0.0
1176,0.7919803857803345,True,1.0
1177,0.18538551032543182,False,0.0
1178,0.1131049394607544,False,0.0
1179,0.09574206918478012,False,0.0
1180,0.07000286877155304,False,0.0
1181,0.0570777952671051,False,0.0
1182,0.08148565888404846,False,0.0
1183,0.06839416921138763,False,0.0
1184,0.07860109210014343,False,0.0
1185,0.06234767660498619,False,0.0
1186,0.5413882732391357,True,0.9318982064723969
1187,0.13368521630764008,False,0.0
1188,0.07543917000293732,False,0.0
1189,0.0825396403670311,False,0.0
1190,0.0909714475274086,False,0.0
1191,0.08559062331914902,False,0.0
1192,0.0843147560954094,False,0.0
1193,0.09235825389623642,False,0.0
1194,0.10167761892080307,False,0.0
1195,0.08880802243947983,False,0.0
1196,0.10045722872018814,False,0.0
1197,0.1112188845872879,False,0.0
1198,0.08370455354452133,False,0.0
1199,0.13196556270122528,False,0.0
1200,0.11266116052865982,False,0.0
1201,0.9860965013504028,True,1.0
1202,0.17828504741191864,False,0.0
1203,0.11354871839284897,False,0.0
1204,0.10766863822937012,False,0.0
1205,0.11565667390823364,False,0.0
1206,0.11044227331876755,False,0.0
1207,0.13945434987545013,False,0.0
1208,0.12575265765190125,False,0.0
1209,0.12292356789112091,False,0.0
1210,0.16269730031490326,False,0.0
1211,0.13451729714870453,False,0.0
1212,0.11654423922300339,False,0.0
1213,0.12259072065353394,False,0.0
1214,0.1517137587070465,False,0.0
1215,0.1452789455652237,False,0.0
1216,0.41532671451568604,True,0.5274478197097778
1217,0.1907663345336914,False,0.0
1218,0.15160280466079712,False,0.0
1219,0.15936894714832306,False,0.0
1220,0.15265677869319916,False,0.0
1221,0.1705189049243927,False,0.0
1222,0.15437643229961395,False,0.0
1223,0.160145565867424,False,0.0
1224,0.15387718379497528,False,0.0
1225,0.16075575351715088,False,0.0
1226,0.8348262310028076,True,1.0
1227,0.36128857731819153,False,0.0
1228,0.1586478054523468,False,0.0
1229,0.16330748796463013,False,0.0
1230,0.13113348186016083,False,0.0
1231,0.6443554759025574,True,1.0
1232,0.17273780703544617,False,0.0
1233,0.13202103972434998,False,0.0
1234,0.11754273623228073,False,0.0
1235,0.1432264745235443,False,0.0
1236,0.1265847533941269,False,0.0
1237,0.14444686472415924,False,0.0
1238,0.11770915240049362,False,0.0
1239,0.1538216918706894,False,0.0
1240,0.19659094512462616,False,0.0
1241,0.15909157693386078,False,0.0
1242,0.15615154802799225,False,0.0
1243,0.15759383141994476,False,0.0
1244,0.15581870079040527,False,0.0
1245,0.17495669424533844,False,0.0
1246,0.445626437664032,False,0.0
1247,0.22216372191905975,False,0.0
1248,0.13967624306678772,False,0.0
1249,0.17423555254936218,False,0.0
1250,0.8994839787483215,True,1.0
1251,0.8121448755264282,False,0.0
1252,0.1908218115568161,False,0.0
1253,0.12364470213651657,False,0.0
1254,0.09335675835609436,False,0.0
1255,0.134905606508255,False,0.0
1256,0.0807645246386528,False,0.0
1257,0.07665956020355225,False,0.0
1258,0.07055758684873581,False,0.0
1259,0.0657314881682396,False,0.0
1260,0.07987695932388306,False,0.0
1261,0.7853847146034241,True,1.0
1262,0.1365697830915451,False,0.0
1263,0.05974046513438225,False,0.0
1264,0.06645263731479645,False,0.0
1265,0.09452167898416519,False,0.0
1266,0.09857116639614105,False,0.0
1267,0.08914085477590561,False,0.0
1268,0.10167761892080307,False,0.0
1269,0.0875876247882843,False,0.0
1270,0.15287867188453674,False,0.0
1271,0.10300896316766739,False,0.0
1272,0.10800148546695709,False,0.0
1273,0.13950981199741364,False,0.0
1274,0.12020541727542877,False,0.0
1275,0.1316882073879242,False,0.0
1276,0.8804274797439575,True,1.0
1277,0.38898152112960815,False,0.0
1278,0.15448737144470215,False,0.0
1279,0.14311552047729492,False,0.0
1280,0.13784563541412354,False,0.0
1281,0.13573770225048065,False,0.0
1282,0.13956528902053833,False,0.0
1283,0.15587417781352997,False,0.0
1284,0.14932844042778015,False,0.0
1285,0.1671905517578125,False,0.0
1286,0.15176922082901,False,0.0
1287,0.17312610149383545,False,0.0
1288,0.13063423335552216,False,0.0
1289,0.14616650342941284,False,0.0
1290,0.1350720226764679,False,0.0
1291,0.45076099038124084,True,0.6402535140514374
1292,0.1807258278131485,False,0.0
1293,0.15665079653263092,False,0.0
1294,0.13401804864406586,False,0.0
1295,0.13867773115634918,False,0.0
1296,0.11693253368139267,False,0.0
1297,0.15260130167007446,False,0.0
1298,0.12125939130783081,False,0.0
1299,0.12569718062877655,False,0.0
1300,0.15110355615615845,False,0.0
1301,0.8320844173431396,True,1.0
1302,0.1872715801000595,False,0.0
1303,0.15132544934749603,False,0.0
1304,0.10833431780338287,False,0.0
1305,0.13085612654685974,False,0.0
1306,0.6069908142089844,True,0.997312992811203
1307,0.19697925448417664,False,0.0
1308,0.11488006263971329,False,0.0
1309,0.12164769321680069,False,0.0
1310,0.11432533711194992,False,0.0
1311,0.1062263622879982,False,0.0
1312,0.10478407144546509,False,0.0
1313,0.11410345137119293,False,0.0
1314,0.10661466419696808,False,0.0
1315,0.11216191202402115,False,0.0
1316,0.10744675248861313,False,0.0
1317,0.09890400618314743,False,0.0
1318,0.09474357217550278,False,0.0
1319,0.11848576366901398,False,0.0
1320,0.10422935336828232,False,0.0
1321,0.7300243377685547,True,1.0
1322,0.1654154360294342,False,0.0
1323,0.10411840677261353,False,0.0
1324,0.10062364488840103,False,0.0
1325,0.10328632593154907,False,0.0
1326,0.8017354011535645,True,1.0
1327,0.216339111328125,False,0.0
1328,0.1266956776380539,False,0.0
1329,0.13080064952373505,False,0.0
1330,0.1639176905155182,False,0.0
1331,0.09718435257673264,False,0.0
1332,0.11038678884506226,False,0.0
1333,0.10927734524011612,False,0.0
1334,0.10417387634515762,False,0.0
1335,0.10877809673547745,False,0.0
1336,0.5611950755119324,True,0.9280214458703995
1337,0.2162836641073227,False,0.0
1338,0.1231454536318779,False,0.0
1339,0.14267174899578094,False,0.0
1340,0.10772412270307541,False,0.0
1341,0.11848576366901398,False,0.0
1342,0.11182907968759537,False,0.0
1343,0.10805695503950119,False,0.0
1344,0.08714384585618973,False,0.0
1345,0.08975105732679367,False,0.0
1346,0.09330128878355026,False,0.0
1347,0.10728033632040024,False,0.0
1348,0.08786498755216599,False,0.0
1349,0.11399250477552414,False,0.0
1350,0.08498042076826096,False,0.0
1351,0.9289246797561646,True,1.0
1352,0.13529391586780548,False,0.0
1353,0.10800148546695709,False,0.0
1354,0.09413336962461472,False,0.0
1355,0.10533880442380905,False,0.0
1356,0.10578258335590363,False,0.0
1357,0.12719494104385376,False,0.0
1358,0.11488006263971329,False,0.0
1359,0.11482458561658859,False,0.0
1360,0.16935397684574127,False,0.12492389976978302
1361,0.11099698394536972,False,0.0
1362,0.10689202696084976,False,0.0
1363,0.13806752860546112,False,0.0
1364,0.1145472303032875,False,0.0
1365,0.126529261469841,False,0.0
1366,0.4015166759490967,True,0.5757140070199966
1367,0.160145565867424,False,0.0
1368,0.12514245510101318,False,0.0
1369,0.12697304785251617,False,0.0
1370,0.12675116956233978,False,0.0
1371,0.1369026154279709,False,0.0
1372,0.1263628453016281,False,0.0
1373,0.12597455084323883,False,0.0
1374,0.11365967243909836,False,0.0
1375,0.12453226000070572,False,0.0
1376,0.8164780139923096,True,1.0
1377,0.3559180796146393,False,0.0
1378,0.13357426226139069,False,0.0
1379,0.14561177790164948,False,0.0
1380,0.10999848693609238,False,0.0
1381,0.6021538376808167,True,0.9843107014894485
1382,0.1415068358182907,False,0.0
1383,0.10933281481266022,False,0.0
1384,0.09224730730056763,False,0.0
1385,0.07111231982707977,False,0.0
1386,0.0656205490231514,False,0.0
1387,0.08631175756454468,False,0.0
1388,0.07194440811872482,False,0.0
1389,0.040935318917036057,False,0.0
1390,0.05763251706957817,False,0.0
1391,0.07948865741491318,False,0.0
1392,0.08409286290407181,False,0.0
1393,0.0758829414844513,False,0.0
1394,0.07438518851995468,False,0.0
1395,0.09995798021554947,False,0.0
1396,0.22260749340057373,False,0.21933794021606445
1397,0.1468876451253891,False,0.0
1398,0.11432533711194992,False,0.0
1399,0.12392206490039825,False,0.0
1400,0.1129385232925415,False,0.0
1401,0.8159798979759216,True,1.0
1402,0.18777082860469818,False,0.0
1403,0.15581870079040527,False,0.0
1404,0.13440635800361633,False,0.0
1405,0.15781572461128235,False,0.0
1406,0.13091158866882324,False,0.0
1407,0.13923245668411255,False,0.0
1408,0.12869268655776978,False,0.0
1409,0.13379615545272827,False,0.0
1410,0.1130494698882103,False,0.0
1411,0.7870663404464722,True,1.0
1412,0.17512311041355133,False,0.0
1413,0.1467767059803009,False,0.0
1414,0.12220241874456406,False,0.0
1415,0.12164769321680069,False,0.0
1416,0.11776462942361832,False,0.0
1417,0.10522785037755966,False,0.0
1418,0.09635227173566818,False,0.0
1419,0.10495050251483917,False,0.0
1420,0.153599813580513,False,0.11360752582550049
1421,0.11321588605642319,False,0.0
1422,0.09679605066776276,False,0.0
1423,0.11449175328016281,False,0.0
1424,0.0994032546877861,False,0.0
1425,0.10395199060440063,False,0.0
1426,0.8537282347679138,True,1.0
1427,0.1823900043964386,False,0.0
1428,0.09152617305517197,False,0.0
1429,0.07776900380849838,False,0.0
1430,0.09086050093173981,False,0.0
1431,0.09557565301656723,False,0.0
1432,0.09141521900892258,False,0.0
1433,0.09468809515237808,False,0.0
1434,0.09058313816785812,False,0.0
1435,0.11549025774002075,False,0.0
1436,0.09568659961223602,False,0.0
1437,0.08093094080686569,False,0.0
1438,0.08126377314329147,False,0.0
1439,0.09252467006444931,False,0.0
1440,0.08792045712471008,False,0.0
1441,0.3954063355922699,True,0.5941141247749329
1442,0.1436702460050583,False,0.0
1443,0.11709894984960556,False,0.0
1444,0.10483955591917038,False,0.0
1445,0.1198725700378418,False,0.0
1446,0.09834927320480347,False,0.0
1447,0.11737632006406784,False,0.0
1448,0.10217686742544174,False,0.0
1449,0.1232009157538414,False,0.0
1450,0.1537662297487259,False,0.0
1451,0.8390785455703735,True,1.0
1452,0.20346951484680176,False,0.0
1453,0.1518801748752594,False,0.0
1454,0.13229839503765106,False,0.0
1455,0.14894013106822968,False,0.0
1456,0.6125776767730713,True,0.9605585634708405
1457,0.21384286880493164,False,0.0
1458,0.13590411841869354,False,0.0
1459,0.15975724160671234,False,0.0
1460,0.16774527728557587,False,0.0
1461,0.14577820897102356,False,0.0
1462,0.14588914811611176,False,0.0
1463,0.14744237065315247,False,0.0
1464,0.13751280307769775,False,0.0
1465,0.14755330979824066,False,0.0
1466,0.12930288910865784,False,0.0
1467,0.14771972596645355,False,0.0
1468,0.12331186980009079,False,0.0
1469,0.15498661994934082,False,0.0
1470,0.12109297513961792,False,0.0
1471,0.7637104988098145,True,1.0
1472,0.18344397842884064,False,0.0
1473,0.15909157693386078,False,0.0
1474,0.13801206648349762,False,0.0
1475,0.12431037425994873,False,0.0
1476,0.8071953654289246,True,1.0
1477,0.2079073190689087,False,0.0
1478,0.14644387364387512,False,0.0
1479,0.16957587003707886,False,0.0
1480,0.20396876335144043,False,0.0
1481,0.18693874776363373,False,0.0
1482,0.16513808071613312,False,0.0
1483,0.18516361713409424,False,0.0
1484,0.16436146199703217,False,0.0
1485,0.1774529665708542,False,0.0
1486,0.6366289854049683,True,0.9803702235221863
1487,0.4472884237766266,False,0.0
1488,0.17606614530086517,False,0.0
1489,0.14283816516399384,False,0.0
1490,0.1757333129644394,False,0.0
1491,0.19010066986083984,False,0.0
1492,0.16807810962200165,False,0.0
1493,0.1856628656387329,False,0.0
1494,0.1179865151643753,False,0.0
1495,0.16474977135658264,False,0.0
1496,0.11510194838047028,False,0.0
1497,0.1534333974123001,False,0.0
1498,0.09907042235136032,False,0.0
1499,0.12192505598068237,False,0.0
1500,0.8985703587532043,True,1.0
1501,0.8532808423042297,False,0.0
1502,0.009482456371188164,False,0.0
1503,0.10556069761514664,False,0.0
1504,0.07527274638414383,False,0.0
1505,0.07438518851995468,False,0.0
1506,0.1027316004037857,False,0.0
1507,0.0756610557436943,False,0.0
1508,0.1263628453016281,False,0.0
1509,0.10833431780338287,False,0.0
1510,0.10156667232513428,False,0.0
1511,0.1707407832145691,False,0.13113678991794586
1512,0.10517238825559616,False,0.0
1513,0.10728033632040024,False,0.0
1514,0.11887407302856445,False,0.0
1515,0.10528333485126495,False,0.0
1516,0.13806752860546112,False,0.0
1517,0.41638001799583435,True,0.696193590760231
1518,0.3368115723133087,False,0.0
1519,0.10012439638376236,False,0.0
1520,0.09224730730056763,False,0.0
1521,0.06828322261571884,False,0.0
1522,0.16774527728557587,False,0.0
1523,0.15165828168392181,False,0.0
1524,0.14206154644489288,False,0.0
1525,0.1469431221485138,False,0.0
1526,0.1315772533416748,False,0.0
1527,0.7873894572257996,True,1.0
1528,0.3927144706249237,False,0.0
1529,0.11604497581720352,False,0.0
1530,0.09391148388385773,False,0.0
1531,0.10944376140832901,False,0.0
1532,0.7765467166900635,True,1.0
1533,0.14760880172252655,False,0.0
1534,0.08492495119571686,False,0.0
1535,0.0807090476155281,False,0.0
1536,0.04121268540620804,False,0.0
1537,0.07510633021593094,False,0.0
1538,0.0758274719119072,False,0.0
1539,0.07255460321903229,False,0.0
1540,0.06417826563119888,False,0.0
1541,0.10084553807973862,False,0.1150498017668724
1542,0.04570595175027847,False,0.0
1543,0.0486459881067276,False,0.0
1544,0.09363412111997604,False,0.0
1545,0.043320637196302414,False,0.0
1546,0.059906888753175735,False,0.0
1547,0.2977055013179779,True,0.5129856318235397
1548,0.10683655738830566,False,0.0
1549,0.05302831158041954,False,0.0
1550,0.03538807854056358,False,0.0
1551,0.026179656386375427,False,0.0
1552,0.7741308808326721,True,1.0
1553,0.12597455084323883,False,0.0
1554,0.05996235832571983,False,0.0
1555,0.036386583000421524,False,0.0
1556,0.06600885838270187,False,0.0
1557,0.038050755858421326,False,0.0
1558,0.04420819506049156,False,0.0
1559,0.0283430814743042,False,0.0
1560,0.045484062284231186,False,0.0
1561,0.027732884511351585,False,0.0
1562,0.5663757920265198,True,1.0
1563,0.12786060571670532,False,0.0
1564,0.06967003643512726,False,0.0
1565,0.052473586052656174,False,0.0
1566,0.037385087460279465,False,0.0
1567,0.05325020104646683,False,0.0
1568,0.03544355183839798,False,0.0
1569,0.048535045236349106,False,0.0
1570,0.05607929453253746,False,0.0
1571,0.048701461404561996,False,0.0
1572,0.038550008088350296,False,0.0
1573,0.06040613725781441,False,0.0
1574,0.06822775304317474,False,0.0
1575,0.061959367245435715,False,0.0
1576,0.06584244221448898,False,0.0
1577,0.8556221723556519,True,1.0
1578,0.1334078460931778,False,0.0
1579,0.057022321969270706,False,0.0
1580,0.04537311568856239,False,0.0
1581,0.07100137323141098,False,0.0
1582,0.048202209174633026,False,0.0
1583,0.03832811862230301,False,0.0
1584,0.07383046299219131,False,0.0
1585,0.05147508531808853,False,0.0
1586,0.04742559418082237,False,0.0
1587,0.06512129306793213,False,0.0
1588,0.06140464171767235,False,0.0
1589,0.07122325897216797,False,0.0
1590,0.060461610555648804,False,0.0
1591,0.03777339309453964,False,0.0
1592,0.6864237785339355,True,1.0
1593,0.33465301990509033,False,0.0
1594,0.10683655738830566,False,0.0
1595,0.06434468179941177,False,0.0
1596,0.09690698981285095,False,0.0
1597,0.07432971894741058,False,0.0
1598,0.08670006692409515,False,0.0
1599,0.06684093922376633,False,0.0
1600,0.09368959069252014,False,0.0
1601,0.08215133100748062,False,0.0
1602,0.8066325187683105,True,1.0
1603,0.3254963457584381,False,0.0
1604,0.10700297355651855,False,0.0
1605,0.08314983546733856,False,0.0
1606,0.08653365075588226,False,0.0
1607,0.5777990818023682,True,0.9892984926700592
1608,0.31296873092651367,False,0.0
1609,0.08226227015256882,False,0.0
1610,0.08148565888404846,False,0.0
1611,0.08725479245185852,False,0.0
1612,0.08165207505226135,False,0.0
1613,0.06678546965122223,False,0.0
1614,0.07144515216350555,False,0.0
1615,0.09285750240087509,False,0.0
1616,0.07987695932388306,False,0.0
1617,0.07610483467578888,False,0.0
1618,0.07261007279157639,False,0.0
1619,0.08276152610778809,False,0.0
1620,0.08387096971273422,False,0.0
1621,0.08825329691171646,False,0.0
1622,0.3656468391418457,True,0.5233896970748901
1623,0.12541982531547546,False,0.0
1624,0.10395199060440063,False,0.0
1625,0.10495050251483917,False,0.0
1626,0.1129385232925415,False,0.0
1627,0.7958722114562988,True,1.0
1628,0.16674678027629852,False,0.0
1629,0.11426986753940582,False,0.0
1630,0.11820840835571289,False,0.0
1631,0.1468321681022644,False,0.0
1632,0.0875321552157402,False,0.0
1633,0.10001344978809357,False,0.0
1634,0.11149624735116959,False,0.0
1635,0.08675553649663925,False,0.0
1636,0.0961303785443306,False,0.0
1637,0.548910915851593,True,0.9243107587099075
1638,0.16125500202178955,False,0.0
1639,0.07810184359550476,False,0.0
1640,0.09008388966321945,False,0.0
1641,0.0690598413348198,False,0.0
1642,0.08803140372037888,False,0.0
1643,0.057743459939956665,False,0.0
1644,0.07183345407247543,False,0.0
1645,0.07549463957548141,False,0.0
1646,0.047037288546562195,False,0.0
1647,0.05275094509124756,False,0.0
1648,0.033169180154800415,False,0.0
1649,0.03766244649887085,False,0.0
1650,0.02002221718430519,False,0.0
1651,0.012866273522377014,False,0.0
1652,0.8542457818984985,True,1.0
1653,0.08725479245185852,False,0.0
1654,0.004323521163314581,False,0.0
1655,0.0,False,0.0
1656,5.2144216169836e-05,False,0.0
1657,0.0,False,0.0
1658,0.005765804089605808,False,0.0
1659,0.03649752959609032,False,0.0
1660,0.026845324784517288,False,0.0
1661,0.03732961416244507,False,0.0
1662,0.03389032185077667,False,0.0
1663,0.03106123022735119,False,0.0
1664,0.020965248346328735,False,0.0
1665,0.011202101595699787,False,0.0
1666,0.002714820671826601,False,0.0
1667,0.12547528743743896,False,0.25095057487487793
1668,0.029119694605469704,False,0.0
1669,0.017747847363352776,False,0.0
1670,0.017636902630329132,False,0.0
1671,0.0,False,0.0
1672,0.0,False,0.0
1673,0.015528949908912182,False,0.0
1674,0.017914263531565666,False,0.0
1675,0.007707338780164719,False,0.0
1676,0.0004404511710163206,False,0.0
1677,0.7503970861434937,True,1.0
1678,0.1129939928650856,False,0.0
1679,0.02545851469039917,False,0.0
1680,0.014474974945187569,False,0.0
1681,0.02695626951754093,False,0.0
1682,0.5525877475738525,True,1.0
1683,0.10051269829273224,False,0.0
1684,0.05325020104646683,False,0.0
1685,0.02817666344344616,False,0.0
1686,0.0,False,0.0
1687,0.010702850297093391,False,0.0
1688,0.0,False,0.0
1689,0.011091156862676144,False,0.0
1690,0.011479463428258896,False,0.0
1691,0.059074800461530685,False,0.0
1692,0.019578438252210617,False,0.0
1693,0.02678985334932804,False,0.0
1694,0.02767741121351719,False,0.0
1695,0.026512492448091507,False,0.0
1696,0.02850949764251709,False,0.0
1697,0.1401200145483017,False,0.2802400290966034
1698,0.035720910876989365,False,0.0
1699,0.013642887584865093,False,0.0
1700,0.00903867743909359,False,0.0
1701,0.0,False,0.0
1702,0.7693703174591064,True,1.0
1703,0.13756828010082245,False,0.0
1704,0.06634169071912766,False,0.0
1705,0.036220163106918335,False,0.0
1706,0.040602486580610275,False,0.0
1707,0.016416510567069054,False,0.0
1708,0.01369836088269949,False,0.0
1709,0.008373008109629154,False,0.0
1710,0.013642887584865093,False,0.0
1711,0.02140902727842331,False,0.0
1712,0.6871045231819153,True,1.0
1713,0.07549463957548141,False,0.0
1714,0.013143636286258698,False,0.0
1715,0.004822772927582264,False,0.0
1716,0.0,False,0.0
1717,0.0017163169104605913,False,0.0
1718,0.010591904632747173,False,0.0
1719,0.015085170976817608,False,0.0
1720,0.028620442375540733,False,0.0
1721,0.05813176557421684,False,0.0
1722,0.033002763986587524,False,0.0
1723,0.051586028188467026,False,0.0
1724,0.04032512381672859,False,0.0
1725,0.031172174960374832,False,0.0
1726,0.01713765226304531,False,0.0
1727,0.7908682227134705,True,1.0
1728,0.10938829183578491,False,0.0
1729,0.026013238355517387,False,0.0
1730,0.024737372994422913,False,0.0
1731,0.0571887381374836,False,0.0
1732,0.014308556914329529,False,0.0
1733,0.043320637196302414,False,0.0
1734,0.017470484599471092,False,0.0
1735,0.03483335301280022,False,0.0
1736,0.038771893829107285,False,0.0
1737,0.02645701728761196,False,0.0
1738,0.0173040684312582,False,0.0
1739,0.022296587005257607,False,0.0
1740,0.0190237145870924,False,0.0
1741,0.04592783749103546,False,0.0
1742,0.1586478054523468,False,0.28179991617798805
1743,0.07560558617115021,False,0.0
1744,0.03538807854056358,False,0.0
1745,0.017747847363352776,False,0.0
1746,0.02107619307935238,False,0.0
1747,0.04620520398020744,False,0.0
1748,0.03538807854056358,False,0.0
1749,0.020687885582447052,False,0.0
1750,0.8979430198669434,True,1.0
1751,0.041933823376894,False,0.0
1752,0.7496232390403748,False,0.0
1753,0.10350821167230606,False,0.0
1754,0.0859789252281189,False,0.0
1755,0.05752157047390938,False,0.0
1756,0.0418783538043499,False,0.0
1757,0.5408748388290405,True,0.9979929700493813
1758,0.11565667390823364,False,0.0
1759,0.056023817509412766,False,0.0
1760,0.04626067355275154,False,0.0
1761,0.040436070412397385,False,0.0
1762,0.04370894283056259,False,0.0
1763,0.03616469353437424,False,0.0
1764,0.04598331078886986,False,0.0
1765,0.05169696733355522,False,0.0
1766,0.02850949764251709,False,0.0
1767,0.03871642425656319,False,0.0
1768,0.060905393213033676,False,0.0
1769,0.03228162229061127,False,0.0
1770,0.052307166159152985,False,0.0
1771,0.046704452484846115,False,0.0
1772,0.6560032963752747,True,1.0
1773,0.0893627405166626,False,0.0
1774,0.05901932716369629,False,0.0
1775,0.028731388971209526,False,0.0
1776,0.043320637196302414,False,0.0
1777,0.7006590962409973,True,1.0
1778,0.2698352336883545,False,0.0
1779,0.06118274852633476,False,0.0
1780,0.04565047845244408,False,0.0
1781,0.05325020104646683,False,0.0
1782,0.031283121556043625,False,0.0
1783,0.01869087852537632,False,0.0
1784,0.03616469353437424,False,0.0
1785,0.022185642272233963,False,0.0
1786,0.038217172026634216,False,0.0
1787,0.46275991201400757,True,0.8881380669772625
1788,0.07222176343202591,False,0.0
1789,0.03444504737854004,False,0.0
1790,0.015861785039305687,False,0.0
1791,0.043986301869153976,False,0.0
1792,0.030617449432611465,False,0.0
1793,0.024903791025280952,False,0.0
1794,0.019744856283068657,False,0.0
1795,0.03000725246965885,False,0.0
1796,0.0069307247176766396,False,0.0
1797,0.0,False,0.0
1798,0.0012170651461929083,False,0.0
1799,0.014918753877282143,False,0.0
1800,0.009094149805605412,False,0.0
1801,0.0,False,0.0
1802,0.8221610188484192,True,1.0
1803,0.07000286877155304,False,0.0
1804,0.0009951754473149776,False,0.0
1805,0.0,False,0.0
1806,0.006098638754338026,False,0.0
1807,0.0,False,0.0
1808,0.007818284444510937,False,0.0
1809,0.02257394790649414,False,0.0
1810,0.0,False,0.0
1811,0.01713765226304531,False,0.0
1812,0.005710331257432699,False,0.0
1813,0.010536432266235352,False,0.0
1814,0.015695368871092796,False,0.0
1815,0.0156398955732584,False,0.0
1816,0.0,False,0.0
1817,0.09557565301656723,False,0.19115130603313446
1818,0.01752595789730549,False,0.0
1819,0.015251589007675648,False,0.0
1820,0.0061541106551885605,False,0.0
1821,0.012477966956794262,False,0.0
1822,0.0,False,0.0
1823,0.017581431195139885,False,0.0
1824,0.008705842308700085,False,0.0
1825,0.04276591166853905,False,0.0
1826,0.017415013164281845,False,0.0
1827,0.7297216057777405,True,1.0
1828,0.11687707155942917,False,0.0
1829,0.04642708972096443,False,0.0
1830,0.0334465466439724,False,0.0
1831,0.03494429960846901,False,0.0
1832,0.5117963552474976,True,0.9566996172070503
1833,0.1061708927154541,False,0.0
1834,0.051308661699295044,False,0.0
1835,0.05696684867143631,False,0.0
1836,0.03699677810072899,False,0.0
1837,0.015362532809376717,False,0.0
1838,0.02157544530928135,False,0.0
1839,0.03133859112858772,False,0.0
1840,0.007485449314117432,False,0.0
1841,0.08553514629602432,False,0.11671397462487221
1842,0.04476292058825493,False,0.0
1843,0.02717815898358822,False,0.0
1844,0.028564969077706337,False,0.0
1845,0.048590514808893204,False,0.0
1846,0.045206695795059204,False,0.0
1847,0.37193965911865234,True,0.6964015811681747
1848,0.07005833834409714,False,0.0
1849,0.034167688339948654,False,0.0
1850,0.08514683693647385,False,0.0
1851,0.023738868534564972,False,0.0
1852,0.7723895907402039,True,1.0
1853,0.27423927187919617,False,0.0
1854,0.05696684867143631,False,0.0
1855,0.02018863521516323,False,0.0
1856,0.057410627603530884,False,0.0
1857,0.045484062284231186,False,0.0
1858,0.06134917214512825,False,0.0
1859,0.04259949550032616,False,0.0
1860,0.039049260318279266,False,0.0
1861,0.06084991618990898,False,0.0
1862,0.7185004949569702,True,1.0
1863,0.1198725700378418,False,0.0
1864,0.018579933792352676,False,0.0
1865,0.030839338898658752,False,0.0
1866,0.02645701728761196,False,0.0
1867,0.023184144869446754,False,0.0
1868,0.032836347818374634,False,0.0
1869,0.03361296281218529,False,0.0
1870,0.011590409092605114,False,0.0
1871,0.024903791025280952,False,0.0
1872,0.020854303613305092,False,0.0
1873,0.017636902630329132,False,0.0
1874,0.02407170459628105,False,0.0
1875,0.04221118614077568,False,0.0
1876,0.023905286565423012,False,0.0
1877,0.8316336274147034,True,1.0
1878,0.12209147214889526,False,0.0
1879,0.04598331078886986,False,0.0
1880,0.026845324784517288,False,0.0
1881,0.02817666344344616,False,0.0
1882,0.05724421143531799,False,0.0
1883,0.04709276184439659,False,0.0
1884,0.039437565952539444,False,0.0
1885,0.04082437604665756,False,0.0
1886,0.039049260318279266,False,0.0
1887,0.02074335888028145,False,0.0
1888,0.05119771882891655,False,0.0
1889,0.04614972695708275,False,0.0
1890,0.028398552909493446,False,0.0
1891,0.021686390042304993,False,0.0
1892,0.10495050251483917,False,0.0
1893,0.10661466419696808,False,0.17174261063337326
1894,0.029729891568422318,False,0.0
1895,0.07299838215112686,False,0.0
1896,0.03871642425656319,False,0.0
1897,0.03827264532446861,False,0.0
1898,0.018468989059329033,False,0.0
1899,0.016028201207518578,False,0.0
1900,0.008594897575676441,False,0.0
1901,0.045872367918491364,False,0.0
1902,0.7451212406158447,True,1.0
1903,0.12203600257635117,False,0.0
1904,0.03577638790011406,False,0.0
1905,0.005654859356582165,False,0.0
1906,0.05241811275482178,False,0.0
1907,0.5254647135734558,True,1.0
1908,0.3112693428993225,False,0.0
1909,0.039437565952539444,False,0.0
1910,0.013809305615723133,False,0.0
1911,0.0049337176606059074,False,0.0
1912,0.03882737085223198,False,0.0
1913,0.023905286565423012,False,0.0
1914,0.02102072164416313,False,0.0
1915,0.014419502578675747,False,0.0
1916,0.014197612181305885,False,0.0
1917,0.007097142282873392,False,0.0
1918,0.031615953892469406,False,0.0
1919,0.0283430814743042,False,0.0
1920,0.035554494708776474,False,0.0
1921,0.010702850297093391,False,0.0
1922,0.6564202308654785,True,1.0
1923,0.09196995198726654,False,0.0
1924,0.023350562900304794,False,0.0
1925,0.0,False,0.0
1926,0.00582127645611763,False,0.0
1927,0.7467337846755981,True,1.0
1928,0.26545488834381104,False,0.0
1929,0.029951781034469604,False,0.0
1930,0.01869087852537632,False,0.0
1931,0.053472090512514114,False,0.0
1932,0.029452530667185783,False,0.0
1933,0.03122764639556408,False,0.0
1934,0.01713765226304531,False,0.0
1935,0.01785879395902157,False,0.0
1936,0.02290678396821022,False,0.0
1937,0.5026822090148926,True,0.9710891135036945
1938,0.09374506771564484,False,0.0
1939,0.0334465466439724,False,0.0
1940,0.019911272451281548,False,0.0
1941,0.007485449314117432,False,0.0
1942,0.0024929309729486704,False,0.0
1943,0.000939703022595495,False,0.0
1944,0.0,False,0.0
1945,0.038938313722610474,False,0.0
1946,0.015528949908912182,False,0.0
1947,0.010591904632747173,False,0.0
1948,0.020077688619494438,False,0.0
1949,0.04071342945098877,False,0.0
1950,0.018136154860258102,False,0.0
1951,0.03527713567018509,False,0.0
1952,0.7672315835952759,True,1.0
1953,0.0909159705042839,False,0.0
1954,0.025846822187304497,False,0.0
1955,0.014918753877282143,False,0.0
1956,0.007762811612337828,False,0.0
1957,0.006320528220385313,False,0.0
1958,0.010203598067164421,False,0.0
1959,0.0007178133237175643,False,0.0
1960,0.0,False,0.0
1961,0.005599386524409056,False,0.0
1962,0.0027702930383384228,False,0.0
1963,0.007596393581479788,False,0.0
1964,0.039437565952539444,False,0.0
1965,0.014585919678211212,False,0.0
1966,0.0054329694248735905,False,0.0
1967,0.12619642913341522,False,0.25239285826683044
1968,0.021686390042304993,False,0.0
1969,0.11166266351938248,False,0.0
1970,0.04087984934449196,False,0.0
1971,0.04725917801260948,False,0.0
1972,0.032503511756658554,False,0.0
1973,0.013975723646581173,False,0.0
1974,0.015695368871092796,False,0.0
1975,0.011257573962211609,False,0.0
1976,0.0,False,0.0
1977,0.7421960830688477,True,1.0
1978,0.11565667390823364,False,0.0
1979,0.03538807854056358,False,0.0
1980,0.012644384987652302,False,0.0
1981,0.025181153789162636,False,0.0
1982,0.6923068165779114,True,1.0
1983,0.111274354159832,False,0.0
1984,0.03405674174427986,False,0.0
1985,0.025680406019091606,False,0.0
1986,0.01342099905014038,False,0.0
1987,0.005211079493165016,False,0.0
1988,0.006542418152093887,False,0.0
1989,0.0,False,0.0
1990,0.0,False,0.0
1991,0.007152614649385214,False,0.0
1992,0.020798830315470695,False,0.0
1993,0.023516980931162834,False,0.0
1994,0.02612418308854103,False,0.0
1995,0.01869087852537632,False,0.0
1996,0.0062095834873616695,False,0.0
1997,0.2739912271499634,False,0.0
1998,0.06817227602005005,False,0.0
1999,0.024182649329304695,False,0.0
2000,0.8979595303535461,True,1.0
2001,0.0,False,0.0
2002,0.7767770290374756,False,0.0
2003,0.10811241716146469,False,0.0
2004,0.028786858543753624,False,0.0
2005,0.02307320013642311,False,0.0
2006,0.00021856148669030517,False,0.0
2007,0.005765804089605808,False,0.0
2008,0.016250092536211014,False,0.0
2009,0.023128671571612358,False,0.0
2010,0.011534935794770718,False,0.0
2011,0.0,False,0.0
2012,0.5096163749694824,True,1.0
2013,0.09574206918478012,False,0.0
2014,0.046038784086704254,False,0.0
2015,0.021519972011446953,False,0.0
2016,0.020965248346328735,False,0.0
2017,0.027954772114753723,False,0.0
2018,0.01769237592816353,False,0.0
2019,0.015861785039305687,False,0.0
2020,0.013310054317116737,False,0.0
2021,0.015085170976817608,False,0.0
2022,0.011590409092605114,False,0.0
2023,0.009759818203747272,False,0.0
2024,0.012810801155865192,False,0.0
2025,0.011035683564841747,False,0.0
2026,0.002437458373606205,False,0.0
2027,0.795673668384552,True,1.0
2028,0.1129385232925415,False,0.0
2029,0.04315422102808952,False,0.0
2030,0.03405674174427986,False,0.0
2031,0.037551503628492355,False,0.0
2032,0.04609425738453865,False,0.0
2033,0.017636902630329132,False,0.0
2034,0.03644205257296562,False,0.0
2035,0.030062725767493248,False,0.0
2036,0.01369836088269949,False,0.0
2037,0.03072839416563511,False,0.0
2038,0.013365526683628559,False,0.0
2039,0.01819162629544735,False,0.0
2040,0.007152614649385214,False,0.0
2041,0.0014944272115826607,False,0.0
2042,0.6351602077484131,True,1.0
2043,0.12930288910865784,False,0.0
2044,0.0350552462041378,False,0.0
2045,0.046870868653059006,False,0.0
2046,0.03594280406832695,False,0.0
2047,0.060073304921388626,False,0.0
2048,0.04454102739691734,False,0.0
2049,0.04304327443242073,False,0.0
2050,0.03827264532446861,False,0.0
2051,0.09019482880830765,False,0.0
2052,0.7489639520645142,True,1.0
2053,0.168965682387352,False,0.0
2054,0.0893627405166626,False,0.0
2055,0.09718435257673264,False,0.0
2056,0.09241372346878052,False,0.0
2057,0.6064767241477966,True,0.9456939697265625
2058,0.15604059398174286,False,0.0
2059,0.13362973928451538,False,0.0
2060,0.1775084286928177,False,0.0
2061,0.14633291959762573,False,0.0
2062,0.1602010279893875,False,0.0
2063,0.1534888595342636,False,0.0
2064,0.16968682408332825,False,0.0
2065,0.14128492772579193,False,0.0
2066,0.1588696986436844,False,0.0
2067,0.1483299285173416,False,0.0
2068,0.15981273353099823,False,0.0
2069,0.13784563541412354,False,0.0
2070,0.14189513027668,False,0.0
2071,0.14483515918254852,False,0.0
2072,0.4498160779476166,True,0.591101199388504
2073,0.16813358664512634,False,0.0
2074,0.15426547825336456,False,0.0
2075,0.16070029139518738,False,0.0
2076,0.17689822614192963,False,0.0
2077,0.8399602770805359,True,1.0
2078,0.43233075737953186,False,0.0
2079,0.19121012091636658,False,0.0
2080,0.17484574019908905,False,0.0
2081,0.158758744597435,False,0.0
2082,0.1568172127008438,False,0.0
2083,0.15820401906967163,False,0.0
2084,0.15077070891857147,False,0.0
2085,0.1448906511068344,False,0.0
2086,0.1499941051006317,False,0.0
2087,0.6742313504219055,True,1.0
2088,0.20219364762306213,False,0.0
2089,0.1669131964445114,False,0.0
2090,0.15126997232437134,False,0.0
2091,0.15143638849258423,False,0.0
2092,0.1550975739955902,False,0.0
2093,0.12608548998832703,False,0.0
2094,0.1435593068599701,False,0.0
2095,0.12442131340503693,False,0.0
2096,0.13368521630764008,False,0.0
2097,0.12747229635715485,False,0.0
2098,0.14555631577968597,False,0.0
2099,0.15115903317928314,False,0.0
2100,0.1282489150762558,False,0.0
2101,0.11499100178480148,False,0.0
2102,0.9484320878982544,True,1.0
2103,0.1385113149881363,False,0.0
2104,0.10605994611978531,False,0.0
2105,0.09285750240087509,False,0.0
2106,0.0807645246386528,False,0.0
2107,0.10101195424795151,False,0.0
2108,0.1198171004652977,False,0.0
2109,0.09119333326816559,False,0.0
2110,0.09535376727581024,False,0.0
2111,0.0724436566233635,False,0.0
2112,0.10173308849334717,False,0.0
2113,0.08331625163555145,False,0.0
2114,0.08442570269107819,False,0.0
2115,0.08220680058002472,False,0.0
2116,0.07937770336866379,False,0.0
2117,0.3671339750289917,True,0.5893806368112564
2118,0.11410345137119293,False,0.0
2119,0.08370455354452133,False,0.0
2120,0.13252030313014984,False,0.0
2121,0.09857116639614105,False,0.0
2122,0.10189951956272125,False,0.0
2123,0.06428920477628708,False,0.0
2124,0.09074955433607101,False,0.0
2125,0.04731465131044388,False,0.0
2126,0.04337610676884651,False,0.0
2127,0.8035621047019958,True,1.0
2128,0.17173929512500763,False,0.0
2129,0.0959639623761177,False,0.0
2130,0.049089767038822174,False,0.0
2131,0.053971339017152786,False,0.0
2132,0.581555187702179,True,1.0
2133,0.16624753177165985,False,0.0
2134,0.06101633235812187,False,0.0
2135,0.046038784086704254,False,0.0
2136,0.051419612020254135,False,0.0
2137,0.0452621690928936,False,0.0
2138,0.03888284042477608,False,0.0
2139,0.043320637196302414,False,0.0
2140,0.03727414086461067,False,0.0
2141,0.09025030583143234,False,0.10595232993364334
2142,0.03727414086461067,False,0.0
2143,0.027788355946540833,False,0.0
2144,0.036386583000421524,False,0.0
2145,0.06445562094449997,False,0.0
2146,0.05225169658660889,False,0.0
2147,0.1775638908147812,False,0.29356004670262337
2148,0.06184842064976692,False,0.0
2149,0.030783867463469505,False,0.0
2150,0.05913027003407478,False,0.0
2151,0.046371620148420334,False,0.0
2152,0.7954549789428711,True,1.0
2153,0.1553749293088913,False,0.0
2154,0.037218671292066574,False,0.0
2155,0.028786858543753624,False,0.0
2156,0.058242715895175934,False,0.0
2157,0.03239256888628006,False,0.0
2158,0.028454026207327843,False,0.0
2159,0.017747847363352776,False,0.0
2160,0.024737372994422913,False,0.0
2161,0.045317642390728,False,0.0
2162,0.7793468236923218,True,1.0
2163,0.12186958640813828,False,0.0
2164,0.05219622328877449,False,0.0
2165,0.03832811862230301,False,0.0
2166,0.07333121448755264,False,0.0
2167,0.029785363003611565,False,0.0
2168,0.06772849708795547,False,0.0
2169,0.07488443702459335,False,0.0
2170,0.04825768247246742,False,0.0
2171,0.03999229148030281,False,0.0
2172,0.05940763279795647,False,0.0
2173,0.055690985172986984,False,0.0
2174,0.042433079332113266,False,0.0
2175,0.0418228805065155,False,0.0
2176,0.08797593414783478,False,0.0
2177,0.8476974368095398,True,1.0
2178,0.12508699297904968,False,0.0
2179,0.06301333755254745,False,0.0
2180,0.04981090873479843,False,0.0
2181,0.0892518013715744,False,0.0
2182,0.058575548231601715,False,0.0
2183,0.04542858526110649,False,0.0
2184,0.04581689462065697,False,0.0
2185,0.04748106747865677,False,0.0
2186,0.05258452892303467,False,0.0
2187,0.042433079332113266,False,0.0
2188,0.046538036316633224,False,0.0
2189,0.06107180938124657,False,0.0
2190,0.05103130266070366,False,0.0
2191,0.023627925664186478,False,0.0
2192,0.17101815342903137,False,0.24130503833293915
2193,0.09002841264009476,False,0.0
2194,0.12198052555322647,False,0.0
2195,0.08536873012781143,False,0.0
2196,0.07050212472677231,False,0.0
2197,0.0503656342625618,False,0.0
2198,0.08470305800437927,False,0.0
2199,0.05186339095234871,False,0.0
2200,0.05352756008505821,False,0.0
2201,0.06140464171767235,False,0.0
2202,0.7837890386581421,True,1.0
2203,0.14111851155757904,False,0.0
2204,0.11210644245147705,False,0.0
2205,0.09540923684835434,False,0.0
2206,0.05319472774863243,False,0.0
2207,0.5935664176940918,True,1.0
2208,0.13401804864406586,False,0.0
2209,0.1215367466211319,False,0.0
2210,0.10539426654577255,False,0.0
2211,0.11665517091751099,False,0.0
2212,0.08242868632078171,False,0.0
2213,0.08492495119571686,False,0.0
2214,0.09468809515237808,False,0.0
2215,0.10600446909666061,False,0.0
2216,0.0807645246386528,False,0.0
2217,0.08736573904752731,False,0.0
2218,0.09396695345640182,False,0.0
2219,0.13906602561473846,False,0.0
2220,0.09829380363225937,False,0.0
2221,0.10417387634515762,False,0.0
2222,0.7374799847602844,True,1.0
2223,0.17279326915740967,False,0.0
2224,0.10600446909666061,False,0.0
2225,0.07987695932388306,False,0.0
2226,0.10206593573093414,False,0.0
2227,0.8404999375343323,True,1.0
2228,0.33394888043403625,False,0.0
2229,0.13446182012557983,False,0.0
2230,0.15620701014995575,False,0.0
2231,0.1300240308046341,False,0.0
2232,0.38786041736602783,True,0.4862723648548126
2233,0.17967185378074646,False,0.0
2234,0.16119953989982605,False,0.0
2235,0.14472423493862152,False,0.0
2236,0.18000468611717224,False,0.0
2237,0.6709918975830078,True,1.0
2238,0.19725660979747772,False,0.0
2239,0.19980834424495697,False,0.0
2240,0.1942056268453598,False,0.0
2241,0.16757886111736298,False,0.0
2242,0.20052948594093323,False,0.0
2243,0.17628803849220276,False,0.0
2244,0.3947311043739319,True,0.4543044865131378
2245,0.17623256146907806,False,0.0
2246,0.18649496138095856,False,0.0
2247,0.17994920909404755,False,0.0
2248,0.19010066986083984,False,0.0
2249,0.14805255830287933,False,0.0
2250,0.8983784317970276,False,0.0
2251,0.06711830198764801,False,0.0
2252,0.9288960695266724,True,1.0
2253,0.13202103972434998,False,0.0
2254,0.10783505439758301,False,0.0
2255,0.11038678884506226,False,0.0
2256,0.11426986753940582,False,0.0
2257,0.1163223385810852,False,0.0
2258,0.10151120275259018,False,0.0
2259,0.09147069603204727,False,0.0
2260,0.09640774130821228,False,0.0
2261,0.09751718491315842,False,0.0
2262,0.10933281481266022,False,0.0
2263,0.08509136736392975,False,0.0
2264,0.10983207076787949,False,0.0
2265,0.10040175914764404,False,0.0
2266,0.12713946402072906,False,0.0
2267,0.23436765372753143,False,0.20724496245384216
2268,0.13956528902053833,False,0.0
2269,0.14244985580444336,False,0.0
2270,0.17151741683483124,False,0.0
2271,0.16680225729942322,False,0.0
2272,0.14233891665935516,False,0.0
2273,0.13074517250061035,False,0.0
2274,0.13479465246200562,False,0.0
2275,0.1330195516347885,False,0.0
2276,0.15659533441066742,False,0.0
2277,0.8313623666763306,True,1.0
2278,0.24535119533538818,False,0.0
2279,0.1737363040447235,False,0.0
2280,0.1757887899875641,False,0.0
2281,0.1436702460050583,False,0.0
2282,0.7226073741912842,True,1.0
2283,0.22926418483257294,False,0.0
2284,0.15110355615615845,False,0.0
2285,0.14550083875656128,False,0.0
2286,0.13901056349277496,False,0.0
2287,0.14710953831672668,False,0.0
2288,0.1198171004652977,False,0.0
2289,0.12747229635715485,False,0.0
2290,0.14744237065315247,False,0.0
2291,0.13551579415798187,False,0.0
2292,0.11537931114435196,False,0.0
2293,0.11831934750080109,False,0.0
2294,0.13024592399597168,False,0.0
2295,0.14821898937225342,False,0.0
2296,0.12264620512723923,False,0.0
2297,0.25267356634140015,False,0.25117912888526917
2298,0.16441693902015686,False,0.0
2299,0.13573770225048065,False,0.0
2300,0.13451729714870453,False,0.0
2301,0.12708400189876556,False,0.0
2302,0.8669204115867615,True,1.0
2303,0.2416345328092575,False,0.0
2304,0.17684274911880493,False,0.0
2305,0.15143638849258423,False,0.0
2306,0.1978113353252411,False,0.0
2307,0.17773030698299408,False,0.0
2308,0.1618652045726776,False,0.0
2309,0.16275276243686676,False,0.0
2310,0.17340347170829773,False,0.0
2311,0.18361039459705353,False,0.0
2312,0.8785079121589661,True,1.0
2313,0.20480087399482727,False,0.0
2314,0.1669686734676361,False,0.0
2315,0.16613657772541046,False,0.0
2316,0.1435593068599701,False,0.0
2317,0.12403301149606705,False,0.0
2318,0.11854124069213867,False,0.0
2319,0.11870765686035156,False,0.0
2320,0.13540485501289368,False,0.0
2321,0.15315602719783783,False,0.0
2322,0.14960579574108124,False,0.0
2323,0.13141083717346191,False,0.0
2324,0.12880364060401917,False,0.0
2325,0.13451729714870453,False,0.0
2326,0.1585923284292221,False,0.0
2327,0.9537818431854248,True,1.0
2328,0.224715456366539,False,0.0
2329,0.1519911140203476,False,0.0
2330,0.14428044855594635,False,0.0
2331,0.15260130167007446,False,0.0
2332,0.1925969272851944,False,0.0
2333,0.15920253098011017,False,0.0
2334,0.15670625865459442,False,0.0
2335,0.17784126102924347,False,0.0
2336,0.17994920909404755,False,0.0
2337,0.14289364218711853,False,0.0
2338,0.1637512743473053,False,0.0
2339,0.17140646278858185,False,0.0
2340,0.17445744574069977,False,0.0
2341,0.1486627608537674,False,0.0
2342,0.4478832185268402,True,0.5968876779079437
2343,0.1841096431016922,False,0.0
2344,0.1907108724117279,False,0.0
2345,0.18155790865421295,False,0.0
2346,0.14943937957286835,False,0.0
2347,0.15931347012519836,False,0.0
2348,0.1605338603258133,False,0.0
2349,0.1621980369091034,False,0.0
2350,0.15959082543849945,False,0.0
2351,0.1638622134923935,False,0.0
2352,0.8974066972732544,True,1.0
2353,0.43559911847114563,False,0.0
2354,0.19115464389324188,False,0.0
2355,0.19342900812625885,False,0.0
2356,0.2109028398990631,False,0.0
2357,0.7211053967475891,True,1.0
2358,0.40576407313346863,False,0.0
2359,0.2079073190689087,False,0.0
2360,0.22582490742206573,False,0.0
2361,0.19143199920654297,False,0.0
2362,0.1838877648115158,False,0.0
2363,0.15642890334129333,False,0.0
2364,0.1907108724117279,False,0.0
2365,0.17501215636730194,False,0.0
2366,0.14916202425956726,False,0.0
2367,0.15592965483665466,False,0.0
2368,0.17479027807712555,False,0.0
2369,0.1639731526374817,False,0.0
2370,0.14894013106822968,False,0.0
2371,0.14466874301433563,False,0.0
2372,0.8405917286872864,True,1.0
2373,0.19897626340389252,False,0.0
2374,0.13923245668411255,False,0.0
2375,0.13196556270122528,False,0.0
2376,0.11249474436044693,False,0.0
2377,0.8915048241615295,True,1.0
2378,0.3995184004306793,False,0.0
2379,0.22238563001155853,False,0.0
2380,0.16303013265132904,False,0.0
2381,0.17623256146907806,False,0.0
2382,0.17329251766204834,False,0.0
2383,0.180670365691185,False,0.0
2384,0.17273780703544617,False,0.0
2385,0.16846643388271332,False,0.0
2386,0.17534500360488892,False,0.0
2387,0.6864386796951294,True,1.0
2388,0.20136156678199768,False,0.0
2389,0.17029701173305511,False,0.0
2390,0.16153237223625183,False,0.0
2391,0.16913209855556488,False,0.0
2392,0.11282757669687271,False,0.0
2393,0.12253525108098984,False,0.0
2394,0.1487182378768921,False,0.0
2395,0.1569836288690567,False,0.0
2396,0.14794163405895233,False,0.0
2397,0.1415622979402542,False,0.0
2398,0.16164331138134003,False,0.0
2399,0.12680663168430328,False,0.0
2400,0.12053824961185455,False,0.0
2401,0.11554572731256485,False,0.0
2402,0.9434876441955566,True,1.0
2403,0.2147858887910843,False,0.0
2404,0.1518801748752594,False,0.0
2405,0.13573770225048065,False,0.0
2406,0.15770477056503296,False,0.0
2407,0.16086670756340027,False,0.0
2408,0.15249036252498627,False,0.0
2409,0.14477969706058502,False,0.0
2410,0.1588142216205597,False,0.0
2411,0.15249036252498627,False,0.0
2412,0.1296357363462448,False,0.0
2413,0.11149624735116959,False,0.0
2414,0.12924741208553314,False,0.0
2415,0.13052327930927277,False,0.0
2416,0.1280824989080429,False,0.0
2417,0.3722655773162842,True,0.5215386599302292
2418,0.15576323866844177,False,0.0
2419,0.12708400189876556,False,0.0
2420,0.14450232684612274,False,0.0
2421,0.11942880600690842,False,0.0
2422,0.19137653708457947,False,0.1438954621553421
2423,0.1264183223247528,False,0.0
2424,0.10400746017694473,False,0.0
2425,0.09618585556745529,False,0.0
2426,0.14588914811611176,False,0.0
2427,0.823494017124176,True,1.0
2428,0.20646503567695618,False,0.0
2429,0.11715443432331085,False,0.0
2430,0.1010674238204956,False,0.0
2431,0.12076013535261154,False,0.0
2432,0.882348358631134,True,1.0
2433,0.1499941051006317,False,0.0
2434,0.06756208091974258,False,0.0
2435,0.11243927478790283,False,0.0
2436,0.10317537933588028,False,0.0
2437,0.09163711220026016,False,0.0
2438,0.10345274209976196,False,0.0
2439,0.12730588018894196,False,0.0
2440,0.12774966657161713,False,0.0
2441,0.11909595876932144,False,0.0
2442,0.1062818318605423,False,0.0
2443,0.13263122737407684,False,0.0
2444,0.16325201094150543,False,0.0
2445,0.1432264745235443,False,0.0
2446,0.1402864307165146,False,0.0
2447,0.38966497778892517,True,0.4766790568828583
2448,0.16275276243686676,False,0.0
2449,0.15132544934749603,False,0.0
2450,0.16075575351715088,False,0.0
2451,0.15898063778877258,False,0.0
2452,0.8882724046707153,True,1.0
2453,0.24046961963176727,False,0.0
2454,0.18283377587795258,False,0.0
2455,0.15065978467464447,False,0.0
2456,0.20457898080348969,False,0.0
2457,0.13607053458690643,False,0.0
2458,0.11088603734970093,False,0.0
2459,0.1113853007555008,False,0.0
2460,0.11948426812887192,False,0.0
2461,0.147054061293602,False,0.0
2462,0.6795110702514648,True,1.0
2463,0.2314276248216629,False,0.0
2464,0.21323266625404358,False,0.0
2465,0.19176483154296875,False,0.0
2466,0.16757886111736298,False,0.0
2467,0.16619205474853516,False,0.0
2468,0.15298961102962494,False,0.0
2469,0.14039736986160278,False,0.0
2470,0.19054444134235382,False,0.0
2471,0.17856240272521973,False,0.0
2472,0.1807258278131485,False,0.0
2473,0.18300019204616547,False,0.0
2474,0.19304071366786957,False,0.0
2475,0.1656927913427353,False,0.0
2476,0.1636957973241806,False,0.0
2477,1.0,True,1.0
2478,0.24091342091560364,False,0.0
2479,0.1858292818069458,False,0.0
2480,0.18305566906929016,False,0.0
2481,0.22865401208400726,False,0.0
2482,0.1906553953886032,False,0.0
2483,0.1907108724117279,False,0.0
2484,0.180670365691185,False,0.0
2485,0.1974785029888153,False,0.0
2486,0.20896129310131073,False,0.0
2487,0.20518915355205536,False,0.0
2488,0.1924305111169815,False,0.0
2489,0.190988227725029,False,0.0
2490,0.2007513791322708,False,0.0
2491,0.23259253799915314,False,0.0
2492,0.8594551086425781,True,1.0
2493,0.4216747581958771,False,0.0
2494,0.2029147893190384,False,0.0
2495,0.20541106164455414,False,0.0
2496,0.18205717206001282,False,0.0
2497,0.19531507790088654,False,0.0
2498,0.1857183426618576,False,0.0
2499,0.1553749293088913,False,0.0
2500,0.8998075723648071,True,1.0
2501,0.09557565301656723,False,0.0
2502,0.8778464198112488,False,0.0
2503,0.027899300679564476,False,0.0
2504,0.21556250751018524,False,0.0
2505,0.19636905193328857,False,0.0
2506,0.14633291959762573,False,0.0
2507,0.1198171004652977,False,0.0
2508,0.6637765169143677,True,1.0
2509,0.2076299488544464,False,0.0
2510,0.1350720226764679,False,0.0
2511,0.14649933576583862,False,0.0
2512,0.11582309007644653,False,0.0
2513,0.12297903746366501,False,0.0
2514,0.14616650342941284,False,0.0
2515,0.14921748638153076,False,0.0
2516,0.10872261971235275,False,0.0
2517,0.09147069603204727,False,0.0
2518,0.08858612924814224,False,0.0
2519,0.10434030741453171,False,0.0
2520,0.1265847533941269,False,0.0
2521,0.11698801815509796,False,0.0
2522,0.10639277845621109,False,0.0
2523,0.44637420773506165,True,0.6973811984062195
2524,0.15437643229961395,False,0.0
2525,0.14583367109298706,False,0.0
2526,0.10633730888366699,False,0.0
2527,0.0976836085319519,False,0.0
2528,0.8823328018188477,True,1.0
2529,0.2230512946844101,False,0.0
2530,0.1300240308046341,False,0.0
2531,0.12564170360565186,False,0.0
2532,0.11998351663351059,False,0.0
2533,0.09618585556745529,False,0.0
2534,0.10350821167230606,False,0.0
2535,0.10095647722482681,False,0.0
2536,0.12869268655776978,False,0.0
2537,0.11676611751317978,False,0.0
2538,0.6385637521743774,True,1.0
2539,0.18521909415721893,False,0.0
2540,0.1349610835313797,False,0.0
2541,0.11848576366901398,False,0.0
2542,0.1163223385810852,False,0.0
2543,0.09857116639614105,False,0.0
2544,0.1198725700378418,False,0.0
2545,0.13928793370723724,False,0.0
2546,0.12231337279081345,False,0.0
2547,0.10944376140832901,False,0.0
2548,0.11782009899616241,False,0.0
2549,0.13934339582920074,False,0.0
2550,0.11382608860731125,False,0.0
2551,0.13717997074127197,False,0.0
2552,0.12625190615653992,False,0.0
2553,0.953196108341217,True,1.0
2554,0.1500495821237564,False,0.0
2555,0.09013935923576355,False,0.0
2556,0.08908538520336151,False,0.0
2557,0.12913647294044495,False,0.0
2558,0.1435593068599701,False,0.10040509700775146
2559,0.12114844471216202,False,0.0
2560,0.11870765686035156,False,0.0
2561,0.12242430448532104,False,0.0
2562,0.11626686900854111,False,0.0
2563,0.10594899952411652,False,0.0
2564,0.09801644086837769,False,0.0
2565,0.11410345137119293,False,0.0
2566,0.094410739839077,False,0.0
2567,0.09335675835609436,False,0.0
2568,0.20352499186992645,False,0.15321481227874756
2569,0.12958024442195892,False,0.0
2570,0.13967624306678772,False,0.0
2571,0.15665079653263092,False,0.0
2572,0.15570776164531708,False,0.0
2573,0.13019044697284698,False,0.0
2574,0.12691758573055267,False,0.0
2575,0.13590411841869354,False,0.0
2576,0.15071524679660797,False,0.0
2577,0.12769418954849243,False,0.0
2578,0.882030189037323,True,1.0
2579,0.4096151888370514,False,0.0
2580,0.18028204143047333,False,0.0
2581,0.15648438036441803,False,0.0
2582,0.14433591067790985,False,0.0
2583,0.6816428899765015,True,1.0
2584,0.38241714239120483,False,0.0
2585,0.14932844042778015,False,0.0
2586,0.14766426384449005,False,0.0
2587,0.1586478054523468,False,0.0
2588,0.1435593068599701,False,0.0
2589,0.12974666059017181,False,0.0
2590,0.11682158708572388,False,0.0
2591,0.11277210712432861,False,0.0
2592,0.13634788990020752,False,0.0
2593,0.1433928906917572,False,0.0
2594,0.13351880013942719,False,0.0
2595,0.16413956880569458,False,0.0
2596,0.1637512743473053,False,0.0
2597,0.17284874618053436,False,0.0
2598,0.46579140424728394,True,0.5513814687728882
2599,0.19010066986083984,False,0.0
2600,0.19187578558921814,False,0.0
2601,0.40052226185798645,False,0.0
2602,0.1925969272851944,False,0.0
2603,0.8891367316246033,True,1.0
2604,0.43347635865211487,False,0.0
2605,0.211069256067276,False,0.0
2606,0.20202723145484924,False,0.0
2607,0.17850692570209503,False,0.0
2608,0.17684274911880493,False,0.0
2609,0.2196120023727417,False,0.0
2610,0.1890466958284378,False,0.0
2611,0.17307063937187195,False,0.0
2612,0.17867335677146912,False,0.0
2613,0.8754733204841614,True,1.0
2614,0.2160617560148239,False,0.0
2615,0.1483854055404663,False,0.0
2616,0.1249205693602562,False,0.0
2617,0.13129989802837372,False,0.0
2618,0.13296405971050262,False,0.0
2619,0.12037183344364166,False,0.0
2620,0.11194001883268356,False,0.0
2621,0.11016490310430527,False,0.0
2622,0.12281262129545212,False,0.0
2623,0.09901494532823563,False,0.0
2624,0.09086050093173981,False,0.0
2625,0.09025030583143234,False,0.0
2626,0.11332684010267258,False,0.0
2627,0.07211082428693771,False,0.0
2628,0.9379982948303223,True,1.0
2629,0.1638067364692688,False,0.0
2630,0.09979155659675598,False,0.0
2631,0.11831934750080109,False,0.0
2632,0.08736573904752731,False,0.0
2633,0.07294290512800217,False,0.0
2634,0.08004337549209595,False,0.0
2635,0.08869707584381104,False,0.0
2636,0.09213636815547943,False,0.0
2637,0.06234767660498619,False,0.0
2638,0.06928172707557678,False,0.0
2639,0.0858679860830307,False,0.0
2640,0.1180974617600441,False,0.0
2641,0.08165207505226135,False,0.0
2642,0.07460708171129227,False,0.0
2643,0.37011951208114624,True,0.5912467539310455
2644,0.12198052555322647,False,0.0
2645,0.094410739839077,False,0.0
2646,0.07449613511562347,False,0.0
2647,0.1045621857047081,False,0.0
2648,0.0909159705042839,False,0.0
2649,0.07965507358312607,False,0.0
2650,0.07532822340726852,False,0.0
2651,0.09196995198726654,False,0.0
2652,0.08165207505226135,False,0.0
2653,0.8465394377708435,True,1.0
2654,0.18017110228538513,False,0.0
2655,0.12586359679698944,False,0.0
2656,0.0995142012834549,False,0.0
2657,0.10495050251483917,False,0.0
2658,0.6333920955657959,True,1.0
2659,0.17822957038879395,False,0.0
2660,0.1011228933930397,False,0.0
2661,0.07166703790426254,False,0.0
2662,0.08020979166030884,False,0.0
2663,0.12209147214889526,False,0.10084886848926544
2664,0.10023534297943115,False,0.0
2665,0.11626686900854111,False,0.0
2666,0.1061708927154541,False,0.0
2667,0.10422935336828232,False,0.0
2668,0.09879305213689804,False,0.0
2669,0.07100137323141098,False,0.0
2670,0.0690598413348198,False,0.0
2671,0.07460708171129227,False,0.0
2672,0.08198491483926773,False,0.0
2673,0.7599133849143982,True,1.0
2674,0.12408848106861115,False,0.0
2675,0.060461610555648804,False,0.0
2676,0.0807090476155281,False,0.0
2677,0.024903791025280952,False,0.0
2678,0.7655044198036194,True,1.0
2679,0.16818906366825104,False,0.0
2680,0.07394140958786011,False,0.0
2681,0.035499025136232376,False,0.0
2682,0.03139406442642212,False,0.0
2683,0.047869373112916946,False,0.0
2684,0.04065795987844467,False,0.0
2685,0.03017367236316204,False,0.0
2686,0.024903791025280952,False,0.0
2687,0.07127873599529266,False,0.0
2688,0.49166229367256165,True,0.9335170052945614
2689,0.11399250477552414,False,0.0
2690,0.058242715895175934,False,0.0
2691,0.08653365075588226,False,0.0
2692,0.0401587076485157,False,0.0
2693,0.04897882044315338,False,0.0
2694,0.0571887381374836,False,0.0
2695,0.027233630418777466,False,0.0
2696,0.05491437390446663,False,0.0
2697,0.035499025136232376,False,0.0
2698,0.04337610676884651,False,0.0
2699,0.026512492448091507,False,0.0
2700,0.02562493085861206,False,0.0
2701,0.04071342945098877,False,0.0
2702,0.005654859356582165,False,0.0
2703,0.9636797308921814,True,1.0
2704,0.08032073825597763,False,0.0
2705,0.019633909687399864,False,0.0
2706,0.022463003173470497,False,0.0
2707,0.038550008088350296,False,0.0
2708,0.0639009028673172,False,0.0
2709,0.024404538795351982,False,0.0
2710,0.026013238355517387,False,0.0
2711,0.02612418308854103,False,0.0
2712,0.09357865154743195,False,0.14678003266453743
2713,0.049589019268751144,False,0.0
2714,0.02018863521516323,False,0.0
2715,0.024515483528375626,False,0.0
2716,0.036220163106918335,False,0.0
2717,0.05852007493376732,False,0.0
2718,0.18788176774978638,False,0.336495716124773
2719,0.06123822554945946,False,0.0
2720,0.03816169872879982,False,0.0
2721,0.08159660547971725,False,0.0
2722,0.05241811275482178,False,0.0
2723,0.06256956607103348,False,0.0
2724,0.041656460613012314,False,0.0
2725,0.07089042663574219,False,0.0
2726,0.007984700612723827,False,0.0
2727,0.015584423206746578,False,0.0
2728,0.8170310258865356,True,1.0
2729,0.16913209855556488,False,0.0
2730,0.034666936844587326,False,0.0
2731,0.04132362827658653,False,0.0
2732,0.04836862534284592,False,0.0
2733,0.6300726532936096,True,1.0
2734,0.13795658946037292,False,0.0
2735,0.03816169872879982,False,0.0
2736,0.03389032185077667,False,0.0
2737,0.03427862748503685,False,0.0
2738,0.04320969060063362,False,0.0
2739,0.07804637402296066,False,0.0
2740,0.04309874400496483,False,0.0
2741,0.02207469753921032,False,0.0
2742,0.010591904632747173,False,0.0
2743,0.045206695795059204,False,0.0
2744,0.036885835230350494,False,0.0
2745,0.06761755794286728,False,0.0
2746,0.035499025136232376,False,0.0
2747,0.0452621690928936,False,0.0
2748,0.19880984723567963,False,0.0
2749,0.06334617733955383,False,0.0
2750,0.8995158076286316,True,1.0
2751,0.01819162629544735,False,0.0
2752,0.0317268967628479,False,0.0
2753,0.8144692182540894,False,0.0
2754,0.19736754894256592,False,0.0
2755,0.09685152024030685,False,0.0
2756,0.05929669365286827,False,0.0
2757,0.05680043250322342,False,0.0
2758,0.0774916484951973,False,0.0
2759,0.07444065809249878,False,0.0
2760,0.08686649054288864,False,0.0
2761,0.09907042235136032,False,0.0
2762,0.13978718221187592,False,0.0
2763,0.8168270587921143,True,1.0
2764,0.15592965483665466,False,0.0
2765,0.11038678884506226,False,0.0
2766,0.08841971307992935,False,0.0
2767,0.11415892094373703,False,0.0
2768,0.10567163676023483,False,0.0
2769,0.13435088098049164,False,0.0
2770,0.09979155659675598,False,0.0
2771,0.11837482452392578,False,0.0
2772,0.08470305800437927,False,0.0
2773,0.14256079494953156,False,0.0
2774,0.1145472303032875,False,0.0
2775,0.09646321833133698,False,0.0
2776,0.1284153312444687,False,0.0
2777,0.11565667390823364,False,0.0
2778,0.9901834726333618,True,1.0
2779,0.22410526871681213,False,0.0
2780,0.15060429275035858,False,0.0
2781,0.13562674820423126,False,0.0
2782,0.14916202425956726,False,0.0
2783,0.1687992662191391,False,0.0
2784,0.20979337394237518,False,0.1066179871559143
2785,0.2028593271970749,False,0.0
2786,0.20718617737293243,False,0.0
2787,0.18649496138095856,False,0.0
2788,0.16430598497390747,False,0.0
2789,0.17967185378074646,False,0.0
2790,0.18516361713409424,False,0.0
2791,0.1723494976758957,False,0.0
2792,0.15648438036441803,False,0.0
2793,0.49639254808425903,True,0.7182032465934753
2794,0.1639176905155182,False,0.0
2795,0.1570390909910202,False,0.0
2796,0.19564791023731232,False,0.0
2797,0.13729092478752136,False,0.0
2798,0.14439138770103455,False,0.0
2799,0.14938390254974365,False,0.0
2800,0.16979776322841644,False,0.0
2801,0.20346951484680176,False,0.0
2802,0.15071524679660797,False,0.0
2803,0.890540599822998,True,1.0
2804,0.40468233823776245,False,0.0
2805,0.18838101625442505,False,0.0
2806,0.19010066986083984,False,0.0
2807,0.15237942337989807,False,0.0
2808,0.7139092087745667,True,1.0
2809,0.20191629230976105,False,0.0
2810,0.14938390254974365,False,0.0
2811,0.15121449530124664,False,0.0
2812,0.17101815342903137,False,0.0
2813,0.1652490198612213,False,0.0
2814,0.1317991465330124,False,0.0
2815,0.13057875633239746,False,0.0
2816,0.12558624148368835,False,0.0
2817,0.14428044855594635,False,0.0
2818,0.1401754915714264,False,0.0
2819,0.11915143579244614,False,0.0
2820,0.10384104400873184,False,0.0
2821,0.14400307834148407,False,0.0
2822,0.1503824144601822,False,0.0
2823,0.8004233241081238,True,1.0
2824,0.16918756067752838,False,0.0
2825,0.13052327930927277,False,0.0
2826,0.15609607100486755,False,0.0
2827,0.11726536601781845,False,0.0
2828,0.8992619514465332,True,1.0
2829,0.38525283336639404,False,0.0
2830,0.1402864307165146,False,0.0
2831,0.11532384157180786,False,0.0
2832,0.12014993280172348,False,0.0
2833,0.15304508805274963,False,0.0
2834,0.12408848106861115,False,0.0
2835,0.11426986753940582,False,0.0
2836,0.11942880600690842,False,0.0
2837,0.14783068001270294,False,0.0
2838,0.6896060109138489,True,1.0
2839,0.19187578558921814,False,0.0
2840,0.1263073831796646,False,0.0
2841,0.17440196871757507,False,0.0
2842,0.14783068001270294,False,0.0
2843,0.11654423922300339,False,0.0
2844,0.11865217983722687,False,0.0
2845,0.11682158708572388,False,0.0
2846,0.12941382825374603,False,0.0
2847,0.12020541727542877,False,0.0
2848,0.11965068429708481,False,0.0
2849,0.12370017915964127,False,0.0
2850,0.12370017915964127,False,0.0
2851,0.1435593068599701,False,0.0
2852,0.11687707155942917,False,0.0
2853,0.964289128780365,True,1.0
2854,0.20740807056427002,False,0.0
2855,0.13107800483703613,False,0.0
2856,0.12370017915964127,False,0.0
2857,0.13457277417182922,False,0.0
2858,0.13057875633239746,False,0.0
2859,0.11759821325540543,False,0.0
2860,0.12386659532785416,False,0.0
2861,0.12902553379535675,False,0.0
2862,0.13246481120586395,False,0.0
2863,0.1300795078277588,False,0.0
2864,0.12064919620752335,False,0.0
2865,0.12536434829235077,False,0.0
2866,0.13967624306678772,False,0.0
2867,0.13745734095573425,False,0.0
2868,0.37239953875541687,True,0.5096026510000229
2869,0.14821898937225342,False,0.0
2870,0.1467767059803009,False,0.0
2871,0.1351274996995926,False,0.0
2872,0.11399250477552414,False,0.0
2873,0.10661466419696808,False,0.0
2874,0.11704348772764206,False,0.0
2875,0.11227285861968994,False,0.0
2876,0.1331859678030014,False,0.0
2877,0.12597455084323883,False,0.0
2878,0.8999332189559937,True,1.0
2879,0.3822818100452423,False,0.0
2880,0.14605556428432465,False,0.0
2881,0.12436584383249283,False,0.0
2882,0.1095547080039978,False,0.0
2883,0.8819236159324646,True,1.0
2884,0.18311114609241486,False,0.0
2885,0.08215133100748062,False,0.0
2886,0.0791003480553627,False,0.0
2887,0.09158164262771606,False,0.0
2888,0.10140025615692139,False,0.0
2889,0.1263073831796646,False,0.0
2890,0.10245423763990402,False,0.0
2891,0.10151120275259018,False,0.0
2892,0.10866715013980865,False,0.0
2893,0.13928793370723724,False,0.0
2894,0.11099698394536972,False,0.0
2895,0.10661466419696808,False,0.0
2896,0.10495050251483917,False,0.0
2897,0.11399250477552414,False,0.0
2898,0.4342881143093109,True,0.6934009790420532
2899,0.1653599590063095,False,0.0
2900,0.10661466419696808,False,0.0
2901,0.09990250319242477,False,0.0
2902,0.0875876247882843,False,0.0
2903,0.9092671275138855,True,1.0
2904,0.2060767263174057,False,0.0
2905,0.2009177953004837,False,0.0
2906,0.1334633231163025,False,0.0
2907,0.13063423335552216,False,0.0
2908,0.1365143060684204,False,0.0
2909,0.12286808341741562,False,0.0
2910,0.09740624576807022,False,0.0
2911,0.09685152024030685,False,0.0
2912,0.11188454926013947,False,0.0
2913,0.657583475112915,True,1.0
2914,0.19043350219726562,False,0.0
2915,0.11665517091751099,False,0.0
2916,0.10838978737592697,False,0.0
2917,0.11704348772764206,False,0.0
2918,0.10977659374475479,False,0.0
2919,0.11171813309192657,False,0.0
2920,0.1181529313325882,False,0.0
2921,0.11088603734970093,False,0.0
2922,0.09840475022792816,False,0.0
2923,0.09313487261533737,False,0.0
2924,0.1230899840593338,False,0.0
2925,0.06634169071912766,False,0.0
2926,0.06650810688734055,False,0.0
2927,0.06190389394760132,False,0.0
2928,0.9436126947402954,True,1.0
2929,0.14816351234912872,False,0.0
2930,0.08792045712471008,False,0.0
2931,0.07610483467578888,False,0.0
2932,0.09990250319242477,False,0.0
2933,0.11188454926013947,False,0.0
2934,0.07654861360788345,False,0.0
2935,0.06256956607103348,False,0.0
2936,0.05846460536122322,False,0.0
2937,0.06207031011581421,False,0.0
2938,0.06695188581943512,False,0.0
2939,0.06423373520374298,False,0.0
2940,0.05607929453253746,False,0.0
2941,0.07355310767889023,False,0.0
2942,0.07882298529148102,False,0.0
2943,0.7331757545471191,True,1.0
2944,0.1333523839712143,False,0.0
2945,0.07843467593193054,False,0.0
2946,0.10034628212451935,False,0.0
2947,0.03483335301280022,False,0.0
2948,0.016250092536211014,False,0.0
2949,0.016915760934352875,False,0.0
2950,0.028232136741280556,False,0.0
2951,0.0029921827372163534,False,0.0
2952,0.0,False,0.0
2953,0.8278620839118958,True,1.0
2954,0.14405855536460876,False,0.0
2955,0.06950362026691437,False,0.0
2956,0.05019921809434891,False,0.0
2957,0.018912767991423607,False,0.0
2958,0.5802395939826965,True,1.0
2959,0.1350165456533432,False,0.0
2960,0.08359361439943314,False,0.0
2961,0.1198171004652977,False,0.0
2962,0.0570777952671051,False,0.0
2963,0.024903791025280952,False,0.0
2964,0.027954772114753723,False,0.0
2965,0.027233630418777466,False,0.0
2966,0.06157106161117554,False,0.0
2967,0.05846460536122322,False,0.0
2968,0.025347569957375526,False,0.0
2969,0.021298082545399666,False,0.0
2970,0.024903791025280952,False,0.0
2971,0.04614972695708275,False,0.0
2972,0.07388594001531601,False,0.0
2973,0.1992536187171936,False,0.3270654156804085
2974,0.05663401633501053,False,0.0
2975,0.05624571070075035,False,0.0
2976,0.035720910876989365,False,0.0
2977,0.043819885700941086,False,0.0
2978,0.7762909531593323,True,1.0
2979,0.12730588018894196,False,0.0
2980,0.056523073464632034,False,0.0
2981,0.05402681231498718,False,0.0
2982,0.012977219186723232,False,0.0
2983,0.02257394790649414,False,0.0
2984,0.0101481257006526,False,0.0
2985,0.09513187408447266,False,0.0
2986,0.05386039614677429,False,0.0
2987,0.04814673587679863,False,0.0
2988,0.5865485668182373,True,1.0
2989,0.17978279292583466,False,0.0
2990,0.07860109210014343,False,0.0
2991,0.05863102152943611,False,0.0
2992,0.04326516017317772,False,0.0
2993,0.05929669365286827,False,0.0
2994,0.04875693470239639,False,0.0
2995,0.025569459423422813,False,0.0
2996,0.030284617096185684,False,0.0
2997,0.03627563640475273,False,0.0
2998,0.03222615271806717,False,0.0
2999,0.030783867463469505,False,0.0
3000,0.8993176817893982,False,0.0
3001,0.0,False,0.0
3002,0.0,False,0.0
3003,0.9349296689033508,True,1.0
3004,0.10250971466302872,False,0.0
3005,0.007873755879700184,False,0.0
3006,0.005155607592314482,False,0.0
3007,0.036386583000421524,False,0.0
3008,0.029119694605469704,False,0.0
3009,0.08681101351976395,False,0.1489989273250103
3010,0.026623433455824852,False,0.0
3011,0.02717815898358822,False,0.0
3012,0.012311549857258797,False,0.0
3013,0.08348266780376434,False,0.0
3014,0.0334465466439724,False,0.0
3015,0.034167688339948654,False,0.0
3016,0.020299579948186874,False,0.0
3017,0.027899300679564476,False,0.0
3018,0.32481086254119873,True,0.6192294918000698
3019,0.08686649054288864,False,0.0
3020,0.050920356065034866,False,0.0
3021,0.030617449432611465,False,0.0
3022,0.018080681562423706,False,0.0
3023,0.024848317727446556,False,0.0
3024,0.035720910876989365,False,0.0
3025,0.020798830315470695,False,0.0
3026,0.015196116641163826,False,0.0
3027,0.024737372994422913,False,0.0
3028,0.7632759809494019,True,1.0
3029,0.29717540740966797,False,0.0
3030,0.05358303338289261,False,0.0
3031,0.062125783413648605,False,0.0
3032,0.02817666344344616,False,0.0
3033,0.571199357509613,True,1.0
3034,0.12586359679698944,False,0.0
3035,0.042821384966373444,False,0.0
3036,0.06362354010343552,False,0.0
3037,0.020687885582447052,False,0.0
3038,0.025347569957375526,False,0.0
3039,0.02002221718430519,False,0.0
3040,0.02018863521516323,False,0.0
3041,0.031283121556043625,False,0.0
3042,0.01819162629544735,False,0.0
3043,0.016361037269234657,False,0.0
3044,0.013032691553235054,False,0.0
3045,0.018635405227541924,False,0.0
3046,0.051308661699295044,False,0.0
3047,0.030284617096185684,False,0.0
3048,0.2609790563583374,True,0.4958927296102047
3049,0.06645263731479645,False,0.0
3050,0.027788355946540833,False,0.0
3051,0.03200426325201988,False,0.0
3052,0.011257573962211609,False,0.0
3053,0.803584098815918,True,1.0
3054,0.2966963052749634,False,0.0
3055,0.061626531183719635,False,0.0
3056,0.024848317727446556,False,0.0
3057,0.024182649329304695,False,0.0
3058,0.029618946835398674,False,0.0
3059,0.03982587158679962,False,0.0
3060,0.024404538795351982,False,0.0
3061,0.019744856283068657,False,0.0
3062,0.04725917801260948,False,0.0
3063,0.8040409088134766,True,1.0
3064,0.24395164847373962,False,0.0
3065,0.022185642272233963,False,0.0
3066,0.011645881459116936,False,0.0
3067,0.007319031748920679,False,0.0
3068,0.04032512381672859,False,0.0
3069,0.027011742815375328,False,0.0
3070,0.005044662393629551,False,0.0
3071,0.009926236234605312,False,0.0
3072,0.015917258337140083,False,0.0
3073,0.005543914157897234,False,0.0
3074,0.0007732856902293861,False,0.0
3075,0.0,False,0.0
3076,0.022019224241375923,False,0.0
3077,0.0,False,0.0
3078,0.9022051095962524,True,1.0
3079,0.2756877839565277,False,0.0
3080,0.09008388966321945,False,0.0
3081,0.08037620782852173,False,0.0
3082,0.01935654692351818,False,0.0
3083,0.007596393581479788,False,0.0
3084,0.006764307618141174,False,0.0
3085,0.025403041392564774,False,0.0
3086,0.029729891568422318,False,0.0
3087,0.007152614649385214,False,0.0
3088,0.0029921827372163534,False,0.0
3089,0.013365526683628559,False,0.0
3090,0.02462642826139927,False,0.0
3091,0.017969736829400063,False,0.0
3092,0.016860289499163628,False,0.0
3093,0.31550848484039307,True,0.6154913464561105
3094,0.08653365075588226,False,0.0
3095,0.04320969060063362,False,0.0
3096,0.015750840306282043,False,0.0
3097,0.028121192008256912,False,0.0
3098,0.03322465345263481,False,0.0
3099,0.029896307736635208,False,0.0
3100,0.013088163919746876,False,0.0
3101,0.007762811612337828,False,0.0
3102,0.03666394576430321,False,0.0
3103,0.7583450675010681,True,1.0
3104,0.2485455870628357,False,0.0
3105,0.06362354010343552,False,0.0
3106,0.017248596996068954,False,0.0
3107,0.014142139814794064,False,0.0
3108,0.5928522944450378,True,1.0
3109,0.12619642913341522,False,0.0
3110,0.044984810054302216,False,0.0
3111,0.03583185747265816,False,0.0
3112,0.01680481620132923,False,0.0
3113,0.03616469353437424,False,0.0
3114,0.026845324784517288,False,0.0
3115,0.04454102739691734,False,0.0
3116,0.028287608176469803,False,0.0
3117,0.016527455300092697,False,0.0
3118,0.019134659320116043,False,0.0
3119,0.030062725767493248,False,0.0
3120,0.013254581950604916,False,0.0
3121,0.0066533624194562435,False,0.0
3122,0.0064314729534089565,False,0.0
3123,0.7373454570770264,True,1.0
3124,0.11992805451154709,False,0.0
3125,0.012200605124235153,False,0.0
3126,0.024848317727446556,False,0.0
3127,0.02579135075211525,False,0.0
3128,0.7942638397216797,True,1.0
3129,0.10888903588056564,False,0.0
3130,0.032115206122398376,False,0.0
3131,0.017969736829400063,False,0.0
3132,0.04875693470239639,False,0.0
3133,0.0435425266623497,False,0.0
3134,0.010591904632747173,False,0.0
3135,0.010259070433676243,False,0.0
3136,0.005266552325338125,False,0.0
3137,0.02124260924756527,False,0.0
3138,0.5464398264884949,True,1.0
3139,0.12675116956233978,False,0.0
3140,0.04287685453891754,False,0.0
3141,0.0519743338227272,False,0.0
3142,0.03311371058225632,False,0.0
3143,0.036220163106918335,False,0.0
3144,0.013753833249211311,False,0.0
3145,0.012256077490746975,False,0.0
3146,0.008483952842652798,False,0.0
3147,0.027067214250564575,False,0.0
3148,0.018746351823210716,False,0.0
3149,0.003380489768460393,False,0.0
3150,0.009149621240794659,False,0.0
3151,0.011812298558652401,False,0.0
3152,0.0064314729534089565,False,0.0
3153,0.9369183778762817,True,1.0
3154,0.09579754620790482,False,0.0
3155,0.02224111370742321,False,0.0
3156,0.0,False,0.0
3157,0.0,False,0.0
3158,0.0028257654048502445,False,0.0
3159,0.001438954845070839,False,0.0
3160,0.0,False,0.0
3161,0.0,False,0.0
3162,0.0014944272115826607,False,0.0
3163,0.005155607592314482,False,0.0
3164,0.0,False,0.0
3165,0.0,False,0.0
3166,0.007374504115432501,False,0.0
3167,0.01613914780318737,False,0.0
3168,0.07898940145969391,False,0.15797880291938782
3169,0.00704166991636157,False,0.0
3170,0.0,False,0.0
3171,0.050920356065034866,False,0.0
3172,0.01469686534255743,False,0.0
3173,0.04570595175027847,False,0.0
3174,0.006098638754338026,False,0.0
3175,0.01597273163497448,False,0.0
3176,0.0016608445439487696,False,0.0
3177,0.028897805139422417,False,0.0
3178,0.6259158849716187,True,1.0
3179,0.11260569095611572,False,0.0
3180,0.05574646219611168,False,0.0
3181,0.06717377156019211,False,0.0
3182,0.03017367236316204,False,0.0
3183,0.4681050181388855,True,0.8758626915514469
3184,0.08009885251522064,False,0.0
3185,0.034167688339948654,False,0.0
3186,0.019412020221352577,False,0.0
3187,0.024681901559233665,False,0.0
3188,0.01802521012723446,False,0.0
3189,0.06251408904790878,False,0.0
3190,0.04171193763613701,False,0.0
3191,0.011645881459116936,False,0.0
3192,0.026567963883280754,False,0.0
3193,0.028232136741280556,False,0.0
3194,0.013032691553235054,False,0.0
3195,0.003768796566873789,False,0.0
3196,0.009870762936770916,False,0.0
3197,0.01802521012723446,False,0.0
3198,0.10844524949789047,False,0.17695701122283936
3199,0.029064223170280457,False,0.0
3200,0.021630918607115746,False,0.0
3201,0.047037288546562195,False,0.0
3202,0.019966743886470795,False,0.0
3203,0.6350561380386353,True,1.0
3204,0.11887407302856445,False,0.0
3205,0.03034008853137493,False,0.0
3206,0.01530706137418747,False,0.0
3207,0.021464500576257706,False,0.0
3208,0.02274036593735218,False,0.0
3209,0.013365526683628559,False,0.0
3210,0.0018827341264113784,False,0.0
3211,0.010924739763140678,False,0.0
3212,0.02423812262713909,False,0.0
3213,0.8648645877838135,True,1.0
3214,0.053305674344301224,False,0.0
3215,0.011035683564841747,False,0.0
3216,0.012699857354164124,False,0.0
3217,0.04681539908051491,False,0.0
3218,0.0062095834873616695,False,0.0
3219,0.0,False,0.0
3220,0.0,False,0.0
3221,0.011756825260818005,False,0.0
3222,0.009482456371188164,False,0.0
3223,0.00937151163816452,False,0.0
3224,0.0,False,0.0
3225,0.0,False,0.0
3226,0.0,False,0.0
3227,0.0001630890619708225,False,0.0
3228,0.7294586300849915,True,1.0
3229,0.09119333326816559,False,0.0
3230,0.017803320661187172,False,0.0
3231,0.00032950632157735527,False,0.0
3232,0.01785879395902157,False,0.0
3233,0.012256077490746975,False,0.0
3234,0.0,False,0.0
3235,0.007374504115432501,False,0.0
3236,0.01580631360411644,False,0.0
3237,0.003380489768460393,False,0.0
3238,0.005044662393629551,False,0.0
3239,0.0,False,0.0
3240,0.02429359406232834,False,0.0
3241,0.0,False,0.0
3242,0.01131304632872343,False,0.0
3243,0.10716938972473145,False,0.2143387794494629
3244,0.01630556397140026,False,0.0
3245,0.0012725376291200519,False,0.0
3246,0.0,False,0.0
3247,0.015528949908912182,False,0.0
3248,0.03999229148030281,False,0.0
3249,0.005100134760141373,False,0.0
3250,0.8990949392318726,True,1.0
3251,0.0,False,0.0
3252,0.0,False,0.0
3253,0.40527820587158203,False,0.0
3254,0.11038678884506226,False,0.0
3255,0.053971339017152786,False,0.0
3256,0.025014733895659447,False,0.0
3257,0.006320528220385313,False,0.0
3258,0.28640079498291016,True,0.5601605335250497
3259,0.09252467006444931,False,0.0
3260,0.038050755858421326,False,0.0
3261,0.030950283631682396,False,0.0
3262,0.010702850297093391,False,0.0
3263,0.03799528256058693,False,0.0
3264,0.0037133244331926107,False,0.0
3265,0.0007732856902293861,False,0.0
3266,0.0021600963082164526,False,0.0
3267,0.047702956944704056,False,0.0
3268,0.0469818152487278,False,0.0
3269,0.06334617733955383,False,0.0
3270,0.05458153411746025,False,0.0
3271,0.02018863521516323,False,0.0
3272,0.01985579915344715,False,0.0
3273,0.8329898118972778,True,1.0
3274,0.08536873012781143,False,0.0
3275,0.01258891262114048,False,0.0
3276,0.0,False,0.0
3277,0.0,False,0.0
3278,0.43906089663505554,True,0.8589349910616875
3279,0.11659970134496689,False,0.0
3280,0.0350552462041378,False,0.0
3281,0.022518476471304893,False,0.0
3282,0.03633110970258713,False,0.0
3283,0.009593401104211807,False,0.0
3284,0.012477966956794262,False,0.0
3285,0.011146629229187965,False,0.0
3286,0.0241271760314703,False,0.0
3287,0.0190237145870924,False,0.0
3288,0.25971856713294983,True,0.495146868750453
3289,0.08032073825597763,False,0.0
3290,0.04038059711456299,False,0.0
3291,0.10184403508901596,False,0.0
3292,0.033335600048303604,False,0.0
3293,0.012145132757723331,False,0.0
3294,0.018302572891116142,False,0.0
3295,0.04115721210837364,False,0.0
3296,0.05763251706957817,False,0.0
3297,0.040269654244184494,False,0.0
3298,0.027400050312280655,False,0.0
3299,0.025347569957375526,False,0.0
3300,0.03361296281218529,False,0.0
3301,0.04082437604665756,False,0.0
3302,0.024404538795351982,False,0.0
3303,0.5834001898765564,True,1.0
3304,0.085812509059906,False,0.0
3305,0.1128830537199974,False,0.0
3306,0.05291736125946045,False,0.0
3307,0.03499976918101311,False,0.0
3308,0.021131664514541626,False,0.0
3309,0.02207469753921032,False,0.0
3310,0.05946310982108116,False,0.0
3311,0.08897443860769272,False,0.13568554818630219
3312,0.04054701328277588,False,0.0
3313,0.03233709558844566,False,0.0
3314,0.026013238355517387,False,0.0
3315,0.04576142132282257,False,0.0
3316,0.015140644274652004,False,0.0
3317,0.0536939799785614,False,0.0
3318,0.1486072987318039,False,0.2669333089143038
3319,0.07832372933626175,False,0.0
3320,0.027011742815375328,False,0.0
3321,0.07627125829458237,False,0.0
3322,0.0503656342625618,False,0.0
3323,0.0418228805065155,False,0.0
3324,0.01453044731169939,False,0.0
3325,0.056523073464632034,False,0.0
3326,0.040103234350681305,False,0.0
3327,0.03322465345263481,False,0.0
3328,0.45226335525512695,True,0.8645932227373123
3329,0.14211702346801758,False,0.0
3330,0.019966743886470795,False,0.0
3331,0.027233630418777466,False,0.0
3332,0.03389032185077667,False,0.0
3333,0.8579190969467163,True,1.0
3334,0.08980651944875717,False,0.0
3335,0.006986197084188461,False,0.0
3336,0.0,False,0.0
3337,0.006764307618141174,False,0.0
3338,0.0028257654048502445,False,0.0
3339,0.0,False,0.0
3340,0.0,False,0.0
3341,0.021353555843234062,False,0.0
3342,0.0,False,0.0
3343,0.0,False,0.0
3344,0.0,False,0.0
3345,0.013975723646581173,False,0.0
3346,0.012311549857258797,False,0.0
3347,0.0,False,0.0
3348,0.05752157047390938,False,0.11504314094781876
3349,0.02057694084942341,False,0.0
3350,0.0,False,0.0
3351,0.0,False,0.0
3352,0.0,False,0.0
3353,0.43917185068130493,True,0.8745782331097871
3354,0.10838978737592697,False,0.0
3355,0.08714384585618973,False,0.0
3356,0.011645881459116936,False,0.0
3357,0.01580631360411644,False,0.0
3358,0.010702850297093391,False,0.0
3359,0.029896307736635208,False,0.0
3360,0.048202209174633026,False,0.0
3361,0.014863281510770321,False,0.0
3362,0.022463003173470497,False,0.0
3363,0.30642634630203247,True,0.5914469920098782
3364,0.11571214348077774,False,0.0
3365,0.029896307736635208,False,0.0
3366,0.014308556914329529,False,0.0
3367,0.02157544530928135,False,0.0
3368,0.017082178965210915,False,0.0
3369,0.03793981298804283,False,0.0
3370,0.026013238355517387,False,0.0
3371,0.010924739763140678,False,0.0
3372,0.013032691553235054,False,0.0
3373,0.008650369942188263,False,0.0
3374,0.01852446235716343,False,0.0
3375,0.006986197084188461,False,0.0
3376,0.0018827341264113784,False,0.0
3377,0.0023819860070943832,False,0.0
3378,0.5786295533180237,True,1.0
3379,0.11582309007644653,False,0.0
3380,0.041933823376894,False,0.0
3381,0.017026705667376518,False,0.0
3382,0.033502016216516495,False,0.0
3383,0.054470594972372055,False,0.0
3384,0.008483952842652798,False,0.0
3385,0.02446001023054123,False,0.0
3386,0.0034914345014840364,False,0.0
3387,0.05064299702644348,False,0.0
3388,0.014585919678211212,False,0.0
3389,0.007485449314117432,False,0.0
3390,0.0029367103707045317,False,0.0
3391,0.019966743886470795,False,0.0
3392,0.0,False,0.0
3393,0.8048010468482971,True,1.0
3394,0.06922625750303268,False,0.0
3395,0.011923243291676044,False,0.0
3396,0.018080681562423706,False,0.0
3397,0.0,False,0.0
3398,0.0,False,0.0
3399,0.002548403339460492,False,0.0
3400,0.0,False,0.0
3401,0.0,False,0.0
3402,0.0,False,0.0
3403,0.420754998922348,True,0.841509997844696
3404,0.10667014122009277,False,0.0
3405,0.04570595175027847,False,0.0
3406,0.009094149805605412,False,0.0
3407,0.001438954845070839,False,0.0
3408,0.3144698441028595,True,0.6139687895774841
3409,0.09208089113235474,False,0.0
3410,0.025735875591635704,False,0.0
3411,0.01919013075530529,False,0.0
3412,0.01258891262114048,False,0.0
3413,0.015251589007675648,False,0.0
3414,0.007485449314117432,False,0.0
3415,0.021131664514541626,False,0.0
3416,0.018080681562423706,False,0.0
3417,0.026567963883280754,False,0.0
3418,0.010924739763140678,False,0.0
3419,0.011257573962211609,False,0.0
3420,0.010425487533211708,False,0.0
3421,0.031172174960374832,False,0.0
3422,0.008594897575676441,False,0.0
3423,0.053971339017152786,False,0.0
3424,0.022352060303092003,False,0.0
3425,0.026678908616304398,False,0.0
3426,0.019911272451281548,False,0.0
3427,0.01048095989972353,False,0.0
3428,0.41842517256736755,True,0.8339724354445934
3429,0.10034628212451935,False,0.0
3430,0.03461146354675293,False,0.0
3431,0.014585919678211212,False,0.0
3432,0.011590409092605114,False,0.0
3433,0.0333910696208477,False,0.0
3434,0.02645701728761196,False,0.0
3435,0.02323961816728115,False,0.0
3436,0.014031196013092995,False,0.0
3437,0.03533260524272919,False,0.0
3438,0.1707962602376938,False,0.31841170229017735
3439,0.06456657499074936,False,0.0
3440,0.04054701328277588,False,0.0
3441,0.021187137812376022,False,0.0
3442,0.0316714271903038,False,0.0
3443,0.04931165650486946,False,0.0
3444,0.03278087452054024,False,0.0
3445,0.014031196013092995,False,0.0
3446,0.011867770925164223,False,0.0
3447,0.024848317727446556,False,0.0
3448,0.02407170459628105,False,0.0
3449,0.0241271760314703,False,0.0
3450,0.0,False,0.0
3451,0.03305823728442192,False,0.0
3452,0.028620442375540733,False,0.0
3453,0.9997147917747498,False,0.0
3454,0.981825053691864,False,0.0
3455,1.0,True,1.0
3456,0.5654825568199158,False,0.0
3457,0.9186974763870239,False,0.0
3458,1.0,False,0.0
3459,0.9596361517906189,False,0.0
3460,1.0,True,1.0
3461,0.5695875883102417,False,0.0
3462,1.0,False,0.0
3463,1.0,False,0.0
3464,0.6184587478637695,False,0.0
3465,1.0,True,1.0
3466,0.4056110382080078,False,0.0
3467,0.42841020226478577,False,0.0
3468,0.5210492014884949,False,0.0
3469,1.0,False,0.0
3470,1.0,False,0.0
3471,0.8818082809448242,False,0.0
3472,0.5967135429382324,False,0.0
3473,0.2701473832130432,False,0.0
3474,1.0,True,1.0
3475,0.42169806361198425,False,0.0
3476,0.2920035123825073,False,0.0
3477,0.40710878372192383,False,0.0
3478,0.9255205988883972,False,0.0
3479,1.0,True,1.0
3480,0.9836556911468506,False,0.0
3481,0.4598076343536377,False,0.0
3482,0.606088399887085,False,0.0
3483,0.6790346503257751,False,0.0
3484,0.6289430260658264,False,0.0
3485,1.0,True,1.0
3486,0.5280386805534363,False,0.0
3487,0.5834001898765564,False,0.0
3488,0.5662592053413391,False,0.0
3489,0.63665372133255,False,0.0
3490,0.5785185694694519,False,0.0
3491,0.4628585875034332,False,0.0
3492,0.9993878602981567,True,1.0
3493,0.9983418583869934,False,0.0
3494,0.5432381629943848,False,0.0
3495,0.49103862047195435,False,0.0
3496,0.8786420226097107,False,0.0
3497,0.6418681144714355,False,0.0
3498,0.9855625033378601,True,0.9890477657318115
3499,0.4261913001537323,False,0.0
3500,0.8965102434158325,False,0.0
3501,0.702610433101654,False,0.0
3502,0.7355055809020996,False,0.0
3503,0.9961687326431274,False,0.0
3504,0.0,False,0.0
3505,0.39307427406311035,False,0.0
3506,0.9964831471443176,True,0.9214675426483154
3507,0.6357106566429138,False,0.0
3508,0.7116524577140808,False,0.0
3509,0.5357493758201599,False,0.0
3510,0.5582711696624756,False,0.0
3511,0.6499671339988708,False,0.0
3512,0.7926976084709167,False,0.0
3513,0.548785388469696,False,0.0
3514,0.994681715965271,True,0.6951984167098999
3515,0.6891306042671204,False,0.0
3516,0.667496383190155,False,0.0
3517,0.7898130416870117,False,0.0
3518,0.6533508896827698,False,0.0
3519,0.647082507610321,False,0.0
3520,0.800000011920929,False,0.0
3521,0.9974712133407593,True,0.4410555362701416
3522,0.7996871471405029,False,0.0
3523,0.7769434452056885,False,0.0
3524,0.800000011920929,False,0.0
3525,0.9997224807739258,False,0.0
3526,1.0,False,0.0
3527,1.0,True,1.0
3528,1.0,False,0.0
3529,1.0,False,0.0
3530,0.800000011920929,False,0.0
3531,0.7807710766792297,False,0.0
3532,0.7625761032104492,False,0.0
3533,0.7883707880973816,False,0.0
3534,0.7873167991638184,False,0.0
3535,0.7930304408073425,False,0.0
3536,0.7832673192024231,False,0.0
3537,0.800000011920929,False,0.0
3538,0.800000011920929,False,0.0
3539,0.800000011920929,False,0.0
3540,0.800000011920929,False,0.0
3541,0.800000011920929,False,0.0
3542,0.800000011920929,False,0.0
3543,0.800000011920929,False,0.0
3544,1.0,True,1.0
3545,1.0,False,0.0
3546,0.800000011920929,False,0.0
3547,0.800000011920929,False,0.0
3548,0.800000011920929,False,0.0
3549,0.7786630988121033,False,0.0
3550,0.800000011920929,False,0.0
3551,0.800000011920929,False,0.0
3552,0.800000011920929,False,0.0
3553,0.800000011920929,False,0.0
3554,1.0,True,1.0
3555,0.800000011920929,False,0.0
3556,0.7841548919677734,False,0.0
3557,0.800000011920929,False,0.0
3558,0.800000011920929,False,0.0
3559,1.0,True,1.0
3560,0.800000011920929,False,0.0
3561,0.800000011920929,False,0.0
3562,0.800000011920929,False,0.0
3563,0.7824906706809998,False,0.0
3564,0.796636164188385,False,0.0
3565,0.7563632130622864,False,0.0
3566,0.800000011920929,False,0.0
3567,0.800000011920929,False,0.0
3568,0.7545880675315857,False,0.0
3569,0.800000011920929,False,0.0
3570,0.800000011920929,False,0.0
3571,1.0,True,1.0
3572,0.7639629244804382,False,0.0
3573,0.7568070292472839,False,0.0
3574,1.0,False,0.0
3575,0.7171441912651062,False,0.0
3576,0.7267963886260986,False,0.0
3577,0.7390003204345703,False,0.0
3578,0.7368924021720886,False,0.0
3579,0.7898130416870117,False,0.14533770084381104
3580,0.686856210231781,False,0.0
3581,0.7093226313591003,False,0.0
3582,0.7037753462791443,False,0.0
3583,0.7752792835235596,False,0.0
3584,0.7412747144699097,False,0.0
3585,0.7502612471580505,False,0.0
3586,0.7003915309906006,False,0.0
3587,0.7325655817985535,False,0.0
3588,0.800000011920929,False,0.2262876033782959
3589,0.7474321722984314,False,0.0
3590,0.7456570267677307,False,0.0
3591,0.6348785758018494,False,0.0
3592,0.7095999121665955,False,0.0
3593,0.6698817014694214,False,0.0
3594,0.7681788206100464,False,0.0
3595,0.7763332724571228,False,0.2829093933105469
3596,0.7182536721229553,False,0.0
3597,0.7335085272789001,False,0.0
3598,0.6987828612327576,False,0.0
3599,0.6960646510124207,False,0.0
3600,0.6640570759773254,False,0.0
3601,0.7510378360748291,False,0.0
3602,0.6214542388916016,False,0.0
3603,0.6839717030525208,False,0.0
3604,0.7835447192192078,False,0.3241809606552124
3605,0.5982112884521484,False,0.0
3606,0.6172383427619934,False,0.0
3607,0.7293481230735779,False,0.0
3608,0.7180317640304565,False,0.0
3609,0.7771098613739014,False,0.35779714584350586
3610,0.6833060383796692,False,0.0
3611,0.667607307434082,False,0.0
3612,0.6329370737075806,False,0.0
3613,0.6124122738838196,False,0.0
3614,0.5960478782653809,False,0.0
3615,0.5397433638572693,False,0.0
3616,0.5493955612182617,False,0.0
3617,0.5263190865516663,False,0.0
3618,0.5411302447319031,False,0.0
3619,0.6340464949607849,False,0.2154548168182373
3620,0.6104152798652649,False,0.0
3621,0.5273730158805847,False,0.0
3622,0.5274839997291565,False,0.0
3623,0.5306459069252014,False,0.0
3624,0.5703086853027344,False,0.0
3625,0.5320882201194763,False,0.0
3626,0.5420177578926086,False,0.0
3627,0.36456143856048584,False,0.0
3628,0.40305930376052856,False,0.0
3629,0.4648556411266327,False,0.2005884051322937
3630,0.34769782423973083,False,0.0
3631,0.3835884928703308,False,0.0
3632,0.34581175446510315,False,0.0
3633,0.41515228152275085,False,0.0
3634,0.3920757472515106,False,0.0
3635,0.2841264307498932,False,0.0
3636,0.34930652379989624,False,0.0
3637,0.43917185068130493,False,0.0
3638,0.40117326378822327,False,0.0
3639,0.4433877468109131,False,0.0
3640,0.44721537828445435,False,0.0
3641,0.4883204400539398,False,0.0
3642,0.3683335483074188,False,0.0
3643,0.5157238245010376,True,0.4631947875022888
3644,0.4905948340892792,False,0.0
3645,0.45731136202812195,False,0.0
3646,0.43074002861976624,False,0.0
3647,0.3922976553440094,False,0.0
3648,0.4785018563270569,False,0.0
3649,0.479248970746994,False,0.17390263080596924
3650,0.22016671299934387,False,0.0
3651,0.2907831370830536,False,0.0
3652,0.43528875708580017,False,0.0
3653,0.4602513909339905,False,0.0
3654,0.49092766642570496,False,0.0
3655,0.5162230730056763,False,0.20047736167907715
3656,0.44882407784461975,False,0.0
3657,0.4159843921661377,False,0.0
3658,0.4766157567501068,False,0.0
3659,0.5694766044616699,False,0.0
3660,0.6164617538452148,False,0.0
3661,0.6678292155265808,False,0.0
3662,0.9171143770217896,True,1.0
3663,0.6405922770500183,False,0.0
3664,0.8678478598594666,False,0.0
3665,0.6438096761703491,False,0.0
3666,0.555996835231781,False,0.0
3667,0.5168887972831726,False,0.0
3668,0.4668526351451874,False,0.0
3669,0.573969841003418,False,0.0
3670,0.5933852195739746,False,0.25306516885757446
3671,0.5907780528068542,False,0.0
3672,0.5797944664955139,False,0.0
3673,0.5401871800422668,False,0.0
3674,0.45420488715171814,False,0.0
3675,0.4799440801143646,False,0.0
3676,0.5305349230766296,False,0.0
3677,0.531089723110199,False,0.0
3678,0.4755063056945801,False,0.0
3679,0.5026323199272156,False,0.0
3680,0.8708198070526123,False,0.0
3681,0.8716655373573303,True,0.8349213004112244
3682,0.6072533130645752,False,0.0
3683,0.3606228828430176,False,0.0
3684,0.43894997239112854,False,0.0
3685,0.44765910506248474,False,0.0
3686,0.6808581352233887,True,0.45208603143692017
3687,0.5203280448913574,False,0.0
3688,0.501966655254364,False,0.0
3689,0.4682949185371399,False,0.0
3690,0.4548151195049286,False,0.0
3691,0.463080495595932,False,0.0
3692,0.548896312713623,False,0.0
3693,0.8091762661933899,True,0.8971067667007446
3694,0.523878276348114,False,0.0
3695,0.3805374801158905,False,0.0
3696,0.36295273900032043,False,0.0
3697,0.36090025305747986,False,0.0
3698,0.45914196968078613,False,0.19648343324661255
3699,0.4398375153541565,False,0.0
3700,0.45059916377067566,False,0.0
3701,0.41526323556900024,False,0.0
3702,0.44066959619522095,False,0.0
3703,0.454926073551178,False,0.0
3704,0.343093603849411,False,0.0
3705,0.4969186782836914,False,0.0
3706,0.8732901811599731,True,1.0
3707,0.8686486482620239,False,0.0
3708,0.8149080872535706,False,0.0
3709,0.40805181860923767,False,0.0
3710,0.35052689909935,False,0.0
3711,0.23874998092651367,False,0.0
3712,0.2547815144062042,False,0.0
3713,0.4109918773174286,False,0.0
3714,0.4351223409175873,False,0.0
3715,0.5185529589653015,True,0.5596059560775757
3716,0.45409393310546875,False,0.0
3717,0.3754895031452179,False,0.0
3718,0.38136959075927734,False,0.0
3719,0.4003966450691223,False,0.0
3720,0.3705524802207947,False,0.0
3721,0.19642452895641327,False,0.0
3722,0.19481581449508667,False,0.0
3723,0.2856796681880951,False,0.11604830622673035
3724,0.22765551507472992,False,0.0
3725,0.5358980894088745,False,0.0
3726,0.6472206115722656,False,0.0
3727,0.37149548530578613,False,0.0
3728,0.7515329122543335,True,1.0
3729,0.38159146904945374,False,0.0
3730,0.415485143661499,False,0.0
3731,0.3716064393520355,False,0.0
3732,0.15837043523788452,False,0.0
3733,0.1856074035167694,False,0.0
3734,0.2245490401983261,False,0.0
3735,0.34592270851135254,False,0.1660844087600708
3736,0.26288050413131714,False,0.0
3737,0.32733944058418274,False,0.0
3738,0.2752508521080017,False,0.0
3739,0.33410707116127014,False,0.0
3740,0.3144698441028595,False,0.0
3741,0.8770514726638794,True,1.0
3742,0.12076013535261154,False,0.0
3743,0.050088267773389816,False,0.0
3744,0.014807808212935925,False,0.0
3745,0.08525779098272324,False,0.0
3746,0.02884233370423317,False,0.0
3747,0.0,False,0.0
3748,0.0,False,0.0
3749,0.019911272451281548,False,0.0
3750,0.34414759278297424,True,0.6665566507726908
3751,0.13041234016418457,False,0.0
3752,0.08314983546733856,False,0.0
3753,0.010869267396628857,False,0.0
