frame_idx,action_score,is_peak,persistence_value
0,0.7645750045776367,False,0.0
1,0.056471385061740875,False,0.0
2,0.0065912180580198765,False,0.0
3,0.005686589982360601,False,0.0
4,0.0,False,0.0
5,0.0,False,0.0
6,0.0,False,0.0
7,0.0007613946800120175,False,0.0
8,0.021216033026576042,False,0.0
9,0.025915071368217468,False,0.0
10,0.0488574355840683,False,0.0
11,0.10401459038257599,False,0.0
12,0.1424110233783722,False,0.0
13,0.14384333789348602,False,0.20635560899972916
14,0.12474564462900162,False,0.0
15,0.11886556446552277,False,0.0
16,0.040665533393621445,False,0.0
17,0.1950804442167282,False,0.0
18,0.604423999786377,True,1.0
19,0.14989931881427765,False,0.0
20,0.175580695271492,False,0.0
21,0.08901285380125046,False,0.0
22,0.029458198696374893,False,0.0
23,0.04870666563510895,False,0.0
24,0.03460955247282982,False,0.0
25,0.005963004194200039,False,0.0
26,0.028855113312602043,False,0.0
27,0.021844245493412018,False,0.0
28,0.012772840447723866,False,0.0
29,0.06478893756866455,False,0.0
30,0.0695633590221405,False,0.0
31,0.09117390960454941,False,0.11745082587003708
32,0.055415987968444824,False,0.0
33,0.056370873004198074,False,0.0
34,0.03244849666953087,False,0.0
35,0.07845886796712875,False,0.0
36,0.8440283536911011,True,1.0
37,0.17193706333637238,False,0.0
38,0.07556908577680588,False,0.0
39,0.20920269191265106,False,0.0
40,0.00968202855437994,False,0.0
41,0.05694882944226265,False,0.0
42,0.030212054029107094,False,0.0
43,0.03287568315863609,False,0.0
44,0.035941362380981445,False,0.0
45,0.04820409417152405,False,0.0
46,0.0,False,0.0
47,0.008551244623959064,False,0.0
48,0.03129258379340172,False,0.0
49,0.024960186332464218,False,0.0
50,0.042876843363046646,False,0.0
51,0.04405788704752922,False,0.0
52,0.002646035747602582,False,0.0
53,0.07584550231695175,False,0.0
54,0.7680407166481018,True,1.0
55,0.3996139168739319,False,0.0
56,0.09577243775129318,False,0.0
57,0.07262904196977615,False,0.0
58,0.010837942361831665,False,0.0
59,0.08029325306415558,False,0.0
60,0.08026812225580215,False,0.0
61,0.026065845042467117,False,0.0
62,0.08748001605272293,False,0.0
63,0.22674241662025452,True,0.4318089485168457
64,0.021065261214971542,False,0.0
65,0.06441201269626617,False,0.0
66,0.0603160560131073,False,0.0
67,0.06551766395568848,False,0.0
68,0.025864815339446068,False,0.0
69,0.0605170838534832,False,0.0
70,0.007018403150141239,False,0.0
71,0.09655141830444336,False,0.0
72,0.9461765289306641,True,1.0
73,0.15836764872074127,False,0.0
74,0.08044402301311493,False,0.0
75,0.04777690768241882,False,0.0
76,0.0046814484521746635,False,0.0
77,0.061446841806173325,False,0.0
78,0.03531315177679062,False,0.0
79,0.04858102276921272,False,0.0
80,0.055415987968444824,False,0.0
81,0.09310881048440933,False,0.0
82,0.006566089577972889,False,0.0
83,0.2525745630264282,True,0.49251951836049557
84,0.07778039574623108,False,0.0
85,0.03953474387526512,False,0.0
86,0.057099599391222,False,0.0
87,0.0653417631983757,False,0.0
88,0.006314803846180439,False,0.0
89,0.08516819030046463,False,0.0
90,0.8160110712051392,True,1.0
91,0.4003124535083771,False,0.0
92,0.10064738243818283,False,0.0
93,0.08456510305404663,False,0.0
94,0.008551244623959064,False,0.0
95,0.09753143042325974,False,0.0
96,0.11280959099531174,False,0.20851669274270535
97,0.03913268819451332,False,0.0
98,0.10715565830469131,False,0.0
99,0.02551301382482052,False,0.0
100,0.003927591722458601,False,0.0
101,0.09104827046394348,False,0.0
102,0.4086645245552063,True,0.7978644762188196
103,0.11622706800699234,False,0.0
104,0.029081270098686218,False,0.0
105,0.0751921534538269,False,0.0
106,0.00973228644579649,False,0.0
107,0.039308588951826096,False,0.0
108,0.7470016479492188,True,1.0
109,0.4743405878543854,False,0.0
110,0.17625917494297028,False,0.0
111,0.06767871975898743,False,0.0
112,0.0064153182320296764,False,0.0
113,0.09341035038232803,False,0.0
114,0.09680270403623581,False,0.11408360302448273
115,0.039760902523994446,False,0.0
116,0.10991980135440826,False,0.0
117,0.11484500020742416,False,0.0
118,0.006767117418348789,False,0.0
119,0.04762613773345947,False,0.0
120,0.12316254526376724,False,0.0
121,0.43112459778785706,True,0.8452974781394005
122,0.059537071734666824,False,0.0
123,0.10826130956411362,False,0.0
124,0.008475858718156815,False,0.0
125,0.12198150157928467,False,0.0
126,0.7507921457290649,True,1.0
127,0.3878136873245239,False,0.0
128,0.1827172040939331,False,0.0
129,0.0524759478867054,False,0.0
130,0.0060383896343410015,False,0.0
131,0.0929831713438034,False,0.0
132,0.1260272115468979,False,0.0
133,0.137184277176857,False,0.25555732287466526
134,0.0510687492787838,False,0.0
135,0.11258342117071152,False,0.0
136,0.009405615739524364,False,0.0
137,0.036896247416734695,False,0.0
138,0.11248292028903961,False,0.0
139,0.5557237267494202,True,1.0
140,0.18791882693767548,False,0.0
141,0.06345712393522263,False,0.0
142,0.0064153182320296764,False,0.0
143,0.15374398231506348,False,0.0
144,0.9625630974769592,True,1.0
145,0.231642484664917,False,0.0
146,0.16218718886375427,False,0.0
147,0.13107804954051971,False,0.0
148,0.009707157500088215,False,0.0
149,0.05001335218548775,False,0.0
150,0.1424110233783722,False,0.26540773175656796
151,0.04973693564534187,False,0.0
152,0.11564910411834717,False,0.0
153,0.13665656745433807,False,0.0
154,0.009003558196127415,False,0.0
155,0.13354063034057617,False,0.1886148527264595
156,0.03923320397734642,False,0.0
157,0.12218254059553146,False,0.0
158,0.05018925294280052,False,0.0
159,0.4500191807746887,False,0.0
160,0.021115517243742943,False,0.0
161,0.1513567864894867,False,0.0
162,0.5209929347038269,True,1.0
163,0.07642345875501633,False,0.0
164,0.11675477027893066,False,0.0
165,0.036695219576358795,False,0.0
166,0.0019926936365664005,False,0.0
167,0.10798490047454834,False,0.0
168,0.14037559926509857,False,0.0
169,0.19545738399028778,False,0.36732911318540573
170,0.039811160415410995,False,0.0
171,0.15283936262130737,False,0.0
172,0.011792827397584915,False,0.0
173,0.03295106813311577,False,0.0
174,0.10622590780258179,False,0.0
175,0.15412092208862305,False,0.0
176,0.21385148167610168,False,0.0
177,0.060039639472961426,False,0.0
178,0.005460433196276426,False,0.0
179,0.12587642669677734,False,0.0
180,0.9563779234886169,True,1.0
181,0.536160945892334,False,0.0
182,0.2138766050338745,False,0.0
183,0.15761379897594452,False,0.0
184,0.014783124439418316,False,0.0
185,0.044032756239175797,False,0.0
186,0.1346714347600937,False,0.14896205067634583
187,0.060190409421920776,False,0.0
188,0.14635619521141052,False,0.0
189,0.15650813281536102,False,0.0
190,0.015511852689087391,False,0.0
191,0.14711005985736847,False,0.0
192,0.057727813720703125,False,0.0
193,0.1809079498052597,False,0.3308927081525326
194,0.06858334690332413,False,0.0
195,0.1557794064283371,False,0.0
196,0.015461595728993416,False,0.0
197,0.4405302405357361,False,0.0
198,0.7875310182571411,True,1.0
199,0.17515350878238678,False,0.0
200,0.3916844129562378,False,0.0
201,0.0537826307117939,False,0.0
202,0.003952720668166876,False,0.0
203,0.1327616423368454,False,0.0
204,0.15505068004131317,False,0.2871690485626459
205,0.14072740077972412,False,0.0
206,0.037549592554569244,False,0.0
207,0.142209991812706,False,0.0
208,0.011466155759990215,False,0.0
209,0.06134632229804993,False,0.0
210,0.1303493231534958,False,0.0
211,0.15590505301952362,False,0.30144206807017326
212,0.12680618464946747,False,0.0
213,0.05875808745622635,False,0.0
214,0.005184018984436989,False,0.0
215,0.20719240605831146,False,0.0
216,0.9712390899658203,True,1.0
217,0.1302487999200821,False,0.0
218,0.13374166190624237,False,0.0
219,0.4320601522922516,False,0.0
220,0.024457616731524467,False,0.0
221,0.033629536628723145,False,0.0
222,0.11796094477176666,False,0.0
223,0.12708260118961334,False,0.0
224,0.03677060827612877,False,0.0
225,0.15492503345012665,False,0.26093483343720436
226,0.00852611567825079,False,0.0
227,0.13251036405563354,False,0.0
228,0.05179747939109802,False,0.0
229,0.11610142141580582,False,0.0
230,0.13864172995090485,False,0.0
231,0.04672151058912277,False,0.0
232,0.0,False,0.0
233,0.17218834161758423,False,0.0
234,0.8859255909919739,True,1.0
235,0.20475494861602783,False,0.0
236,0.14680850505828857,False,0.0
237,0.1416069120168686,False,0.0
238,0.01113948505371809,False,0.0
239,0.2185756415128708,True,0.4148723129183054
240,0.15251269936561584,False,0.0
241,0.13190728425979614,False,0.0
242,0.03968551754951477,False,0.0
243,0.11793581396341324,False,0.0
244,0.00968202855437994,False,0.0
245,0.12451948970556259,False,0.16353657841682434
246,0.04275120049715042,False,0.0
247,0.11243265867233276,False,0.0
248,0.14856751263141632,False,0.0
249,0.04310299828648567,False,0.0
250,0.8982332944869995,True,1.0
251,0.12414256483316422,False,0.0
252,0.6419717073440552,False,0.0
253,0.4586128294467926,False,0.0
254,0.2188771814107895,False,0.0
255,0.17161040008068085,False,0.0
256,0.004857347812503576,False,0.0
257,0.21498225629329681,True,0.4202498169615865
258,0.20387545228004456,False,0.0
259,0.14952239394187927,False,0.0
260,0.05574265867471695,False,0.0
261,0.12848979234695435,False,0.0
262,0.0026711642276495695,False,0.0
263,0.17279142141342163,False,0.3402405143715441
264,0.06968899816274643,False,0.0
265,0.1363801658153534,False,0.0
266,0.12992213666439056,False,0.0
267,0.04898307844996452,False,0.0
268,0.0023947504814714193,False,0.0
269,0.14575311541557312,False,0.0
270,0.7511892318725586,True,1.0
271,0.32074829936027527,False,0.0
272,0.2374974489212036,False,0.0
273,0.15293988585472107,False,0.0
274,0.008727144449949265,False,0.0
275,0.029659226536750793,False,0.0
276,0.32255756855010986,True,0.6276608482003212
277,0.20942886173725128,False,0.0
278,0.06016528233885765,False,0.0
279,0.12899236381053925,False,0.0
280,0.00948100071400404,False,0.0
281,0.1324601024389267,False,0.15479182451963425
282,0.05506419017910957,False,0.0
283,0.11064852774143219,False,0.0
284,0.1388930231332779,False,0.0
285,0.058381158858537674,False,0.0
286,0.0032993778586387634,False,0.0
287,0.29049354791641235,False,0.0
288,0.9408251047134399,True,1.0
289,0.15907125174999237,False,0.0
290,0.11858915537595749,False,0.0
291,0.1361791342496872,False,0.0
292,0.01018460001796484,False,0.0
293,0.04418352618813515,False,0.0
294,0.10997005552053452,False,0.0
295,0.13615401089191437,False,0.0
296,0.19430147111415863,False,0.3682337421923876
297,0.12404204905033112,False,0.0
298,0.00789790228009224,False,0.0
299,0.13261088728904724,False,0.0
300,0.03717266023159027,False,0.0
301,0.11318651586771011,False,0.15202771127223969
302,0.11235727369785309,False,0.0
303,0.058004230260849,False,0.0
304,0.003751691896468401,False,0.0
305,0.11798606067895889,False,0.0
306,0.7806737422943115,True,1.0
307,0.3181600868701935,False,0.0
308,0.1591968834400177,False,0.0
309,0.1287662237882614,False,0.0
310,0.010561528615653515,False,0.0
311,0.05018925294280052,False,0.0
312,0.12680618464946747,False,0.0
313,0.1575886607170105,False,0.0
314,0.03893166035413742,False,0.0
315,0.27993956208229065,True,0.5387560669332743
316,0.026694057509303093,False,0.0
317,0.13359089195728302,False,0.0
318,0.05149593576788902,False,0.0
319,0.10788438469171524,False,0.0
320,0.13404320180416107,False,0.0
321,0.05099336430430412,False,0.0
322,0.007696873974055052,False,0.0
323,0.12685644626617432,False,0.0
324,0.6027070879936218,True,1.0
325,0.4496184289455414,False,0.0
326,0.09740579128265381,False,0.0
327,0.14527566730976105,False,0.0
328,0.01008408609777689,False,0.0
329,0.032976195216178894,False,0.0
330,0.09941606968641281,False,0.0
331,0.1272585093975067,False,0.0
332,0.13552579283714294,False,0.0
333,0.27544155716896057,False,0.0
334,0.023276573047041893,False,0.0
335,0.29039302468299866,True,0.5606178771704435
336,0.0444348119199276,False,0.0
337,0.08951542526483536,False,0.0
338,0.09617449343204498,False,0.0
339,0.10268278419971466,False,0.0
340,0.007169174496084452,False,0.0
341,0.038001906126737595,False,0.0
342,0.49384447932243347,True,0.9721946967765689
343,0.11117623001337051,False,0.0
344,0.09655141830444336,False,0.0
345,0.12338870763778687,False,0.0
346,0.00922971498221159,False,0.0
347,0.10270791500806808,False,0.12081805616617203
348,0.04229888692498207,False,0.0
349,0.23993490636348724,False,0.0
350,0.03546392172574997,False,0.0
351,0.10725617408752441,False,0.0
352,0.007747130934149027,False,0.0
353,0.5553743243217468,True,1.0
354,0.22237005829811096,False,0.0
355,0.0572001151740551,False,0.0
356,0.11959429085254669,False,0.0
357,0.022020146250724792,False,0.0
358,0.0026962929405272007,False,0.0
359,0.10321047157049179,False,0.0
360,0.9468144178390503,True,1.0
361,0.488667756319046,False,0.0
362,0.09089749306440353,False,0.0
363,0.12585130333900452,False,0.0
364,0.00968202855437994,False,0.0
365,0.10431613773107529,False,0.12926124036312103
366,0.03968551754951477,False,0.0
367,0.11263368278741837,False,0.0
368,0.11049776524305344,False,0.0
369,0.04702305421233177,False,0.0
370,0.0055609471164643764,False,0.0
371,0.16226257383823395,False,0.30792522989213467
372,0.12200663238763809,False,0.0
373,0.037549592554569244,False,0.0
374,0.11502089351415634,False,0.0
375,0.11115109920501709,False,0.0
376,0.008299958892166615,False,0.0
377,0.04551533982157707,False,0.0
378,0.6199257969856262,True,1.0
379,0.5110998749732971,False,0.0
380,0.16346873342990875,False,0.0
381,0.11886556446552277,False,0.0
382,0.00912920106202364,False,0.0
383,0.09434010833501816,False,0.0
384,0.03817780315876007,False,0.0
385,0.14062689244747162,False,0.26299538277089596
386,0.126931831240654,False,0.0
387,0.05255133658647537,False,0.0
388,0.004379905294626951,False,0.0
389,0.1291431486606598,False,0.0
390,0.11230701208114624,False,0.0
391,0.0578032024204731,False,0.0
392,0.12896724045276642,False,0.0
393,0.12178047746419907,False,0.0
394,0.007696873974055052,False,0.0
395,0.06652280688285828,False,0.0
396,0.6949498057365417,True,1.0
397,0.4983997642993927,False,0.0
398,0.07903682440519333,False,0.0
399,0.2578012943267822,False,0.0
400,0.019984735175967216,False,0.0
401,0.11750862747430801,False,0.16554686427116394
402,0.034735195338726044,False,0.0
403,0.10976903885602951,False,0.0
404,0.11944352835416794,False,0.0
405,0.06539202481508255,False,0.0
406,0.005133762024343014,False,0.0
407,0.1423105001449585,False,0.2679205685853958
408,0.13122880458831787,False,0.0
409,0.058833468705415726,False,0.0
410,0.11489524692296982,False,0.0
411,0.12067482620477676,False,0.0
412,0.00835021585226059,False,0.0
413,0.08257994800806046,False,0.0
414,0.6073885560035706,True,1.0
415,0.4701288044452667,False,0.0
416,0.11951891332864761,False,0.0
417,0.22003309428691864,False,0.0
418,0.01744675077497959,False,0.0
419,0.25031301379203796,True,0.46573252603411674
420,0.0447363555431366,False,0.0
421,0.1276354342699051,False,0.0
422,0.10263252258300781,False,0.0
423,0.03868037462234497,False,0.0
424,0.004832219332456589,False,0.0
425,0.09768220037221909,False,0.0
426,0.10710539668798447,False,0.0
427,0.11095007508993149,False,0.0
428,0.11569936573505402,False,0.0
429,0.1458285003900528,False,0.0
430,0.007495845202356577,False,0.0
431,0.07657422870397568,False,0.0
432,0.9395091533660889,True,1.0
433,0.2309388965368271,False,0.0
434,0.15726198256015778,False,0.0
435,0.13457091152668,False,0.0
436,0.01111435703933239,False,0.0
437,0.12336357682943344,False,0.0
438,0.19764356315135956,False,0.37305841222405434
439,0.11881530284881592,False,0.0
440,0.10795976966619492,False,0.0
441,0.10831157118082047,False,0.0
442,0.007420460227876902,False,0.0
443,0.10632641613483429,False,0.1566513478755951
444,0.09645090997219086,False,0.0
445,0.028000742197036743,False,0.0
446,0.09064621478319168,False,0.0
447,0.10670334100723267,False,0.0
448,0.006993274670094252,False,0.0
449,0.11557372659444809,False,0.0
450,0.8061996102333069,True,1.0
451,0.5065657496452332,False,0.0
452,0.10263252258300781,False,0.0
453,0.14178280532360077,False,0.0
454,0.014959024265408516,False,0.0
455,0.13821454346179962,False,0.0
456,0.1454264372587204,False,0.0
457,0.29240331053733826,True,0.5548885725438595
458,0.14185819029808044,False,0.0
459,0.043680958449840546,False,0.0
460,0.0059881326742470264,False,0.0
461,0.11821222305297852,False,0.0
462,0.11331214755773544,False,0.0
463,0.11100032180547714,False,0.0
464,0.09697860479354858,False,0.0
465,0.10579872131347656,False,0.0
466,0.009078944101929665,False,0.0
467,0.05235030874609947,False,0.0
468,0.5614555478096008,True,1.0
469,0.5116142630577087,False,0.0
470,0.24413137137889862,False,0.0
471,0.13364115357398987,False,0.0
472,0.015813395380973816,False,0.0
473,0.14062689244747162,False,0.0
474,0.0545867457985878,False,0.0
475,0.4574728012084961,True,0.8833188116550446
476,0.183219775557518,False,0.0
477,0.10956799983978271,False,0.0
478,0.00867688748985529,False,0.0
479,0.09934069216251373,False,0.0
480,0.11296035349369049,False,0.20535047724843025
481,0.035539306700229645,False,0.0
482,0.10823619365692139,False,0.0
483,0.10823619365692139,False,0.0
484,0.010285114869475365,False,0.0
485,0.21272067725658417,False,0.0
486,0.5432367920875549,True,1.0
487,0.32625147700309753,False,0.0
488,0.10509512573480606,False,0.0
489,0.10959313064813614,False,0.0
490,0.0061640325002372265,False,0.0
491,0.12160457670688629,False,0.0
492,0.20417697727680206,False,0.0
493,0.072679303586483,False,0.0
494,0.5166414380073547,True,1.0
495,0.13977251946926117,False,0.0
496,0.008023545145988464,False,0.0
497,0.10016993433237076,False,0.0
498,0.11489524692296982,False,0.0
499,0.10743208229541779,False,0.0
500,0.8982546329498291,False,0.0
501,0.137184277176857,False,0.0
502,0.0,False,0.0
503,0.056119587272405624,False,0.0
504,0.9525011777877808,True,1.0
505,0.23898003995418549,False,0.0
506,0.13926994800567627,False,0.0
507,0.0456409826874733,False,0.0
508,0.003399892244488001,False,0.0
509,0.1445218175649643,False,0.27194114588201046
510,0.036695219576358795,False,0.0
511,0.10265765339136124,False,0.0
512,0.11806144565343857,False,0.0
513,0.12698207795619965,False,0.0
514,0.008551244623959064,False,0.0
515,0.21465559303760529,True,0.41014815494418144
516,0.14268742501735687,False,0.0
517,0.0464450977742672,False,0.0
518,0.10155200213193893,False,0.0
519,0.10522075742483139,False,0.0
520,0.009581515565514565,False,0.0
521,0.10667822510004044,False,0.0
522,0.4638946056365967,False,0.0
523,0.5062063932418823,True,1.0
524,0.11884043365716934,False,0.0
525,0.11125161498785019,False,0.0
526,0.010209728963673115,False,0.0
527,0.10109968483448029,False,0.0
528,0.10931672155857086,False,0.0
529,0.12557488679885864,False,0.0
530,0.10843721777200699,False,0.0
531,0.04672151058912277,False,0.0
532,0.005535818636417389,False,0.0
533,0.44256386160850525,True,0.8699852610006928
534,0.1959850788116455,False,0.0
535,0.11665425449609756,False,0.0
536,0.10097404569387436,False,0.0
537,0.13632990419864655,False,0.0
538,0.007571231108158827,False,0.0
539,0.022623231634497643,False,0.0
540,0.9488233327865601,True,1.0
541,0.4658712148666382,False,0.0
542,0.1415063887834549,False,0.0
543,0.10931672155857086,False,0.0
544,0.004832219332456589,False,0.0
545,0.10444177687168121,False,0.0
546,0.033730052411556244,False,0.0
547,0.10054685920476913,False,0.0
548,0.10627616941928864,False,0.0
549,0.10748232901096344,False,0.2053002193570137
550,0.004229134414345026,False,0.0
551,0.10584898293018341,False,0.0
552,0.09878786653280258,False,0.0
553,0.037700362503528595,False,0.0
554,0.10602487623691559,False,0.0
555,0.10836183279752731,False,0.0
556,0.003952720668166876,False,0.0
557,0.11929275095462799,False,0.0
558,0.5945422649383545,True,1.0
559,0.47471916675567627,False,0.0
560,0.1998046189546585,False,0.0
561,0.1211019977927208,False,0.0
562,0.007495845202356577,False,0.0
563,0.10145149379968643,False,0.0
564,0.10122533142566681,False,0.0
565,0.11032185703516006,False,0.20565202366560698
566,0.09999403357505798,False,0.0
567,0.041821446269750595,False,0.0
568,0.0025203931145370007,False,0.0
569,0.0963001400232315,False,0.0
570,0.10072275251150131,False,0.0
571,0.09959197789430618,False,0.0
572,0.10323560237884521,False,0.0
573,0.10140123218297958,False,0.0
574,0.0063399323262274265,False,0.0
575,0.0597129724919796,False,0.0
576,0.7790974378585815,True,1.0
577,0.45634889602661133,False,0.0
578,0.13137958943843842,False,0.0
579,0.2868247926235199,False,0.0
580,0.022572973743081093,False,0.0
581,0.11479474604129791,False,0.18444354459643364
582,0.028704343363642693,False,0.0
583,0.09544576704502106,False,0.0
584,0.09670218825340271,False,0.0
585,0.10069762915372849,False,0.0
586,0.006993274670094252,False,0.0
587,0.09167648106813431,False,0.0
588,0.10089866071939468,False,0.18343840539455414
589,0.03863011673092842,False,0.0
590,0.09167648106813431,False,0.0
591,0.09956684708595276,False,0.0
592,0.009179458022117615,False,0.0
593,0.10044634342193604,False,0.0
594,0.7197569012641907,True,1.0
595,0.42818328738212585,False,0.0
596,0.0807204395532608,False,0.0
597,0.09956684708595276,False,0.0
598,0.009606643579900265,False,0.0
599,0.2783564627170563,True,0.537499638274312
600,0.10089866071939468,False,0.0
601,0.08732924610376358,False,0.0
602,0.07803168147802353,False,0.0
603,0.07494086772203445,False,0.0
604,0.008224572986364365,False,0.0
605,0.03189566731452942,False,0.0
606,0.07918759435415268,False,0.0
607,0.07504138350486755,False,0.0
608,0.08964107185602188,False,0.0
609,0.10006941854953766,False,0.0
610,0.00852611567825079,False,0.0
611,0.13562630116939545,False,0.0
612,0.9283206462860107,True,1.0
613,0.17884741723537445,False,0.0
614,0.08456510305404663,False,0.0
615,0.07687576860189438,False,0.0
616,0.00930510088801384,False,0.0
617,0.10929159075021744,False,0.0
618,0.19666354358196259,False,0.3747168853878975
619,0.053757499903440475,False,0.0
620,0.06257762759923935,False,0.0
621,0.06712589412927628,False,0.0
622,0.005485561676323414,False,0.0
623,0.06642229110002518,False,0.0
624,0.06669870764017105,False,0.0
625,0.071473129093647,False,0.13197513483464718
626,0.011466155759990215,False,0.0
627,0.0603160560131073,False,0.0
628,0.0,False,0.0
629,0.05265184864401817,False,0.0
630,0.824830174446106,True,1.0
631,0.2895386815071106,False,0.0
632,0.0849420353770256,False,0.0
633,0.061396580189466476,False,0.0
634,0.007470716722309589,False,0.0
635,0.0709705576300621,False,0.0
636,0.07481522858142853,False,0.0
637,0.22850142419338226,True,0.44206141494214535
638,0.07504138350486755,False,0.0
639,0.04662099480628967,False,0.0
640,0.004982990678399801,False,0.0
641,0.021165775135159492,False,0.0
642,0.03908243402838707,False,0.0
643,0.05290313437581062,False,0.0
644,0.053204674273729324,False,0.0
645,0.06368327885866165,False,0.0
646,0.005787104368209839,False,0.0
647,0.0732823833823204,False,0.0
648,0.6279522180557251,True,1.0
649,0.46202507615089417,False,0.0
650,0.19151219725608826,False,0.0
651,0.09217905253171921,False,0.0
652,0.009254843927919865,False,0.0
653,0.0631304532289505,False,0.0
654,0.05765242502093315,False,0.0
655,0.2248326539993286,True,0.4311556201428175
656,0.10205457359552383,False,0.0
657,0.07265417277812958,False,0.0
658,0.005963004194200039,False,0.0
659,0.06280378252267838,False,0.0
660,0.06418585032224655,False,0.0
661,0.06740230321884155,False,0.0
662,0.025839686393737793,False,0.0
663,0.07285519689321518,False,0.0
664,0.006917888764292002,False,0.0
665,0.08278097957372665,False,0.0
666,0.5648585557937622,True,1.0
667,0.48020195960998535,False,0.0
668,0.16163435578346252,False,0.0
669,0.039509616792201996,False,0.0
670,0.0023444932885468006,False,0.0
671,0.0595119409263134,False,0.0
672,0.06843257695436478,False,0.0
673,0.0685582160949707,False,0.0
674,0.3016757667064667,True,0.5902696112170815
675,0.13660632073879242,False,0.0
676,0.011189742013812065,False,0.0
677,0.034936223179101944,False,0.0
678,0.05634574219584465,False,0.0
679,0.061798639595508575,False,0.0
680,0.06973925977945328,False,0.0
681,0.0801173523068428,False,0.0
682,0.006540961097925901,False,0.0
683,0.08918875455856323,False,0.0
684,0.9276667833328247,True,1.0
685,0.19636200368404388,False,0.0
686,0.10919107496738434,False,0.0
687,0.0824291780591011,False,0.0
688,0.008877916261553764,False,0.0
689,0.09275700896978378,False,0.12157191336154938
690,0.070870041847229,False,0.0
691,0.031971052289009094,False,0.0
692,0.07104594260454178,False,0.0
693,0.10946748405694962,False,0.0
694,0.008877916261553764,False,0.0
695,0.26810401678085327,True,0.5171957742422819
696,0.10946748405694962,False,0.0
697,0.09343548119068146,False,0.0
698,0.034433651715517044,False,0.0
699,0.0844394639134407,False,0.0
700,0.009506129659712315,False,0.0
701,0.09632526338100433,False,0.0
702,0.592985212802887,True,1.0
703,0.532062292098999,False,0.0
704,0.2228977531194687,False,0.0
705,0.0639345645904541,False,0.0
706,0.006490703672170639,False,0.0
707,0.08954055607318878,False,0.0
708,0.09290777891874313,False,0.0
709,0.11323677748441696,False,0.0
710,0.11481987684965134,False,0.0
711,0.10883927345275879,False,0.0
712,0.008450730703771114,False,0.0
713,0.2758938670158386,True,0.5370473274961114
714,0.18668751418590546,False,0.0
715,0.12037327140569687,False,0.0
716,0.10733156651258469,False,0.0
717,0.10117506980895996,False,0.0
718,0.0073702032677829266,False,0.0
719,0.10150174051523209,False,0.0
720,0.9493530988693237,True,1.0
721,0.5377023816108704,False,0.0
722,0.17640994489192963,False,0.0
723,0.12193124741315842,False,0.0
724,0.00860150158405304,False,0.0
725,0.11409113556146622,False,0.0
726,0.11811170727014542,False,0.1843932718038559
727,0.025915071368217468,False,0.0
728,0.11042237281799316,False,0.0
729,0.13685761392116547,False,0.0
730,0.005259404890239239,False,0.0
731,0.1351739913225174,False,0.0
732,0.14786390960216522,False,0.16293349862098694
733,0.1389935314655304,False,0.0
734,0.06639716029167175,False,0.0
735,0.16671031713485718,False,0.0
736,0.0,False,0.0
737,0.1933717131614685,False,0.0
738,0.6036615371704102,True,1.0
739,0.5003446340560913,False,0.0
740,0.2528509795665741,False,0.0
741,0.04277632758021355,False,0.0
742,0.0019675649236887693,False,0.0
743,0.15550298988819122,False,0.0
744,0.16590620577335358,False,0.0
745,0.19098450243473053,False,0.0
746,0.17610840499401093,False,0.0
747,0.19191424548625946,False,0.0
748,0.00948100071400404,False,0.0
749,0.0454399548470974,False,0.0
750,0.8986124396324158,True,1.0
751,0.16751442849636078,False,0.0
752,0.17824432253837585,False,0.0
753,0.26797837018966675,False,0.0
754,0.0013644798891618848,False,0.0
755,0.2674506604671478,False,0.0
756,0.9553828835487366,True,1.0
757,0.41849836707115173,False,0.0
758,0.23330096900463104,False,0.0
759,0.33773523569107056,False,0.0
760,0.024206330999732018,False,0.0
761,0.21500737965106964,False,0.0
762,0.19440197944641113,False,0.0
763,0.05825551226735115,False,0.0
764,0.19452762603759766,False,0.0
765,0.30054494738578796,True,0.5526772327721119
766,0.021266289055347443,False,0.0
767,0.19626149535179138,False,0.0
768,0.18970294296741486,False,0.0
769,0.18525518476963043,False,0.0
770,0.06722640246152878,False,0.0
771,0.19611071050167084,False,0.0
772,0.01350156869739294,False,0.0
773,0.2068406194448471,False,0.0
774,0.8308203816413879,True,1.0
775,0.6659827828407288,False,0.0
776,0.2950669229030609,False,0.0
777,0.08888721466064453,False,0.0
778,0.005661461502313614,False,0.0
779,0.34718355536460876,True,0.6788728488609195
780,0.27400922775268555,False,0.0
781,0.297981858253479,False,0.0
782,0.2666968107223511,False,0.0
783,0.20344825088977814,False,0.0
784,0.009405615739524364,False,0.0
785,0.04767639562487602,False,0.0
786,0.18809472024440765,False,0.0
787,0.19100962579250336,False,0.0
788,0.2508406937122345,False,0.0
789,0.20586059987545013,False,0.0
790,0.007747130934149027,False,0.0
791,0.20440314710140228,False,0.0
792,0.7404486536979675,True,1.0
793,0.3626124858856201,False,0.0
794,0.3474096953868866,False,0.0
795,0.23450712859630585,False,0.0
796,0.01088819932192564,False,0.0
797,0.6277803778648376,True,1.0
798,0.31009382009506226,False,0.0
799,0.07624755799770355,False,0.0
800,0.18078230321407318,False,0.0
801,0.3148682415485382,False,0.0
802,0.028000742197036743,False,0.0
803,0.23885439336299896,False,0.0
804,0.2659429609775543,True,0.47588443756103516
805,0.23199430108070374,False,0.0
806,0.0717746764421463,False,0.0
807,0.2000056505203247,False,0.0
808,3.266680505475961e-05,False,0.0
809,0.21121297776699066,False,0.0
810,0.7839712500572205,True,1.0
811,0.6582028269767761,False,0.0
812,0.3496461510658264,False,0.0
813,0.0713726207613945,False,0.0
814,0.005385047756135464,False,0.0
815,0.27451178431510925,False,0.0
816,0.6577379107475281,True,1.0
817,0.34989744424819946,False,0.0
818,0.3180846869945526,False,0.0
819,0.33110126852989197,False,0.0
820,0.020914491266012192,False,0.0
821,0.0600145123898983,False,0.0
822,0.2849904000759125,False,0.0
823,0.27300408482551575,False,0.0
824,0.2740343511104584,False,0.0
825,0.31250616908073425,False,0.0
826,0.018426764756441116,False,0.0
827,0.40512996912002563,False,0.0
828,0.9662770628929138,True,1.0
829,0.7063907980918884,False,0.0
830,0.34547480940818787,False,0.0
831,0.308234304189682,False,0.0
832,0.01578826643526554,False,0.0
833,0.32192936539649963,False,0.0
834,0.3860825300216675,False,0.0
835,0.14982394874095917,False,0.0
836,0.37329211831092834,False,0.0
837,0.4018130302429199,True,0.7720495276153088
838,0.023527858778834343,False,0.0
839,0.3080081641674042,False,0.0
840,0.32074829936027527,False,0.0
841,0.2892622649669647,False,0.0
842,0.308234304189682,False,0.0
843,0.09190263599157333,False,0.0
844,0.003927591722458601,False,0.0
845,0.25863054394721985,False,0.0
846,0.8506454825401306,True,1.0
847,0.6976675987243652,False,0.0
848,0.4344298839569092,False,0.0
849,0.12750978767871857,False,0.0
850,0.00895330123603344,False,0.0
851,0.11650347709655762,False,0.0
852,0.26536500453948975,False,0.0
853,0.3487163782119751,False,0.0
854,0.6182624697685242,True,1.0
855,0.37892091274261475,False,0.0
856,0.019180620089173317,False,0.0
857,0.06710076332092285,False,0.0
858,0.015009281225502491,False,0.0
859,0.3434896469116211,False,0.0
860,0.3059224784374237,False,0.0
861,0.3772875666618347,False,0.0
862,0.025311985984444618,False,0.0
863,0.3580893278121948,False,0.0
864,0.6068249940872192,True,1.0
865,0.16686110198497772,False,0.0
866,0.357863187789917,False,0.0
867,0.35220927000045776,False,0.0
868,0.006189160980284214,False,0.0
869,0.2780800461769104,False,0.0
870,0.3810819685459137,False,0.0
871,0.0786096379160881,False,0.0
872,0.019457034766674042,False,0.0
873,0.7310978174209595,True,1.0
874,0.04089168831706047,False,0.0
875,0.6495489478111267,False,0.0
876,0.3654017448425293,False,0.0
877,0.32986998558044434,False,0.0
878,0.10107455402612686,False,0.0
879,0.033679794520139694,False,0.0
880,0.0028973212465643883,False,0.0
881,0.27099379897117615,False,0.0
882,0.668433427810669,True,1.0
883,0.38585638999938965,False,0.0
884,0.43086162209510803,False,0.0
885,0.09961710125207901,False,0.0
886,0.006264546420425177,False,0.0
887,0.05745139718055725,False,0.0
888,0.24548831582069397,False,0.0
889,0.24295032024383545,False,0.0
890,0.28177395462989807,False,0.0
891,0.34846511483192444,True,0.666409095749259
892,0.015260566957294941,False,0.0
893,0.29458948969841003,False,0.0
894,0.17563095688819885,False,0.0
895,0.27152150869369507,False,0.0
896,0.37572959065437317,False,0.0
897,0.28245243430137634,False,0.0
898,0.01498415321111679,False,0.0
899,0.2849904000759125,False,0.0
900,0.9675108790397644,True,1.0
901,0.31831085681915283,False,0.0
902,0.29112178087234497,False,0.0
903,0.23548714816570282,False,0.0
904,0.016642635688185692,False,0.0
905,0.31451642513275146,True,0.5957475788891315
906,0.29569515585899353,False,0.0
907,0.06400995701551437,False,0.0
908,0.032222338020801544,False,0.0
909,0.22387777268886566,False,0.0
910,0.014029267244040966,False,0.0
911,0.2546853721141815,False,0.0
912,0.2703153192996979,False,0.0
913,0.30677685141563416,True,0.5854951683431864
914,0.10258227586746216,False,0.0
915,0.034634679555892944,False,0.0
916,0.0027465501334518194,False,0.0
917,0.2559669315814972,False,0.0
918,0.427996963262558,False,0.0
919,0.6997511982917786,True,1.0
920,0.38748976588249207,False,0.0
921,0.09705399721860886,False,0.0
922,0.010913328267633915,False,0.0
923,0.02501044236123562,False,0.0
924,0.21191656589508057,False,0.0
925,0.30202755331993103,False,0.0
926,0.3316289782524109,True,0.6306762807071209
927,0.3088373839855194,False,0.0
928,0.01774829439818859,False,0.0
929,0.08428868651390076,False,0.0
930,0.024482743814587593,False,0.0
931,0.25249919295310974,False,0.0
932,0.24767449498176575,False,0.0
933,0.2725517451763153,False,0.0
934,0.01629083789885044,False,0.0
935,0.34989744424819946,False,0.0
936,0.7107492089271545,True,1.0
937,0.1808074414730072,False,0.0
938,0.3784434497356415,False,0.0
939,0.33318695425987244,False,0.0
940,0.021467318758368492,False,0.0
941,0.28697556257247925,False,0.0
942,0.32024574279785156,True,0.5975568480789661
943,0.0742875263094902,False,0.0
944,0.017371363937854767,False,0.0
945,0.2333763688802719,False,0.0
946,0.0028721927665174007,False,0.0
947,0.22706909477710724,False,0.0
948,0.25109198689460754,False,0.0
949,0.3039121925830841,True,0.6001702300272882
950,0.24815194308757782,False,0.0
951,0.06147196888923645,False,0.0
952,0.003827077569440007,False,0.0
953,0.04878205060958862,False,0.0
954,0.7353261113166809,True,1.0
955,0.3279350697994232,False,0.0
956,0.4018130302429199,False,0.0
957,0.615700364112854,False,0.0
958,0.038403961807489395,False,0.0
959,0.20123694837093353,False,0.0
960,0.03244849666953087,False,0.0
961,0.22201824188232422,False,0.0
962,0.3220047652721405,True,0.5791125372052193
963,0.2914232909679413,False,0.0
964,0.01159179862588644,False,0.0
965,0.23943233489990234,False,0.0
966,0.08639948815107346,False,0.0
967,0.014431324787437916,False,0.0
968,0.25252431631088257,False,0.0
969,0.32333657145500183,False,0.0
970,0.017145207151770592,False,0.0
971,0.3192657232284546,False,0.0
972,0.9993333220481873,True,1.0
973,0.1973922699689865,False,0.0
974,0.08644974231719971,False,0.0
975,0.21234376728534698,False,0.0
976,0.01282309740781784,False,0.0
977,0.3854292035102844,True,0.7452122122049332
978,0.23681895434856415,False,0.0
979,0.324693500995636,False,0.0
980,0.06297968327999115,False,0.0
981,0.026090973988175392,False,0.0
982,0.0023947504814714193,False,0.0
983,0.2133740484714508,False,0.0
984,0.22920501232147217,False,0.0
985,0.31137534976005554,True,0.6130862608551979
986,0.2728784382343292,False,0.0
987,0.07041773200035095,False,0.0
988,0.004832219332456589,False,0.0
989,0.036594703793525696,False,0.0
990,0.7584982514381409,True,1.0
991,0.675079882144928,False,0.0
992,0.35107848048210144,False,0.0
993,0.308435320854187,False,0.0
994,0.019482163712382317,False,0.0
995,0.08059479296207428,False,0.10146907344460487
996,0.029860256239771843,False,0.0
997,0.3307746350765228,False,0.0
998,0.23830154538154602,False,0.0
999,0.23832666873931885,False,0.0
1000,0.8991026878356934,True,1.0
1001,0.39872220158576965,False,0.0
1002,0.08177583664655685,False,0.0
1003,0.023100674152374268,False,0.0
1004,0.24619190394878387,False,0.0
1005,0.23460765182971954,False,0.0
1006,0.009405615739524364,False,0.0
1007,0.23056195676326752,False,0.0
1008,0.800597608089447,True,1.0
1009,0.1888485699892044,False,0.0
1010,0.05946168303489685,False,0.0
1011,0.24106569588184357,False,0.0
1012,0.01043588574975729,False,0.0
1013,0.254559725522995,False,0.0
1014,0.24174416065216064,False,0.0
1015,0.7544070482254028,True,1.0
1016,0.19485430419445038,False,0.0
1017,0.03144335374236107,False,0.0
1018,0.0,False,0.0
1019,0.21855051815509796,False,0.0
1020,0.22930553555488586,False,0.0
1021,0.22867731750011444,False,0.0
1022,0.373342365026474,False,0.0
1023,0.07815732806921005,False,0.0
1024,0.0016911510610952973,False,0.0
1025,0.022849388420581818,False,0.0
1026,0.7453628182411194,True,1.0
1027,0.30788251757621765,False,0.0
1028,0.25119251012802124,False,0.0
1029,0.34185630083084106,False,0.0
1030,0.018803691491484642,False,0.0
1031,0.06441201269626617,False,0.0
1032,0.020663205534219742,False,0.0
1033,0.23639178276062012,False,0.0
1034,0.6773762106895447,True,1.0
1035,0.32594993710517883,False,0.0
1036,0.021266289055347443,False,0.0
1037,0.34798765182495117,False,0.0
1038,0.0792127177119255,False,0.0
1039,0.01619032397866249,False,0.0
1040,0.2566705346107483,False,0.0
1041,0.28747811913490295,False,0.0
1042,0.018326250836253166,False,0.0
1043,0.23805026710033417,False,0.0
1044,0.9650900959968567,True,1.0
1045,0.19827178120613098,False,0.0
1046,0.057526785880327225,False,0.0
1047,0.19402505457401276,False,0.0
1048,0.014959024265408516,False,0.0
1049,0.24744835495948792,False,0.0
1050,0.218977689743042,False,0.0
1051,0.29481565952301025,False,0.0
1052,0.09441549330949783,False,0.0
1053,0.42515745759010315,True,0.8203968666493893
1054,0.035891108214855194,False,0.0
1055,0.23033581674098969,False,0.0
1056,0.2160627841949463,False,0.0
1057,0.1931706815958023,False,0.0
1058,0.23453226685523987,False,0.0
1059,0.059285786002874374,False,0.0
1060,0.005259404890239239,False,0.0
1061,0.3091389238834381,False,0.0
1062,0.32052215933799744,True,0.6305255088955164
1063,0.26576706767082214,False,0.0
1064,0.1839233785867691,False,0.0
1065,0.2723507583141327,False,0.0
1066,0.018929334357380867,False,0.0
1067,0.05674780160188675,False,0.0
1068,0.2074436992406845,False,0.2986779138445854
1069,0.0581047423183918,False,0.0
1070,0.15716147422790527,False,0.0
1071,0.2114391326904297,False,0.0
1072,0.002470135921612382,False,0.0
1073,0.7292993664741516,True,1.0
1074,0.20528264343738556,False,0.0
1075,0.22563676536083221,False,0.0
1076,0.0478522963821888,False,0.0
1077,0.3762321472167969,False,0.0
1078,0.027523299679160118,False,0.0
1079,0.19271837174892426,False,0.0
1080,0.9994284510612488,True,1.0
1081,0.4200060963630676,False,0.0
1082,0.0770014151930809,False,0.0
1083,0.01063691359013319,False,0.0
1084,0.0004095950280316174,False,0.0
1085,0.20498108863830566,False,0.0
1086,0.20668983459472656,False,0.0
1087,0.2256116420030594,True,0.4421116728335619
1088,0.18407414853572845,False,0.0
1089,0.06154735013842583,False,0.0
1090,0.004555805586278439,False,0.0
1091,0.022572973743081093,False,0.0
1092,0.1929696649312973,False,0.0
1093,0.16957497596740723,False,0.0
1094,0.24377956986427307,True,0.45955085940659046
1095,0.2111627161502838,False,0.0
1096,0.01400414016097784,False,0.0
1097,0.06416072696447372,False,0.0
1098,0.23812566697597504,False,0.0
1099,0.4233733117580414,True,0.8241158537566662
1100,0.2874027192592621,False,0.0
1101,0.2268178015947342,False,0.0
1102,0.01131538487970829,False,0.0
1103,0.2119417041540146,False,0.0
1104,0.05895911529660225,False,0.0
1105,0.03395621106028557,False,0.0
1106,0.1947789043188095,False,0.0
1107,0.2131730169057846,False,0.0
1108,0.012320526875555515,False,0.0
1109,0.2492324560880661,True,0.46804429218173027
1110,0.23151683807373047,False,0.0
1111,0.06999054551124573,False,0.0
1112,0.023527858778834343,False,0.0
1113,0.22485779225826263,False,0.0
1114,0.015210309997200966,False,0.0
1115,0.22417931258678436,False,0.0
1116,0.644209623336792,False,0.0
1117,0.6590797901153564,True,1.0
1118,0.15057779848575592,False,0.0
1119,0.17120833694934845,False,0.0
1120,0.01194359827786684,False,0.0
1121,0.23920617997646332,False,0.0
1122,0.23983441293239594,False,0.0
1123,0.2851411700248718,True,0.54639514349401
1124,0.2767733633518219,False,0.0
1125,0.0642361119389534,False,0.0
1126,0.006390189286321402,False,0.0
1127,0.02475915662944317,False,0.0
1128,0.2608921229839325,False,0.0
1129,0.2785072326660156,False,0.0
1130,0.6954677104949951,True,1.0
1131,0.3369562327861786,False,0.0
1132,0.021492447704076767,False,0.0
1133,0.0963001400232315,False,0.0
1134,0.40294381976127625,False,0.0
1135,0.4181717336177826,False,0.0
1136,0.3345690369606018,False,0.0
1137,0.7992332577705383,True,1.0
1138,0.03355415165424347,False,0.0
1139,0.6563407778739929,False,0.0
1140,0.10037095844745636,False,0.0
1141,0.020612947642803192,False,0.0
1142,0.26634499430656433,False,0.0
1143,0.41500553488731384,True,0.7784824669361115
1144,0.025764301419258118,False,0.0
1145,0.330121248960495,False,0.0
1146,0.2625254690647125,False,0.0
1147,0.08933952450752258,False,0.0
1148,0.031568996608257294,False,0.0
1149,0.42277026176452637,False,0.0
1150,0.02501044236123562,False,0.0
1151,0.3644971251487732,False,0.0
1152,0.973594069480896,True,1.0
1153,0.37703627347946167,False,0.0
1154,0.11951891332864761,False,0.0
1155,0.047475364059209824,False,0.0
1156,0.005309661850333214,False,0.0
1157,0.28456321358680725,False,0.0
1158,0.3377603590488434,False,0.0
1159,0.2601131200790405,False,0.0
1160,0.38103172183036804,True,0.7514441199600697
1161,0.08034350723028183,False,0.0
1162,0.005083504598587751,False,0.0
1163,0.23945747315883636,False,0.0
1164,0.08496715873479843,False,0.0
1165,0.23533637821674347,False,0.0
1166,0.3571595847606659,False,0.0
1167,0.24516165256500244,False,0.0
1168,0.00973228644579649,False,0.0
1169,0.0768003836274147,False,0.0
1170,0.9642475247383118,True,1.0
1171,0.2693604528903961,False,0.0
1172,0.29840904474258423,False,0.0
1173,0.2817990779876709,False,0.0
1174,0.013200025074183941,False,0.0
1175,0.2804923951625824,False,0.0
1176,0.057275500148534775,False,0.0
1177,0.37065359950065613,True,0.7149071488529444
1178,0.07752911001443863,False,0.0
1179,0.19261784851551056,False,0.0
1180,0.01385336834937334,False,0.0
1181,0.369547963142395,False,0.0
1182,0.23402969539165497,False,0.0
1183,0.07506651431322098,False,0.0
1184,0.19714099168777466,False,0.0
1185,0.08099684864282608,False,0.0
1186,0.007470716722309589,False,0.0
1187,0.21410277485847473,False,0.0
1188,0.8478946685791016,True,1.0
1189,0.6137239336967468,False,0.0
1190,0.14032535254955292,False,0.0
1191,0.3091389238834381,False,0.0
1192,0.023276573047041893,False,0.0
1193,0.0684577077627182,False,0.0
1194,0.1531660407781601,False,0.0
1195,0.634743332862854,True,1.0
1196,0.25202175974845886,False,0.0
1197,0.07124697417020798,False,0.0
1198,0.006063518580049276,False,0.0
1199,0.20256875455379486,False,0.0
1200,0.06230120733380318,False,0.0
1201,0.19560815393924713,False,0.0
1202,0.435284286737442,False,0.0
1203,0.2525494396686554,False,0.0
1204,0.01463235355913639,False,0.0
1205,0.0772024393081665,False,0.0
1206,0.7123309373855591,True,1.0
1207,0.204729825258255,False,0.0
1208,0.26757630705833435,False,0.0
1209,0.2701645493507385,False,0.0
1210,0.019230877980589867,False,0.0
1211,0.37871989607810974,True,0.7189780361950397
1212,0.2685563266277313,False,0.0
1213,0.3464045524597168,False,0.0
1214,0.2311399281024933,False,0.0
1215,0.3101440668106079,False,0.0
1216,0.01850214973092079,False,0.0
1217,0.22076182067394257,False,0.0
1218,0.659780740737915,True,1.0
1219,0.078509122133255,False,0.0
1220,0.2630280554294586,False,0.0
1221,0.14457206428050995,False,0.0
1222,0.01123999897390604,False,0.0
1223,0.2602890431880951,False,0.0
1224,0.9996280670166016,True,1.0
1225,0.6822503805160522,False,0.0
1226,0.14879366755485535,False,0.0
1227,0.2955443859100342,False,0.0
1228,0.020788846537470818,False,0.0
1229,0.06428636610507965,False,0.0
1230,0.25119251012802124,False,0.0
1231,0.34336400032043457,False,0.0
1232,0.3497466742992401,True,0.6470098607242107
1233,0.29722800850868225,False,0.0
1234,0.026241743937134743,False,0.0
1235,0.6206738948822021,False,0.0
1236,0.09102313965559006,False,0.0
1237,0.2706671357154846,False,0.0
1238,0.2967756688594818,False,0.0
1239,0.7141671776771545,True,1.0
1240,0.034735195338726044,False,0.0
1241,0.10577359050512314,False,0.0
1242,0.7075798511505127,False,0.0
1243,0.13173137605190277,False,0.0
1244,0.2922274172306061,False,0.0
1245,0.30416348576545715,False,0.34486421942710876
1246,0.013828239403665066,False,0.0
1247,0.6476302146911621,False,0.0
1248,0.16057895123958588,False,0.0
1249,0.3503246009349823,False,0.0
1250,0.8995667695999146,True,1.0
1251,0.4275195598602295,False,0.0
1252,0.01619032397866249,False,0.0
1253,0.7836741209030151,False,0.0
1254,0.6811128258705139,False,0.0
1255,0.0840374082326889,False,0.0
1256,0.2901668846607208,False,0.0
1257,0.0563960038125515,False,0.0
1258,0.0,False,0.0
1259,0.24865451455116272,False,0.0
1260,0.9978750944137573,True,1.0
1261,0.8113325834274292,False,0.0
1262,0.1404007375240326,False,0.0
1263,0.30858609080314636,False,0.0
1264,0.023477602750062943,False,0.0
1265,0.3079076409339905,False,0.0
1266,0.0760967805981636,False,0.0
1267,0.2863976061344147,False,0.0
1268,0.36223554611206055,True,0.6775158867239952
1269,0.09790836274623871,False,0.0
1270,0.0010126801207661629,False,0.0
1271,0.28534218668937683,False,0.0
1272,0.29599669575691223,False,0.0
1273,0.1291431486606598,False,0.0
1274,0.2942377030849457,False,0.0
1275,0.36283862590789795,False,0.0
1276,0.020060120150446892,False,0.0
1277,0.10986953973770142,False,0.0
1278,0.7132816910743713,False,0.0
1279,0.7376963496208191,True,1.0
1280,0.14856751263141632,False,0.0
1281,0.3056963384151459,False,0.0
1282,0.019733449444174767,False,0.0
1283,0.44556185603141785,False,0.0
1284,0.09831041842699051,False,0.0
1285,0.33439311385154724,True,0.47216539084911346
1286,0.31157639622688293,False,0.0
1287,0.07441317290067673,False,0.0
1288,0.0,False,0.0
1289,0.3218037188053131,False,0.0
1290,0.3506261706352234,True,0.5022191554307938
1291,0.09951659291982651,False,0.0
1292,0.31831085681915283,False,0.0
1293,0.37942346930503845,False,0.0
1294,0.021090390160679817,False,0.0
1295,0.11826248466968536,False,0.0
1296,0.9995034337043762,True,1.0
1297,0.7947914600372314,False,0.0
1298,0.06586946547031403,False,0.0
1299,0.41450294852256775,False,0.0
1300,0.031971052289009094,False,0.0
1301,0.3652007281780243,True,0.6664593517780304
1302,0.07471471279859543,False,0.0
1303,0.31800931692123413,False,0.0
1304,0.32718122005462646,False,0.0
1305,0.08717846870422363,False,0.0
1306,0.00850098766386509,False,0.0
1307,0.24292521178722382,False,0.0
1308,0.3055958151817322,True,0.41075123846530914
1309,0.1002201959490776,False,0.0
1310,0.2805175185203552,False,0.0
1311,0.3279099464416504,False,0.0
1312,0.021291418001055717,False,0.0
1313,0.13072624802589417,False,0.0
1314,0.9442690014839172,True,1.0
1315,0.7111620306968689,False,0.0
1316,0.16658467054367065,False,0.0
1317,0.2569720447063446,False,0.0
1318,0.01910523511469364,False,0.0
1319,0.6676515936851501,True,1.0
1320,0.2951423227787018,False,0.0
1321,0.07657422870397568,False,0.0
1322,0.25732386112213135,False,0.0
1323,0.09984325617551804,False,0.0
1324,0.01046101376414299,False,0.0
1325,0.2645106315612793,False,0.0
1326,0.3600996434688568,True,0.682441134005785
1327,0.288131445646286,False,0.0
1328,0.09423959255218506,False,0.0
1329,0.2626008689403534,False,0.0
1330,0.018879076465964317,False,0.0
1331,0.09160109609365463,False,0.0
1332,0.7760536074638367,True,1.0
1333,0.7481539249420166,False,0.0
1334,0.43236932158470154,False,0.0
1335,0.11750862747430801,False,0.0
1336,0.01088819932192564,False,0.0
1337,0.6606826782226562,True,1.0
1338,0.18535570800304413,False,0.0
1339,0.2758687436580658,False,0.0
1340,0.6502252817153931,False,0.0
1341,0.3153707981109619,False,0.0
1342,0.021567832678556442,False,0.0
1343,0.12142868340015411,False,0.0
1344,0.2942628264427185,False,0.3406928479671478
1345,0.12391640245914459,False,0.0
1346,0.3425096273422241,False,0.0
1347,0.33391568064689636,False,0.0
1348,0.022145789116621017,False,0.0
1349,0.29820799827575684,False,0.0
1350,0.6550743579864502,True,1.0
1351,0.3695228397846222,False,0.0
1352,0.09954171627759933,False,0.0
1353,0.2950417995452881,False,0.0
1354,0.01764777861535549,False,0.0
1355,0.3658791780471802,False,0.0
1356,0.6678850650787354,True,1.0
1357,0.2101575881242752,False,0.0
1358,0.2780549228191376,False,0.0
1359,0.11665425449609756,False,0.0
1360,0.00983280036598444,False,0.0
1361,0.2348589450120926,False,0.0
1362,0.4040243327617645,True,0.7770249601453543
1363,0.2808190584182739,False,0.0
1364,0.10170277208089828,False,0.0
1365,0.2958710491657257,False,0.0
1366,0.015511852689087391,False,0.0
1367,0.3186626434326172,False,0.0
1368,0.9473909139633179,True,1.0
1369,0.427795946598053,False,0.0
1370,0.37884554266929626,False,0.0
1371,0.12047379463911057,False,0.0
1372,0.00983280036598444,False,0.0
1373,0.3808557987213135,True,0.726114496588707
1374,0.28408578038215637,False,0.0
1375,0.27383333444595337,False,0.0
1376,0.356682151556015,False,0.0
1377,0.2639326751232147,False,0.0
1378,0.01779855042695999,False,0.0
1379,0.042374271899461746,False,0.0
1380,0.3551744222640991,True,0.6709322072565556
1381,0.2598869800567627,False,0.0
1382,0.08436407893896103,False,0.0
1383,0.32828688621520996,False,0.0
1384,0.019708318635821342,False,0.0
1385,0.2327732890844345,False,0.0
1386,0.7596899271011353,True,1.0
1387,0.40796953439712524,False,0.0
1388,0.3488420248031616,False,0.0
1389,0.0750916451215744,False,0.0
1390,0.006691732443869114,False,0.0
1391,0.3338654339313507,False,0.0
1392,0.3541441559791565,False,0.0
1393,0.10976903885602951,False,0.0
1394,0.42669031023979187,True,0.8173312060534954
1395,0.3229093849658966,False,0.0
1396,0.021417060866951942,False,0.0
1397,0.053581602871418,False,0.0
1398,0.41259318590164185,False,0.0
1399,0.24614165723323822,False,0.0
1400,0.056270357221364975,False,0.0
1401,0.2444078028202057,False,0.0
1402,0.018024707213044167,False,0.0
1403,0.23309993743896484,False,0.0
1404,0.42756983637809753,False,0.0
1405,0.6723923683166504,True,1.0
1406,0.3299202620983124,False,0.0
1407,0.07119672000408173,False,0.0
1408,0.0066414750181138515,False,0.0
1409,0.25423306226730347,False,0.0
1410,0.24850372970104218,False,0.0
1411,0.09587295353412628,False,0.0
1412,0.3018014132976532,False,0.0
1413,0.6483266353607178,True,1.0
1414,0.038554731756448746,False,0.0
1415,0.22176697850227356,False,0.0
1416,0.2498355656862259,False,0.0
1417,0.2343815118074417,False,0.0
1418,0.058004230260849,False,0.0
1419,0.38595691323280334,True,0.6948043629527092
1420,0.023653501644730568,False,0.0
1421,0.30072087049484253,False,0.0
1422,0.31388822197914124,False,0.0
1423,0.28906121850013733,False,0.0
1424,0.26147007942199707,False,0.0
1425,0.08200199156999588,False,0.0
1426,0.005837361328303814,False,0.0
1427,0.329719215631485,True,0.5132757127285004
1428,0.26722452044487,False,0.0
1429,0.0730813592672348,False,0.0
1430,0.31961753964424133,False,0.0
1431,0.401285320520401,False,0.0
1432,0.027422785758972168,False,0.0
1433,0.2905186712741852,False,0.0
1434,0.4060848653316498,True,0.7805429399013519
1435,0.2725517451763153,False,0.0
1436,0.04636971279978752,False,0.0
1437,0.27159687876701355,False,0.0
1438,0.015813395380973816,False,0.0
1439,0.24594064056873322,False,0.0
1440,0.9992362856864929,True,1.0
1441,0.39369651675224304,False,0.0
1442,0.257173091173172,False,0.0
1443,0.06451252102851868,False,0.0
1444,0.009405615739524364,False,0.0
1445,0.25812798738479614,False,0.0
1446,0.25420793890953064,False,0.0
1447,0.08647487312555313,False,0.0
1448,0.24699603021144867,False,0.0
1449,0.26609373092651367,True,0.49910321459174156
1450,0.01654212363064289,False,0.0
1451,0.08310764282941818,False,0.0
1452,0.2290291041135788,False,0.0
1453,0.23533637821674347,False,0.0
1454,0.09275700896978378,False,0.0
1455,0.25561511516571045,False,0.0
1456,0.018879076465964317,False,0.0
1457,0.4267405569553375,False,0.0
1458,0.6620550751686096,True,1.0
1459,0.364270955324173,False,0.0
1460,0.34527379274368286,False,0.0
1461,0.09964223206043243,False,0.0
1462,0.01294874120503664,False,0.0
1463,0.2219931185245514,False,0.0
1464,0.29740390181541443,True,0.5592609606683254
1465,0.09132467955350876,False,0.0
1466,0.2596608102321625,False,0.0
1467,0.24043749272823334,False,0.0
1468,0.017773421481251717,False,0.0
1469,0.12052404880523682,False,0.0
1470,0.24546317756175995,False,0.0
1471,0.3859317898750305,True,0.7319443710148335
1472,0.13072624802589417,False,0.0
1473,0.25370535254478455,False,0.0
1474,0.019959604367613792,False,0.0
1475,0.24375443160533905,False,0.0
1476,0.7925707697868347,True,1.0
1477,0.2261141985654831,False,0.0
1478,0.2860206663608551,False,0.0
1479,0.19274349510669708,False,0.0
1480,0.019281134009361267,False,0.0
1481,0.19794510304927826,False,0.0
1482,0.19882461428642273,False,0.0
1483,0.20048308372497559,False,0.0
1484,0.08257994800806046,False,0.0
1485,0.2439052164554596,True,0.44924816489219666
1486,0.019482163712382317,False,0.0
1487,0.06086888536810875,False,0.0
1488,0.21877668797969818,False,0.0
1489,0.22214388847351074,False,0.0
1490,0.21324840188026428,False,0.0
1491,0.07876040786504745,False,0.0
1492,0.010662042535841465,False,0.0
1493,0.2694609463214874,False,0.0
1494,0.660681426525116,True,1.0
1495,0.36969873309135437,False,0.0
1496,0.27370768785476685,False,0.0
1497,0.35321441292762756,False,0.0
1498,0.028252026066184044,False,0.0
1499,0.22294799983501434,False,0.0
1500,0.8991268277168274,True,1.0
1501,0.0454399548470974,False,0.0
1502,0.18098333477973938,False,0.0
1503,0.1937737613916397,False,0.0
1504,0.0,False,0.0
1505,0.18269208073616028,False,0.0
1506,0.06991516053676605,False,0.0
1507,0.22297313809394836,False,0.30254770815372467
1508,0.07169928401708603,False,0.0
1509,0.23503485321998596,False,0.0
1510,0.0,False,0.0
1511,0.32587453722953796,False,0.0
1512,0.964791476726532,True,1.0
1513,0.2160627841949463,False,0.0
1514,0.5201947093009949,False,0.0
1515,0.11105058342218399,False,0.0
1516,0.010511270724236965,False,0.0
1517,0.5140941143035889,True,1.0
1518,0.25169506669044495,False,0.0
1519,0.20319698750972748,False,0.0
1520,0.0719757005572319,False,0.0
1521,0.23249685764312744,False,0.0
1522,0.01799958012998104,False,0.0
1523,0.07853425294160843,False,0.0
1524,0.19555789232254028,False,0.0
1525,0.21550996601581573,False,0.0
1526,0.3347700536251068,False,0.0
1527,0.11142750829458237,False,0.0
1528,0.009606643579900265,False,0.0
1529,0.24656884372234344,False,0.0
1530,0.8353171348571777,True,1.0
1531,0.5026170015335083,False,0.0
1532,0.23762308061122894,False,0.0
1533,0.19369839131832123,False,0.0
1534,0.016768280416727066,False,0.0
1535,0.10180329531431198,False,0.0
1536,0.21674124896526337,False,0.0
1537,0.22656653821468353,True,0.41959651559591293
1538,0.16756469011306763,False,0.0
1539,0.16339336335659027,False,0.0
1540,0.013200025074183941,False,0.0
1541,0.15643274784088135,False,0.0
1542,0.07682551443576813,False,0.0
1543,0.21045911312103271,False,0.3931109756231308
1544,0.053556472063064575,False,0.0
1545,0.16407182812690735,False,0.0
1546,0.013903625309467316,False,0.0
1547,0.16831855475902557,False,0.0
1548,0.6933797597885132,True,1.0
1549,0.27039071917533875,False,0.0
1550,0.29670029878616333,False,0.0
1551,0.08185122162103653,False,0.0
1552,0.0,False,0.0
1553,0.15691018104553223,False,0.0
1554,0.16889649629592896,False,0.0
1555,0.5348402857780457,True,1.0
1556,0.15479938685894012,False,0.0
1557,0.20701651275157928,False,0.0
1558,0.01438106782734394,False,0.0
1559,0.1736709326505661,False,0.0
1560,0.04559072479605675,False,0.0
1561,0.15944817662239075,False,0.0
1562,0.16223745048046112,False,0.0
1563,0.07622242718935013,False,0.0
1564,0.010209728963673115,False,0.0
1565,0.22003309428691864,False,0.0
1566,0.5978256464004517,True,1.0
1567,0.16364464163780212,False,0.0
1568,0.1630164235830307,False,0.0
1569,0.1677405834197998,False,0.0
1570,0.01269745547324419,False,0.0
1571,0.04762613773345947,False,0.0
1572,0.2304614633321762,False,0.0
1573,0.21420326828956604,False,0.0
1574,0.24197033047676086,True,0.45854575000703335
1575,0.24176929891109467,False,0.0
1576,0.005158890504390001,False,0.0
1577,0.18882344663143158,False,0.0
1578,0.18721520900726318,False,0.0
1579,0.19209015369415283,False,0.0
1580,0.2169925421476364,False,0.0
1581,0.10632641613483429,False,0.0
1582,0.009355357848107815,False,0.0
1583,0.3280355930328369,False,0.0
1584,0.9605610370635986,True,1.0
1585,0.6090790033340454,False,0.0
1586,0.2279234677553177,False,0.0
1587,0.1926681101322174,False,0.0
1588,0.01063691359013319,False,0.0
1589,0.0765993520617485,False,0.0
1590,0.1977943331003189,False,0.0
1591,0.1898537129163742,False,0.0
1592,0.2051318734884262,False,0.0
1593,0.2637065351009369,False,0.0
1594,0.01603955216705799,False,0.0
1595,0.4952344298362732,True,0.9650236926972866
1596,0.0696638748049736,False,0.0
1597,0.19141168892383575,False,0.0
1598,0.19570867717266083,False,0.0
1599,0.3167780339717865,False,0.0
1600,0.01272258348762989,False,0.0
1601,0.2878550589084625,False,0.0
1602,0.5500364303588867,True,1.0
1603,0.1405012458562851,False,0.0
1604,0.2261141985654831,False,0.0
1605,0.2179725617170334,False,0.0
1606,0.01229539792984724,False,0.0
1607,0.24458368122577667,False,0.0
1608,0.2518458366394043,False,0.0
1609,0.2683301866054535,False,0.0
1610,0.0777050107717514,False,0.0
1611,0.20897653698921204,False,0.0
1612,0.011968727223575115,False,0.0
1613,0.6358855366706848,True,1.0
1614,0.3110487163066864,False,0.0
1615,0.20244312286376953,False,0.0
1616,0.561566948890686,False,0.0
1617,0.08712821453809738,False,0.0
1618,0.007571231108158827,False,0.0
1619,0.19553276896476746,False,0.0
1620,0.9996305704116821,True,1.0
1621,0.5458608865737915,False,0.0
1622,0.22606395184993744,False,0.0
1623,0.1777920126914978,False,0.0
1624,0.009355357848107815,False,0.0
1625,0.0435301847755909,False,0.0
1626,0.18417465686798096,False,0.34551751613616943
1627,0.18143564462661743,False,0.0
1628,0.1803048700094223,False,0.0
1629,0.17666123807430267,False,0.0
1630,0.01141589879989624,False,0.0
1631,0.18002845346927643,False,0.28405309468507767
1632,0.038001906126737595,False,0.0
1633,0.17359553277492523,False,0.0
1634,0.1530655175447464,False,0.0
1635,0.19595995545387268,False,0.0
1636,0.002369621768593788,False,0.0
1637,0.2017143964767456,False,0.0
1638,0.5622591376304626,True,1.0
1639,0.24272418022155762,False,0.0
1640,0.2595100402832031,False,0.0
1641,0.17191193997859955,False,0.0
1642,0.01111435703933239,False,0.0
1643,0.2160627841949463,True,0.4098968543112278
1644,0.1732688695192337,False,0.0
1645,0.19510558247566223,False,0.0
1646,0.07441317290067673,False,0.0
1647,0.15864406526088715,False,0.0
1648,0.011466155759990215,False,0.0
1649,0.16447387635707855,False,0.0
1650,0.17060524225234985,False,0.0
1651,0.18369720876216888,False,0.34446210600435734
1652,0.17806842923164368,False,0.0
1653,0.0804188922047615,False,0.0
1654,0.006314803846180439,False,0.0
1655,0.2128714621067047,False,0.0
1656,0.9183863997459412,True,1.0
1657,0.31660211086273193,False,0.0
1658,0.21169042587280273,False,0.0
1659,0.322281152009964,False,0.0
1660,0.026794571429491043,False,0.0
1661,0.0685582160949707,False,0.0
1662,0.14379309117794037,False,0.0
1663,0.17291706800460815,False,0.2922449931502342
1664,0.15653325617313385,False,0.0
1665,0.16344361007213593,False,0.0
1666,0.01309951115399599,False,0.0
1667,0.15841789543628693,False,0.0
1668,0.09263136237859726,False,0.0
1669,0.16208666563034058,False,0.29797430895268917
1670,0.1456274688243866,False,0.0
1671,0.13655607402324677,False,0.0
1672,0.008928172290325165,False,0.0
1673,0.18324491381645203,False,0.0
1674,0.8073082566261292,True,1.0
1675,0.19203989207744598,False,0.0
1676,0.1521608978509903,False,0.0
1677,0.18575775623321533,False,0.0
1678,0.014456452801823616,False,0.0
1679,0.2955443859100342,True,0.5621758662164211
1680,0.1529649943113327,False,0.0
1681,0.12766055762767792,False,0.0
1682,0.08074557036161423,False,0.0
1683,0.11926762014627457,False,0.0
1684,0.008400472812354565,False,0.0
1685,0.1342693716287613,False,0.0
1686,0.13097752630710602,False,0.0
1687,0.13429449498653412,False,0.0
1688,0.16686110198497772,False,0.0
1689,0.09632526338100433,False,0.0
1690,0.012069241143763065,False,0.0
1691,0.19151219725608826,False,0.0
1692,0.9561131596565247,True,1.0
1693,0.2294311821460724,False,0.0
1694,0.1478387862443924,False,0.0
1695,0.1289421170949936,False,0.0
1696,0.010988714173436165,False,0.0
1697,0.043831728398799896,False,0.0
1698,0.2914232909679413,True,0.5608691535890102
1699,0.15756353735923767,False,0.0
1700,0.12962059676647186,False,0.0
1701,0.13901865482330322,False,0.0
1702,0.010410756804049015,False,0.0
1703,0.13168112933635712,False,0.15207796543836594
1704,0.05564214661717415,False,0.0
1705,0.13233447074890137,False,0.0
1706,0.14037559926509857,False,0.0
1707,0.13753607869148254,False,0.0
1708,0.011516413651406765,False,0.0
1709,0.14447155594825745,False,0.0
1710,0.8173871040344238,True,1.0
1711,0.3292417526245117,False,0.0
1712,0.20143797993659973,False,0.0
1713,0.1591968834400177,False,0.0
1714,0.01332566887140274,False,0.0
1715,0.18085770308971405,False,0.0
1716,0.15148241817951202,False,0.0
1717,0.3174564838409424,True,0.6082616299390793
1718,0.07044286280870438,False,0.0
1719,0.1346714347600937,False,0.0
1720,0.01204411219805479,False,0.0
1721,0.12909288704395294,False,0.0
1722,0.14256177842617035,False,0.2610353324562311
1723,0.13690786063671112,False,0.0
1724,0.13293755054473877,False,0.0
1725,0.07300596684217453,False,0.0
1726,0.008224572986364365,False,0.0
1727,0.13288728892803192,False,0.0
1728,0.7121891379356384,True,1.0
1729,0.49798133969306946,False,0.0
1730,0.23086349666118622,False,0.0
1731,0.16507695615291595,False,0.0
1732,0.016416480764746666,False,0.0
1733,0.04903333634138107,False,0.0
1734,0.11758400499820709,False,0.0
1735,0.4632652699947357,True,0.8936975784599781
1736,0.1862352043390274,False,0.0
1737,0.14042586088180542,False,0.0
1738,0.01357695460319519,False,0.0
1739,0.11092495173215866,False,0.0
1740,0.0575016550719738,False,0.0
1741,0.13012315332889557,False,0.23309239745140076
1742,0.11278446018695831,False,0.0
1743,0.12766055762767792,False,0.0
1744,0.012245140969753265,False,0.0
1745,0.12730875611305237,False,0.0
1746,0.6247885823249817,False,0.0
1747,0.22081208229064941,False,0.0
1748,0.1313544511795044,False,0.0
1749,0.12107688188552856,False,0.0
1750,0.8997039794921875,True,1.0
1751,0.1531660407781601,False,0.0
1752,0.18621008098125458,False,0.0
1753,0.1555783748626709,False,0.0
1754,0.2283255159854889,False,0.0
1755,0.1781940758228302,False,0.0
1756,0.00023369518748950213,False,0.0
1757,0.09753143042325974,False,0.0
1758,0.10537153482437134,False,0.0
1759,0.10338637977838516,False,0.0
1760,0.1279369741678238,False,0.0
1761,0.058632440865039825,False,0.0
1762,0.0,False,0.0
1763,0.09265649318695068,False,0.0
1764,0.9396719336509705,True,1.0
1765,0.26255059242248535,False,0.0
1766,0.19475378096103668,False,0.0
1767,0.13449552655220032,False,0.0
1768,0.00998357217758894,False,0.0
1769,0.0871533453464508,False,0.0
1770,0.1446223258972168,False,0.0
1771,0.13349038362503052,False,0.0
1772,0.14499925076961517,False,0.0
1773,0.1712585836648941,False,0.0
1774,0.012772840447723866,False,0.0
1775,0.41752660274505615,True,0.8118696082383394
1776,0.06486432254314423,False,0.0
1777,0.1414058655500412,False,0.0
1778,0.13806377351284027,False,0.0
1779,0.1478387862443924,False,0.0
1780,0.01159179862588644,False,0.0
1781,0.1406017541885376,False,0.0
1782,0.6203460693359375,True,1.0
1783,0.200910285115242,False,0.0
1784,0.16294103860855103,False,0.0
1785,0.12730875611305237,False,0.0
1786,0.007923031225800514,False,0.0
1787,0.14409463107585907,False,0.0
1788,0.19352248311042786,False,0.0
1789,0.22365160286426544,False,0.0
1790,0.08069530874490738,False,0.0
1791,0.13208317756652832,False,0.0
1792,0.007445588707923889,False,0.0
1793,0.5286179184913635,True,1.0
1794,0.24116621911525726,False,0.0
1795,0.13781248033046722,False,0.0
1796,0.12560002505779266,False,0.0
1797,0.03601674735546112,False,0.0
1798,0.0022188506554812193,False,0.0
1799,0.11519680172204971,False,0.0
1800,0.947417140007019,True,1.0
1801,0.5009974241256714,False,0.0
1802,0.19837228953838348,False,0.0
1803,0.15221114456653595,False,0.0
1804,0.017371363937854767,False,0.0
1805,0.14630594849586487,False,0.15569648146629333
1806,0.0684577077627182,False,0.0
1807,0.14384333789348602,False,0.0
1808,0.1629159152507782,False,0.0
1809,0.14148126542568207,False,0.0
1810,0.01370259653776884,False,0.0
1811,0.170554980635643,False,0.1891174167394638
1812,0.14615516364574432,False,0.0
1813,0.0759962722659111,False,0.0
1814,0.16856983304023743,False,0.0
1815,0.23511023819446564,False,0.0
1816,0.023176059126853943,False,0.0
1817,0.2682296633720398,False,0.0
1818,0.6578433513641357,True,1.0
1819,0.4148530662059784,False,0.0
1820,0.14957265555858612,False,0.0
1821,0.13565143942832947,False,0.0
1822,0.009179458022117615,False,0.0
1823,0.17276631295681,False,0.32717370986938477
1824,0.16967548429965973,False,0.0
1825,0.15665890276432037,False,0.0
1826,0.15354296565055847,False,0.0
1827,0.0617232508957386,False,0.0
1828,0.005636333022266626,False,0.0
1829,0.15904611349105835,False,0.0
1830,0.155075803399086,False,0.0
1831,0.15783993899822235,False,0.0
1832,0.19221580028533936,False,0.0
1833,0.1617097407579422,False,0.0
1834,0.011013842187821865,False,0.0
1835,0.09896375983953476,False,0.0
1836,0.9543740749359131,True,1.0
1837,0.22978296875953674,False,0.0
1838,0.14384333789348602,False,0.0
1839,0.28305551409721375,False,0.0
1840,0.027347400784492493,False,0.0
1841,0.13693299889564514,False,0.0
1842,0.04335428401827812,False,0.0
1843,0.13844071328639984,False,0.0
1844,0.1403002142906189,False,0.0
1845,0.15874457359313965,False,0.2627943456172943
1846,0.014406196773052216,False,0.0
1847,0.15022599697113037,False,0.0
1848,0.14711005985736847,False,0.0
1849,0.06438688188791275,False,0.0
1850,0.12921853363513947,False,0.0
1851,0.1597999781370163,False,0.0
1852,0.0,False,0.0
1853,0.1608051061630249,False,0.0
1854,0.847578763961792,True,1.0
1855,0.49445006251335144,False,0.0
1856,0.10552231222391129,False,0.0
1857,0.14675824344158173,False,0.0
1858,0.00912920106202364,False,0.0
1859,0.29893672466278076,True,0.5796150472015142
1860,0.16387079656124115,False,0.0
1861,0.13271139562129974,False,0.0
1862,0.13271139562129974,False,0.0
1863,0.0573006272315979,False,0.0
1864,0.004178877454251051,False,0.0
1865,0.13381706178188324,False,0.0
1866,0.14133048057556152,False,0.2638497296720743
1867,0.13042469322681427,False,0.0
1868,0.13831506669521332,False,0.0
1869,0.13050007820129395,False,0.0
1870,0.009405615739524364,False,0.0
1871,0.062049925327301025,False,0.0
1872,0.6477087736129761,True,1.0
1873,0.26023876667022705,False,0.0
1874,0.2969767153263092,False,0.0
1875,0.23980927467346191,False,0.0
1876,0.022296560928225517,False,0.0
1877,0.29167458415031433,True,0.5387560464441776
1878,0.1446223258972168,False,0.0
1879,0.11791068315505981,False,0.0
1880,0.11564910411834717,False,0.0
1881,0.12057431042194366,False,0.0
1882,0.00953125860542059,False,0.0
1883,0.13585245609283447,False,0.25264239497482777
1884,0.13283704221248627,False,0.0
1885,0.05503905937075615,False,0.0
1886,0.13311345875263214,False,0.0
1887,0.1259266883134842,False,0.0
1888,0.009254843927919865,False,0.0
1889,0.15087933838367462,False,0.0
1890,0.620231032371521,True,1.0
1891,0.19844767451286316,False,0.0
1892,0.039811160415410995,False,0.0
1893,0.11203060299158096,False,0.0
1894,0.009405615739524364,False,0.0
1895,0.15726198256015778,False,0.0
1896,0.4806215167045593,True,0.9424318019300699
1897,0.25370535254478455,False,0.0
1898,0.07813219726085663,False,0.0
1899,0.05725036934018135,False,0.0
1900,0.0065912180580198765,False,0.0
1901,0.09780784696340561,False,0.0
1902,0.15766404569149017,False,0.0
1903,0.14937162399291992,False,0.0
1904,0.1875418871641159,False,0.0
1905,0.09795861691236496,False,0.0
1906,0.01174257043749094,False,0.0
1907,0.09903914481401443,False,0.0
1908,0.9288349151611328,True,1.0
1909,0.2308383733034134,False,0.0
1910,0.11683014780282974,False,0.0
1911,0.1606040894985199,False,0.0
1912,0.01166718453168869,False,0.0
1913,0.0483548641204834,False,0.0
1914,0.015461595728993416,False,0.0
1915,0.10308483988046646,False,0.0
1916,0.24626730382442474,True,0.4692002385854721
1917,0.12715798616409302,False,0.0
1918,0.01201898418366909,False,0.0
1919,0.17163550853729248,False,0.0
1920,0.06308019161224365,False,0.0
1921,0.03285055235028267,False,0.0
1922,0.11142750829458237,False,0.0
1923,0.12740926444530487,False,0.0
1924,0.006968145724385977,False,0.0
1925,0.11471935361623764,False,0.0
1926,0.8376164436340332,True,1.0
1927,0.5403060913085938,False,0.0
1928,0.11095007508993149,False,0.0
1929,0.11132700741291046,False,0.0
1930,0.010762556456029415,False,0.0
1931,0.1262282282114029,False,0.0
1932,0.12175535410642624,False,0.0
1933,0.10434126853942871,False,0.0
1934,0.10094892233610153,False,0.0
1935,0.19048193097114563,False,0.35943874903023243
1936,0.01744675077497959,False,0.0
1937,0.10544692724943161,False,0.0
1938,0.10605000704526901,False,0.0
1939,0.11054801940917969,False,0.0
1940,0.14024995267391205,False,0.0
1941,0.11265881359577179,False,0.0
1942,0.00963177252560854,False,0.0
1943,0.07868502289056778,False,0.0
1944,0.6648189425468445,True,1.0
1945,0.22355107963085175,False,0.0
1946,0.1334652602672577,False,0.0
1947,0.1658308207988739,False,0.0
1948,0.012320526875555515,False,0.0
1949,0.11112596839666367,False,0.0
1950,0.04707331210374832,False,0.0
1951,0.10549718141555786,False,0.0
1952,0.10446690768003464,False,0.0
1953,0.44582995772361755,True,0.8670188616961241
1954,0.03084026835858822,False,0.0
1955,0.2315419763326645,False,0.0
1956,0.11182957142591476,False,0.0
1957,0.0489579513669014,False,0.0
1958,0.10630130022764206,False,0.0
1959,0.12072507292032242,False,0.0
1960,0.012320526875555515,False,0.0
1961,0.11979532241821289,False,0.0
1962,0.45915845036506653,True,0.893675846979022
1963,0.1460295170545578,False,0.0
1964,0.04790255054831505,False,0.0
1965,0.07280494272708893,False,0.0
1966,0.007546102162450552,False,0.0
1967,0.11660399287939072,False,0.0
1968,0.13504835963249207,False,0.0
1969,0.14831621944904327,False,0.0
1970,0.11547321081161499,False,0.0
1971,0.0401127003133297,False,0.0
1972,0.003751691896468401,False,0.0
1973,0.4580764174461365,True,0.8953313212841749
1974,0.19462813436985016,False,0.0
1975,0.11966967582702637,False,0.0
1976,0.13793812692165375,False,0.0
1977,0.09818477928638458,False,0.0
1978,0.010410756804049015,False,0.0
1979,0.015461595728993416,False,0.0
1980,0.9459952116012573,True,1.0
1981,0.504147469997406,False,0.0
1982,0.23340149223804474,False,0.0
1983,0.1306508630514145,False,0.0
1984,0.01018460001796484,False,0.0
1985,0.09785810858011246,False,0.0
1986,0.04227375611662865,False,0.0
1987,0.12658002972602844,False,0.0
1988,0.1400991976261139,False,0.2598291952162981
1989,0.09999403357505798,False,0.0
1990,0.007395331747829914,False,0.0
1991,0.12856517732143402,False,0.0
1992,0.11655373871326447,False,0.0
1993,0.0562954843044281,False,0.0
1994,0.12758517265319824,False,0.14257937669754028
1995,0.12728363275527954,False,0.0
1996,0.008702016435563564,False,0.0
1997,0.1283390372991562,False,0.0
1998,0.518569827079773,False,0.0
1999,0.5366477966308594,False,0.0
2000,0.8997707366943359,True,1.0
2001,0.0043296488001942635,False,0.0
2002,0.0,False,0.0
2003,0.10318535566329956,False,0.0
2004,0.11906659603118896,False,0.0
2005,0.1316559910774231,False,0.0
2006,0.1514572948217392,False,0.3029145896434784
2007,0.0425250418484211,False,0.0
2008,0.0,False,0.0
2009,0.0073702032677829266,False,0.0
2010,0.10934185236692429,False,0.0
2011,0.14869314432144165,False,0.0
2012,0.14414487779140472,False,0.0
2013,0.19379888474941254,False,0.0
2014,0.0,False,0.0
2015,0.08315790444612503,False,0.0
2016,0.7617151737213135,True,1.0
2017,0.34756049513816833,False,0.0
2018,0.23990976810455322,False,0.0
2019,0.29438847303390503,False,0.0
2020,0.022849388420581818,False,0.0
2021,0.22350084781646729,True,0.40130291879177094
2022,0.06526637822389603,False,0.0
2023,0.037097275257110596,False,0.0
2024,0.1802043467760086,False,0.0
2025,0.17304271459579468,False,0.0
2026,0.01385336834937334,False,0.0
2027,0.1931706815958023,False,0.0
2028,0.23096401989459991,True,0.43422130309045315
2029,0.0798158049583435,False,0.0
2030,0.060491956770420074,False,0.0
2031,0.16610723733901978,False,0.0
2032,0.01219488400965929,False,0.0
2033,0.25744950771331787,False,0.0
2034,0.7685508131980896,True,1.0
2035,0.6280650496482849,False,0.0
2036,0.12358973175287247,False,0.0
2037,0.06941258907318115,False,0.0
2038,0.005334790330380201,False,0.0
2039,0.32816123962402344,False,0.0
2040,0.21588687598705292,False,0.0
2041,0.19198964536190033,False,0.0
2042,0.34607788920402527,True,0.6759076584130526
2043,0.09052056819200516,False,0.0
2044,0.008124059997498989,False,0.0
2045,0.0637335404753685,False,0.0
2046,0.1986989676952362,False,0.0
2047,0.20390057563781738,False,0.0
2048,0.27508974075317383,False,0.0
2049,0.26722452044487,False,0.0
2050,0.018301120027899742,False,0.0
2051,0.15585479140281677,False,0.0
2052,0.9430290460586548,True,1.0
2053,0.5828167200088501,False,0.0
2054,0.2380000203847885,False,0.0
2055,0.22141516208648682,False,0.0
2056,0.017924193292856216,False,0.0
2057,0.27943700551986694,True,0.5230256244540215
2058,0.20038257539272308,False,0.0
2059,0.04521379992365837,False,0.0
2060,0.19389940798282623,False,0.0
2061,0.19291940331459045,False,0.0
2062,0.017069822177290916,False,0.0
2063,0.2988613545894623,True,0.5634322948753834
2064,0.2580525875091553,False,0.0
2065,0.08702769875526428,False,0.0
2066,0.043479930609464645,False,0.0
2067,0.18877318501472473,False,0.0
2068,0.017145207151770592,False,0.0
2069,0.21400225162506104,False,0.0
2070,0.8980710506439209,True,1.0
2071,0.6692987680435181,False,0.0
2072,0.11419165134429932,False,0.0
2073,0.06878437846899033,False,0.0
2074,0.00852611567825079,False,0.0
2075,0.25842952728271484,False,0.0
2076,0.21083605289459229,False,0.0
2077,0.30775687098503113,True,0.5984615106135607
2078,0.2291296273469925,False,0.0
2079,0.0786096379160881,False,0.0
2080,0.007747130934149027,False,0.0
2081,0.04028860107064247,False,0.0
2082,0.16949959099292755,False,0.0
2083,0.18842138350009918,False,0.0
2084,0.1900547444820404,False,0.0
2085,0.5031141042709351,False,0.0
2086,0.026392513886094093,False,0.0
2087,0.10615052282810211,False,0.0
2088,0.6602939367294312,True,1.0
2089,0.30263063311576843,False,0.0
2090,0.310445636510849,False,0.0
2091,0.2871263325214386,False,0.0
2092,0.024256587028503418,False,0.0
2093,0.2609926164150238,False,0.0
2094,0.04053988680243492,False,0.0
2095,0.26699838042259216,True,0.4854835867881775
2096,0.2533535659313202,False,0.0
2097,0.17269091308116913,False,0.0
2098,0.01078768540173769,False,0.0
2099,0.2768990099430084,False,0.0
2100,0.3154713213443756,True,0.6093672718852758
2101,0.20759446918964386,False,0.0
2102,0.07162389904260635,False,0.0
2103,0.04971180483698845,False,0.0
2104,0.0031486067455261946,False,0.0
2105,0.19500505924224854,False,0.0
2106,0.6649249792098999,True,1.0
2107,0.5856025218963623,False,0.0
2108,0.48871856927871704,False,0.0
2109,0.11316138505935669,False,0.0
2110,0.00963177252560854,False,0.0
2111,0.04589226841926575,False,0.0
2112,0.14748698472976685,False,0.0
2113,0.19329632818698883,False,0.0
2114,0.5554503202438354,True,1.0
2115,0.20525752007961273,False,0.0
2116,0.013828239403665066,False,0.0
2117,0.05383288860321045,False,0.0
2118,0.05292826518416405,False,0.0
2119,0.13092726469039917,False,0.0
2120,0.28705093264579773,False,0.0
2121,0.24759912490844727,False,0.0
2122,0.020386790856719017,False,0.0
2123,0.19294452667236328,False,0.0
2124,0.9451277256011963,True,1.0
2125,0.4557410478591919,False,0.0
2126,0.171761155128479,False,0.0
2127,0.1556788831949234,False,0.0
2128,0.012144627049565315,False,0.0
2129,0.19043166935443878,False,0.3480806350708008
2130,0.15992562472820282,False,0.0
2131,0.049636419862508774,False,0.0
2132,0.04458558186888695,False,0.0
2133,0.18467722833156586,False,0.0
2134,0.01639135181903839,False,0.0
2135,0.3251206874847412,True,0.6259521208703518
2136,0.23963336646556854,False,0.0
2137,0.14587876200675964,False,0.0
2138,0.055617015808820724,False,0.0
2139,0.03053872659802437,False,0.0
2140,0.004907605238258839,False,0.0
2141,0.13218370079994202,False,0.0
2142,0.49953508377075195,False,0.0
2143,0.5133206248283386,True,1.0
2144,0.24104057252407074,False,0.0
2145,0.0747900977730751,False,0.0
2146,0.007948159240186214,False,0.0
2147,0.021241161972284317,False,0.0
2148,0.0834343209862709,False,0.0
2149,0.077906034886837,False,0.0
2150,0.14243614673614502,False,0.0
2151,0.11303573846817017,False,0.0
2152,0.00842560175806284,False,0.0
2153,0.2718230187892914,True,0.5277497190982103
2154,0.12343895435333252,False,0.0
2155,0.09263136237859726,False,0.0
2156,0.14122997224330902,False,0.0
2157,0.11356344074010849,False,0.0
2158,0.006440446712076664,False,0.0
2159,0.11796094477176666,False,0.0
2160,0.9969097375869751,True,1.0
2161,0.2792108356952667,False,0.0
2162,0.10798490047454834,False,0.0
2163,0.09903914481401443,False,0.0
2164,0.00920458696782589,False,0.0
2165,0.07617216557264328,False,0.0
2166,0.12145381420850754,False,0.2244984544813633
2167,0.03717266023159027,False,0.0
2168,0.02056269161403179,False,0.0
2169,0.09627500921487808,False,0.0
2170,0.00804867409169674,False,0.0
2171,0.11775990575551987,False,0.0
2172,0.12761031091213226,False,0.0
2173,0.15675942599773407,False,0.29742150381207466
2174,0.06287916749715805,False,0.0
2175,0.023754015564918518,False,0.0
2176,0.003349635051563382,False,0.0
2177,0.11539782583713531,False,0.0
2178,0.34524866938591003,False,0.0
2179,0.5271092057228088,True,1.0
2180,0.2793616056442261,False,0.0
2181,0.06607048958539963,False,0.0
2182,0.008400472812354565,False,0.0
2183,0.018477020785212517,False,0.0
2184,0.11811170727014542,False,0.0
2185,0.1336662769317627,False,0.0
2186,0.1513567864894867,False,0.0
2187,0.17412324249744415,False,0.3249623719602823
2188,0.01164205651730299,False,0.0
2189,0.03287568315863609,False,0.0
2190,0.020537560805678368,False,0.0
2191,0.16359438002109528,False,0.0
2192,0.17726431787014008,False,0.0
2193,0.19580917060375214,False,0.0
2194,0.013124640099704266,False,0.0
2195,0.21535919606685638,False,0.0
2196,0.7234464883804321,True,1.0
2197,0.222621351480484,False,0.0
2198,0.23744718730449677,False,0.0
2199,0.32293450832366943,False,0.0
2200,0.022547846660017967,False,0.0
2201,0.18600903451442719,False,0.0
2202,0.2242295742034912,True,0.4033634550869465
2203,0.0712720975279808,False,0.0
2204,0.18708957731723785,False,0.0
2205,0.07119672000408173,False,0.0
2206,0.006767117418348789,False,0.0
2207,0.1769879013299942,False,0.0
2208,0.19942769408226013,False,0.0
2209,0.21447968482971191,True,0.40276034735143185
2210,0.07773014158010483,False,0.0
2211,0.1836218386888504,False,0.0
2212,0.01309951115399599,False,0.0
2213,0.09971761703491211,False,0.0
2214,0.7024155259132385,True,1.0
2215,0.3324330747127533,False,0.0
2216,0.5522225499153137,False,0.0
2217,0.20859961211681366,False,0.0
2218,0.01754726469516754,False,0.0
2219,0.33411669731140137,True,0.6331388652324677
2220,0.10735668987035751,False,0.0
2221,0.1815110296010971,False,0.0
2222,0.17573146522045135,False,0.0
2223,0.21905307471752167,False,0.0
2224,0.011441027745604515,False,0.0
2225,0.0738854706287384,False,0.0
2226,0.18216437101364136,False,0.20213401317596436
2227,0.08109736442565918,False,0.0
2228,0.19641226530075073,False,0.0
2229,0.18862241506576538,False,0.0
2230,0.012069241143763065,False,0.0
2231,0.5147818326950073,False,0.0
2232,0.9350090026855469,True,1.0
2233,0.27421024441719055,False,0.0
2234,0.10240637511014938,False,0.0
2235,0.19304503500461578,False,0.0
2236,0.01669289357960224,False,0.0
2237,0.19922666251659393,False,0.0
2238,0.4996536374092102,True,0.9659214876592159
2239,0.09150058031082153,False,0.0
2240,0.14982394874095917,False,0.0
2241,0.06177350878715515,False,0.0
2242,0.008124059997498989,False,0.0
2243,0.1668359637260437,False,0.0
2244,0.1556788831949234,False,0.0
2245,0.20736829936504364,False,0.39446791261434555
2246,0.08438920229673386,False,0.0
2247,0.1211019977927208,False,0.0
2248,0.010134343057870865,False,0.0
2249,0.08549486100673676,False,0.0
2250,0.8997421264648438,True,1.0
2251,0.29036790132522583,False,0.0
2252,0.20465444028377533,False,0.0
2253,0.06187402829527855,False,0.0
2254,0.0,False,0.0
2255,0.11195521801710129,False,0.0
2256,0.03606700524687767,False,0.0
2257,0.2907448410987854,True,0.5767504386603832
2258,0.15924714505672455,False,0.0
2259,0.1761837899684906,False,0.0
2260,0.0059881326742470264,False,0.0
2261,0.04941026493906975,False,0.0
2262,0.13313858211040497,False,0.17600033432245255
2263,0.045138414949178696,False,0.0
2264,0.15341731905937195,False,0.0
2265,0.1546737402677536,False,0.0
2266,0.002369621768593788,False,0.0
2267,0.1975933164358139,False,0.0
2268,0.6859321594238281,True,1.0
2269,0.3279350697994232,False,0.0
2270,0.10574846714735031,False,0.0
2271,0.16319231688976288,False,0.0
2272,0.011265127919614315,False,0.0
2273,0.17331913113594055,False,0.0
2274,0.2752405107021332,False,0.0
2275,0.29127252101898193,True,0.5600147861987352
2276,0.2737328112125397,False,0.0
2277,0.08054453879594803,False,0.0
2278,0.004731704946607351,False,0.0
2279,0.14163203537464142,False,0.0
2280,0.14839160442352295,False,0.0
2281,0.20347337424755096,False,0.3974833386018872
2282,0.15942303836345673,False,0.0
2283,0.035338278859853745,False,0.0
2284,0.001263965736143291,False,0.0
2285,0.04677176848053932,False,0.0
2286,0.6560873985290527,True,1.0
2287,0.2838344871997833,False,0.0
2288,0.5283435583114624,False,0.0
2289,0.2657167911529541,False,0.0
2290,0.019457034766674042,False,0.0
2291,0.0831327736377716,False,0.0
2292,0.027749454602599144,False,0.0
2293,0.14939676225185394,False,0.0
2294,0.5050858855247498,True,0.9712577015161514
2295,0.2739841043949127,False,0.0
2296,0.020060120150446892,False,0.0
2297,0.16417233645915985,False,0.0
2298,0.04270094260573387,False,0.0
2299,0.033981334418058395,False,0.0
2300,0.16826829314231873,False,0.0
2301,0.1618102639913559,False,0.0
2302,0.01272258348762989,False,0.0
2303,0.20181488990783691,False,0.0
2304,0.9417956471443176,True,1.0
2305,0.46270909905433655,False,0.0
2306,0.13052521646022797,False,0.0
2307,0.18912498652935028,False,0.0
2308,0.01699443720281124,False,0.0
2309,0.15711121261119843,False,0.0
2310,0.21485662460327148,False,0.0
2311,0.1817120760679245,False,0.0
2312,0.0639345645904541,False,0.0
2313,0.4856405258178711,True,0.9372921772301197
2314,0.026467902585864067,False,0.0
2315,0.24013593792915344,False,0.0
2316,0.18480287492275238,False,0.0
2317,0.21533405780792236,False,0.0
2318,0.1659313291311264,False,0.0
2319,0.0671510249376297,False,0.0
2320,0.0062142894603312016,False,0.0
2321,0.1610061377286911,False,0.0
2322,0.5826040506362915,True,1.0
2323,0.2761702835559845,False,0.0
2324,0.29541873931884766,False,0.0
2325,0.20118668675422668,False,0.0
2326,0.01634109579026699,False,0.0
2327,0.0661458820104599,False,0.0
2328,0.16329284012317657,False,0.16268222033977509
2329,0.08195172995328903,False,0.0
2330,0.17472632229328156,False,0.0
2331,0.3225073218345642,False,0.0
2332,0.026643801480531693,False,0.0
2333,0.5877103805541992,True,1.0
2334,0.19394966959953308,False,0.0
2335,0.1656297892332077,False,0.0
2336,0.05071694776415825,False,0.0
2337,0.14700953662395477,False,0.0
2338,0.01015947200357914,False,0.0
2339,0.15851841866970062,False,0.0
2340,0.945524275302887,True,1.0
2341,0.4469965696334839,False,0.0
2342,0.20596110820770264,False,0.0
2343,0.038001906126737595,False,0.0
2344,0.006239417940378189,False,0.0
2345,0.12477077543735504,False,0.0
2346,0.16253899037837982,False,0.1812773495912552
2347,0.1346714347600937,False,0.0
2348,0.07190031558275223,False,0.0
2349,0.17100730538368225,False,0.0
2350,0.013200025074183941,False,0.0
2351,0.09285752475261688,False,0.0
2352,0.14014944434165955,False,0.0
2353,0.18909986317157745,False,0.3626552075147629
2354,0.15804097056388855,False,0.0
2355,0.070870041847229,False,0.0
2356,0.007772259414196014,False,0.0
2357,0.18065665662288666,False,0.0
2358,0.6082578897476196,True,1.0
2359,0.29750439524650574,False,0.0
2360,0.2830052375793457,False,0.0
2361,0.14716030657291412,False,0.0
2362,0.009078944101929665,False,0.0
2363,0.051847733557224274,False,0.0
2364,0.13092726469039917,False,0.0
2365,0.051998503506183624,False,0.0
2366,0.13200779259204865,False,0.0
2367,0.16560466587543488,False,0.31119193136692047
2368,0.011541541665792465,False,0.0
2369,0.14004893600940704,False,0.0
2370,0.0466461256146431,False,0.0
2371,0.13655607402324677,False,0.0
2372,0.1382899284362793,False,0.0
2373,0.1518593430519104,False,0.0
2374,0.01000870019197464,False,0.0
2375,0.20314672589302063,False,0.0
2376,0.9758511781692505,True,1.0
2377,0.15907125174999237,False,0.0
2378,0.12185586988925934,False,0.0
2379,0.20606163144111633,False,0.0
2380,0.018954463303089142,False,0.0
2381,0.14798955619335175,False,0.2580701857805252
2382,0.14115458726882935,False,0.0
2383,0.1436171978712082,False,0.0
2384,0.0666484460234642,False,0.0
2385,0.14045099914073944,False,0.0
2386,0.012069241143763065,False,0.0
2387,0.0592103973031044,False,0.0
2388,0.14520028233528137,False,0.0
2389,0.2677522301673889,True,0.5113659780472517
2390,0.16404668986797333,False,0.0
2391,0.06438688188791275,False,0.0
2392,0.007219431456178427,False,0.0
2393,0.152462437748909,False,0.0
2394,0.8421536684036255,True,1.0
2395,0.48457998037338257,False,0.0
2396,0.21681664884090424,False,0.0
2397,0.13844071328639984,False,0.0
2398,0.012471298687160015,False,0.0
2399,0.1777920126914978,False,0.3306414280086756
2400,0.14999984204769135,False,0.0
2401,0.04438455402851105,False,0.0
2402,0.1532665491104126,False,0.0
2403,0.1687457412481308,False,0.0
2404,0.01149128470569849,False,0.0
2405,0.3289402425289154,True,0.6348979156464338
2406,0.08913850039243698,False,0.0
2407,0.18970294296741486,False,0.0
2408,0.06958848983049393,False,0.0
2409,0.15881995856761932,False,0.0
2410,0.0,False,0.0
2411,0.16937394440174103,False,0.0
2412,0.6357223987579346,True,1.0
2413,0.25604233145713806,False,0.0
2414,0.18681316077709198,False,0.0
2415,0.19332145154476166,False,0.0
2416,0.01385336834937334,False,0.0
2417,0.29994186758995056,True,0.5721769984811544
2418,0.23601484298706055,False,0.0
2419,0.22754652798175812,False,0.0
2420,0.07092030346393585,False,0.0
2421,0.1518593430519104,False,0.0
2422,0.011265127919614315,False,0.0
2423,0.17952588200569153,False,0.19690729677677155
2424,0.08107223361730576,False,0.0
2425,0.15794046223163605,False,0.0
2426,0.5289807915687561,False,0.0
2427,0.09469190984964371,False,0.0
2428,0.009154330007731915,False,0.0
2429,0.21510790288448334,False,0.0
2430,0.6255472898483276,True,1.0
2431,0.19560815393924713,False,0.0
2432,0.2208874672651291,False,0.0
2433,0.2743358910083771,False,0.0
2434,0.016919052228331566,False,0.0
2435,0.031820282340049744,False,0.0
2436,0.6023474931716919,True,1.0
2437,0.3020024299621582,False,0.0
2438,0.11695579439401627,False,0.0
2439,0.1777920126914978,False,0.0
2440,0.012672326527535915,False,0.0
2441,0.21174068748950958,False,0.0
2442,0.0683571919798851,False,0.0
2443,0.2857944965362549,True,0.5462443400174379
2444,0.2405882626771927,False,0.0
2445,0.10733156651258469,False,0.0
2446,0.012144627049565315,False,0.0
2447,0.2579018175601959,False,0.0
2448,0.9796925187110901,True,1.0
2449,0.32373863458633423,False,0.0
2450,0.1959850788116455,False,0.0
2451,0.2017143964767456,False,0.0
2452,0.017773421481251717,False,0.0
2453,0.06800539046525955,False,0.0
2454,0.17118321359157562,False,0.0
2455,0.26217368245124817,True,0.4888005219399929
2456,0.18078230321407318,False,0.0
2457,0.16243846714496613,False,0.0
2458,0.011089228093624115,False,0.0
2459,0.17460069060325623,False,0.0
2460,0.07672499865293503,False,0.0
2461,0.15495015680789948,False,0.0
2462,0.20118668675422668,False,0.0
2463,0.054310332983732224,False,0.0
2464,0.005033248104155064,False,0.0
2465,0.16701185703277588,False,0.0
2466,0.8654056787490845,True,1.0
2467,0.4504254162311554,False,0.0
2468,0.2231992930173874,False,0.0
2469,0.22659166157245636,False,0.0
2470,0.012471298687160015,False,0.0
2471,0.10429101437330246,False,0.0
2472,0.18470236659049988,False,0.0
2473,0.17181141674518585,False,0.0
2474,0.08632410317659378,False,0.0
2475,0.262198805809021,True,0.49945501424372196
2476,0.020964747294783592,False,0.0
2477,0.19724151492118835,False,0.0
2478,0.04589226841926575,False,0.0
2479,0.15796558558940887,False,0.0
2480,0.16557954251766205,False,0.0
2481,0.08295687288045883,False,0.0
2482,0.007546102162450552,False,0.0
2483,0.3033091127872467,False,0.0
2484,0.6561136245727539,True,1.0
2485,0.439107745885849,False,0.0
2486,0.21432891488075256,False,0.0
2487,0.15183421969413757,False,0.0
2488,0.00927997287362814,False,0.0
2489,0.041720930486917496,False,0.0
2490,0.13462117314338684,False,0.0
2491,0.1960856020450592,False,0.0
2492,0.05471239238977432,False,0.0
2493,0.49884650111198425,True,0.9448577165603638
2494,0.026417642831802368,False,0.0
2495,0.2854427099227905,False,0.0
2496,0.08969133347272873,False,0.0
2497,0.16510209441184998,False,0.0
2498,0.18035511672496796,False,0.0
2499,0.04817896708846092,False,0.0
2500,0.8996333479881287,True,1.0
2501,0.1254241168498993,False,0.0
2502,0.5513113737106323,False,0.0
2503,0.09280727058649063,False,0.0
2504,0.10876388847827911,False,0.0
2505,0.26365625858306885,False,0.34169797599315643
2506,0.011466155759990215,False,0.0
2507,0.04832973703742027,False,0.0
2508,0.15253782272338867,False,0.0
2509,0.15680967271327972,False,0.0
2510,0.06016528233885765,False,0.0
2511,0.14585362374782562,False,0.0
2512,0.0014147369656711817,False,0.0
2513,0.6359139680862427,True,1.0
2514,0.14389359951019287,False,0.0
2515,0.1404007375240326,False,0.0
2516,0.16027741134166718,False,0.0
2517,0.038202933967113495,False,0.0
2518,0.0,False,0.0
2519,0.12384101003408432,False,0.0
2520,0.9489789605140686,True,1.0
2521,0.5354087948799133,False,0.0
2522,0.1287410855293274,False,0.0
2523,0.13273653388023376,False,0.0
2524,0.010109215043485165,False,0.0
2525,0.12152918428182602,False,0.0
2526,0.05182260274887085,False,0.0
2527,0.16686110198497772,False,0.3135037738829851
2528,0.1484418660402298,False,0.0
2529,0.06571869552135468,False,0.0
2530,0.007847645319998264,False,0.0
2531,0.132158562541008,False,0.0
2532,0.16648416221141815,False,0.0
2533,0.07685064524412155,False,0.0
2534,0.24352829158306122,True,0.46482786908745766
2535,0.1610061377286911,False,0.0
2536,0.01111435703933239,False,0.0
2537,0.0731818675994873,False,0.0
2538,0.34374094009399414,False,0.0
2539,0.5615929961204529,True,1.0
2540,0.1813100129365921,False,0.0
2541,0.2243049442768097,False,0.0
2542,0.01438106782734394,False,0.0
2543,0.1886475533246994,False,0.0
2544,0.0713726207613945,False,0.0
2545,0.19683945178985596,False,0.0
2546,0.18497876822948456,False,0.0
2547,0.08109736442565918,False,0.0
2548,0.006490703672170639,False,0.0
2549,0.22616446018218994,False,0.32782701402902603
2550,0.18309412896633148,False,0.0
2551,0.062250953167676926,False,0.0
2552,0.2521725296974182,False,0.0
2553,0.20025692880153656,False,0.0
2554,0.014330810867249966,False,0.0
2555,0.098209910094738,False,0.0
2556,0.6990343332290649,True,1.0
2557,0.574782133102417,False,0.0
2558,0.13761146366596222,False,0.0
2559,0.2643849849700928,False,0.0
2560,0.020110376179218292,False,0.0
2561,0.19201476871967316,False,0.0
2562,0.06285404413938522,False,0.0
2563,0.20638830959796906,False,0.3725558668375015
2564,0.1739724725484848,False,0.0
2565,0.06700024753808975,False,0.0
2566,0.006189160980284214,False,0.0
2567,0.2002820521593094,False,0.0
2568,0.2809949815273285,True,0.5308657437562943
2569,0.07788091152906418,False,0.0
2570,0.24083952605724335,False,0.0
2571,0.20875036716461182,False,0.0
2572,0.015562109649181366,False,0.0
2573,0.08994261175394058,False,0.0
2574,0.6619275808334351,False,0.0
2575,0.32677918672561646,False,0.0
2576,0.0683571919798851,False,0.0
2577,0.7118044495582581,True,1.0
2578,0.04038911685347557,False,0.0
2579,0.3208739459514618,False,0.0
2580,0.0836353525519371,False,0.0
2581,0.1990005075931549,False,0.0
2582,0.2661188542842865,False,0.3649670034646988
2583,0.08710309118032455,False,0.0
2584,0.00895330123603344,False,0.0
2585,0.22845116257667542,False,0.0
2586,0.18427518010139465,False,0.0
2587,0.07169928401708603,False,0.0
2588,0.29670029878616333,False,0.0
2589,0.2230233997106552,False,0.0
2590,0.016064679250121117,False,0.0
2591,0.09461652487516403,False,0.0
2592,0.9853641986846924,True,1.0
2593,0.589105486869812,False,0.0
2594,0.09481754899024963,False,0.0
2595,0.25933414697647095,False,0.0
2596,0.019758576527237892,False,0.0
2597,0.2937602698802948,False,0.0
2598,0.17002730071544647,False,0.0
2599,0.32836228609085083,True,0.6172074191272259
2600,0.21636433899402618,False,0.0
2601,0.03817780315876007,False,0.0
2602,0.0027465501334518194,False,0.0
2603,0.3094404637813568,False,0.0
2604,0.2533535659313202,False,0.0
2605,0.061396580189466476,False,0.0
2606,0.25953516364097595,False,0.0
2607,0.22121413052082062,False,0.0
2608,0.016516994684934616,False,0.0
2609,0.09408882260322571,False,0.0
2610,0.934371292591095,True,1.0
2611,0.6506954431533813,False,0.0
2612,0.13826480507850647,False,0.0
2613,0.2849904000759125,False,0.0
2614,0.01345131080597639,False,0.0
2615,0.2417944222688675,False,0.3824564889073372
2616,0.0505661778151989,False,0.0
2617,0.3089127838611603,False,0.0
2618,0.21342428028583527,False,0.0
2619,0.07200083136558533,False,0.0
2620,0.00787277426570654,False,0.0
2621,0.3455753028392792,True,0.6603781878948212
2622,0.23490920662879944,False,0.0
2623,0.05524009093642235,False,0.0
2624,0.20148824155330658,False,0.0
2625,0.2117658108472824,False,0.0
2626,0.015386208891868591,False,0.0
2627,0.22211876511573792,False,0.0
2628,0.7566348314285278,True,1.0
2629,0.5882022380828857,False,0.0
2630,0.12394153326749802,False,0.0
2631,0.2855181097984314,False,0.0
2632,0.017723163589835167,False,0.0
2633,0.21754537522792816,False,0.0
2634,0.2327732890844345,False,0.0
2635,0.6107796430587769,True,1.0
2636,0.3033091127872467,False,0.0
2637,0.08006709069013596,False,0.0
2638,0.004756833892315626,False,0.0
2639,0.20870013535022736,False,0.0
2640,0.20736829936504364,False,0.0
2641,0.20910218358039856,False,0.24414896965026855
2642,0.08702769875526428,False,0.0
2643,0.30094704031944275,False,0.0
2644,0.018376506865024567,False,0.0
2645,0.0865502581000328,False,0.0
2646,0.6514277458190918,True,1.0
2647,0.33348849415779114,False,0.0
2648,0.24865451455116272,False,0.0
2649,0.077906034886837,False,0.0
2650,0.009078944101929665,False,0.0
2651,0.2967756688594818,False,0.0
2652,0.0836353525519371,False,0.0
2653,0.2918505072593689,False,0.0
2654,0.7105247378349304,True,1.0
2655,0.3603760302066803,False,0.0
2656,0.031166939064860344,False,0.0
2657,0.09243033826351166,False,0.0
2658,0.3723372220993042,False,0.0
2659,0.11331214755773544,False,0.0
2660,0.27521538734436035,False,0.0
2661,0.24960939586162567,False,0.0
2662,0.012320526875555515,False,0.0
2663,0.2739589810371399,False,0.0
2664,0.9675416350364685,True,1.0
2665,0.6417434215545654,False,0.0
2666,0.14469771087169647,False,0.0
2667,0.28235191106796265,False,0.0
2668,0.021417060866951942,False,0.0
2669,0.26066598296165466,False,0.0
2670,0.2567459046840668,False,0.0
2671,0.08652513474225998,False,0.0
2672,0.3008213937282562,True,0.5530793555080891
2673,0.2689081132411957,False,0.0
2674,0.024281715974211693,False,0.0
2675,0.37731269001960754,False,0.0
2676,0.26760146021842957,False,0.0
2677,0.3994509279727936,True,0.7560677342116833
2678,0.11524706333875656,False,0.0
2679,0.2931320369243622,False,0.0
2680,0.020110376179218292,False,0.0
2681,0.07742860168218613,False,0.0
2682,0.6963215470314026,True,1.0
2683,0.323914498090744,False,0.0
2684,0.2742353677749634,False,0.0
2685,0.0820271223783493,False,0.0
2686,0.009506129659712315,False,0.0
2687,0.2947905361652374,True,0.4302007406949997
2688,0.07969016581773758,False,0.0
2689,0.24503600597381592,False,0.0
2690,0.28084418177604675,False,0.0
2691,0.3499476909637451,False,0.0
2692,0.025789430364966393,False,0.0
2693,0.2701394259929657,False,0.0
2694,0.37713679671287537,True,0.7194303497672081
2695,0.06607048958539963,False,0.0
2696,0.304389625787735,False,0.0
2697,0.26579219102859497,False,0.0
2698,0.017421621829271317,False,0.0
2699,0.1930701583623886,False,0.0
2700,0.999870777130127,True,1.0
2701,0.6128574013710022,False,0.0
2702,0.0772024393081665,False,0.0
2703,0.19389940798282623,False,0.0
2704,0.01395388226956129,False,0.0
2705,0.2053329050540924,False,0.0
2706,0.22468188405036926,False,0.0
2707,0.06689973920583725,False,0.0
2708,0.26104289293289185,True,0.4941780213266611
2709,0.05815500020980835,False,0.0
2710,0.004631191026419401,False,0.0
2711,0.20930321514606476,False,0.0
2712,0.22463162243366241,False,0.0
2713,0.2155853509902954,False,0.0
2714,0.09260623902082443,False,0.0
2715,0.2756676971912384,False,0.0
2716,0.019381647929549217,False,0.0
2717,0.08617333322763443,False,0.0
2718,0.4061853885650635,False,0.0
2719,0.5965279936790466,True,1.0
2720,0.32245704531669617,False,0.0
2721,0.08519332110881805,False,0.0
2722,0.005787104368209839,False,0.0
2723,0.25543922185897827,False,0.0
2724,0.08237891644239426,False,0.0
2725,0.22443059086799622,False,0.0
2726,0.22727012634277344,False,0.0
2727,0.23478356003761292,False,0.0
2728,0.01375285442918539,False,0.0
2729,0.23779897391796112,False,0.0
2730,0.352837473154068,True,0.6721383854746819
2731,0.09645090997219086,False,0.0
2732,0.2369697391986847,False,0.0
2733,0.23935694992542267,False,0.0
2734,0.016768280416727066,False,0.0
2735,0.271471232175827,False,0.0
2736,0.8026655912399292,True,1.0
2737,0.37178441882133484,False,0.0
2738,0.11994608491659164,False,0.0
2739,0.35349079966545105,False,0.0
2740,0.02475915662944317,False,0.0
2741,0.2239028960466385,False,0.0
2742,0.2121678590774536,False,0.0
2743,0.2311650514602661,True,0.4128117896616459
2744,0.2258378118276596,False,0.0
2745,0.0763983279466629,False,0.0
2746,0.004354776814579964,False,0.0
2747,0.22086234390735626,False,0.0
2748,0.21131348609924316,False,0.0
2749,0.2267172783613205,False,0.0
2750,0.8999733328819275,True,1.0
2751,0.2179976999759674,False,0.0
2752,0.0015152511186897755,False,0.0
2753,0.07190031558275223,False,0.0
2754,0.7881179451942444,False,0.0
2755,0.3361521363258362,False,0.0
2756,0.25983673334121704,False,0.0
2757,0.6025621891021729,True,0.6854509115219116
2758,0.029558712616562843,False,0.0
2759,0.3857056200504303,False,0.0
2760,0.2639829218387604,False,0.0
2761,0.060290928930044174,False,0.0
2762,0.21955566108226776,False,0.0
2763,0.2635306119918823,False,0.0
2764,0.01410465408116579,False,0.0
2765,0.2525745630264282,False,0.0
2766,0.4065372049808502,True,0.7779798805713654
2767,0.311827689409256,False,0.0
2768,0.15108035504817963,False,0.0
2769,0.2485288679599762,False,0.0
2770,0.01754726469516754,False,0.0
2771,0.26888298988342285,False,0.0
2772,0.9934391975402832,True,1.0
2773,0.6056653261184692,False,0.0
2774,0.2769492566585541,False,0.0
2775,0.08893746882677078,False,0.0
2776,0.008450730703771114,False,0.0
2777,0.2835077941417694,False,0.0
2778,0.34786203503608704,False,0.0
2779,0.21410277485847473,False,0.0
2780,0.20467956364154816,False,0.0
2781,0.34798765182495117,True,0.6595740914344788
2782,0.023477602750062943,False,0.0
2783,0.08129839599132538,False,0.0
2784,0.16173486411571503,False,0.0
2785,0.19432659447193146,False,0.0
2786,0.19807074964046478,False,0.0
2787,0.30172601342201233,False,0.0
2788,0.018200606107711792,False,0.0
2789,0.2659429609775543,False,0.0
2790,0.7732946276664734,True,1.0
2791,0.6384892463684082,False,0.0
2792,0.28024110198020935,False,0.0
2793,0.3390670418739319,False,0.0
2794,0.01840163581073284,False,0.0
2795,0.27310460805892944,False,0.0
2796,0.3012988269329071,False,0.0
2797,0.20349851250648499,False,0.0
2798,0.389851838350296,True,0.7429004050791264
2799,0.27614516019821167,False,0.0
2800,0.01211949810385704,False,0.0
2801,0.24181954562664032,False,0.0
2802,0.24676989018917084,False,0.0
2803,0.2740594744682312,True,0.5237794388085604
2804,0.0765993520617485,False,0.0
2805,0.24880528450012207,False,0.0
2806,0.012169755063951015,False,0.0
2807,0.26596808433532715,False,0.0
2808,0.8211519718170166,True,1.0
2809,0.6902850866317749,False,0.0
2810,0.4326206147670746,False,0.0
2811,0.17047959566116333,False,0.0
2812,0.01410465408116579,False,0.0
2813,0.3762824237346649,False,0.0
2814,0.3348705470561981,False,0.0
2815,0.6576108932495117,True,1.0
2816,0.3477112650871277,False,0.0
2817,0.26707372069358826,False,0.0
2818,0.01779855042695999,False,0.0
2819,0.06076836585998535,False,0.0
2820,0.23297429084777832,False,0.0
2821,0.23151683807373047,False,0.0
2822,0.3331366777420044,False,0.0
2823,0.2846888601779938,False,0.0
2824,0.019708318635821342,False,0.0
2825,0.2923530638217926,False,0.0
2826,0.6291319131851196,True,1.0
2827,0.4060848653316498,False,0.0
2828,0.36273810267448425,False,0.0
2829,0.2879053056240082,False,0.0
2830,0.020663205534219742,False,0.0
2831,0.2791857123374939,False,0.0
2832,0.2949413061141968,False,0.0
2833,0.07677525281906128,False,0.0
2834,0.6436307430267334,True,1.0
2835,0.3573606014251709,False,0.0
2836,0.020587818697094917,False,0.0
2837,0.2159873992204666,False,0.0
2838,0.21234376728534698,False,0.0
2839,0.4176943004131317,True,0.7942129634320736
2840,0.1187901720404625,False,0.0
2841,0.264611154794693,False,0.0
2842,0.01724572293460369,False,0.0
2843,0.244307279586792,False,0.0
2844,0.9710155725479126,True,1.0
2845,0.6487173438072205,False,0.0
2846,0.2999670207500458,False,0.0
2847,0.10190379619598389,False,0.0
2848,0.01000870019197464,False,0.0
2849,0.2520468831062317,False,0.0
2850,0.3922139108181,False,0.0
2851,0.24475958943367004,False,0.0
2852,0.23762308061122894,False,0.0
2853,0.5906677842140198,True,1.0
2854,0.03511212393641472,False,0.0
2855,0.2647116780281067,False,0.0
2856,0.2391810417175293,False,0.0
2857,0.3550487756729126,False,0.0
2858,0.24865451455116272,False,0.0
2859,0.204729825258255,False,0.0
2860,0.01325028296560049,False,0.0
2861,0.20618727803230286,False,0.0
2862,0.4232728183269501,False,0.0
2863,0.586570680141449,True,1.0
2864,0.3750511109828949,False,0.0
2865,0.24790064990520477,False,0.0
2866,0.01624058000743389,False,0.0
2867,0.21759562194347382,False,0.0
2868,0.2358640879392624,False,0.3196853846311569
2869,0.07602139562368393,False,0.0
2870,0.22664189338684082,False,0.0
2871,0.29511719942092896,False,0.0
2872,0.020587818697094917,False,0.0
2873,0.6628551483154297,True,1.0
2874,0.3515307903289795,False,0.0
2875,0.2052323818206787,False,0.0
2876,0.05594368651509285,False,0.0
2877,0.3525359332561493,False,0.0
2878,0.027397656813263893,False,0.0
2879,0.24830272793769836,False,0.0
2880,0.9908514022827148,True,1.0
2881,0.36183351278305054,False,0.0
2882,0.2262147217988968,False,0.0
2883,0.07403624057769775,False,0.0
2884,0.008727144449949265,False,0.0
2885,0.21181607246398926,False,0.0
2886,0.19817125797271729,False,0.0
2887,0.2038251906633377,False,0.0
2888,0.21048425137996674,False,0.0
2889,0.2358640879392624,True,0.42874328047037125
2890,0.021492447704076767,False,0.0
2891,0.0842384323477745,False,0.0
2892,0.22056078910827637,False,0.0
2893,0.22372698783874512,False,0.0
2894,0.2325471192598343,False,0.0
2895,0.3548477590084076,False,0.0
2896,0.03159412369132042,False,0.0
2897,0.4316657483577728,False,0.0
2898,0.6649007797241211,True,1.0
2899,0.297981858253479,False,0.0
2900,0.288131445646286,False,0.0
2901,0.19952820241451263,False,0.0
2902,0.014406196773052216,False,0.0
2903,0.1940753161907196,False,0.0
2904,0.20053334534168243,False,0.37225429713726044
2905,0.056521642953157425,False,0.0
2906,0.19010500609874725,False,0.0
2907,0.19844767451286316,False,0.0
2908,0.01025998592376709,False,0.0
2909,0.19344709813594818,False,0.0
2910,0.21111245453357697,False,0.0
2911,0.246719628572464,False,0.28566135466098785
2912,0.10388895124197006,False,0.0
2913,0.32547247409820557,False,0.0
2914,0.021517574787139893,False,0.0
2915,0.27152150869369507,False,0.0
2916,0.956559419631958,True,1.0
2917,0.2803667485713959,False,0.0
2918,0.18688854575157166,False,0.0
2919,0.21483150124549866,False,0.0
2920,0.008124059997498989,False,0.0
2921,0.16284053027629852,False,0.0
2922,0.15934765338897705,False,0.0
2923,0.16299130022525787,False,0.0
2924,0.1759827584028244,False,0.3287819195538759
2925,0.17259040474891663,False,0.0
2926,0.01159179862588644,False,0.0
2927,0.04981232061982155,False,0.0
2928,0.15344244241714478,False,0.0
2929,0.17907355725765228,False,0.0
2930,0.16464976966381073,False,0.0
2931,0.18349619209766388,False,0.0
2932,0.00973228644579649,False,0.0
2933,0.19312041997909546,False,0.0
2934,0.8211989402770996,True,1.0
2935,0.38585638999938965,False,0.0
2936,0.25692182779312134,False,0.0
2937,0.17894792556762695,False,0.0
2938,0.014757995493710041,False,0.0
2939,0.3459019958972931,True,0.6622880008071661
2940,0.19490455090999603,False,0.0
2941,0.05041540786623955,False,0.0
2942,0.1830187439918518,False,0.0
2943,0.21136374771595,False,0.0
2944,0.004832219332456589,False,0.0
2945,0.18666239082813263,False,0.0
2946,0.2815729081630707,True,0.5385047625750303
2947,0.25413253903388977,False,0.0
2948,0.0501641221344471,False,0.0
2949,0.19098450243473053,False,0.0
2950,0.012320526875555515,False,0.0
2951,0.20216670632362366,False,0.0
2952,0.7844753861427307,True,1.0
2953,0.6662619709968567,False,0.0
2954,0.2896391749382019,False,0.0
2955,0.08099684864282608,False,0.0
2956,0.008450730703771114,False,0.0
2957,0.22679267823696136,False,0.0
2958,0.29830852150917053,True,0.5797155816107988
2959,0.17610840499401093,False,0.0
2960,0.15384450554847717,False,0.0
2961,0.2819749712944031,False,0.0
2962,0.022397074848413467,False,0.0
2963,0.0620247982442379,False,0.0
2964,0.16869547963142395,False,0.0
2965,0.17553043365478516,False,0.3062667176127434
2966,0.1563824862241745,False,0.0
2967,0.1603025496006012,False,0.0
2968,0.0004347235953900963,False,0.0
2969,0.17570634186267853,False,0.0
2970,0.6580700874328613,True,1.0
2971,0.3837204575538635,False,0.0
2972,0.27569282054901123,False,0.0
2973,0.17213808000087738,False,0.0
2974,0.011441027745604515,False,0.0
2975,0.18143564462661743,False,0.0
2976,0.38598203659057617,True,0.7490820176899433
2977,0.12431845813989639,False,0.0
2978,0.15130652487277985,False,0.0
2979,0.14972342550754547,False,0.0
2980,0.012521554715931416,False,0.0
2981,0.13308833539485931,False,0.0
2982,0.16002611815929413,False,0.0
2983,0.18980346620082855,False,0.3545638229697943
2984,0.09393805265426636,False,0.0
2985,0.1539701521396637,False,0.0
2986,0.010837942361831665,False,0.0
2987,0.24362881481647491,False,0.0
2988,0.9514766931533813,True,1.0
2989,0.5574671030044556,False,0.0
2990,0.1542716920375824,False,0.0
2991,0.060290928930044174,False,0.0
2992,0.007194302976131439,False,0.0
2993,0.12233330309391022,False,0.0
2994,0.18239054083824158,False,0.0
2995,0.1334652602672577,False,0.0
2996,0.25038838386535645,False,0.0
2997,0.16464976966381073,False,0.0
2998,0.01347644068300724,False,0.0
2999,0.11655373871326447,False,0.0
3000,0.8999797105789185,True,1.0
3001,0.12436871975660324,False,0.0
3002,0.12014712393283844,False,0.0
3003,0.12484616041183472,False,0.0
3004,0.0,False,0.0
3005,0.13062572479248047,False,0.0
3006,0.7925056219100952,True,1.0
3007,0.4517500400543213,False,0.0
3008,0.20578519999980927,False,0.0
3009,0.18015410006046295,False,0.0
3010,0.011616927571594715,False,0.0
3011,0.1623128205537796,False,0.0
3012,0.14032535254955292,False,0.0
3013,0.14052636921405792,False,0.0
3014,0.07375983148813248,False,0.0
3015,0.24227185547351837,True,0.4613098558038473
3016,0.016667766496539116,False,0.0
3017,0.13338987529277802,False,0.0
3018,0.12690670788288116,False,0.0
3019,0.1498490571975708,False,0.0
3020,0.12441897392272949,False,0.0
3021,0.04993796348571777,False,0.0
3022,0.0017916652141138911,False,0.0
3023,0.17429915070533752,False,0.0
3024,0.7310936450958252,True,1.0
3025,0.2660183608531952,False,0.0
3026,0.1635189950466156,False,0.0
3027,0.17811869084835052,False,0.0
3028,0.01149128470569849,False,0.0
3029,0.030438212677836418,False,0.0
3030,0.1370837539434433,False,0.0
3031,0.1488439291715622,False,0.0
3032,0.2441062480211258,False,0.0
3033,0.5753709673881531,True,1.0
3034,0.035288020968437195,False,0.0
3035,0.30949074029922485,False,0.0
3036,0.0608186237514019,False,0.0
3037,0.14464746415615082,False,0.0
3038,0.14188331365585327,False,0.0
3039,0.13635502755641937,False,0.0
3040,0.00882765930145979,False,0.0
3041,0.19002960622310638,False,0.0
3042,0.4438692331314087,True,0.8687764648348093
3043,0.0972047671675682,False,0.0
3044,0.15158294141292572,False,0.0
3045,0.23151683807373047,False,0.0
3046,0.017522135749459267,False,0.0
3047,0.16696159541606903,False,0.0
3048,0.1967891901731491,False,0.3585341088473797
3049,0.04327889904379845,False,0.0
3050,0.015913909301161766,False,0.0
3051,0.14143100380897522,False,0.0
3052,0.00948100071400404,False,0.0
3053,0.5447934865951538,True,1.0
3054,0.2499360889196396,False,0.0
3055,0.18236540257930756,False,0.0
3056,0.03365466743707657,False,0.0
3057,0.00930510088801384,False,0.0
3058,0.0,False,0.0
3059,0.13484732806682587,False,0.0
3060,0.9733946919441223,True,1.0
3061,0.5812250971794128,False,0.0
3062,0.24388007819652557,False,0.0
3063,0.053405702114105225,False,0.0
3064,0.007671745028346777,False,0.0
3065,0.011466155759990215,False,0.0
3066,0.11544808000326157,False,0.0
3067,0.14635619521141052,False,0.0
3068,0.15080395340919495,False,0.0
3069,0.1782945841550827,False,0.32445980980992317
3070,0.016064679250121117,False,0.0
3071,0.0518728606402874,False,0.0
3072,0.04350505396723747,False,0.0
3073,0.11873992532491684,False,0.0
3074,0.18324491381645203,False,0.0
3075,0.14607977867126465,False,0.0
3076,0.01498415321111679,False,0.0
3077,0.23171786963939667,False,0.0
3078,0.5986595153808594,True,1.0
3079,0.18425004184246063,False,0.0
3080,0.21759562194347382,False,0.0
3081,0.15459835529327393,False,0.0
3082,0.0,False,0.0
3083,0.15123113989830017,False,0.0
3084,0.19121065735816956,False,0.3749179309234023
3085,0.07413675636053085,False,0.0
3086,0.035338278859853745,False,0.0
3087,0.130776509642601,False,0.0
3088,0.01078768540173769,False,0.0
3089,0.13947097957134247,False,0.0
3090,0.15691018104553223,False,0.0
3091,0.18324491381645203,False,0.3449144568294287
3092,0.0605170838534832,False,0.0
3093,0.03033769689500332,False,0.0
3094,0.003751691896468401,False,0.0
3095,0.16434822976589203,False,0.0
3096,0.8039520382881165,True,1.0
3097,0.5103933811187744,False,0.0
3098,0.22907936573028564,False,0.0
3099,0.1827172040939331,False,0.0
3100,0.01639135181903839,False,0.0
3101,0.019959604367613792,False,0.0
3102,0.13904379308223724,False,0.0
3103,0.15894560515880585,False,0.0
3104,0.16155897080898285,False,0.0
3105,0.2031215876340866,False,0.37346047163009644
3106,0.01332566887140274,False,0.0
3107,0.04890769347548485,False,0.0
3108,0.04089168831706047,False,0.0
3109,0.18882344663143158,False,0.0
3110,0.18507929146289825,False,0.0
3111,0.17663609981536865,False,0.0
3112,0.01357695460319519,False,0.0
3113,0.2532530426979065,False,0.0
3114,0.6917453408241272,True,1.0
3115,0.20138771831989288,False,0.0
3116,0.20769499242305756,False,0.0
3117,0.20146310329437256,False,0.0
3118,0.013903625309467316,False,0.0
3119,0.3058471083641052,True,0.5838869661092758
3120,0.23779897391796112,False,0.0
3121,0.061899155378341675,False,0.0
3122,0.032021310180425644,False,0.0
3123,0.17691251635551453,False,0.0
3124,0.01350156869739294,False,0.0
3125,0.2027195245027542,False,0.0
3126,0.19942769408226013,False,0.0
3127,0.222621351480484,True,0.41823956556618214
3128,0.20415185391902924,False,0.0
3129,0.10888953506946564,False,0.0
3130,0.01063691359013319,False,0.0
3131,0.19764356315135956,False,0.0
3132,0.9443336725234985,True,1.0
3133,0.28880995512008667,False,0.0
3134,0.22086234390735626,False,0.0
3135,0.16444875299930573,False,0.0
3136,0.015210309997200966,False,0.0
3137,0.059738099575042725,False,0.0
3138,0.2767482399940491,True,0.5230758599936962
3139,0.1712585836648941,False,0.0
3140,0.14409463107585907,False,0.0
3141,0.15944817662239075,False,0.0
3142,0.013677469454705715,False,0.0
3143,0.16379541158676147,False,0.22002556174993515
3144,0.0537826307117939,False,0.0
3145,0.17181141674518585,False,0.0
3146,0.17485196888446808,False,0.0
3147,0.16635851562023163,False,0.0
3148,0.013627211563289165,False,0.0
3149,0.18708957731723785,False,0.0
3150,0.9304136037826538,True,1.0
3151,0.27431076765060425,False,0.0
3152,0.05795397236943245,False,0.0
3153,0.14695928990840912,False,0.0
3154,0.013551825657486916,False,0.0
3155,0.18289309740066528,False,0.0
3156,0.1797017902135849,False,0.0
3157,0.4879218339920044,True,0.948740016669035
3158,0.08431381732225418,False,0.0
3159,0.01915549300611019,False,0.0
3160,0.006013261154294014,False,0.0
3161,0.1431146115064621,False,0.0
3162,0.14175766706466675,False,0.0
3163,0.16520260274410248,False,0.0
3164,0.30727943778038025,False,0.0
3165,0.08144916594028473,False,0.0
3166,0.01134051289409399,False,0.0
3167,0.0536821186542511,False,0.0
3168,0.6703475713729858,True,1.0
3169,0.3087620139122009,False,0.0
3170,0.21958079934120178,False,0.0
3171,0.25863054394721985,False,0.0
3172,0.017069822177290916,False,0.0
3173,0.04425891488790512,False,0.0
3174,0.01282309740781784,False,0.0
3175,0.529549777507782,True,1.0
3176,0.26845583319664,False,0.0
3177,0.17382170259952545,False,0.0
3178,0.01000870019197464,False,0.0
3179,0.19907589256763458,False,0.0
3180,0.05936117097735405,False,0.0
3181,0.030413081869482994,False,0.0
3182,0.17706327140331268,False,0.0
3183,0.18618494272232056,False,0.0
3184,0.01159179862588644,False,0.0
3185,0.18776804208755493,False,0.0
3186,0.7544533610343933,True,1.0
3187,0.1542716920375824,False,0.0
3188,0.04561585560441017,False,0.0
3189,0.1644236296415329,False,0.0
3190,0.016215451061725616,False,0.0
3191,0.1737714409828186,False,0.0
3192,0.20324723422527313,False,0.0
3193,0.4719051420688629,True,0.9113793820142746
3194,0.2590828835964203,False,0.0
3195,0.13751094043254852,False,0.0
3196,0.01309951115399599,False,0.0
3197,0.12396665662527084,False,0.0
3198,0.14256177842617035,False,0.0
3199,0.2053329050540924,False,0.0
3200,0.26780247688293457,False,0.0
3201,0.07270442694425583,False,0.0
3202,0.008551244623959064,False,0.0
3203,0.05039028078317642,False,0.0
3204,0.9416880011558533,True,1.0
3205,0.5272624492645264,False,0.0
3206,0.19211529195308685,False,0.0
3207,0.2241039276123047,False,0.0
3208,0.019984735175967216,False,0.0
3209,0.0736844465136528,False,0.0
3210,0.03239823877811432,False,0.0
3211,0.14158177375793457,False,0.0
3212,0.16374514997005463,False,0.0
3213,0.17030370235443115,False,0.0
3214,0.01649186573922634,False,0.0
3215,0.3084101974964142,True,0.5838366635143757
3216,0.060039639472961426,False,0.0
3217,0.025688914582133293,False,0.0
3218,0.13240985572338104,False,0.0
3219,0.15301525592803955,False,0.0
3220,0.01322515495121479,False,0.0
3221,0.16047844290733337,False,0.0
3222,0.599766194820404,True,1.0
3223,0.10456742346286774,False,0.0
3224,0.02973461151123047,False,0.0
3225,0.1336662769317627,False,0.0
3226,0.011541541665792465,False,0.0
3227,0.18490338325500488,False,0.0
3228,0.1543722003698349,False,0.0
3229,0.23402969539165497,False,0.0
3230,0.06571869552135468,False,0.0
3231,0.024960186332464218,False,0.0
3232,0.0031737354584038258,False,0.0
3233,0.5551661252975464,True,1.0
3234,0.26134443283081055,False,0.0
3235,0.20751908421516418,False,0.0
3236,0.15469887852668762,False,0.0
3237,0.04224862903356552,False,0.0
3238,0.004706576932221651,False,0.0
3239,0.003399892244488001,False,0.0
3240,0.9623459577560425,True,1.0
3241,0.4796636402606964,False,0.0
3242,0.1892506331205368,False,0.0
3243,0.17500273883342743,False,0.0
3244,0.016516994684934616,False,0.0
3245,0.03918294608592987,False,0.0
3246,0.021190904080867767,False,0.0
3247,0.1362796425819397,False,0.0
3248,0.14208434522151947,False,0.0
3249,0.15359322726726532,False,0.0
3250,0.899944543838501,True,1.0
3251,0.17784225940704346,False,0.0
3252,0.12215740978717804,False,0.0
3253,0.03187054023146629,False,0.0
3254,0.015763139352202415,False,0.0
3255,0.13057546317577362,False,0.0
3256,0.0,False,0.0
3257,0.15442246198654175,False,0.0
3258,0.5935052037239075,True,1.0
3259,0.4934922754764557,False,0.0
3260,0.18515467643737793,False,0.0
3261,0.034383393824100494,False,0.0
3262,0.0,False,0.0
3263,0.11479474604129791,False,0.0
3264,0.14444641768932343,False,0.0
3265,0.17520377039909363,False,0.35040754079818726
3266,0.13230934739112854,False,0.0
3267,0.05614471435546875,False,0.0
3268,0.0,False,0.0
3269,0.03697163611650467,False,0.0
3270,0.14658235013484955,False,0.0
3271,0.16266463696956635,False,0.0
3272,0.17784225940704346,False,0.0
3273,0.15344244241714478,False,0.0
3274,0.004706576932221651,False,0.0
3275,0.0559939444065094,False,0.0
3276,0.6516125202178955,True,1.0
3277,0.568387508392334,False,0.0
3278,0.2654404044151306,False,0.0
3279,0.3206980526447296,False,0.0
3280,0.02335195802152157,False,0.0
3281,0.17173603177070618,False,0.24133456498384476
3282,0.05986374244093895,False,0.0
3283,0.0510687492787838,False,0.0
3284,0.1675395667552948,False,0.0
3285,0.18306900560855865,False,0.0
3286,0.010913328267633915,False,0.0
3287,0.2073431760072708,False,0.39140223897993565
3288,0.18877318501472473,False,0.0
3289,0.06255249679088593,False,0.0
3290,0.015587237663567066,False,0.0
3291,0.16527800261974335,False,0.0
3292,0.01164205651730299,False,0.0
3293,0.17834483087062836,False,0.0
3294,0.76777583360672,True,1.0
3295,0.3573857247829437,False,0.0
3296,0.09062108397483826,False,0.0
3297,0.04194708541035652,False,0.0
3298,0.004455291200429201,False,0.0
3299,0.31868776679039,True,0.6257510678842664
3300,0.1676400750875473,False,0.0
3301,0.17404785752296448,False,0.0
3302,0.13213343918323517,False,0.0
3303,0.04571637138724327,False,0.0
3304,0.005812232848256826,False,0.0
3305,0.060994524508714676,False,0.0
3306,0.1303493231534958,False,0.0
3307,0.16439849138259888,False,0.0
3308,0.16545389592647552,False,0.0
3309,0.14922085404396057,False,0.0
3310,0.011089228093624115,False,0.0
3311,0.10547205060720444,False,0.0
3312,0.9520190954208374,True,1.0
3313,0.24704627692699432,False,0.0
3314,0.2041015923023224,False,0.0
3315,0.21128836274147034,False,0.0
3316,0.014833382330834866,False,0.0
3317,0.22676753997802734,True,0.42386831529438496
3318,0.16158409416675568,False,0.0
3319,0.04729946702718735,False,0.0
3320,0.14499925076961517,False,0.0
3321,0.16037791967391968,False,0.0
3322,0.013049254193902016,False,0.0
3323,0.19580917060375214,False,0.36551983281970024
3324,0.16135793924331665,False,0.0
3325,0.05885859951376915,False,0.0
3326,0.03812754899263382,False,0.0
3327,0.14758749306201935,False,0.0
3328,0.01086307130753994,False,0.0
3329,0.16334310173988342,False,0.0
3330,0.9223772883415222,True,1.0
3331,0.35680779814720154,False,0.0
3332,0.11054801940917969,False,0.0
3333,0.055717527866363525,False,0.0
3334,0.006113775540143251,False,0.0
3335,0.14336590468883514,False,0.0
3336,0.19553276896476746,False,0.0
3337,0.2872268557548523,True,0.5622261604294181
3338,0.1418079286813736,False,0.0
3339,0.03852960467338562,False,0.0
3340,0.002947578439489007,False,0.0
3341,0.04727433994412422,False,0.0
3342,0.13866685330867767,False,0.0
3343,0.15324142575263977,False,0.0
3344,0.1690472811460495,False,0.0
3345,0.13921968638896942,False,0.0
3346,0.008299958892166615,False,0.0
3347,0.09725502133369446,False,0.0
3348,0.5518391132354736,True,1.0
3349,0.2834826707839966,False,0.0
3350,0.27813029289245605,False,0.0
3351,0.24928271770477295,False,0.0
3352,0.021517574787139893,False,0.0
3353,0.13806377351284027,False,0.0
3354,0.03978603333234787,False,0.0
3355,0.2401861995458603,True,0.4373372495174408
3356,0.18972806632518768,False,0.0
3357,0.14469771087169647,False,0.0
3358,0.010109215043485165,False,0.0
3359,0.15459835529327393,False,0.0
3360,0.11363883316516876,False,0.0
3361,0.0595119409263134,False,0.0
3362,0.11074904352426529,False,0.0
3363,0.08077069371938705,False,0.0
3364,0.008400472812354565,False,0.0
3365,0.1382899284362793,False,0.0
3366,0.6023461818695068,True,1.0
3367,0.5384942889213562,False,0.0
3368,0.14851725101470947,False,0.0
3369,0.14399412274360657,False,0.0
3370,0.014933896251022816,False,0.0
3371,0.0684577077627182,False,0.0
3372,0.13414372503757477,False,0.0
3373,0.14100381731987,False,0.0
3374,0.512810230255127,True,0.9957526680082083
3375,0.12577591836452484,False,0.0
3376,0.01219488400965929,False,0.0
3377,0.10228072851896286,False,0.0
3378,0.06498996913433075,False,0.0
3379,0.15283936262130737,False,0.0
3380,0.14567773044109344,False,0.0
3381,0.15884508192539215,False,0.0
3382,0.01284822728484869,False,0.0
3383,0.09534525126218796,False,0.0
3384,0.959200382232666,True,1.0
3385,0.17261552810668945,False,0.0
3386,0.11223162710666656,False,0.0
3387,0.09785810858011246,False,0.0
3388,0.00990818627178669,False,0.0
3389,0.18575775623321533,False,0.3516991399228573
3390,0.0625273659825325,False,0.0
3391,0.08954055607318878,False,0.0
3392,0.04837999492883682,False,0.0
3393,0.1337668001651764,False,0.0
3394,0.009857929311692715,False,0.0
3395,0.264812171459198,True,0.5099084842950106
3396,0.14939676225185394,False,0.0
3397,0.04606816917657852,False,0.0
3398,0.09833554923534393,False,0.0
3399,0.0425250418484211,False,0.0
3400,0.005259404890239239,False,0.0
3401,0.11431729793548584,False,0.0
3402,0.5145860910415649,False,0.0
3403,0.5481380224227905,True,1.0
3404,0.13268627226352692,False,0.0
3405,0.15293988585472107,False,0.0
3406,0.014330810867249966,False,0.0
3407,0.06250223517417908,False,0.0
3408,0.15160806477069855,False,0.0
3409,0.1363801658153534,False,0.0
3410,0.21259506046772003,False,0.0
3411,0.05385801941156387,False,0.0
3412,0.00827482994645834,False,0.0
3413,0.4830441474914551,True,0.9458196088671684
3414,0.11914197355508804,False,0.0
3415,0.1473362147808075,False,0.0
3416,0.1377873718738556,False,0.0
3417,0.1744750440120697,False,0.0
3418,0.010134343057870865,False,0.0
3419,0.01103897113353014,False,0.0
3420,0.953231155872345,True,1.0
3421,0.34889230132102966,False,0.0
3422,0.2109616994857788,False,0.0
3423,0.14886905252933502,False,0.0
3424,0.010410756804049015,False,0.0
3425,0.17746533453464508,False,0.3319480996578932
3426,0.04244965687394142,False,0.0
3427,0.13886789977550507,False,0.0
3428,0.054762642830610275,False,0.0
3429,0.15691018104553223,False,0.0
3430,0.01149128470569849,False,0.0
3431,0.1373853087425232,False,0.0
3432,0.18651162087917328,False,0.3522017281502485
3433,0.06808077543973923,False,0.0
3434,0.13519911468029022,False,0.0
3435,0.0592103973031044,False,0.0
3436,0.004555805586278439,False,0.0
3437,0.14459720253944397,False,0.0
3438,0.5361204743385315,False,0.0
3439,0.5767621994018555,True,1.0
3440,0.15241217613220215,False,0.0
3441,0.13801352679729462,False,0.0
3442,0.01123999897390604,False,0.0
3443,0.04631945118308067,False,0.0
3444,0.11715682595968246,False,0.0
3445,0.1443207859992981,False,0.0
3446,0.18264181911945343,False,0.3428036402910948
3447,0.07190031558275223,False,0.0
3448,0.0075209736824035645,False,0.0
3449,0.12906776368618011,False,0.0
3450,0.0703674778342247,False,0.0
3451,0.1925676017999649,False,0.0
3452,0.14962290227413177,False,0.0
3453,0.2936346232891083,False,0.0
3454,0.021768860518932343,False,0.0
3455,0.10361253470182419,False,0.0
3456,0.9528657793998718,True,1.0
3457,0.1444212943315506,False,0.0
3458,0.1304498165845871,False,0.0
3459,0.3223816752433777,False,0.0
3460,0.023653501644730568,False,0.0
3461,0.21241915225982666,False,0.3775313012301922
3462,0.051093876361846924,False,0.0
3463,0.15766404569149017,False,0.0
3464,0.16836880147457123,False,0.0
3465,0.07169928401708603,False,0.0
3466,0.005435304716229439,False,0.0
3467,0.16467490792274475,False,0.0
3468,0.21322326362133026,True,0.40657989867031574
3469,0.06569356471300125,False,0.0
3470,0.18741624057292938,False,0.0
3471,0.18166181445121765,False,0.0
3472,0.00993331428617239,False,0.0
3473,0.08310764282941818,False,0.0
3474,0.8985918760299683,True,1.0
3475,0.6607877612113953,False,0.0
3476,0.26767683029174805,False,0.0
3477,0.06086888536810875,False,0.0
3478,0.006691732443869114,False,0.0
3479,0.512380063533783,True,0.9935856517404318
3480,0.07232750207185745,False,0.0
3481,0.19392453134059906,False,0.0
3482,0.25330328941345215,False,0.0
3483,0.2046293020248413,False,0.0
3484,0.015587237663567066,False,0.0
3485,0.0768003836274147,False,0.0
3486,0.32012009620666504,True,0.5968532413244247
3487,0.08536922186613083,False,0.0
3488,0.28617143630981445,False,0.0
3489,0.29260435700416565,False,0.0
3490,0.021693475544452667,False,0.0
3491,0.2388795167207718,False,0.0
3492,0.6190763711929321,True,1.0
3493,0.3361521363258362,False,0.0
3494,0.12353947013616562,False,0.0
3495,0.2292301505804062,False,0.0
3496,0.017270851880311966,False,0.0
3497,0.760456919670105,False,0.0
3498,0.49979662895202637,False,0.0
3499,0.0849420353770256,False,0.0
3500,0.8998316526412964,True,1.0
3501,0.0730813592672348,False,0.0
3502,0.0,False,0.0
3503,0.18065665662288666,False,0.0
3504,0.31640109419822693,False,0.0
3505,0.2083483189344406,False,0.0
3506,0.07245314121246338,False,0.0
3507,0.2949915826320648,False,0.0
3508,0.01335079688578844,False,0.0
3509,0.08941491693258286,False,0.0
3510,0.6505837440490723,False,0.0
3511,0.7072484493255615,True,1.0
3512,0.330121248960495,False,0.0
3513,0.09544576704502106,False,0.0
3514,0.0035757923033088446,False,0.0
3515,0.20875036716461182,False,0.0
3516,0.12135329097509384,False,0.0
3517,0.3037111461162567,True,0.5904705747961998
3518,0.253579705953598,False,0.0
3519,0.1963871419429779,False,0.0
3520,0.008475858718156815,False,0.0
3521,0.061597611755132675,False,0.0
3522,0.22830037772655487,False,0.20846639573574066
3523,0.12406717985868454,False,0.0
3524,0.2246064990758896,False,0.0
3525,0.63677579164505,False,0.0
3526,0.027096113190054893,False,0.0
3527,0.29632338881492615,False,0.0
3528,0.9530220627784729,True,1.0
3529,0.5859063863754272,False,0.0
3530,0.12635387480258942,False,0.0
3531,0.24774987995624542,False,0.0
3532,0.014707738533616066,False,0.0
3533,0.30376142263412476,True,0.41738517582416534
3534,0.23563793301582336,False,0.0
3535,0.09506883472204208,False,0.0
3536,0.36437147855758667,False,0.0
3537,0.09082211554050446,False,0.0
3538,0.0028470640536397696,False,0.0
3539,0.2241039276123047,False,0.0
3540,0.6341701745986938,True,1.0
3541,0.25762543082237244,False,0.0
3542,0.09878786653280258,False,0.0
3543,0.2965746819972992,False,0.0
3544,0.019582677632570267,False,0.0
3545,0.11587526649236679,False,0.0
3546,0.9430396556854248,True,1.0
3547,0.7702370882034302,False,0.0
3548,0.3482138216495514,False,0.0
3549,0.10326073318719864,False,0.0
3550,0.009003558196127415,False,0.0
3551,0.6076135039329529,False,0.0
3552,0.08923901617527008,False,0.0
3553,0.282904714345932,False,0.0
3554,0.6632057428359985,True,1.0
3555,0.3035854995250702,False,0.0
3556,0.019457034766674042,False,0.0
3557,0.08026812225580215,False,0.0
3558,0.20839858055114746,False,0.0
3559,0.12859031558036804,False,0.0
3560,0.23372815549373627,False,0.0
3561,0.3980939984321594,False,0.0
3562,0.024533001706004143,False,0.0
3563,0.26355573534965515,False,0.0
3564,0.6330112218856812,True,1.0
3565,0.5933645963668823,False,0.0
3566,0.3519579768180847,False,0.0
3567,0.10567307472229004,False,0.0
3568,0.01078768540173769,False,0.0
3569,0.34627893567085266,False,0.0
3570,0.30323371291160583,False,0.0
3571,0.09207853674888611,False,0.0
3572,0.2666465640068054,False,0.0
3573,0.6522681713104248,True,1.0
3574,0.037599846720695496,False,0.0
3575,0.18178744614124298,False,0.0
3576,0.4153573215007782,False,0.0
3577,0.3304479420185089,False,0.0
3578,0.0801173523068428,False,0.0
3579,0.28767916560173035,False,0.0
3580,0.019080106168985367,False,0.0
3581,0.2921268939971924,False,0.0
3582,0.5589010119438171,False,0.0
3583,0.6650021076202393,True,1.0
3584,0.28147241473197937,False,0.0
3585,0.11007057875394821,False,0.0
3586,0.008299958892166615,False,0.0
3587,0.2869504392147064,False,0.0
3588,0.2551879584789276,False,0.0
3589,0.08851028978824615,False,0.0
3590,0.31439080834388733,False,0.0
3591,0.3136620819568634,False,0.0
3592,0.022949902340769768,False,0.0
3593,0.2656414210796356,False,0.0
3594,0.33147820830345154,True,0.6329378541558981
3595,0.256771057844162,False,0.0
3596,0.0746895894408226,False,0.0
3597,0.2843119204044342,False,0.0
3598,0.015009281225502491,False,0.0
3599,0.17917408049106598,False,0.0
3600,0.9820040464401245,True,1.0
3601,0.5914522409439087,False,0.0
3602,0.2680034935474396,False,0.0
3603,0.08426355570554733,False,0.0
3604,0.006792245898395777,False,0.0
3605,0.1834208071231842,False,0.0
3606,0.2657167911529541,True,0.5063904728740454
3607,0.06850796192884445,False,0.0
3608,0.2207869589328766,False,0.0
3609,0.21013246476650238,False,0.0
3610,0.012521554715931416,False,0.0
3611,0.08114761859178543,False,0.0
3612,0.2143791764974594,False,0.0
3613,0.2654906213283539,True,0.5025709066540003
3614,0.10449203103780746,False,0.0
3615,0.21540944278240204,False,0.0
3616,0.01420516800135374,False,0.0
3617,0.22515931725502014,False,0.0
3618,0.617666482925415,True,1.0
3619,0.3405998647212982,False,0.0
3620,0.3247940242290497,False,0.0
3621,0.07974042743444443,False,0.0
3622,0.006440446712076664,False,0.0
3623,0.18186283111572266,False,0.0
3624,0.20726779103279114,False,0.0
3625,0.0789111778140068,False,0.0
3626,0.2353615015745163,False,0.0
3627,0.2459155172109604,True,0.46276735700666904
3628,0.017924193292856216,False,0.0
3629,0.0757952407002449,False,0.0
3630,0.19563327729701996,False,0.0
3631,0.22455623745918274,False,0.0
3632,0.10057199001312256,False,0.0
3633,0.18621008098125458,False,0.0
3634,0.014531838707625866,False,0.0
3635,0.27514001727104187,False,0.0
3636,0.7682207226753235,True,1.0
3637,0.27712517976760864,False,0.0
3638,0.2066144496202469,False,0.0
3639,0.17733970284461975,False,0.0
3640,0.018125221133232117,False,0.0
3641,0.15773943066596985,False,0.0
3642,0.2206864356994629,True,0.40512242913246155
3643,0.054209817200899124,False,0.0
3644,0.18374747037887573,False,0.0
3645,0.21450482308864594,False,0.0
3646,0.017170337960124016,False,0.0
3647,0.07883579283952713,False,0.0
3648,0.18698905408382416,False,0.0
3649,0.30232909321784973,True,0.5703175105154514
3650,0.08587178587913513,False,0.0
3651,0.21209247410297394,False,0.0
3652,0.017120080068707466,False,0.0
3653,0.2341553419828415,False,0.0
3654,0.6932050585746765,True,1.0
3655,0.40133556723594666,False,0.0
3656,0.28908634185791016,False,0.0
3657,0.17924946546554565,False,0.0
3658,0.01541133876889944,False,0.0
3659,0.328739196062088,True,0.6266557145863771
3660,0.19543224573135376,False,0.0
3661,0.07350854575634003,False,0.0
3662,0.17530427873134613,False,0.0
3663,0.22387777268886566,False,0.0
3664,0.01541133876889944,False,0.0
3665,0.060592468827962875,False,0.0
3666,0.19515584409236908,False,0.0
3667,0.26415881514549255,True,0.4892527908086777
3668,0.12896724045276642,False,0.0
3669,0.2411913424730301,False,0.0
3670,0.019532419741153717,False,0.0
3671,0.3639191687107086,False,0.0
3672,0.9482932686805725,True,1.0
3673,0.24920733273029327,False,0.0
3674,0.1811089813709259,False,0.0
3675,0.15806609392166138,False,0.0
3676,0.01139077078551054,False,0.0
3677,0.0723777636885643,False,0.0
3678,0.3113502562046051,True,0.5999189708381891
3679,0.0508677177131176,False,0.0
3680,0.14509977400302887,False,0.0
3681,0.15525171160697937,False,0.0
3682,0.00897842925041914,False,0.0
3683,0.16035279631614685,False,0.0
3684,0.060190409421920776,False,0.0
3685,0.18691366910934448,False,0.35164888203144073
3686,0.07423727214336395,False,0.0
3687,0.1583927720785141,False,0.0
3688,0.011089228093624115,False,0.0
3689,0.21983206272125244,False,0.0
3690,0.8795850276947021,True,1.0
3691,0.2539817690849304,False,0.0
3692,0.24769961833953857,False,0.0
3693,0.07132235914468765,False,0.0
3694,0.008802530355751514,False,0.0
3695,0.1782945841550827,False,0.0
3696,0.21360018849372864,False,0.0
3697,0.29413720965385437,True,0.5706693585962057
3698,0.07778039574623108,False,0.0
3699,0.2051318734884262,False,0.0
3700,0.014506709761917591,False,0.0
3701,0.0581047423183918,False,0.0
3702,0.16384565830230713,False,0.0
3703,0.17314323782920837,False,0.31727305613458157
3704,0.16349385678768158,False,0.0
3705,0.0717746764421463,False,0.0
3706,0.007244560401886702,False,0.0
3707,0.2109616994857788,False,0.0
3708,0.5723925232887268,True,1.0
3709,0.2562684714794159,False,0.0
3710,0.21520841121673584,False,0.0
3711,0.2679280936717987,False,0.0
3712,0.024306844919919968,False,0.0
3713,0.09876273572444916,False,0.0
3714,0.20347337424755096,False,0.0
3715,0.3297443389892578,True,0.6108749881386757
3716,0.2550371587276459,False,0.0
3717,0.16145846247673035,False,0.0
3718,0.01025998592376709,False,0.0
3719,0.15897072851657867,False,0.0
3720,0.070870041847229,False,0.0
3721,0.16781596839427948,False,0.3151119649410248
3722,0.15535221993923187,False,0.0
3723,0.061195552349090576,False,0.0
3724,0.006113775540143251,False,0.0
3725,0.16841906309127808,False,0.0
3726,0.5968610644340515,True,1.0
3727,0.1404007375240326,False,0.0
3728,0.19797024130821228,False,0.0
3729,0.21380122005939484,False,0.0
3730,0.018728306517004967,False,0.0
3731,0.09265649318695068,False,0.0
3732,0.22214388847351074,False,0.0
3733,0.2364923059940338,False,0.0
3734,0.2582787573337555,False,0.0
3735,0.2892371118068695,True,0.5410176105797291
3736,0.01950729265809059,False,0.0
3737,0.16781596839427948,False,0.0
3738,0.05486316233873367,False,0.0
3739,0.198472797870636,False,0.0
3740,0.17640994489192963,False,0.0
3741,0.09049543738365173,False,0.0
3742,0.007194302976131439,False,0.0
3743,0.36688432097435,False,0.0
3744,0.9439470767974854,True,1.0
3745,0.2735820412635803,False,0.0
3746,0.19761843979358673,False,0.0
3747,0.20638830959796906,False,0.0
3748,0.017672907561063766,False,0.0
3749,0.06679921597242355,False,0.0
3750,0.8992680311203003,True,1.0
3751,0.18937627971172333,False,0.0
3752,0.041871700435876846,False,0.0
3753,0.24272418022155762,False,0.0
3754,0.005485561676323414,False,0.0
3755,0.3318551480770111,True,0.6527391728013754
3756,0.04003731533885002,False,0.0
3757,0.22588804364204407,False,0.0
3758,0.2115647792816162,False,0.0
3759,0.06632178276777267,False,0.0
3760,0.0,False,0.0
3761,0.28406065702438354,False,0.0
3762,0.6117367744445801,True,1.0
3763,0.1732688695192337,False,0.0
3764,0.31187793612480164,False,0.0
3765,0.23825131356716156,False,0.0
3766,0.01096358522772789,False,0.0
3767,0.040665533393621445,False,0.0
3768,0.203724667429924,False,0.0
3769,0.2452119141817093,False,0.0
3770,0.08876156806945801,False,0.0
3771,0.2630783021450043,False,0.0
3772,0.013200025074183941,False,0.0
3773,0.5911843776702881,True,1.0
3774,0.1849285215139389,False,0.0
3775,0.27390870451927185,False,0.0
3776,0.1954825073480606,False,0.0
3777,0.19606046378612518,False,0.0
3778,0.01061178557574749,False,0.0
3779,0.1736709326505661,False,0.0
3780,0.9994555711746216,True,1.0
3781,0.29009148478507996,False,0.0
3782,0.17291706800460815,False,0.0
3783,0.17530427873134613,False,0.0
3784,0.01375285442918539,False,0.0
3785,0.1540706604719162,False,0.0
3786,0.15876971185207367,False,0.2091197893023491
3787,0.12901750206947327,False,0.0
3788,0.054209817200899124,False,0.0
3789,0.1672380268573761,False,0.0
3790,0.01096358522772789,False,0.0
3791,0.16957497596740723,False,0.0
3792,0.174374520778656,False,0.0
3793,0.15110549330711365,False,0.0
3794,0.17482684552669525,False,0.0
3795,0.06471355259418488,False,0.0
3796,0.004405034240335226,False,0.0
3797,0.18480287492275238,False,0.0
3798,0.5368534326553345,True,1.0
3799,0.341806024312973,False,0.0
3800,0.24724732339382172,False,0.0
3801,0.17500273883342743,False,0.0
3802,0.011968727223575115,False,0.0
3803,0.04767639562487602,False,0.0
3804,0.16668519377708435,False,0.0
3805,0.17962639033794403,False,0.0
3806,0.17791764438152313,False,0.0
3807,0.18982858955860138,False,0.0
3808,0.015386208891868591,False,0.0
3809,0.18306900560855865,False,0.0
3810,0.07094543427228928,False,0.0
3811,0.19410043954849243,False,0.0
3812,0.18234027922153473,False,0.0
3813,0.1967891901731491,False,0.0
3814,0.015386208891868591,False,0.0
3815,0.21422839164733887,False,0.0
3816,0.7856446504592896,True,1.0
3817,0.262399822473526,False,0.0
3818,0.2301347702741623,False,0.0
3819,0.33409157395362854,False,0.0
3820,0.03149361163377762,False,0.0
3821,0.18218950927257538,False,0.0
3822,0.18558186292648315,False,0.2642015442252159
3823,0.1711580753326416,False,0.0
3824,0.0534810908138752,False,0.0
3825,0.1935727447271347,False,0.0
3826,0.01357695460319519,False,0.0
3827,0.18806958198547363,False,0.0
3828,0.1952814906835556,False,0.3634090721607208
3829,0.17696277797222137,False,0.0
3830,0.1847274899482727,False,0.0
3831,0.06086888536810875,False,0.0
3832,0.007797387894243002,False,0.0
3833,0.17887254059314728,False,0.0
3834,0.7467997074127197,True,1.0
3835,0.5000884532928467,False,0.0
3836,0.2533535659313202,False,0.0
3837,0.3318551480770111,False,0.0
3838,0.027849970385432243,False,0.0
3839,0.22855167090892792,True,0.40140340104699135
3840,0.17892280220985413,False,0.0
3841,0.17595762014389038,False,0.0
3842,0.16133281588554382,False,0.0
3843,0.08459023386240005,False,0.0
3844,0.01000870019197464,False,0.0
3845,0.18621008098125458,False,0.3419995419681072
3846,0.07054337114095688,False,0.0
3847,0.17831970751285553,False,0.0
3848,0.16369490325450897,False,0.0
3849,0.16535338759422302,False,0.0
3850,0.015210309997200966,False,0.0
3851,0.12012199312448502,False,0.0
3852,0.9424306154251099,True,1.0
3853,0.17188680171966553,False,0.0
3854,0.18048076331615448,False,0.0
3855,0.16384565830230713,False,0.0
3856,0.015763139352202415,False,0.0
3857,0.200910285115242,False,0.0
3858,0.2186007797718048,True,0.4056752808392048
3859,0.20859961211681366,False,0.0
3860,0.060441698879003525,False,0.0
3861,0.15841789543628693,False,0.0
3862,0.01229539792984724,False,0.0
3863,0.16477541625499725,False,0.222488135099411
3864,0.16158409416675568,False,0.0
3865,0.05353134870529175,False,0.0
3866,0.20347337424755096,False,0.0
3867,0.06700024753808975,False,0.0
3868,0.008124059997498989,False,0.0
3869,0.17706327140331268,False,0.0
3870,0.837523341178894,True,1.0
3871,0.5287385582923889,False,0.0
3872,0.12781132757663727,False,0.0
3873,0.24970991909503937,False,0.0
3874,0.019582677632570267,False,0.0
3875,0.061748381704092026,False,0.0
3876,0.22603881359100342,False,0.0
3877,0.3261007070541382,True,0.6130360588431358
3878,0.190657839179039,False,0.0
3879,0.06682434678077698,False,0.0
3880,0.007621488068252802,False,0.0
3881,0.19917641580104828,False,0.0
3882,0.034182365983724594,False,0.0
3883,0.2111627161502838,False,0.0
3884,0.2179976999759674,False,0.0
3885,0.1944773644208908,False,0.0
3886,0.014481581747531891,False,0.0
3887,0.21279607713222504,False,0.0
3888,0.7722792029380798,True,1.0
3889,0.2300342619419098,False,0.0
3890,0.23066246509552002,False,0.0
3891,0.19440197944641113,False,0.0
3892,0.01598929427564144,False,0.0
3893,0.24081440269947052,False,0.0
3894,0.2757933437824249,False,0.0
3895,0.5176123380661011,True,1.0
3896,0.14256177842617035,False,0.0
3897,0.19312041997909546,False,0.0
3898,0.01219488400965929,False,0.0
3899,0.15917176008224487,False,0.0
3900,0.17701302468776703,False,0.0
3901,0.1775909811258316,False,0.0
3902,0.17872177064418793,False,0.0
3903,0.06903566420078278,False,0.0
3904,0.005209147464483976,False,0.0
3905,0.19191424548625946,False,0.0
3906,0.7533740997314453,True,1.0
3907,0.33522236347198486,False,0.0
3908,0.20417697727680206,False,0.0
3909,0.22133977711200714,False,0.0
3910,0.015486723743379116,False,0.0
3911,0.03993680328130722,False,0.0
3912,0.2588818371295929,False,0.0
3913,0.3146671950817108,False,0.0
3914,0.6135439276695251,True,1.0
3915,0.31529542803764343,False,0.0
3916,0.019230877980589867,False,0.0
3917,0.21292172372341156,False,0.0
3918,0.057376015931367874,False,0.0
3919,0.2359645813703537,True,0.43346740677952766
3920,0.2228977531194687,False,0.0
3921,0.2160879224538803,False,0.0
3922,0.012496426701545715,False,0.0
3923,0.23722103238105774,False,0.0
3924,0.9648182988166809,True,1.0
3925,0.3303474187850952,False,0.0
3926,0.22066131234169006,False,0.0
3927,0.20586059987545013,False,0.0
3928,0.015185180120170116,False,0.0
3929,0.21963103115558624,False,0.29797427356243134
3930,0.19686459004878998,False,0.0
3931,0.2032974809408188,False,0.0
3932,0.07064389437437057,False,0.0
3933,0.26908403635025024,False,0.0
3934,0.019230877980589867,False,0.0
3935,0.3370567262172699,True,0.6437430921941996
3936,0.221390038728714,False,0.0
3937,0.18558186292648315,False,0.0
3938,0.18407414853572845,False,0.0
3939,0.0557929165661335,False,0.0
3940,0.006515832152217627,False,0.0
3941,0.18656186759471893,False,0.0
3942,0.543352484703064,True,1.0
3943,0.23581384122371674,False,0.0
3944,0.18063153326511383,False,0.0
3945,0.2065390646457672,False,0.0
3946,0.016893921419978142,False,0.0
3947,0.0652412474155426,False,0.0
3948,0.2526499629020691,False,0.0
3949,0.2738584578037262,False,0.0
3950,0.2295316904783249,False,0.0
3951,0.222797229886055,False,0.0
3952,0.014808252453804016,False,0.0
3953,0.5703181624412537,True,1.0
3954,0.13891814649105072,False,0.0
3955,0.17806842923164368,False,0.0
3956,0.18163667619228363,False,0.0
3957,0.18648648262023926,False,0.0
3958,0.01284822728484869,False,0.0
3959,0.15354296565055847,False,0.0
3960,0.9582833647727966,True,1.0
3961,0.6084668636322021,False,0.0
3962,0.13763658702373505,False,0.0
3963,0.19864870607852936,False,0.0
3964,0.017823679372668266,False,0.0
3965,0.19995538890361786,False,0.0
3966,0.18932601809501648,False,0.0
3967,0.19842255115509033,False,0.0
3968,0.21530893445014954,False,0.39497051015496254
3969,0.09444062411785126,False,0.0
3970,0.011516413651406765,False,0.0
3971,0.24513652920722961,False,0.0
3972,0.20354877412319183,False,0.0
3973,0.2612941861152649,True,0.48322198912501335
3974,0.2150576412677765,False,0.0
3975,0.24594064056873322,False,0.0
3976,0.019683191552758217,False,0.0
3977,0.08014248311519623,False,0.0
3978,0.5732824802398682,False,0.0
3979,0.5877349972724915,True,1.0
3980,0.29310691356658936,False,0.0
3981,0.21023297309875488,False,0.0
3982,0.015185180120170116,False,0.0
3983,0.19279375672340393,False,0.0
3984,0.07843373715877533,False,0.0
3985,0.20950424671173096,False,0.0
3986,0.20968012511730194,False,0.0
3987,0.22900398075580597,False,0.0
3988,0.014506709761917591,False,0.0
3989,0.2585048973560333,False,0.0
3990,0.5163973569869995,True,0.999660212546587
3991,0.14075253903865814,False,0.0
3992,0.23935694992542267,False,0.0
3993,0.2737328112125397,False,0.0
3994,0.016567250713706017,False,0.0
3995,0.27018967270851135,False,0.0
3996,0.9695554375648499,True,1.0
3997,0.4832208454608917,False,0.0
3998,0.06270326673984528,False,0.0
3999,0.504470944404602,False,0.0
4000,0.8995365500450134,False,0.0
4001,0.2513684034347534,False,0.0
4002,0.23543690145015717,False,0.0
4003,0.36605510115623474,False,0.26123639941215515
4004,0.27260202169418335,False,0.0
4005,0.06808077543973923,False,0.0
4006,0.0,False,0.0
4007,0.2838093638420105,False,0.0
4008,0.25792694091796875,False,0.0
4009,0.24312622845172882,False,0.0
4010,0.2689583897590637,False,0.0
4011,0.2612941861152649,False,0.0
4012,0.004128620028495789,False,0.0
4013,0.08438920229673386,False,0.0
4014,0.887075662612915,True,1.0
4015,0.7371125817298889,False,0.0
4016,0.35922011733055115,False,0.0
4017,0.32135140895843506,False,0.0
4018,0.01900472119450569,False,0.0
4019,0.4337765872478485,True,0.8295437321066856
4020,0.07587062567472458,False,0.0
4021,0.3864343464374542,False,0.0
4022,0.34698253870010376,False,0.0
4023,0.3238140046596527,False,0.0
4024,0.01754726469516754,False,0.0
4025,0.2956449091434479,True,0.5561952888965607
4026,0.282904714345932,False,0.0
4027,0.09594833105802536,False,0.0
4028,0.2803667485713959,False,0.0
4029,0.2856437563896179,False,0.0
4030,0.013300539925694466,False,0.0
4031,0.33542340993881226,False,0.0
4032,0.8264728784561157,True,1.0
4033,0.5045636892318726,False,0.0
4034,0.1817120760679245,False,0.0
4035,0.3927667438983917,False,0.0
4036,0.023603243753314018,False,0.0
4037,0.7290717363357544,True,1.0
4038,0.3834189176559448,False,0.0
4039,0.3474096953868866,False,0.0
4040,0.3089127838611603,False,0.0
4041,0.07936349511146545,False,0.0
4042,0.0037014347035437822,False,0.0
4043,0.29066944122314453,False,0.0
4044,0.34999796748161316,True,0.6747517976909876
4045,0.29903724789619446,False,0.0
4046,0.28707608580589294,False,0.0
4047,0.28735247254371643,False,0.0
4048,0.012622068636119366,False,0.0
4049,0.08569588512182236,False,0.0
4050,0.9892578721046448,True,1.0
4051,0.4424710273742676,False,0.0
4052,0.34075066447257996,False,0.0
4053,0.33753418922424316,False,0.0
4054,0.018552405759692192,False,0.0
4055,0.2634049654006958,False,0.0
4056,0.07446342706680298,False,0.0
4057,0.3472338020801544,True,0.6573627926409245
4058,0.31150099635124207,False,0.0
4059,0.283683717250824,False,0.0
4060,0.014582096599042416,False,0.0
4061,0.29702696204185486,False,0.0
4062,0.31662723422050476,True,0.6010748483240604
4063,0.17133396863937378,False,0.0
4064,0.2760697603225708,False,0.0
4065,0.25815311074256897,False,0.0
4066,0.01608981005847454,False,0.0
4067,0.28556835651397705,False,0.0
4068,0.9853000044822693,True,1.0
4069,0.47518840432167053,False,0.0
4070,0.17243961989879608,False,0.0
4071,0.2594849169254303,False,0.0
4072,0.005711718928068876,False,0.0
4073,0.23518560826778412,False,0.0
4074,0.35120412707328796,True,0.6909848162904382
4075,0.3140389919281006,False,0.0
4076,0.25071507692337036,False,0.0
4077,0.07612191140651703,False,0.0
4078,0.0037265631835907698,False,0.0
4079,0.24372930824756622,False,0.0
4080,0.25322791934013367,False,0.0
4081,0.24538779258728027,False,0.0
4082,0.2655157744884491,False,0.0
4083,0.2718481719493866,False,0.0
4084,0.01093845721334219,False,0.0
4085,0.0515713207423687,False,0.0
4086,0.9646499752998352,True,1.0
4087,0.7625662684440613,False,0.0
4088,0.38623329997062683,False,0.0
4089,0.5019000768661499,False,0.0
4090,0.02983512543141842,False,0.0
4091,0.34044909477233887,True,0.6212279386818409
4092,0.06134632229804993,False,0.0
4093,0.2878550589084625,False,0.0
4094,0.29943931102752686,False,0.0
4095,0.31200358271598816,False,0.0
4096,0.013149768114089966,False,0.0
4097,0.3028819262981415,False,0.0
4098,0.33029717206954956,True,0.4686976820230484
4099,0.09594833105802536,False,0.0
4100,0.34065014123916626,False,0.0
4101,0.32926687598228455,False,0.0
4102,0.014959024265408516,False,0.0
4103,0.3075307011604309,False,0.0
4104,0.8705524206161499,True,1.0
4105,0.7414737939834595,False,0.0
4106,0.23923130333423615,False,0.0
4107,0.43681713938713074,False,0.0
4108,0.026593541726469994,False,0.0
4109,0.48727521300315857,True,0.9213633425533772
4110,0.3802024722099304,False,0.0
4111,0.33652904629707336,False,0.0
4112,0.3559282720088959,False,0.0
4113,0.08775642514228821,False,0.0
4114,0.004304520320147276,False,0.0
4115,0.35954681038856506,False,0.0
4116,0.334945946931839,False,0.0
4117,0.3388659954071045,False,0.0
4118,0.36306479573249817,False,0.0
4119,0.37500086426734924,False,0.0
4120,0.012245140969753265,False,0.0
4121,0.0890631154179573,False,0.0
4122,0.7103020548820496,True,1.0
4123,0.3951539695262909,False,0.0
4124,0.3929175138473511,False,0.0
4125,0.4457879960536957,False,0.0
4126,0.019984735175967216,False,0.0
4127,0.8388016223907471,True,1.0
4128,0.19754305481910706,False,0.0
4129,0.4327714145183563,False,0.0
4130,0.4095023572444916,False,0.0
4131,0.36256223917007446,False,0.0
4132,0.016315964981913567,False,0.0
4133,0.3667084276676178,True,0.7007849253714085
4134,0.3536415994167328,False,0.0
4135,0.09431498497724533,False,0.0
4136,0.3517569601535797,False,0.0
4137,0.3352474868297577,False,0.0
4138,0.014280552975833416,False,0.0
4139,0.32826176285743713,False,0.0
4140,0.9961168169975281,True,1.0
4141,0.42777082324028015,False,0.0
4142,0.07235263288021088,False,0.0
4143,0.38515278697013855,False,0.0
4144,0.022824259474873543,False,0.0
4145,0.3467312455177307,False,0.0
4146,0.499010294675827,True,0.952372070401907
4147,0.36806538701057434,False,0.0
4148,0.3379613757133484,False,0.0
4149,0.08541947603225708,False,0.0
4150,0.005083504598587751,False,0.0
4151,0.3154713213443756,False,0.0
4152,0.3441932499408722,False,0.0
4153,0.34776151180267334,False,0.0
4154,0.3509528338909149,False,0.0
4155,0.3155467212200165,False,0.0
4156,0.01347644068300724,False,0.0
4157,0.09202828258275986,False,0.0
4158,0.7792534828186035,True,1.0
4159,0.4427223205566406,False,0.0
4160,0.33652904629707336,False,0.0
4161,0.367336630821228,False,0.0
4162,0.020839104428887367,False,0.0
4163,0.41859889030456543,False,0.0
4164,0.12193124741315842,False,0.0
4165,0.7844194173812866,True,1.0
4166,0.45119062066078186,False,0.0
4167,0.3847004771232605,False,0.0
4168,0.014833382330834866,False,0.0
4169,0.33037254214286804,False,0.0
4170,0.3362526297569275,True,0.6428384948521852
4171,0.09109852463006973,False,0.0
4172,0.32044678926467896,False,0.0
4173,0.2897648215293884,False,0.0
4174,0.011918469332158566,False,0.0
4175,0.3128831088542938,False,0.0
4176,0.7124467492103577,True,1.0
4177,0.43681713938713074,False,0.0
4178,0.10793464630842209,False,0.0
4179,0.29722800850868225,False,0.0
4180,0.011968727223575115,False,0.0
4181,0.3011983335018158,False,0.0
4182,0.29458948969841003,False,0.0
4183,0.2979064881801605,False,0.0
4184,0.9994749426841736,True,1.0
4185,0.43551039695739746,False,0.0
4186,0.035137247294187546,False,0.0
4187,0.44435569643974304,False,0.0
4188,0.34306249022483826,False,0.0
4189,0.31821033358573914,False,0.0
4190,0.3155467212200165,False,0.0
4191,0.3512292504310608,False,0.0
4192,0.01473286747932434,False,0.0
4193,0.09376215189695358,False,0.0
4194,0.8064854145050049,True,1.0
4195,0.3737444281578064,False,0.0
4196,0.34125322103500366,False,0.0
4197,0.3198688328266144,False,0.0
4198,0.011189742013812065,False,0.0
4199,0.3594965636730194,False,0.0
4200,0.072076216340065,False,0.0
4201,0.020663205534219742,False,0.0
4202,0.30795788764953613,False,0.0
4203,0.7322638034820557,True,1.0
4204,0.027799714356660843,False,0.0
4205,0.5025282502174377,False,0.0
4206,0.4166891574859619,False,0.0
4207,0.11238240450620651,False,0.0
4208,0.032021310180425644,False,0.0
4209,0.33690598607063293,False,0.0
4210,0.017572393640875816,False,0.0
4211,0.36537662148475647,False,0.0
4212,0.9993816018104553,True,1.0
4213,0.7910414934158325,False,0.0
4214,0.17605814337730408,False,0.0
4215,0.03516237810254097,False,0.0
4216,0.0,False,0.0
4217,0.36638176441192627,False,0.0
4218,0.35854166746139526,False,0.0
4219,0.3528625965118408,False,0.0
4220,0.44264695048332214,False,0.0
4221,0.19271837174892426,False,0.0
4222,0.014707738533616066,False,0.0
4223,0.2253100872039795,False,0.0
4224,0.44365206360816956,False,0.16896438598632812
4225,0.3591698706150055,False,0.0
4226,0.3812578618526459,False,0.0
4227,0.4900393486022949,False,0.0
4228,0.011466155759990215,False,0.0
4229,0.13680735230445862,False,0.0
4230,0.7331027388572693,True,1.0
4231,0.4585030674934387,False,0.0
4232,0.34414300322532654,False,0.0
4233,0.33519724011421204,False,0.0
4234,0.01764777861535549,False,0.0
4235,0.40671306848526,True,0.778130579739809
4236,0.09635039418935776,False,0.0
4237,0.039760902523994446,False,0.0
4238,0.3194918930530548,False,0.0
4239,0.30748042464256287,False,0.0
4240,0.016768280416727066,False,0.0
4241,0.36216017603874207,False,0.0
4242,0.7427021265029907,True,1.0
4243,0.19583430886268616,False,0.0
4244,0.030463341623544693,False,0.0
4245,0.4015617370605469,False,0.0
4246,0.024005301296710968,False,0.0
4247,0.3482138216495514,False,0.0
4248,0.8239748477935791,False,0.0
4249,0.7120073437690735,False,0.0
4250,0.8994317650794983,True,1.0
4251,0.016868794336915016,False,0.0
4252,0.0,False,0.0
4253,0.271471232175827,False,0.0
4254,0.29722800850868225,False,0.0
4255,0.28687503933906555,False,0.0
4256,0.3736187815666199,True,0.7472375631332397
4257,0.07602139562368393,False,0.0
4258,0.0,False,0.0
4259,0.017873935401439667,False,0.0
4260,0.23689435422420502,False,0.0
4261,0.6866724491119385,True,1.0
4262,0.3464296758174896,False,0.0
4263,0.45156756043434143,False,0.0
4264,0.016265708953142166,False,0.0
4265,0.0827307179570198,False,0.0
4266,0.6178004145622253,True,1.0
4267,0.4007827341556549,False,0.0
4268,0.29180023074150085,False,0.0
4269,0.3133353888988495,False,0.0
4270,0.014808252453804016,False,0.0
4271,0.371960312128067,True,0.714304119348526
4272,0.12205689400434494,False,0.0
4273,0.0453394390642643,False,0.0
4274,0.24347804486751556,False,0.0
4275,0.2592838704586029,False,0.0
4276,0.010385628789663315,False,0.0
4277,0.35009846091270447,False,0.0
4278,0.631960928440094,True,1.0
4279,0.2304363250732422,False,0.0
4280,0.15163318812847137,False,0.0
4281,0.33451876044273376,False,0.0
4282,0.015587237663567066,False,0.0
4283,0.39442524313926697,False,0.0
4284,0.9823436737060547,True,1.0
4285,0.7541223764419556,False,0.0
4286,0.2543838322162628,False,0.0
4287,0.08350970596075058,False,0.0
4288,0.004028105642646551,False,0.0
4289,0.35562676191329956,False,0.0
4290,0.29117199778556824,False,0.0
4291,0.2862468361854553,False,0.0
4292,0.3640196919441223,True,0.7148569477722049
4293,0.10361253470182419,False,0.0
4294,0.0065912180580198765,False,0.0
4295,0.01759752258658409,False,0.0
4296,0.2653901278972626,False,0.0
4297,0.34336400032043457,False,0.0
4298,0.33459416031837463,False,0.0
4299,0.7472739815711975,True,1.0
4300,0.029156655073165894,False,0.0
4301,0.3853789269924164,False,0.0
4302,0.326125830411911,False,0.0
4303,0.0725787878036499,False,0.0
4304,0.2818744480609894,False,0.0
4305,0.3300207555294037,True,0.5148839354515076
4306,0.013375925831496716,False,0.0
4307,0.3174816071987152,False,0.0
4308,0.2715717554092407,False,0.0
4309,0.07607165724039078,False,0.0
4310,0.020713461562991142,False,0.0
4311,0.2648372948169708,False,0.0
4312,0.006993274670094252,False,0.0
4313,0.28546783328056335,False,0.0
4314,0.4268913269042969,True,0.8397961044684052
4315,0.3115261495113373,False,0.0
4316,0.05451136454939842,False,0.0
4317,0.0063399323262274265,False,0.0
4318,0.0,False,0.0
4319,0.2248075306415558,False,0.0
4320,0.9944918751716614,True,1.0
4321,0.4339524209499359,False,0.0
4322,0.31790879368782043,False,0.0
4323,0.053053904324769974,False,0.0
4324,0.0015906367916613817,False,0.0
4325,0.006440446712076664,False,0.0
4326,0.21254479885101318,False,0.0
4327,0.23028555512428284,False,0.0
4328,0.231667622923851,False,0.0
4329,0.286297082901001,True,0.5532301086932421
4330,0.00968202855437994,False,0.0
4331,0.07765474915504456,False,0.0
4332,0.026593541726469994,False,0.0
4333,0.23598971962928772,False,0.0
4334,0.24171903729438782,False,0.0
4335,0.29159921407699585,False,0.0
4336,0.01078768540173769,False,0.0
4337,0.3377854824066162,False,0.0
4338,0.35851654410362244,True,0.6984228864312172
4339,0.19849793612957,False,0.0
4340,0.344997376203537,False,0.0
4341,0.24533753097057343,False,0.0
4342,0.00930510088801384,False,0.0
4343,0.21752023696899414,False,0.0
4344,0.4261123239994049,True,0.849043374415487
4345,0.09225443750619888,False,0.0
4346,0.018979592248797417,False,0.0
4347,0.2713707387447357,False,0.0
4348,0.010360500775277615,False,0.0
4349,0.2539566457271576,False,0.0
4350,0.2840103805065155,False,0.0
4351,0.32115039229393005,True,0.6215797830373049
4352,0.09579756110906601,False,0.0
4353,0.015285694971680641,False,0.0
4354,0.0,False,0.0
4355,0.256771057844162,False,0.0
4356,0.7332280278205872,True,1.0
4357,0.6640515923500061,False,0.0
4358,0.6814823746681213,False,0.0
4359,0.23724615573883057,False,0.0
4360,0.01219488400965929,False,0.0
4361,0.04898307844996452,False,0.0
4362,0.24023644626140594,False,0.0
4363,0.2783062160015106,False,0.0
4364,0.4187999367713928,True,0.8051187135279179
4365,0.4096531569957733,False,0.0
4366,0.018326250836253166,False,0.0
4367,0.0880579724907875,False,0.0
4368,0.019230877980589867,False,0.0
4369,0.2869001626968384,False,0.0
4370,0.2833821475505829,False,0.0
4371,0.3222057819366455,False,0.0
4372,0.01624058000743389,False,0.0
4373,0.37007567286491394,False,0.0
4374,0.69337397813797,True,1.0
4375,0.18696393072605133,False,0.0
4376,0.3303474187850952,False,0.0
4377,0.4130706489086151,False,0.0
4378,0.022623231634497643,False,0.0
4379,0.43138933181762695,True,0.8175322003662586
4380,0.3382880389690399,False,0.0
4381,0.09353599697351456,False,0.0
4382,0.021668346598744392,False,0.0
4383,0.266445517539978,False,0.0
4384,0.012220012955367565,False,0.0
4385,0.43935510516166687,True,0.8542701844125986
4386,0.33421722054481506,False,0.0
4387,0.3537420928478241,False,0.0
4388,0.11728246510028839,False,0.0
4389,0.04425891488790512,False,0.0
4390,0.002470135921612382,False,0.0
4391,0.28488990664482117,False,0.0
4392,1.0,True,1.0
4393,0.7546118497848511,False,0.0
4394,0.42083534598350525,False,0.0
4395,0.07715218514204025,False,0.0
4396,0.004982990678399801,False,0.0
4397,0.09602372348308563,False,0.0
4398,0.3854794502258301,False,0.0
4399,0.42344871163368225,False,0.0
4400,0.3921636641025543,False,0.0
4401,0.4298313558101654,True,0.837836055085063
4402,0.010913328267633915,False,0.0
4403,0.10484383255243301,False,0.0
4404,0.3563806116580963,False,0.0
4405,0.11582501232624054,False,0.0
4406,0.33240795135498047,False,0.0
4407,0.32745763659477234,False,0.0
4408,0.01103897113353014,False,0.0
4409,0.367336630821228,False,0.0
4410,0.8036985397338867,True,1.0
4411,0.6814203262329102,False,0.0
4412,0.1689467579126358,False,0.0
4413,0.4410889744758606,False,0.0
4414,0.026668930426239967,False,0.0
4415,0.3202708661556244,False,0.0
4416,0.7991224527359009,True,1.0
4417,0.20395083725452423,False,0.0
4418,0.30273115634918213,False,0.0
4419,0.0781070664525032,False,0.0
4420,0.0009624231024645269,False,0.0
4421,0.45729684829711914,True,0.8878418449312449
4422,0.35067641735076904,False,0.0
4423,0.350425124168396,False,0.0
4424,0.13457091152668,False,0.0
4425,0.29137304425239563,False,0.0
4426,0.013375925831496716,False,0.0
4427,0.11740811169147491,False,0.0
4428,0.8612653613090515,True,1.0
4429,0.697577953338623,False,0.0
4430,0.6646847128868103,False,0.0
4431,0.15535221993923187,False,0.0
4432,0.009883057326078415,False,0.0
4433,0.39728987216949463,False,0.0
4434,0.16314207017421722,False,0.0
4435,0.6641821265220642,True,1.0
4436,0.4130706489086151,False,0.0
4437,0.39497804641723633,False,0.0
4438,0.01598929427564144,False,0.0
4439,0.2706168591976166,False,0.0
4440,0.0778055265545845,False,0.0
4441,0.028327414765954018,False,0.0
4442,0.2936346232891083,False,0.0
4443,0.31147587299346924,False,0.0
4444,0.01764777861535549,False,0.0
4445,0.3554759919643402,False,0.0
4446,0.8701608777046204,True,1.0
4447,0.2704660892486572,False,0.0
4448,0.11012083292007446,False,0.0
4449,0.3751264810562134,False,0.0
4450,0.019783705472946167,False,0.0
4451,0.29700183868408203,False,0.0
4452,0.37653371691703796,False,0.0
4453,0.4318667948246002,True,0.8241661787033081
4454,0.20354877412319183,False,0.0
4455,0.198472797870636,False,0.0
4456,0.014833382330834866,False,0.0
4457,0.2540320158004761,False,0.0
4458,0.41701579093933105,True,0.8043648172169924
4459,0.3644971251487732,False,0.0
4460,0.29441359639167786,False,0.0
4461,0.09009338170289993,False,0.0
4462,0.004832219332456589,False,0.0
4463,0.06227608397603035,False,0.0
4464,0.9998462200164795,True,1.0
4465,0.7273164987564087,False,0.0
4466,0.34565070271492004,False,0.0
4467,0.4097284972667694,False,0.0
4468,0.024030430242419243,False,0.0
4469,0.3001931607723236,False,0.0
4470,0.11549834161996841,False,0.0
4471,0.27408459782600403,False,0.0
4472,0.3300207555294037,False,0.0
4473,0.4199558198451996,True,0.7918507792055607
4474,0.022221175953745842,False,0.0
4475,0.3888466954231262,False,0.0
4476,0.07803168147802353,False,0.0
4477,0.01541133876889944,False,0.0
4478,0.19892512261867523,False,0.0
4479,0.3257237672805786,False,0.0
4480,0.019582677632570267,False,0.0
4481,0.2502376139163971,False,0.0
4482,0.6911672949790955,True,1.0
4483,0.21563561260700226,False,0.0
4484,0.07252853363752365,False,0.0
4485,0.18568237125873566,False,0.0
4486,0.012521554715931416,False,0.0
4487,0.27393385767936707,False,0.0
4488,0.42194101214408875,False,0.0
4489,0.6184133291244507,True,1.0
4490,0.2130724936723709,False,0.0
4491,0.10881414264440536,False,0.0
4492,0.0043296488001942635,False,0.0
4493,0.404928982257843,False,0.0
4494,0.2966751754283905,False,0.0
4495,0.22465674579143524,False,0.0
4496,0.31170204281806946,False,0.0
4497,0.07345828413963318,False,0.0
4498,0.0,False,0.0
4499,0.0013896083692088723,False,0.0
4500,0.8991861343383789,True,1.0
4501,0.19676406681537628,False,0.0
4502,0.23139119148254395,False,0.0
4503,0.1680421382188797,False,0.0
4504,0.0009875516407191753,False,0.0
4505,0.022623231634497643,False,0.0
4506,0.036946505308151245,False,0.0
4507,0.15635736286640167,False,0.0
4508,0.21229350566864014,False,0.0
4509,0.24257341027259827,True,0.4759346954524517
4510,0.004606062546372414,False,0.0
4511,0.20505647361278534,False,0.0
4512,0.11386498063802719,False,0.0
4513,0.15288962423801422,False,0.0
4514,0.0842384323477745,False,0.0
4515,0.2544843554496765,False,0.0
4516,0.007571231108158827,False,0.0
4517,0.5867429971694946,False,0.0
4518,0.7867079973220825,True,1.0
4519,0.13552579283714294,False,0.0
4520,0.22845116257667542,False,0.0
4521,0.0684577077627182,False,0.0
4522,0.0034501494374126196,False,0.0
4523,0.11338753998279572,False,0.0
4524,0.13766172528266907,False,0.2549039926379919
4525,0.12185586988925934,False,0.0
4526,0.056873440742492676,False,0.0
4527,0.12075020372867584,False,0.0
4528,0.010209728963673115,False,0.0
4529,0.0683571919798851,False,0.0
4530,0.21762076020240784,False,0.0
4531,0.2780800461769104,True,0.5338811222463846
4532,0.19877435266971588,False,0.0
4533,0.10625103861093521,False,0.0
4534,0.01113948505371809,False,0.0
4535,0.22988347709178925,False,0.0
4536,0.9591175317764282,True,1.0
4537,0.18555673956871033,False,0.0
4538,0.13429449498653412,False,0.0
4539,0.2652142345905304,False,0.0
4540,0.024633515626192093,False,0.0
4541,0.04729946702718735,False,0.0
4542,0.11291010677814484,False,0.0
4543,0.033880822360515594,False,0.0
4544,0.10803516209125519,False,0.0
4545,0.1455269604921341,False,0.241786889731884
4546,0.0,False,0.0
4547,0.11170393228530884,False,0.0
4548,0.032172080129384995,False,0.0
4549,0.09893863648176193,False,0.0
4550,0.024357100948691368,False,0.0
4551,0.11373933404684067,False,0.0
4552,0.0,False,0.0
4553,0.13354063034057617,False,0.0
4554,0.8911174535751343,True,1.0
4555,0.16256411373615265,False,0.0
4556,0.07024183124303818,False,0.0
4557,0.053807761520147324,False,0.0
4558,0.0,False,0.0
4559,0.2287527173757553,True,0.4575054347515106
4560,0.11132700741291046,False,0.0
4561,0.09180212765932083,False,0.0
4562,0.027297142893075943,False,0.0
4563,0.10233098268508911,False,0.0
4564,0.01123999897390604,False,0.0
4565,0.04177118465304375,False,0.0
4566,0.10474332422018051,False,0.0
4567,0.09906427562236786,False,0.0
4568,0.13602836430072784,False,0.0
4569,0.04305274412035942,False,0.0
4570,0.0,False,0.0
4571,0.12085071951150894,False,0.0
4572,0.44870778918266296,True,0.8791571762412786
4573,0.25744950771331787,False,0.0
4574,0.25993725657463074,False,0.0
4575,0.22714447975158691,False,0.0
4576,0.022346816956996918,False,0.0
4577,0.25390636920928955,True,0.46311910450458527
4578,0.18686340749263763,False,0.0
4579,0.05370724946260452,False,0.0
4580,0.10936697572469711,False,0.0
4581,0.12436871975660324,False,0.0
4582,0.00938048679381609,False,0.0
4583,0.14575311541557312,False,0.27274525724351406
4584,0.03797677531838417,False,0.0
4585,0.1246199980378151,False,0.0
4586,0.051998503506183624,False,0.0
4587,0.12313741445541382,False,0.0
4588,0.00912920106202364,False,0.0
4589,0.12263485044240952,False,0.0
4590,0.6285771131515503,True,1.0
4591,0.2818242013454437,False,0.0
4592,0.18032999336719513,False,0.0
4593,0.05503905937075615,False,0.0
4594,0.001716279424726963,False,0.0
4595,0.13328935205936432,False,0.0
4596,0.44389504194259644,True,0.8830508403480053
4597,0.21573610603809357,False,0.0
4598,0.04144451767206192,False,0.0
4599,0.09783297777175903,False,0.0
4600,0.007923031225800514,False,0.0
4601,0.041519902646541595,False,0.0
4602,0.10768336057662964,False,0.0
4603,0.13361601531505585,False,0.0
4604,0.15572914481163025,False,0.0
4605,0.04817896708846092,False,0.0
4606,0.002369621768593788,False,0.0
4607,0.13914430141448975,False,0.0
4608,0.9355955123901367,True,1.0
4609,0.2101575881242752,False,0.0
4610,0.17000216245651245,False,0.0
4611,0.15404553711414337,False,0.0
4612,0.006088647060096264,False,0.0
4613,0.04064040258526802,False,0.0
4614,0.10768336057662964,False,0.0
4615,0.1664339154958725,False,0.0
4616,0.20181488990783691,False,0.3914524856954813
4617,0.12745952606201172,False,0.0
4618,0.0,False,0.0
4619,0.1338673084974289,False,0.0
4620,0.03626803681254387,False,0.0
4621,0.11755888909101486,False,0.0
4622,0.13753607869148254,False,0.0
4623,0.04873179644346237,False,0.0
4624,0.001716279424726963,False,0.0
4625,0.12115225940942764,False,0.0
4626,0.8770517110824585,True,1.0
4627,0.2804923951625824,False,0.0
4628,0.20138771831989288,False,0.0
4629,0.15258806943893433,False,0.0
4630,0.01357695460319519,False,0.0
4631,0.04672151058912277,False,0.0
4632,0.1300477683544159,False,0.0
4633,0.1586943119764328,False,0.0
4634,0.0846404954791069,False,0.0
4635,0.2857944965362549,True,0.5444350838661194
4636,0.022422203794121742,False,0.0
4637,0.15680967271327972,False,0.0
4638,0.056169845163822174,False,0.0
4639,0.14185819029808044,False,0.0
4640,0.1642225980758667,False,0.0
4641,0.0475507527589798,False,0.0
4642,0.0034501494374126196,False,0.0
4643,0.15399527549743652,False,0.0
4644,0.6614996194839478,True,1.0
4645,0.2150576412677765,False,0.0
4646,0.18337054550647736,False,0.0
4647,0.2168920338153839,False,0.0
4648,0.009254843927919865,False,0.0
4649,0.043630700558423996,False,0.0
4650,0.158895343542099,False,0.0
4651,0.19857332110404968,False,0.0
4652,0.05312929302453995,False,0.0
4653,0.6211274266242981,True,1.0
4654,0.035639818757772446,False,0.0
4655,0.528938889503479,False,0.0
4656,0.0605170838534832,False,0.0
4657,0.13009802997112274,False,0.0
4658,0.1425115317106247,False,0.0
4659,0.056923698633909225,False,0.0
4660,0.0040783630684018135,False,0.0
4661,0.2936346232891083,False,0.0
4662,0.59282386302948,True,1.0
4663,0.14115458726882935,False,0.0
4664,0.20668983459472656,False,0.0
4665,0.1668359637260437,False,0.0
4666,0.010209728963673115,False,0.0
4667,0.03365466743707657,False,0.0
4668,0.1312539428472519,False,0.0
4669,0.21251967549324036,False,0.0
4670,0.0501641221344471,False,0.0
4671,0.12728363275527954,False,0.0
4672,0.00955638661980629,False,0.0
4673,0.5832383036613464,True,1.0
4674,0.2152586728334427,False,0.0
4675,0.1430141031742096,False,0.0
4676,0.17862124741077423,False,0.0
4677,0.14429566264152527,False,0.0
4678,0.006741988938301802,False,0.0
4679,0.02707098424434662,False,0.0
4680,0.9995560646057129,True,1.0
4681,0.4542621672153473,False,0.0
4682,0.19721637666225433,False,0.0
4683,0.2208874672651291,False,0.0
4684,0.01164205651730299,False,0.0
4685,0.15412092208862305,False,0.2849577311426401
4686,0.036544449627399445,False,0.0
4687,0.14183305203914642,False,0.0
4688,0.0459425263106823,False,0.0
4689,0.13369141519069672,False,0.0
4690,0.007696873974055052,False,0.0
4691,0.17163550853729248,False,0.32787726912647486
4692,0.13942071795463562,False,0.0
4693,0.06340686976909637,False,0.0
4694,0.170554980635643,False,0.0
4695,0.058431413024663925,False,0.0
4696,0.0,False,0.0
4697,0.177993044257164,False,0.0
4698,0.46571457386016846,False,0.0
4699,0.6032129526138306,True,1.0
4700,0.1558799147605896,False,0.0
4701,0.14708493649959564,False,0.0
4702,0.007696873974055052,False,0.0
4703,0.044836871325969696,False,0.0
4704,0.12449436634778976,False,0.0
4705,0.15271371603012085,False,0.2900336841121316
4706,0.1271328628063202,False,0.0
4707,0.04405788704752922,False,0.0
4708,0.003048092592507601,False,0.0
4709,0.1261277198791504,False,0.0
4710,0.023628374561667442,False,0.0
4711,0.14107920229434967,False,0.0
4712,0.17691251635551453,False,0.0
4713,0.1646246463060379,False,0.0
4714,0.00850098766386509,False,0.0
4715,0.04498764127492905,False,0.0
4716,0.6307129859924316,True,1.0
4717,0.2644352614879608,False,0.0
4718,0.283683717250824,False,0.0
4719,0.2656916677951813,False,0.0
4720,0.016165195032954216,False,0.0
4721,0.17261552810668945,False,0.0
4722,0.038705505430698395,False,0.0
4723,0.17198732495307922,False,0.0
4724,0.2713707387447357,True,0.510411087423563
4725,0.07531779259443283,False,0.0
4726,0.0,False,0.0
4727,0.19312041997909546,False,0.0
4728,0.1786966323852539,False,0.0
4729,0.04817896708846092,False,0.0
4730,0.20196567475795746,False,0.0
4731,0.20274464786052704,False,0.0
4732,0.00832508783787489,False,0.0
4733,0.058833468705415726,False,0.0
4734,0.6824043393135071,True,1.0
4735,0.6305229663848877,False,0.0
4736,0.1699519008398056,False,0.0
4737,0.4968520402908325,False,0.0
4738,0.018426764756441116,False,0.0
4739,0.49839362502098083,True,0.9599337205290794
4740,0.0639345645904541,False,0.0
4741,0.23493432998657227,False,0.0
4742,0.21030834317207336,False,0.0
4743,0.05132003501057625,False,0.0
4744,0.0032239926513284445,False,0.0
4745,0.5278094410896301,False,0.0
4746,0.5674675703048706,True,0.7753807902336121
4747,0.17977717518806458,False,0.0
4748,0.3059224784374237,False,0.0
4749,0.27581846714019775,False,0.0
4750,0.9000000357627869,False,0.0
4751,0.14138074219226837,False,0.0
4752,1.0,True,1.0
4753,0.6700119376182556,False,0.0
4754,0.10584898293018341,False,0.0
4755,0.42073485255241394,False,0.0
4756,0.02651815675199032,False,0.0
4757,0.6469188332557678,True,1.0
4758,0.14077766239643097,False,0.0
4759,0.244307279586792,False,0.0
4760,0.356682151556015,False,0.0
4761,0.08358509093523026,False,0.0
4762,0.001841922290623188,False,0.0
4763,0.330121248960495,True,0.4920671731233597
4764,0.2873022258281708,False,0.0
4765,0.08408766239881516,False,0.0
4766,0.29672542214393616,False,0.0
4767,0.33127719163894653,False,0.0
4768,0.01299899723380804,False,0.0
4769,0.10187866538763046,False,0.0
4770,0.8624715209007263,True,1.0
4771,0.7303958535194397,False,0.0
4772,0.17042934894561768,False,0.0
4773,0.38221272826194763,False,0.0
4774,0.01709495112299919,False,0.0
4775,0.372362345457077,False,0.0
4776,0.24513652920722961,False,0.0
4777,0.6698862910270691,True,1.0
4778,0.33007100224494934,False,0.0
4779,0.06687460839748383,False,0.0
4780,0.0006860090652480721,False,0.0
4781,0.30524399876594543,False,0.0
4782,0.3074050843715668,True,0.4193452447652817
4783,0.09773246198892593,False,0.0
4784,0.3943498432636261,False,0.0
4785,0.3553503453731537,False,0.0
4786,0.01588878035545349,False,0.0
4787,0.11004544794559479,False,0.0
4788,0.8393783569335938,True,1.0
4789,0.7527853846549988,False,0.0
4790,0.18485312163829803,False,0.0
4791,0.6776761412620544,False,0.0
4792,0.021869374439120293,False,0.0
4793,0.39249032735824585,False,0.0
4794,0.08969133347272873,False,0.0
4795,0.6995882391929626,True,1.0
4796,0.3885954022407532,False,0.0
4797,0.0778055265545845,False,0.0
4798,0.0040783630684018135,False,0.0
4799,0.3515559136867523,False,0.0
4800,0.29629823565483093,False,0.0
4801,0.07705166935920715,False,0.0
4802,0.2807939350605011,False,0.0
4803,0.26838043332099915,False,0.0
4804,0.014029267244040966,False,0.0
4805,0.09102313965559006,False,0.0
4806,0.8233715295791626,True,1.0
4807,0.7720087766647339,False,0.0
4808,0.12781132757663727,False,0.0
4809,0.36042627692222595,False,0.0
4810,0.017723163589835167,False,0.0
4811,0.2986603379249573,False,0.0
4812,0.07283007353544235,False,0.0
4813,0.29971572756767273,False,0.0
4814,0.7420303821563721,True,1.0
4815,0.1723642498254776,False,0.0
4816,0.01061178557574749,False,0.0
4817,0.3415045142173767,False,0.0
4818,0.3461281657218933,False,0.0
4819,0.09803400933742523,False,0.0
4820,0.2888350486755371,False,0.0
4821,0.32625147700309753,False,0.0
4822,0.01159179862588644,False,0.0
4823,0.08049427717924118,False,0.0
4824,1.0,True,1.0
4825,0.4220917820930481,False,0.0
4826,0.3461030423641205,False,0.0
4827,0.08692719042301178,False,0.0
4828,0.0,False,0.0
4829,0.35633036494255066,False,0.0
4830,0.08881182968616486,False,0.0
4831,0.26227420568466187,False,0.0
4832,0.3388911187648773,False,0.0
4833,0.666619598865509,True,1.0
4834,0.027950484305620193,False,0.0
4835,0.2114642709493637,False,0.0
4836,0.3794737458229065,False,0.0
4837,0.07564447075128555,False,0.0
4838,0.28154778480529785,False,0.0
4839,0.2962479889392853,False,0.0
4840,0.017471877858042717,False,0.0
4841,0.28215086460113525,False,0.0
4842,0.42314717173576355,False,0.0
4843,0.671168327331543,True,1.0
4844,0.17304271459579468,False,0.0
4845,0.26817938685417175,False,0.0
4846,0.018778564408421516,False,0.0
4847,0.3160492777824402,False,0.0
4848,0.2395831197500229,False,0.0
4849,0.06649767607450485,False,0.0
4850,0.2815980613231659,False,0.0
4851,0.06657306104898453,False,0.0
4852,0.0025706503074616194,False,0.0
4853,0.638043224811554,True,1.0
4854,0.3589437007904053,False,0.0
4855,0.2949915826320648,False,0.0
4856,0.08067017793655396,False,0.0
4857,0.2311650514602661,False,0.0
4858,0.0059881326742470264,False,0.0
4859,0.028754597529768944,False,0.0
4860,0.9999622106552124,True,1.0
4861,0.4137490689754486,False,0.0
4862,0.22950656712055206,False,0.0
4863,0.057426273822784424,False,0.0
4864,0.0,False,0.0
4865,0.2461165189743042,True,0.4694012403488159
4866,0.06308019161224365,False,0.0
4867,0.20206618309020996,False,0.0
4868,0.23058708012104034,False,0.0
4869,0.22807423770427704,False,0.0
4870,0.01141589879989624,False,0.0
4871,0.05202363058924675,False,0.0
4872,0.27159687876701355,True,0.5131751950830221
4873,0.09248059242963791,False,0.0
4874,0.21995770931243896,False,0.0
4875,0.22850142419338226,False,0.0
4876,0.015009281225502491,False,0.0
4877,0.2593592703342438,False,0.0
4878,0.38266506791114807,False,0.0
4879,0.42596158385276794,True,0.8480885520111769
4880,0.1791992038488388,False,0.0
4881,0.227848082780838,False,0.0
4882,0.012395912781357765,False,0.0
4883,0.19570867717266083,False,0.0
4884,0.21855051815509796,False,0.0
4885,0.08396201580762863,False,0.0
4886,0.24425701797008514,True,0.46372221037745476
4887,0.05164670571684837,False,0.0
4888,0.0019173078471794724,False,0.0
4889,0.20947912335395813,False,0.0
4890,0.20658932626247406,False,0.0
4891,0.21420326828956604,False,0.22675998508930206
4892,0.10082327574491501,False,0.0
4893,0.24272418022155762,False,0.0
4894,0.01181795634329319,False,0.0
4895,0.10233098268508911,False,0.0
4896,0.8464900255203247,True,1.0
4897,0.3564811050891876,False,0.0
4898,0.2053077667951584,False,0.0
4899,0.24267391860485077,False,0.0
4900,0.020336532965302467,False,0.0
4901,0.18648648262023926,False,0.3322998993098736
4902,0.04448506981134415,False,0.0
4903,0.14555208384990692,False,0.0
4904,0.14705979824066162,False,0.0
4905,0.1510552316904068,False,0.0
4906,0.007696873974055052,False,0.0
4907,0.036644961684942245,False,0.0
4908,0.21312275528907776,True,0.4030116554349661
4909,0.0837358608841896,False,0.0
4910,0.16987651586532593,False,0.0
4911,0.18580801784992218,False,0.0
4912,0.011616927571594715,False,0.0
4913,0.17771662771701813,False,0.0
4914,0.697059690952301,True,1.0
4915,0.37964963912963867,False,0.0
4916,0.17372117936611176,False,0.0
4917,0.13411860167980194,False,0.0
4918,0.01309951115399599,False,0.0
4919,0.38233837485313416,True,0.7384777273982763
4920,0.20787088572978973,False,0.0
4921,0.12489642202854156,False,0.0
4922,0.20349851250648499,False,0.0
4923,0.17806842923164368,False,0.0
4924,0.01219488400965929,False,0.0
4925,0.10275816917419434,False,0.0
4926,0.24739809334278107,False,0.0
4927,0.3556769788265228,True,0.6869641896337271
4928,0.2625757157802582,False,0.0
4929,0.19425120949745178,False,0.0
4930,0.0064153182320296764,False,0.0
4931,0.2747882306575775,False,0.0
4932,0.9734234809875488,True,1.0
4933,0.2652142345905304,False,0.0
4934,0.2350599765777588,False,0.0
4935,0.1905573159456253,False,0.0
4936,0.01425542589277029,False,0.0
4937,0.24759912490844727,False,0.0
4938,0.3087620139122009,True,0.5890131760388613
4939,0.09102313965559006,False,0.0
4940,0.18736599385738373,False,0.0
4941,0.18467722833156586,False,0.0
4942,0.01156667061150074,False,0.0
4943,0.17100730538368225,False,0.0
4944,0.16035279631614685,False,0.0
4945,0.1748770922422409,False,0.3263695575296879
4946,0.059939127415418625,False,0.0
4947,0.16258923709392548,False,0.0
4948,0.011692313477396965,False,0.0
4949,0.18877318501472473,False,0.0
4950,0.867445707321167,True,1.0
4951,0.5751570463180542,False,0.0
4952,0.23882925510406494,False,0.0
4953,0.08456510305404663,False,0.0
4954,0.006867631804198027,False,0.0
4955,0.2182741016149521,False,0.0
4956,0.2127458155155182,False,0.0
4957,0.3126569390296936,True,0.6073570195585489
4958,0.1825161725282669,False,0.0
4959,0.15271371603012085,False,0.0
4960,0.00897842925041914,False,0.0
4961,0.0452389232814312,False,0.0
4962,0.16077998280525208,False,0.0
4963,0.16459952294826508,False,0.31109141558408737
4964,0.1431146115064621,False,0.0
4965,0.15070343017578125,False,0.0
4966,0.00905381515622139,False,0.0
4967,0.17995306849479675,False,0.0
4968,0.6802127361297607,True,1.0
4969,0.37771472334861755,False,0.0
4970,0.26446038484573364,False,0.0
4971,0.194678395986557,False,0.0
4972,0.010837942361831665,False,0.0
4973,0.1600009948015213,False,0.0
4974,0.14917059242725372,False,0.0
4975,0.21508276462554932,False,0.0
4976,0.2156858742237091,True,0.4096958637237549
4977,0.1578902006149292,False,0.0
4978,0.00922971498221159,False,0.0
4979,0.15675942599773407,False,0.0
4980,0.15902099013328552,False,0.0
4981,0.17781715095043182,False,0.2123362421989441
4982,0.07164902985095978,False,0.0
4983,0.3013741970062256,False,0.0
4984,0.022271431982517242,False,0.0
4985,0.19905076920986176,False,0.0
4986,0.7089818716049194,True,1.0
4987,0.31851187348365784,False,0.0
4988,0.22186748683452606,False,0.0
4989,0.07979067414999008,False,0.0
4990,0.007169174496084452,False,0.0
4991,0.2311650514602661,False,0.0
4992,0.29441359639167786,False,0.0
4993,0.27312973141670227,False,0.0
4994,0.4003053307533264,True,0.751795943826437
4995,0.25933414697647095,False,0.0
4996,0.024407358840107918,False,0.0
4997,0.05946168303489685,False,0.0
4998,0.19090911746025085,False,0.0
4999,0.19181375205516815,False,0.0
5000,0.8993510007858276,False,0.0
5001,0.18741624057292938,False,0.0
5002,0.0,False,0.0
5003,0.16972574591636658,False,0.0
5004,0.9308713674545288,True,1.0
5005,0.5798777341842651,False,0.0
5006,0.2091524451971054,False,0.0
5007,0.18528030812740326,False,0.0
5008,0.012622068636119366,False,0.0
5009,0.22063617408275604,False,0.2957127094268799
5010,0.19251734018325806,False,0.0
5011,0.0727798193693161,False,0.0
5012,0.16565492749214172,False,0.0
5013,0.22674241662025452,False,0.0
5014,0.009857929311692715,False,0.0
5015,0.33972036838531494,True,0.6597248781472445
5016,0.16354411840438843,False,0.0
5017,0.1578902006149292,False,0.0
5018,0.04244965687394142,False,0.0
5019,0.13871711492538452,False,0.0
5020,0.004580934066325426,False,0.0
5021,0.1302487999200821,False,0.0
5022,0.6140716075897217,True,1.0
5023,0.39100775122642517,False,0.0
5024,0.29529309272766113,False,0.0
5025,0.07436291128396988,False,0.0
5026,0.0,False,0.0
5027,0.16366976499557495,False,0.0
5028,0.1869388073682785,False,0.0
5029,0.1891501098871231,False,0.0
5030,0.23435638844966888,False,0.0
5031,0.2211136370897293,False,0.0
5032,0.01174257043749094,False,0.0
5033,0.2916494607925415,True,0.5664979759603739
5034,0.2906191945075989,False,0.0
5035,0.1757817268371582,False,0.0
5036,0.1683436781167984,False,0.0
5037,0.15743789076805115,False,0.0
5038,0.008400472812354565,False,0.0
5039,0.2581028640270233,False,0.0
5040,0.9326128959655762,True,1.0
5041,0.568077564239502,False,0.0
5042,0.23651742935180664,False,0.0
5043,0.19452762603759766,False,0.0
5044,0.011616927571594715,False,0.0
5045,0.17201243340969086,False,0.0
5046,0.17203757166862488,False,0.0
5047,0.05976323038339615,False,0.0
5048,0.2157612293958664,True,0.40828860364854336
5049,0.17560581862926483,False,0.0
5050,0.0042542628943920135,False,0.0
5051,0.172967329621315,False,0.0
5052,0.16035279631614685,False,0.0
5053,0.2311650514602661,True,0.4390962477773428
5054,0.10130071640014648,False,0.0
5055,0.19595995545387268,False,0.0
5056,0.011616927571594715,False,0.0
5057,0.16728828847408295,False,0.0
5058,0.5689302086830139,True,1.0
5059,0.37902140617370605,False,0.0
5060,0.23769846558570862,False,0.0
5061,0.05453648790717125,False,0.0
5062,0.002821935573592782,False,0.0
5063,0.15037676692008972,False,0.0
5064,0.15402041375637054,False,0.0
5065,0.16721288859844208,False,0.0
5066,0.1771889179944992,False,0.0
5067,0.17751559615135193,False,0.0
5068,0.00782251637428999,False,0.0
5069,0.05694882944226265,False,0.0
5070,0.2700137794017792,True,0.5121197942644358
5071,0.1955830305814743,False,0.0
5072,0.2116401642560959,False,0.0
5073,0.2566705346107483,False,0.0
5074,0.01395388226956129,False,0.0
5075,0.21752023696899414,False,0.0
5076,0.9310310482978821,True,1.0
5077,0.4071151316165924,False,0.0
5078,0.25290125608444214,False,0.0
5079,0.3209744691848755,False,0.0
5080,0.01498415321111679,False,0.0
5081,0.21121297776699066,False,0.2981753423810005
5082,0.2035236358642578,False,0.0
5083,0.0621253065764904,False,0.0
5084,0.20638830959796906,False,0.0
5085,0.21161504089832306,False,0.0
5086,0.009883057326078415,False,0.0
5087,0.3198185861110687,True,0.6176094878464937
5088,0.24697089195251465,False,0.0
5089,0.2417944222688675,False,0.0
5090,0.0743880420923233,False,0.0
5091,0.2600628733634949,False,0.0
5092,0.011013842187821865,False,0.0
5093,0.2254106104373932,False,0.0
5094,0.9252554178237915,True,1.0
5095,0.6816729307174683,False,0.0
5096,0.2470211535692215,False,0.0
5097,0.04928462207317352,False,0.0
5098,0.0008367802947759628,False,0.0
5099,0.3369813859462738,True,0.6603280231356621
5100,0.2277224361896515,False,0.0
5101,0.20005591213703156,False,0.0
5102,0.3356746733188629,False,0.0
5103,0.23463277518749237,False,0.0
5104,0.014959024265408516,False,0.0
5105,0.06446226686239243,False,0.0
5106,0.21128836274147034,False,0.0
5107,0.20025692880153656,False,0.0
5108,0.2217167168855667,False,0.0
5109,0.2478252649307251,False,0.0
5110,0.006817374378442764,False,0.0
5111,0.24104057252407074,False,0.0
5112,0.6593958139419556,True,1.0
5113,0.6360085010528564,False,0.0
5114,0.30494245886802673,False,0.0
5115,0.23309993743896484,False,0.0
5116,0.01674315147101879,False,0.0
5117,0.37964963912963867,True,0.7258129753172398
5118,0.2593090236186981,False,0.0
5119,0.0667489692568779,False,0.0
5120,0.2103334665298462,False,0.0
5121,0.21365045011043549,False,0.0
5122,0.01269745547324419,False,0.0
5123,0.22676753997802734,False,0.0
5124,0.216389462351799,False,0.0
5125,0.38437381386756897,True,0.7318438440561295
5126,0.06426123529672623,False,0.0
5127,0.24676989018917084,False,0.0
5128,0.018451891839504242,False,0.0
5129,0.2503632605075836,False,0.0
5130,0.706697404384613,True,1.0
5131,0.4011094272136688,False,0.0
5132,0.3017008900642395,False,0.0
5133,0.07732807844877243,False,0.0
5134,0.005611204542219639,False,0.0
5135,0.22581267356872559,False,0.0
5136,0.5743869543075562,True,1.0
5137,0.2679532468318939,False,0.0
5138,0.21890230476856232,False,0.0
5139,0.35210874676704407,False,0.0
5140,0.014330810867249966,False,0.0
5141,0.04790255054831505,False,0.0
5142,0.2675260603427887,True,0.5063904989510775
5143,0.23601484298706055,False,0.0
5144,0.25400689244270325,False,0.0
5145,0.2652393579483032,False,0.0
5146,0.006239417940378189,False,0.0
5147,0.24036209285259247,False,0.0
5148,0.9187194108963013,True,1.0
5149,0.6444606184959412,False,0.0
5150,0.28516629338264465,False,0.0
5151,0.34859076142311096,False,0.0
5152,0.026090973988175392,False,0.0
5153,0.26204803586006165,False,0.0
5154,0.23423074185848236,False,0.0
5155,0.40306946635246277,True,0.7539569847285748
5156,0.15178397297859192,False,0.0
5157,0.21980693936347961,False,0.0
5158,0.01573800854384899,False,0.0
5159,0.22598855197429657,False,0.0
5160,0.21465559303760529,False,0.0
5161,0.36417046189308167,True,0.6968649066984653
5162,0.25119251012802124,False,0.0
5163,0.055265218019485474,False,0.0
5164,0.003977849148213863,False,0.0
5165,0.2668224573135376,False,0.0
5166,0.7928615212440491,True,1.0
5167,0.6257683634757996,False,0.0
5168,0.33522236347198486,False,0.0
5169,0.26174649596214294,False,0.0
5170,0.014054397121071815,False,0.0
5171,0.05179747939109802,False,0.0
5172,0.21191656589508057,False,0.0
5173,0.2203095257282257,False,0.0
5174,0.6058422327041626,True,1.0
5175,0.31260666251182556,False,0.0
5176,0.019708318635821342,False,0.0
5177,0.39037951827049255,False,0.0
5178,0.09454113990068436,False,0.0
5179,0.23598971962928772,False,0.0
5180,0.23252199590206146,False,0.0
5181,0.24242262542247772,False,0.0
5182,0.00945587269961834,False,0.0
5183,0.22314904630184174,False,0.0
5184,0.7880740761756897,True,1.0
5185,0.1495475172996521,False,0.0
5186,0.25373050570487976,False,0.0
5187,0.23905542492866516,False,0.0
5188,0.0059881326742470264,False,0.0
5189,0.2523232698440552,False,0.0
5190,0.29295614361763,False,0.0
5191,0.34658047556877136,False,0.0
5192,0.11936813592910767,False,0.0
5193,0.6265106797218323,True,1.0
5194,0.028905371204018593,False,0.0
5195,0.37650856375694275,False,0.0
5196,0.36927154660224915,False,0.0
5197,0.2539566457271576,False,0.0
5198,0.2559669315814972,False,0.0
5199,0.07876040786504745,False,0.0
5200,0.0004347235953900963,False,0.0
5201,0.22930553555488586,False,0.0
5202,0.6478765606880188,True,1.0
5203,0.3138379752635956,False,0.0
5204,0.2734563946723938,False,0.0
5205,0.24624216556549072,False,0.0
5206,0.018351377919316292,False,0.0
5207,0.03556443378329277,False,0.0
5208,0.2207869589328766,False,0.0
5209,0.25651976466178894,False,0.0
5210,0.28247755765914917,False,0.0
5211,0.3419819474220276,False,0.0
5212,0.019934477284550667,False,0.0
5213,0.7097976207733154,True,1.0
5214,0.18339566886425018,False,0.0
5215,0.2449103593826294,False,0.0
5216,0.36052680015563965,False,0.0
5217,0.27328047156333923,False,0.0
5218,0.009179458022117615,False,0.0
5219,0.23005938529968262,False,0.0
5220,0.9995040893554688,True,1.0
5221,0.3087620139122009,False,0.0
5222,0.24940836429595947,False,0.0
5223,0.23571331799030304,False,0.0
5224,0.007596359588205814,False,0.0
5225,0.23367789387702942,True,0.44120702147483826
5226,0.21324840188026428,False,0.0
5227,0.22204338014125824,False,0.0
5228,0.06760333478450775,False,0.0
5229,0.21932950615882874,False,0.0
5230,0.01307438313961029,False,0.0
5231,0.2183997482061386,False,0.0
5232,0.23000912368297577,False,0.0
5233,0.28177395462989807,True,0.5483551900833845
5234,0.2255111187696457,False,0.0
5235,0.06368327885866165,False,0.0
5236,0.004178877454251051,False,0.0
5237,0.22732038795948029,False,0.0
5238,0.6143655776977539,True,1.0
5239,0.5774745941162109,False,0.0
5240,0.3615822196006775,False,0.0
5241,0.0919780284166336,False,0.0
5242,0.007998417131602764,False,0.0
5243,0.02717149816453457,False,0.0
5244,0.20699138939380646,False,0.0
5245,0.2145802080631256,False,0.0
5246,0.2760697603225708,False,0.0
5247,0.2978059649467468,False,0.0
5248,0.019783705472946167,False,0.0
5249,0.05363186076283455,False,0.0
5250,0.8993573784828186,True,1.0
5251,0.2051318734884262,False,0.0
5252,0.19691483676433563,False,0.0
5253,0.2154597043991089,False,0.0
5254,0.0,False,0.0
5255,0.295368492603302,False,0.0
5256,0.604793131351471,True,1.0
5257,0.14349155128002167,False,0.0
5258,0.36256223917007446,False,0.0
5259,0.29381051659584045,False,0.0
5260,0.01259694155305624,False,0.0
5261,0.20103590190410614,False,0.0
5262,0.2514689266681671,True,0.40954509377479553
5263,0.07566960155963898,False,0.0
5264,0.04669637978076935,False,0.0
5265,0.25312739610671997,False,0.0
5266,0.014406196773052216,False,0.0
5267,0.2546350955963135,False,0.0
5268,0.2593090236186981,False,0.0
5269,0.2845380902290344,True,0.5438822973519564
5270,0.0765993520617485,False,0.0
5271,0.025487884879112244,False,0.0
5272,0.0,False,0.0
5273,0.2002820521593094,False,0.0
5274,0.6717053055763245,True,1.0
5275,0.3493194878101349,False,0.0
5276,0.3878163993358612,False,0.0
5277,0.21282120048999786,False,0.0
5278,0.016818536445498466,False,0.0
5279,0.19814613461494446,False,0.0
5280,0.19633688032627106,False,0.0
5281,0.26094236969947815,False,0.0
5282,0.2167663872241974,False,0.0
5283,0.2114391326904297,False,0.0
5284,0.007445588707923889,False,0.0
5285,0.3394690752029419,True,0.662287974730134
5286,0.09532012790441513,False,0.0
5287,0.22066131234169006,False,0.0
5288,0.19412557780742645,False,0.0
5289,0.19754305481910706,False,0.0
5290,0.00832508783787489,False,0.0
5291,0.22113876044750214,False,0.0
5292,0.954716682434082,True,1.0
5293,0.2652142345905304,False,0.0
5294,0.24905657768249512,False,0.0
5295,0.24606625735759735,False,0.0
5296,0.014757995493710041,False,0.0
5297,0.4299318790435791,True,0.8303477670997381
5298,0.27240100502967834,False,0.0
5299,0.20716729760169983,False,0.0
5300,0.040414243936538696,False,0.0
5301,0.1928691416978836,False,0.0
5302,0.00852611567825079,False,0.0
5303,0.32054731249809265,True,0.6240423936396837
5304,0.2620982825756073,False,0.0
5305,0.22925527393817902,False,0.0
5306,0.23943233489990234,False,0.0
5307,0.07534292340278625,False,0.0
5308,0.0023444932885468006,False,0.0
5309,0.19299477338790894,False,0.0
5310,0.8000680208206177,True,1.0
5311,0.43309807777404785,False,0.0
5312,0.3134359121322632,False,0.0
5313,0.29338333010673523,False,0.0
5314,0.01644160971045494,False,0.0
5315,0.02872946858406067,False,0.0
5316,0.41962918639183044,True,0.806375153362751
5317,0.282904714345932,False,0.0
5318,0.30373629927635193,False,0.0
5319,0.24847860634326935,False,0.0
5320,0.015210309997200966,False,0.0
5321,0.27383333444595337,True,0.4140179753303528
5322,0.06682434678077698,False,0.0
5323,0.23591434955596924,False,0.0
5324,0.24596576392650604,False,0.0
5325,0.2742604911327362,False,0.0
5326,0.013652339577674866,False,0.0
5327,0.2936597466468811,False,0.0
5328,0.7359751462936401,True,1.0
5329,0.1941758245229721,False,0.0
5330,0.25471049547195435,False,0.0
5331,0.2644352614879608,False,0.0
5332,0.01425542589277029,False,0.0
5333,0.2696117162704468,False,0.0
5334,0.34906819462776184,False,0.0
5335,0.706632673740387,True,1.0
5336,0.18347106873989105,False,0.0
5337,0.36404481530189514,False,0.0
5338,0.01619032397866249,False,0.0
5339,0.2655157744884491,False,0.0
5340,0.29242846369743347,True,0.552476279437542
5341,0.28868430852890015,False,0.0
5342,0.2860206663608551,False,0.0
5343,0.10004428774118423,False,0.0
5344,0.005008119624108076,False,0.0
5345,0.29107150435447693,False,0.0
5346,0.6639580130577087,False,0.0
5347,0.3805040121078491,False,0.0
5348,0.29320743680000305,False,0.0
5349,0.681685209274292,True,1.0
5350,0.022497588768601418,False,0.0
5351,0.22498343884944916,False,0.0
5352,0.10481870174407959,False,0.0
5353,0.31549644470214844,False,0.0
5354,0.7003352642059326,True,1.0
5355,0.42777082324028015,False,0.0
5356,0.01744675077497959,False,0.0
5357,0.6703568696975708,False,0.0
5358,0.14600439369678497,False,0.0
5359,0.023125803098082542,False,0.0
5360,0.30526912212371826,False,0.0
5361,0.34092652797698975,False,0.0
5362,0.00922971498221159,False,0.0
5363,0.4396817684173584,False,0.0
5364,1.0,True,1.0
5365,0.2092529535293579,False,0.0
5366,0.04837999492883682,False,0.0
5367,0.33894139528274536,False,0.0
5368,0.010586656630039215,False,0.0
5369,0.3140389919281006,False,0.0
5370,0.38176044821739197,False,0.0
5371,0.6670304536819458,True,1.0
5372,0.13449552655220032,False,0.0
5373,0.22515931725502014,False,0.0
5374,0.013300539925694466,False,0.0
5375,0.4400586783885956,False,0.0
5376,0.3980437219142914,False,0.0
5377,0.39344522356987,False,0.0
5378,0.40947723388671875,False,0.0
5379,0.09418933838605881,False,0.0
5380,0.0031486067455261946,False,0.0
5381,0.03672034665942192,False,0.0
5382,0.687702476978302,True,1.0
5383,0.4439033567905426,False,0.0
5384,0.3363531529903412,False,0.0
5385,0.40525561571121216,False,0.0
5386,0.01634109579026699,False,0.0
5387,0.0894651710987091,False,0.12911048531532288
5388,0.02490992844104767,False,0.0
5389,0.29099613428115845,False,0.0
5390,0.2627265155315399,False,0.0
5391,0.29871058464050293,False,0.0
5392,0.008023545145988464,False,0.0
5393,0.8628987073898315,True,1.0
5394,0.2280491143465042,False,0.0
5395,0.04910872504115105,False,0.0
5396,0.33831319212913513,False,0.0
5397,0.33773523569107056,False,0.0
5398,0.01840163581073284,False,0.0
5399,0.2672496438026428,False,0.0
5400,1.0,True,1.0
5401,0.2420959770679474,False,0.0
5402,0.03908243402838707,False,0.0
5403,0.2524489164352417,False,0.0
5404,0.010586656630039215,False,0.0
5405,0.2584798038005829,False,0.0
5406,0.276295930147171,False,0.0
5407,0.6717960834503174,True,1.0
5408,0.09918992221355438,False,0.0
5409,0.019934477284550667,False,0.0
5410,0.0,False,0.0
5411,0.28707608580589294,False,0.0
5412,0.28335705399513245,False,0.0
5413,0.36934694647789,False,0.0
5414,0.43171602487564087,True,0.8482393305748701
5415,0.11600091308355331,False,0.0
5416,0.007596359588205814,False,0.0
5417,0.0637335404753685,False,0.0
5418,0.4372694194316864,False,0.0
5419,0.6784300208091736,True,1.0
5420,0.3532395362854004,False,0.0
5421,0.35218414664268494,False,0.0
5422,0.015612366609275341,False,0.0
5423,0.08137377351522446,False,0.0
5424,0.031669508665800095,False,0.0
5425,0.2717476487159729,False,0.0
5426,0.2673501670360565,False,0.0
5427,0.6552615165710449,True,1.0
5428,0.022673487663269043,False,0.0
5429,0.3973903954029083,False,0.0
5430,0.10554742813110352,False,0.0
5431,0.061748381704092026,False,0.0
5432,0.2752907872200012,False,0.0
5433,0.30225369334220886,False,0.0
5434,0.012069241143763065,False,0.0
5435,0.2800149619579315,False,0.0
5436,0.9187594652175903,True,1.0
5437,0.2547356188297272,False,0.0
5438,0.07119672000408173,False,0.0
5439,0.4057833254337311,False,0.0
5440,0.026794571429491043,False,0.0
5441,0.2664203941822052,False,0.0
5442,0.261997789144516,False,0.0
5443,0.32001957297325134,True,0.5864500030875206
5444,0.1253236085176468,False,0.0
5445,0.041921958327293396,False,0.0
5446,0.0,False,0.0
5447,0.24365393817424774,False,0.0
5448,0.3512543737888336,False,0.0
5449,0.3468066155910492,False,0.0
5450,0.4094521105289459,False,0.0
5451,0.31994420289993286,False,0.0
5452,0.020839104428887367,False,0.0
5453,0.10986953973770142,False,0.0
5454,0.7608962059020996,True,1.0
5455,0.43674173951148987,False,0.0
5456,0.43965664505958557,False,0.0
5457,0.4154578149318695,False,0.0
5458,0.023955045267939568,False,0.0
5459,0.4240266978740692,True,0.8001433052122593
5460,0.09245546907186508,False,0.0
5461,0.028905371204018593,False,0.0
5462,0.25815311074256897,False,0.0
5463,0.2936346232891083,False,0.0
5464,0.013828239403665066,False,0.0
5465,0.6976844072341919,True,1.0
5466,0.36957308650016785,False,0.0
5467,0.09441549330949783,False,0.0
5468,0.0562954843044281,False,0.0
5469,0.2829298675060272,False,0.0
5470,0.010737428441643715,False,0.0
5471,0.2987859845161438,False,0.0
5472,1.0,True,1.0
5473,0.6982321739196777,False,0.0
5474,0.11806144565343857,False,0.0
5475,0.04900820925831795,False,0.0
5476,0.0,False,0.0
5477,0.3367552161216736,False,0.0
5478,0.32796022295951843,False,0.0
5479,0.4340278208255768,True,0.8570845182985067
5480,0.32185396552085876,False,0.0
5481,0.09898889064788818,False,0.0
5482,0.005485561676323414,False,0.0
5483,0.019029848277568817,False,0.0
5484,0.2639326751232147,False,0.0
5485,0.3094404637813568,False,0.0
5486,0.3951790928840637,False,0.0
5487,0.3165518641471863,False,0.0
5488,0.015386208891868591,False,0.0
5489,0.10871362686157227,False,0.0
5490,0.931486189365387,True,1.0
5491,0.8041319847106934,False,0.0
5492,0.3840973973274231,False,0.0
5493,0.37299057841300964,False,0.0
5494,0.01488363929092884,False,0.0
5495,0.2957956790924072,True,0.48603638261556625
5496,0.06566843390464783,False,0.0
5497,0.0527774877846241,False,0.0
5498,0.2740594744682312,False,0.0
5499,0.2929310202598572,False,0.0
5500,0.8998521566390991,True,1.0
5501,0.3741716146469116,False,0.0
5502,0.2957956790924072,False,0.0
5503,0.06056733801960945,False,0.0
5504,0.03601674735546112,False,0.0
5505,0.2532530426979065,False,0.0
5506,0.007345074322074652,False,0.0
5507,0.28574424982070923,False,0.0
5508,0.7658665776252747,True,1.0
5509,0.6558378338813782,False,0.0
5510,0.144823357462883,False,0.0
5511,0.022824259474873543,False,0.0
5512,0.0,False,0.0
5513,0.23362763226032257,False,0.0
5514,0.3411778211593628,False,0.0
5515,0.3388659954071045,False,0.0
5516,0.3486410081386566,True,0.6923417444340885
5517,0.08813335746526718,False,0.0
5518,0.002470135921612382,False,0.0
5519,0.027799714356660843,False,0.0
5520,0.26574191451072693,False,0.0
5521,0.339971661567688,False,0.0
5522,0.3969883322715759,False,0.0
5523,0.6679514050483704,False,0.0
5524,0.021844245493412018,False,0.0
5525,0.12456975132226944,False,0.0
5526,0.6491990685462952,False,0.0
5527,0.6735048294067383,True,1.0
5528,0.44978341460227966,False,0.0
5529,0.4002048075199127,False,0.0
5530,0.02556326985359192,False,0.0
5531,0.6590810418128967,False,0.0
5532,0.08775642514228821,False,0.0
5533,0.03192079812288284,False,0.0
5534,0.3077065944671631,False,0.0
5535,0.33321207761764526,False,0.0
5536,0.016642635688185692,False,0.0
5537,0.3574611246585846,False,0.0
5538,0.3887964189052582,True,0.723048809915781
5539,0.11386498063802719,False,0.0
5540,0.027272013947367668,False,0.0
5541,0.397440642118454,False,0.0
5542,0.021442189812660217,False,0.0
5543,0.3510533273220062,False,0.0
5544,1.0,True,1.0
5545,0.829754114151001,False,0.0
5546,0.08562050014734268,False,0.0
5547,0.03330286592245102,False,0.0
5548,0.0,False,0.0
5549,0.4466172158718109,True,0.8909577860031277
5550,0.4371688961982727,False,0.0
5551,0.3348454236984253,False,0.0
5552,0.3878415524959564,False,0.0
5553,0.10263252258300781,False,0.0
5554,0.001138322870247066,False,0.0
5555,0.003827077569440007,False,0.0
5556,0.3024798631668091,False,0.0
5557,0.3254222273826599,False,0.0
5558,0.3272314965724945,False,0.0
5559,0.4024914801120758,False,0.0
5560,0.017220593988895416,False,0.0
5561,0.09509396553039551,False,0.0
5562,0.6904414296150208,True,1.0
5563,0.21490688621997833,False,0.0
5564,0.3630145490169525,False,0.0
5565,0.3778906464576721,False,0.0
5566,0.015511852689087391,False,0.0
5567,0.7943731546401978,True,1.0
5568,0.1987994760274887,False,0.0
5569,0.4121157228946686,False,0.0
5570,0.0755942091345787,False,0.0
5571,0.3206729590892792,False,0.0
5572,0.016114937141537666,False,0.0
5573,0.31539592146873474,False,0.0
5574,0.3563554883003235,True,0.6804811023175716
5575,0.08386150747537613,False,0.0
5576,0.2514689266681671,False,0.0
5577,0.036343421787023544,False,0.0
5578,0.0,False,0.0
5579,0.26657116413116455,False,0.0
5580,1.0,True,1.0
5581,0.7039103507995605,False,0.0
5582,0.09604885429143906,False,0.0
5583,0.38103172183036804,False,0.0
5584,0.01840163581073284,False,0.0
5585,0.07265417277812958,False,0.0
5586,0.4263384938240051,True,0.8158737160265446
5587,0.31150099635124207,False,0.0
5588,0.4096280038356781,False,0.0
5589,0.0754937008023262,False,0.0
5590,0.0,False,0.0
5591,0.23898003995418549,False,0.0
5592,0.04953590780496597,False,0.0
5593,0.2544843554496765,False,0.0
5594,0.22950656712055206,False,0.0
5595,0.32466837763786316,False,0.0
5596,0.007118917535990477,False,0.0
5597,0.05343083292245865,False,0.0
5598,0.7021011710166931,True,1.0
5599,0.1935727447271347,False,0.0
5600,0.2889355719089508,False,0.0
5601,0.2779543995857239,False,0.0
5602,0.007093788590282202,False,0.0
5603,0.3981693685054779,False,0.2989291846752167
5604,0.24870477616786957,False,0.0
5605,0.4072910249233246,False,0.0
5606,0.19844767451286316,False,0.0
5607,0.25599205493927,False,0.0
5608,0.006917888764292002,False,0.0
5609,0.6677504181861877,True,1.0
5610,0.41771942377090454,False,0.0
5611,0.12891697883605957,False,0.0
5612,0.27498921751976013,False,0.0
5613,0.09461652487516403,False,0.0
5614,0.003123478265479207,False,0.0
5615,0.36477354168891907,False,0.0
5616,1.0,True,1.0
5617,0.45460811257362366,False,0.0
5618,0.24918220937252045,False,0.0
5619,0.27692413330078125,False,0.0
5620,0.01023485790938139,False,0.0
5621,0.2564694881439209,False,0.0
5622,0.28303036093711853,False,0.0
5623,0.26737529039382935,False,0.0
5624,0.3231857717037201,True,0.6247961726039648
5625,0.23026041686534882,False,0.0
5626,0.01078768540173769,False,0.0
5627,0.24584011733531952,False,0.0
5628,0.07353367656469345,False,0.0
5629,0.26704859733581543,False,0.0
5630,0.37080439925193787,False,0.0
5631,0.35017386078834534,False,0.0
5632,0.014079525135457516,False,0.0
5633,0.09172674268484116,False,0.0
5634,0.8608183860778809,True,1.0
5635,0.243101105093956,False,0.0
5636,0.32162782549858093,False,0.0
5637,0.2621234357357025,False,0.0
5638,0.018275992944836617,False,0.0
5639,0.36698484420776367,False,0.0
5640,0.38354456424713135,False,0.0
5641,0.15283936262130737,False,0.0
5642,0.04159528762102127,False,0.0
5643,0.4435766637325287,True,0.8506013415753841
5644,0.03154386579990387,False,0.0
5645,0.38505229353904724,False,0.0
5646,0.39942580461502075,False,0.0
5647,0.30195218324661255,False,0.0
5648,0.0802178606390953,False,0.0
5649,0.019959604367613792,False,0.0
5650,0.0,False,0.0
5651,0.2554643452167511,False,0.0
5652,0.7427283525466919,True,1.0
5653,0.6863455176353455,False,0.0
5654,0.2908202111721039,False,0.0
5655,0.07039260119199753,False,0.0
5656,0.0019424364436417818,False,0.0
5657,0.020160634070634842,False,0.0
5658,0.27451178431510925,False,0.0
5659,0.2728784382343292,False,0.0
5660,0.41402551531791687,False,0.0
5661,0.4256097972393036,True,0.839846414513886
5662,0.027724329382181168,False,0.0
5663,0.22536034882068634,False,0.0
5664,0.40274277329444885,False,0.0
5665,0.07918759435415268,False,0.0
5666,0.282502681016922,False,0.0
5667,0.31049588322639465,False,0.0
5668,0.005686589982360601,False,0.0
5669,0.2576002776622772,False,0.0
5670,0.9282863736152649,True,1.0
5671,0.313260018825531,False,0.0
5672,0.09559653699398041,False,0.0
5673,0.3042891323566437,False,0.0
5674,0.01624058000743389,False,0.0
5675,0.27328047156333923,True,0.5140797831118107
5676,0.22415418922901154,False,0.0
5677,0.05916014313697815,False,0.0
5678,0.22764705121517181,False,0.0
5679,0.0746895894408226,False,0.0
5680,0.0,False,0.0
5681,0.26589271426200867,False,0.0
5682,0.29109665751457214,True,0.5728806750848889
5683,0.26403316855430603,False,0.0
5684,0.09526986628770828,False,0.0
5685,0.2437041997909546,False,0.0
5686,0.004656319972127676,False,0.0
5687,0.12374050915241241,False,0.0
5688,1.0,True,1.0
5689,0.6949796676635742,False,0.0
5690,0.3057968318462372,False,0.0
5691,0.11982045322656631,False,0.0
5692,0.007093788590282202,False,0.0
5693,0.25423306226730347,False,0.0
5694,0.04767639562487602,False,0.0
5695,0.31974318623542786,True,0.620976684615016
5696,0.3081086575984955,False,0.0
5697,0.24744835495948792,False,0.0
5698,0.009254843927919865,False,0.0
5699,0.05252620577812195,False,0.0
5700,0.2721748352050781,True,0.4098968654870987
5701,0.06722640246152878,False,0.0
5702,0.24729757010936737,False,0.0
5703,0.29770544171333313,False,0.0
5704,0.00968202855437994,False,0.0
5705,0.38286611437797546,False,0.0
5706,0.7624078989028931,True,1.0
5707,0.3484399914741516,False,0.0
5708,0.0710710734128952,False,0.0
5709,0.4224184453487396,False,0.0
5710,0.022774001583456993,False,0.0
5711,0.3075055778026581,True,0.5694631524384022
5712,0.2332507222890854,False,0.0
5713,0.07373470067977905,False,0.0
5714,0.22395315766334534,False,0.0
5715,0.10522075742483139,False,0.0
5716,0.002294236095622182,False,0.0
5717,0.21932950615882874,False,0.0
5718,0.24405598640441895,True,0.4677930288016796
5719,0.24063849449157715,False,0.0
5720,0.0674525648355484,False,0.0
5721,0.21392686665058136,False,0.0
5722,0.01015947200357914,False,0.0
5723,0.10195405781269073,False,0.0
5724,0.6990036368370056,False,0.0
5725,0.7010786533355713,True,1.0
5726,0.29760491847991943,False,0.0
5727,0.0671510249376297,False,0.0
5728,0.0,False,0.0
5729,0.35499852895736694,False,0.0
5730,0.0828312337398529,False,0.0
5731,0.2513684034347534,False,0.0
5732,0.29659977555274963,True,0.42753708362579346
5733,0.2308383733034134,False,0.0
5734,0.00930510088801384,False,0.0
5735,0.06647255271673203,False,0.0
5736,0.22025926411151886,False,0.0
5737,0.0613211989402771,False,0.0
5738,0.245714470744133,False,0.0
5739,0.32466837763786316,False,0.0
5740,0.012672326527535915,False,0.0
5741,0.24438266456127167,False,0.0
5742,0.38947489857673645,True,0.7659683898091316
5743,0.38517794013023376,False,0.0
5744,0.12889185547828674,False,0.0
5745,0.2553638517856598,False,0.0
5746,0.006490703672170639,False,0.0
5747,0.6755418181419373,False,0.0
5748,0.28989046812057495,False,0.0
5749,0.07803168147802353,False,0.0
5750,0.899873673915863,True,1.0
5751,0.04189683124423027,False,0.0
5752,0.0,False,0.0
5753,0.29260435700416565,False,0.0
5754,0.3137625753879547,False,0.0
5755,0.2577510476112366,False,0.0
5756,0.06441201269626617,False,0.0
5757,0.19957846403121948,False,0.0
5758,0.0,False,0.0
5759,0.020889362320303917,False,0.0
5760,1.0,True,1.0
5761,0.42294612526893616,False,0.0
5762,0.3337397873401642,False,0.0
5763,0.07765474915504456,False,0.0
5764,0.0014147369656711817,False,0.0
5765,0.266043484210968,False,0.0
5766,0.29529309272766113,False,0.0
5767,0.19060757756233215,False,0.0
5768,0.2485288679599762,False,0.0
5769,0.414779394865036,True,0.8196933222934604
5770,0.015436465851962566,False,0.0
5771,0.06350737810134888,False,0.0
5772,0.35090258717536926,False,0.0
5773,0.3102194666862488,False,0.0
5774,0.09393805265426636,False,0.0
5775,0.2962731122970581,True,0.4046701192855835
5776,0.004932733718305826,False,0.0
5777,0.35984835028648376,False,0.0
5778,0.2742856442928314,False,0.0
5779,0.35622984170913696,False,0.0
5780,0.4637046456336975,True,0.9010594952851534
5781,0.2493329793214798,False,0.0
5782,0.013677469454705715,False,0.0
5783,0.4073915481567383,False,0.0
5784,0.45350247621536255,False,0.0
5785,0.2804923951625824,False,0.0
5786,0.44717007875442505,False,0.0
5787,0.46202102303504944,True,0.8966871071606874
5788,0.025337114930152893,False,0.0
5789,0.0685582160949707,False,0.0
5790,0.35781294107437134,False,0.0
5791,0.45289936661720276,False,0.0
5792,0.09738066047430038,False,0.0
5793,0.3740459680557251,False,0.0
5794,0.013174897991120815,False,0.0
5795,0.3689197301864624,False,0.0
5796,0.6010429859161377,True,1.0
5797,0.3946513831615448,False,0.0
5798,0.42126256227493286,False,0.0
5799,0.10250689089298248,False,0.0
5800,0.001263965736143291,False,0.0
5801,0.32587453722953796,False,0.0
5802,0.32808586955070496,False,0.0
5803,0.1342693716287613,False,0.0
5804,1.0,True,1.0
5805,0.765224039554596,False,0.0
5806,0.024608386680483818,False,0.0
5807,0.10821106284856796,False,0.0
5808,0.388620525598526,False,0.0
5809,0.38693690299987793,False,0.0
5810,0.11444294452667236,False,0.0
5811,0.34135374426841736,False,0.0
5812,0.016215451061725616,False,0.0
5813,0.42686620354652405,False,0.0
5814,0.6997180581092834,False,0.0
5815,0.7261742949485779,True,1.0
5816,0.41178908944129944,False,0.0
5817,0.11610142141580582,False,0.0
5818,0.0019675649236887693,False,0.0
5819,0.3468317687511444,False,0.0
5820,0.6832295656204224,False,0.0
5821,0.13424424827098846,False,0.0
5822,0.39500316977500916,False,0.0
5823,0.789824903011322,True,1.0
5824,0.025136087089776993,False,0.0
5825,0.3151697814464569,False,0.0
5826,0.7012216448783875,False,0.0
5827,0.6772238612174988,False,0.0
5828,0.12363999336957932,False,0.0
5829,0.392414927482605,False,0.0
5830,0.01603955216705799,False,0.0
5831,0.44634079933166504,False,0.0
5832,0.9656761884689331,True,1.0
5833,0.44576287269592285,False,0.0
5834,0.4289267659187317,False,0.0
5835,0.09243033826351166,False,0.0
5836,0.0,False,0.0
5837,0.3295181691646576,False,0.0
5838,0.3370818793773651,False,0.0
5839,0.06727666407823563,False,0.0
5840,0.3283120095729828,False,0.0
5841,0.4515424370765686,True,0.8867864981293678
5842,0.015285694971680641,False,0.0
5843,0.2072175294160843,False,0.0
5844,0.42880111932754517,False,0.0
5845,0.39688780903816223,False,0.0
5846,0.08989235013723373,False,0.0
5847,0.3860322833061218,False,0.0
5848,0.00814918801188469,False,0.0
5849,0.4088238775730133,False,0.0
5850,0.7299197316169739,True,1.0
5851,0.6695596575737,False,0.0
5852,0.38638409972190857,False,0.0
5853,0.08325842022895813,False,0.0
5854,0.0,False,0.0
5855,0.3444194197654724,False,0.0
5856,0.4300575256347656,True,0.8120039328932762
5857,0.12957033514976501,False,0.0
5858,0.3405998647212982,False,0.0
5859,0.3916108310222626,False,0.0
5860,0.024055559188127518,False,0.0
5861,0.1419084519147873,False,0.0
5862,0.7045385837554932,True,1.0
5863,0.6778520345687866,False,0.0
5864,0.09150058031082153,False,0.0
5865,0.31227999925613403,False,0.0
5866,0.00789790228009224,False,0.0
5867,0.39610883593559265,False,0.0
5868,0.6861326694488525,True,1.0
5869,0.410356730222702,False,0.0
5870,0.46335288882255554,False,0.0
5871,0.11012083292007446,False,0.0
5872,0.0,False,0.0
5873,0.32494479417800903,False,0.0
5874,0.32999563217163086,False,0.0
5875,0.3356746733188629,True,0.48171424865722656
5876,0.09481754899024963,False,0.0
5877,0.4506126940250397,False,0.0
5878,0.01639135181903839,False,0.0
5879,0.44224485754966736,False,0.0
5880,0.11077417433261871,False,0.0
5881,0.6835830211639404,True,1.0
5882,0.3915103077888489,False,0.0
5883,0.08541947603225708,False,0.0
5884,0.0027968070935457945,False,0.0
5885,0.40864798426628113,False,0.0
5886,0.8811420202255249,True,1.0
5887,0.22433006763458252,False,0.0
5888,0.32698020339012146,False,0.0
5889,0.3760813772678375,False,0.0
5890,0.019959604367613792,False,0.0
5891,0.11368908733129501,False,0.0
5892,0.36949771642684937,True,0.6990762241184711
5893,0.31140050292015076,False,0.0
5894,0.0838363766670227,False,0.0
5895,0.2880309522151947,False,0.0
5896,0.008877916261553764,False,0.0
5897,0.3951288163661957,True,0.44552913308143616
5898,0.1723642498254776,False,0.0
5899,0.38937437534332275,False,0.0
5900,0.7008195519447327,False,0.0
5901,0.18661212921142578,False,0.0
5902,0.004455291200429201,False,0.0
5903,0.3546718657016754,False,0.0
5904,1.0,True,1.0
5905,0.25571563839912415,False,0.0
5906,0.37640807032585144,False,0.0
5907,0.33559927344322205,False,0.0
5908,0.022397074848413467,False,0.0
5909,0.0556924007833004,False,0.0
5910,0.26194751262664795,False,0.0
5911,0.2536551058292389,False,0.0
5912,0.06086888536810875,False,0.0
5913,0.35419440269470215,True,0.6635946556925774
5914,0.010762556456029415,False,0.0
5915,0.331352561712265,False,0.0
5916,0.06330635398626328,False,0.0
5917,0.2651388347148895,False,0.0
5918,0.3484399914741516,False,0.0
5919,0.25307711958885193,False,0.0
5920,0.01598929427564144,False,0.0
5921,0.4584779441356659,True,0.895430775359273
5922,0.4073413014411926,False,0.0
5923,0.08154967427253723,False,0.0
5924,0.2755672037601471,False,0.0
5925,0.27740156650543213,False,0.0
5926,0.007546102162450552,False,0.0
5927,0.036946505308151245,False,0.0
5928,0.3080081641674042,True,0.6009241240099072
5929,0.29270485043525696,False,0.0
5930,0.059989381581544876,False,0.0
5931,0.2705666124820709,False,0.0
5932,0.005711718928068876,False,0.0
5933,0.3615068197250366,True,0.7115902015939355
5934,0.0846404954791069,False,0.0
5935,0.3085107207298279,False,0.0
5936,0.2548612654209137,False,0.0
5937,0.03481058031320572,False,0.0
5938,0.0,False,0.0
5939,0.2333763688802719,False,0.0
5940,1.0,True,1.0
5941,0.2627013623714447,False,0.0
5942,0.30835995078086853,False,0.0
5943,0.25925877690315247,False,0.0
5944,0.00797328818589449,False,0.0
5945,0.04164554178714752,False,0.0
5946,0.23428098857402802,False,0.0
5947,0.3768352270126343,True,0.7377238776534796
5948,0.08154967427253723,False,0.0
5949,0.31328514218330383,False,0.0
5950,0.01111435703933239,False,0.0
5951,0.2623244524002075,False,0.0
5952,0.04817896708846092,False,0.0
5953,0.34555020928382874,True,0.6688717044889927
5954,0.3338403105735779,False,0.0
5955,0.13555091619491577,False,0.0
5956,0.0,False,0.0
5957,0.4196040630340576,False,0.0
5958,0.7931418418884277,True,1.0
5959,0.1694493293762207,False,0.0
5960,0.3993504047393799,False,0.0
5961,0.3725382685661316,False,0.0
5962,0.01694417931139469,False,0.0
5963,0.0632309690117836,False,0.0
5964,0.37701115012168884,True,0.7201339416205883
5965,0.31740623712539673,False,0.0
5966,0.06257762759923935,False,0.0
5967,0.2654152810573578,False,0.0
5968,0.005963004194200039,False,0.0
5969,0.25380587577819824,False,0.0
5970,0.08114761859178543,False,0.0
5971,0.30225369334220886,True,0.5925813782960176
5972,0.2587813138961792,False,0.0
5973,0.06662332266569138,False,0.0
5974,0.0,False,0.0
5975,0.24496062099933624,False,0.0
5976,0.8545560240745544,True,1.0
5977,0.7000096440315247,False,0.0
5978,0.31712982058525085,False,0.0
5979,0.435284286737442,False,0.0
5980,0.024583257734775543,False,0.0
5981,0.05714985728263855,False,0.0
5982,0.25362998247146606,False,0.0
5983,0.3820871114730835,True,0.7150077074766159
5984,0.33914241194725037,False,0.0
5985,0.29408693313598633,False,0.0
5986,0.009078944101929665,False,0.0
5987,0.28968942165374756,False,0.0
5988,0.06295455247163773,False,0.0
5989,0.2587813138961792,False,0.0
5990,0.3112497329711914,False,0.0
5991,0.28908634185791016,False,0.0
5992,0.006741988938301802,False,0.0
5993,0.32474374771118164,False,0.0
5994,0.8649636507034302,True,1.0
5995,0.24968479573726654,False,0.0
5996,0.3166775107383728,False,0.0
5997,0.4045269191265106,False,0.0
5998,0.017823679372668266,False,0.0
5999,0.4084218144416809,False,0.0
6000,0.8999344706535339,True,1.0
6001,0.6488285660743713,False,0.0
6002,0.07803168147802353,False,0.0
6003,0.2730794847011566,False,0.0
6004,0.0008116518147289753,False,0.0
6005,0.3021029233932495,True,0.45206253230571747
6006,0.2793616056442261,False,0.0
6007,0.07607165724039078,False,0.0
6008,0.3034850060939789,False,0.0
6009,0.07094543427228928,False,0.0
6010,0.0,False,0.0
6011,0.2621234357357025,False,0.0
6012,1.0,True,1.0
6013,0.6486232280731201,False,0.0
6014,0.1488439291715622,False,0.0
6015,0.29670029878616333,False,0.0
6016,0.005334790330380201,False,0.0
6017,0.23930668830871582,False,0.0
6018,0.2712450921535492,False,0.0
6019,0.577591598033905,True,1.0
6020,0.2643347382545471,False,0.0
6021,0.06541714817285538,False,0.0
6022,0.0,False,0.0
6023,0.2790851891040802,False,0.0
6024,0.07071927189826965,False,0.0
6025,0.21762076020240784,False,0.0
6026,0.27508974075317383,False,0.0
6027,0.24606625735759735,False,0.0
6028,0.009405615739524364,False,0.0
6029,0.04486199840903282,False,0.0
6030,0.8792948126792908,True,1.0
6031,0.36404481530189514,False,0.0
6032,0.28436216711997986,False,0.0
6033,0.34065014123916626,False,0.0
6034,0.01639135181903839,False,0.0
6035,0.2239028960466385,False,0.0
6036,0.23825131356716156,False,0.0
6037,0.3588934540748596,True,0.6850042045116425
6038,0.0674525648355484,False,0.0
6039,0.2941623330116272,False,0.0
6040,0.004957862198352814,False,0.0
6041,0.26848095655441284,False,0.0
6042,0.24749861657619476,False,0.0
6043,0.09361138194799423,False,0.0
6044,0.25370535254478455,False,0.0
6045,0.07134748995304108,False,0.0
6046,0.0,False,0.0
6047,0.23086349666118622,False,0.0
6048,0.8392176628112793,True,1.0
6049,0.6741796731948853,False,0.0
6050,0.1632174551486969,False,0.0
6051,0.6186192631721497,False,0.0
6052,0.019532419741153717,False,0.0
6053,0.21621356904506683,False,0.0
6054,0.2935592234134674,True,0.5480536073446274
6055,0.28835761547088623,False,0.0
6056,0.276044636964798,False,0.0
6057,0.06167299672961235,False,0.0
6058,0.0,False,0.0
6059,0.5841389298439026,True,1.0
6060,0.058833468705415726,False,0.0
6061,0.20842371881008148,False,0.0
6062,0.24332726001739502,False,0.0
6063,0.2362661361694336,False,0.0
6064,0.004379905294626951,False,0.0
6065,0.0755942091345787,False,0.0
6066,0.8332639932632446,True,1.0
6067,0.32054731249809265,False,0.0
6068,0.31037023663520813,False,0.0
6069,0.3193913698196411,False,0.0
6070,0.01654212363064289,False,0.0
6071,0.3486158847808838,True,0.6641475223004818
6072,0.08257994800806046,False,0.0
6073,0.25350433588027954,False,0.0
6074,0.27612003684043884,False,0.0
6075,0.29129764437675476,False,0.0
6076,0.01387849636375904,False,0.0
6077,0.3337397873401642,True,0.6397225819528103
6078,0.23021017014980316,False,0.0
6079,0.2215910702943802,False,0.0
6080,0.27833133935928345,False,0.0
6081,0.06255249679088593,False,0.0
6082,0.0,False,0.0
6083,0.22174184024333954,False,0.0
6084,0.9627373218536377,True,1.0
6085,0.6205556392669678,False,0.0
6086,0.3063245415687561,False,0.0
6087,0.24624216556549072,False,0.0
6088,0.008400472812354565,False,0.0
6089,0.15037676692008972,False,0.0
6090,0.21138887107372284,False,0.0
6091,0.19849793612957,False,0.0
6092,0.26378190517425537,False,0.0
6093,0.37356850504875183,True,0.711992222815752
6094,0.021718604490160942,False,0.0
6095,0.35080206394195557,False,0.0
6096,0.07411163300275803,False,0.0
6097,0.20555905997753143,False,0.0
6098,0.19020551443099976,False,0.0
6099,0.3181852102279663,False,0.0
6100,0.017572393640875816,False,0.0
6101,0.2287527173757553,False,0.0
6102,0.5638523101806641,True,1.0
6103,0.08835951238870621,False,0.0
6104,0.20849910378456116,False,0.0
6105,0.21636433899402618,False,0.0
6106,0.008098931051790714,False,0.0
6107,0.20520725846290588,False,0.0
6108,0.2074185609817505,False,0.0
6109,0.25460997223854065,False,0.0
6110,0.053003646433353424,False,0.0
6111,0.22136490046977997,False,0.0
6112,0.006088647060096264,False,0.0
6113,0.6330222487449646,True,1.0
6114,0.30152496695518494,False,0.0
6115,0.21945515275001526,False,0.0
6116,0.19181375205516815,False,0.0
6117,0.33693110942840576,False,0.0
6118,0.01000870019197464,False,0.0
6119,0.018225735053420067,False,0.0
6120,0.9852022528648376,True,1.0
6121,0.26699838042259216,False,0.0
6122,0.21010732650756836,False,0.0
6123,0.1955830305814743,False,0.0
6124,0.0042040059342980385,False,0.0
6125,0.23925642669200897,False,0.3368230164051056
6126,0.07084491848945618,False,0.0
6127,0.21540944278240204,False,0.0
6128,0.24458368122577667,False,0.0
6129,0.22857680916786194,False,0.0
6130,0.008928172290325165,False,0.0
6131,0.2531776428222656,True,0.4953841622918844
6132,0.2154848426580429,False,0.0
6133,0.06787975132465363,False,0.0
6134,0.21935462951660156,False,0.0
6135,0.22123925387859344,False,0.0
6136,0.005485561676323414,False,0.0
6137,0.34163016080856323,False,0.0
6138,0.8355144262313843,True,1.0
6139,0.3213765323162079,False,0.0
6140,0.19088397920131683,False,0.0
6141,0.20075951516628265,False,0.0
6142,0.004430162720382214,False,0.0
6143,0.23629127442836761,True,0.4637222234159708
6144,0.2211136370897293,False,0.0
6145,0.2111375778913498,False,0.0
6146,0.21153965592384338,False,0.0
6147,0.07064389437437057,False,0.0
6148,0.0,False,0.0
6149,0.3145667016506195,True,0.6162525098770857
6150,0.30062034726142883,False,0.0
6151,0.23598971962928772,False,0.0
6152,0.2002066671848297,False,0.0
6153,0.20601136982440948,False,0.0
6154,0.006440446712076664,False,0.0
6155,0.11220649629831314,False,0.0
6156,0.9995583295822144,True,1.0
6157,0.2642342150211334,False,0.0
6158,0.18877318501472473,False,0.0
6159,0.3087368905544281,False,0.0
6160,0.01229539792984724,False,0.0
6161,0.16042818129062653,False,0.21540189534425735
6162,0.05272723361849785,False,0.0
6163,0.16349385678768158,False,0.0
6164,0.16475029289722443,False,0.0
6165,0.16457439959049225,False,0.0
6166,0.002470135921612382,False,0.0
6167,0.19656303524971008,False,0.27168983966112137
6168,0.16374514997005463,False,0.0
6169,0.0607181154191494,False,0.0
6170,0.30778199434280396,False,0.0
6171,0.22468188405036926,False,0.0
6172,0.009104072116315365,False,0.0
6173,0.21269555389881134,False,0.0
6174,0.8492605090141296,True,1.0
6175,0.37238749861717224,False,0.0
6176,0.09232982248067856,False,0.0
6177,0.16721288859844208,False,0.0
6178,0.003274249378591776,False,0.0
6179,0.31964266300201416,True,0.6327368272468448
6180,0.17681199312210083,False,0.0
6181,0.1733693927526474,False,0.0
6182,0.1646246463060379,False,0.0
6183,0.047977935522794724,False,0.0
6184,0.0,False,0.0
6185,0.15995074808597565,False,0.0
6186,0.16095589101314545,False,0.0
6187,0.17173603177070618,False,0.0
6188,0.165328249335289,False,0.0
6189,0.27569282054901123,False,0.0
6190,0.016265708953142166,False,0.0
6191,0.06531663984060287,False,0.0
6192,0.7484415769577026,True,1.0
6193,0.38392147421836853,False,0.0
6194,0.2629275321960449,False,0.0
6195,0.1898537129163742,False,0.0
6196,0.004229134414345026,False,0.0
6197,0.2918756306171417,True,0.5733832232654095
6198,0.0546872615814209,False,0.0
6199,0.15072856843471527,False,0.0
6200,0.14907006919384003,False,0.0
6201,0.26767683029174805,False,0.0
6202,0.012647198513150215,False,0.0
6203,0.22905424237251282,True,0.4328140877187252
6204,0.20465444028377533,False,0.0
6205,0.062250953167676926,False,0.0
6206,0.15663377940654755,False,0.0
6207,0.1796012669801712,False,0.0
6208,0.005184018984436989,False,0.0
6209,0.17553043365478516,False,0.0
6210,0.623276948928833,True,1.0
6211,0.6161965131759644,False,0.0
6212,0.2181735783815384,False,0.0
6213,0.2170930653810501,False,0.0
6214,0.004354776814579964,False,0.0
6215,0.18085770308971405,False,0.0
6216,0.3495205044746399,True,0.6903314553201199
6217,0.2207869589328766,False,0.0
6218,0.17754071950912476,False,0.0
6219,0.03757471963763237,False,0.0
6220,0.0,False,0.0
6221,0.21312275528907776,False,0.0
6222,0.3202960193157196,True,0.6324353124946356
6223,0.21392686665058136,False,0.0
6224,0.1762842983007431,False,0.0
6225,0.18025460839271545,False,0.0
6226,0.0040783630684018135,False,0.0
6227,0.05433545634150505,False,0.0
6228,0.9659712314605713,True,1.0
6229,0.5691182613372803,False,0.0
6230,0.21402738988399506,False,0.0
6231,0.21020784974098206,False,0.0
6232,0.007219431456178427,False,0.0
6233,0.19362299144268036,False,0.0
6234,0.07737834006547928,False,0.0
6235,0.19148705899715424,False,0.0
6236,0.2759692370891571,True,0.5374996112659574
6237,0.18125975131988525,False,0.0
6238,0.0021434647496789694,False,0.0
6239,0.171761155128479,False,0.0
6240,0.15454809367656708,False,0.0
6241,0.036494191735982895,False,0.0
6242,0.30577170848846436,True,0.5975066106766462
6243,0.2074185609817505,False,0.0
6244,0.007018403150141239,False,0.0
6245,0.17314323782920837,False,0.0
6246,0.7955942749977112,False,0.0
6247,0.5881854295730591,False,0.0
6248,0.13228420913219452,False,0.0
6249,0.20204105973243713,False,0.0
6250,0.8995015025138855,True,1.0
6251,0.18249104917049408,False,0.0
6252,0.17238937318325043,False,0.0
6253,0.17972691357135773,False,0.0
6254,0.21060989797115326,False,0.0
6255,0.16165947914123535,False,0.0
6256,0.004153748508542776,False,0.0
6257,0.15412092208862305,False,0.0
6258,0.2628018856048584,True,0.5155372750014067
6259,0.17580686509609222,False,0.0
6260,0.17349503934383392,False,0.0
6261,0.21362531185150146,False,0.0
6262,0.005033248104155064,False,0.0
6263,0.03566494956612587,False,0.0
6264,0.6208862066268921,True,1.0
6265,0.26277676224708557,False,0.0
6266,0.19513070583343506,False,0.0
6267,0.23176813125610352,False,0.0
6268,0.01204411219805479,False,0.0
6269,0.18178744614124298,False,0.0
6270,0.05041540786623955,False,0.0
6271,0.15997587144374847,False,0.0
6272,0.24197033047676086,False,0.0
6273,0.5680583119392395,True,1.0
6274,0.028277156874537468,False,0.0
6275,0.28556835651397705,False,0.0
6276,0.1690472811460495,False,0.0
6277,0.025236601009964943,False,0.0
6278,0.16565492749214172,False,0.0
6279,0.15449784696102142,False,0.0
6280,0.0,False,0.0
6281,0.151256263256073,False,0.0
6282,0.5672339200973511,True,1.0
6283,0.20540829002857208,False,0.0
6284,0.040715787559747696,False,0.0
6285,0.15429681539535522,False,0.0
6286,0.00015830954362172633,False,0.0
6287,0.1856321096420288,False,0.0
6288,0.1757817268371582,False,0.0
6289,0.19259272515773773,False,0.0
6290,0.18470236659049988,False,0.0
6291,0.042022474110126495,False,0.0
6292,0.0,False,0.0
6293,0.6250510215759277,True,1.0
6294,0.253328412771225,False,0.0
6295,0.17480170726776123,False,0.0
6296,0.17228886485099792,False,0.0
6297,0.31469234824180603,False,0.0
6298,0.010410756804049015,False,0.0
6299,0.029508454725146294,False,0.0
6300,0.9995505809783936,True,1.0
6301,0.6122257113456726,False,0.0
6302,0.23330096900463104,False,0.0
6303,0.23578870296478271,False,0.0
6304,0.0040783630684018135,False,0.0
6305,0.17050473392009735,False,0.0
6306,0.03320235013961792,False,0.0
6307,0.193472221493721,False,0.0
6308,0.19965384900569916,False,0.0
6309,0.22314904630184174,True,0.43814136646687984
6310,0.0016911510610952973,False,0.0
6311,0.18344593048095703,False,0.0
6312,0.20086002349853516,False,0.0
6313,0.055214960128068924,False,0.0
6314,0.1810084581375122,False,0.0
6315,0.2014128416776657,False,0.0
6316,0.0019173078471794724,False,0.0
6317,0.27953749895095825,False,0.0
6318,0.644294261932373,True,1.0
6319,0.5959310531616211,False,0.0
6320,0.12477077543735504,False,0.0
6321,0.20857448875904083,False,0.0
6322,0.0024952644016593695,False,0.0
6323,0.17917408049106598,False,0.0
6324,0.2601131200790405,True,0.5152357113547623
6325,0.2461165189743042,False,0.0
6326,0.21234376728534698,False,0.0
6327,0.06275352090597153,False,0.0
6328,0.0,False,0.0
6329,0.19643740355968475,False,0.0
6330,0.20319698750972748,False,0.0
6331,0.22292287647724152,False,0.0
6332,0.23156709969043732,False,0.0
6333,0.25732386112213135,False,0.0
6334,0.00993331428617239,False,0.0
6335,0.0709705576300621,False,0.0
6336,0.7458349466323853,True,1.0
6337,0.6069786548614502,False,0.0
6338,0.2390051633119583,False,0.0
6339,0.2702147960662842,False,0.0
6340,0.01294874120503664,False,0.0
6341,0.17686225473880768,False,0.0
6342,0.061446841806173325,False,0.0
6343,0.1938742846250534,False,0.0
6344,0.261017769575119,True,0.49613805674016476
6345,0.2326727658510208,False,0.0
6346,0.01086307130753994,False,0.0
6347,0.20266926288604736,False,0.0
6348,0.1666349321603775,False,0.0
6349,0.07081978768110275,False,0.0
6350,0.15243731439113617,False,0.0
6351,0.17211295664310455,False,0.0
6352,0.005259404890239239,False,0.0
6353,0.20065899193286896,False,0.0
6354,0.7731099128723145,True,1.0
6355,0.5289103984832764,False,0.0
6356,0.20214156806468964,False,0.0
6357,0.025688914582133293,False,0.0
6358,0.0,False,0.0
6359,0.2676517069339752,False,0.0
6360,0.15432195365428925,False,0.0
6361,0.14288845658302307,False,0.0
6362,0.15944817662239075,False,0.0
6363,0.30124858021736145,True,0.5996174293104559
6364,0.01794932223856449,False,0.0
6365,0.13854122161865234,False,0.0
6366,0.2164899855852127,False,0.0
6367,0.19073320925235748,False,0.0
6368,0.16067947447299957,False,0.0
6369,0.15663377940654755,False,0.0
6370,0.001439865562133491,False,0.0
6371,0.18879830837249756,False,0.0
6372,0.9480510950088501,True,1.0
6373,0.5444521307945251,False,0.0
6374,0.1809079498052597,False,0.0
6375,0.16655956208705902,False,0.0
6376,0.006365060806274414,False,0.0
6377,0.1763848066329956,False,0.0
6378,0.2520720064640045,True,0.4914138913154602
6379,0.0594114251434803,False,0.0
6380,0.24207083880901337,False,0.0
6381,0.16198615729808807,False,0.0
6382,0.004379905294626951,False,0.0
6383,0.19601021707057953,False,0.38326062355190516
6384,0.18027973175048828,False,0.0
6385,0.1757817268371582,False,0.0
6386,0.07069414108991623,False,0.0
6387,0.15168344974517822,False,0.0
6388,0.0,False,0.0
6389,0.18188796937465668,False,0.0
6390,0.8870165348052979,True,1.0
6391,0.5438956022262573,False,0.0
6392,0.18404902517795563,False,0.0
6393,0.07179980725049973,False,0.0
6394,0.0016408938681706786,False,0.0
6395,0.13952122628688812,False,0.0
6396,0.162714883685112,False,0.0
6397,0.26147007942199707,True,0.5196583711076528
6398,0.18796907365322113,False,0.0
6399,0.04506302624940872,False,0.0
6400,0.0,False,0.0
6401,0.014305682852864265,False,0.0
6402,0.10569820553064346,False,0.0
6403,0.12464512884616852,False,0.0
6404,0.29572030901908875,False,0.0
6405,0.2219931185245514,False,0.0
6406,0.005761975888162851,False,0.0
6407,0.10919107496738434,False,0.0
6408,0.6950854659080505,True,1.0
6409,0.3322572112083435,False,0.0
6410,0.17344477772712708,False,0.0
6411,0.15934765338897705,False,0.0
6412,0.006063518580049276,False,0.0
6413,0.15972457826137543,False,0.2623922750353813
6414,0.028980756178498268,False,0.0
6415,0.02852844074368477,False,0.0
6416,0.2394825965166092,False,0.0
6417,0.13610374927520752,False,0.0
6418,0.0,False,0.0
6419,0.10974390804767609,False,0.0
6420,0.27672311663627625,True,0.5534462332725525
6421,0.05604420229792595,False,0.0
6422,0.0033747635316103697,False,0.0
6423,0.14258691668510437,False,0.0
6424,0.0,False,0.0
6425,0.14107920229434967,False,0.0
6426,0.6684472560882568,True,1.0
6427,0.6133502721786499,False,0.0
6428,0.20367442071437836,False,0.0
6429,0.07099568843841553,False,0.0
6430,0.0,False,0.0
6431,0.11421678215265274,False,0.0
6432,0.12371537834405899,False,0.0
6433,0.11069878190755844,False,0.0
6434,0.5029032230377197,True,1.0
6435,0.09841093420982361,False,0.0
6436,0.0017414080211892724,False,0.0
6437,0.04435942694544792,False,0.0
6438,0.10444177687168121,False,0.0
6439,0.10680385679006577,False,0.0
6440,0.11931788176298141,False,0.0
6441,0.2542833089828491,False,0.0
6442,0.010486142709851265,False,0.0
6443,0.09079698473215103,False,0.0
6444,0.9051519632339478,True,1.0
6445,0.5362021923065186,False,0.0
6446,0.14746186137199402,False,0.0
6447,0.10607513040304184,False,0.0
6448,0.0,False,0.0
6449,0.14356693625450134,False,0.2824448859319091
6450,0.042424526065588,False,0.0
6451,0.022145789116621017,False,0.0
6452,0.11155315488576889,False,0.0
6453,0.11228188127279282,False,0.0
6454,0.0023444932885468006,False,0.0
6455,0.26425933837890625,True,0.5285186767578125
6456,0.14105407893657684,False,0.0
6457,0.029759740456938744,False,0.0
6458,0.01113948505371809,False,0.0
6459,0.07953939586877823,False,0.0
6460,0.0,False,0.0
6461,0.09725502133369446,False,0.0
6462,0.5106528997421265,True,1.0
6463,0.2246064990758896,False,0.0
6464,0.07375983148813248,False,0.0
6465,0.014682610519230366,False,0.0
6466,0.0,False,0.0
6467,0.09773246198892593,False,0.0
6468,0.06958848983049393,False,0.0
6469,0.06496483832597733,False,0.0
6470,0.10087352991104126,False,0.0
6471,0.16505183279514313,False,0.0
6472,0.006566089577972889,False,0.0
6473,0.2985849380493164,True,0.5971698760986328
6474,0.19503019750118256,False,0.0
6475,0.08398714661598206,False,0.0
6476,0.060944266617298126,False,0.0
6477,0.089967742562294,False,0.0
6478,0.0,False,0.0
6479,0.006063518580049276,False,0.0
6480,0.9496283531188965,True,1.0
6481,0.273632287979126,False,0.0
6482,0.10926645994186401,False,0.0
6483,0.08544459939002991,False,0.0
6484,0.003952720668166876,False,0.0
6485,0.06591971963644028,False,0.0
6486,0.0691613033413887,False,0.0
6487,0.036343421787023544,False,0.0
6488,0.08300713449716568,False,0.0
6489,0.08740463107824326,False,0.0
6490,0.0037265631835907698,False,0.0
6491,0.09790836274623871,False,0.0
6492,0.08788207173347473,False,0.0
6493,0.10150174051523209,False,0.19555035466328263
6494,0.05111900717020035,False,0.0
6495,0.08687692880630493,False,0.0
6496,0.0011885800631716847,False,0.0
6497,0.10356228798627853,False,0.0
6498,0.648648202419281,False,0.0
6499,0.2546602189540863,False,0.0
6500,0.8987342119216919,True,1.0
6501,0.015486723743379116,False,0.0
6502,0.0,False,0.0
6503,0.0,False,0.0
6504,0.0523754358291626,False,0.0
6505,0.060542214661836624,False,0.0
6506,0.06516586989164352,False,0.0
6507,0.10069762915372849,False,0.20139525830745697
6508,0.0,False,0.0
6509,0.01749700866639614,False,0.0
6510,0.01345131080597639,False,0.0
6511,0.0651407390832901,False,0.0
6512,0.07675012201070786,False,0.0
6513,0.0814240351319313,False,0.0
6514,0.0,False,0.0
6515,0.14771313965320587,False,0.0
6516,0.8099674582481384,True,1.0
6517,0.14811520278453827,False,0.0
6518,0.0704679861664772,False,0.0
6519,0.19895024597644806,False,0.0
6520,0.01025998592376709,False,0.0
6521,0.0838363766670227,False,0.0
6522,0.09119904041290283,False,0.16187810897827148
6523,0.018301120027899742,False,0.0
6524,0.022673487663269043,False,0.0
6525,0.06787975132465363,False,0.0
6526,0.0,False,0.0
6527,0.08325842022895813,False,0.0
6528,0.0832332894206047,False,0.0
6529,0.10052173584699631,False,0.20104347169399261
6530,0.024985315278172493,False,0.0
6531,0.014858509413897991,False,0.0
6532,0.0,False,0.0
6533,0.08240404725074768,False,0.0
6534,0.7047513723373413,True,1.0
6535,0.4154262840747833,False,0.0
6536,0.1311534345149994,False,0.0
6537,0.04850563779473305,False,0.0
6538,0.0,False,0.0
6539,0.19151219725608826,False,0.3815518622286618
6540,0.07637319713830948,False,0.0
6541,0.0623263381421566,False,0.0
6542,0.07210134714841843,False,0.0
6543,0.09303342550992966,False,0.0
6544,0.0035004063975065947,False,0.0
6545,0.022045275196433067,False,0.0
6546,0.029257168993353844,False,0.0
6547,0.05235030874609947,False,0.0
6548,0.06833206117153168,False,0.0
6549,0.06556792557239532,False,0.0
6550,0.000736266141757369,False,0.0
6551,0.10795976966619492,False,0.0
6552,0.9256691336631775,True,1.0
6553,0.12698207795619965,False,0.0
6554,0.06679921597242355,False,0.0
6555,0.0652412474155426,False,0.0
6556,0.0,False,0.0
6557,0.082931749522686,False,0.0
6558,0.3591632843017578,True,0.7183265686035156
6559,0.0483548641204834,False,0.0
6560,0.022522715851664543,False,0.0
6561,0.0578032024204731,False,0.0
6562,0.0008116518147289753,False,0.0
6563,0.07677525281906128,False,0.0
6564,0.06679921597242355,False,0.0
6565,0.08793233335018158,False,0.1742413630709052
6566,0.02998589538037777,False,0.0
6567,0.03993680328130722,False,0.0
6568,0.0,False,0.0
6569,0.0774034708738327,False,0.0
6570,0.8456225395202637,True,1.0
6571,0.34946486353874207,False,0.0
6572,0.11715682595968246,False,0.0
6573,0.030664367601275444,False,0.0
6574,0.0007613946800120175,False,0.0
6575,0.01282309740781784,False,0.0
6576,0.06737717241048813,False,0.0
6577,0.2050313502550125,True,0.408539911150001
6578,0.08459023386240005,False,0.0
6579,0.09695347398519516,False,0.0
6580,0.001490122522227466,False,0.0
6581,0.023050418123602867,False,0.0
6582,0.017170337960124016,False,0.0
6583,0.05081746727228165,False,0.0
6584,0.05755191668868065,False,0.0
6585,0.08109736442565918,False,0.0
6586,0.0,False,0.0
6587,0.12032301723957062,False,0.0
6588,0.6311213374137878,True,1.0
6589,0.34500178694725037,False,0.0
6590,0.09001799672842026,False,0.0
6591,0.0721767321228981,False,0.0
6592,0.005485561676323414,False,0.0
6593,0.09818477928638458,False,0.0
6594,0.09642577916383743,False,0.0
6595,0.02857869863510132,False,0.0
6596,0.17058011889457703,False,0.3301891144365072
6597,0.07360905408859253,False,0.0
6598,0.001088065910153091,False,0.0
6599,0.06596998125314713,False,0.0
6600,0.079112209379673,False,0.0
6601,0.10305970907211304,False,0.2039432863239199
6602,0.0728803277015686,False,0.0
6603,0.030413081869482994,False,0.0
6604,0.0,False,0.0
6605,0.05021438002586365,False,0.0
6606,0.6087480187416077,True,1.0
6607,0.37564441561698914,False,0.0
6608,0.19666354358196259,False,0.0
6609,0.11562398821115494,False,0.0
6610,7.538257250416791e-06,False,0.0
6611,0.023829402402043343,False,0.0
6612,0.019205749034881592,False,0.0
6613,0.07476496696472168,False,0.0
6614,0.36482712626457214,True,0.7268750357907265
6615,0.15685991942882538,False,0.0
6616,0.00948100071400404,False,0.0
6617,0.0684577077627182,False,0.0
6618,0.04662099480628967,False,0.0
6619,0.020688332617282867,False,0.0
6620,0.0680556520819664,False,0.0
6621,0.0747900977730751,False,0.0
6622,0.0013896083692088723,False,0.0
6623,0.13007289171218872,False,0.0
6624,0.9272875189781189,True,1.0
6625,0.153668612241745,False,0.0
6626,0.04378147050738335,False,0.0
6627,0.059135016053915024,False,0.0
6628,0.003249121131375432,False,0.0
6629,0.07602139562368393,False,0.0
6630,0.10187866538763046,False,0.0
6631,0.06280378252267838,False,0.0
6632,0.16243846714496613,False,0.0
6633,0.028025871142745018,False,0.0
6634,0.0,False,0.0
6635,0.23516049981117249,True,0.47032099962234497
6636,0.08775642514228821,False,0.0
6637,0.10006941854953766,False,0.0
6638,0.057727813720703125,False,0.0
6639,0.01410465408116579,False,0.0
6640,0.0,False,0.0
6641,0.014406196773052216,False,0.0
6642,0.42382189631462097,False,0.0
6643,0.45470574498176575,True,0.9094114899635315
6644,0.20895139873027802,False,0.0
6645,0.09873760491609573,False,0.0
6646,0.0030983497854322195,False,0.0
6647,0.0059881326742470264,False,0.0
6648,0.019557548686861992,False,0.0
6649,0.0610196553170681,False,0.0
6650,0.08471587300300598,False,0.0
6651,0.12233330309391022,False,0.0
6652,0.004756833892315626,False,0.0
6653,0.4056704044342041,True,0.8051441092975438
6654,0.11821222305297852,False,0.0
6655,0.020110376179218292,False,0.0
6656,0.07494086772203445,False,0.0
6657,0.057828325778245926,False,0.0
6658,0.0,False,0.0
6659,0.0895656868815422,False,0.0
6660,0.9280758500099182,True,1.0
6661,0.4072752296924591,False,0.0
6662,0.061848897486925125,False,0.0
6663,0.07205108553171158,False,0.0
6664,0.0025203931145370007,False,0.0
6665,0.06348224729299545,False,0.0
6666,0.10645206272602081,False,0.20786333922296762
6667,0.07989119738340378,False,0.0
6668,0.04280145838856697,False,0.0
6669,0.034634679555892944,False,0.0
6670,0.0,False,0.0
6671,0.08436407893896103,False,0.0
6672,0.0828312337398529,False,0.0
6673,0.14233563840389252,False,0.28405311511596665
6674,0.12213227897882462,False,0.0
6675,0.053254932165145874,False,0.0
6676,0.00030908084590919316,False,0.0
6677,0.04104245826601982,False,0.0
6678,0.5054776668548584,True,1.0
6679,0.41598689556121826,False,0.0
6680,0.17595762014389038,False,0.0
6681,0.0786096379160881,False,0.0
6682,0.0030983497854322195,False,0.0
6683,0.024432485923171043,False,0.0
6684,0.015536980703473091,False,0.0
6685,0.05564214661717415,False,0.0
6686,0.06943771988153458,False,0.0
6687,0.13683247566223145,False,0.26746825175359845
6688,0.006239417940378189,False,0.0
6689,0.09444062411785126,False,0.0
6690,0.0473497249186039,False,0.0
6691,0.025186343118548393,False,0.0
6692,0.08190148323774338,False,0.0
6693,0.09021902829408646,False,0.0
6694,0.0,False,0.0
6695,0.14809006452560425,False,0.0
6696,0.941554605960846,True,1.0
6697,0.10486896336078644,False,0.0
6698,0.010762556456029415,False,0.0
6699,0.18756701052188873,False,0.0
6700,0.008124059997498989,False,0.0
6701,0.06230120733380318,False,0.0
6702,0.09351086616516113,False,0.1707736123353243
6703,0.07765474915504456,False,0.0
6704,0.030513597652316093,False,0.0
6705,0.01204411219805479,False,0.0
6706,0.0,False,0.0
6707,0.07614704221487045,False,0.0
6708,0.07544343918561935,False,0.0
6709,0.11288497596979141,False,0.22576995193958282
6710,0.09431498497724533,False,0.0
6711,0.039961930364370346,False,0.0
6712,0.0,False,0.0
6713,0.09491806477308273,False,0.0
6714,0.800798773765564,True,1.0
6715,0.4074484705924988,False,0.0
6716,0.11929275095462799,False,0.0
6717,0.0732823833823204,False,0.0
6718,0.0,False,0.0
6719,0.1899542212486267,False,0.37627485510893166
6720,0.09016876667737961,False,0.0
6721,0.03455929085612297,False,0.0
6722,0.07725270092487335,False,0.0
6723,0.08310764282941818,False,0.0
6724,0.0018167936941608787,False,0.0
6725,0.10861312597990036,False,0.21213520877063274
6726,0.05242568999528885,False,0.0
6727,0.07815732806921005,False,0.0
6728,0.04659586772322655,False,0.0
6729,0.08785694092512131,False,0.0
6730,0.002545521594583988,False,0.0
6731,0.11745836585760117,False,0.0
6732,0.674664318561554,True,1.0
6733,0.3717282712459564,False,0.0
6734,0.1006222516298294,False,0.0
6735,0.036192651838064194,False,0.0
6736,0.00018343809642829,False,0.0
6737,0.08097171783447266,False,0.0
6738,0.22033464908599854,True,0.4403024219791405
6739,0.11554860323667526,False,0.0
6740,0.027020728215575218,False,0.0
6741,0.07353367656469345,False,0.0
6742,0.0,False,0.0
6743,0.025714043527841568,False,0.0
6744,0.06921156495809555,False,0.0
6745,0.07381008565425873,False,0.0
6746,0.08830925822257996,False,0.0
6747,0.031468480825424194,False,0.0
6748,0.0,False,0.0
6749,0.08770617097616196,False,0.0
6750,0.8988523483276367,True,1.0
6751,0.4120140075683594,False,0.0
6752,0.16017690300941467,False,0.0
6753,0.11916710436344147,False,0.0
6754,0.0,False,0.0
6755,0.011365641839802265,False,0.0
6756,0.22603881359100342,True,0.45207762718200684
6757,0.06157248094677925,False,0.0
6758,0.0741870105266571,False,0.0
6759,0.09426472336053848,False,0.0
6760,0.0,False,0.0
6761,0.10514537245035172,False,0.21029074490070343
6762,0.044133272022008896,False,0.0
6763,0.06596998125314713,False,0.0
6764,0.03219721093773842,False,0.0
6765,0.06400995701551437,False,0.0
6766,0.0,False,0.0
6767,0.10419049113988876,False,0.0
6768,0.9458196759223938,True,1.0
6769,0.41813144087791443,False,0.0
6770,0.11826248466968536,False,0.0
6771,0.03496135026216507,False,0.0
6772,0.0016911510610952973,False,0.0
6773,0.09974274784326553,False,0.0
6774,0.11130187660455704,False,0.0
6775,0.13997355103492737,False,0.0
6776,0.170353963971138,False,0.3373256258200854
6777,0.11816196888685226,False,0.0
6778,8.292390702990815e-05,False,0.0
6779,0.033428508788347244,False,0.0
6780,0.09217905253171921,False,0.0
6781,0.10220535099506378,False,0.0
6782,0.1311534345149994,False,0.0
6783,0.03576546534895897,False,0.0
6784,0.0,False,0.0
6785,0.10559768974781036,False,0.0
6786,0.7718825340270996,True,1.0
6787,0.4499843120574951,False,0.0
6788,0.14731107652187347,False,0.0
6789,0.14067713916301727,False,0.0
6790,0.009581515565514565,False,0.0
6791,0.04760101065039635,False,0.0
6792,0.09687809646129608,False,0.0
6793,0.03777574747800827,False,0.0
6794,0.09619962424039841,False,0.0
6795,0.24606625735759735,True,0.4729694835841656
6796,0.014406196773052216,False,0.0
6797,0.10863824933767319,False,0.0
6798,0.035639818757772446,False,0.0
6799,0.09866221994161606,False,0.0
6800,0.0444348119199276,False,0.0
6801,0.08308251947164536,False,0.0
6802,0.0030732210725545883,False,0.0
6803,0.10708028078079224,False,0.0
6804,0.5466043949127197,True,1.0
6805,0.4108318090438843,False,0.0
6806,0.14839160442352295,False,0.0
6807,0.0518728606402874,False,0.0
6808,0.0,False,0.0
6809,0.07506651431322098,False,0.0
6810,0.09361138194799423,False,0.0
6811,0.13374166190624237,False,0.0
6812,0.030212054029107094,False,0.0
6813,0.3960936367511749,True,0.7921872735023499
6814,0.01674315147101879,False,0.0
6815,0.2527504861354828,False,0.0
6816,0.04860615357756615,False,0.0
6817,0.08652513474225998,False,0.0
6818,0.11378959566354752,False,0.0
6819,0.04340454190969467,False,0.0
6820,0.0,False,0.0
6821,0.09268162399530411,False,0.0
6822,0.4986189007759094,True,0.9972378015518188
6823,0.26448550820350647,False,0.0
6824,0.12085071951150894,False,0.0
6825,0.10024531930685043,False,0.0
6826,0.0,False,0.0
6827,0.030664367601275444,False,0.0
6828,0.0589088574051857,False,0.0
6829,0.0542852059006691,False,0.0
6830,0.026593541726469994,False,0.0
6831,0.09175186604261398,False,0.0
6832,0.0,False,0.0
6833,0.3851267397403717,True,0.7702534794807434
6834,0.12369024753570557,False,0.0
6835,0.035941362380981445,False,0.0
6836,0.03837883099913597,False,0.0
6837,0.015084668062627316,False,0.0
6838,0.0,False,0.0
6839,0.054913412779569626,False,0.0
6840,0.9449340105056763,True,1.0
6841,0.4905649423599243,False,0.0
6842,0.08908824622631073,False,0.0
6843,0.0502646341919899,False,0.0
6844,0.001716279424726963,False,0.0
6845,0.019582677632570267,False,0.0
6846,0.0495610348880291,False,0.0
6847,0.0660453662276268,False,0.0
6848,0.0764988362789154,False,0.14956511370837688
6849,0.028025871142745018,False,0.0
6850,0.0,False,0.0
6851,0.045791756361722946,False,0.0
6852,0.03460955247282982,False,0.0
6853,0.04840512201189995,False,0.0
6854,0.06529150903224945,False,0.0
6855,0.060592468827962875,False,0.0
6856,0.0,False,0.0
6857,0.020236020907759666,False,0.0
6858,0.51941978931427,True,1.0
6859,0.25986185669898987,False,0.0
6860,0.1467331349849701,False,0.0
6861,0.07956452667713165,False,0.0
6862,0.0,False,0.0
6863,0.04227375611662865,False,0.0
6864,0.033579278737306595,False,0.0
6865,0.0453394390642643,False,0.0
6866,0.036996763199567795,False,0.0
6867,0.056973960250616074,False,0.0
6868,0.000736266141757369,False,0.0
6869,0.0784086138010025,False,0.15459083882160485
6870,0.057727813720703125,False,0.0
6871,0.03581571951508522,False,0.0
6872,0.06431149691343307,False,0.0
6873,0.047475364059209824,False,0.0
6874,0.0011131943902000785,False,0.0
6875,0.08119788020849228,False,0.0
6876,0.7826153635978699,True,1.0
6877,0.39578133821487427,False,0.0
6878,0.037499334663152695,False,0.0
6879,0.1764853298664093,False,0.0
6880,0.01624058000743389,False,0.0
6881,0.027096113190054893,False,0.0
6882,0.060542214661836624,False,0.0
6883,0.07320699840784073,False,0.11393283680081367
6884,0.07190031558275223,False,0.0
6885,0.043128129094839096,False,0.0
6886,0.001716279424726963,False,0.0
6887,0.05674780160188675,False,0.0
6888,0.03063924051821232,False,0.0
6889,0.04712356626987457,False,0.0
6890,0.06418585032224655,False,0.0
6891,0.0547877736389637,False,0.0
6892,0.0032993778586387634,False,0.0
6893,0.03878089040517807,False,0.0
6894,0.571674644947052,True,1.0
6895,0.11781016737222672,False,0.0
6896,0.0698649063706398,False,0.0
6897,0.4509914815425873,False,0.0
6898,0.027096113190054893,False,0.0
6899,0.17764124274253845,False,0.3010902591049671
6900,0.03084026835858822,False,0.0
6901,0.056169845163822174,False,0.0
6902,0.033830564469099045,False,0.0
6903,0.07843373715877533,False,0.0
6904,0.0,False,0.0
6905,0.09944120049476624,False,0.19888240098953247
6906,0.08707796037197113,False,0.0
6907,0.04415839910507202,False,0.0
6908,0.06551766395568848,False,0.0
6909,0.03340337797999382,False,0.0
6910,0.0,False,0.0
6911,0.11363883316516876,False,0.0
6912,0.9349310398101807,True,1.0
6913,0.13203291594982147,False,0.0
6914,0.035388536751270294,False,0.0
6915,0.0594114251434803,False,0.0
6916,0.004555805586278439,False,0.0
6917,0.020587818697094917,False,0.0
6918,0.20377492904663086,False,0.39843824692070484
6919,0.08828412741422653,False,0.0
6920,0.0555918887257576,False,0.0
6921,0.015913909301161766,False,0.0
6922,0.0,False,0.0
6923,0.04830460995435715,False,0.0
6924,0.0512697771191597,False,0.0
6925,0.035740334540605545,False,0.0
6926,0.0796147808432579,False,0.0
6927,0.06335660815238953,False,0.0
6928,0.0,False,0.0
6929,0.027623815461993217,False,0.0
6930,0.853265643119812,True,1.0
6931,0.2258378118276596,False,0.0
6932,0.061195552349090576,False,0.0
6933,0.06622125953435898,False,0.0
6934,0.00023369518748950213,False,0.0
6935,0.04224862903356552,False,0.0
6936,0.013979010283946991,False,0.0
6937,0.1939747929573059,False,0.3874821955396328
6938,0.06295455247163773,False,0.0
6939,0.020512433722615242,False,0.0
6940,0.0,False,0.0
6941,0.06787975132465363,False,0.0
6942,0.04234914109110832,False,0.0
6943,0.013903625309467316,False,0.0
6944,0.06358277052640915,False,0.0
6945,0.06963875144720078,False,0.0
6946,0.00020856664923485368,False,0.0
6947,0.037348564714193344,False,0.0
6948,0.6168850064277649,True,1.0
6949,0.4698120653629303,False,0.0
6950,0.10336124897003174,False,0.0
6951,0.061044782400131226,False,0.0
6952,0.0029224499594420195,False,0.0
6953,0.055315472185611725,False,0.0
6954,0.02601558528840542,False,0.0
6955,0.2613193094730377,True,0.5167937190271914
6956,0.09961710125207901,False,0.0
6957,0.023879660293459892,False,0.0
6958,0.0,False,0.0
6959,0.05094310641288757,False,0.0
6960,0.0579037144780159,False,0.0
6961,0.03767523169517517,False,0.0
6962,0.06612075120210648,False,0.0
6963,0.0693623349070549,False,0.0
6964,0.0002588237402960658,False,0.0
6965,0.03546392172574997,False,0.0
6966,0.5534659028053284,True,1.0
6967,0.155075803399086,False,0.0
6968,0.054913412779569626,False,0.0
6969,0.05865756794810295,False,0.0
6970,0.0,False,0.0
6971,0.12941955029964447,False,0.0
6972,0.037449076771736145,False,0.0
6973,0.0599140003323555,False,0.0
6974,0.4188319444656372,True,0.8367944417404942
6975,0.13449552655220032,False,0.0
6976,0.008475858718156815,False,0.0
6977,0.07285519689321518,False,0.0
6978,0.08820874243974686,False,0.0
6979,0.014531838707625866,False,0.0
6980,0.07431265711784363,False,0.0
6981,0.06923668831586838,False,0.0
6982,0.0004347235953900963,False,0.0
6983,0.0512697771191597,False,0.0
6984,0.9348213076591492,True,1.0
6985,0.4711913466453552,False,0.0
6986,0.055767785757780075,False,0.0
6987,0.06509047746658325,False,0.0
6988,0.0,False,0.0
6989,0.056270357221364975,False,0.0
6990,0.03315209597349167,False,0.0
6991,0.08167532086372375,False,0.0
6992,0.10823619365692139,False,0.0
6993,0.031116683036088943,False,0.0
6994,0.002646035747602582,False,0.0
6995,0.22445571422576904,False,0.3783353865146637
6996,0.09464164823293686,False,0.0
6997,0.035288020968437195,False,0.0
6998,0.07607165724039078,False,0.0
6999,0.08951542526483536,False,0.0
7000,0.8987042307853699,True,1.0
7001,0.021869374439120293,False,0.0
7002,0.5422124862670898,False,0.0
7003,0.4652039408683777,False,0.0
7004,0.13379192352294922,False,0.0
7005,0.08049427717924118,False,0.0
7006,0.0,False,0.0
7007,0.069462850689888,False,0.0
7008,0.019557548686861992,False,0.0
7009,0.0562954843044281,False,0.0
7010,0.057174988090991974,False,0.0
7011,0.09172674268484116,False,0.0
7012,0.0014649940421804786,False,0.0
7013,0.3749914765357971,True,0.7499829530715942
7014,0.13479706645011902,False,0.0
7015,0.027221757918596268,False,0.0
7016,0.04048962891101837,False,0.0
7017,0.04445994272828102,False,0.0
7018,0.0,False,0.0
7019,0.005209147464483976,False,0.0
7020,0.939216136932373,True,1.0
7021,0.3959729075431824,False,0.0
7022,0.050842590630054474,False,0.0
7023,0.04807845130562782,False,0.0
7024,0.0015655081951990724,False,0.0
7025,0.0525764599442482,False,0.0
7026,0.0490584634244442,False,0.0
7027,0.025362243875861168,False,0.0
7028,0.06989002972841263,False,0.1366490430664271
7029,0.03330286592245102,False,0.0
7030,0.00010805245256051421,False,0.0
7031,0.0540841780602932,False,0.0
7032,0.0489579513669014,False,0.0
7033,0.0628289133310318,False,0.0
7034,0.04244965687394142,False,0.0
7035,0.08697744458913803,False,0.0
7036,0.003048092592507601,False,0.0
7037,0.03873063251376152,False,0.0
7038,0.4875495433807373,True,0.9748829818563536
7039,0.45206618309020996,False,0.0
7040,0.200910285115242,False,0.0
7041,0.05034002289175987,False,0.0
7042,0.002997835399582982,False,0.0
7043,0.060290928930044174,False,0.0
7044,0.020160634070634842,False,0.0
7045,0.055315472185611725,False,0.0
7046,0.0556924007833004,False,0.0
7047,0.06820642203092575,False,0.0
7048,0.0015655081951990724,False,0.0
7049,0.020537560805678368,False,0.0
7050,0.07692602276802063,False,0.15072102914564312
7051,0.020210890099406242,False,0.0
7052,0.05554163083434105,False,0.0
7053,0.05586830526590347,False,0.0
7054,0.0,False,0.0
7055,0.061396580189466476,False,0.0
7056,0.8489052057266235,True,1.0
7057,0.20244312286376953,False,0.0
7058,0.03089052438735962,False,0.0
7059,0.23264764249324799,False,0.0
7060,0.01850214973092079,False,0.0
7061,0.061044782400131226,False,0.0
7062,0.053606729954481125,False,0.0
7063,0.01639135181903839,False,0.0
7064,0.08034350723028183,False,0.12790431082248688
7065,0.024306844919919968,False,0.0
7066,0.0,False,0.0
7067,0.057627301663160324,False,0.0
7068,0.06451252102851868,False,0.0
7069,0.060190409421920776,False,0.0
7070,0.03501160815358162,False,0.0
7071,0.07574497908353806,False,0.0
7072,0.004807090852409601,False,0.0
7073,0.07813219726085663,False,0.0
7074,0.6682088375091553,True,1.0
7075,0.3900110125541687,False,0.0
7076,0.10084839910268784,False,0.0
7077,0.053455960005521774,False,0.0
7078,0.002294236095622182,False,0.0
7079,0.2596105635166168,True,0.513677769806236
7080,0.08923901617527008,False,0.0
7081,0.02903101220726967,False,0.0
7082,0.0637335404753685,False,0.0
7083,0.08180096000432968,False,0.0
7084,0.005761975888162851,False,0.0
7085,0.04405788704752922,False,0.0
7086,0.10155200213193893,False,0.19158005248755217
7087,0.0847410038113594,False,0.0
7088,0.03888140246272087,False,0.0
7089,0.08368559926748276,False,0.0
7090,0.002771678613498807,False,0.0
7091,0.12240868806838989,False,0.0
7092,0.9315783381462097,True,1.0
7093,0.22018387913703918,False,0.0
7094,0.12967084348201752,False,0.0
7095,0.04496251046657562,False,0.0
7096,0.0025706503074616194,False,0.0
7097,0.09740579128265381,False,0.0
7098,0.24197033047676086,True,0.4735223660245538
7099,0.06096939370036125,False,0.0
7100,0.12260972708463669,False,0.0
7101,0.09212879836559296,False,0.0
7102,0.005209147464483976,False,0.0
7103,0.03516237810254097,False,0.0
7104,0.0882590040564537,False,0.0
7105,0.09142520278692245,False,0.0
7106,0.04378147050738335,False,0.0
7107,0.11017109453678131,False,0.0
7108,0.0063399323262274265,False,0.0
7109,0.09225443750619888,False,0.0
7110,0.7934208512306213,True,1.0
7111,0.4551779627799988,False,0.0
7112,0.13786274194717407,False,0.0
7113,0.06622125953435898,False,0.0
7114,0.0030229638796299696,False,0.0
7115,0.15030138194561005,False,0.0
7116,0.11863940954208374,False,0.0
7117,0.1949547976255417,False,0.3834616099484265
7118,0.09996890276670456,False,0.0
7119,0.10552231222391129,False,0.0
7120,0.004405034240335226,False,0.0
7121,0.051043618470430374,False,0.0
7122,0.09846118837594986,False,0.18811230827122927
7123,0.07675012201070786,False,0.0
7124,0.039107561111450195,False,0.0
7125,0.09378727525472641,False,0.0
7126,0.0032239926513284445,False,0.0
7127,0.10597461462020874,False,0.0
7128,0.7105204463005066,True,1.0
7129,0.4642443358898163,False,0.0
7130,0.14517515897750854,False,0.0
7131,0.0472492091357708,False,0.0
7132,0.003827077569440007,False,0.0
7133,0.09554627537727356,False,0.0
7134,0.08818361163139343,False,0.0
7135,0.10273303836584091,False,0.0
7136,0.25802746415138245,True,0.505134061910212
7137,0.10725617408752441,False,0.0
7138,0.006239417940378189,False,0.0
7139,0.026342257857322693,False,0.0
7140,0.07773014158010483,False,0.0
7141,0.08054453879594803,False,0.0
7142,0.07735320925712585,False,0.0
7143,0.0857461467385292,False,0.0
7144,0.005460433196276426,False,0.0
7145,0.09976787865161896,False,0.0
7146,0.6723699569702148,True,1.0
7147,0.4475862979888916,False,0.0
7148,0.12449436634778976,False,0.0
7149,0.09841093420982361,False,0.0
7150,0.005937875714153051,False,0.0
7151,0.08406253159046173,False,0.0
7152,0.08147429674863815,False,0.0
7153,0.025814557448029518,False,0.0
7154,0.09652628749608994,False,0.0
7155,0.23639178276062012,True,0.46090781409293413
7156,0.01588878035545349,False,0.0
7157,0.08353482931852341,False,0.0
7158,0.07584550231695175,False,0.0
7159,0.09082211554050446,False,0.0
7160,0.021819118410348892,False,0.0
7161,0.07979067414999008,False,0.0
7162,0.004731704946607351,False,0.0
7163,0.11321164667606354,False,0.0
7164,0.9246548414230347,True,1.0
7165,0.2129468470811844,False,0.0
7166,0.09001799672842026,False,0.0
7167,0.020889362320303917,False,0.0
7168,0.0,False,0.0
7169,0.06320583820343018,False,0.0
7170,0.07119672000408173,False,0.0
7171,0.061798639595508575,False,0.0
7172,0.06968899816274643,False,0.0
7173,0.07192544639110565,False,0.0
7174,0.0008367802947759628,False,0.0
7175,0.20485544204711914,True,0.40160441491752863
7176,0.0776044949889183,False,0.0
7177,0.0613211989402771,False,0.0
7178,0.05835602805018425,False,0.0
7179,0.0712720975279808,False,0.0
7180,0.004053234588354826,False,0.0
7181,0.07386033982038498,False,0.0
7182,0.4960651695728302,True,0.9921303391456604
7183,0.4876445531845093,False,0.0
7184,0.16537851095199585,False,0.0
7185,0.08124813437461853,False,0.0
7186,0.0006357519305311143,False,0.0
7187,0.0663469061255455,False,0.13142230839002877
7188,0.0593109130859375,False,0.0
7189,0.021693475544452667,False,0.0
7190,0.04918411001563072,False,0.0
7191,0.04910872504115105,False,0.0
7192,0.0,False,0.0
7193,0.3832544982433319,True,0.7622723239473999
7194,0.12064969539642334,False,0.0
7195,0.06177350878715515,False,0.0
7196,0.022422203794121742,False,0.0
7197,0.0455404669046402,False,0.0
7198,0.002118336269631982,False,0.0
7199,0.04486199840903282,False,0.0
7200,0.9497605562210083,True,1.0
7201,0.4420170783996582,False,0.0
7202,0.12363999336957932,False,0.0
7203,0.020085249096155167,False,0.0
7204,0.009179458022117615,False,0.0
7205,0.05966271087527275,False,0.0
7206,0.06682434678077698,False,0.0
7207,0.07431265711784363,False,0.0
7208,0.038604989647865295,False,0.0
7209,0.11778503656387329,False,0.21721115708351135
7210,0.0,False,0.0
7211,0.04204760119318962,False,0.0
7212,0.0510687492787838,False,0.0
7213,0.07122185081243515,False,0.0
7214,0.07059363275766373,False,0.0
7215,0.0553908608853817,False,0.0
7216,0.0,False,0.0
7217,0.11786042898893356,False,0.0
7218,0.6467987298965454,True,1.0
7219,0.21279607713222504,False,0.0
7220,0.13924482464790344,False,0.0
7221,0.0783080980181694,False,0.0
7222,0.0015403797151520848,False,0.0
7223,0.026116101071238518,False,0.0
7224,0.07624755799770355,False,0.0
7225,0.023226317018270493,False,0.0
7226,0.0616227388381958,False,0.0
7227,0.09592320770025253,False,0.1887656559702009
7228,0.003927591722458601,False,0.0
7229,0.07466445863246918,False,0.0
7230,0.05574265867471695,False,0.0
7231,0.0769008919596672,False,0.0
7232,0.019130362197756767,False,0.0
7233,0.0489579513669014,False,0.0
7234,0.0009372945060022175,False,0.0
7235,0.08898773044347763,False,0.0
7236,0.928553581237793,True,1.0
7237,0.16374514997005463,False,0.0
7238,0.07582037150859833,False,0.0
7239,0.18930087983608246,False,0.0
7240,0.005158890504390001,False,0.0
7241,0.0590093694627285,False,0.0
7242,0.053556472063064575,False,0.0
7243,0.06478893756866455,False,0.1192600941285491
7244,0.059888869524002075,False,0.0
7245,0.04541482776403427,False,0.0
7246,0.003249121131375432,False,0.0
7247,0.025311985984444618,False,0.0
7248,0.059084754437208176,False,0.0
7249,0.07205108553171158,False,0.0
7250,0.898701548576355,True,1.0
7251,0.0692618191242218,False,0.0
7252,0.0,False,0.0
7253,0.06265301257371902,False,0.0
7254,0.8220312595367432,False,0.0
7255,0.39763522148132324,False,0.0
7256,0.10959313064813614,False,0.0
7257,0.07614704221487045,False,0.0
7258,0.0019424364436417818,False,0.0
7259,0.23661795258522034,True,0.4640740370377898
7260,0.0809214636683464,False,0.0
7261,0.021718604490160942,False,0.0
7262,0.07029208540916443,False,0.0
7263,0.07064389437437057,False,0.0
7264,0.004580934066325426,False,0.0
7265,0.08129839599132538,False,0.11237487569451332
7266,0.07594601064920425,False,0.0
7267,0.07622242718935013,False,0.0
7268,0.025110958144068718,False,0.0
7269,0.08366047590970993,False,0.0
7270,0.004932733718305826,False,0.0
7271,0.09215392917394638,False,0.0
7272,0.7097006440162659,True,1.0
7273,0.48518967628479004,False,0.0
7274,0.15248756110668182,False,0.0
7275,0.036092136055231094,False,0.0
7276,0.006566089577972889,False,0.0
7277,0.09906427562236786,False,0.0
7278,0.22455623745918274,True,0.4359802957624197
7279,0.09336009621620178,False,0.0
7280,0.10125046223402023,False,0.0
7281,0.08416304737329483,False,0.0
7282,0.005008119624108076,False,0.0
7283,0.02717149816453457,False,0.0
7284,0.07986606657505035,False,0.0
7285,0.07745372503995895,False,0.0
7286,0.08310764282941818,False,0.0
7287,0.07936349511146545,False,0.0
7288,0.0,False,0.0
7289,0.0737849548459053,False,0.0
7290,0.576087236404419,True,1.0
7291,0.48950862884521484,False,0.0
7292,0.18430030345916748,False,0.0
7293,0.10416536778211594,False,0.0
7294,0.006616346538066864,False,0.0
7295,0.07622242718935013,False,0.0
7296,0.24053800106048584,True,0.46784330904483795
7297,0.056421130895614624,False,0.0
7298,0.0597129724919796,False,0.0
7299,0.098209910094738,False,0.0
7300,0.0,False,0.0
7301,0.08800771087408066,False,0.0
7302,0.07727782428264618,False,0.0
7303,0.09547089785337448,False,0.18615229474380612
7304,0.02842792682349682,False,0.0
7305,0.0890631154179573,False,0.0
7306,0.0023947504814714193,False,0.0
7307,0.22216902673244476,False,0.0
7308,0.9344568848609924,True,1.0
7309,0.5203689932823181,False,0.0
7310,0.14479821920394897,False,0.0
7311,0.038604989647865295,False,0.0
7312,0.0029727069195359945,False,0.0
7313,0.10117506980895996,False,0.0
7314,0.09848631918430328,False,0.0
7315,0.09896375983953476,False,0.0
7316,0.23141632974147797,True,0.45688724564388394
7317,0.09140007197856903,False,0.0
7318,0.0,False,0.0
7319,0.0735839232802391,False,0.0
7320,0.016768280416727066,False,0.0
7321,0.08589691668748856,False,0.16263196524232626
7322,0.0815245509147644,False,0.0
7323,0.0818260908126831,False,0.0
7324,0.004580934066325426,False,0.0
7325,0.09341035038232803,False,0.0
7326,0.8206101655960083,True,1.0
7327,0.37187230587005615,False,0.0
7328,0.13090214133262634,False,0.0
7329,0.10225559771060944,False,0.0
7330,0.0058624898083508015,False,0.0
7331,0.09750630706548691,False,0.0
7332,0.10627616941928864,False,0.0
7333,0.0799163207411766,False,0.0
7334,0.032775167375802994,False,0.0
7335,0.35689806938171387,True,0.7020711591467261
7336,0.01910523511469364,False,0.0
7337,0.08780668675899506,False,0.0
7338,0.08476613461971283,False,0.0
7339,0.0765993520617485,False,0.0
7340,0.07370956987142563,False,0.0
7341,0.04810358211398125,False,0.0
7342,0.003123478265479207,False,0.0
7343,0.11235727369785309,False,0.0
7344,0.6739338636398315,True,1.0
7345,0.45830297470092773,False,0.0
7346,0.187039315700531,False,0.0
7347,0.09431498497724533,False,0.0
7348,0.0,False,0.0
7349,0.01614006608724594,False,0.0
7350,0.07732807844877243,False,0.0
7351,0.08886208385229111,False,0.0
7352,0.09722989052534103,False,0.0
7353,0.3569055497646332,True,0.6931403558701277
7354,0.015009281225502491,False,0.0
7355,0.22264647483825684,False,0.0
7356,0.04860615357756615,False,0.0
7357,0.08582153171300888,False,0.0
7358,0.09200315922498703,False,0.0
7359,0.10187866538763046,False,0.0
7360,0.01033537182956934,False,0.0
7361,0.10273303836584091,False,0.0
7362,0.46171411871910095,True,0.9234282374382019
7363,0.06277865171432495,False,0.0
7364,0.04174605756998062,False,0.0
7365,0.07122185081243515,False,0.0
7366,0.0,False,0.0
7367,0.04998822137713432,False,0.0
7368,0.9208999276161194,True,1.0
7369,0.11713170260190964,False,0.0
7370,0.029960770159959793,False,0.0
7371,0.0607181154191494,False,0.0
7372,0.006515832152217627,False,0.0
7373,0.06687460839748383,False,0.1207175524905324
7374,0.051093876361846924,False,0.0
7375,0.04619381204247475,False,0.0
7376,0.050289761275053024,False,0.0
7377,0.021844245493412018,False,0.0
7378,0.0024952644016593695,False,0.0
7379,0.054561614990234375,False,0.0
7380,0.9412610530853271,True,1.0
7381,0.14796441793441772,False,0.0
7382,0.07325726002454758,False,0.0
7383,0.0703674778342247,False,0.0
7384,0.00860150158405304,False,0.0
7385,0.03415723890066147,False,0.0
7386,0.04903333634138107,False,0.0
7387,0.0686587318778038,False,0.0
7388,0.24405598640441895,True,0.4709089696407318
7389,0.0880579724907875,False,0.0
7390,0.0,False,0.0
7391,0.0401127003133297,False,0.0
7392,0.01634109579026699,False,0.0
7393,0.05049079284071922,False,0.0
7394,0.042424526065588,False,0.0
7395,0.055089320987463,False,0.0
7396,0.006390189286321402,False,0.0
7397,0.07707679271697998,False,0.0
7398,0.46543756127357483,False,0.0
7399,0.4766233563423157,True,0.9466982139274478
7400,0.16246359050273895,False,0.0
7401,0.09011851251125336,False,0.0
7402,0.01134051289409399,False,0.0
7403,0.06338173896074295,False,0.0
7404,0.08260507881641388,False,0.14252913184463978
7405,0.08099684864282608,False,0.0
7406,0.034182365983724594,False,0.0
7407,0.0756947323679924,False,0.0
7408,0.010737428441643715,False,0.0
7409,0.09504371136426926,False,0.16861256584525108
7410,0.0780065581202507,False,0.0
7411,0.057928841561079025,False,0.0
7412,0.04609329625964165,False,0.0
7413,0.014808252453804016,False,0.0
7414,0.003274249378591776,False,0.0
7415,0.3923793137073517,False,0.0
7416,0.7807943224906921,True,1.0
7417,0.22920501232147217,False,0.0
7418,0.060743238776922226,False,0.0
7419,0.04134400188922882,False,0.0
7420,0.0,False,0.0
7421,0.015763139352202415,False,0.0
7422,0.04611842334270477,False,0.0
7423,0.04732459411025047,False,0.0
7424,0.054762642830610275,False,0.10332858609035611
7425,0.04991283640265465,False,0.0
7426,0.0030983497854322195,False,0.0
7427,0.053003646433353424,False,0.0
7428,0.03295106813311577,False,0.0
7429,0.061396580189466476,False,0.0
7430,0.06928694993257523,False,0.0
7431,0.12899236381053925,False,0.0
7432,0.009857929311692715,False,0.0
7433,0.11243265867233276,False,0.0
7434,0.4916268289089203,True,0.9819821539567783
7435,0.14660748839378357,False,0.0
7436,0.027925357222557068,False,0.0
7437,0.0583057701587677,False,0.0
7438,0.0064153182320296764,False,0.0
7439,0.055566757917404175,False,0.0
7440,0.04878205060958862,False,0.0
7441,0.050641562789678574,False,0.0
7442,0.03998706117272377,False,0.0
7443,0.07818245142698288,False,0.1435342663899064
7444,0.006264546420425177,False,0.0
7445,0.06546740978956223,False,0.0
7446,0.06931207329034805,False,0.0
7447,0.0617232508957386,False,0.0
7448,0.05152106285095215,False,0.0
7449,0.03521263599395752,False,0.0
7450,0.0006357519305311143,False,0.0
7451,0.04194708541035652,False,0.0
7452,0.9230217933654785,True,1.0
7453,0.19633688032627106,False,0.0
7454,0.0467466376721859,False,0.0
7455,0.05312929302453995,False,0.0
7456,0.0064655751921236515,False,0.0
7457,0.026241743937134743,False,0.0
7458,0.03551417961716652,False,0.0
7459,0.0536821186542511,False,0.0
7460,0.0527774877846241,False,0.0
7461,0.034433651715517044,False,0.0
7462,0.005008119624108076,False,0.0
7463,0.20206618309020996,False,0.39411612693220377
7464,0.04466096684336662,False,0.0
7465,0.037097275257110596,False,0.0
7466,0.04719895124435425,False,0.0
7467,0.026819700375199318,False,0.0
7468,0.004405034240335226,False,0.0
7469,0.06197453662753105,False,0.0
7470,0.7526941299438477,True,1.0
7471,0.48586583137512207,False,0.0
7472,0.12316254526376724,False,0.0
7473,0.08039376139640808,False,0.0
7474,0.007948159240186214,False,0.0
7475,0.0423240140080452,False,0.0
7476,0.0540841780602932,False,0.0
7477,0.053606729954481125,False,0.0
7478,0.03084026835858822,False,0.0
7479,0.039710644632577896,False,0.0
7480,0.004279391374439001,False,0.0
7481,0.057526785880327225,False,0.0
7482,0.0645376518368721,False,0.1205165209248662
7483,0.0594114251434803,False,0.0
7484,0.05976323038339615,False,0.0
7485,0.030563855543732643,False,0.0
7486,0.002243978902697563,False,0.0
7487,0.0850425437092781,False,0.0
7488,0.2247070074081421,True,0.44492605701088905
7489,0.2134494036436081,False,0.0
7490,0.0824291780591011,False,0.0
7491,0.0456409826874733,False,0.0
7492,0.002193721942603588,False,0.0
7493,0.008877916261553764,False,0.0
7494,0.038906533271074295,False,0.0
7495,0.041620414704084396,False,0.0
7496,0.04476148262619972,False,0.0
7497,0.04491225630044937,False,0.0
7498,0.0028470640536397696,False,0.0
7499,0.044334299862384796,False,0.0
7500,0.8985885977745056,True,1.0
7501,0.04330402612686157,False,0.0
7502,0.04390711337327957,False,0.0
7503,0.036695219576358795,False,0.0
7504,0.0,False,0.0
7505,0.058481670916080475,False,0.0
7506,0.5834874510765076,True,1.0
7507,0.4779563844203949,False,0.0
7508,0.14537619054317474,False,0.0
7509,0.0530790351331234,False,0.0
7510,0.0019926936365664005,False,0.0
7511,0.04074091836810112,False,0.0
7512,0.04310299828648567,False,0.0
7513,0.034182365983724594,False,0.0
7514,0.020060120150446892,False,0.0
7515,0.3440954089164734,True,0.684205430559814
7516,0.007948159240186214,False,0.0
7517,0.18276746571063995,False,0.0
7518,0.06380892544984818,False,0.0
7519,0.037700362503528595,False,0.0
7520,0.0508677177131176,False,0.0
7521,0.01425542589277029,False,0.0
7522,0.0,False,0.0
7523,0.03787625953555107,False,0.0
7524,0.6534869074821472,True,1.0
7525,0.16927343606948853,False,0.0
7526,0.0573006272315979,False,0.0
7527,0.039559874683618546,False,0.0
7528,0.0,False,0.0
7529,0.0009624231024645269,False,0.0
7530,0.023578116670250893,False,0.0
7531,0.03187054023146629,False,0.0
7532,0.01704469323158264,False,0.0
7533,0.002646035747602582,False,0.0
7534,0.0,False,0.0
7535,0.0,False,0.0
